time_s,a_m,e_,i_deg,Omega_deg,omega_deg,nu_deg
0.0,6828137.0,0.0,51.60000000000001,180.0,0.0,180.0
10.0,6828137.000000004,5.1053270807673e-16,51.60000000000001,180.0,0.0,180.64111831095164
20.0,6828137.0,1.358408473919861e-16,51.60000000000001,180.0,0.0,181.28223662190294
30.0,6828136.999999998,1.5612573456661351e-16,51.600000000000016,180.0,0.0,181.92335493285438
40.0,6828137.0000000065,6.807288575343916e-16,51.60000000000001,180.0,0.0,182.56447324380562
50.0,6828137.000000002,2.9608122337849123e-16,51.60000000000001,180.0,0.0,183.2055915547571
60.0,6828136.999999998,1.393013768218207e-16,51.600000000000016,180.0,0.0,183.84670986570868
70.0,6828136.999999991,3.9483380394726256e-16,51.60000000000001,180.0,0.0,184.48782817665992
80.0,6828136.99999997,1.662266063483068e-15,51.600000000000016,180.0,0.0,174.8710535123885
90.0,6828137.000000016,1.4068224586073296e-15,51.60000000000001,180.0,0.0,174.22993520143712
100.0,6828137.000000072,4.980595001024902e-15,51.60000000000001,180.0,0.0,186.4111831095142
110.0,6828137.000000002,1.2881316497520104e-16,51.60000000000001,180.0,0.0,172.9476985795343
120.0,6828136.999999996,2.55536040130519e-16,51.599999999999994,180.0,0.0,172.3065802685829
130.0,6828136.999999991,5.144942670343331e-16,51.599999999999994,180.0,0.0,171.66546195763144
140.0,6828136.999999968,1.923239473573103e-15,51.600000000000016,180.0,0.0,171.02434364668002
150.0,6828137.000000012,1.0260630175709543e-15,51.60000000000001,180.0,0.0,170.38322533572855
160.0,6828137.000000072,4.981677463597598e-15,51.599999999999994,180.0,0.0,190.25789297522286
170.0,6828137.0,1.280521889159609e-16,51.60000000000001,180.0,0.0,190.89901128617424
180.0,6828136.999999996,2.5611536097174066e-16,51.600000000000016,180.0,0.0,191.54012959712568
190.0,6828136.99999999,6.386867071520643e-16,51.599999999999994,180.0,0.0,192.1812479080771
200.0,6828136.9999999665,2.0469370310724002e-15,51.600000000000016,180.0,0.0,167.17763378097146
210.0,6828137.000000012,1.0216006371824927e-15,51.60000000000001,180.0,0.0,166.53651547002002
220.0,6828137.000000072,4.98306412814217e-15,51.60000000000001,180.0,0.0,194.1046028409314
230.0,6828137.000000002,1.4573953660696677e-16,51.600000000000016,180.0,0.0,165.2542788481172
240.0,6828136.999999996,2.561914395423067e-16,51.600000000000016,180.0,0.0,164.61316053716575
250.0,6828136.999999988,8.958945577757901e-16,51.600000000000016,180.0,0.0,163.97204222621434
260.0,6828136.999999968,1.916928998126989e-15,51.600000000000016,180.0,0.0,163.3309239152629
270.0,6828137.000000012,1.0210922807179322e-15,51.60000000000001,180.0,0.0,162.6898056043115
280.0,6828137.000000072,4.9824499828964e-15,51.60000000000001,180.0,0.0,197.95131270663992
290.0,6828137.000000002,1.486797235132686e-16,51.60000000000001,180.0,0.0,161.40756898240863
300.0,6828136.999999996,2.5942695626410736e-16,51.600000000000016,180.0,0.0,160.76645067145722
310.0,6828136.999999991,3.9704534794363803e-16,51.600000000000016,180.0,0.0,160.12533236050578
320.0,6828136.999999968,1.821330860534896e-15,51.600000000000016,180.0,0.0,159.48421404955434
330.0,6828137.000000014,1.2005752077463328e-15,51.600000000000016,180.0,0.0,158.84309573860293
340.0,6828137.000000074,5.1092791884502995e-15,51.600000000000016,180.0,0.0,158.20197742765149
350.0,6828137.000000002,3.585274915109994e-16,51.600000000000016,180.0,0.0,157.56085911670007
360.0,6828136.999999998,3.437839071847747e-16,51.600000000000016,180.0,0.0,156.91974080574863
370.0,6828136.999999991,5.810575635080237e-16,51.599999999999994,180.0,0.0,156.27862249479722
380.0,6828136.99999997,1.8394481442457897e-15,51.600000000000016,180.0,0.0,155.63750418384578
390.0,6828137.000000014,1.2142514398248152e-15,51.600000000000016,180.0,0.0,154.99638587289436
400.0,6828137.000000072,4.8500786030064045e-15,51.60000000000001,180.0,0.0,154.35526756194292
410.0,6828137.000000002,4.404224719259745e-16,51.60000000000001,180.0,0.0,153.7141492509915
420.0,6828136.999999998,3.9829442264068294e-16,51.599999999999994,180.0,0.0,153.07303094004007
430.0,6828136.99999999,8.750893759346379e-16,51.600000000000016,180.0,0.0,152.43191262908866
440.0,6828136.9999999665,2.2258385286891177e-15,51.60000000000001,180.0,0.0,151.79079431813722
450.0,6828137.00000001,7.551154487456734e-16,51.60000000000001,180.0,0.0,151.1496760071858
460.0,6828137.000000072,4.850509981091813e-15,51.60000000000001,180.0,0.0,150.5085576962344
470.0,6828137.0,3.564088511985335e-16,51.60000000000001,180.0,0.0,149.86743938528295
480.0,6828136.999999996,4.959025538326899e-16,51.600000000000016,180.0,0.0,149.2263210743315
490.0,6828136.999999988,9.660704858178796e-16,51.60000000000001,180.0,0.0,148.5852027633801
500.0,6828136.999999968,2.0999624591932078e-15,51.600000000000016,180.0,0.0,147.94408445242868
510.0,6828137.00000001,7.4490947675624025e-16,51.60000000000001,180.0,0.0,147.3029661414772
520.0,6828137.000000072,4.853905104149212e-15,51.60000000000001,180.0,0.0,146.6618478305258
530.0,6828137.000000002,3.132904507639271e-16,51.60000000000001,180.0,0.0,146.0207295195744
540.0,6828136.999999996,5.527496728303349e-16,51.600000000000016,180.0,0.0,145.37961120862295
550.0,6828136.999999988,1.1127751266884359e-15,51.600000000000016,180.0,0.0,144.73849289767156
560.0,6828136.9999999665,2.358983191731147e-15,51.60000000000001,180.0,0.0,144.09737458672012
570.0,6828137.00000001,7.265276766570671e-16,51.60000000000001,180.0,0.0,143.45625627576868
580.0,6828137.000000071,4.595229127102055e-15,51.60000000000001,180.0,0.0,142.81513796481724
590.0,6828137.0,4.0934861478610415e-16,51.60000000000001,180.0,0.0,142.1740196538658
600.0,6828136.999999994,7.193284656121533e-16,51.60000000000001,180.0,0.0,141.53290134291439
610.0,6828136.999999988,1.0664151177556373e-15,51.599999999999994,180.0,0.0,140.891783031963
620.0,6828136.999999965,2.4758335979752942e-15,51.60000000000001,180.0,0.0,140.25066472101156
630.0,6828137.000000012,8.436517729167857e-16,51.599999999999994,180.0,0.0,139.60954641006012
640.0,6828137.000000072,4.855190548695042e-15,51.599999999999994,180.0,0.0,138.96842809910868
650.0,6828136.999999998,5.810674947211721e-16,51.60000000000001,180.0,0.0,138.32730978815727
660.0,6828136.999999994,6.988343333586713e-16,51.599999999999994,180.0,0.0,137.68619147720585
670.0,6828136.999999988,1.0826545551387937e-15,51.59999999999999,180.0,0.0,137.04507316625438
680.0,6828136.9999999665,2.2494552242094988e-15,51.60000000000001,180.0,0.0,136.40395485530297
690.0,6828137.00000001,8.385343324591326e-16,51.60000000000001,180.0,0.0,135.76283654435153
700.0,6828137.000000071,4.603354223971804e-15,51.599999999999994,180.0,0.0,135.12171823340012
710.0,6828136.999999998,6.365298994992507e-16,51.60000000000001,180.0,0.0,134.4805999224487
720.0,6828136.999999996,6.297024776042052e-16,51.599999999999994,180.0,0.0,133.83948161149726
730.0,6828136.999999986,1.3535594451435531e-15,51.599999999999994,180.0,0.0,133.19836330054582
740.0,6828136.9999999665,2.373127728381542e-15,51.60000000000001,180.0,0.0,132.5572449895944
750.0,6828137.00000001,8.98025710126226e-16,51.599999999999994,180.0,0.0,131.91612667864297
760.0,6828137.000000071,4.602485760122797e-15,51.60000000000001,180.0,0.0,131.27500836769156
770.0,6828137.0,6.318095263121359e-16,51.599999999999994,180.0,0.0,130.63389005674014
780.0,6828136.999999994,8.153478825155189e-16,51.599999999999994,180.0,0.0,129.99277174578873
790.0,6828136.999999988,1.1479889227567594e-15,51.599999999999994,180.0,0.0,129.3516534348373
800.0,6828136.9999999665,2.399591218542758e-15,51.60000000000001,180.0,0.0,128.71053512388585
810.0,6828137.00000001,7.257186010771383e-16,51.599999999999994,180.0,0.0,128.06941681293443
820.0,6828137.000000071,4.6012150869940064e-15,51.60000000000001,180.0,0.0,127.42829850198301
830.0,6828137.0,6.304584682532832e-16,51.60000000000001,180.0,0.0,126.78718019103157
840.0,6828136.999999994,8.96973279810955e-16,51.599999999999994,180.0,0.0,126.14606188008015
850.0,6828136.999999988,1.1744532232532977e-15,51.60000000000001,180.0,0.0,125.50494356912871
860.0,6828136.9999999665,2.3705162138869074e-15,51.60000000000001,180.0,0.0,124.86382525817729
870.0,6828137.00000001,6.921978545802713e-16,51.60000000000001,180.0,0.0,124.22270694722587
880.0,6828137.000000067,4.0955817480009585e-15,51.60000000000001,180.0,0.0,123.58158863627446
890.0,6828137.0,5.895672713254635e-16,51.60000000000001,180.0,0.0,122.94047032532299
900.0,6828136.9999999935,9.683976731915144e-16,51.60000000000001,180.0,0.0,122.29935201437159
910.0,6828136.999999986,1.416234884903858e-15,51.60000000000001,180.0,0.0,121.65823370342015
920.0,6828136.999999963,2.9176066339155915e-15,51.60000000000001,180.0,0.0,121.01711539246871
930.0,6828137.000000009,8.422892798259088e-16,51.60000000000001,180.0,0.0,120.37599708151733
940.0,6828137.000000069,4.23199729656622e-15,51.600000000000016,180.0,0.0,119.73487877056589
950.0,6828136.999999999,6.94385776719279e-16,51.60000000000001,180.0,0.0,119.09376045961446
960.0,6828136.999999992,1.186249753829003e-15,51.60000000000001,180.0,0.0,118.45264214866302
970.0,6828136.999999987,1.4235894300226194e-15,51.60000000000001,180.0,0.0,117.8115238377116
980.0,6828136.999999965,2.7742044457465563e-15,51.60000000000001,180.0,0.0,117.17040552676018
990.0,6828137.000000009,8.329952781288733e-16,51.60000000000001,180.0,0.0,116.52928721580874
1000.0,6828137.000000069,4.2267432916358466e-15,51.60000000000001,180.0,0.0,115.88816890485732
1010.0,6828137.000000001,7.016304723548803e-16,51.60000000000001,180.0,0.0,115.24705059390588
1020.0,6828136.9999999935,9.760751852842583e-16,51.60000000000001,180.0,0.0,114.60593228295447
1030.0,6828136.999999987,1.4602265200199526e-15,51.60000000000001,180.0,0.0,113.96481397200304
1040.0,6828136.999999965,2.7985503657043507e-15,51.60000000000001,180.0,0.0,113.32369566105162
1050.0,6828137.000000009,8.478486290795661e-16,51.60000000000001,180.0,0.0,112.68257735010019
1060.0,6828137.000000071,4.359895906100578e-15,51.599999999999994,180.0,0.0,112.04145903914876
1070.0,6828136.999999999,8.465491054242861e-16,51.60000000000001,180.0,0.0,111.40034072819734
1080.0,6828136.999999995,9.69954120128115e-16,51.599999999999994,180.0,0.0,110.75922241724591
1090.0,6828136.999999989,1.3183095140871775e-15,51.60000000000001,180.0,0.0,110.11810410629448
1100.0,6828136.999999963,3.0311338451261938e-15,51.599999999999994,180.0,0.0,109.47698579534305
1110.0,6828137.000000009,7.03867033539785e-16,51.60000000000001,180.0,0.0,108.83586748439163
1120.0,6828137.000000069,4.09633407854828e-15,51.599999999999994,180.0,0.0,108.1947491734402
1130.0,6828137.000000003,6.644218624317244e-16,51.60000000000001,180.0,0.0,107.55363086248877
1140.0,6828136.999999995,9.692323026866224e-16,51.60000000000001,180.0,0.0,106.91251255153735
1150.0,6828136.999999987,1.5457246291734372e-15,51.599999999999994,180.0,0.0,106.27139424058593
1160.0,6828136.999999965,2.9295342398781116e-15,51.60000000000001,180.0,0.0,105.63027592963451
1170.0,6828137.000000011,9.278024797275162e-16,51.60000000000001,180.0,0.0,104.98915761868307
1180.0,6828137.000000069,4.112089321753958e-15,51.599999999999994,180.0,0.0,104.34803930773165
1190.0,6828137.000000001,8.697994551293063e-16,51.599999999999994,180.0,0.0,103.70692099678023
1200.0,6828136.999999995,1.0115405684126397e-15,51.60000000000001,180.0,0.0,103.0658026858288
1210.0,6828136.999999987,1.5249098112515872e-15,51.60000000000001,180.0,0.0,102.42468437487737
1220.0,6828136.999999963,3.0060631981502083e-15,51.60000000000001,180.0,0.0,101.78356606392595
1230.0,6828137.000000009,5.994864105103683e-16,51.60000000000001,180.0,0.0,101.14244775297452
1240.0,6828137.000000069,4.0910948530524735e-15,51.599999999999994,180.0,0.0,100.5013294420231
1250.0,6828137.000000003,6.447072264345816e-16,51.60000000000001,180.0,0.0,99.86021113107167
1260.0,6828136.9999999935,1.1615334648116679e-15,51.60000000000001,180.0,0.0,99.21909282012024
1270.0,6828136.999999987,1.5129157819665041e-15,51.60000000000001,180.0,0.0,98.57797450916883
1280.0,6828136.999999963,3.1333624116117908e-15,51.599999999999994,180.0,0.0,97.93685619821738
1290.0,6828137.000000007,6.157602565691312e-16,51.60000000000001,180.0,0.0,97.29573788726596
1300.0,6828137.000000066,3.7150677190549615e-15,51.60000000000001,180.0,0.0,96.65461957631453
1310.0,6828137.000000001,7.579246703319341e-16,51.60000000000001,180.0,0.0,96.0135012653631
1320.0,6828136.9999999935,1.16916659418687e-15,51.60000000000001,180.0,0.0,95.37238295441168
1330.0,6828136.999999985,1.775014973844299e-15,51.60000000000001,180.0,0.0,94.73126464346025
1340.0,6828136.999999963,3.153991377470808e-15,51.60000000000001,180.0,0.0,94.09014633250882
1350.0,6828137.000000007,6.332610378675845e-16,51.60000000000001,180.0,0.0,93.4490280215574
1360.0,6828137.000000069,4.093406327379514e-15,51.599999999999994,180.0,0.0,92.80790971060598
1370.0,6828136.999999995,1.1414941966300534e-15,51.599999999999994,180.0,0.0,92.16679139965454
1380.0,6828136.999999992,1.248331529454703e-15,51.60000000000001,180.0,0.0,91.52567308870312
1390.0,6828136.999999985,1.7324735034912963e-15,51.599999999999994,180.0,0.0,90.8845547777517
1400.0,6828136.999999963,3.1327621780674766e-15,51.60000000000001,180.0,0.0,90.24343646680028
1410.0,6828137.000000007,7.041219815635625e-16,51.599999999999994,180.0,0.0,89.60231815584883
1420.0,6828137.000000067,3.858823140173273e-15,51.60000000000001,180.0,0.0,88.96119984489742
1430.0,6828136.999999999,9.99943331883306e-16,51.599999999999994,180.0,0.0,88.320081533946
1440.0,6828136.999999992,1.417940905743989e-15,51.60000000000001,180.0,0.0,87.67896322299457
1450.0,6828136.999999985,1.7637377271342998e-15,51.599999999999994,180.0,0.0,87.03784491204314
1460.0,6828136.999999964,3.0038835351932725e-15,51.60000000000001,180.0,0.0,86.39672660109171
1470.0,6828137.000000007,4.845134077455402e-16,51.599999999999994,180.0,0.0,85.7556082901403
1480.0,6828137.000000068,3.834754577728887e-15,51.59999999999999,180.0,0.0,85.11448997918887
1490.0,6828136.999999997,1.1577155823839532e-15,51.599999999999994,180.0,0.0,84.47337166823743
1500.0,6828136.999999992,1.3836225640818356e-15,51.59999999999999,180.0,0.0,83.832253357286
1510.0,6828136.999999987,1.6216105410928363e-15,51.599999999999994,180.0,0.0,83.1911350463346
1520.0,6828136.999999964,3.0228904401669467e-15,51.599999999999994,180.0,0.0,82.55001673538317
1530.0,6828137.000000004,9.690112099327862e-16,51.599999999999994,180.0,0.0,81.90889842443173
1540.0,6828137.000000066,3.749861462129452e-15,51.599999999999994,180.0,0.0,81.2677801134803
1550.0,6828136.999999995,1.487552623591206e-15,51.599999999999994,180.0,0.0,80.62666180252889
1560.0,6828136.99999999,1.6958520982883051e-15,51.60000000000001,180.0,0.0,79.98554349157746
1570.0,6828136.999999981,2.3062838680787977e-15,51.599999999999994,180.0,0.0,79.34442518062603
1580.0,6828136.999999961,3.545141071921362e-15,51.60000000000001,180.0,0.0,78.70330686967459
1590.0,6828137.000000006,8.634960973479406e-16,51.599999999999994,180.0,0.0,78.06218855872318
1600.0,6828137.000000066,3.609916875104048e-15,51.599999999999994,180.0,0.0,77.42107024777175
1610.0,6828136.999999997,1.3526631773032825e-15,51.599999999999994,180.0,0.0,76.77995193682032
1620.0,6828136.99999999,1.8116180783554806e-15,51.599999999999994,180.0,0.0,76.1388336258689
1630.0,6828136.999999983,2.2814041677522142e-15,51.60000000000001,180.0,0.0,75.49771531491747
1640.0,6828136.999999963,3.4203721026560257e-15,51.599999999999994,180.0,0.0,74.85659700396606
1650.0,6828137.000000006,8.449005813041651e-16,51.60000000000001,180.0,0.0,74.21547869301462
1660.0,6828137.000000066,3.6008178954171295e-15,51.599999999999994,180.0,0.0,73.57436038206319
1670.0,6828136.999999997,1.3235173872771505e-15,51.599999999999994,180.0,0.0,72.93324207111178
1680.0,6828136.999999989,2.0233905774453527e-15,51.599999999999994,180.0,0.0,72.29212376016035
1690.0,6828136.999999983,2.269931932309539e-15,51.599999999999994,180.0,0.0,71.65100544920892
1700.0,6828136.999999961,3.5459030383843795e-15,51.599999999999994,180.0,0.0,71.00988713825748
1710.0,6828137.000000004,9.075795563339775e-16,51.599999999999994,180.0,0.0,70.36876882730607
1720.0,6828137.000000064,3.344165120036107e-15,51.59999999999999,180.0,0.0,69.72765051635466
1730.0,6828136.999999999,1.1880074115263666e-15,51.599999999999994,180.0,0.0,69.08653220540322
1740.0,6828136.99999999,1.7582715933367797e-15,51.599999999999994,180.0,0.0,68.44541389445179
1750.0,6828136.999999985,1.9904841341729432e-15,51.599999999999994,180.0,0.0,67.80429558350036
1760.0,6828136.999999964,3.24284628965619e-15,51.599999999999994,180.0,0.0,67.16317727254895
1770.0,6828137.000000007,7.113179338161989e-16,51.60000000000001,180.0,0.0,66.52205896159751
1780.0,6828137.000000066,3.4638169776444938e-15,51.599999999999994,180.0,0.0,65.88094065064608
1790.0,6828136.999999999,1.175404143993605e-15,51.599999999999994,180.0,0.0,65.23982233969465
1800.0,6828136.999999992,1.6450879650485884e-15,51.599999999999994,180.0,0.0,64.59870402874324
1810.0,6828136.999999985,1.975169363222761e-15,51.599999999999994,180.0,0.0,63.957585717791815
1820.0,6828136.999999964,3.2492169607369694e-15,51.599999999999994,180.0,0.0,63.31646740684039
1830.0,6828137.000000007,6.93901310042222e-16,51.60000000000001,180.0,0.0,62.67534909588897
1840.0,6828137.000000066,3.4563851761884933e-15,51.599999999999994,180.0,0.0,62.03423078493754
1850.0,6828136.999999997,1.3588285388777474e-15,51.599999999999994,180.0,0.0,61.39311247398612
1860.0,6828136.99999999,1.853541507658918e-15,51.599999999999994,180.0,0.0,60.75199416303468
1870.0,6828136.999999985,2.098312419793914e-15,51.599999999999994,180.0,0.0,60.11087585208327
1880.0,6828136.999999964,3.256283376620413e-15,51.599999999999994,180.0,0.0,59.46975754113185
1890.0,6828137.000000007,6.276823722803396e-16,51.60000000000001,180.0,0.0,58.828639230180414
1900.0,6828137.000000068,3.709894454715386e-15,51.59999999999999,180.0,0.0,58.18752091922899
1910.0,6828136.999999999,1.085985667407587e-15,51.599999999999994,180.0,0.0,57.54640260827756
1920.0,6828136.999999992,1.59234368809876e-15,51.599999999999994,180.0,0.0,56.90528429732614
1930.0,6828136.999999983,2.236269789384242e-15,51.599999999999994,180.0,0.0,56.26416598637471
1940.0,6828136.999999964,3.274062070759505e-15,51.599999999999994,180.0,0.0,55.62304767542328
1950.0,6828137.000000007,7.753327841764521e-16,51.599999999999994,180.0,0.0,54.98192936447185
1960.0,6828137.000000068,3.731206651048056e-15,51.59999999999999,180.0,0.0,54.34081105352043
1970.0,6828136.999999999,1.1447755200424126e-15,51.599999999999994,180.0,0.0,53.69969274256901
1980.0,6828136.999999992,1.6207433987039971e-15,51.599999999999994,180.0,0.0,53.05857443161758
1990.0,6828136.999999985,2.114400606900313e-15,51.599999999999994,180.0,0.0,52.41745612066616
2000.0,6828136.999999964,3.2572822652612726e-15,51.60000000000001,180.0,0.0,51.776337809714725
2010.0,6828137.000000011,7.744763270381849e-16,51.60000000000001,180.0,0.0,51.13521949876329
2020.0,6828137.00000007,3.858754074511532e-15,51.59999999999999,180.0,0.0,50.49410118781187
2030.0,6828136.999999999,1.2008731482558135e-15,51.599999999999994,180.0,0.0,49.85298287686045
2040.0,6828136.999999995,1.4391166335873994e-15,51.59999999999999,180.0,0.0,49.211864565909025
2050.0,6828136.999999985,2.1419447410872288e-15,51.599999999999994,180.0,0.0,48.5707462549576
2060.0,6828136.999999964,3.4130216751973553e-15,51.599999999999994,180.0,0.0,47.92962794400618
2070.0,6828137.000000004,1.012492548390891e-15,51.599999999999994,180.0,0.0,47.28850963305474
2080.0,6828137.000000066,3.3573808427781374e-15,51.60000000000001,180.0,0.0,46.64739132210331
2090.0,6828136.999999998,1.4148042725354379e-15,51.599999999999994,180.0,0.0,46.0062730111519
2100.0,6828136.9999999935,1.6336197241375638e-15,51.599999999999994,180.0,0.0,45.36515470020046
2110.0,6828136.999999983,2.3636338072227937e-15,51.599999999999994,180.0,0.0,44.72403638924904
2120.0,6828136.999999964,3.3940494453512215e-15,51.60000000000001,180.0,0.0,44.08291807829762
2130.0,6828137.000000007,8.914303582959509e-16,51.60000000000001,180.0,0.0,43.441799767346176
2140.0,6828137.00000007,3.599802223693054e-15,51.60000000000001,180.0,0.0,42.80068145639476
2150.0,6828137.000000001,1.2088918858021771e-15,51.599999999999994,180.0,0.0,42.159563145443336
2160.0,6828136.999999993,1.7463326214775075e-15,51.599999999999994,180.0,0.0,41.51844483449191
2170.0,6828136.999999982,2.5000678361951665e-15,51.60000000000001,180.0,0.0,40.877326523540475
2180.0,6828136.999999963,3.651441561921173e-15,51.60000000000001,180.0,0.0,40.23620821258906
2190.0,6828137.000000007,7.780550895928934e-16,51.60000000000001,180.0,0.0,39.595089901637635
2200.0,6828137.000000072,3.7218343500376925e-15,51.599999999999994,180.0,0.0,38.95397159068622
2210.0,6828136.999999998,1.492778623626634e-15,51.599999999999994,180.0,0.0,38.31285327973479
2220.0,6828136.999999994,1.6459667614404943e-15,51.60000000000001,180.0,0.0,37.67173496878336
2230.0,6828136.999999984,2.335347666196128e-15,51.60000000000001,180.0,0.0,37.030616657831935
2240.0,6828136.999999961,3.873978120151059e-15,51.600000000000016,180.0,0.0,36.389498346880515
2250.0,6828137.0000000065,7.700583113834311e-16,51.599999999999994,180.0,0.0,35.74838003592909
2260.0,6828137.00000007,3.45360977778433e-15,51.599999999999994,180.0,0.0,35.10726172497766
2270.0,6828136.999999998,1.4826399076865192e-15,51.599999999999994,180.0,0.0,34.46614341402623
2280.0,6828136.999999994,1.588423914480535e-15,51.599999999999994,180.0,0.0,33.82502510307481
2290.0,6828136.999999986,2.225451815454031e-15,51.599999999999994,180.0,0.0,33.18390679212338
2300.0,6828136.999999966,3.3760838814474662e-15,51.60000000000001,180.0,0.0,32.542788481171954
2310.0,6828137.000000011,6.356414824774076e-16,51.60000000000001,180.0,0.0,31.901670170220534
2320.0,6828137.000000072,3.713633338239086e-15,51.60000000000001,180.0,0.0,31.26055185926911
2330.0,6828137.0,1.3658659574386873e-15,51.599999999999994,180.0,0.0,30.619433548317687
2340.0,6828136.999999994,1.720412044609097e-15,51.59999999999999,180.0,0.0,29.978315237366257
2350.0,6828136.999999987,2.0998052756506404e-15,51.59999999999999,180.0,0.0,29.337196926414826
2360.0,6828136.999999964,3.612211433099594e-15,51.60000000000001,180.0,0.0,28.696078615463406
2370.0,6828137.00000001,5.140768359928972e-16,51.60000000000001,180.0,0.0,28.054960304512008
2380.0,6828137.00000007,3.4471706487123887e-15,51.60000000000001,180.0,0.0,27.41384199356056
2390.0,6828137.0,1.3220808721444902e-15,51.599999999999994,180.0,0.0,26.77272368260913
2400.0,6828136.999999994,1.6975198463558425e-15,51.599999999999994,180.0,0.0,26.13160537165769
2410.0,6828136.999999986,2.188744169253704e-15,51.599999999999994,180.0,0.0,25.490487060706275
2420.0,6828136.999999961,3.981803468319422e-15,51.599999999999994,180.0,0.0,24.849368749754863
2430.0,6828137.000000008,8.601099187372524e-16,51.599999999999994,180.0,0.0,24.20825043880343
2440.0,6828137.00000007,3.3272009423930876e-15,51.59999999999999,180.0,0.0,23.56713212785202
2450.0,6828137.000000002,1.203609146624582e-15,51.60000000000001,180.0,0.0,22.92601381690059
2460.0,6828136.999999994,1.7020461945429699e-15,51.59999999999999,180.0,0.0,22.284895505949148
2470.0,6828136.999999986,2.2024228237577688e-15,51.59999999999999,180.0,0.0,21.643777194997725
2480.0,6828136.999999963,3.742356968262959e-15,51.599999999999994,180.0,0.0,21.00265888404629
2490.0,6828137.00000001,6.465829084550385e-16,51.59999999999999,180.0,0.0,20.361540573094892
2500.0,6828137.00000007,3.3249018491490527e-15,51.599999999999994,180.0,0.0,19.72042226214347
2510.0,6828137.000000002,1.209126619392324e-15,51.59999999999999,180.0,0.0,19.079303951192024
2520.0,6828136.999999994,1.6856282423629615e-15,51.59999999999999,180.0,0.0,18.438185640240594
2530.0,6828136.999999986,2.3180856417325e-15,51.599999999999994,180.0,0.0,17.797067329289167
2540.0,6828136.999999963,3.852733836712451e-15,51.599999999999994,180.0,0.0,17.155949018337715
2550.0,6828137.000000008,8.034539282661635e-16,51.599999999999994,180.0,0.0,16.51483070738631
2560.0,6828137.000000068,3.1995474569944614e-15,51.59999999999999,180.0,0.0,15.873712396434902
2570.0,6828137.0,1.3561768577497666e-15,51.59999999999999,180.0,0.0,15.232594085483443
2580.0,6828136.999999996,1.595779362416066e-15,51.599999999999994,180.0,0.0,14.591475774532032
2590.0,6828136.999999988,2.0948310688912556e-15,51.599999999999994,180.0,0.0,13.9503574635806
2600.0,6828136.999999963,3.875505295480814e-15,51.599999999999994,180.0,0.0,13.30923915262919
2610.0,6828137.00000001,6.500980218615692e-16,51.59999999999999,180.0,0.0,12.668120841677796
2620.0,6828137.000000072,3.4635696691193816e-15,51.599999999999994,180.0,0.0,12.02700253072638
2630.0,6828137.000000002,1.2601584834392967e-15,51.599999999999994,180.0,0.0,11.38588421977491
2640.0,6828136.999999994,1.8495732802575725e-15,51.59999999999999,180.0,0.0,10.744765908823506
2650.0,6828136.999999988,2.245333060462902e-15,51.59999999999999,180.0,0.0,10.10364759787208
2660.0,6828136.999999966,3.5215792405160153e-15,51.59999999999999,180.0,0.0,9.462529286920653
2670.0,6828137.00000001,8.957884419085513e-16,51.59999999999999,180.0,0.0,8.821410975969277
2680.0,6828137.00000007,3.3477379995631996e-15,51.59999999999999,180.0,0.0,8.180292665017808
2690.0,6828137.000000002,1.2985716017154147e-15,51.59999999999999,180.0,0.0,7.539174354066375
2700.0,6828136.999999996,1.63639307546788e-15,51.599999999999994,180.0,0.0,6.898056043114934
2710.0,6828136.999999986,2.369579957578192e-15,51.599999999999994,180.0,0.0,6.256937732163544
2720.0,6828136.999999964,3.762209379760646e-15,51.60000000000001,180.0,0.0,5.615819421212122
2730.0,6828137.000000008,8.604510318650871e-16,51.59999999999999,180.0,0.0,4.97470111026064
2740.0,6828137.00000007,3.3321490736003202e-15,51.599999999999994,180.0,0.0,4.333582799309299
2750.0,6828137.0,1.3805761349308612e-15,51.59999999999999,180.0,0.0,3.6924644883577566
2760.0,6828136.999999996,1.6143611994887902e-15,51.599999999999994,180.0,0.0,3.05134617740637
2770.0,6828136.999999984,2.4796974400355734e-15,51.599999999999994,180.0,0.0,2.410227866454745
2780.0,6828136.999999967,3.4957839934991443e-15,51.599999999999994,180.0,0.0,1.7691095555037701
2790.0,6828137.000000008,7.824901505189192e-16,51.59999999999999,180.0,0.0,1.127991244551857
2800.0,6828137.000000072,3.4483769521730373e-15,51.599999999999994,180.0,0.0,0.48687293360126227
2810.0,6828137.0,1.462038299315378e-15,51.59999999999999,180.0,0.0,0.15424537734899554
2820.0,6828136.999999994,1.8290643185432064e-15,51.599999999999994,180.0,0.0,0.7953636883015988
2830.0,6828136.999999986,2.457919224257946e-15,51.599999999999994,180.0,0.0,1.4364819992536562
2840.0,6828136.999999963,3.856523809093623e-15,51.599999999999994,180.0,0.0,2.0776003102049287
2850.0,6828137.000000008,8.217612867611158e-16,51.599999999999994,180.0,0.0,2.7187186211565924
2860.0,6828137.00000007,3.318411909930466e-15,51.599999999999994,180.0,0.0,356.6401630678923
2870.0,6828137.0,1.5573713182614309e-15,51.59999999999999,180.0,0.0,4.0009552430593445
2880.0,6828136.999999993,2.0572650087924702e-15,51.599999999999994,180.0,0.0,4.6420735540106834
2890.0,6828136.999999986,2.313181744716588e-15,51.59999999999999,180.0,0.0,5.2831918649621175
2900.0,6828136.999999963,3.853122921213404e-15,51.599999999999994,180.0,0.0,5.924310175913485
2910.0,6828137.000000008,7.810108851742285e-16,51.599999999999994,180.0,0.0,6.565428486865007
2920.0,6828137.000000068,3.067954764353922e-15,51.59999999999999,180.0,0.0,7.206546797816376
2930.0,6828136.999999998,1.694669255472662e-15,51.599999999999994,180.0,0.0,7.847665108767875
2940.0,6828136.999999994,1.8219515435444393e-15,51.59999999999999,180.0,0.0,8.488783419719285
2950.0,6828136.999999984,2.5729027001248573e-15,51.599999999999994,180.0,0.0,9.129901730670694
2960.0,6828136.9999999665,3.6129428025875925e-15,51.599999999999994,180.0,0.0,9.77102004162215
2970.0,6828137.00000001,8.630554352619528e-16,51.59999999999999,180.0,0.0,10.412138352573534
2980.0,6828137.000000072,3.3520972132022032e-15,51.599999999999994,180.0,0.0,11.053256663524996
2990.0,6828136.999999998,1.7440432711921424e-15,51.599999999999994,180.0,0.0,11.694374974476354
3000.0,6828136.999999996,1.7325382350383791e-15,51.59999999999999,180.0,0.0,12.335493285427832
3010.0,6828136.999999986,2.4948429673690187e-15,51.599999999999994,180.0,0.0,12.976611596379232
3020.0,6828136.9999999665,3.6476545116061e-15,51.60000000000001,180.0,0.0,13.617729907330634
3030.0,6828137.000000008,1.1832019627968569e-15,51.599999999999994,180.0,0.0,14.258848218282097
3040.0,6828137.000000068,2.9676258921864124e-15,51.59999999999999,180.0,0.0,14.899966529233506
3050.0,6828137.000000002,1.4946150328562446e-15,51.599999999999994,180.0,0.0,15.541084840184963
3060.0,6828136.999999996,1.86483493598203e-15,51.60000000000001,180.0,0.0,16.182203151136374
3070.0,6828136.999999984,2.733825973625356e-15,51.59999999999999,180.0,0.0,16.82332146208778
3080.0,6828136.999999965,3.8808407909708464e-15,51.60000000000001,180.0,0.0,17.464439773039206
3090.0,6828137.000000008,1.044860015490526e-15,51.60000000000001,180.0,0.0,18.105558083990655
3100.0,6828137.00000007,3.0668202618355795e-15,51.599999999999994,180.0,0.0,18.74667639494207
3110.0,6828137.000000002,1.4850329297880174e-15,51.60000000000001,180.0,0.0,19.3877947058935
3120.0,6828136.999999996,1.846776473066303e-15,51.60000000000001,180.0,0.0,20.028913016844903
3130.0,6828136.999999986,2.715248846802525e-15,51.599999999999994,180.0,0.0,20.670031327796334
3140.0,6828136.999999965,3.886767750111977e-15,51.599999999999994,180.0,0.0,21.311149638747768
3150.0,6828137.0000000065,1.302986110147183e-15,51.60000000000001,180.0,0.0,21.95226794969919
3160.0,6828137.000000069,2.9560196769366755e-15,51.59999999999999,180.0,0.0,22.593386260650604
3170.0,6828136.999999998,1.851037663202023e-15,51.599999999999994,180.0,0.0,23.234504571602056
3180.0,6828136.999999994,2.092232791659434e-15,51.60000000000001,180.0,0.0,23.875622882553454
3190.0,6828136.999999988,2.4651256933516667e-15,51.60000000000001,180.0,0.0,24.51674119350489
3200.0,6828136.9999999665,3.74370988117067e-15,51.60000000000001,180.0,0.0,25.15785950445634
3210.0,6828137.000000008,9.71388995637384e-16,51.60000000000001,180.0,0.0,25.798977815407746
3220.0,6828137.00000007,3.0647833097274575e-15,51.599999999999994,180.0,0.0,333.55990387364085
3230.0,6828136.999999998,1.932248445392055e-15,51.599999999999994,180.0,0.0,27.081214437310592
3240.0,6828136.999999994,2.057709551134451e-15,51.60000000000001,180.0,0.0,27.72233274826202
3250.0,6828136.999999988,2.4319122851849694e-15,51.60000000000001,180.0,0.0,28.363451059213446
3260.0,6828136.9999999665,3.710520445489193e-15,51.60000000000001,180.0,0.0,29.00456937016487
3270.0,6828137.000000008,9.132804898658456e-16,51.60000000000001,180.0,0.0,29.645687681116282
3280.0,6828137.000000069,2.9383797520112284e-15,51.59999999999999,180.0,0.0,329.7131940079323
3290.0,6828136.999999996,2.046559192831498e-15,51.599999999999994,180.0,0.0,30.92792430301915
3300.0,6828136.999999994,2.0497087572704736e-15,51.60000000000001,180.0,0.0,31.569042613970574
3310.0,6828136.999999988,2.432520282374262e-15,51.60000000000001,180.0,0.0,32.21016092492199
3320.0,6828136.999999963,4.096254311060734e-15,51.60000000000001,180.0,0.0,32.851279235873406
3330.0,6828137.0000000065,1.1701561298622836e-15,51.60000000000001,180.0,0.0,33.49239754682484
3340.0,6828137.00000007,3.063621921545629e-15,51.60000000000001,180.0,0.0,325.8664841422237
3350.0,6828136.999999996,2.0445588138358887e-15,51.599999999999994,180.0,0.0,34.77463416872769
3360.0,6828136.999999996,1.788932068134109e-15,51.60000000000001,180.0,0.0,35.415752479679114
3370.0,6828136.999999988,2.424983193946679e-15,51.60000000000001,180.0,0.0,323.9431292093695
3380.0,6828136.9999999665,3.7019356168703414e-15,51.60000000000001,180.0,0.0,36.69798910158197
3390.0,6828137.00000001,6.390107216448981e-16,51.60000000000001,180.0,0.0,322.6608925874666
3400.0,6828137.000000072,3.218778695770205e-15,51.60000000000001,180.0,0.0,322.0197742765152
3410.0,6828137.000000002,1.4040835090363282e-15,51.60000000000001,180.0,0.0,321.3786559655637
3420.0,6828136.999999993,2.1721087872003795e-15,51.60000000000001,180.0,0.0,320.7375376546123
3430.0,6828136.999999988,2.4250326728307637e-15,51.60000000000001,180.0,0.0,39.90358065633909
3440.0,6828136.999999965,3.832010268255838e-15,51.60000000000001,180.0,0.0,40.54469896729051
3450.0,6828137.0000000065,1.0394563992084648e-15,51.60000000000001,180.0,0.0,41.18581727824194
3460.0,6828137.000000068,2.9407456613292396e-15,51.60000000000001,180.0,0.0,318.17306441080666
3470.0,6828136.999999996,2.0428843898577966e-15,51.60000000000001,180.0,0.0,317.53194609985525
3480.0,6828136.999999993,2.1702268551180538e-15,51.60000000000001,180.0,0.0,316.8908277889038
3490.0,6828136.999999988,2.429053099354016e-15,51.60000000000001,180.0,0.0,316.24970947795236
3500.0,6828136.9999999665,3.574154095359016e-15,51.60000000000001,180.0,0.0,44.39140883299906
3510.0,6828137.000000008,7.723789830449372e-16,51.60000000000001,180.0,0.0,45.03252714395049
3520.0,6828137.000000068,2.944716722798196e-15,51.60000000000001,180.0,0.0,314.32635454509807
3530.0,6828136.999999998,1.792298474461192e-15,51.600000000000016,180.0,0.0,313.68523623414666
3540.0,6828136.999999991,2.426331823463808e-15,51.60000000000001,180.0,0.0,313.04411792319524
3550.0,6828136.999999988,2.424984594523907e-15,51.599999999999994,180.0,0.0,47.59700038775619
3560.0,6828136.999999965,3.957013350717004e-15,51.60000000000001,180.0,0.0,48.238118698707616
3570.0,6828137.0000000065,1.1549700068762742e-15,51.599999999999994,180.0,0.0,48.879237009659036
3580.0,6828137.000000069,2.943518981015288e-15,51.60000000000001,180.0,0.0,310.47964467938954
3590.0,6828136.999999996,2.0423623801917605e-15,51.599999999999994,180.0,0.0,309.83852636843807
3600.0,6828136.999999993,2.299039525684667e-15,51.60000000000001,180.0,0.0,309.1974080574867
3610.0,6828136.999999986,2.6803591217222283e-15,51.60000000000001,180.0,0.0,308.55628974653524
3620.0,6828136.999999963,4.084717443089351e-15,51.599999999999994,180.0,0.0,52.084828564416156
3630.0,6828137.000000005,1.4048177611546104e-15,51.599999999999994,180.0,0.0,307.2740531246324
3640.0,6828137.000000067,2.692185667409216e-15,51.60000000000001,180.0,0.0,306.632934813681
3650.0,6828136.999999994,2.300790967857515e-15,51.599999999999994,180.0,0.0,305.9918165027296
3660.0,6828136.999999993,2.3034705418895e-15,51.60000000000001,180.0,0.0,305.3506981917781
3670.0,6828136.999999982,3.1973360361262137e-15,51.60000000000001,180.0,0.0,304.7095798808267
3680.0,6828136.999999962,4.340244588720755e-15,51.599999999999994,180.0,0.0,304.0684615698753
3690.0,6828137.000000005,1.4183968322769929e-15,51.599999999999994,180.0,0.0,303.4273432589239
3700.0,6828137.000000067,2.733289184674077e-15,51.599999999999994,180.0,0.0,302.7862249479724
3710.0,6828136.999999994,2.312688262702009e-15,51.599999999999994,180.0,0.0,302.145106637021
3720.0,6828136.99999999,2.6961649077239575e-15,51.599999999999994,180.0,0.0,301.50398832606965
3730.0,6828136.999999984,2.9450204296509908e-15,51.60000000000001,180.0,0.0,300.8628700151182
3740.0,6828136.999999963,4.0851971414810145e-15,51.599999999999994,180.0,0.0,300.22175170416676
3750.0,6828137.000000005,1.4100457582970503e-15,51.599999999999994,180.0,0.0,299.5806333932153
3760.0,6828137.000000069,2.9805077301959243e-15,51.60000000000001,180.0,0.0,298.9395150822639
3770.0,6828136.999999996,2.197345325975015e-15,51.599999999999994,180.0,0.0,298.2983967713124
3780.0,6828136.999999991,2.5719689520578526e-15,51.60000000000001,180.0,0.0,297.65727846036106
3790.0,6828136.999999984,2.9495636147106524e-15,51.60000000000001,180.0,0.0,297.0161601494096
3800.0,6828136.999999963,4.08911845059323e-15,51.60000000000001,180.0,0.0,296.3750418384582
3810.0,6828137.0000000065,1.3005873095048318e-15,51.60000000000001,180.0,0.0,295.7339235275068
3820.0,6828137.000000067,2.7582455310628783e-15,51.60000000000001,180.0,0.0,295.09280521655535
3830.0,6828136.999999996,2.2098460823440526e-15,51.599999999999994,180.0,0.0,294.45168690560394
3840.0,6828136.999999991,2.6072233465659804e-15,51.599999999999994,180.0,0.0,293.81056859465247
3850.0,6828136.999999984,2.9949230180212134e-15,51.60000000000001,180.0,0.0,293.16945028370105
3860.0,6828136.999999963,4.2516636191105336e-15,51.600000000000016,180.0,0.0,292.52833197274964
3870.0,6828137.000000005,1.5756174967527823e-15,51.599999999999994,180.0,0.0,291.8872136617982
3880.0,6828137.000000067,2.8743908188513467e-15,51.60000000000001,180.0,0.0,291.2460953508468
3890.0,6828136.999999996,2.1515651265088224e-15,51.60000000000001,180.0,0.0,290.60497703989535
3900.0,6828136.999999991,2.5404939735436544e-15,51.60000000000001,180.0,0.0,289.963858728944
3910.0,6828136.999999984,3.023299500377243e-15,51.599999999999994,180.0,0.0,289.3227404179925
3920.0,6828136.999999963,4.126329664588439e-15,51.599999999999994,180.0,0.0,288.6816221070411
3930.0,6828137.000000004,1.6419790807213582e-15,51.599999999999994,180.0,0.0,288.04050379608964
3940.0,6828137.000000067,2.9386356605730837e-15,51.60000000000001,180.0,0.0,287.3993854851382
3950.0,6828136.999999994,2.3861444035725425e-15,51.599999999999994,180.0,0.0,286.7582671741868
3960.0,6828136.999999991,2.5225204541447006e-15,51.60000000000001,180.0,0.0,286.1171488632354
3970.0,6828136.999999982,3.0179307580720898e-15,51.60000000000001,180.0,0.0,285.476030552284
3980.0,6828136.999999963,4.124167301769505e-15,51.60000000000001,180.0,0.0,284.8349122413326
3990.0,6828137.0000000065,1.3073278440790424e-15,51.60000000000001,180.0,0.0,284.19379393038116
4000.0,6828137.000000067,2.9407591928834478e-15,51.60000000000001,180.0,0.0,283.5526756194297
4010.0,6828136.999999996,2.143373334230526e-15,51.599999999999994,180.0,0.0,282.9115573084783
4020.0,6828136.999999991,2.5193717639583974e-15,51.60000000000001,180.0,0.0,282.2704389975268
4030.0,6828136.999999984,2.75977504857412e-15,51.60000000000001,180.0,0.0,281.6293206865754
4040.0,6828136.999999962,4.114740402678063e-15,51.600000000000016,180.0,0.0,280.988202375624
4050.0,6828137.000000008,9.185936577498712e-16,51.599999999999994,180.0,0.0,280.3470840646726
4060.0,6828137.000000066,2.9252190847615747e-15,51.60000000000001,180.0,0.0,279.70596575372116
4070.0,6828136.999999998,1.7948785462845507e-15,51.599999999999994,180.0,0.0,279.06484744276975
4080.0,6828136.999999991,2.3952333102529438e-15,51.599999999999994,180.0,0.0,278.42372913181833
4090.0,6828136.999999984,2.649168801766225e-15,51.60000000000001,180.0,0.0,277.78261082086686
4100.0,6828136.99999996,4.257003054740042e-15,51.600000000000016,180.0,0.0,277.14149250991545
4110.0,6828137.0000000065,1.1731764867936071e-15,51.599999999999994,180.0,0.0,276.500374198964
4120.0,6828137.000000068,3.2403991528373853e-15,51.599999999999994,180.0,0.0,275.85925588801257
4130.0,6828136.999999998,1.7300630638375673e-15,51.60000000000001,180.0,0.0,275.21813757706116
4140.0,6828136.999999991,2.3263366517812003e-15,51.60000000000001,180.0,0.0,274.57701926610974
4150.0,6828136.999999986,2.4638221116072586e-15,51.599999999999994,180.0,0.0,273.93590095515833
4160.0,6828136.999999963,3.914056190092147e-15,51.599999999999994,180.0,0.0,273.2947826442069
4170.0,6828137.0000000065,1.2391832677728715e-15,51.60000000000001,180.0,0.0,272.6536643332555
4180.0,6828137.000000068,3.2562069431586423e-15,51.60000000000001,180.0,0.0,272.01254602230404
4190.0,6828137.0,1.6412069756025056e-15,51.60000000000001,180.0,0.0,271.3714277113526
4200.0,6828136.999999993,2.1050852234861733e-15,51.60000000000001,180.0,0.0,270.73030940040115
4210.0,6828136.999999984,2.5614688809955164e-15,51.599999999999994,180.0,0.0,270.08919108944974
4220.0,6828136.999999963,3.8857642316405864e-15,51.599999999999994,180.0,0.0,269.44807277849833
4230.0,6828137.000000008,8.740435082738808e-16,51.60000000000001,180.0,0.0,268.8069544675469
4240.0,6828137.000000068,3.3661055458182197e-15,51.60000000000001,180.0,0.0,268.1658361565955
4250.0,6828136.999999998,1.6722551569503268e-15,51.599999999999994,180.0,0.0,267.5247178456441
4260.0,6828136.999999993,2.009708330689494e-15,51.599999999999994,180.0,0.0,266.8835995346927
4270.0,6828136.999999984,2.4535088192804864e-15,51.599999999999994,180.0,0.0,266.2424812237412
4280.0,6828136.999999963,3.7635780251610734e-15,51.599999999999994,180.0,0.0,265.6013629127898
4290.0,6828137.0000000065,1.0254957099727304e-15,51.599999999999994,180.0,0.0,264.9602446018383
4300.0,6828137.000000068,3.4624876832285647e-15,51.59999999999999,180.0,0.0,264.3191262908869
4310.0,6828137.0,1.425191739755551e-15,51.599999999999994,180.0,0.0,263.67800797993556
4320.0,6828136.999999993,1.863064317283162e-15,51.599999999999994,180.0,0.0,263.0368896689841
4330.0,6828136.999999985,2.334359363590618e-15,51.599999999999994,180.0,0.0,262.3957713580327
4340.0,6828136.999999961,3.903566604315281e-15,51.599999999999994,180.0,0.0,261.7546530470812
4350.0,6828137.000000007,9.965803644265883e-16,51.599999999999994,180.0,0.0,261.11353473612985
4360.0,6828137.00000007,3.636713830722661e-15,51.599999999999994,180.0,0.0,260.4724164251784
4370.0,6828136.999999998,1.6886535866927197e-15,51.599999999999994,180.0,0.0,259.83129811422697
4380.0,6828136.999999993,1.887849809405449e-15,51.599999999999994,180.0,0.0,259.1901798032755
4390.0,6828136.999999985,2.3158336183808154e-15,51.599999999999994,180.0,0.0,258.5490614923241
4400.0,6828136.999999963,3.749911010602057e-15,51.599999999999994,180.0,0.0,257.9079431813727
4410.0,6828137.000000006,9.04243322098312e-16,51.599999999999994,180.0,0.0,257.26682487042126
4420.0,6828137.00000007,3.718020476245895e-15,51.59999999999999,180.0,0.0,256.62570655946985
4430.0,6828137.0,1.423182553325663e-15,51.599999999999994,180.0,0.0,255.9845882485184
4440.0,6828136.999999993,1.8840447008276205e-15,51.60000000000001,180.0,0.0,255.34346993756702
4450.0,6828136.999999987,2.1317668067214835e-15,51.599999999999994,180.0,0.0,254.70235162661558
4460.0,6828136.999999963,3.669925731354607e-15,51.60000000000001,180.0,0.0,254.06123331566414
4470.0,6828137.000000007,9.174564094745634e-16,51.60000000000001,180.0,0.0,253.4201150047127
4480.0,6828137.000000066,3.5059991791169786e-15,51.59999999999999,180.0,0.0,252.77899669376126
4490.0,6828136.999999998,1.5567800386589343e-15,51.599999999999994,180.0,0.0,252.13787838280982
4500.0,6828136.9999999935,1.7908406045186627e-15,51.599999999999994,180.0,0.0,251.49676007185843
4510.0,6828136.999999985,2.2233863318267146e-15,51.59999999999999,180.0,0.0,250.85564176090702
4520.0,6828136.999999963,3.658752070981611e-15,51.599999999999994,180.0,0.0,250.21452344995558
4530.0,6828137.000000007,9.109716605288302e-16,51.60000000000001,180.0,0.0,249.5734051390042
4540.0,6828137.000000068,3.72585200518127e-15,51.59999999999999,180.0,0.0,248.93228682805275
4550.0,6828136.999999999,1.433503101849003e-15,51.599999999999994,180.0,0.0,248.2911685171013
4560.0,6828136.999999995,1.5625264246713176e-15,51.59999999999999,180.0,0.0,247.65005020614987
4570.0,6828136.999999985,2.2060438924513643e-15,51.599999999999994,180.0,0.0,247.00893189519843
4580.0,6828136.999999964,3.2951418162486866e-15,51.60000000000001,180.0,0.0,246.367813584247
4590.0,6828137.000000007,1.0699450982040207e-15,51.599999999999994,180.0,0.0,245.7266952732956
4600.0,6828137.00000007,4.042556380006787e-15,51.599999999999994,180.0,0.0,245.0855769623442
4610.0,6828136.999999999,1.4283859501261569e-15,51.599999999999994,180.0,0.0,244.44445865139275
4620.0,6828136.999999992,1.875463658265804e-15,51.59999999999999,180.0,0.0,243.80334034044137
4630.0,6828136.999999985,2.1390609024391358e-15,51.599999999999994,180.0,0.0,243.16222202948993
4640.0,6828136.999999964,3.1526633244539726e-15,51.599999999999994,180.0,0.0,242.52110371853848
4650.0,6828137.000000006,8.688844808223796e-16,51.599999999999994,180.0,0.0,241.87998540758704
4660.0,6828137.000000068,3.847630853255004e-15,51.599999999999994,180.0,0.0,241.2388670966356
4670.0,6828137.000000001,1.1345766167128383e-15,51.599999999999994,180.0,0.0,240.5977487856842
4680.0,6828136.99999999,1.8952010130548295e-15,51.60000000000001,180.0,0.0,239.95663047473275
4690.0,6828136.999999985,2.083796849092378e-15,51.599999999999994,180.0,0.0,239.31551216378136
4700.0,6828136.999999964,3.1517210364963367e-15,51.60000000000001,180.0,0.0,238.67439385282992
4710.0,6828137.000000007,7.678033765040258e-16,51.59999999999999,180.0,0.0,238.03327554187848
4720.0,6828137.000000068,3.837158999502698e-15,51.599999999999994,180.0,0.0,237.3921572309271
4730.0,6828137.000000001,1.1110043712312755e-15,51.60000000000001,180.0,0.0,236.75103891997566
4740.0,6828136.999999992,1.604550417258311e-15,51.599999999999994,180.0,0.0,236.10992060902421
4750.0,6828136.999999985,2.1178982701665746e-15,51.599999999999994,180.0,0.0,235.46880229807277
4760.0,6828136.999999966,3.0371810786102093e-15,51.60000000000001,180.0,0.0,234.82768398712136
4770.0,6828137.000000009,9.830457155577054e-16,51.60000000000001,180.0,0.0,234.18656567616992
4780.0,6828137.000000071,4.276845063415376e-15,51.599999999999994,180.0,0.0,233.54544736521848
4790.0,6828137.000000001,1.0645368329935574e-15,51.599999999999994,180.0,0.0,232.9043290542671
4800.0,6828136.9999999935,1.4683254942074217e-15,51.599999999999994,180.0,0.0,232.26321074331565
4810.0,6828136.999999987,1.7717508470953186e-15,51.599999999999994,180.0,0.0,231.6220924323642
4820.0,6828136.999999965,2.9090624012640312e-15,51.60000000000001,180.0,0.0,230.98097412141283
4830.0,6828137.000000011,8.489523611371101e-16,51.599999999999994,180.0,0.0,230.3398558104614
4840.0,6828137.000000069,4.127566391776029e-15,51.599999999999994,180.0,0.0,229.69873749950997
4850.0,6828136.999999999,1.1294311667210628e-15,51.599999999999994,180.0,0.0,229.05761918855853
4860.0,6828136.999999995,1.2687634840998976e-15,51.599999999999994,180.0,0.0,228.4165008776071
4870.0,6828136.999999989,1.5241780959291823e-15,51.599999999999994,180.0,0.0,227.77538256665568
4880.0,6828136.9999999665,2.7567687331426395e-15,51.599999999999994,180.0,0.0,227.13426425570424
4890.0,6828137.000000011,9.358677915451446e-16,51.599999999999994,180.0,0.0,226.49314594475283
4900.0,6828137.000000071,4.350865634425052e-15,51.599999999999994,180.0,0.0,225.85202763380138
4910.0,6828137.000000003,9.227980056235828e-16,51.599999999999994,180.0,0.0,225.21090932284997
4920.0,6828136.999999995,1.153423206263466e-15,51.599999999999994,180.0,0.0,224.56979101189856
4930.0,6828136.999999987,1.6370802256810192e-15,51.599999999999994,180.0,0.0,223.92867270094712
4940.0,6828136.9999999665,2.6842403642179276e-15,51.60000000000001,180.0,0.0,223.2875543899957
4950.0,6828137.000000009,1.148254502322402e-15,51.599999999999994,180.0,0.0,222.64643607904426
4960.0,6828137.000000072,4.636366840076725e-15,51.60000000000001,180.0,0.0,222.00531776809282
4970.0,6828137.000000003,1.0316391287610824e-15,51.599999999999994,180.0,0.0,221.3641994571414
4980.0,6828136.999999999,1.0254335015134663e-15,51.599999999999994,180.0,0.0,220.72308114618997
4990.0,6828136.999999989,1.5706710342640089e-15,51.599999999999994,180.0,0.0,220.08196283523856
5000.0,6828136.999999965,2.8332449026164084e-15,51.60000000000001,180.0,0.0,219.44084452428714
5010.0,6828137.000000009,1.2472145901983849e-15,51.60000000000001,180.0,0.0,218.7997262133357
5020.0,6828137.000000071,4.6063036786534776e-15,51.60000000000001,180.0,0.0,218.1586079023843
5030.0,6828136.999999999,1.2102641614758535e-15,51.60000000000001,180.0,0.0,217.51748959143282
5040.0,6828136.9999999935,1.4355368898206235e-15,51.60000000000001,180.0,0.0,216.87637128048144
5050.0,6828136.999999988,1.7055232989078905e-15,51.59999999999999,180.0,0.0,216.23525296953
5060.0,6828136.9999999665,2.6908500131405767e-15,51.60000000000001,180.0,0.0,215.59413465857858
5070.0,6828137.000000009,1.4329445438968697e-15,51.60000000000001,180.0,0.0,214.95301634762714
5080.0,6828137.000000069,4.514819568827149e-15,51.599999999999994,180.0,0.0,214.31189803667573
5090.0,6828136.999999999,1.370393531296781e-15,51.599999999999994,180.0,0.0,213.6707797257243
5100.0,6828136.999999995,1.3175572215361543e-15,51.59999999999999,180.0,0.0,213.02966141477287
5110.0,6828136.999999986,1.7636686677340118e-15,51.59999999999999,180.0,0.0,212.38854310382143
5120.0,6828136.999999965,2.8142890032986937e-15,51.60000000000001,180.0,0.0,211.74742479287002
5130.0,6828137.000000008,1.3470641691386786e-15,51.599999999999994,180.0,0.0,211.10630648191855
5140.0,6828137.000000069,4.6174025968014546e-15,51.599999999999994,180.0,0.0,210.46518817096714
5150.0,6828136.999999998,1.319551056237541e-15,51.599999999999994,180.0,0.0,209.82406986001573
5160.0,6828136.999999994,1.3970533176666158e-15,51.599999999999994,180.0,0.0,209.1829515490643
5170.0,6828136.999999986,1.6553915664827396e-15,51.599999999999994,180.0,0.0,208.5418332381129
5180.0,6828136.999999965,2.589718252273375e-15,51.60000000000001,180.0,0.0,207.90071492716146
5190.0,6828137.00000001,1.1488280608867492e-15,51.599999999999994,180.0,0.0,207.25959661621005
5200.0,6828137.000000071,4.721759862000858e-15,51.599999999999994,180.0,0.0,206.6184783052586
5210.0,6828136.999999998,1.1403349353961632e-15,51.60000000000001,180.0,0.0,205.97735999430714
5220.0,6828136.999999994,1.1626898395850491e-15,51.599999999999994,180.0,0.0,205.33624168335572
5230.0,6828136.999999986,1.4917836748292233e-15,51.60000000000001,180.0,0.0,204.6951233724043
5240.0,6828136.9999999665,2.364528997440643e-15,51.60000000000001,180.0,0.0,204.0540050614529
5250.0,6828137.00000001,1.124186568095087e-15,51.60000000000001,180.0,0.0,203.41288675050149
5260.0,6828137.000000069,4.614953916888685e-15,51.60000000000001,180.0,0.0,202.77176843955004
5270.0,6828136.999999998,1.0029849163494877e-15,51.599999999999994,180.0,0.0,202.13065012859863
5280.0,6828136.999999993,1.224093566466735e-15,51.60000000000001,180.0,0.0,201.48953181764716
5290.0,6828136.999999986,1.5087943112634245e-15,51.60000000000001,180.0,0.0,200.84841350669578
5300.0,6828136.999999965,2.4324841153715023e-15,51.60000000000001,180.0,0.0,200.2072951957443
5310.0,6828137.000000008,8.742839736883222e-16,51.60000000000001,180.0,0.0,199.5661768847929
5320.0,6828137.000000071,4.8195593264570244e-15,51.60000000000001,180.0,0.0,198.92505857384148
5330.0,6828136.999999998,9.080974525347075e-16,51.599999999999994,180.0,0.0,198.28394026289007
5340.0,6828136.999999991,1.1662670303961658e-15,51.60000000000001,180.0,0.0,197.64282195193863
5350.0,6828136.999999988,1.2858395674985594e-15,51.60000000000001,180.0,0.0,197.00170364098727
5360.0,6828136.999999965,2.4632629156937475e-15,51.60000000000001,180.0,0.0,196.36058533003578
5370.0,6828137.0000000065,1.045574147413582e-15,51.599999999999994,180.0,0.0,195.71946701908436
5380.0,6828137.000000071,4.872659614710343e-15,51.600000000000016,180.0,0.0,195.07834870813292
5390.0,6828136.999999996,1.0065974597195697e-15,51.60000000000001,180.0,0.0,194.43723039718145
5400.0,6828136.999999993,1.0515820128632413e-15,51.60000000000001,180.0,0.0,193.79611208623004
5410.0,6828136.999999986,1.3416486821607011e-15,51.60000000000001,180.0,0.0,193.15499377527868
5420.0,6828136.999999965,2.2859270765293226e-15,51.60000000000001,180.0,0.0,192.51387546432724
5430.0,6828137.000000004,7.810739361895087e-16,51.60000000000001,180.0,0.0,191.87275715337577
5440.0,6828137.000000067,4.579241286762103e-15,51.60000000000001,180.0,0.0,191.2316388424244
5450.0,6828136.999999996,8.850447835683486e-16,51.60000000000001,180.0,0.0,190.5905205314729
5460.0,6828136.99999999,1.2118282913053358e-15,51.60000000000001,180.0,0.0,189.94940222052145
5470.0,6828136.999999984,1.3991181440738847e-15,51.60000000000001,180.0,0.0,189.3082839095701
5480.0,6828136.999999963,2.367027637872175e-15,51.600000000000016,180.0,0.0,188.66716559861865
5490.0,6828137.000000005,6.502149780754436e-16,51.60000000000001,180.0,0.0,188.0260472876672
5500.0,6828137.000000069,4.7926002025449045e-15,51.60000000000001,180.0,0.0,187.3849289767158
5510.0,6828136.999999994,8.147410591547027e-16,51.60000000000001,180.0,0.0,186.74381066576433
5520.0,6828136.99999999,1.017285572390676e-15,51.600000000000016,180.0,0.0,186.10269235481286
5530.0,6828136.999999982,1.4628088288621358e-15,51.600000000000016,180.0,0.0,185.46157404386156
5540.0,6828136.99999996,2.763836304481261e-15,51.60000000000001,180.0,0.0,184.82045573291
5550.0,6828137.000000004,7.571477290334865e-16,51.600000000000016,180.0,0.0,184.17933742195865
5560.0,6828137.000000069,4.813092646034484e-15,51.60000000000001,180.0,0.0,183.53821911100735
5570.0,6828136.999999996,6.775098352495789e-16,51.600000000000016,180.0,0.0,182.89710080005594
5580.0,6828136.99999999,9.91175556767463e-16,51.60000000000001,180.0,0.0,182.2559824891042
5590.0,6828136.999999984,1.1770689893627075e-15,51.600000000000016,180.0,0.0,181.61486417815317
5600.0,6828136.999999963,2.2105847628458694e-15,51.60000000000001,180.0,0.0,180.97374586720153
5610.0,6828137.000000004,5.956216869796207e-16,51.600000000000016,180.0,0.0,180.3326275562493
5620.0,6828137.000000065,4.534500334729433e-15,51.60000000000001,180.0,0.0,180.30849075470147
5630.0,6828136.999999996,6.349191338574932e-16,51.60000000000001,180.0,0.0,180.94960906565274
5640.0,6828136.999999991,8.118361094695319e-16,51.599999999999994,180.0,0.0,181.59072737660418
5650.0,6828136.999999982,1.1916018118343633e-15,51.60000000000001,180.0,0.0,182.23184568755565
5660.0,6828136.99999996,2.5945322598843877e-15,51.600000000000016,180.0,0.0,182.87296399850706
5670.0,6828137.000000005,7.928675482919452e-16,51.60000000000001,180.0,0.0,183.51408230945836
5680.0,6828137.000000065,4.5285155526958135e-15,51.60000000000001,180.0,0.0,184.1552006204099
5690.0,6828136.999999994,5.885331042802705e-16,51.60000000000001,180.0,0.0,184.79631893136127
5700.0,6828136.99999999,8.292507714506699e-16,51.60000000000001,180.0,0.0,185.43743724231274
5710.0,6828136.999999982,1.1123356076517292e-15,51.600000000000016,180.0,0.0,186.07855555326418
5720.0,6828136.999999962,2.3064004265958464e-15,51.600000000000016,180.0,0.0,186.71967386421557
5730.0,6828137.000000005,6.489068708292006e-16,51.600000000000016,180.0,0.0,187.36079217516698
5740.0,6828137.000000066,4.608301052720733e-15,51.60000000000001,180.0,0.0,188.00191048611845
5750.0,6828136.999999998,2.90502958621012e-16,51.60000000000001,180.0,0.0,188.64302879706992
5760.0,6828136.999999988,9.445167152954896e-16,51.60000000000001,180.0,0.0,189.2841471080213
5770.0,6828136.99999998,1.1929512480480591e-15,51.60000000000001,180.0,0.0,189.92526541897274
5780.0,6828136.999999962,2.3058078784786564e-15,51.600000000000016,180.0,0.0,190.56638372992418
5790.0,6828137.000000005,6.498923392211162e-16,51.599999999999994,180.0,0.0,191.20750204087554
5800.0,6828137.000000066,4.608557697434392e-15,51.60000000000001,180.0,0.0,191.848620351827
5810.0,6828136.999999996,1.4470577494538532e-16,51.600000000000016,180.0,0.0,192.48973866277842
5820.0,6828136.999999991,4.1806953176504476e-16,51.60000000000001,180.0,0.0,193.13085697372983
5830.0,6828136.999999982,1.0253000058116899e-15,51.60000000000001,180.0,0.0,193.7719752846813
5840.0,6828136.999999962,2.299339168234799e-15,51.60000000000001,180.0,0.0,165.58690640436728
5850.0,6828137.000000005,6.464839236181011e-16,51.600000000000016,180.0,0.0,164.94578809341584
5860.0,6828137.000000066,4.5993660742777146e-15,51.60000000000001,180.0,0.0,195.69533021753557
5870.0,6828136.999999996,3.354502561115643e-17,51.60000000000001,180.0,0.0,196.336448528487
5880.0,6828136.999999991,3.9102046579665875e-16,51.600000000000016,180.0,0.0,196.9775668394384
5890.0,6828136.999999984,7.662681515012723e-16,51.60000000000001,180.0,0.0,162.38131484961016
5900.0,6828136.999999963,2.180525522313976e-15,51.60000000000001,180.0,0.0,161.74019653865872
5910.0,6828137.000000005,6.487260409453735e-16,51.599999999999994,180.0,0.0,161.09907822770728
5920.0,6828137.000000064,4.47015313602418e-15,51.60000000000001,180.0,0.0,199.54204008324413
5930.0,6828136.999999998,1.3736044080536444e-16,51.599999999999994,180.0,0.0,159.81684160580443
5940.0,6828136.999999993,2.5832866847593906e-16,51.60000000000001,180.0,0.0,159.17572329485301
5950.0,6828136.999999982,8.987912741677499e-16,51.60000000000001,180.0,0.0,158.5346049839016
5960.0,6828136.999999963,2.176187428327218e-15,51.60000000000001,180.0,0.0,157.89348667295016
5970.0,6828137.0000000065,9.240896685407896e-16,51.599999999999994,180.0,0.0,157.25236836199875
5980.0,6828137.000000064,4.470010741435776e-15,51.60000000000001,180.0,0.0,203.38874994895266
5990.0,6828137.0,3.904685238724082e-16,51.599999999999994,180.0,0.0,155.97013174009587
6000.0,6828136.999999991,3.9293980722875976e-16,51.60000000000001,180.0,0.0,155.32901342914445
6010.0,6828136.999999984,7.732068596608836e-16,51.60000000000001,180.0,0.0,154.687895118193
6020.0,6828136.999999964,1.9374110091602405e-15,51.60000000000001,180.0,0.0,154.0467768072416
6030.0,6828137.000000008,1.1738480160671717e-15,51.60000000000001,180.0,0.0,153.40565849629016
6040.0,6828137.000000068,4.8499646948820925e-15,51.60000000000001,180.0,0.0,207.23545981466125
6050.0,6828137.0,2.9214777474874216e-16,51.599999999999994,180.0,0.0,152.1234218743873
6060.0,6828136.999999993,1.9967193668294828e-16,51.60000000000001,180.0,0.0,151.4823035634359
6070.0,6828136.999999984,7.772864524366048e-16,51.60000000000001,180.0,0.0,150.84118525248445
6080.0,6828136.999999963,2.1823358656353855e-15,51.60000000000001,180.0,0.0,150.20006694153304
6090.0,6828137.0000000065,8.962322715700939e-16,51.599999999999994,180.0,0.0,149.5589486305816
6100.0,6828137.000000068,4.851956178182823e-15,51.599999999999994,180.0,0.0,211.08216968036982
6110.0,6828136.999999998,2.2147757914251997e-16,51.60000000000001,180.0,0.0,148.27671200867874
6120.0,6828136.999999993,1.7753664841004033e-16,51.60000000000001,180.0,0.0,147.63559369772733
6130.0,6828136.999999988,5.590248865781529e-16,51.60000000000001,180.0,0.0,146.9944753867759
6140.0,6828136.999999963,2.1982147751494223e-15,51.60000000000001,180.0,0.0,146.35335707582448
6150.0,6828137.0000000065,9.201903799113023e-16,51.60000000000001,180.0,0.0,145.71223876487306
6160.0,6828137.000000068,4.850184001329452e-15,51.60000000000001,180.0,0.0,214.92887954607838
6170.0,6828137.0,4.307180366689519e-16,51.60000000000001,180.0,0.0,144.43000214297018
6180.0,6828136.999999993,3.434389937523547e-16,51.60000000000001,180.0,0.0,143.78888383201874
6190.0,6828136.99999999,3.509010985320429e-16,51.599999999999994,180.0,0.0,143.14776552106733
6200.0,6828136.999999966,1.9756564362563782e-15,51.60000000000001,180.0,0.0,142.50664721011591
6210.0,6828137.000000008,1.1103706970913008e-15,51.60000000000001,180.0,0.0,141.86552889916447
6220.0,6828137.000000068,4.85333555036208e-15,51.60000000000001,180.0,0.0,141.2244105882131
6230.0,6828137.0,4.213269355844991e-16,51.599999999999994,180.0,0.0,140.58329227726162
6240.0,6828136.999999994,4.548380657678583e-16,51.60000000000001,180.0,0.0,139.9421739663102
6250.0,6828136.99999999,5.423832360747362e-16,51.599999999999994,180.0,0.0,139.30105565535877
6260.0,6828136.999999966,1.9604659038131253e-15,51.60000000000001,180.0,0.0,138.65993734440733
6270.0,6828137.00000001,1.3290175723354368e-15,51.60000000000001,180.0,0.0,138.0188190334559
6280.0,6828137.000000068,4.85171441138483e-15,51.60000000000001,180.0,0.0,137.3777007225045
6290.0,6828137.0,5.257148308908562e-16,51.599999999999994,180.0,0.0,136.73658241155306
6300.0,6828136.999999994,4.746640588126524e-16,51.60000000000001,180.0,0.0,136.09546410060165
6310.0,6828136.999999988,6.370933940869229e-16,51.599999999999994,180.0,0.0,135.4543457896502
6320.0,6828136.999999965,2.0925922821107657e-15,51.60000000000001,180.0,0.0,134.81322747869876
6330.0,6828137.000000008,1.1232068520982496e-15,51.60000000000001,180.0,0.0,134.17210916774735
6340.0,6828137.000000068,4.723319918353356e-15,51.60000000000001,180.0,0.0,133.5309908567959
6350.0,6828137.0,4.594092574130471e-16,51.599999999999994,180.0,0.0,132.8898725458445
6360.0,6828136.999999993,4.3909743381881514e-16,51.60000000000001,180.0,0.0,132.24875423489308
6370.0,6828136.999999986,9.161661851149435e-16,51.599999999999994,180.0,0.0,131.60763592394164
6380.0,6828136.999999963,2.235795791699601e-15,51.599999999999994,180.0,0.0,130.96651761299023
6390.0,6828137.0000000065,8.644980556317879e-16,51.599999999999994,180.0,0.0,130.32539930203876
6400.0,6828137.000000066,4.594768853789102e-15,51.59999999999999,180.0,0.0,129.68428099108735
6410.0,6828137.0,3.903383826333739e-16,51.599999999999994,180.0,0.0,129.0431626801359
6420.0,6828136.999999993,4.502397355103793e-16,51.599999999999994,180.0,0.0,128.4020443691845
6430.0,6828136.999999986,8.550710921357884e-16,51.599999999999994,180.0,0.0,127.76092605823307
6440.0,6828136.999999963,2.234379967094586e-15,51.599999999999994,180.0,0.0,127.11980774728165
6450.0,6828137.000000005,7.38205059737967e-16,51.599999999999994,180.0,0.0,126.47868943633023
6460.0,6828137.000000068,4.72580354026835e-15,51.59999999999999,180.0,0.0,125.83757112537879
6470.0,6828136.999999996,4.920679211506193e-16,51.599999999999994,180.0,0.0,125.19645281442737
6480.0,6828136.999999991,7.507533758777074e-16,51.60000000000001,180.0,0.0,124.55533450347593
6490.0,6828136.999999984,1.1060420096341994e-15,51.599999999999994,180.0,0.0,123.91421619252453
6500.0,6828136.999999965,2.1176429470465226e-15,51.60000000000001,180.0,0.0,123.2730978815731
6510.0,6828137.0000000065,1.0677470182308609e-15,51.60000000000001,180.0,0.0,122.63197957062165
6520.0,6828137.000000069,4.746193530751886e-15,51.60000000000001,180.0,0.0,121.99086125967023
6530.0,6828137.0,5.844685803957007e-16,51.60000000000001,180.0,0.0,121.34974294871878
6540.0,6828136.999999994,6.416346080076195e-16,51.60000000000001,180.0,0.0,120.7086246377674
6550.0,6828136.999999988,9.053666302396297e-16,51.599999999999994,180.0,0.0,120.06750632681596
6560.0,6828136.999999965,2.3796771005944246e-15,51.60000000000001,180.0,0.0,119.42638801586452
6570.0,6828137.000000008,1.367693528776336e-15,51.600000000000016,180.0,0.0,118.78526970491309
6580.0,6828137.000000069,4.7818551667220345e-15,51.600000000000016,180.0,0.0,118.14415139396168
6590.0,6828137.0,8.818433967232244e-16,51.60000000000001,180.0,0.0,117.50303308301024
6600.0,6828136.999999993,1.036849351798356e-15,51.60000000000001,180.0,0.0,116.86191477205881
6610.0,6828136.999999986,1.288728268169063e-15,51.60000000000001,180.0,0.0,116.2207964611074
6620.0,6828136.999999963,2.6376391953445206e-15,51.600000000000016,180.0,0.0,115.57967815015596
6630.0,6828137.000000008,1.0584431575666052e-15,51.600000000000016,180.0,0.0,114.93855983920452
6640.0,6828137.000000071,4.878187894915587e-15,51.600000000000016,180.0,0.0,114.2974415282531
6650.0,6828136.999999998,7.327760243097544e-16,51.600000000000016,180.0,0.0,113.65632321730169
6660.0,6828136.999999994,9.37360537978488e-16,51.60000000000001,180.0,0.0,113.01520490635025
6670.0,6828136.999999988,1.1106339954752661e-15,51.60000000000001,180.0,0.0,112.37408659539882
6680.0,6828136.999999965,2.5143640686419276e-15,51.600000000000016,180.0,0.0,111.7329682844474
6690.0,6828137.000000008,1.208101096622322e-15,51.60000000000002,180.0,0.0,111.09184997349597
6700.0,6828137.000000071,4.769121643238989e-15,51.600000000000016,180.0,0.0,110.45073166254454
6710.0,6828137.000000002,8.866373550195919e-16,51.600000000000016,180.0,0.0,109.8096133515931
6720.0,6828136.999999996,9.064581669264167e-16,51.60000000000001,180.0,0.0,109.16849504064169
6730.0,6828136.999999988,1.2640775817227378e-15,51.600000000000016,180.0,0.0,108.52737672969026
6740.0,6828136.9999999665,2.282996398392712e-15,51.600000000000016,180.0,0.0,107.88625841873885
6750.0,6828137.00000001,1.3026904992664913e-15,51.60000000000001,180.0,0.0,107.2451401077874
6760.0,6828137.000000071,4.7907631819283926e-15,51.600000000000016,180.0,0.0,106.60402179683598
6770.0,6828136.999999998,1.1328107782583476e-15,51.60000000000001,180.0,0.0,105.96290348588455
6780.0,6828136.999999994,1.185033375634977e-15,51.600000000000016,180.0,0.0,105.32178517493313
6790.0,6828136.999999986,1.5843704159566268e-15,51.60000000000001,180.0,0.0,104.6806668639817
6800.0,6828136.999999965,2.6136369810319328e-15,51.60000000000001,180.0,0.0,104.03954855303027
6810.0,6828137.000000008,1.3368322811854448e-15,51.60000000000001,180.0,0.0,103.39843024207885
6820.0,6828137.000000069,4.5587303271586474e-15,51.600000000000016,180.0,0.0,102.75731193112742
6830.0,6828136.999999996,1.1728201539184596e-15,51.60000000000001,180.0,0.0,102.11619362017599
6840.0,6828136.999999993,1.3609812506650567e-15,51.60000000000001,180.0,0.0,101.47507530922456
6850.0,6828136.999999986,1.6167168203509464e-15,51.60000000000001,180.0,0.0,100.83395699827315
6860.0,6828136.999999965,2.6154756597826894e-15,51.600000000000016,180.0,0.0,100.19283868732172
6870.0,6828137.000000008,1.3140320771364856e-15,51.60000000000001,180.0,0.0,99.55172037637028
6880.0,6828137.000000069,4.562237663610009e-15,51.60000000000001,180.0,0.0,98.91060206541886
6890.0,6828136.999999997,1.2597565446721145e-15,51.60000000000001,180.0,0.0,98.26948375446743
6900.0,6828136.999999993,1.3573864864692852e-15,51.60000000000001,180.0,0.0,97.628365443516
6910.0,6828136.999999986,1.7033215015944464e-15,51.60000000000001,180.0,0.0,96.98724713256458
6920.0,6828136.999999963,2.987208696301182e-15,51.599999999999994,180.0,0.0,96.34612882161315
6930.0,6828137.000000008,1.4505043467634301e-15,51.60000000000001,180.0,0.0,95.70501051066174
6940.0,6828137.000000067,4.273122160407884e-15,51.60000000000001,180.0,0.0,95.0638921997103
6950.0,6828136.999999999,1.4650524918393376e-15,51.599999999999994,180.0,0.0,94.42277388875887
6960.0,6828136.9999999935,1.6065479763247525e-15,51.60000000000001,180.0,0.0,93.78165557780744
6970.0,6828136.999999986,1.904293269452826e-15,51.60000000000001,180.0,0.0,93.14053726685601
6980.0,6828136.999999963,3.1815210507283386e-15,51.600000000000016,180.0,0.0,92.49941895590459
6990.0,6828137.000000009,1.4705077750683372e-15,51.600000000000016,180.0,0.0,91.85830064495316
7000.0,6828137.000000069,4.362752452385348e-15,51.600000000000016,180.0,0.0,91.21718233400175
7010.0,6828136.999999997,1.5485973580023084e-15,51.600000000000016,180.0,0.0,90.57606402305032
7020.0,6828136.999999992,1.732095858943198e-15,51.60000000000001,180.0,0.0,89.93494571209888
7030.0,6828136.999999987,1.9025846876717246e-15,51.60000000000001,180.0,0.0,89.29382740114747
7040.0,6828136.999999963,3.2913127654910392e-15,51.600000000000016,180.0,0.0,88.65270909019604
7050.0,6828137.000000007,1.3643098686156642e-15,51.60000000000001,180.0,0.0,88.01159077924461
7060.0,6828137.000000067,3.9695131179127745e-15,51.60000000000001,180.0,0.0,87.37047246829319
7070.0,6828137.000000001,1.4220191124407182e-15,51.600000000000016,180.0,0.0,86.72935415734175
7080.0,6828136.999999992,1.755191754648548e-15,51.60000000000001,180.0,0.0,86.08823584639033
7090.0,6828136.999999989,1.8972520165427747e-15,51.60000000000001,180.0,0.0,85.4471175354389
7100.0,6828136.999999964,3.338157480851349e-15,51.600000000000016,180.0,0.0,84.80599922448748
7110.0,6828137.000000007,1.581159387112042e-15,51.599999999999994,180.0,0.0,84.16488091353605
7120.0,6828137.000000069,4.148718599795174e-15,51.60000000000001,180.0,0.0,83.52376260258463
7130.0,6828136.999999999,1.6447849584315208e-15,51.599999999999994,180.0,0.0,82.8826442916332
7140.0,6828136.999999992,1.8730410818463088e-15,51.599999999999994,180.0,0.0,82.24152598068177
7150.0,6828136.999999989,1.962697005209864e-15,51.60000000000001,180.0,0.0,81.60040766973036
7160.0,6828136.999999963,3.5019375199272263e-15,51.60000000000001,180.0,0.0,80.95928935877892
7170.0,6828137.000000007,1.3574538412166125e-15,51.60000000000001,180.0,0.0,80.3181710478275
7180.0,6828137.000000068,3.9772114292908e-15,51.60000000000001,180.0,0.0,79.67705273687608
7190.0,6828136.999999999,1.6638474158503612e-15,51.60000000000001,180.0,0.0,79.03593442592464
7200.0,6828136.999999992,1.9428876212891166e-15,51.60000000000001,180.0,0.0,78.39481611497321
7210.0,6828136.999999985,2.301652466542964e-15,51.60000000000001,180.0,0.0,77.7536978040218
7220.0,6828136.999999966,3.234731542166645e-15,51.600000000000016,180.0,0.0,77.11257949307037
7230.0,6828137.000000007,1.1628857862114989e-15,51.60000000000001,180.0,0.0,76.47146118211894
7240.0,6828137.00000007,4.0381162457832e-15,51.60000000000001,180.0,0.0,75.83034287116753
7250.0,6828136.999999999,1.5384180363631945e-15,51.60000000000002,180.0,0.0,75.1892245602161
7260.0,6828136.999999992,1.80503751001564e-15,51.60000000000001,180.0,0.0,74.54810624926466
7270.0,6828136.999999985,2.2060096569162482e-15,51.60000000000001,180.0,0.0,73.90698793831325
7280.0,6828136.999999966,3.1705713204042608e-15,51.60000000000001,180.0,0.0,73.26586962736181
7290.0,6828137.000000009,1.2897243183528436e-15,51.600000000000016,180.0,0.0,72.62475131641038
7300.0,6828137.000000072,4.20025595978255e-15,51.600000000000016,180.0,0.0,71.98363300545897
7310.0,6828137.000000001,1.4413565459747765e-15,51.60000000000001,180.0,0.0,71.34251469450753
7320.0,6828136.999999992,1.9218736424669254e-15,51.600000000000016,180.0,0.0,70.7013963835561
7330.0,6828136.999999987,2.184913640331899e-15,51.599999999999994,180.0,0.0,70.06027807260469
7340.0,6828136.999999964,3.4676765928086728e-15,51.60000000000001,180.0,0.0,69.41915976165326
7350.0,6828137.000000007,1.464115394179396e-15,51.60000000000001,180.0,0.0,68.77804145070182
7360.0,6828137.00000007,3.99370478880143e-15,51.60000000000001,180.0,0.0,68.1369231397504
7370.0,6828137.000000001,1.5740465656800595e-15,51.600000000000016,180.0,0.0,67.49580482879898
7380.0,6828136.9999999935,1.9877501190602473e-15,51.600000000000016,180.0,0.0,66.85468651784755
7390.0,6828136.999999983,2.6379312850163393e-15,51.60000000000001,180.0,0.0,66.21356820689613
7400.0,6828136.999999961,3.898526247007178e-15,51.600000000000016,180.0,0.0,65.5724498959447
7410.0,6828137.000000006,1.3553506713807777e-15,51.60000000000002,180.0,0.0,64.93133158499327
7420.0,6828137.000000066,3.446637782326404e-15,51.60000000000001,180.0,0.0,64.29021327404186
7430.0,6828136.999999999,1.7393088246393062e-15,51.600000000000016,180.0,0.0,63.64909496309042
7440.0,6828136.9999999935,1.9589015302683772e-15,51.60000000000001,180.0,0.0,63.007976652139
7450.0,6828136.999999985,2.426560005191284e-15,51.60000000000001,180.0,0.0,62.36685834118757
7460.0,6828136.999999963,3.8716648307079816e-15,51.600000000000016,180.0,0.0,61.72574003023614
7470.0,6828137.000000007,1.5704081672781744e-15,51.600000000000016,180.0,0.0,61.084621719284726
7480.0,6828137.000000072,4.045467984319008e-15,51.600000000000016,180.0,0.0,60.4435034083333
7490.0,6828136.999999999,1.8061238153157325e-15,51.600000000000016,180.0,0.0,59.802385097381865
7500.0,6828136.9999999935,2.058679193216699e-15,51.60000000000001,180.0,0.0,59.16126678643043
7510.0,6828136.999999985,2.5432335565326836e-15,51.60000000000001,180.0,0.0,58.52014847547902
7520.0,6828136.999999963,3.851430774048298e-15,51.60000000000001,180.0,0.0,57.87903016452759
7530.0,6828137.000000007,1.266036299286765e-15,51.600000000000016,180.0,0.0,57.23791185357617
7540.0,6828137.000000068,3.442747766732323e-15,51.60000000000001,180.0,0.0,56.59679354262474
7550.0,6828136.999999998,1.8549857203589485e-15,51.600000000000016,180.0,0.0,55.95567523167332
7560.0,6828136.999999994,2.0003578698864743e-15,51.60000000000001,180.0,0.0,55.314556920721884
7570.0,6828136.999999986,2.5090680372026226e-15,51.60000000000001,180.0,0.0,54.673438609770464
7580.0,6828136.999999964,3.872341981396278e-15,51.600000000000016,180.0,0.0,54.03232029881904
7590.0,6828137.00000001,1.4890700631422982e-15,51.600000000000016,180.0,0.0,53.39120198786761
7600.0,6828137.00000007,3.5391128302086848e-15,51.600000000000016,180.0,0.0,52.750083676916184
7610.0,6828136.999999998,2.046344601532279e-15,51.600000000000016,180.0,0.0,52.108965365964764
7620.0,6828136.999999994,2.154524103525219e-15,51.60000000000001,180.0,0.0,51.46784705501332
7630.0,6828136.999999986,2.525795474471832e-15,51.60000000000001,180.0,0.0,50.82672874406191
7640.0,6828136.999999963,4.067485212640555e-15,51.600000000000016,180.0,0.0,50.18561043311049
7650.0,6828137.000000008,1.4029398287914532e-15,51.60000000000001,180.0,0.0,49.544492122159056
7660.0,6828137.00000007,3.453434741782833e-15,51.60000000000001,180.0,0.0,48.90337381120763
7670.0,6828137.0,1.7827244316004334e-15,51.60000000000001,180.0,0.0,48.2622555002562
7680.0,6828136.999999994,2.0972381092584353e-15,51.60000000000001,180.0,0.0,47.62113718930479
7690.0,6828136.999999986,2.573316516566925e-15,51.60000000000001,180.0,0.0,46.980018878353356
7700.0,6828136.999999964,3.959101407270878e-15,51.60000000000001,180.0,0.0,46.33890056740192
7710.0,6828137.00000001,1.4647581233898486e-15,51.60000000000001,180.0,0.0,45.6977822564505
7720.0,6828137.000000068,3.2132235738990688e-15,51.600000000000016,180.0,0.0,45.056663945499075
7730.0,6828137.0,1.768967324039097e-15,51.60000000000001,180.0,0.0,44.41554563454766
7740.0,6828136.999999994,2.0409646937409085e-15,51.60000000000001,180.0,0.0,43.774427323596235
7750.0,6828136.999999986,2.5550688585157457e-15,51.60000000000001,180.0,0.0,43.13330901264481
7760.0,6828136.999999964,3.88070600722839e-15,51.60000000000001,180.0,0.0,42.492190701693396
7770.0,6828137.000000008,1.2704142955298602e-15,51.600000000000016,180.0,0.0,41.85107239074196
7780.0,6828137.00000007,3.27750516006854e-15,51.60000000000001,180.0,0.0,41.20995407979055
7790.0,6828136.999999998,1.98383785542647e-15,51.60000000000001,180.0,0.0,40.5688357688391
7800.0,6828136.999999994,2.0529293042543014e-15,51.60000000000001,180.0,0.0,39.92771745788769
7810.0,6828136.999999984,2.8588511697007418e-15,51.60000000000001,180.0,0.0,39.28659914693626
7820.0,6828136.999999965,3.960569675821856e-15,51.600000000000016,180.0,0.0,38.64548083598484
7830.0,6828137.0000000065,1.4239526237507201e-15,51.600000000000016,180.0,0.0,38.004362525033414
7840.0,6828137.00000007,3.167624093801956e-15,51.60000000000001,180.0,0.0,37.363244214081995
7850.0,6828137.0,1.8859268230491107e-15,51.60000000000001,180.0,0.0,36.72212590313056
7860.0,6828136.999999991,2.63223182567063e-15,51.60000000000001,180.0,0.0,36.08100759217914
7870.0,6828136.999999988,2.635516146144928e-15,51.60000000000001,180.0,0.0,35.439889281227714
7880.0,6828136.9999999665,3.9089465949943285e-15,51.60000000000001,180.0,0.0,34.798770970276294
7890.0,6828137.00000001,1.5020700717924395e-15,51.60000000000001,180.0,0.0,34.15765265932486
7900.0,6828137.000000069,3.1181346045263624e-15,51.60000000000001,180.0,0.0,33.51653434837344
7910.0,6828137.0,2.0160852152451126e-15,51.60000000000001,180.0,0.0,32.87541603742201
7920.0,6828136.999999994,2.3021973515160616e-15,51.60000000000001,180.0,0.0,32.234297726470594
7930.0,6828136.999999986,2.8839166917523337e-15,51.599999999999994,180.0,0.0,31.593179415519167
7940.0,6828136.999999965,4.132467669604152e-15,51.60000000000001,180.0,0.0,30.952061104567736
7950.0,6828137.0000000065,1.6476508206799392e-15,51.60000000000001,180.0,0.0,30.310942793616313
7960.0,6828137.000000071,3.1462636449908028e-15,51.60000000000001,180.0,0.0,29.669824482664893
7970.0,6828137.000000002,1.9410590964992015e-15,51.60000000000001,180.0,0.0,29.028706171713484
7980.0,6828136.999999994,2.3961210727938844e-15,51.60000000000001,180.0,0.0,28.387587860762046
7990.0,6828136.999999988,2.751256048464229e-15,51.599999999999994,180.0,0.0,27.746469549810616
8000.0,6828136.999999965,4.1127916908918436e-15,51.60000000000001,180.0,0.0,27.105351238859193
8010.0,6828137.000000008,1.6269737351594205e-15,51.60000000000001,180.0,0.0,26.464232927907762
8020.0,6828137.000000072,3.2711696543931344e-15,51.599999999999994,180.0,0.0,25.823114616956353
8030.0,6828136.999999998,2.2346144521007167e-15,51.599999999999994,180.0,0.0,25.181996306004933
8040.0,6828136.999999993,2.6069270488863143e-15,51.60000000000001,180.0,0.0,24.540877995053496
8050.0,6828136.999999986,3.0858689450091863e-15,51.599999999999994,180.0,0.0,23.89975968410208
8060.0,6828136.999999965,4.214155984676877e-15,51.60000000000001,180.0,0.0,23.258641373150656
8070.0,6828137.0000000065,1.7504408571105338e-15,51.60000000000001,180.0,0.0,22.617523062199222
8080.0,6828137.000000069,2.9049336536224392e-15,51.599999999999994,180.0,0.0,21.976404751247788
8090.0,6828137.000000002,1.904636871786605e-15,51.60000000000001,180.0,0.0,21.335286440296375
8100.0,6828136.999999993,2.586306846803573e-15,51.59999999999999,180.0,0.0,20.694168129344938
8110.0,6828136.999999986,3.0549772413634344e-15,51.59999999999999,180.0,0.0,20.05304981839352
8120.0,6828136.9999999665,4.0661738056490515e-15,51.60000000000001,180.0,0.0,19.411931507442112
8130.0,6828137.00000001,1.4575558605987517e-15,51.60000000000001,180.0,0.0,18.770813196490675
8140.0,6828137.000000071,2.902216735062846e-15,51.599999999999994,180.0,0.0,18.129694885539248
8150.0,6828137.000000002,2.026441888705173e-15,51.60000000000001,180.0,0.0,17.48857657458784
8160.0,6828136.999999994,2.602755657865233e-15,51.60000000000001,180.0,0.0,16.847458263636412
8170.0,6828136.999999988,2.9505052953273066e-15,51.599999999999994,180.0,0.0,16.206339952684957
8180.0,6828136.9999999665,4.213800919735811e-15,51.60000000000001,180.0,0.0,15.565221641733563
8190.0,6828137.000000012,1.3765774541709423e-15,51.599999999999994,180.0,0.0,14.924103330782124
8200.0,6828137.000000071,2.882983235947004e-15,51.60000000000001,180.0,0.0,14.282985019830681
8210.0,6828137.0,2.23495078675109e-15,51.60000000000001,180.0,0.0,13.64186670887926
8220.0,6828136.999999994,2.5707547729127318e-15,51.599999999999994,180.0,0.0,13.000748397927847
8230.0,6828136.999999991,2.668017164350962e-15,51.599999999999994,180.0,0.0,12.359630086976455
8240.0,6828136.9999999665,4.287446575260542e-15,51.599999999999994,180.0,0.0,11.718511776024988
8250.0,6828137.000000012,1.311023575250612e-15,51.599999999999994,180.0,0.0,11.07739346507358
8260.0,6828137.000000072,2.8281644999109445e-15,51.599999999999994,180.0,0.0,10.43627515412217
8270.0,6828137.000000001,2.153764698780033e-15,51.599999999999994,180.0,0.0,9.795156843170709
8280.0,6828136.999999997,2.3931371939070425e-15,51.599999999999994,180.0,0.0,9.154038532219325
8290.0,6828136.99999999,2.9018251178710626e-15,51.599999999999994,180.0,0.0,8.512920221267917
8300.0,6828136.999999968,4.166669078585638e-15,51.599999999999994,180.0,0.0,7.871801910316439
8310.0,6828137.00000001,1.4443711138084897e-15,51.599999999999994,180.0,0.0,7.230683599364987
8320.0,6828137.000000071,2.5735237108513282e-15,51.60000000000001,180.0,0.0,6.589565288413524
8330.0,6828137.000000003,2.000227762624665e-15,51.60000000000001,180.0,0.0,5.948446977462107
8340.0,6828136.999999997,2.3580571101443608e-15,51.599999999999994,180.0,0.0,5.307328666510675
8350.0,6828136.99999999,2.8471359856529156e-15,51.599999999999994,180.0,0.0,4.666210355559442
8360.0,6828136.999999965,4.487811292589742e-15,51.60000000000001,180.0,0.0,4.0250920446078675
8370.0,6828137.000000013,1.164246859419295e-15,51.599999999999994,180.0,0.0,3.383973733656551
8380.0,6828137.000000071,2.5557417430242636e-15,51.599999999999994,180.0,0.0,357.257144577295
8390.0,6828137.000000003,1.9377513940186366e-15,51.59999999999999,180.0,0.0,2.101737111753621
8400.0,6828136.9999999935,2.6938534733984537e-15,51.599999999999994,180.0,0.0,1.4606188008019185
8410.0,6828136.999999989,2.9450187471086797e-15,51.599999999999994,180.0,0.0,0.8195004898506342
8420.0,6828136.9999999665,4.352362697514918e-15,51.599999999999994,180.0,0.0,0.17838217889657645
8430.0,6828137.000000012,1.1892074965914258e-15,51.60000000000001,180.0,0.0,0.4627361320524809
8440.0,6828137.000000071,2.5533578383955312e-15,51.599999999999994,180.0,0.0,1.1038544430036017
8450.0,6828137.000000003,1.931188943592639e-15,51.60000000000001,180.0,0.0,1.7449727539550457
8460.0,6828136.999999997,2.3091526348202217e-15,51.599999999999994,180.0,0.0,2.386091064906326
8470.0,6828136.999999989,2.9459958660987776e-15,51.60000000000001,180.0,0.0,3.0272093758576295
8480.0,6828136.999999965,4.4777335685130876e-15,51.60000000000001,180.0,0.0,3.6683276868091217
8490.0,6828137.000000012,1.1603603360478758e-15,51.599999999999994,180.0,0.0,4.309445997760689
8500.0,6828137.000000071,2.5603717048780775e-15,51.599999999999994,180.0,0.0,355.04943569128795
8510.0,6828137.000000003,1.9145961239648002e-15,51.59999999999999,180.0,0.0,5.591682619663468
8520.0,6828136.999999997,2.297354745770871e-15,51.599999999999994,180.0,0.0,353.76719906938513
8530.0,6828136.999999989,2.9371424789563916e-15,51.599999999999994,180.0,0.0,353.12608075843366
8540.0,6828136.9999999665,4.211973486371717e-15,51.599999999999994,180.0,0.0,352.4849624474823
8550.0,6828137.000000012,1.1522744267987463e-15,51.599999999999994,180.0,0.0,351.84384413653083
8560.0,6828137.000000072,2.69647179715685e-15,51.599999999999994,180.0,0.0,351.20272582557936
8570.0,6828137.000000003,1.914791681385095e-15,51.60000000000001,180.0,0.0,350.561607514628
8580.0,6828136.999999997,2.2998843377484934e-15,51.599999999999994,180.0,0.0,349.92048920367654
8590.0,6828136.99999999,2.809914282965314e-15,51.599999999999994,180.0,0.0,349.2793708927252
8600.0,6828136.999999968,4.084280872090052e-15,51.59999999999999,180.0,0.0,348.6382525817737
8610.0,6828137.000000012,1.1544381711898898e-15,51.599999999999994,180.0,0.0,347.9971342708223
8620.0,6828137.000000071,2.589629881224765e-15,51.599999999999994,180.0,0.0,347.3560159598709
8630.0,6828137.000000003,1.926040896341944e-15,51.59999999999999,180.0,0.0,346.7148976489194
8640.0,6828136.999999997,2.310059929756362e-15,51.599999999999994,180.0,0.0,346.07377933796806
8650.0,6828136.99999999,2.813113491299857e-15,51.599999999999994,180.0,0.0,345.4326610270166
8660.0,6828136.999999968,4.085647423740672e-15,51.599999999999994,180.0,0.0,344.7915427160652
8670.0,6828137.000000012,1.1656412753731396e-15,51.599999999999994,180.0,0.0,344.1504244051137
8680.0,6828137.000000074,3.1092006842363637e-15,51.60000000000001,180.0,0.0,343.5093060941624
8690.0,6828137.000000004,1.8180074025884532e-15,51.599999999999994,180.0,0.0,342.8681877832109
8700.0,6828136.999999998,2.189403213520391e-15,51.59999999999999,180.0,0.0,342.22706947225953
8710.0,6828136.99999999,2.8245931594531035e-15,51.599999999999994,180.0,0.0,341.58595116130806
8720.0,6828136.999999965,4.342695183640164e-15,51.59999999999999,180.0,0.0,340.94483285035665
8730.0,6828137.000000012,1.0395331568729887e-15,51.599999999999994,180.0,0.0,340.30371453940523
8740.0,6828137.000000074,3.1227941182525016e-15,51.59999999999999,180.0,0.0,339.6625962284538
8750.0,6828137.000000002,1.9412921434184448e-15,51.59999999999999,180.0,0.0,339.0214779175024
8760.0,6828136.999999996,2.3254414629978232e-15,51.599999999999994,180.0,0.0,338.38035960655094
8770.0,6828136.999999988,2.9537461886414366e-15,51.599999999999994,180.0,0.0,337.7392412955995
8780.0,6828136.999999965,4.342094407900041e-15,51.59999999999999,180.0,0.0,337.0981229846481
8790.0,6828137.000000012,1.0336969671920269e-15,51.59999999999999,180.0,0.0,336.4570046736967
8800.0,6828137.000000074,3.106557251651675e-15,51.599999999999994,180.0,0.0,335.81588636274523
8810.0,6828137.0,2.067376884709219e-15,51.59999999999999,180.0,0.0,335.1747680517938
8820.0,6828136.999999994,2.4545785489058416e-15,51.599999999999994,180.0,0.0,334.5336497408424
8830.0,6828136.999999988,2.824483398906656e-15,51.599999999999994,180.0,0.0,333.892531429891
8840.0,6828136.99999997,3.703292315896551e-15,51.59999999999999,180.0,0.0,333.2514131189396
8850.0,6828137.000000014,8.950541708631863e-16,51.599999999999994,180.0,0.0,27.38970519201189
8860.0,6828137.000000074,3.077391718593659e-15,51.599999999999994,180.0,0.0,331.9691764970367
8870.0,6828137.0,2.0482397239934032e-15,51.59999999999999,180.0,0.0,331.3280581860853
8880.0,6828136.999999998,2.0486452202801087e-15,51.59999999999999,180.0,0.0,330.6869398751339
8890.0,6828136.99999999,2.689657969809157e-15,51.59999999999999,180.0,0.0,330.0458215641824
8900.0,6828136.999999968,3.828926413132472e-15,51.59999999999999,180.0,0.0,329.404703253231
8910.0,6828137.000000014,7.804480319311215e-16,51.59999999999999,180.0,0.0,328.7635849422796
8920.0,6828137.000000077,3.601385662351236e-15,51.599999999999994,180.0,0.0,328.12246663132817
8930.0,6828137.000000005,1.433763165404057e-15,51.59999999999999,180.0,0.0,327.48134832037675
8940.0,6828137.0,1.9437193475164983e-15,51.59999999999999,180.0,0.0,326.8402300094253
8950.0,6828136.999999993,2.3269559472551346e-15,51.59999999999999,180.0,0.0,326.19911169847387
8960.0,6828136.999999972,3.451154439105966e-15,51.59999999999999,180.0,0.0,325.55799338752246
8970.0,6828137.000000014,8.263938396111773e-16,51.59999999999999,180.0,0.0,324.91687507657105
8980.0,6828137.000000072,2.9833824036184244e-15,51.59999999999999,180.0,0.0,324.27575676561963
8990.0,6828137.000000004,1.6835396739363372e-15,51.59999999999999,180.0,0.0,323.63463845466816
9000.0,6828137.0,1.9449004255860215e-15,51.59999999999999,180.0,0.0,322.9935201437168
9010.0,6828136.999999991,2.560960043774066e-15,51.59999999999999,180.0,0.0,322.35240183276534
9020.0,6828136.999999968,3.828932163375522e-15,51.59999999999999,180.0,0.0,321.7112835218139
9030.0,6828137.000000012,1.0211933756697304e-15,51.59999999999999,180.0,0.0,38.92983478913751
9040.0,6828137.000000072,3.0823861300035312e-15,51.59999999999999,180.0,0.0,320.4290468999111
9050.0,6828137.000000002,1.7969863806849544e-15,51.59999999999999,180.0,0.0,319.78792858895963
9060.0,6828136.999999998,2.055830710440541e-15,51.59999999999999,180.0,0.0,319.1468102780082
9070.0,6828136.999999993,2.3031573750169304e-15,51.59999999999999,180.0,0.0,318.5056919670568
9080.0,6828136.999999968,3.828952343215188e-15,51.59999999999999,180.0,0.0,317.86457365610534
9090.0,6828137.000000014,7.774828500124939e-16,51.59999999999999,180.0,0.0,317.223455345154
9100.0,6828137.000000074,3.2028348576912636e-15,51.59999999999999,180.0,0.0,316.5823370342025
9110.0,6828137.0,2.0456485472693788e-15,51.59999999999997,180.0,0.0,315.9412187232511
9120.0,6828136.999999994,2.42880280568918e-15,51.59999999999999,180.0,0.0,315.3001004122996
9130.0,6828136.999999991,2.554388900448087e-15,51.59999999999999,180.0,0.0,314.6589821013482
9140.0,6828136.999999968,3.957248521212257e-15,51.59999999999999,180.0,0.0,45.98213620960318
9150.0,6828137.000000012,1.0243934801195207e-15,51.59999999999999,180.0,0.0,313.3767454794454
9160.0,6828137.000000075,3.358248938025575e-15,51.59999999999999,180.0,0.0,312.735627168494
9170.0,6828137.000000004,1.8131909737036767e-15,51.59999999999999,180.0,0.0,312.0945088575425
9180.0,6828136.999999998,2.0755308587799535e-15,51.59999999999999,180.0,0.0,311.45339054659115
9190.0,6828136.99999999,2.693769216026549e-15,51.59999999999999,180.0,0.0,310.8122722356397
9200.0,6828136.9999999665,4.085930468079411e-15,51.59999999999999,180.0,0.0,310.17115392468827
9210.0,6828137.000000012,1.0349869786131072e-15,51.59999999999999,180.0,0.0,309.5300356137368
9220.0,6828137.000000072,2.9812825582595793e-15,51.59999999999999,180.0,0.0,308.8889173027854
9230.0,6828137.000000002,1.937303556357898e-15,51.59999999999999,180.0,0.0,308.247798991834
9240.0,6828136.999999998,2.0573035760050876e-15,51.59999999999999,180.0,0.0,307.60668068088256
9250.0,6828136.999999991,2.563669113950244e-15,51.59999999999999,180.0,0.0,306.96556236993115
9260.0,6828136.9999999665,4.214374981377388e-15,51.59999999999999,180.0,0.0,306.32444405897974
9270.0,6828137.00000001,1.294447550153311e-15,51.59999999999999,180.0,0.0,305.6833257480283
9280.0,6828137.000000072,2.8585923237762296e-15,51.59999999999999,180.0,0.0,305.04220743707685
9290.0,6828137.0,2.0660684814571885e-15,51.59999999999997,180.0,0.0,304.40108912612544
9300.0,6828136.9999999935,2.5688167348218535e-15,51.59999999999999,180.0,0.0,303.759970815174
9310.0,6828136.999999986,3.0841519937397717e-15,51.59999999999999,180.0,0.0,303.1188525042226
9320.0,6828136.999999965,4.347789248797134e-15,51.59999999999999,180.0,0.0,302.47773419327115
9330.0,6828137.00000001,1.3410464149910678e-15,51.59999999999999,180.0,0.0,301.83661588231973
9340.0,6828137.000000072,3.0098929783212325e-15,51.59999999999999,180.0,0.0,301.1954975713683
9350.0,6828137.0,2.0896081920486887e-15,51.59999999999999,180.0,0.0,300.5543792604169
9360.0,6828136.999999994,2.4649371138281896e-15,51.59999999999997,180.0,0.0,299.9132609494655
9370.0,6828136.999999986,3.0940496804777025e-15,51.59999999999999,180.0,0.0,299.272142638514
9380.0,6828136.9999999665,4.097576057045855e-15,51.59999999999999,180.0,0.0,298.6310243275626
9390.0,6828137.00000001,1.2999751172233297e-15,51.59999999999999,180.0,0.0,297.98990601661114
9400.0,6828137.000000069,2.5878839119877814e-15,51.59999999999999,180.0,0.0,297.3487877056598
9410.0,6828137.0,2.0663600790746136e-15,51.59999999999997,180.0,0.0,296.7076693947084
9420.0,6828136.999999994,2.459016013651163e-15,51.59999999999999,180.0,0.0,296.0665510837569
9430.0,6828136.999999988,2.8247419931486076e-15,51.59999999999999,180.0,0.0,295.42543277280555
9440.0,6828136.999999965,4.21460648585337e-15,51.59999999999999,180.0,0.0,294.7843144618541
9450.0,6828137.00000001,1.1569130811963071e-15,51.59999999999997,180.0,0.0,294.14319615090267
9460.0,6828137.000000071,2.839227745420094e-15,51.59999999999999,180.0,0.0,293.5020778399512
9470.0,6828137.0,2.0679343325835136e-15,51.59999999999999,180.0,0.0,292.8609595289998
9480.0,6828136.999999996,2.2020814440528137e-15,51.59999999999999,180.0,0.0,292.2198412180483
9490.0,6828136.99999999,2.574259455675583e-15,51.59999999999999,180.0,0.0,291.57872290709696
9500.0,6828136.9999999665,3.958321940921082e-15,51.59999999999999,180.0,0.0,290.93760459614555
9510.0,6828137.00000001,1.1555362086387828e-15,51.59999999999997,180.0,0.0,290.2964862851941
9520.0,6828137.000000072,3.101355916757687e-15,51.59999999999999,180.0,0.0,289.6553679742427
9530.0,6828136.999999998,2.1943664055726287e-15,51.59999999999997,180.0,0.0,289.01424966329125
9540.0,6828136.999999993,2.579946946148519e-15,51.59999999999997,180.0,0.0,288.37313135233984
9550.0,6828136.999999988,2.7248446419071303e-15,51.59999999999999,180.0,0.0,287.73201304138837
9560.0,6828136.999999965,4.2313129003605205e-15,51.59999999999997,180.0,0.0,287.090894730437
9570.0,6828137.0000000065,1.5067895392786982e-15,51.59999999999999,180.0,0.0,286.44977641948554
9580.0,6828137.000000067,2.7123132937218267e-15,51.59999999999999,180.0,0.0,285.80865810853413
9590.0,6828137.0,2.00215737341594e-15,51.59999999999997,180.0,0.0,285.1675397975827
9600.0,6828136.999999994,2.370811304743347e-15,51.599999999999966,180.0,0.0,284.5264214866313
9610.0,6828136.999999986,2.993789337656041e-15,51.59999999999997,180.0,0.0,283.8853031756799
9620.0,6828136.999999965,4.242536631460591e-15,51.59999999999997,180.0,0.0,283.2441848647284
9630.0,6828137.000000008,1.279446637817785e-15,51.59999999999997,180.0,0.0,282.603066553777
9640.0,6828137.000000071,3.0552967954990677e-15,51.59999999999997,180.0,0.0,281.96194824282554
9650.0,6828137.0,2.0132825811607912e-15,51.59999999999997,180.0,0.0,281.3208299318742
9660.0,6828136.999999993,2.520509422497704e-15,51.599999999999966,180.0,0.0,280.6797116209227
9670.0,6828136.999999988,2.785962431833627e-15,51.599999999999966,180.0,0.0,280.03859330997136
9680.0,6828136.999999965,4.146777297378691e-15,51.59999999999997,180.0,0.0,279.39747499901995
9690.0,6828137.000000008,1.417356171531056e-15,51.59999999999997,180.0,0.0,278.7563566880685
9700.0,6828137.000000069,3.0104289721609484e-15,51.59999999999997,180.0,0.0,278.11523837711707
9710.0,6828137.0,2.062578322939673e-15,51.599999999999966,180.0,0.0,277.4741200661656
9720.0,6828136.999999993,2.5572289073396164e-15,51.59999999999997,180.0,0.0,276.8330017552142
9730.0,6828136.999999986,3.044829576576911e-15,51.59999999999997,180.0,0.0,276.19188344426277
9740.0,6828136.999999963,4.279080326235792e-15,51.599999999999966,180.0,0.0,275.55076513331136
9750.0,6828137.000000005,1.7497753544836405e-15,51.59999999999997,180.0,0.0,274.9096468223599
9760.0,6828137.000000069,3.022742337134421e-15,51.599999999999966,180.0,0.0,274.2685285114085
9770.0,6828136.999999996,2.352304846693635e-15,51.59999999999997,180.0,0.0,273.6274102004571
9780.0,6828136.999999993,2.4834772111952114e-15,51.59999999999997,180.0,0.0,272.98629188950565
9790.0,6828136.999999984,3.0903807826290176e-15,51.59999999999997,180.0,0.0,272.34517357855424
9800.0,6828136.999999963,4.305184907940487e-15,51.59999999999999,180.0,0.0,271.70405526760277
9810.0,6828137.000000004,1.814814369038141e-15,51.59999999999997,180.0,0.0,271.06293695665136
9820.0,6828137.000000067,2.957720395623738e-15,51.59999999999997,180.0,0.0,270.42181864569994
9830.0,6828136.999999994,2.499159775650939e-15,51.59999999999997,180.0,0.0,269.78070033474853
9840.0,6828136.99999999,2.8646409329715288e-15,51.59999999999997,180.0,0.0,269.1395820237971
9850.0,6828136.999999979,3.468165765289838e-15,51.59999999999997,180.0,0.0,268.4984637128457
9860.0,6828136.999999963,4.1784461990494074e-15,51.599999999999966,180.0,0.0,267.8573454018943
9870.0,6828137.000000004,1.78561865535927e-15,51.59999999999997,180.0,0.0,267.2162270909428
9880.0,6828137.000000065,2.9354592744416556e-15,51.599999999999966,180.0,0.0,266.5751087799914
9890.0,6828136.999999994,2.390891255479005e-15,51.59999999999999,180.0,0.0,265.93399046903994
9900.0,6828136.99999999,2.7576545421271505e-15,51.59999999999997,180.0,0.0,265.2928721580885
9910.0,6828136.999999979,3.479490633837416e-15,51.599999999999966,180.0,0.0,264.6517538471371
9920.0,6828136.99999996,4.444057092278599e-15,51.59999999999999,180.0,0.0,264.0106355361857
9930.0,6828137.000000005,1.5160436468094113e-15,51.59999999999997,180.0,0.0,263.3695172252343
9940.0,6828137.000000065,2.980371039824693e-15,51.59999999999997,180.0,0.0,262.7283989142829
9950.0,6828136.999999993,2.5517578226818134e-15,51.59999999999997,180.0,0.0,262.08728060333146
9960.0,6828136.99999999,2.7931469819760127e-15,51.59999999999997,180.0,0.0,261.44616229238
9970.0,6828136.99999998,3.269494389903273e-15,51.59999999999999,180.0,0.0,260.8050439814286
9980.0,6828136.999999962,4.088454799498037e-15,51.599999999999966,180.0,0.0,260.1639256704771
9990.0,6828137.000000005,1.6257958435311549e-15,51.59999999999997,180.0,0.0,259.5228073595257
10000.0,6828137.000000066,3.1656050411812974e-15,51.59999999999997,180.0,0.0,258.8816890485743
10010.0,6828136.999999996,2.157092106408935e-15,51.59999999999997,180.0,0.0,258.2405707376229
10020.0,6828136.999999991,2.501025364068132e-15,51.59999999999997,180.0,0.0,257.59945242667146
10030.0,6828136.999999982,2.9613767911063867e-15,51.59999999999997,180.0,0.0,256.95833411572005
10040.0,6828136.99999996,4.383467007753869e-15,51.59999999999997,180.0,0.0,256.31721580476864
10050.0,6828137.000000005,1.784897669504434e-15,51.59999999999997,180.0,0.0,255.67609749381717
10060.0,6828137.000000064,3.174368798274433e-15,51.59999999999997,180.0,0.0,255.03497918286575
10070.0,6828136.999999996,2.2661684393119017e-15,51.59999999999997,180.0,0.0,254.3938608719143
10080.0,6828136.999999993,2.3742844417529878e-15,51.59999999999997,180.0,0.0,253.75274256096287
10090.0,6828136.999999982,3.045367788432758e-15,51.59999999999997,180.0,0.0,253.1116242500115
10100.0,6828136.99999996,4.315088398503189e-15,51.59999999999997,180.0,0.0,252.47050593906005
10110.0,6828137.0000000065,1.6291189906472954e-15,51.59999999999999,180.0,0.0,251.8293876281086
10120.0,6828137.000000068,3.6107333183168355e-15,51.59999999999997,180.0,0.0,251.18826931715722
10130.0,6828136.999999994,2.3622109847233414e-15,51.599999999999966,180.0,0.0,250.54715100620578
10140.0,6828136.999999991,2.5987323286686567e-15,51.59999999999997,180.0,0.0,249.90603269525437
10150.0,6828136.999999982,2.885532273681836e-15,51.59999999999997,180.0,0.0,249.26491438430293
10160.0,6828136.999999959,4.3760669619966794e-15,51.59999999999997,180.0,0.0,248.62379607335149
10170.0,6828137.0000000065,1.7359482762031287e-15,51.59999999999997,180.0,0.0,247.98267776240004
10180.0,6828137.000000062,3.3353694955080096e-15,51.59999999999997,180.0,0.0,247.34155945144866
10190.0,6828136.999999996,2.2884232497603535e-15,51.59999999999997,180.0,0.0,246.70044114049722
10200.0,6828136.999999991,2.5057482751127153e-15,51.59999999999997,180.0,0.0,246.05932282954578
10210.0,6828136.999999982,2.9133248913827912e-15,51.59999999999997,180.0,0.0,245.4182045185944
10220.0,6828136.999999959,4.273139143033622e-15,51.59999999999997,180.0,0.0,244.77708620764295
10230.0,6828137.000000005,1.969201764941567e-15,51.59999999999999,180.0,0.0,244.13596789669154
10240.0,6828137.000000064,3.765538599977367e-15,51.59999999999999,180.0,0.0,243.4948495857401
10250.0,6828136.999999998,2.19707291511505e-15,51.59999999999997,180.0,0.0,242.85373127478866
10260.0,6828136.999999988,2.8406371111938006e-15,51.59999999999997,180.0,0.0,242.21261296383722
10270.0,6828136.999999981,3.0118889017356466e-15,51.59999999999997,180.0,0.0,241.57149465288578
10280.0,6828136.999999961,4.050667669044184e-15,51.59999999999999,180.0,0.0,240.9303763419344
10290.0,6828137.000000006,1.7900739963897134e-15,51.59999999999999,180.0,0.0,240.28925803098295
10300.0,6828137.000000068,4.053062336194906e-15,51.59999999999997,180.0,0.0,239.64813972003157
10310.0,6828136.999999996,2.301637722021548e-15,51.59999999999999,180.0,0.0,239.00702140908015
10320.0,6828136.999999989,2.5836035562013616e-15,51.59999999999997,180.0,0.0,238.3659030981287
10330.0,6828136.999999983,2.850015922870663e-15,51.59999999999999,180.0,0.0,237.72478478717727
10340.0,6828136.999999964,3.606961092898001e-15,51.59999999999999,180.0,0.0,237.08366647622583
10350.0,6828137.000000007,1.5359511913761389e-15,51.59999999999999,180.0,0.0,236.4425481652744
10360.0,6828137.000000066,3.975292571288819e-15,51.59999999999999,180.0,0.0,235.80142985432295
10370.0,6828136.999999997,2.2155699381011888e-15,51.59999999999999,180.0,0.0,235.16031154337156
10380.0,6828136.99999999,2.4391607684931773e-15,51.59999999999997,180.0,0.0,234.51919323242012
10390.0,6828136.999999983,2.673180473414932e-15,51.59999999999999,180.0,0.0,233.8780749214687
10400.0,6828136.999999964,3.4645311901590703e-15,51.59999999999999,180.0,0.0,233.23695661051732
10410.0,6828137.000000004,1.862187680433121e-15,51.59999999999999,180.0,0.0,232.59583829956588
10420.0,6828137.000000066,4.218357796399881e-15,51.59999999999999,180.0,0.0,231.95471998861444
10430.0,6828136.999999997,2.061539909007854e-15,51.59999999999997,180.0,0.0,231.313601677663
10440.0,6828136.99999999,2.3619431632375783e-15,51.59999999999999,180.0,0.0,230.67248336671156
10450.0,6828136.999999983,2.610143994439899e-15,51.59999999999999,180.0,0.0,230.03136505576012
10460.0,6828136.999999963,3.5431336582864385e-15,51.59999999999997,180.0,0.0,229.39024674480874
10470.0,6828137.000000004,1.9161195413953002e-15,51.59999999999999,180.0,0.0,228.74912843385732
10480.0,6828137.000000066,4.306866714143053e-15,51.59999999999997,180.0,0.0,228.1080101229059
10490.0,6828136.999999995,2.1607966587481836e-15,51.59999999999997,180.0,0.0,227.46689181195444
10500.0,6828136.99999999,2.305482191821774e-15,51.59999999999997,180.0,0.0,226.82577350100303
10510.0,6828136.999999985,2.4231297392523244e-15,51.59999999999999,180.0,0.0,226.18465519005161
10520.0,6828136.999999963,3.398868727303985e-15,51.59999999999999,180.0,0.0,225.54353687910017
10530.0,6828137.000000007,1.7631248236067273e-15,51.599999999999966,180.0,0.0,224.90241856814873
10540.0,6828137.000000063,4.154612942047932e-15,51.59999999999997,180.0,0.0,224.26130025719732
10550.0,6828136.999999995,2.1223304670312788e-15,51.59999999999997,180.0,0.0,223.6201819462459
10560.0,6828136.99999999,2.233065768008994e-15,51.59999999999997,180.0,0.0,222.97906363529447
10570.0,6828136.999999985,2.299541710302712e-15,51.59999999999997,180.0,0.0,222.33794532434305
10580.0,6828136.999999962,3.427116393187955e-15,51.59999999999999,180.0,0.0,221.6968270133916
10590.0,6828137.000000007,1.881324911480124e-15,51.599999999999966,180.0,0.0,221.05570870244017
10600.0,6828137.000000067,4.621500581095848e-15,51.59999999999997,180.0,0.0,220.41459039148876
10610.0,6828136.999999997,2.0478479314178575e-15,51.59999999999997,180.0,0.0,219.77347208053735
10620.0,6828136.99999999,2.2702751541729124e-15,51.59999999999997,180.0,0.0,219.1323537695859
10630.0,6828136.999999983,2.4836055939760666e-15,51.59999999999997,180.0,0.0,218.4912354586345
10640.0,6828136.999999962,3.360739557899583e-15,51.599999999999966,180.0,0.0,217.85011714768308
10650.0,6828137.000000005,1.9158227376663944e-15,51.59999999999997,180.0,0.0,217.2089988367316
10660.0,6828137.000000065,4.6197273339072804e-15,51.59999999999997,180.0,0.0,216.56788052578023
10670.0,6828136.999999994,2.0502757418073622e-15,51.59999999999997,180.0,0.0,215.92676221482878
10680.0,6828136.99999999,2.1658994001104666e-15,51.59999999999997,180.0,0.0,215.28564390387734
10690.0,6828136.999999982,2.3188006397265153e-15,51.59999999999999,180.0,0.0,214.6445255929259
10700.0,6828136.999999962,3.301884995325131e-15,51.599999999999966,180.0,0.0,214.0034072819745
10710.0,6828137.0000000065,2.029351329590924e-15,51.599999999999966,180.0,0.0,213.36228897102308
10720.0,6828137.000000065,4.8600900103878195e-15,51.59999999999997,180.0,0.0,212.72117066007164
10730.0,6828136.999999994,2.1767986335779603e-15,51.59999999999999,180.0,0.0,212.08005234912022
10740.0,6828136.999999991,2.190037425027917e-15,51.59999999999997,180.0,0.0,211.43893403816878
10750.0,6828136.999999982,2.4282300207525382e-15,51.59999999999999,180.0,0.0,210.79781572721734
10760.0,6828136.999999962,3.0677033910578387e-15,51.599999999999966,180.0,0.0,210.15669741626593
10770.0,6828137.000000004,1.8784334542187258e-15,51.59999999999997,180.0,0.0,209.51557910531452
10780.0,6828137.000000065,4.999295201164391e-15,51.599999999999966,180.0,0.0,208.87446079436305
10790.0,6828136.999999996,2.049807226237686e-15,51.59999999999997,180.0,0.0,208.23334248341166
10800.0,6828136.999999991,2.209156643663117e-15,51.59999999999997,180.0,0.0,207.59222417246022
10810.0,6828136.999999982,2.208308467557348e-15,51.59999999999997,180.0,0.0,206.9511058615088
10820.0,6828136.999999965,2.7050491606750032e-15,51.59999999999997,180.0,0.0,206.30998755055737
10830.0,6828137.000000005,1.8525403111586516e-15,51.599999999999966,180.0,0.0,205.6688692396059
10840.0,6828137.000000066,5.0095326143048206e-15,51.59999999999997,180.0,0.0,205.0277509286545
10850.0,6828136.999999998,1.8490364387058875e-15,51.59999999999997,180.0,0.0,204.38663261770307
10860.0,6828136.999999991,1.8788748054062543e-15,51.59999999999997,180.0,0.0,203.74551430675163
10870.0,6828136.999999982,2.0261908464412324e-15,51.59999999999999,180.0,0.0,203.10439599580025
10880.0,6828136.999999963,2.7134747410121143e-15,51.59999999999999,180.0,0.0,202.46327768484883
10890.0,6828137.0000000065,1.84137388855017e-15,51.59999999999999,180.0,0.0,201.82215937389736
10900.0,6828137.000000068,5.152379664842097e-15,51.59999999999997,180.0,0.0,201.18104106294595
10910.0,6828136.999999996,1.5833324311158467e-15,51.59999999999997,180.0,0.0,200.5399227519945
10920.0,6828136.999999993,1.5596266918912882e-15,51.59999999999997,180.0,0.0,199.8988044410431
10930.0,6828136.999999984,1.7546732605684295e-15,51.59999999999997,180.0,0.0,199.25768613009166
10940.0,6828136.999999961,2.6580528021616964e-15,51.59999999999997,180.0,0.0,198.61656781914024
10950.0,6828137.000000004,1.7916556984665065e-15,51.59999999999997,180.0,0.0,197.9754495081888
10960.0,6828137.000000066,5.226307426832388e-15,51.59999999999999,180.0,0.0,197.3343311972374
10970.0,6828136.999999996,1.6131497084578776e-15,51.59999999999999,180.0,0.0,196.69321288628598
10980.0,6828136.999999991,1.6346930898047155e-15,51.59999999999999,180.0,0.0,196.05209457533454
10990.0,6828136.999999982,1.75969934969239e-15,51.59999999999999,180.0,0.0,195.41097626438312
11000.0,6828136.999999961,2.615618310208628e-15,51.59999999999997,180.0,0.0,194.76985795343168
11010.0,6828137.000000005,1.802636984106614e-15,51.59999999999999,180.0,0.0,194.12873964248024
11020.0,6828137.000000064,5.081631586938387e-15,51.59999999999997,180.0,0.0,193.48762133152883
11030.0,6828136.999999994,1.5647696203288231e-15,51.59999999999997,180.0,0.0,192.8465030205774
11040.0,6828136.999999991,1.5955922566644178e-15,51.59999999999997,180.0,0.0,192.20538470962597
11050.0,6828136.999999979,1.937060277859713e-15,51.59999999999999,180.0,0.0,191.5642663986745
11060.0,6828136.999999957,2.9206472720478643e-15,51.59999999999999,180.0,0.0,190.92314808772306
11070.0,6828137.000000003,1.801544969350044e-15,51.59999999999997,180.0,0.0,190.28202977677165
11080.0,6828137.000000064,5.072123860746112e-15,51.59999999999999,180.0,0.0,189.64091146582024
11090.0,6828136.999999994,1.5846597717655475e-15,51.59999999999997,180.0,0.0,188.99979315486888
11100.0,6828136.99999999,1.5882008019416282e-15,51.59999999999999,180.0,0.0,188.3586748439174
11110.0,6828136.9999999795,1.8141154704225743e-15,51.59999999999999,180.0,0.0,187.717556532966
11120.0,6828136.999999955,2.931565806506171e-15,51.59999999999999,180.0,0.0,187.0764382220146
11130.0,6828137.000000001,1.5690501321804047e-15,51.59999999999999,180.0,0.0,186.4353199110631
11140.0,6828137.000000062,5.013341390292391e-15,51.59999999999999,180.0,0.0,185.79420160011168
11150.0,6828136.999999992,1.475525147306477e-15,51.59999999999997,180.0,0.0,185.15308328916018
11160.0,6828136.999999986,1.5587557040007218e-15,51.59999999999999,180.0,0.0,184.51196497820885
11170.0,6828136.999999978,1.7881628255310065e-15,51.59999999999999,180.0,0.0,183.87084666725727
11180.0,6828136.999999959,2.440727139468483e-15,51.59999999999997,180.0,0.0,183.22972835630603
11190.0,6828137.000000003,1.6435974160211252e-15,51.59999999999997,180.0,0.0,182.58861004535476
11200.0,6828137.000000062,5.116708078518598e-15,51.59999999999997,180.0,0.0,181.9474917344031
11210.0,6828136.999999992,1.3664200746851538e-15,51.59999999999997,180.0,0.0,181.30637342345173
11220.0,6828136.999999987,1.3984829964089108e-15,51.59999999999999,180.0,0.0,180.6652551124996
11230.0,6828136.9999999795,1.5828300518609948e-15,51.59999999999999,180.0,0.0,180.0241368015629
11240.0,6828136.999999959,2.4402937458039528e-15,51.59999999999999,180.0,0.0,180.61698150940322
11250.0,6828137.000000001,1.6689286127096977e-15,51.59999999999999,180.0,0.0,181.2580998203537
11260.0,6828137.000000061,5.036891449365565e-15,51.59999999999997,180.0,0.0,181.89921813130522
11270.0,6828136.9999999935,1.4469488782472288e-15,51.59999999999997,180.0,0.0,182.54033644225686
11280.0,6828136.999999987,1.4363616460749175e-15,51.59999999999999,180.0,0.0,183.18145475320839
11290.0,6828136.999999978,1.6031428817261163e-15,51.59999999999997,180.0,0.0,183.8225730641596
11300.0,6828136.999999961,2.0849053600957403e-15,51.59999999999997,180.0,0.0,184.46369137511124
11310.0,6828137.000000001,1.5999328479858823e-15,51.59999999999999,180.0,0.0,185.1048096860625
11320.0,6828137.000000062,5.225650134459993e-15,51.59999999999997,180.0,0.0,185.74592799701404
11330.0,6828136.9999999935,1.405072958772919e-15,51.59999999999997,180.0,0.0,186.3870463079654
11340.0,6828136.999999987,1.338051005892209e-15,51.59999999999999,180.0,0.0,187.0281646189169
11350.0,6828136.999999978,1.4831181659678468e-15,51.59999999999997,180.0,0.0,187.66928292986833
11360.0,6828136.999999959,2.081271696878115e-15,51.59999999999997,180.0,0.0,188.31040124081974
11370.0,6828137.000000001,1.4107349064648457e-15,51.59999999999997,180.0,0.0,188.95151955177116
11380.0,6828137.000000061,5.178731977633791e-15,51.59999999999999,180.0,0.0,189.59263786272254
11390.0,6828136.99999999,1.300321507002352e-15,51.59999999999997,180.0,0.0,190.233756173674
11400.0,6828136.999999987,1.2905608593438906e-15,51.59999999999997,180.0,0.0,190.87487448462548
11410.0,6828136.9999999795,1.311135769878756e-15,51.59999999999997,180.0,0.0,191.5159927955769
11420.0,6828136.999999957,2.0816595104822816e-15,51.59999999999997,180.0,0.0,192.15711110652825
11430.0,6828137.000000003,1.620507214861411e-15,51.59999999999997,180.0,0.0,192.79822941747977
11440.0,6828137.0000000615,5.305201058250183e-15,51.59999999999997,180.0,0.0,193.43934772843116
11450.0,6828136.99999999,1.239481039201437e-15,51.59999999999997,180.0,0.0,194.08046603938257
11460.0,6828136.999999987,1.2031802500366263e-15,51.599999999999966,180.0,0.0,194.72158435033404
11470.0,6828136.999999978,1.3601342620771259e-15,51.59999999999997,180.0,0.0,195.36270266128545
11480.0,6828136.999999957,2.095396985584567e-15,51.59999999999997,180.0,0.0,196.00382097223687
11490.0,6828137.000000001,1.5936466527588607e-15,51.599999999999966,180.0,0.0,196.6449392831883
11500.0,6828137.00000006,5.193440230247836e-15,51.59999999999999,180.0,0.0,197.2860575941397
11510.0,6828136.99999999,1.2402031263268378e-15,51.59999999999997,180.0,0.0,197.92717590509116
11520.0,6828136.999999987,1.2251873234476361e-15,51.599999999999966,180.0,0.0,198.5682942160426
11530.0,6828136.9999999795,1.2113600371732256e-15,51.59999999999997,180.0,0.0,199.20941252699402
11540.0,6828136.999999957,1.9427108396714416e-15,51.59999999999997,180.0,0.0,199.85053083794548
11550.0,6828137.000000003,1.7485225973410183e-15,51.59999999999997,180.0,0.0,200.49164914889687
11560.0,6828137.00000006,5.1386067715134745e-15,51.59999999999999,180.0,0.0,201.13276745984828
11570.0,6828136.99999999,1.0805978726765136e-15,51.59999999999997,180.0,0.0,201.77388577079972
11580.0,6828136.999999985,1.0019810165805643e-15,51.59999999999999,180.0,0.0,202.41500408175116
11590.0,6828136.9999999795,9.975887817414118e-16,51.59999999999999,180.0,0.0,203.0561223927026
11600.0,6828136.999999957,1.901030735206996e-15,51.59999999999997,180.0,0.0,203.69724070365402
11610.0,6828137.000000001,1.5858834395338588e-15,51.59999999999997,180.0,0.0,204.33835901460546
11620.0,6828137.0000000615,5.387659733825338e-15,51.59999999999999,180.0,0.0,204.97947732555687
11630.0,6828136.9999999935,1.264408722749223e-15,51.59999999999997,180.0,0.0,205.6205956365083
11640.0,6828136.999999983,1.0292654616283037e-15,51.599999999999966,180.0,0.0,206.26171394745973
11650.0,6828136.999999978,1.0952970697694623e-15,51.59999999999999,180.0,0.0,206.90283225841117
11660.0,6828136.999999957,1.8254007077467903e-15,51.599999999999966,180.0,0.0,207.5439505693626
11670.0,6828137.000000003,1.6304871529353784e-15,51.599999999999966,180.0,0.0,208.18506888031405
11680.0,6828137.0000000615,5.302057547981496e-15,51.599999999999966,180.0,0.0,208.82618719126543
11690.0,6828136.9999999935,1.0985508379771044e-15,51.59999999999997,180.0,0.0,209.4673055022169
11700.0,6828136.999999987,8.679415324684349e-16,51.599999999999966,180.0,0.0,210.10842381316832
11710.0,6828136.9999999795,6.500132611206282e-16,51.59999999999997,180.0,0.0,210.74954212411973
11720.0,6828136.999999957,1.7475269657483592e-15,51.59999999999997,180.0,0.0,211.39066043507117
11730.0,6828137.000000001,1.3935575983485648e-15,51.59999999999997,180.0,0.0,212.03177874602258
11740.0,6828137.0000000615,5.284285272864619e-15,51.599999999999966,180.0,0.0,212.67289705697402
11750.0,6828136.9999999935,9.820727586610915e-16,51.599999999999966,180.0,0.0,213.3140153679255
11760.0,6828136.999999987,6.727935758198645e-16,51.599999999999966,180.0,0.0,213.95513367887688
11770.0,6828136.9999999795,5.02163512180775e-16,51.599999999999966,180.0,0.0,214.59625198982832
11780.0,6828136.999999957,1.7181000802813108e-15,51.599999999999966,180.0,0.0,215.23737030077973
11790.0,6828137.000000001,1.3941166004308883e-15,51.599999999999966,180.0,0.0,215.87848861173117
11800.0,6828137.0000000615,5.324781535325562e-15,51.599999999999966,180.0,0.0,216.5196069226826
11810.0,6828136.99999999,7.911099511172064e-16,51.599999999999966,180.0,0.0,217.16072523363403
11820.0,6828136.999999987,6.670484014635615e-16,51.599999999999966,180.0,0.0,217.80184354458547
11830.0,6828136.999999981,6.658142964485902e-16,51.59999999999997,180.0,0.0,218.44296185553688
11840.0,6828136.99999996,1.4047313366419696e-15,51.59999999999997,180.0,0.0,219.08408016648832
11850.0,6828137.000000003,1.6279857836500511e-15,51.599999999999966,180.0,0.0,219.72519847743973
11860.0,6828137.0000000615,5.423626804481076e-15,51.599999999999966,180.0,0.0,220.36631678839115
11870.0,6828136.999999992,9.305487848061658e-16,51.599999999999966,180.0,0.0,221.0074350993426
11880.0,6828136.999999987,5.971891043075909e-16,51.599999999999966,180.0,0.0,221.64855341029403
11890.0,6828136.999999981,4.2172590194265084e-16,51.59999999999997,180.0,0.0,222.28967172124547
11900.0,6828136.999999956,1.5604708725386496e-15,51.59999999999997,180.0,0.0,222.93079003219688
11910.0,6828137.000000003,1.6980228613973383e-15,51.59999999999997,180.0,0.0,223.57190834314832
11920.0,6828137.00000006,5.268382765284642e-15,51.59999999999997,180.0,0.0,224.21302665409976
11930.0,6828136.999999992,8.845046893064899e-16,51.59999999999997,180.0,0.0,224.85414496505118
11940.0,6828136.999999987,6.176862271069982e-16,51.599999999999966,180.0,0.0,225.4952632760026
11950.0,6828136.9999999795,4.1155077957009537e-16,51.599999999999966,180.0,0.0,226.13638158695403
11960.0,6828136.999999956,1.5935769717688694e-15,51.59999999999997,180.0,0.0,226.77749989790544
11970.0,6828137.000000001,1.4416346112627767e-15,51.59999999999997,180.0,0.0,227.41861820885688
11980.0,6828137.00000006,5.262219958931967e-15,51.59999999999999,180.0,0.0,228.05973651980833
11990.0,6828136.999999992,8.406211816769892e-16,51.599999999999966,180.0,0.0,228.70085483075977
12000.0,6828136.999999987,6.224199853396228e-16,51.599999999999966,180.0,0.0,229.34197314171118
12010.0,6828136.9999999795,3.3730197813467604e-16,51.599999999999966,180.0,0.0,229.98309145266262
12020.0,6828136.999999954,1.7868549936125875e-15,51.599999999999966,180.0,0.0,230.62420976361406
12030.0,6828137.000000001,1.4049495426773761e-15,51.599999999999966,180.0,0.0,231.2653280745655
12040.0,6828137.00000006,5.2450632961060574e-15,51.599999999999966,180.0,0.0,231.9064463855169
12050.0,6828136.999999992,7.873368982602076e-16,51.599999999999966,180.0,0.0,232.54756469646833
12060.0,6828136.999999987,4.107782694527836e-16,51.599999999999966,180.0,0.0,233.18868300741977
12070.0,6828136.999999978,2.961498629609777e-16,51.599999999999966,180.0,0.0,233.82980131837118
12080.0,6828136.999999956,1.6603146840407251e-15,51.59999999999997,180.0,0.0,125.52908037067736
12090.0,6828137.000000001,1.4039397654857444e-15,51.59999999999997,180.0,0.0,235.112037940274
12100.0,6828137.00000006,5.239654249556946e-15,51.599999999999966,180.0,0.0,235.75315625122545
12110.0,6828136.99999999,6.431185482818553e-16,51.599999999999966,180.0,0.0,236.3942745621769
12120.0,6828136.999999983,3.840995526275053e-17,51.599999999999966,180.0,0.0,237.03539287312833
12130.0,6828136.999999978,2.6193131544486263e-16,51.599999999999966,180.0,0.0,122.32348881592024
12140.0,6828136.999999954,1.8110666252864195e-15,51.59999999999997,180.0,0.0,121.6823705049688
12150.0,6828137.000000001,1.468673515085258e-15,51.599999999999966,180.0,0.0,121.04125219401736
12160.0,6828137.000000058,4.97856973887699e-15,51.599999999999966,180.0,0.0,120.40013388306595
12170.0,6828136.99999999,5.594190831514359e-16,51.599999999999966,180.0,0.0,119.75901557211452
12180.0,6828136.999999985,2.8782906253821184e-16,51.59999999999997,180.0,0.0,119.11789726116311
12190.0,6828136.999999978,2.755850914085228e-16,51.59999999999997,180.0,0.0,118.47677895021167
12200.0,6828136.999999954,1.8089165390016406e-15,51.599999999999966,180.0,0.0,117.83566063926023
12210.0,6828137.000000001,1.415955348558707e-15,51.599999999999966,180.0,0.0,117.1945423283088
12220.0,6828137.00000006,5.233661651025418e-15,51.599999999999966,180.0,0.0,243.4465759826426
12230.0,6828136.99999999,5.472070514460074e-16,51.599999999999966,180.0,0.0,115.91230570640595
12240.0,6828136.999999985,2.1510897658125807e-16,51.599999999999966,180.0,0.0,115.27118739545452
12250.0,6828136.9999999795,2.7196806150831567e-16,51.59999999999997,180.0,0.0,114.6300690845031
12260.0,6828136.999999956,1.7177189963466203e-15,51.599999999999966,180.0,0.0,113.98895077355166
12270.0,6828137.000000003,1.6230990229546027e-15,51.59999999999997,180.0,0.0,113.34783246260024
12280.0,6828137.000000058,4.987860478322894e-15,51.599999999999966,180.0,0.0,112.70671415164881
12290.0,6828136.99999999,6.908538871678693e-16,51.59999999999997,180.0,0.0,112.06559584069738
12300.0,6828136.999999985,4.1378065765051636e-16,51.59999999999999,180.0,0.0,111.42447752974594
12310.0,6828136.999999978,6.473602065324823e-16,51.59999999999999,180.0,0.0,110.78335921879452
12320.0,6828136.999999957,1.78375611669778e-15,51.59999999999997,180.0,0.0,110.14224090784309
12330.0,6828137.000000001,1.3939415617970721e-15,51.59999999999997,180.0,0.0,109.50112259689166
12340.0,6828137.00000006,5.112910405019975e-15,51.59999999999997,180.0,0.0,108.86000428594024
12350.0,6828136.999999989,5.244885969935359e-16,51.59999999999997,180.0,0.0,108.21888597498881
12360.0,6828136.999999987,5.352112283603501e-16,51.59999999999997,180.0,0.0,107.57776766403738
12370.0,6828136.999999978,6.76859327060206e-16,51.599999999999966,180.0,0.0,106.93664935308595
12380.0,6828136.999999955,1.9421910089933617e-15,51.59999999999997,180.0,0.0,106.29553104213451
12390.0,6828136.999999997,1.1443297713273743e-15,51.599999999999966,180.0,0.0,105.65441273118309
12400.0,6828137.00000006,5.1243070235858426e-15,51.599999999999966,180.0,0.0,105.01329442023167
12410.0,6828136.999999989,6.440444895911147e-16,51.59999999999997,180.0,0.0,104.37217610928023
12420.0,6828136.999999981,7.292818184503268e-16,51.59999999999997,180.0,0.0,103.7310577983288
12430.0,6828136.999999978,7.343071016365271e-16,51.59999999999999,180.0,0.0,103.08993948737738
12440.0,6828136.999999955,2.0858557817078806e-15,51.59999999999997,180.0,0.0,102.44882117642595
12450.0,6828136.999999997,1.1247443619278057e-15,51.59999999999997,180.0,0.0,101.80770286547452
12460.0,6828137.00000006,5.003359456843771e-15,51.59999999999997,180.0,0.0,101.16658455452308
12470.0,6828136.999999989,7.494182093109091e-16,51.59999999999997,180.0,0.0,100.52546624357167
12480.0,6828136.999999985,7.459266237655299e-16,51.59999999999997,180.0,0.0,99.88434793262023
12490.0,6828136.999999977,9.590141669863802e-16,51.59999999999997,180.0,0.0,99.2432296216688
12500.0,6828136.999999955,2.1245533583682514e-15,51.59999999999997,180.0,0.0,98.60211131071738
12510.0,6828136.999999997,1.1993281629670303e-15,51.59999999999997,180.0,0.0,97.96099299976595
12520.0,6828137.000000058,4.771529944828147e-15,51.59999999999997,180.0,0.0,97.31987468881452
12530.0,6828136.999999985,8.901636291944626e-16,51.59999999999999,180.0,0.0,96.67875637786308
12540.0,6828136.9999999795,1.051751371592503e-15,51.59999999999997,180.0,0.0,96.03763806691165
12550.0,6828136.999999975,1.2432766850019934e-15,51.59999999999997,180.0,0.0,95.39651975596024
12560.0,6828136.999999953,2.4162960122495905e-15,51.59999999999999,180.0,0.0,94.7554014450088
12570.0,6828136.999999999,1.429369604582801e-15,51.599999999999966,180.0,0.0,94.11428313405736
12580.0,6828137.000000058,4.797285620671639e-15,51.59999999999997,180.0,0.0,93.47316482310595
12590.0,6828136.999999985,1.0393331814694888e-15,51.59999999999999,180.0,0.0,92.83204651215452
12600.0,6828136.999999981,1.1040969827311383e-15,51.59999999999997,180.0,0.0,92.19092820120309
12610.0,6828136.999999973,1.5012802825014043e-15,51.59999999999997,180.0,0.0,91.54980989025167
12620.0,6828136.999999953,2.4142348805150115e-15,51.59999999999997,180.0,0.0,90.90869157930024
12630.0,6828136.999999995,1.1308777551275633e-15,51.59999999999997,180.0,0.0,90.26757326834881
12640.0,6828137.000000056,4.534002750586781e-15,51.59999999999997,180.0,0.0,89.62645495739739
12650.0,6828136.999999983,1.1756900469099113e-15,51.59999999999999,180.0,0.0,88.98533664644594
12660.0,6828136.9999999795,1.2166553363211408e-15,51.59999999999997,180.0,0.0,88.34421833549453
12670.0,6828136.999999971,1.7482921127002962e-15,51.59999999999997,180.0,0.0,87.70310002454309
12680.0,6828136.999999952,2.6836740485034793e-15,51.59999999999999,180.0,0.0,87.06198171359166
12690.0,6828136.999999995,1.2508512443429092e-15,51.59999999999997,180.0,0.0,86.42086340264024
12700.0,6828137.000000058,4.684278966305903e-15,51.59999999999999,180.0,0.0,85.77974509168881
12710.0,6828136.999999989,1.1509348592749525e-15,51.59999999999999,180.0,0.0,85.13862678073738
12720.0,6828136.999999978,1.52599530012133e-15,51.59999999999999,180.0,0.0,84.49750846978594
12730.0,6828136.999999971,1.8064356687015845e-15,51.59999999999997,180.0,0.0,83.85639015883453
12740.0,6828136.99999995,2.949911271173302e-15,51.59999999999997,180.0,0.0,83.2152718478831
12750.0,6828136.9999999935,1.2342364027084129e-15,51.59999999999997,180.0,0.0,82.57415353693166
12760.0,6828137.000000056,4.43939442458353e-15,51.59999999999997,180.0,0.0,81.93303522598023
12770.0,6828136.999999985,1.2892443186547252e-15,51.59999999999999,180.0,0.0,81.2919169150288
12780.0,6828136.999999978,1.5520104374850596e-15,51.59999999999999,180.0,0.0,80.65079860407738
12790.0,6828136.999999971,1.812439698018064e-15,51.59999999999999,180.0,0.0,80.00968029312595
12800.0,6828136.999999949,3.2172626410002863e-15,51.59999999999999,180.0,0.0,79.36856198217451
12810.0,6828136.9999999935,1.3011058095228669e-15,51.59999999999997,180.0,0.0,78.7274436712231
12820.0,6828137.000000056,4.470234168373915e-15,51.59999999999999,180.0,0.0,78.08632536027167
12830.0,6828136.999999984,1.4519190295791696e-15,51.59999999999999,180.0,0.0,77.44520704932023
12840.0,6828136.999999979,1.6065141000424987e-15,51.59999999999999,180.0,0.0,76.8040887383688
12850.0,6828136.999999971,2.0158201265949352e-15,51.59999999999999,180.0,0.0,76.16297042741738
12860.0,6828136.99999995,3.18734781857326e-15,51.59999999999999,180.0,0.0,75.52185211646595
12870.0,6828136.999999995,1.5902147643248735e-15,51.59999999999999,180.0,0.0,74.88073380551452
12880.0,6828137.000000054,4.1674459936042134e-15,51.59999999999997,180.0,0.0,74.2396154945631
12890.0,6828136.999999984,1.603409413975407e-15,51.59999999999999,180.0,0.0,73.59849718361167
12900.0,6828136.99999998,1.6540283898400301e-15,51.59999999999999,180.0,0.0,72.95737887266023
12910.0,6828136.999999974,2.0294494763263564e-15,51.59999999999999,180.0,0.0,72.31626056170882
12920.0,6828136.99999995,3.2970633634274683e-15,51.59999999999999,180.0,0.0,71.67514225075739
12930.0,6828136.999999996,1.3444657750646194e-15,51.59999999999997,180.0,0.0,71.03402393980596
12940.0,6828137.000000056,4.23036652130427e-15,51.59999999999999,180.0,0.0,70.39290562885452
12950.0,6828136.999999988,1.3919884823145625e-15,51.59999999999999,180.0,0.0,69.75178731790311
12960.0,6828136.999999977,1.9093650874236984e-15,51.59999999999999,180.0,0.0,69.11066900695168
12970.0,6828136.999999974,1.9157313153254334e-15,51.59999999999999,180.0,0.0,68.46955069600024
12980.0,6828136.999999949,3.5068953193761387e-15,51.59999999999999,180.0,0.0,67.82843238504881
12990.0,6828136.999999994,1.4646383180726201e-15,51.59999999999999,180.0,0.0,67.18731407409737
13000.0,6828137.000000052,3.7874117996778326e-15,51.59999999999999,180.0,0.0,66.54619576314597
13010.0,6828136.999999982,1.873861480507793e-15,51.59999999999999,180.0,0.0,65.90507745219453
13020.0,6828136.999999979,1.880427334601888e-15,51.59999999999999,180.0,0.0,65.2639591412431
13030.0,6828136.999999972,2.266326761194665e-15,51.59999999999999,180.0,0.0,64.62284083029168
13040.0,6828136.999999948,3.738834706258113e-15,51.59999999999999,180.0,0.0,63.981722519340245
13050.0,6828136.999999993,1.5026737344047164e-15,51.59999999999997,180.0,0.0,63.340604208388825
13060.0,6828137.000000056,3.958066394256131e-15,51.59999999999999,180.0,0.0,62.69948589743741
13070.0,6828136.999999984,1.6998022762061385e-15,51.59999999999999,180.0,0.0,62.058367586485964
13080.0,6828136.999999977,2.0627312395831695e-15,51.59999999999999,180.0,0.0,61.41724927553454
13090.0,6828136.999999972,2.1986346352127865e-15,51.59999999999999,180.0,0.0,60.77613096458312
13100.0,6828136.999999948,3.6655015862745995e-15,51.59999999999999,180.0,0.0,60.13501265363169
13110.0,6828136.999999996,1.2061121568254267e-15,51.59999999999999,180.0,0.0,59.49389434268026
13120.0,6828137.000000055,3.811028091433251e-15,51.59999999999999,180.0,0.0,58.85277603172883
13130.0,6828136.999999984,1.6682061347095563e-15,51.59999999999999,180.0,0.0,58.211657720777396
13140.0,6828136.999999977,2.013639675159997e-15,51.59999999999999,180.0,0.0,57.57053940982597
13150.0,6828136.99999997,2.5289047752706523e-15,51.59999999999999,180.0,0.0,56.92942109887455
13160.0,6828136.999999951,3.4466096754777573e-15,51.59999999999997,180.0,0.0,56.28830278792312
13170.0,6828136.999999993,1.3552590265481453e-15,51.59999999999999,180.0,0.0,55.6471844769717
13180.0,6828137.000000053,3.6113079220018745e-15,51.59999999999999,180.0,0.0,55.00606616602026
13190.0,6828136.999999982,1.9163618032483986e-15,51.59999999999997,180.0,0.0,54.36494785506883
13200.0,6828136.999999977,2.1769881750219456e-15,51.59999999999999,180.0,0.0,53.72382954411741
13210.0,6828136.999999972,2.399168934235767e-15,51.59999999999999,180.0,0.0,53.08271123316597
13220.0,6828136.999999951,3.498322659293377e-15,51.59999999999999,180.0,0.0,52.441592922214554
13230.0,6828136.999999994,1.5753026566024316e-15,51.59999999999997,180.0,0.0,51.80047461126312
13240.0,6828137.000000053,3.5742171666190814e-15,51.59999999999999,180.0,0.0,51.15935630031169
13250.0,6828136.999999986,1.838108092179684e-15,51.59999999999997,180.0,0.0,50.51823798936027
13260.0,6828136.99999998,2.1543344733608094e-15,51.59999999999999,180.0,0.0,49.87711967840883
13270.0,6828136.999999974,2.409249195348318e-15,51.59999999999999,180.0,0.0,49.236001367457405
13280.0,6828136.99999995,3.8818261187268165e-15,51.59999999999997,180.0,0.0,48.59488305650597
13290.0,6828136.999999996,1.6616343968033898e-15,51.59999999999999,180.0,0.0,47.95376474555455
13300.0,6828137.000000057,3.831309011201891e-15,51.59999999999999,180.0,0.0,47.312646434603124
13310.0,6828136.999999985,2.0658489165935357e-15,51.59999999999999,180.0,0.0,46.671528123651704
13320.0,6828136.99999998,2.266760538482424e-15,51.59999999999999,180.0,0.0,46.03040981270026
13330.0,6828136.99999997,2.886127237969242e-15,51.59999999999999,180.0,0.0,45.38929150174884
13340.0,6828136.999999946,4.403003106306094e-15,51.59999999999999,180.0,0.0,44.74817319079742
13350.0,6828136.9999999935,1.7693230208757955e-15,51.59999999999999,180.0,0.0,44.107054879846
13360.0,6828137.000000055,3.4121494730427427e-15,51.59999999999999,180.0,0.0,43.46593656889456
13370.0,6828136.999999985,2.0204151092155416e-15,51.59999999999999,180.0,0.0,42.82481825794313
13380.0,6828136.9999999795,2.4021324855092608e-15,51.59999999999999,180.0,0.0,42.1836999469917
13390.0,6828136.999999969,2.9311814927084764e-15,51.59999999999999,180.0,0.0,41.54258163604028
13400.0,6828136.999999948,4.202211831853474e-15,51.59999999999999,180.0,0.0,40.90146332508886
13410.0,6828136.999999994,1.4722441612774503e-15,51.59999999999999,180.0,0.0,40.260345014137435
13420.0,6828137.000000055,3.3459428735285085e-15,51.59999999999999,180.0,0.0,39.619226703186015
13430.0,6828136.999999987,1.8345057198874267e-15,51.59999999999999,180.0,0.0,38.97810839223459
13440.0,6828136.999999981,2.143439374505657e-15,51.59999999999999,180.0,0.0,38.33699008128316
13450.0,6828136.999999973,2.6548249591259618e-15,51.59999999999999,180.0,0.0,37.69587177033173
13460.0,6828136.9999999525,3.8544124011303815e-15,51.59999999999999,180.0,0.0,37.0547534593803
13470.0,6828136.999999997,1.6058998039860512e-15,51.59999999999997,180.0,0.0,36.41363514842886
13480.0,6828137.000000055,3.2713260970278468e-15,51.59999999999999,180.0,0.0,35.77251683747743
13490.0,6828136.999999987,2.0197999906506475e-15,51.59999999999999,180.0,0.0,35.131398526526006
13500.0,6828136.999999981,2.26718697691921e-15,51.59999999999999,180.0,0.0,34.49028021557458
13510.0,6828136.999999971,2.883757463049586e-15,51.59999999999999,180.0,0.0,33.84916190462315
13520.0,6828136.999999951,4.1271107493340665e-15,51.59999999999999,180.0,0.0,33.20804359367173
13530.0,6828136.9999999935,1.6524313669590253e-15,51.59999999999997,180.0,0.0,32.5669252827203
13540.0,6828137.000000053,3.0015908038462895e-15,51.59999999999999,180.0,0.0,31.925806971768885
13550.0,6828136.999999983,2.3226555886713643e-15,51.59999999999999,180.0,0.0,31.284688660817455
13560.0,6828136.9999999795,2.4189183284337563e-15,51.59999999999999,180.0,0.0,30.643570349866003
13570.0,6828136.999999971,2.978440465715967e-15,51.59999999999999,180.0,0.0,30.0024520389146
13580.0,6828136.99999995,4.203206786234716e-15,51.59999999999999,180.0,0.0,29.361333727963178
13590.0,6828136.999999995,1.7351341522314255e-15,51.59999999999997,180.0,0.0,28.72021541701174
13600.0,6828137.000000055,3.14593806175105e-15,51.59999999999997,180.0,0.0,28.07909710606033
13610.0,6828136.999999985,2.2262144623293117e-15,51.59999999999999,180.0,0.0,27.437978795108897
13620.0,6828136.999999978,2.6151321379716283e-15,51.59999999999999,180.0,0.0,26.796860484157445
13630.0,6828136.999999971,2.993568220925055e-15,51.59999999999999,180.0,0.0,26.155742173206058
13640.0,6828136.999999949,4.498812936824982e-15,51.59999999999999,180.0,0.0,25.51462386225459
13650.0,6828136.9999999935,1.860325834020851e-15,51.59999999999997,180.0,0.0,24.8735055513032
13660.0,6828137.000000054,2.900030397734519e-15,51.59999999999999,180.0,0.0,24.232387240351784
13670.0,6828136.999999983,2.3866730310640172e-15,51.59999999999999,180.0,0.0,23.591268929400343
13680.0,6828136.999999978,2.7361779050693154e-15,51.59999999999999,180.0,0.0,22.950150618448923
13690.0,6828136.999999971,3.1884454835401876e-15,51.59999999999999,180.0,0.0,22.30903230749749
13700.0,6828136.99999995,4.307684803116832e-15,51.59999999999999,180.0,0.0,21.667913996546062
13710.0,6828136.99999999,1.962905548183325e-15,51.59999999999999,180.0,0.0,21.026795685594628
13720.0,6828137.000000052,2.7170307227803566e-15,51.59999999999999,180.0,0.0,20.385677374643205
13730.0,6828136.999999983,2.481824428707689e-15,51.59999999999997,180.0,0.0,19.744559063691796
13740.0,6828136.999999977,2.903763640118099e-15,51.59999999999999,180.0,0.0,19.10344075274035
13750.0,6828136.999999971,3.121845816915184e-15,51.59999999999999,180.0,0.0,18.46232244178894
13760.0,6828136.99999995,4.366535588978546e-15,51.59999999999999,180.0,0.0,17.821204130837533
13770.0,6828136.999999992,1.8813352659422778e-15,51.59999999999999,180.0,0.0,17.18008581988607
13780.0,6828137.000000054,2.8499682495028208e-15,51.59999999999999,180.0,0.0,16.538967508934658
13790.0,6828136.999999983,2.4681959494641198e-15,51.59999999999999,180.0,0.0,15.897849197983225
13800.0,6828136.9999999795,2.7075207903051733e-15,51.59999999999999,180.0,0.0,15.256730887031823
13810.0,6828136.999999971,3.287460325771481e-15,51.59999999999999,180.0,0.0,14.615612576080409
13820.0,6828136.99999995,4.410372003184924e-15,51.59999999999999,180.0,0.0,13.97449426512897
13830.0,6828136.99999999,2.0708151056199142e-15,51.59999999999997,180.0,0.0,13.333375954177507
13840.0,6828137.000000054,2.7326976837982797e-15,51.59999999999997,180.0,0.0,12.692257643226103
13850.0,6828136.999999981,2.702624405458594e-15,51.59999999999997,180.0,0.0,12.051139332274657
13860.0,6828136.999999977,3.0113983885760432e-15,51.59999999999999,180.0,0.0,11.410021021323248
13870.0,6828136.999999971,3.2549516566978167e-15,51.59999999999999,180.0,0.0,10.768902710371849
13880.0,6828136.999999949,4.601681966989972e-15,51.59999999999999,180.0,0.0,10.127784399420367
13890.0,6828136.99999999,1.8936642014970475e-15,51.59999999999997,180.0,0.0,9.48666608846896
13900.0,6828137.000000054,2.621059985254652e-15,51.59999999999999,180.0,0.0,8.845547777517536
13910.0,6828136.999999981,2.6044565088752196e-15,51.59999999999997,180.0,0.0,8.204429466566102
13920.0,6828136.9999999795,2.602988311361615e-15,51.59999999999997,180.0,0.0,7.563311155614709
13930.0,6828136.999999969,3.4603726683348363e-15,51.59999999999999,180.0,0.0,6.922192844663302
13940.0,6828136.999999947,4.830055126410531e-15,51.59999999999999,180.0,0.0,6.281074533711812
13950.0,6828136.99999999,1.8153732235327865e-15,51.59999999999997,180.0,0.0,5.639956222760316
13960.0,6828137.000000054,2.574198279251729e-15,51.59999999999999,180.0,0.0,4.998837911808988
13970.0,6828136.999999983,2.3962585843194618e-15,51.59999999999997,180.0,0.0,4.35771960085757
13980.0,6828136.999999977,2.8822119220472747e-15,51.59999999999997,180.0,0.0,3.716601289906148
13990.0,6828136.999999969,3.260912079536856e-15,51.59999999999999,180.0,0.0,3.07548297895452
14000.0,6828136.999999949,4.676090452301689e-15,51.59999999999999,180.0,0.0,2.434364668003203
14010.0,6828136.99999999,1.8949112382348098e-15,51.59999999999999,180.0,0.0,1.7932463570516413
14020.0,6828137.000000052,2.3798774493958493e-15,51.59999999999999,180.0,0.0,1.1521280461002676
14030.0,6828136.999999982,2.526913726552179e-15,51.59999999999997,180.0,0.0,0.5110097351498315
14040.0,6828136.999999977,2.887198660059119e-15,51.59999999999999,180.0,0.0,0.1301085757996026
14050.0,6828136.999999967,3.515536534302529e-15,51.59999999999999,180.0,0.0,0.7712268867532077
14060.0,6828136.999999947,4.793069778182809e-15,51.59999999999999,180.0,0.0,1.4123451977053478
14070.0,6828136.9999999935,1.7027768985149814e-15,51.59999999999999,180.0,0.0,2.053463508656886
14080.0,6828137.00000005,2.0831304578210876e-15,51.59999999999997,180.0,0.0,2.694581819608207
14090.0,6828136.99999998,2.6222555176215297e-15,51.59999999999999,180.0,0.0,3.335700130559508
14100.0,6828136.999999977,2.8616610783656587e-15,51.59999999999997,180.0,0.0,3.9768184415110746
14110.0,6828136.999999969,3.3565003694475902e-15,51.59999999999999,180.0,0.0,4.617936752462458
14120.0,6828136.999999949,4.623511543407016e-15,51.59999999999999,180.0,0.0,5.259055063413892
14130.0,6828136.99999999,1.951527742073615e-15,51.59999999999997,180.0,0.0,5.900173374365291
14140.0,6828137.000000048,1.7907157504213006e-15,51.59999999999999,180.0,0.0,6.541291685316693
14150.0,6828136.999999982,2.457015187958249e-15,51.59999999999999,180.0,0.0,7.182409996268134
14160.0,6828136.999999976,3.08279620006595e-15,51.59999999999999,180.0,0.0,7.823528307219605
14170.0,6828136.999999968,3.462269396853449e-15,51.59999999999997,180.0,0.0,8.464646618170969
14180.0,6828136.999999947,4.8661208780645946e-15,51.599999999999966,180.0,0.0,9.105764929122397
14190.0,6828136.999999993,1.7091959318940623e-15,51.59999999999999,180.0,0.0,9.746883240073899
14200.0,6828137.000000048,1.7931518331838667e-15,51.59999999999999,180.0,0.0,10.38800155102526
14210.0,6828136.99999998,2.7040280790124923e-15,51.59999999999997,180.0,0.0,11.029119861976717
14220.0,6828136.999999977,2.830565129029584e-15,51.59999999999999,180.0,0.0,11.670238172928121
14230.0,6828136.99999997,3.344292945851224e-15,51.59999999999997,180.0,0.0,12.311356483879553
14240.0,6828136.999999945,5.138080143224662e-15,51.59999999999999,180.0,0.0,12.952474794830966
14250.0,6828136.999999993,1.7568861243763843e-15,51.59999999999999,180.0,0.0,13.593593105782416
14260.0,6828137.00000005,1.924235115091637e-15,51.59999999999999,180.0,0.0,14.234711416733829
14270.0,6828136.99999998,2.696618979651431e-15,51.59999999999999,180.0,0.0,14.875829727685234
14280.0,6828136.999999976,3.076273555509716e-15,51.59999999999999,180.0,0.0,15.51694803863665
14290.0,6828136.99999997,3.3285914955693675e-15,51.59999999999999,180.0,0.0,16.158066349588086
14300.0,6828136.999999947,4.990815681848226e-15,51.59999999999999,180.0,0.0,16.799184660539545
14310.0,6828136.999999993,1.6881429652974143e-15,51.59999999999999,180.0,0.0,17.440302971490993
14320.0,6828137.000000052,2.1759512502649424e-15,51.59999999999999,180.0,0.0,341.91857871755764
14330.0,6828136.99999998,2.683684026333192e-15,51.59999999999999,180.0,0.0,18.722539593393815
14340.0,6828136.999999976,3.063833984661741e-15,51.59999999999999,180.0,0.0,19.36365790434523
14350.0,6828136.999999968,3.4460836334820043e-15,51.59999999999999,180.0,0.0,20.004776215296676
14360.0,6828136.999999949,4.722917914759118e-15,51.59999999999999,180.0,0.0,339.3541054737519
14370.0,6828136.999999993,1.6613672473817027e-15,51.59999999999999,180.0,0.0,338.71298716280046
14380.0,6828137.000000052,2.328131804927636e-15,51.59999999999999,180.0,0.0,338.0718688518491
14390.0,6828136.999999984,2.2987089622271125e-15,51.59999999999999,180.0,0.0,337.4307505408976
14400.0,6828136.999999977,2.8087739041746142e-15,51.59999999999999,180.0,0.0,336.7896322299462
14410.0,6828136.999999968,3.4477447254801278e-15,51.59999999999999,180.0,0.0,336.14851391899475
14420.0,6828136.999999949,4.722342465825234e-15,51.599999999999994,180.0,0.0,335.50739560804334
14430.0,6828136.999999993,1.6592012546741346e-15,51.59999999999999,180.0,0.0,334.86627729709187
14440.0,6828137.000000052,2.1908902578338064e-15,51.599999999999994,180.0,0.0,334.2251589861405
14450.0,6828136.99999998,2.6815369465552475e-15,51.59999999999999,180.0,0.0,333.58404067518904
14460.0,6828136.999999976,3.0677064540041137e-15,51.59999999999999,180.0,0.0,332.94292236423763
14470.0,6828136.999999968,3.4482772304249986e-15,51.59999999999999,180.0,0.0,332.3018040532862
14480.0,6828136.999999949,4.723301812459483e-15,51.599999999999994,180.0,0.0,331.66068574233475
14490.0,6828136.99999999,1.9196527426513448e-15,51.599999999999994,180.0,0.0,331.0195674313834
14500.0,6828137.000000054,2.4603596804511966e-15,51.59999999999999,180.0,0.0,330.3784491204319
14510.0,6828136.999999982,2.4310950952354782e-15,51.59999999999999,180.0,0.0,329.7373308094805
14520.0,6828136.999999977,2.8194825175613838e-15,51.59999999999999,180.0,0.0,329.09621249852904
14530.0,6828136.99999997,3.3292668446121754e-15,51.59999999999999,180.0,0.0,328.4550941875777
14540.0,6828136.999999945,4.978347473442518e-15,51.599999999999994,180.0,0.0,327.8139758766263
14550.0,6828136.99999999,1.9145381776989847e-15,51.59999999999999,180.0,0.0,32.827142434325204
14560.0,6828137.000000052,2.3255942970661734e-15,51.59999999999999,180.0,0.0,326.5317392547234
14570.0,6828136.99999998,2.568044154642029e-15,51.599999999999994,180.0,0.0,325.8906209437719
14580.0,6828136.999999977,2.8273548205834376e-15,51.59999999999999,180.0,0.0,325.24950263282057
14590.0,6828136.999999969,3.341285952247945e-15,51.59999999999999,180.0,0.0,324.6083843218691
14600.0,6828136.999999947,4.723799429122931e-15,51.59999999999999,180.0,0.0,323.9672660109177
14610.0,6828136.999999988,2.0630246798179984e-15,51.59999999999999,180.0,0.0,323.3261476999662
14620.0,6828137.000000052,2.4172826973143775e-15,51.59999999999999,180.0,0.0,322.6850293890148
14630.0,6828136.99999998,2.596008725464651e-15,51.59999999999999,180.0,0.0,322.04391107806345
14640.0,6828136.999999974,3.1052210835009116e-15,51.59999999999999,180.0,0.0,321.402792767112
14650.0,6828136.999999968,3.4815796608888133e-15,51.59999999999999,180.0,0.0,320.76167445616056
14660.0,6828136.999999945,4.989077872714822e-15,51.59999999999999,180.0,0.0,320.1205561452091
14670.0,6828136.99999999,1.8386330043449594e-15,51.59999999999999,180.0,0.0,319.4794378342577
14680.0,6828137.000000052,2.4196772863778943e-15,51.59999999999999,180.0,0.0,318.83831952330627
14690.0,6828136.999999981,2.469720096951007e-15,51.59999999999999,180.0,0.0,318.19720121235486
14700.0,6828136.999999977,2.87227109550862e-15,51.599999999999994,180.0,0.0,317.55608290140344
14710.0,6828136.999999969,3.3877726174998262e-15,51.59999999999999,180.0,0.0,316.914964590452
14720.0,6828136.999999947,4.770277236523288e-15,51.59999999999999,180.0,0.0,316.2738462795006
14730.0,6828136.999999989,2.0857616098487686e-15,51.59999999999999,180.0,0.0,315.63272796854915
14740.0,6828137.000000052,2.6086175097073735e-15,51.59999999999999,180.0,0.0,314.99160965759773
14750.0,6828136.999999981,2.532274273987121e-15,51.599999999999994,180.0,0.0,314.35049134664627
14760.0,6828136.999999977,2.92880290569526e-15,51.599999999999994,180.0,0.0,313.70937303569485
14770.0,6828136.999999969,3.2814346010436517e-15,51.59999999999999,180.0,0.0,313.0682547247434
14780.0,6828136.999999947,4.641022610193976e-15,51.599999999999994,180.0,0.0,312.42713641379197
14790.0,6828136.999999989,1.9435872224171197e-15,51.59999999999999,180.0,0.0,311.7860181028406
14800.0,6828137.00000005,2.437085275527616e-15,51.599999999999994,180.0,0.0,311.14489979188915
14810.0,6828136.9999999795,2.690288713902133e-15,51.599999999999994,180.0,0.0,310.50378148093773
14820.0,6828136.999999975,3.08206773177234e-15,51.599999999999994,180.0,0.0,309.86266316998626
14830.0,6828136.999999966,3.553744136270491e-15,51.59999999999999,180.0,0.0,309.22154485903485
14840.0,6828136.999999949,4.406589322994467e-15,51.59999999999999,180.0,0.0,308.5804265480834
14850.0,6828136.99999999,1.814222918786681e-15,51.59999999999999,180.0,0.0,307.93930823713197
14860.0,6828137.00000005,2.5553475197024894e-15,51.59999999999999,180.0,0.0,307.2981899261806
14870.0,6828136.999999983,2.3442148000025056e-15,51.599999999999994,180.0,0.0,306.65707161522914
14880.0,6828136.999999978,2.5971909869282416e-15,51.599999999999994,180.0,0.0,306.01595330427773
14890.0,6828136.999999969,3.09494207744246e-15,51.599999999999994,180.0,0.0,305.3748349933263
14900.0,6828136.999999947,4.5574690446971986e-15,51.59999999999999,180.0,0.0,304.7337166823749
14910.0,6828136.999999992,1.59046656601464e-15,51.59999999999999,180.0,0.0,304.09259837142343
14920.0,6828137.000000054,3.0988457059623123e-15,51.59999999999999,180.0,0.0,303.451480060472
14930.0,6828136.999999981,2.380392945285044e-15,51.59999999999999,180.0,0.0,302.8103617495206
14940.0,6828136.999999977,2.758470484041503e-15,51.599999999999994,180.0,0.0,302.1692434385692
14950.0,6828136.999999967,3.2456106985366285e-15,51.59999999999999,180.0,0.0,301.5281251276178
14960.0,6828136.99999995,4.185013812624977e-15,51.59999999999999,180.0,0.0,300.8870068166663
14970.0,6828136.99999999,1.7927582294564e-15,51.59999999999999,180.0,0.0,300.2458885057149
14980.0,6828137.000000052,2.7972614702925883e-15,51.59999999999999,180.0,0.0,299.6047701947635
14990.0,6828136.999999981,2.396890336871331e-15,51.59999999999999,180.0,0.0,298.9636518838121
15000.0,6828136.999999978,2.5350019991301203e-15,51.59999999999999,180.0,0.0,298.3225335728606
15010.0,6828136.999999969,2.9980491123719655e-15,51.59999999999999,180.0,0.0,297.6814152619092
15020.0,6828136.999999945,4.5876256193445765e-15,51.59999999999999,180.0,0.0,297.0402969509578
15030.0,6828136.999999989,1.8951126843445233e-15,51.59999999999999,180.0,0.0,296.3991786400063
15040.0,6828137.000000052,2.9870765485803303e-15,51.59999999999999,180.0,0.0,295.7580603290549
15050.0,6828136.9999999795,2.5232839857733215e-15,51.59999999999999,180.0,0.0,295.1169420181035
15060.0,6828136.999999978,2.5467277747697018e-15,51.599999999999994,180.0,0.0,294.4758237071521
15070.0,6828136.999999969,3.056111127358115e-15,51.59999999999999,180.0,0.0,293.8347053962006
15080.0,6828136.999999947,4.343486030398275e-15,51.59999999999999,180.0,0.0,293.1935870852492
15090.0,6828136.999999992,1.5337301475181881e-15,51.59999999999999,180.0,0.0,292.5524687742978
15100.0,6828137.000000053,3.098702046708099e-15,51.599999999999994,180.0,0.0,291.91135046334637
15110.0,6828136.999999983,2.1237535767224884e-15,51.599999999999994,180.0,0.0,291.27023215239495
15120.0,6828136.999999978,2.4647279967391568e-15,51.59999999999999,180.0,0.0,290.6291138414435
15130.0,6828136.999999967,3.1576749575774892e-15,51.59999999999999,180.0,0.0,289.98799553049207
15140.0,6828136.999999945,4.459697703930058e-15,51.59999999999999,180.0,0.0,289.3468772195406
15150.0,6828136.999999992,1.4910663113629391e-15,51.59999999999999,180.0,0.0,288.7057589085892
15160.0,6828137.000000053,3.214452729163743e-15,51.59999999999999,180.0,0.0,288.0646405976378
15170.0,6828136.999999983,2.021551084997647e-15,51.59999999999999,180.0,0.0,287.42352228668636
15180.0,6828136.9999999795,2.15408611831691e-15,51.59999999999999,180.0,0.0,286.78240397573495
15190.0,6828136.999999967,3.0601071129105623e-15,51.59999999999999,180.0,0.0,286.14128566478354
15200.0,6828136.99999995,3.988052472958895e-15,51.59999999999999,180.0,0.0,285.5001673538321
15210.0,6828136.999999992,1.4008335109399918e-15,51.59999999999999,180.0,0.0,284.85904904288066
15220.0,6828137.000000053,3.358366767705008e-15,51.599999999999994,180.0,0.0,284.21793073192924
15230.0,6828136.999999983,2.036453175531254e-15,51.599999999999994,180.0,0.0,283.5768124209778
15240.0,6828136.9999999795,2.1338598247391055e-15,51.59999999999999,180.0,0.0,282.93569411002636
15250.0,6828136.999999969,2.8124617503213417e-15,51.59999999999999,180.0,0.0,282.29457579907495
15260.0,6828136.999999948,3.957306135946118e-15,51.59999999999999,180.0,0.0,281.6534574881235
15270.0,6828136.999999991,1.2938426227197004e-15,51.59999999999999,180.0,0.0,281.0123391771721
15280.0,6828137.000000053,3.5243274284492346e-15,51.59999999999999,180.0,0.0,280.37122086622065
15290.0,6828136.999999983,1.8366215144132287e-15,51.59999999999999,180.0,0.0,279.73010255526924
15300.0,6828136.999999979,2.0577867755365422e-15,51.59999999999999,180.0,0.0,279.08898424431777
15310.0,6828136.999999968,2.7566053623151723e-15,51.59999999999999,180.0,0.0,278.4478659333664
15320.0,6828136.999999948,3.946978332204567e-15,51.59999999999999,180.0,0.0,277.80674762241495
15330.0,6828136.999999991,1.4264721744390407e-15,51.59999999999999,180.0,0.0,277.16562931146353
15340.0,6828137.000000051,3.3773242604330648e-15,51.59999999999999,180.0,0.0,276.5245110005121
15350.0,6828136.999999983,1.9282089095586473e-15,51.59999999999999,180.0,0.0,275.88339268956065
15360.0,6828136.999999979,2.1439936943200355e-15,51.59999999999999,180.0,0.0,275.24227437860924
15370.0,6828136.99999997,2.5932978379439253e-15,51.59999999999999,180.0,0.0,274.60115606765777
15380.0,6828136.999999948,3.852431911972034e-15,51.59999999999999,180.0,0.0,273.9600377567064
15390.0,6828136.999999991,1.2583496278171535e-15,51.59999999999999,180.0,0.0,273.31891944575494
15400.0,6828137.000000051,3.4083442875671787e-15,51.59999999999999,180.0,0.0,272.67780113480353
15410.0,6828136.99999998,1.933843880524467e-15,51.59999999999999,180.0,0.0,272.0366828238521
15420.0,6828136.99999998,1.837899024903376e-15,51.59999999999999,180.0,0.0,271.39556451290065
15430.0,6828136.999999968,2.62414014524168e-15,51.59999999999999,180.0,0.0,270.7544462019493
15440.0,6828136.999999948,3.68177133941611e-15,51.59999999999999,180.0,0.0,270.1133278909978
15450.0,6828136.999999993,1.0824107906249822e-15,51.59999999999999,180.0,0.0,269.4722095800464
15460.0,6828137.000000053,3.657664753892717e-15,51.59999999999999,180.0,0.0,268.83109126909494
15470.0,6828136.999999982,1.732366200689092e-15,51.59999999999999,180.0,0.0,268.1899729581435
15480.0,6828136.999999976,2.178279097500138e-15,51.599999999999994,180.0,0.0,267.54885464719206
15490.0,6828136.99999997,2.409134194324209e-15,51.59999999999999,180.0,0.0,266.9077363362407
15500.0,6828136.999999948,3.700055260771516e-15,51.59999999999999,180.0,0.0,266.2666180252893
15510.0,6828136.999999991,1.2257975843488061e-15,51.59999999999999,180.0,0.0,265.6254997143378
15520.0,6828137.000000053,3.691706170515136e-15,51.59999999999999,180.0,0.0,264.9843814033864
15530.0,6828136.999999984,1.5696841830194282e-15,51.59999999999999,180.0,0.0,264.34326309243494
15540.0,6828136.999999977,1.976816295291352e-15,51.59999999999999,180.0,0.0,263.7021447814836
15550.0,6828136.999999968,2.531913757608173e-15,51.59999999999999,180.0,0.0,263.0610264705321
15560.0,6828136.999999951,3.1932823949454645e-15,51.59999999999999,180.0,0.0,262.4199081595807
15570.0,6828136.999999993,9.116874087406637e-16,51.59999999999999,180.0,0.0,261.7787898486293
15580.0,6828137.000000053,3.7462517294103195e-15,51.59999999999999,180.0,0.0,261.1376715376778
15590.0,6828136.999999984,1.4721344640942592e-15,51.59999999999999,180.0,0.0,260.4965532267264
15600.0,6828136.999999979,1.702128553679731e-15,51.59999999999999,180.0,0.0,259.85543491577494
15610.0,6828136.999999972,2.005246188905245e-15,51.59999999999999,180.0,0.0,259.2143166048236
15620.0,6828136.99999995,3.435914471321375e-15,51.59999999999999,180.0,0.0,258.5731982938721
15630.0,6828136.999999993,9.68018268492828e-16,51.59999999999999,180.0,0.0,257.9320799829207
15640.0,6828137.000000053,3.777172334319924e-15,51.59999999999999,180.0,0.0,257.2909616719693
15650.0,6828136.999999982,1.6189814861927747e-15,51.59999999999999,180.0,0.0,256.6498433610178
15660.0,6828136.999999979,1.7360293768388238e-15,51.59999999999999,180.0,0.0,256.00872505006646
15670.0,6828136.999999972,2.038369979515444e-15,51.59999999999999,180.0,0.0,255.367606739115
15680.0,6828136.99999995,3.2994494827407033e-15,51.59999999999999,180.0,0.0,254.72648842816355
15690.0,6828136.999999993,8.691225957810304e-16,51.59999999999999,180.0,0.0,254.08537011721214
15700.0,6828137.000000053,3.7649847877530755e-15,51.59999999999999,180.0,0.0,253.4442518062607
15710.0,6828136.999999986,1.2191447632147694e-15,51.59999999999999,180.0,0.0,252.80313349530925
15720.0,6828136.999999977,1.7078819098342113e-15,51.59999999999999,180.0,0.0,252.1620151843578
15730.0,6828136.99999997,2.1533835744116238e-15,51.59999999999999,180.0,0.0,251.52089687340643
15740.0,6828136.999999948,3.4149357094489982e-15,51.59999999999999,180.0,0.0,250.879778562455
15750.0,6828136.999999994,7.919805557843195e-16,51.59999999999999,180.0,0.0,250.23866025150355
15760.0,6828137.00000005,3.618316078292253e-15,51.59999999999999,180.0,0.0,249.59754194055213
15770.0,6828136.999999986,1.1373677817539462e-15,51.59999999999999,180.0,0.0,248.9564236296007
15780.0,6828136.999999977,1.635363474570781e-15,51.59999999999999,180.0,0.0,248.3153053186493
15790.0,6828136.999999972,1.8420204130084838e-15,51.59999999999999,180.0,0.0,247.67418700769787
15800.0,6828136.999999949,3.2519865256909456e-15,51.59999999999999,180.0,0.0,247.03306869674643
15810.0,6828136.999999994,8.014418421686509e-16,51.59999999999999,180.0,0.0,246.39195038579498
15820.0,6828137.00000005,3.629050262083593e-15,51.59999999999999,180.0,0.0,245.75083207484354
15830.0,6828136.999999984,1.1614516379923025e-15,51.59999999999999,180.0,0.0,245.10971376389213
15840.0,6828136.999999977,1.6571400544591289e-15,51.59999999999999,180.0,0.0,244.4685954529407
15850.0,6828136.99999997,2.004210545515935e-15,51.59999999999999,180.0,0.0,243.82747714198925
15860.0,6828136.999999949,3.2804041064143293e-15,51.59999999999999,180.0,0.0,243.18635883103786
15870.0,6828136.999999993,6.960706157529282e-16,51.59999999999999,180.0,0.0,242.54524052008642
15880.0,6828137.000000054,4.077208035442566e-15,51.59999999999999,180.0,0.0,241.90412220913498
15890.0,6828136.999999982,1.2443646525135914e-15,51.59999999999999,180.0,0.0,241.26300389818354
15900.0,6828136.999999977,1.4905126876577715e-15,51.59999999999999,180.0,0.0,240.62188558723216
15910.0,6828136.99999997,1.8455829686268458e-15,51.59999999999999,180.0,0.0,239.98076727628072
15920.0,6828136.999999949,3.1400208679934664e-15,51.59999999999999,180.0,0.0,239.3396489653293
15930.0,6828136.999999994,8.033218145408683e-16,51.59999999999999,180.0,0.0,238.69853065437786
15940.0,6828137.000000054,4.102004535693474e-15,51.59999999999999,180.0,0.0,238.05741234342642
15950.0,6828136.999999984,1.0340283696246449e-15,51.59999999999999,180.0,0.0,237.41629403247498
15960.0,6828136.999999977,1.5556629848479812e-15,51.59999999999999,180.0,0.0,236.77517572152354
15970.0,6828136.999999971,1.7815151763317777e-15,51.59999999999999,180.0,0.0,236.1340574105721
15980.0,6828136.99999995,2.9286892380064976e-15,51.599999999999994,180.0,0.0,235.4929390996207
15990.0,6828136.9999999935,7.980697476272005e-16,51.59999999999999,180.0,0.0,234.8518207886693
16000.0,6828137.000000054,4.220942078511058e-15,51.59999999999999,180.0,0.0,234.21070247771786
16010.0,6828136.999999984,9.920741603254306e-16,51.59999999999999,180.0,0.0,233.56958416676642
16020.0,6828136.9999999795,1.1738302865798895e-15,51.59999999999999,180.0,0.0,232.92846585581503
16030.0,6828136.999999971,1.7071407253874522e-15,51.599999999999994,180.0,0.0,232.2873475448636
16040.0,6828136.999999947,3.249304989110211e-15,51.59999999999999,180.0,0.0,231.64622923391215
16050.0,6828136.999999995,4.92156672765706e-16,51.59999999999999,180.0,0.0,231.0051109229607
16060.0,6828137.000000054,4.130597645499444e-15,51.59999999999999,180.0,0.0,230.36399261200927
16070.0,6828136.999999985,7.484221651004544e-16,51.599999999999994,180.0,0.0,229.72287430105786
16080.0,6828136.999999978,1.2206690412469628e-15,51.59999999999999,180.0,0.0,229.08175599010644
16090.0,6828136.999999973,1.3990503154117515e-15,51.59999999999999,180.0,0.0,228.440637679155
16100.0,6828136.99999995,2.711290755416677e-15,51.60000000000001,180.0,0.0,227.7995193682036
16110.0,6828136.9999999935,4.71804099136664e-16,51.59999999999999,180.0,0.0,227.15840105725212
16120.0,6828137.000000056,4.520153596680389e-15,51.599999999999994,180.0,0.0,226.5172827463007
16130.0,6828136.999999981,9.991952313992702e-16,51.59999999999999,180.0,0.0,225.87616443534927
16140.0,6828136.9999999795,9.390914037083331e-16,51.599999999999994,180.0,0.0,225.23504612439785
16150.0,6828136.999999969,1.7502272921212891e-15,51.599999999999994,180.0,0.0,224.59392781344647
16160.0,6828136.99999995,2.7056124129398686e-15,51.60000000000001,180.0,0.0,223.95280950249503
16170.0,6828136.9999999935,5.527388494307364e-16,51.59999999999999,180.0,0.0,223.3116911915436
16180.0,6828137.000000056,4.407468813363455e-15,51.59999999999999,180.0,0.0,222.67057288059215
16190.0,6828136.999999981,9.718626552842604e-16,51.599999999999994,180.0,0.0,222.0294545696407
16200.0,6828136.999999977,1.270911297048033e-15,51.59999999999999,180.0,0.0,221.3883362586893
16210.0,6828136.999999971,1.523004795277199e-15,51.59999999999999,180.0,0.0,220.74721794773788
16220.0,6828136.999999949,2.8534322032365913e-15,51.59999999999999,180.0,0.0,220.10609963678647
16230.0,6828136.999999995,6.464509586539889e-16,51.59999999999999,180.0,0.0,219.46498132583503
16240.0,6828137.000000054,4.409144609184041e-15,51.59999999999999,180.0,0.0,218.82386301488359
16250.0,6828136.999999983,7.124138781624392e-16,51.59999999999999,180.0,0.0,218.18274470393214
16260.0,6828136.999999978,1.0407141269478752e-15,51.599999999999994,180.0,0.0,217.5416263929807
16270.0,6828136.999999973,1.2361410478919838e-15,51.599999999999994,180.0,0.0,216.9005080820293
16280.0,6828136.999999947,2.965357340930647e-15,51.59999999999999,180.0,0.0,216.25938977107788
16290.0,6828136.999999992,5.423261940500042e-16,51.59999999999999,180.0,0.0,215.61827146012644
16300.0,6828137.000000054,4.444146851000774e-15,51.599999999999994,180.0,0.0,214.97715314917502
16310.0,6828136.999999981,9.433251140048468e-16,51.599999999999994,180.0,0.0,214.33603483822358
16320.0,6828136.999999978,1.0506440613883296e-15,51.599999999999994,180.0,0.0,213.69491652727214
16330.0,6828136.999999971,1.4267039138310436e-15,51.60000000000001,180.0,0.0,213.05379821632073
16340.0,6828136.999999949,2.7285147793025785e-15,51.599999999999994,180.0,0.0,212.4126799053693
16350.0,6828136.9999999935,6.034610300381963e-16,51.599999999999994,180.0,0.0,211.77156159441788
16360.0,6828137.000000052,4.2621393187117984e-15,51.599999999999994,180.0,0.0,211.1304432834664
16370.0,6828136.999999983,6.529898244054602e-16,51.599999999999994,180.0,0.0,210.48932497251502
16380.0,6828136.999999978,9.00331896604483e-16,51.599999999999994,180.0,0.0,209.84820666156358
16390.0,6828136.999999973,1.143629728804039e-15,51.599999999999994,180.0,0.0,209.20708835061217
16400.0,6828136.999999952,2.3198387864097947e-15,51.60000000000001,180.0,0.0,208.56597003966073
16410.0,6828136.9999999935,5.01142800180255e-16,51.599999999999994,180.0,0.0,207.92485172870926
16420.0,6828137.000000054,4.395011653955692e-15,51.599999999999994,180.0,0.0,207.28373341775784
16430.0,6828136.999999983,5.1985782588364405e-16,51.599999999999994,180.0,0.0,206.6426151068064
16440.0,6828136.999999978,8.816739395502074e-16,51.599999999999994,180.0,0.0,206.00149679585502
16450.0,6828136.999999971,1.3263419010572574e-15,51.599999999999994,180.0,0.0,205.36037848490358
16460.0,6828136.999999949,2.692412099239637e-15,51.599999999999994,180.0,0.0,204.71926017395216
16470.0,6828136.9999999935,5.329861865216049e-16,51.59999999999999,180.0,0.0,204.07814186300072
16480.0,6828137.000000054,4.509253169321795e-15,51.599999999999994,180.0,0.0,203.43702355204928
16490.0,6828136.999999983,5.421274703135023e-16,51.599999999999994,180.0,0.0,202.79590524109784
16500.0,6828136.999999978,8.596907672094439e-16,51.60000000000001,180.0,0.0,202.15478693014643
16510.0,6828136.999999971,1.2063439451286627e-15,51.599999999999994,180.0,0.0,201.513668619195
16520.0,6828136.99999995,2.4307292197924646e-15,51.59999999999999,180.0,0.0,200.87255030824358
16530.0,6828136.999999992,4.2789424846870676e-16,51.59999999999999,180.0,0.0,200.23143199729213
16540.0,6828137.000000054,4.502288125143061e-15,51.599999999999994,180.0,0.0,199.59031368634072
16550.0,6828136.999999983,5.279709426532645e-16,51.599999999999994,180.0,0.0,198.94919537538928
16560.0,6828136.999999975,1.1018245124349296e-15,51.599999999999994,180.0,0.0,198.30807706443784
16570.0,6828136.999999969,1.3381106152618449e-15,51.59999999999999,180.0,0.0,197.6669587534864
16580.0,6828136.999999949,2.564533997802645e-15,51.59999999999999,180.0,0.0,197.02584044253499
16590.0,6828136.99999999,3.103016685732696e-16,51.599999999999994,180.0,0.0,196.38472213158357
16600.0,6828137.000000054,4.495505027445795e-15,51.59999999999999,180.0,0.0,195.7436038206322
16610.0,6828136.999999983,4.591262989300401e-16,51.599999999999994,180.0,0.0,195.10248550968075
16620.0,6828136.999999978,8.033182455396724e-16,51.599999999999994,180.0,0.0,194.4613671987293
16630.0,6828136.999999971,1.1667299179274095e-15,51.599999999999994,180.0,0.0,193.8202488877779
16640.0,6828136.999999949,2.552910930353455e-15,51.599999999999994,180.0,0.0,193.17913057682642
16650.0,6828136.99999999,2.6013968473945643e-16,51.599999999999994,180.0,0.0,192.53801226587495
16660.0,6828137.000000054,4.480405715319674e-15,51.59999999999999,180.0,0.0,191.89689395492357
16670.0,6828136.999999983,4.145177277087252e-16,51.599999999999994,180.0,0.0,191.25577564397216
16680.0,6828136.9999999795,5.373232553055177e-16,51.60000000000001,180.0,0.0,190.61465733302074
16690.0,6828136.999999971,1.157391942620391e-15,51.599999999999994,180.0,0.0,189.97353902206928
16700.0,6828136.999999952,2.170334586004984e-15,51.599999999999994,180.0,0.0,170.66757928888214
16710.0,6828136.999999995,6.663246019912038e-16,51.599999999999994,180.0,0.0,171.30869759983355
16720.0,6828137.000000055,4.594865980575401e-15,51.60000000000001,180.0,0.0,188.050184089215
16730.0,6828136.999999983,3.9261696461582574e-16,51.60000000000001,180.0,0.0,172.59093422173643
16740.0,6828136.9999999795,5.141310296558797e-16,51.60000000000001,180.0,0.0,173.23205253268782
16750.0,6828136.999999971,1.1498360956865284e-15,51.599999999999994,180.0,0.0,173.87317084363931
16760.0,6828136.99999995,2.4312593004989215e-15,51.60000000000001,180.0,0.0,174.51428915459064
16770.0,6828136.999999995,6.68731864372519e-16,51.599999999999994,180.0,0.0,175.15540746554217
16780.0,6828137.000000056,4.594712572363025e-15,51.600000000000016,180.0,0.0,175.7965257764935
16790.0,6828136.999999983,4.476205834139266e-16,51.60000000000001,180.0,0.0,176.43764408744514
16800.0,6828136.999999978,7.948260615402498e-16,51.600000000000016,180.0,0.0,177.07876239839624
16810.0,6828136.999999971,1.174519225275657e-15,51.600000000000016,180.0,0.0,177.71988070934768
16820.0,6828136.99999995,2.4686187218456207e-15,51.60000000000001,180.0,0.0,178.36099902029918
16830.0,6828136.999999995,8.652737828861981e-16,51.60000000000001,180.0,0.0,179.00211733125076
16840.0,6828137.000000054,4.354032549013252e-15,51.60000000000001,180.0,0.0,179.6432356422022
16850.0,6828136.999999983,5.718715778157161e-16,51.60000000000001,180.0,0.0,179.71564604684605
16860.0,6828136.999999978,8.756508393130971e-16,51.600000000000016,180.0,0.0,179.07452773589517
16870.0,6828136.999999969,1.4844866703237718e-15,51.600000000000016,180.0,0.0,178.43340942494353
16880.0,6828136.99999995,2.5373540943208043e-15,51.599999999999994,180.0,0.0,177.79229111399215
16890.0,6828136.999999992,8.773547006690321e-16,51.60000000000001,180.0,0.0,177.1511728030407
16900.0,6828137.000000052,4.260848414328748e-15,51.600000000000016,180.0,0.0,176.5100544920893
16910.0,6828136.9999999795,1.147382341164009e-15,51.60000000000001,180.0,0.0,175.86893618113783
16920.0,6828136.999999977,1.250455745773892e-15,51.600000000000016,180.0,0.0,175.22781787018639
16930.0,6828136.999999969,1.7268705784445393e-15,51.600000000000016,180.0,0.0,174.58669955923494
16940.0,6828136.999999949,2.9794013088877117e-15,51.60000000000001,180.0,0.0,173.94558124828353
16950.0,6828136.999999992,9.595317585117081e-16,51.60000000000001,180.0,0.0,173.30446293733218
16960.0,6828137.000000052,4.132182591934568e-15,51.60000000000001,180.0,0.0,172.6633446263807
16970.0,6828136.9999999795,1.2137805046628368e-15,51.599999999999994,180.0,0.0,172.02222631542932
16980.0,6828136.999999977,1.3855290049836148e-15,51.60000000000001,180.0,0.0,171.3811080044779
16990.0,6828136.999999969,1.741788415823096e-15,51.59999999999999,180.0,0.0,170.73998969352644
17000.0,6828136.999999949,2.9362076077734e-15,51.60000000000001,180.0,0.0,170.098871382575
17010.0,6828136.99999999,6.945265104349779e-16,51.60000000000001,180.0,0.0,169.4577530716236
17020.0,6828137.000000052,4.099165069416666e-15,51.599999999999994,180.0,0.0,168.81663476067217
17030.0,6828136.9999999795,1.1163400553357823e-15,51.600000000000016,180.0,0.0,168.17551644972073
17040.0,6828136.999999977,1.2961740482216103e-15,51.60000000000001,180.0,0.0,167.5343981387693
17050.0,6828136.999999969,1.6387592691286516e-15,51.600000000000016,180.0,0.0,166.89327982781788
17060.0,6828136.999999945,3.2530063343256906e-15,51.599999999999994,180.0,0.0,166.25216151686647
17070.0,6828136.999999992,5.96197317954916e-16,51.599999999999994,180.0,0.0,165.61104320591497
17080.0,6828137.000000048,3.592871864343413e-15,51.60000000000001,180.0,0.0,164.96992489496358
17090.0,6828136.99999998,1.118758166763807e-15,51.599999999999994,180.0,0.0,164.32880658401214
17100.0,6828136.999999976,1.420996323664473e-15,51.60000000000001,180.0,0.0,163.6876882730607
17110.0,6828136.999999967,1.9123015483999645e-15,51.60000000000001,180.0,0.0,163.0465699621093
17120.0,6828136.999999947,3.3086701399431943e-15,51.60000000000001,180.0,0.0,162.40545165115788
17130.0,6828136.99999999,9.095737645159749e-16,51.599999999999994,180.0,0.0,161.76433334020643
17140.0,6828137.000000048,3.6165402702208914e-15,51.60000000000001,180.0,0.0,161.123215029255
17150.0,6828136.999999977,1.4405690098495645e-15,51.60000000000001,180.0,0.0,160.48209671830358
17160.0,6828136.999999976,1.4128434946383655e-15,51.60000000000001,180.0,0.0,159.84097840735214
17170.0,6828136.999999968,1.8826056649898537e-15,51.60000000000001,180.0,0.0,159.1998600964007
17180.0,6828136.999999945,3.261503242018203e-15,51.60000000000001,180.0,0.0,158.5587417854493
17190.0,6828136.99999999,6.304190811431483e-16,51.60000000000001,180.0,0.0,157.91762347449784
17200.0,6828137.000000048,3.587118828363438e-15,51.60000000000001,180.0,0.0,157.27650516354646
17210.0,6828136.99999998,1.0439728161704865e-15,51.599999999999994,180.0,0.0,156.63538685259502
17220.0,6828136.999999977,1.2949241347648802e-15,51.60000000000001,180.0,0.0,155.99426854164358
17230.0,6828136.999999968,1.8604382816866728e-15,51.60000000000001,180.0,0.0,155.35315023069214
17240.0,6828136.999999947,3.2701361518907125e-15,51.60000000000001,180.0,0.0,154.71203191974072
17250.0,6828136.999999991,6.928190192005582e-16,51.60000000000001,180.0,0.0,154.07091360878928
17260.0,6828137.00000005,3.720753344193775e-15,51.60000000000001,180.0,0.0,153.42979529783784
17270.0,6828136.999999982,1.0225765081594086e-15,51.600000000000016,180.0,0.0,152.78867698688643
17280.0,6828136.999999976,1.3979977809376084e-15,51.60000000000001,180.0,0.0,152.14755867593502
17290.0,6828136.999999968,1.8902329081692568e-15,51.600000000000016,180.0,0.0,151.50644036498358
17300.0,6828136.999999945,3.544374192690809e-15,51.60000000000001,180.0,0.0,150.86532205403216
17310.0,6828136.999999991,8.589563321377896e-16,51.599999999999994,180.0,0.0,150.2242037430807
17320.0,6828137.00000005,3.747096283429986e-15,51.60000000000001,180.0,0.0,149.58308543212928
17330.0,6828136.999999982,1.0482399954560003e-15,51.60000000000001,180.0,0.0,148.94196712117787
17340.0,6828136.999999979,1.1799900004975743e-15,51.60000000000001,180.0,0.0,148.30084881022643
17350.0,6828136.99999997,1.811226998843787e-15,51.600000000000016,180.0,0.0,147.659730499275
17360.0,6828136.999999945,3.548995833057676e-15,51.599999999999994,180.0,0.0,147.01861218832357
17370.0,6828136.999999991,7.399916513612283e-16,51.599999999999994,180.0,0.0,146.37749387737216
17380.0,6828137.00000005,3.612343824730298e-15,51.60000000000001,180.0,0.0,145.73637556642072
17390.0,6828136.99999998,1.2875259335887138e-15,51.599999999999994,180.0,0.0,145.09525725546928
17400.0,6828136.999999976,1.5396514012153503e-15,51.60000000000001,180.0,0.0,144.45413894451787
17410.0,6828136.99999997,1.806239928960225e-15,51.600000000000016,180.0,0.0,143.81302063356642
17420.0,6828136.999999947,3.2975238525866213e-15,51.60000000000001,180.0,0.0,143.171902322615
17430.0,6828136.999999991,7.988534090932189e-16,51.599999999999994,180.0,0.0,142.5307840116636
17440.0,6828137.000000052,3.866416694179946e-15,51.60000000000001,180.0,0.0,141.88966570071216
17450.0,6828136.999999982,1.123375429916965e-15,51.60000000000001,180.0,0.0,141.24854738976074
17460.0,6828136.999999977,1.4697762141041442e-15,51.60000000000001,180.0,0.0,140.6074290788093
17470.0,6828136.999999968,2.0217228608474992e-15,51.60000000000001,180.0,0.0,139.96631076785786
17480.0,6828136.999999947,3.424413989261424e-15,51.60000000000001,180.0,0.0,139.32519245690645
17490.0,6828136.999999993,7.415765513446419e-16,51.60000000000001,180.0,0.0,138.68407414595498
17500.0,6828137.000000052,3.730254941048592e-15,51.60000000000001,180.0,0.0,138.0429558350036
17510.0,6828136.99999998,1.3589290849848161e-15,51.600000000000016,180.0,0.0,137.40183752405218
17520.0,6828136.999999977,1.5521075949575776e-15,51.599999999999994,180.0,0.0,136.76071921310074
17530.0,6828136.99999997,1.8815159624281835e-15,51.600000000000016,180.0,0.0,136.1196009021493
17540.0,6828136.999999947,3.3825843334843996e-15,51.599999999999994,180.0,0.0,135.4784825911979
17550.0,6828136.999999993,6.315776220373633e-16,51.599999999999994,180.0,0.0,134.83736428024645
17560.0,6828137.00000005,3.4611418816512473e-15,51.60000000000001,180.0,0.0,134.19624596929503
17570.0,6828136.999999982,1.1280311254004764e-15,51.60000000000001,180.0,0.0,133.5551276583436
17580.0,6828136.999999979,1.2473239702505797e-15,51.600000000000016,180.0,0.0,132.91400934739218
17590.0,6828136.99999997,1.891918221433802e-15,51.600000000000016,180.0,0.0,132.27289103644074
17600.0,6828136.999999947,3.4148196690840155e-15,51.60000000000001,180.0,0.0,131.6317727254893
17610.0,6828136.999999993,7.907793881107544e-16,51.60000000000001,180.0,0.0,130.9906544145379
17620.0,6828137.00000005,3.4756127115692987e-15,51.599999999999994,180.0,0.0,130.34953610358644
17630.0,6828136.999999986,9.515746730633604e-16,51.60000000000001,180.0,0.0,129.708417792635
17640.0,6828136.999999977,1.484234596150478e-15,51.60000000000001,180.0,0.0,129.0672994816836
17650.0,6828136.999999972,1.7161505519045163e-15,51.60000000000001,180.0,0.0,128.42618117073218
17660.0,6828136.999999948,3.3472625964988872e-15,51.599999999999994,180.0,0.0,127.78506285978072
17670.0,6828136.999999993,5.422929140015982e-16,51.599999999999994,180.0,0.0,127.14394454882931
17680.0,6828137.000000051,3.458292279727424e-15,51.599999999999994,180.0,0.0,126.50282623787788
17690.0,6828136.999999984,1.106841848630682e-15,51.60000000000001,180.0,0.0,125.86170792692644
17700.0,6828136.999999977,1.4809598487866991e-15,51.60000000000001,180.0,0.0,125.22058961597503
17710.0,6828136.99999997,1.9816541607179398e-15,51.60000000000001,180.0,0.0,124.5794713050236
17720.0,6828136.999999948,3.3854640151917134e-15,51.599999999999994,180.0,0.0,123.93835299407219
17730.0,6828136.999999991,8.449564312879399e-16,51.60000000000001,180.0,0.0,123.29723468312075
17740.0,6828137.000000053,3.603650476355351e-15,51.60000000000001,180.0,0.0,122.65611637216934
17750.0,6828136.999999984,1.2137507498885122e-15,51.60000000000001,180.0,0.0,122.0149980612179
17760.0,6828136.999999976,1.8821603651371014e-15,51.60000000000001,180.0,0.0,121.37387975026647
17770.0,6828136.999999972,1.910458544772707e-15,51.60000000000001,180.0,0.0,120.73276143931503
17780.0,6828136.999999948,3.5458228993922233e-15,51.60000000000001,180.0,0.0,120.09164312836359
17790.0,6828136.99999999,1.2507992828859294e-15,51.599999999999994,180.0,0.0,119.45052481741219
17800.0,6828137.000000053,3.647880316509862e-15,51.599999999999994,180.0,0.0,118.80940650646075
17810.0,6828136.999999984,1.4336251106958979e-15,51.60000000000001,180.0,0.0,118.1682881955093
17820.0,6828136.999999977,1.7998321869723375e-15,51.59999999999999,180.0,0.0,117.52716988455789
17830.0,6828136.99999997,2.1586631143679746e-15,51.60000000000001,180.0,0.0,116.88605157360647
17840.0,6828136.999999948,3.538687267944961e-15,51.60000000000001,180.0,0.0,116.24493326265502
17850.0,6828136.999999991,9.626449313095151e-16,51.60000000000001,180.0,0.0,115.60381495170361
17860.0,6828137.000000053,3.580838103370573e-15,51.60000000000001,180.0,0.0,114.96269664075217
17870.0,6828136.999999984,1.2978543503924297e-15,51.60000000000001,180.0,0.0,114.32157832980074
17880.0,6828136.999999974,2.12325567543999e-15,51.60000000000001,180.0,0.0,113.68046001884933
17890.0,6828136.9999999665,2.634559756936327e-15,51.60000000000001,180.0,0.0,113.03934170789789
17900.0,6828136.999999946,3.890736938543479e-15,51.60000000000001,180.0,0.0,112.39822339694648
17910.0,6828136.999999991,1.0252526433097623e-15,51.599999999999994,180.0,0.0,111.75710508599504
17920.0,6828137.000000051,3.225531379350315e-15,51.60000000000001,180.0,0.0,111.11598677504361
17930.0,6828136.99999998,1.76569125713277e-15,51.599999999999994,180.0,0.0,110.47486846409218
17940.0,6828136.999999976,2.043068325184272e-15,51.60000000000001,180.0,0.0,109.83375015314076
17950.0,6828136.9999999665,2.6506772009380815e-15,51.60000000000001,180.0,0.0,109.19263184218933
17960.0,6828136.999999948,3.662568485824116e-15,51.599999999999994,180.0,0.0,108.55151353123789
17970.0,6828136.999999988,1.374839797216609e-15,51.599999999999994,180.0,0.0,107.91039522028646
17980.0,6828137.000000049,3.0958779719609213e-15,51.599999999999994,180.0,0.0,107.26927690933505
17990.0,6828136.99999998,1.805662921255514e-15,51.60000000000001,180.0,0.0,106.6281585983836
18000.0,6828136.999999974,2.259332749002031e-15,51.599999999999994,180.0,0.0,105.9870402874322
18010.0,6828136.9999999665,2.6375107201448376e-15,51.599999999999994,180.0,0.0,105.34592197648075
18020.0,6828136.999999946,3.930529371193163e-15,51.599999999999994,180.0,0.0,104.70480366552933
18030.0,6828136.99999999,1.2493601663357936e-15,51.599999999999994,180.0,0.0,104.0636853545779
18040.0,6828137.000000049,2.9910207386701005e-15,51.599999999999994,180.0,0.0,103.42256704362647
18050.0,6828136.99999998,1.794120704595848e-15,51.599999999999994,180.0,0.0,102.78144873267505
18060.0,6828136.999999975,2.2734876735741846e-15,51.599999999999994,180.0,0.0,102.14033042172363
18070.0,6828136.9999999665,2.7642768083890563e-15,51.599999999999994,180.0,0.0,101.49921211077219
18080.0,6828136.999999946,4.045238126272166e-15,51.599999999999994,180.0,0.0,100.85809379982076
18090.0,6828136.99999999,1.3299803309331474e-15,51.599999999999994,180.0,0.0,100.21697548886934
18100.0,6828137.0000000475,2.7419959965743517e-15,51.60000000000001,180.0,0.0,99.57585717791792
18110.0,6828136.9999999795,1.933962556735471e-15,51.599999999999994,180.0,0.0,98.93473886696648
18120.0,6828136.999999973,2.4050183456885565e-15,51.60000000000001,180.0,0.0,98.29362055601506
18130.0,6828136.999999965,2.8821372927051887e-15,51.60000000000001,180.0,0.0,97.65250224506363
18140.0,6828136.999999946,4.00983149206521e-15,51.599999999999994,180.0,0.0,97.01138393411222
18150.0,6828136.999999989,1.254404416592617e-15,51.60000000000001,180.0,0.0,96.37026562316079
18160.0,6828137.0000000475,2.691575526173316e-15,51.599999999999994,180.0,0.0,95.72914731220936
18170.0,6828136.999999981,1.7712730217101774e-15,51.599999999999994,180.0,0.0,95.08802900125792
18180.0,6828136.999999975,2.2457942247221784e-15,51.59999999999999,180.0,0.0,94.4469106903065
18190.0,6828136.999999966,2.865231526559288e-15,51.599999999999994,180.0,0.0,93.80579237935507
18200.0,6828136.999999946,4.0184818110864826e-15,51.59999999999999,180.0,0.0,93.16467406840364
18210.0,6828136.99999999,1.2481865605909502e-15,51.59999999999999,180.0,0.0,92.52355575745221
18220.0,6828137.000000049,2.8453900271820483e-15,51.599999999999994,180.0,0.0,91.88243744650079
18230.0,6828136.9999999795,2.0217223642943355e-15,51.59999999999999,180.0,0.0,91.24131913554936
18240.0,6828136.999999973,2.4980427089287823e-15,51.599999999999994,180.0,0.0,90.60020082459792
18250.0,6828136.999999967,2.7371486114335292e-15,51.59999999999999,180.0,0.0,89.9590825136465
18260.0,6828136.999999942,4.514901466621301e-15,51.59999999999999,180.0,0.0,89.3179642026951
18270.0,6828136.99999999,1.3230568355396128e-15,51.59999999999999,180.0,0.0,88.67684589174365
18280.0,6828137.000000051,2.8432339053812868e-15,51.59999999999999,180.0,0.0,88.03572758079223
18290.0,6828136.999999981,1.9069698138218176e-15,51.59999999999999,180.0,0.0,87.3946092698408
18300.0,6828136.999999975,2.5060544124954516e-15,51.59999999999999,180.0,0.0,86.75349095888937
18310.0,6828136.999999966,3.000433467505031e-15,51.59999999999999,180.0,0.0,86.11237264793795
18320.0,6828136.999999944,4.3979261465452885e-15,51.59999999999999,180.0,0.0,85.4712543369865
18330.0,6828136.99999999,1.2054443895096562e-15,51.59999999999999,180.0,0.0,84.83013602603509
18340.0,6828137.000000046,2.325061878642204e-15,51.59999999999999,180.0,0.0,84.18901771508366
18350.0,6828136.9999999795,2.1394974348635454e-15,51.599999999999994,180.0,0.0,83.54789940413222
18360.0,6828136.999999975,2.4954514866812776e-15,51.59999999999999,180.0,0.0,82.9067810931808
18370.0,6828136.999999966,2.9954895370898272e-15,51.599999999999994,180.0,0.0,82.26566278222938
18380.0,6828136.999999944,4.3980597453245346e-15,51.59999999999999,180.0,0.0,81.62454447127794
18390.0,6828136.999999989,1.4063375725110702e-15,51.59999999999999,180.0,0.0,80.98342616032652
18400.0,6828137.0000000475,2.567891055569017e-15,51.59999999999999,180.0,0.0,80.34230784937509
18410.0,6828136.999999981,1.863250441298713e-15,51.59999999999999,180.0,0.0,79.70118953842366
18420.0,6828136.999999975,2.4742888076049765e-15,51.599999999999994,180.0,0.0,79.06007122747224
18430.0,6828136.999999966,2.987709233196482e-15,51.599999999999994,180.0,0.0,78.41895291652081
18440.0,6828136.999999944,4.40102891393122e-15,51.59999999999999,180.0,0.0,77.77783460556937
18450.0,6828136.99999999,1.3484633392572561e-15,51.599999999999994,180.0,0.0,77.13671629461795
18460.0,6828137.000000046,2.3348497761615083e-15,51.59999999999999,180.0,0.0,76.49559798366653
18470.0,6828136.999999981,1.9961671806282973e-15,51.599999999999994,180.0,0.0,75.85447967271509
18480.0,6828136.999999975,2.477008357613916e-15,51.599999999999994,180.0,0.0,75.21336136176366
18490.0,6828136.999999966,3.100953439030283e-15,51.59999999999999,180.0,0.0,74.57224305081225
18500.0,6828136.999999946,4.2525171173205444e-15,51.599999999999994,180.0,0.0,73.93112473986082
18510.0,6828136.999999989,1.491353597124658e-15,51.599999999999994,180.0,0.0,73.2900064289094
18520.0,6828137.000000049,2.56907222966944e-15,51.59999999999999,180.0,0.0,72.64888811795795
18530.0,6828136.999999978,2.3591508454816756e-15,51.59999999999999,180.0,0.0,72.00776980700653
18540.0,6828136.999999975,2.5980287153856622e-15,51.599999999999994,180.0,0.0,71.36665149605511
18550.0,6828136.999999966,3.113728460791485e-15,51.599999999999994,180.0,0.0,70.72553318510367
18560.0,6828136.999999947,4.257609780657706e-15,51.599999999999994,180.0,0.0,70.08441487415224
18570.0,6828136.99999999,1.4303064057614947e-15,51.59999999999999,180.0,0.0,69.44329656320082
18580.0,6828137.000000051,2.6908180377313715e-15,51.599999999999994,180.0,0.0,68.80217825224939
18590.0,6828136.9999999795,2.2098832370884064e-15,51.599999999999994,180.0,0.0,68.16105994129796
18600.0,6828136.999999975,2.5894383897603346e-15,51.599999999999994,180.0,0.0,67.51994163034654
18610.0,6828136.999999966,3.082273100444209e-15,51.59999999999999,180.0,0.0,66.87882331939512
18620.0,6828136.999999947,4.2423508319997e-15,51.599999999999994,180.0,0.0,66.2377050084437
18630.0,6828136.99999999,1.3238778682768962e-15,51.599999999999994,180.0,0.0,65.59658669749226
18640.0,6828137.000000052,2.680659104114193e-15,51.599999999999994,180.0,0.0,64.95546838654084
18650.0,6828136.999999978,2.4405219277846606e-15,51.599999999999994,180.0,0.0,64.3143500755894
18660.0,6828136.999999977,2.4384788330614997e-15,51.599999999999994,180.0,0.0,63.673231764637976
18670.0,6828136.999999966,3.3320329007132006e-15,51.60000000000001,180.0,0.0,63.03211345368656
18680.0,6828136.999999945,4.48100492343782e-15,51.599999999999994,180.0,0.0,62.39099514273513
18690.0,6828136.999999987,1.802713811310243e-15,51.599999999999994,180.0,0.0,61.7498768317837
18700.0,6828137.00000005,2.5535204518219926e-15,51.60000000000001,180.0,0.0,298.8912414791677
18710.0,6828136.999999983,1.791963702005658e-15,51.599999999999994,180.0,0.0,60.46764020988085
18720.0,6828136.999999977,2.4297148894468662e-15,51.60000000000001,180.0,0.0,59.82652189892942
18730.0,6828136.999999966,3.065877238939302e-15,51.60000000000001,180.0,0.0,59.18540358797799
18740.0,6828136.999999947,4.21326407787957e-15,51.60000000000001,180.0,0.0,58.544285277026574
18750.0,6828136.99999999,1.2848691660856147e-15,51.600000000000016,180.0,0.0,57.90316696607514
18760.0,6828137.000000051,2.683300170159531e-15,51.60000000000001,180.0,0.0,302.7379513448763
18770.0,6828136.999999981,2.044232739380029e-15,51.60000000000001,180.0,0.0,56.620930344172294
18780.0,6828136.999999978,2.1700964153935313e-15,51.60000000000001,180.0,0.0,55.97981203322087
18790.0,6828136.999999967,2.9381057713813557e-15,51.60000000000001,180.0,0.0,55.33869372226943
18800.0,6828136.99999995,3.962271305124942e-15,51.599999999999994,180.0,0.0,54.697575411318
18810.0,6828136.999999992,1.151442762644247e-15,51.599999999999994,180.0,0.0,54.056457100366586
18820.0,6828137.000000052,2.6909430302180003e-15,51.60000000000001,180.0,0.0,306.58466121058484
18830.0,6828136.999999981,2.042129782716045e-15,51.599999999999994,180.0,0.0,307.22577952153625
18840.0,6828136.999999977,2.4250446140475574e-15,51.599999999999994,180.0,0.0,307.8668978324877
18850.0,6828136.999999967,2.9376401520653583e-15,51.60000000000001,180.0,0.0,308.50801614343914
18860.0,6828136.999999948,4.087747854963114e-15,51.599999999999994,180.0,0.0,50.850865545609444
18870.0,6828136.999999992,1.031912114907478e-15,51.60000000000001,180.0,0.0,50.20974723465801
18880.0,6828137.000000049,2.56542700481155e-15,51.60000000000001,180.0,0.0,310.43137107629343
18890.0,6828136.9999999795,2.175075672195701e-15,51.60000000000001,180.0,0.0,311.07248938724484
18900.0,6828136.999999978,2.170739554322097e-15,51.599999999999994,180.0,0.0,311.71360769819626
18910.0,6828136.999999967,2.9357824275456744e-15,51.599999999999994,180.0,0.0,312.3547260091477
18920.0,6828136.999999947,4.2122026058595646e-15,51.599999999999994,180.0,0.0,312.9958443200991
18930.0,6828136.999999992,1.1680975045073596e-15,51.599999999999994,180.0,0.0,313.63696263105055
18940.0,6828137.000000051,2.727762039625757e-15,51.599999999999994,180.0,0.0,314.27808094200196
18950.0,6828136.9999999795,2.1899405308632072e-15,51.599999999999994,180.0,0.0,314.9191992529534
18960.0,6828136.999999977,2.3139604768999768e-15,51.599999999999994,180.0,0.0,315.56031756390485
18970.0,6828136.999999967,2.9540027816217175e-15,51.599999999999994,180.0,0.0,316.20143587485626
18980.0,6828136.999999947,4.215677711341154e-15,51.599999999999994,180.0,0.0,316.8425541858077
18990.0,6828136.99999999,1.3445685911619203e-15,51.60000000000001,180.0,0.0,317.48367249675914
19000.0,6828137.000000051,2.7780411915019165e-15,51.60000000000001,180.0,0.0,318.12479080771055
19010.0,6828136.9999999795,2.216827739984141e-15,51.599999999999994,180.0,0.0,318.76590911866197
19020.0,6828136.999999975,2.6059210659163643e-15,51.599999999999994,180.0,0.0,319.4070274296134
19030.0,6828136.999999966,3.093068862269385e-15,51.599999999999994,180.0,0.0,320.04814574056485
19040.0,6828136.999999945,4.485646384002596e-15,51.59999999999999,180.0,0.0,320.6892640515162
19050.0,6828136.99999999,1.354806848868246e-15,51.599999999999994,180.0,0.0,321.3303823624677
19060.0,6828137.000000049,2.6721386780045053e-15,51.599999999999994,180.0,0.0,321.9715006734191
19070.0,6828136.999999983,1.8400927496485634e-15,51.599999999999994,180.0,0.0,322.61261898437056
19080.0,6828136.999999977,2.3856842959226515e-15,51.599999999999994,180.0,0.0,323.25373729532197
19090.0,6828136.999999969,2.741542518033897e-15,51.59999999999999,180.0,0.0,323.8948556062734
19100.0,6828136.999999947,4.242093110969035e-15,51.599999999999994,180.0,0.0,324.5359739172248
19110.0,6828136.999999992,1.1860114738721733e-15,51.599999999999994,180.0,0.0,325.1770922281762
19120.0,6828137.000000051,2.800689045021427e-15,51.599999999999994,180.0,0.0,325.8182105391277
19130.0,6828136.999999981,1.9904428560184915e-15,51.599999999999994,180.0,0.0,326.4593288500791
19140.0,6828136.999999978,2.1403109888396602e-15,51.59999999999999,180.0,0.0,327.10044716103056
19150.0,6828136.999999969,2.7552930644466607e-15,51.599999999999994,180.0,0.0,327.74156547198197
19160.0,6828136.999999948,4.013883627426001e-15,51.599999999999994,180.0,0.0,328.3826837829334
19170.0,6828136.999999992,1.2797383043380243e-15,51.599999999999994,180.0,0.0,329.0238020938848
19180.0,6828137.000000053,3.252574657680232e-15,51.59999999999999,180.0,0.0,329.6649204048362
19190.0,6828136.999999983,1.830751948958161e-15,51.599999999999994,180.0,0.0,330.3060387157877
19200.0,6828136.999999978,2.2042058008797076e-15,51.599999999999994,180.0,0.0,330.9471570267391
19210.0,6828136.999999967,2.934791787012117e-15,51.599999999999994,180.0,0.0,331.58827533769056
19220.0,6828136.999999944,4.4017354401645584e-15,51.59999999999999,180.0,0.0,332.229393648642
19230.0,6828136.999999992,1.1574789891744658e-15,51.59999999999999,180.0,0.0,332.8705119595934
19240.0,6828137.000000049,3.017807217795478e-15,51.59999999999999,180.0,0.0,333.5116302705448
19250.0,6828136.999999983,1.7145349084302975e-15,51.59999999999999,180.0,0.0,334.1527485814962
19260.0,6828136.999999978,2.096811819997562e-15,51.59999999999999,180.0,0.0,334.7938668924476
19270.0,6828136.999999967,2.824892518061944e-15,51.59999999999999,180.0,0.0,335.43498520339904
19280.0,6828136.999999948,3.885383854447284e-15,51.59999999999999,180.0,0.0,336.0761035143505
19290.0,6828136.999999992,1.039985548180082e-15,51.599999999999994,180.0,0.0,336.7172218253019
19300.0,6828137.000000055,3.4366219560291577e-15,51.59999999999999,180.0,0.0,337.3583401362534
19310.0,6828136.999999983,1.7373163339843858e-15,51.59999999999999,180.0,0.0,337.9994584472048
19320.0,6828136.999999978,2.0982446113777593e-15,51.599999999999994,180.0,0.0,338.6405767581562
19330.0,6828136.999999968,2.6933206760499025e-15,51.59999999999999,180.0,0.0,339.2816950691076
19340.0,6828136.999999948,3.7591050909417246e-15,51.59999999999999,180.0,0.0,339.92281338005904
19350.0,6828136.99999999,1.1993352603743101e-15,51.599999999999994,180.0,0.0,340.5639316910105
19360.0,6828137.000000053,3.4404451922092127e-15,51.59999999999999,180.0,0.0,341.2050500019619
19370.0,6828136.999999984,1.5895042067820754e-15,51.59999999999999,180.0,0.0,341.84616831291333
19380.0,6828136.99999998,1.7150604214226572e-15,51.59999999999999,180.0,0.0,342.48728662386475
19390.0,6828136.99999997,2.4215743895759388e-15,51.59999999999999,180.0,0.0,343.1284049348162
19400.0,6828136.999999948,3.748329133968915e-15,51.59999999999999,180.0,0.0,343.76952324576763
19410.0,6828136.999999991,9.13791224898396e-16,51.59999999999999,180.0,0.0,344.41064155671904
19420.0,6828137.000000051,3.267345661280372e-15,51.59999999999999,180.0,0.0,345.0517598676705
19430.0,6828136.999999984,1.3950762417681196e-15,51.59999999999999,180.0,0.0,345.6928781786219
19440.0,6828136.999999976,2.1243435068627726e-15,51.599999999999994,180.0,0.0,346.33399648957334
19450.0,6828136.99999997,2.365839284602856e-15,51.599999999999994,180.0,0.0,346.9751148005247
19460.0,6828136.99999995,3.474850239372022e-15,51.59999999999999,180.0,0.0,347.6162331114762
19470.0,6828136.999999993,6.636782005233584e-16,51.59999999999999,180.0,0.0,348.25735142242763
19480.0,6828137.000000053,3.5106371441929565e-15,51.599999999999994,180.0,0.0,348.89846973337905
19490.0,6828136.999999984,1.371781146207699e-15,51.59999999999999,180.0,0.0,349.53958804433046
19500.0,6828136.99999998,1.6188264340297782e-15,51.59999999999999,180.0,0.0,350.18070635528187
19510.0,6828136.999999972,1.9996331495350785e-15,51.59999999999999,180.0,0.0,350.82182466623334
19520.0,6828136.999999951,3.2218435848796637e-15,51.59999999999999,180.0,0.0,351.4629429771847
19530.0,6828136.999999993,7.00013996415781e-16,51.59999999999999,180.0,0.0,352.10406128813617
19540.0,6828137.000000055,3.770400680121151e-15,51.59999999999999,180.0,0.0,352.7451795990875
19550.0,6828136.999999982,1.3737870534044213e-15,51.59999999999999,180.0,0.0,353.38629791003905
19560.0,6828136.999999977,1.7408401963474218e-15,51.59999999999999,180.0,0.0,354.0274162209905
19570.0,6828136.99999997,2.1146949400010547e-15,51.59999999999999,180.0,0.0,354.6685345319419
19580.0,6828136.999999951,3.1004682184145004e-15,51.59999999999999,180.0,0.0,355.30965284289334
19590.0,6828136.999999991,7.758928510123704e-16,51.59999999999999,180.0,0.0,355.9507711538449
19600.0,6828137.000000053,3.6706135718976105e-15,51.59999999999999,180.0,0.0,356.59188946479605
19610.0,6828136.999999982,1.3913680517684687e-15,51.59999999999999,180.0,0.0,357.23300777574764
19620.0,6828136.999999977,1.753674157435549e-15,51.59999999999999,180.0,0.0,357.874126086699
19630.0,6828136.999999972,1.8719787906397444e-15,51.599999999999994,180.0,0.0,358.51524439765024
19640.0,6828136.999999948,3.4696167447619292e-15,51.599999999999994,180.0,0.0,359.1563627086018
19650.0,6828136.999999993,4.631562460745125e-16,51.59999999999999,180.0,0.0,359.797481019554
19660.0,6828137.000000053,3.6321767144351815e-15,51.59999999999999,180.0,0.0,359.5614006694942
19670.0,6828136.999999984,1.1339194752146443e-15,51.59999999999999,180.0,0.0,358.9202823585436
19680.0,6828136.999999977,1.4906871457354614e-15,51.599999999999994,180.0,0.0,358.2791640475926
19690.0,6828136.999999968,2.091840905098239e-15,51.599999999999994,180.0,0.0,357.63804573664123
19700.0,6828136.99999995,3.077900499887413e-15,51.59999999999999,180.0,0.0,356.9969274256894
19710.0,6828136.999999994,2.9806519894710243e-16,51.59999999999999,180.0,0.0,356.3558091147381
19720.0,6828137.000000054,3.751559254399768e-15,51.599999999999994,180.0,0.0,355.7146908037866
19730.0,6828136.999999984,1.1097074715053565e-15,51.59999999999999,180.0,0.0,355.07357249283524
19740.0,6828136.999999979,1.353301308231593e-15,51.599999999999994,180.0,0.0,354.43245418188377
19750.0,6828136.99999997,1.9659466074197257e-15,51.59999999999999,180.0,0.0,353.7913358709324
19760.0,6828136.99999995,3.0767818321576682e-15,51.599999999999994,180.0,0.0,353.1502175599809
19770.0,6828136.999999994,3.735187524639645e-16,51.59999999999999,180.0,0.0,352.50909924902953
19780.0,6828137.000000054,3.893270189333178e-15,51.599999999999994,180.0,0.0,351.8679809380781
19790.0,6828136.999999986,9.052902816458046e-16,51.59999999999999,180.0,0.0,351.2268626271267
19800.0,6828136.999999979,1.3695033245430382e-15,51.599999999999994,180.0,0.0,350.5857443161753
19810.0,6828136.99999997,1.8627834674836438e-15,51.599999999999994,180.0,0.0,349.9446260052239
19820.0,6828136.99999995,3.097943693030915e-15,51.59999999999999,180.0,0.0,349.3035076942724
19830.0,6828136.999999993,6.137962732633411e-16,51.59999999999999,180.0,0.0,348.662389383321
19840.0,6828137.000000052,3.682389018822334e-15,51.59999999999999,180.0,0.0,348.0212710723696
19850.0,6828136.999999988,7.516328715669803e-16,51.59999999999999,180.0,0.0,347.38015276141806
19860.0,6828136.999999977,1.5215232417674079e-15,51.59999999999999,180.0,0.0,346.7390344504667
19870.0,6828136.999999972,1.7857451269684004e-15,51.59999999999999,180.0,0.0,346.09791613951523
19880.0,6828136.999999949,3.2513229145983444e-15,51.59999999999999,180.0,0.0,345.4567978285638
19890.0,6828136.999999996,6.549076306094666e-16,51.59999999999999,180.0,0.0,344.8156795176124
19900.0,6828137.000000052,3.807030953772298e-15,51.599999999999994,180.0,0.0,344.17456120666094
19910.0,6828136.999999984,9.401063584762578e-16,51.599999999999994,180.0,0.0,343.5334428957095
19920.0,6828136.999999979,1.2950941527990802e-15,51.59999999999999,180.0,0.0,342.89232458475806
19930.0,6828136.99999997,1.8965496982081045e-15,51.59999999999999,180.0,0.0,342.2512062738067
19940.0,6828136.999999949,3.2218430587971726e-15,51.59999999999999,180.0,0.0,341.61008796285523
19950.0,6828136.999999994,4.745202551903224e-16,51.599999999999994,180.0,0.0,340.9689696519038
19960.0,6828137.000000054,4.0105158185362476e-15,51.59999999999999,180.0,0.0,340.3278513409524
19970.0,6828136.999999984,9.090715311901557e-16,51.59999999999999,180.0,0.0,339.68673303000094
19980.0,6828136.999999979,1.255987610398352e-15,51.599999999999994,180.0,0.0,339.0456147190496
19990.0,6828136.999999974,1.515190435901294e-15,51.59999999999999,180.0,0.0,338.40449640809805
20000.0,6828136.999999947,3.3535324578496877e-15,51.599999999999994,180.0,0.0,337.7633780971467
20010.0,6828136.999999994,6.599358626890937e-16,51.59999999999999,180.0,0.0,337.12225978619523
20020.0,6828137.000000052,3.79760213569147e-15,51.59999999999999,180.0,0.0,336.4811414752438
20030.0,6828136.999999984,9.29497837732843e-16,51.59999999999999,180.0,0.0,335.8400231642924
20040.0,6828136.999999977,1.4003670951166558e-15,51.59999999999999,180.0,0.0,335.19890485334093
20050.0,6828136.999999972,1.6431670495985343e-15,51.599999999999994,180.0,0.0,334.5577865423895
20060.0,6828136.999999949,3.08457355484074e-15,51.599999999999994,180.0,0.0,333.9166682314381
20070.0,6828136.999999993,3.3788276946535635e-16,51.59999999999999,180.0,0.0,333.2755499204867
20080.0,6828137.000000052,3.8757561816565436e-15,51.59999999999999,180.0,0.0,332.6344316095352
20090.0,6828136.999999984,7.518284646040726e-16,51.59999999999999,180.0,0.0,331.9933132985838
20100.0,6828136.999999979,1.1130603079568245e-15,51.59999999999999,180.0,0.0,331.3521949876324
20110.0,6828136.999999971,1.583685440290095e-15,51.59999999999999,180.0,0.0,330.711076676681
20120.0,6828136.999999949,3.087025038401519e-15,51.59999999999999,180.0,0.0,330.0699583657296
20130.0,6828136.9999999935,6.174493890789441e-16,51.59999999999999,180.0,0.0,329.4288400547781
20140.0,6828137.000000052,3.951611069876845e-15,51.59999999999999,180.0,0.0,328.7877217438267
20150.0,6828136.999999984,8.595649316203318e-16,51.599999999999994,180.0,0.0,328.1466034328752
20160.0,6828136.999999977,1.2871094510154111e-15,51.59999999999999,180.0,0.0,327.5054851219238
20170.0,6828136.99999997,1.8030567791546645e-15,51.59999999999999,180.0,0.0,326.8643668109724
20180.0,6828136.99999995,2.853080696359556e-15,51.59999999999999,180.0,0.0,326.223248500021
20190.0,6828136.999999993,7.422886403458885e-16,51.59999999999999,180.0,0.0,325.5821301890696
20200.0,6828137.000000052,3.968830646787497e-15,51.59999999999999,180.0,0.0,324.9410118781181
20210.0,6828136.999999984,9.877827998278303e-16,51.59999999999999,180.0,0.0,324.2998935671667
20220.0,6828136.999999979,1.3269263830314567e-15,51.599999999999994,180.0,0.0,323.6587752562152
20230.0,6828136.999999971,1.7221717958485199e-15,51.59999999999999,180.0,0.0,323.0176569452638
20240.0,6828136.999999949,2.9953832796104774e-15,51.59999999999999,180.0,0.0,322.3765386343124
20250.0,6828136.999999992,6.33160908452467e-16,51.59999999999999,180.0,0.0,321.735420323361
20260.0,6828137.000000052,4.114530373518206e-15,51.59999999999999,180.0,0.0,321.09430201240957
20270.0,6828136.99999998,1.26107749893599e-15,51.59999999999999,180.0,0.0,320.4531837014581
20280.0,6828136.999999977,1.3997788955532803e-15,51.59999999999999,180.0,0.0,319.8120653905067
20290.0,6828136.999999971,1.6511841200018298e-15,51.59999999999999,180.0,0.0,319.1709470795552
20300.0,6828136.999999949,3.011427932561623e-15,51.59999999999999,180.0,0.0,318.52982876860386
20310.0,6828136.9999999935,7.08351323177467e-16,51.59999999999999,180.0,0.0,317.88871045765234
20320.0,6828137.000000056,4.450779389269715e-15,51.59999999999999,180.0,0.0,317.247592146701
20330.0,6828136.999999983,1.0542262447450824e-15,51.59999999999999,180.0,0.0,316.60647383574957
20340.0,6828136.9999999795,1.1090997116198098e-15,51.59999999999999,180.0,0.0,315.9653555247981
20350.0,6828136.999999971,1.4689300369569233e-15,51.59999999999999,180.0,0.0,315.3242372138467
20360.0,6828136.999999949,2.7501342209596552e-15,51.59999999999999,180.0,0.0,314.6831189028952
20370.0,6828136.999999992,5.475034214246965e-16,51.59999999999999,180.0,0.0,314.04200059194386
20380.0,6828137.000000054,4.4371314089954915e-15,51.59999999999999,180.0,0.0,313.4008822809924
20390.0,6828136.999999983,8.88585493064009e-16,51.59999999999999,180.0,0.0,312.759763970041
20400.0,6828136.999999977,1.3475520281647899e-15,51.59999999999999,180.0,0.0,312.11864565908957
20410.0,6828136.999999969,1.6921051625994981e-15,51.599999999999994,180.0,0.0,311.4775273481381
20420.0,6828136.99999995,2.602707004268238e-15,51.59999999999999,180.0,0.0,310.8364090371867
20430.0,6828136.999999995,8.64979913337682e-16,51.59999999999999,180.0,0.0,310.1952907262352
20440.0,6828137.000000056,4.683484040845089e-15,51.59999999999999,180.0,0.0,309.55417241528386
20450.0,6828136.999999981,9.2516124409441e-16,51.59999999999999,180.0,0.0,308.9130541043324
20460.0,6828136.999999978,9.837228896782542e-16,51.59999999999999,180.0,0.0,308.271935793381
20470.0,6828136.999999969,1.5140823389809058e-15,51.599999999999994,180.0,0.0,307.6308174824295
20480.0,6828136.99999995,2.461916564332972e-15,51.59999999999999,180.0,0.0,306.9896991714781
20490.0,6828136.99999999,3.3413983237500393e-16,51.59999999999999,180.0,0.0,306.3485808605267
20500.0,6828137.000000052,4.232635632861991e-15,51.59999999999999,180.0,0.0,305.7074625495752
20510.0,6828136.999999981,7.445956762758314e-16,51.59999999999999,180.0,0.0,305.06634423862386
20520.0,6828136.999999978,8.576523194786465e-16,51.599999999999994,180.0,0.0,304.4252259276724
20530.0,6828136.999999971,1.2108793817195361e-15,51.59999999999999,180.0,0.0,303.784107616721
20540.0,6828136.999999949,2.5582820428018926e-15,51.59999999999999,180.0,0.0,303.1429893057695
20550.0,6828136.999999989,2.4059846955818655e-16,51.59999999999999,180.0,0.0,302.5018709948181
20560.0,6828137.000000052,4.24846505549422e-15,51.59999999999999,180.0,0.0,301.8607526838667
20570.0,6828136.999999981,5.852807493975984e-16,51.59999999999999,180.0,0.0,301.2196343729152
20580.0,6828136.999999975,1.2031948861062909e-15,51.59999999999999,180.0,0.0,300.5785160619638
20590.0,6828136.999999967,1.5621753598411953e-15,51.59999999999999,180.0,0.0,299.9373977510124
20600.0,6828136.999999949,2.5657972724159513e-15,51.599999999999994,180.0,0.0,299.29627944006097
20610.0,6828136.999999989,3.0793837216918514e-16,51.599999999999994,180.0,0.0,298.6551611291095
20620.0,6828137.000000052,4.2711360065434775e-15,51.59999999999999,180.0,0.0,298.0140428181581
20630.0,6828136.999999981,6.84706934029878e-16,51.59999999999999,180.0,0.0,297.3729245072067
20640.0,6828136.999999975,1.076847067583256e-15,51.59999999999999,180.0,0.0,296.73180619625526
20650.0,6828136.999999969,1.327497904823189e-15,51.59999999999999,180.0,0.0,296.09068788530385
20660.0,6828136.99999995,2.3039361508870532e-15,51.59999999999999,180.0,0.0,295.4495695743524
20670.0,6828136.99999999,3.270926644829167e-16,51.59999999999999,180.0,0.0,294.80845126340097
20680.0,6828137.000000052,4.374505928781416e-15,51.59999999999999,180.0,0.0,294.1673329524495
20690.0,6828136.9999999795,6.901759778551519e-16,51.59999999999999,180.0,0.0,293.5262146414981
20700.0,6828136.999999977,9.557536044441613e-16,51.59999999999999,180.0,0.0,292.8850963305467
20710.0,6828136.999999967,1.4296360425996592e-15,51.59999999999999,180.0,0.0,292.2439780195952
20720.0,6828136.999999945,2.9412276088987584e-15,51.59999999999999,180.0,0.0,291.6028597086438
20730.0,6828136.999999987,2.322316151210352e-16,51.59999999999999,180.0,0.0,290.9617413976924
20740.0,6828137.000000048,3.98284546746893e-15,51.59999999999999,180.0,0.0,290.32062308674097
20750.0,6828136.999999978,9.258299284373866e-16,51.59999999999999,180.0,0.0,289.6795047757895
20760.0,6828136.999999975,1.0702604838025283e-15,51.59999999999999,180.0,0.0,289.0383864648381
20770.0,6828136.999999966,1.681185298143361e-15,51.59999999999999,180.0,0.0,288.39726815388667
20780.0,6828136.999999945,2.936443465972787e-15,51.59999999999999,180.0,0.0,287.75614984293526
20790.0,6828136.999999987,2.859503782140396e-16,51.59999999999999,180.0,0.0,287.11503153198385
20800.0,6828137.00000005,4.102288365395295e-15,51.59999999999999,180.0,0.0,286.4739132210324
20810.0,6828136.999999978,9.139081139859057e-16,51.59999999999999,180.0,0.0,285.83279491008096
20820.0,6828136.999999973,1.2954346127118689e-15,51.59999999999999,180.0,0.0,285.1916765991295
20830.0,6828136.999999966,1.6791017612094517e-15,51.59999999999999,180.0,0.0,284.5505582881781
20840.0,6828136.999999947,2.6837170806451682e-15,51.59999999999999,180.0,0.0,283.90943997722667
20850.0,6828136.999999987,2.0269997975409958e-16,51.59999999999999,180.0,0.0,283.26832166627526
20860.0,6828137.00000005,4.107287967931462e-15,51.59999999999999,180.0,0.0,282.62720335532384
20870.0,6828136.999999978,9.059902741036685e-16,51.59999999999999,180.0,0.0,281.9860850443724
20880.0,6828136.999999975,1.045708050294724e-15,51.59999999999999,180.0,0.0,281.34496673342096
20890.0,6828136.999999966,1.6719171209448127e-15,51.59999999999999,180.0,0.0,280.7038484224695
20900.0,6828136.999999947,2.6812192064356246e-15,51.59999999999999,180.0,0.0,280.06273011151814
20910.0,6828136.999999987,2.0541366102909284e-16,51.59999999999999,180.0,0.0,279.42161180056667
20920.0,6828137.00000005,4.106775202694981e-15,51.59999999999999,180.0,0.0,278.78049348961525
20930.0,6828136.9999999795,6.681754352805868e-16,51.59999999999999,180.0,0.0,278.13937517866384
20940.0,6828136.999999975,1.0433317221164428e-15,51.59999999999999,180.0,0.0,277.49825686771237
20950.0,6828136.999999966,1.6706312256161513e-15,51.59999999999999,180.0,0.0,276.85713855676096
20960.0,6828136.999999947,2.6806293373631335e-15,51.59999999999999,180.0,0.0,276.2160202458095
20970.0,6828136.999999987,1.550364393386683e-16,51.59999999999999,180.0,0.0,275.5749019348581
20980.0,6828137.00000005,4.225852537485934e-15,51.59999999999999,180.0,0.0,274.9337836239066
20990.0,6828136.999999978,9.040205393888785e-16,51.59999999999999,180.0,0.0,274.29266531295525
21000.0,6828136.999999973,1.284877329358448e-15,51.59999999999997,180.0,0.0,273.65154700200384
21010.0,6828136.999999966,1.6646073820076474e-15,51.59999999999999,180.0,0.0,273.01042869105237
21020.0,6828136.999999945,2.807948472745029e-15,51.59999999999999,180.0,0.0,272.36931038010096
21030.0,6828136.999999985,2.692210352777028e-16,51.59999999999999,180.0,0.0,271.7281920691495
21040.0,6828137.00000005,4.229642421913728e-15,51.59999999999999,180.0,0.0,271.08707375819813
21050.0,6828136.9999999795,6.58787624878939e-16,51.59999999999999,180.0,0.0,270.44595544724666
21060.0,6828136.999999975,1.0377461642619199e-15,51.59999999999999,180.0,0.0,269.80483713629525
21070.0,6828136.999999963,1.9221716850890055e-15,51.59999999999999,180.0,0.0,269.16371882534384
21080.0,6828136.999999945,2.9357941851954627e-15,51.59999999999997,180.0,0.0,268.52260051439237
21090.0,6828136.999999987,1.3112376711941343e-16,51.59999999999999,180.0,0.0,267.88148220344095
21100.0,6828137.000000048,3.968828939009477e-15,51.59999999999999,180.0,0.0,267.2403638924895
21110.0,6828136.999999978,7.739924546513627e-16,51.59999999999999,180.0,0.0,266.59924558153807
21120.0,6828136.999999973,1.1562557443142373e-15,51.59999999999999,180.0,0.0,265.9581272705866
21130.0,6828136.999999963,1.9195150599221392e-15,51.59999999999999,180.0,0.0,265.31700895963525
21140.0,6828136.999999945,2.80787719198581e-15,51.59999999999999,180.0,0.0,95.32410935131621
21150.0,6828136.999999987,4.961282853141651e-17,51.59999999999999,180.0,0.0,95.96522766226764
21160.0,6828137.00000005,4.216458846581214e-15,51.59999999999999,180.0,0.0,263.39365402678095
21170.0,6828136.999999978,7.660852344747817e-16,51.59999999999999,180.0,0.0,97.24746428417049
21180.0,6828136.999999973,1.1486824637933719e-15,51.59999999999999,180.0,0.0,262.1114174048781
21190.0,6828136.999999964,1.659221435363375e-15,51.59999999999999,180.0,0.0,261.47029909392666
21200.0,6828136.999999945,2.810942210902356e-15,51.59999999999999,180.0,0.0,99.17081921702477
21210.0,6828136.999999987,1.759167165181336e-16,51.59999999999999,180.0,0.0,99.81193752797621
21220.0,6828137.000000048,4.08490190180936e-15,51.59999999999999,180.0,0.0,259.54694416107236
21230.0,6828136.999999978,7.80341092104409e-16,51.59999999999999,180.0,0.0,101.09417414987907
21240.0,6828136.999999973,1.1591555848379986e-15,51.59999999999999,180.0,0.0,101.7352924608305
21250.0,6828136.999999964,1.6712297701375387e-15,51.59999999999997,180.0,0.0,102.37641077178193
21260.0,6828136.999999945,2.825243672459833e-15,51.59999999999999,180.0,0.0,103.01752908273336
21270.0,6828136.999999987,2.3771341732000062e-16,51.59999999999999,180.0,0.0,103.65864739368477
21280.0,6828137.000000047,3.957127662454908e-15,51.59999999999999,180.0,0.0,255.7002342953638
21290.0,6828136.999999977,1.0348097169930545e-15,51.59999999999999,180.0,0.0,104.94088401558764
21300.0,6828136.999999973,1.1562521746700031e-15,51.59999999999999,180.0,0.0,105.58200232653908
21310.0,6828136.999999964,1.6621117068704409e-15,51.59999999999997,180.0,0.0,106.2231206374905
21320.0,6828136.999999945,2.8216259727549665e-15,51.59999999999999,180.0,0.0,106.86423894844194
21330.0,6828136.999999985,3.3485567415902085e-16,51.59999999999999,180.0,0.0,107.50535725939336
21340.0,6828137.000000047,3.8289998618126025e-15,51.59999999999999,180.0,0.0,251.85352442965524
21350.0,6828136.999999978,7.744276352640006e-16,51.59999999999999,180.0,0.0,108.7875938812962
21360.0,6828136.999999971,1.4139759187826191e-15,51.59999999999999,180.0,0.0,109.42871219224764
21370.0,6828136.999999963,1.9213792493704683e-15,51.59999999999999,180.0,0.0,110.06983050319909
21380.0,6828136.999999938,3.591450233538122e-15,51.59999999999999,180.0,0.0,110.7109488141505
21390.0,6828136.999999985,4.1084190368663947e-16,51.59999999999999,180.0,0.0,111.35206712510194
21400.0,6828137.000000048,4.0859720190590294e-15,51.59999999999999,180.0,0.0,111.99318543605337
21410.0,6828136.999999978,8.055384741397115e-16,51.59999999999999,180.0,0.0,112.63430374700481
21420.0,6828136.999999973,1.1795197941195181e-15,51.59999999999999,180.0,0.0,113.27542205795622
21430.0,6828136.999999966,1.685476298339846e-15,51.59999999999997,180.0,0.0,113.91654036890765
21440.0,6828136.999999945,2.8397914699693497e-15,51.59999999999999,180.0,0.0,114.55765867985909
21450.0,6828136.999999989,4.567499339448125e-16,51.59999999999999,180.0,0.0,115.19877699081052
21460.0,6828137.00000005,4.216923123136524e-15,51.59999999999999,180.0,0.0,115.83989530176193
21470.0,6828136.999999978,8.276928067819425e-16,51.59999999999999,180.0,0.0,116.48101361271337
21480.0,6828136.999999971,1.4419680125091508e-15,51.59999999999999,180.0,0.0,117.12213192366481
21490.0,6828136.999999966,1.7017769778056846e-15,51.59999999999999,180.0,0.0,117.76325023461622
21500.0,6828136.999999945,2.892262724454999e-15,51.59999999999997,180.0,0.0,118.40436854556765
21510.0,6828136.999999987,6.865633672649751e-16,51.59999999999999,180.0,0.0,119.04548685651909
21520.0,6828137.00000005,4.225276587440049e-15,51.59999999999999,180.0,0.0,119.68660516747053
21530.0,6828136.999999977,1.1340894159853255e-15,51.59999999999999,180.0,0.0,120.32772347842196
21540.0,6828136.999999975,1.1071453113635497e-15,51.59999999999999,180.0,0.0,120.96884178937337
21550.0,6828136.999999966,1.7176636950116133e-15,51.59999999999999,180.0,0.0,121.60996010032478
21560.0,6828136.999999945,2.858720031469577e-15,51.59999999999999,180.0,0.0,122.25107841127623
21570.0,6828136.999999989,5.463745545213379e-16,51.59999999999999,180.0,0.0,122.89219672222765
21580.0,6828137.00000005,4.217680783479357e-15,51.59999999999999,180.0,0.0,123.5333150331791
21590.0,6828136.9999999795,7.95984767276896e-16,51.59999999999999,180.0,0.0,124.17443334413053
21600.0,6828136.999999975,1.113921490598718e-15,51.59999999999999,180.0,0.0,124.81555165508196
21610.0,6828136.999999966,1.7143100814613475e-15,51.59999999999999,180.0,0.0,125.45666996603337
21620.0,6828136.999999947,2.8501279622697433e-15,51.59999999999999,180.0,0.0,126.09778827698479
21630.0,6828136.999999987,3.818061962542672e-16,51.59999999999999,180.0,0.0,126.73890658793623
21640.0,6828137.00000005,4.212440982799723e-15,51.59999999999999,180.0,0.0,232.61997510111235
21650.0,6828136.999999978,9.43804726110256e-16,51.59999999999999,180.0,0.0,128.0211432098391
21660.0,6828136.999999973,1.2952630033240044e-15,51.59999999999999,180.0,0.0,128.6622615207905
21670.0,6828136.999999966,1.6712761674631674e-15,51.59999999999999,180.0,0.0,129.30337983174195
21680.0,6828136.999999943,3.08339560523717e-15,51.59999999999999,180.0,0.0,129.9444981426934
21690.0,6828136.999999987,3.226072272527448e-16,51.59999999999999,180.0,0.0,130.5856164536448
21700.0,6828137.000000048,3.958286848365148e-15,51.59999999999999,180.0,0.0,131.22673476459622
21710.0,6828136.999999978,9.793865788122085e-16,51.59999999999999,180.0,0.0,131.86785307554766
21720.0,6828136.999999973,1.2999239463623745e-15,51.59999999999999,180.0,0.0,132.50897138649907
21730.0,6828136.999999966,1.6873891687865408e-15,51.59999999999999,180.0,0.0,133.1500896974505
21740.0,6828136.999999941,3.3526223119541205e-15,51.59999999999999,180.0,0.0,133.79120800840195
21750.0,6828136.999999987,5.788687130316135e-16,51.59999999999999,180.0,0.0,134.4323263193534
21760.0,6828137.00000005,4.094623595605225e-15,51.59999999999999,180.0,0.0,135.0734446303048
21770.0,6828136.999999978,1.0055354904689985e-15,51.59999999999999,180.0,0.0,135.71456294125622
21780.0,6828136.999999973,1.3183201755188605e-15,51.59999999999999,180.0,0.0,136.35568125220766
21790.0,6828136.999999966,1.707990244652403e-15,51.59999999999999,180.0,0.0,136.99679956315907
21800.0,6828136.999999945,2.992516634862083e-15,51.59999999999999,180.0,0.0,137.63791787411054
21810.0,6828136.999999987,5.163596689525163e-16,51.59999999999999,180.0,0.0,138.27903618506195
21820.0,6828137.00000005,4.085278946182228e-15,51.59999999999999,180.0,0.0,138.92015449601337
21830.0,6828136.999999978,9.416487867779979e-16,51.59999999999999,180.0,0.0,139.5612728069648
21840.0,6828136.999999975,1.2181985166792993e-15,51.59999999999999,180.0,0.0,140.20239111791625
21850.0,6828136.999999966,1.8202929934793642e-15,51.59999999999999,180.0,0.0,140.84350942886766
21860.0,6828136.999999947,2.8492228611372452e-15,51.59999999999999,180.0,0.0,141.48462773981908
21870.0,6828136.999999987,4.951594438769439e-16,51.59999999999999,180.0,0.0,142.12574605077054
21880.0,6828137.000000048,3.9631997149361696e-15,51.59999999999999,180.0,0.0,142.76686436172196
21890.0,6828136.999999978,9.570796903381111e-16,51.59999999999999,180.0,0.0,143.40798267267337
21900.0,6828136.999999973,1.3169232417347555e-15,51.599999999999994,180.0,0.0,144.04910098362484
21910.0,6828136.999999964,1.9551172481729656e-15,51.599999999999994,180.0,0.0,144.69021929457625
21920.0,6828136.999999945,2.9821840570144095e-15,51.59999999999999,180.0,0.0,145.33133760552766
21930.0,6828136.999999987,5.576987662296353e-16,51.59999999999999,180.0,0.0,145.9724559164791
21940.0,6828137.00000005,4.091847548779469e-15,51.59999999999999,180.0,0.0,146.6135742274305
21950.0,6828136.9999999795,8.2518225818119265e-16,51.59999999999999,180.0,0.0,147.25469253838196
21960.0,6828136.999999975,1.1969171950756863e-15,51.599999999999994,180.0,0.0,147.89581084933337
21970.0,6828136.999999967,1.7101689829532019e-15,51.59999999999999,180.0,0.0,148.5369291602848
21980.0,6828136.999999947,2.8356354683897827e-15,51.599999999999994,180.0,0.0,149.17804747123625
21990.0,6828136.999999987,4.417973433805748e-16,51.599999999999994,180.0,0.0,149.81916578218767
22000.0,6828137.00000005,4.08545787024316e-15,51.59999999999999,180.0,0.0,150.4602840931391
22010.0,6828136.999999978,9.43089065795005e-16,51.599999999999994,180.0,0.0,151.10140240409055
22020.0,6828136.999999973,1.2959544290632954e-15,51.599999999999994,180.0,0.0,151.742520715042
22030.0,6828136.999999966,1.8145707698335323e-15,51.60000000000001,180.0,0.0,152.38363902599338
22040.0,6828136.999999943,3.215935316482376e-15,51.59999999999999,180.0,0.0,153.02475733694482
22050.0,6828136.999999985,4.961325836844895e-16,51.599999999999994,180.0,0.0,153.66587564789626
22060.0,6828137.000000047,3.702672988021119e-15,51.599999999999994,180.0,0.0,154.3069939588477
22070.0,6828136.999999977,1.1819041668222413e-15,51.599999999999994,180.0,0.0,154.9481122697991
22080.0,6828136.999999971,1.5592951497275833e-15,51.60000000000001,180.0,0.0,155.5892305807505
22090.0,6828136.999999964,1.94125224742367e-15,51.60000000000001,180.0,0.0,156.23034889170196
22100.0,6828136.999999941,3.3382194705483385e-15,51.599999999999994,180.0,0.0,156.8714672026534
22110.0,6828136.999999987,3.120132881197541e-16,51.599999999999994,180.0,0.0,157.51258551360482
22120.0,6828137.000000048,3.831658400843988e-15,51.59999999999999,180.0,0.0,201.84629617544377
22130.0,6828136.999999978,1.0239975416785137e-15,51.599999999999994,180.0,0.0,158.79482213550764
22140.0,6828136.999999975,1.2802447064354261e-15,51.599999999999994,180.0,0.0,159.43594044645909
22150.0,6828136.999999966,1.790935765840988e-15,51.60000000000001,180.0,0.0,160.07705875741053
22160.0,6828136.999999945,3.0708014804103617e-15,51.599999999999994,180.0,0.0,160.71817706836197
22170.0,6828136.999999989,1.884025113865312e-16,51.599999999999994,180.0,0.0,161.35929537931338
22180.0,6828137.000000048,3.830396632594335e-15,51.59999999999999,180.0,0.0,197.99958630973518
22190.0,6828136.999999978,1.0372855226894863e-15,51.599999999999994,180.0,0.0,162.64153200121626
22200.0,6828136.999999971,1.5409957805418551e-15,51.60000000000001,180.0,0.0,163.2826503121677
22210.0,6828136.999999966,1.793842564410695e-15,51.60000000000001,180.0,0.0,163.9237686231191
22220.0,6828136.999999945,3.075896456032062e-15,51.599999999999994,180.0,0.0,164.5648869340705
22230.0,6828136.999999987,3.857985484564072e-16,51.59999999999999,180.0,0.0,165.20600524502194
22240.0,6828137.00000005,3.957826896406235e-15,51.599999999999994,180.0,0.0,165.84712355597333
22250.0,6828136.999999978,1.0646584343587522e-15,51.599999999999994,180.0,0.0,166.4882418669248
22260.0,6828136.999999973,1.4325470690102733e-15,51.599999999999994,180.0,0.0,167.12936017787626
22270.0,6828136.999999966,1.8053195552421054e-15,51.599999999999994,180.0,0.0,167.77047848882768
22280.0,6828136.999999943,3.212023553461865e-15,51.59999999999999,180.0,0.0,168.41159679977915
22290.0,6828136.999999987,4.104862407109426e-16,51.59999999999999,180.0,0.0,169.05271511073056
22300.0,6828137.000000048,3.829426981816004e-15,51.59999999999999,180.0,0.0,169.69383342168192
22310.0,6828136.999999978,1.0560247631965528e-15,51.60000000000001,180.0,0.0,170.3349517326334
22320.0,6828136.999999971,1.5516948237014487e-15,51.59999999999999,180.0,0.0,170.97607004358485
22330.0,6828136.999999967,1.685053218509383e-15,51.599999999999994,180.0,0.0,171.6171883545362
22340.0,6828136.999999945,3.094055960609532e-15,51.599999999999994,180.0,0.0,172.25830666548768
22350.0,6828136.999999992,3.6533206497430225e-16,51.599999999999994,180.0,0.0,172.89942497643904
22360.0,6828137.000000048,3.82896909519279e-15,51.59999999999999,180.0,0.0,186.45945671260947
22370.0,6828136.999999978,1.0485540463033565e-15,51.599999999999994,180.0,0.0,174.18166159834195
22380.0,6828136.999999973,1.4192744891123314e-15,51.60000000000001,180.0,0.0,174.82277990929333
22390.0,6828136.999999967,1.668707255457186e-15,51.599999999999994,180.0,0.0,175.46389822024474
22400.0,6828136.999999947,2.9492454149770485e-15,51.599999999999994,180.0,0.0,176.10501653119613
22410.0,6828136.999999989,3.158311832544165e-16,51.599999999999994,180.0,0.0,176.74613484214757
22420.0,6828137.00000005,3.957250440468378e-15,51.60000000000001,180.0,0.0,177.38725315309892
22430.0,6828136.9999999795,9.40690317744398e-16,51.599999999999994,180.0,0.0,178.02837146405045
22440.0,6828136.999999975,1.3095119547613935e-15,51.599999999999994,180.0,0.0,178.66948977500158
22450.0,6828136.999999966,1.823515562098686e-15,51.599999999999994,180.0,0.0,179.3106080859536
22460.0,6828136.999999945,3.108359565252109e-15,51.599999999999994,180.0,0.0,179.95172639691316
22470.0,6828136.99999999,4.3659349740880583e-16,51.59999999999999,180.0,0.0,179.40715529214324
22480.0,6828137.000000052,4.0844425505699395e-15,51.59999999999999,180.0,0.0,178.76603698119192
22490.0,6828136.9999999795,9.251957166051855e-16,51.599999999999994,180.0,0.0,178.12491867024082
22500.0,6828136.999999973,1.29558987190355e-15,51.599999999999994,180.0,0.0,177.48380035928966
22510.0,6828136.999999967,1.66667977011108e-15,51.599999999999994,180.0,0.0,176.84268204833796
22520.0,6828136.999999947,2.9420899763181574e-15,51.599999999999994,180.0,0.0,176.2015637373866
22530.0,6828136.999999989,2.0042294138360355e-16,51.599999999999994,180.0,0.0,175.5604454264352
22540.0,6828137.00000005,3.9571824400793536e-15,51.599999999999994,180.0,0.0,185.08067288451625
22550.0,6828136.9999999795,9.17114854383973e-16,51.599999999999994,180.0,0.0,174.27820880453237
22560.0,6828136.999999975,1.2884890475411704e-15,51.599999999999994,180.0,0.0,173.63709049358087
22570.0,6828136.999999967,1.666410359453734e-15,51.600000000000016,180.0,0.0,172.99597218262957
22580.0,6828136.999999945,3.076643677213908e-15,51.599999999999994,180.0,0.0,172.3548538716781
22590.0,6828136.999999992,3.05017898974871e-16,51.60000000000001,180.0,0.0,171.71373556072663
22600.0,6828137.000000048,3.701633551424859e-15,51.599999999999994,180.0,0.0,171.07261724977522
22610.0,6828136.9999999795,9.334022477436323e-16,51.60000000000001,180.0,0.0,170.43149893882378
22620.0,6828136.999999975,1.3005716572229393e-15,51.599999999999994,180.0,0.0,169.7903806278723
22630.0,6828136.999999967,1.677432873189139e-15,51.599999999999994,180.0,0.0,169.1492623169209
22640.0,6828136.999999945,3.2030339910105028e-15,51.599999999999994,180.0,0.0,168.50814400596946
22650.0,6828136.999999987,4.551535183045874e-16,51.599999999999994,180.0,0.0,167.86702569501801
22660.0,6828137.000000047,3.4460253370669885e-15,51.599999999999994,180.0,0.0,192.77409261593334
22670.0,6828136.999999977,1.1833097839429908e-15,51.599999999999994,180.0,0.0,166.5847890731152
22680.0,6828136.999999974,1.425051951284028e-15,51.60000000000001,180.0,0.0,165.94367076216378
22690.0,6828136.999999967,1.8010277330002708e-15,51.60000000000001,180.0,0.0,165.30255245121234
22700.0,6828136.999999943,3.454303437688943e-15,51.599999999999994,180.0,0.0,164.6614341402609
22710.0,6828136.99999999,2.6214231947255254e-16,51.599999999999994,180.0,0.0,164.02031582930948
22720.0,6828137.000000047,3.4617886433771203e-15,51.599999999999994,180.0,0.0,196.62080248164193
22730.0,6828136.999999979,1.021727158924674e-15,51.599999999999994,180.0,0.0,162.73807920740663
22740.0,6828136.999999974,1.4039539403676718e-15,51.599999999999994,180.0,0.0,197.90303910354478
22750.0,6828136.999999967,1.7880685381827486e-15,51.599999999999994,180.0,0.0,198.54415741449623
22760.0,6828136.999999943,3.4494621518990196e-15,51.599999999999994,180.0,0.0,160.81472427455236
22770.0,6828136.99999999,3.8099975464284147e-16,51.599999999999994,180.0,0.0,160.17360596360095
22780.0,6828137.000000048,3.576150102482913e-15,51.599999999999994,180.0,0.0,159.53248765264948
22790.0,6828136.999999979,1.1542029251247658e-15,51.599999999999994,180.0,0.0,158.89136934169804
22800.0,6828136.999999972,1.669787157388431e-15,51.60000000000001,180.0,0.0,158.25025103074663
22810.0,6828136.9999999665,1.921191766686314e-15,51.60000000000001,180.0,0.0,157.60913271979518
22820.0,6828136.999999943,3.460074712262612e-15,51.60000000000001,180.0,0.0,156.96801440884377
22830.0,6828136.99999999,3.63187994903049e-16,51.59999999999999,180.0,0.0,156.32689609789233
22840.0,6828137.000000048,3.574744899281531e-15,51.60000000000001,180.0,0.0,204.31422221305905
22850.0,6828136.999999977,1.2862219234647637e-15,51.599999999999994,180.0,0.0,155.0446594759895
22860.0,6828136.999999976,1.2775885361752876e-15,51.60000000000001,180.0,0.0,154.40354116503804
22870.0,6828136.9999999665,1.916335829986986e-15,51.60000000000001,180.0,0.0,153.76242285408662
22880.0,6828136.999999945,3.1947939305081074e-15,51.599999999999994,180.0,0.0,153.1213045431352
22890.0,6828136.99999999,2.0587603787104472e-16,51.60000000000001,180.0,0.0,152.48018623218374
22900.0,6828137.000000048,3.576334197455442e-15,51.60000000000001,180.0,0.0,208.16093207876764
22910.0,6828136.999999979,1.1552882260227692e-15,51.60000000000001,180.0,0.0,151.19794961028094
22920.0,6828136.999999974,1.4119911968157786e-15,51.60000000000001,180.0,0.0,150.55683129932953
22930.0,6828136.999999968,1.7925292703691736e-15,51.60000000000001,180.0,0.0,149.91571298837806
22940.0,6828136.999999943,3.4580806764322912e-15,51.599999999999994,180.0,0.0,149.27459467742662
22950.0,6828136.999999991,1.6061355104694482e-16,51.60000000000001,180.0,0.0,148.6334763664752
22960.0,6828137.000000047,3.3219938578583766e-15,51.599999999999994,180.0,0.0,212.00764194447623
22970.0,6828136.999999979,1.150807124669195e-15,51.60000000000001,180.0,0.0,147.35123974457235
22980.0,6828136.999999974,1.532221767127503e-15,51.60000000000001,180.0,0.0,146.7101214336209
22990.0,6828136.999999968,1.7881730179836686e-15,51.60000000000001,180.0,0.0,146.0690031226695
23000.0,6828136.999999947,3.1956759703387174e-15,51.60000000000001,180.0,0.0,145.42788481171806
23010.0,6828136.999999991,1.5353848587814253e-16,51.599999999999994,180.0,0.0,144.78676650076665
23020.0,6828137.00000005,3.7223583485914694e-15,51.60000000000001,180.0,0.0,215.8543518101848
23030.0,6828136.999999979,1.1505001767314689e-15,51.599999999999994,180.0,0.0,216.4954701211362
23040.0,6828136.999999976,1.2763734604611125e-15,51.60000000000001,180.0,0.0,217.13658843208765
23050.0,6828136.999999969,1.6620635148120243e-15,51.60000000000001,180.0,0.0,217.7777067430391
23060.0,6828136.999999947,3.0659276837426193e-15,51.599999999999994,180.0,0.0,141.5811749460095
23070.0,6828136.999999992,9.761497028334746e-17,51.599999999999994,180.0,0.0,140.94005663505806
23080.0,6828137.000000048,3.581776413099745e-15,51.60000000000001,180.0,0.0,219.70106167589336
23090.0,6828136.99999998,8.955600125415948e-16,51.599999999999994,180.0,0.0,139.65782001315523
23100.0,6828136.999999976,1.2778235921256073e-15,51.599999999999994,180.0,0.0,139.0167017022038
23110.0,6828136.999999969,1.660411345525259e-15,51.600000000000016,180.0,0.0,138.37558339125235
23120.0,6828136.999999945,3.3251978449187533e-15,51.60000000000001,180.0,0.0,137.7344650803009
23130.0,6828136.999999992,2.275547530216977e-16,51.599999999999994,180.0,0.0,137.0933467693495
23140.0,6828137.000000048,3.577613858909455e-15,51.60000000000001,180.0,0.0,223.54777154160192
23150.0,6828136.999999979,1.1486763418764583e-15,51.599999999999994,180.0,0.0,224.18888985255336
23160.0,6828136.999999976,1.276472238532929e-15,51.60000000000001,180.0,0.0,135.1699918364952
23170.0,6828136.999999968,1.7873541483941594e-15,51.60000000000001,180.0,0.0,134.5288735255438
23180.0,6828136.999999947,3.0653000428733473e-15,51.60000000000001,180.0,0.0,133.88775521459237
23190.0,6828136.999999992,2.0829202841933212e-16,51.60000000000001,180.0,0.0,133.24663690364093
23200.0,6828137.00000005,3.7016547506928625e-15,51.600000000000016,180.0,0.0,227.3944814073105
23210.0,6828136.99999998,1.0255167061103355e-15,51.60000000000001,180.0,0.0,131.96440028173808
23220.0,6828136.999999977,1.2778062399182806e-15,51.599999999999994,180.0,0.0,131.32328197078664
23230.0,6828136.999999971,1.5338110606420436e-15,51.600000000000016,180.0,0.0,130.68216365983523
23240.0,6828136.999999947,3.1956457247917346e-15,51.60000000000001,180.0,0.0,130.04104534888378
23250.0,6828136.999999991,2.062584351486607e-16,51.60000000000001,180.0,0.0,129.39992703793234
23260.0,6828137.000000048,3.579925824763305e-15,51.60000000000001,180.0,0.0,231.24119127301904
23270.0,6828136.99999998,1.0225558459180284e-15,51.599999999999994,180.0,0.0,128.11769041602946
23280.0,6828136.999999976,1.4044253239049188e-15,51.60000000000001,180.0,0.0,127.47657210507806
23290.0,6828136.999999968,1.78821481251727e-15,51.60000000000001,180.0,0.0,126.83545379412665
23300.0,6828136.999999945,3.4677966055686586e-15,51.60000000000001,180.0,0.0,126.19433548317521
23310.0,6828136.99999999,4.374314171048081e-16,51.599999999999994,180.0,0.0,125.55321717222378
23320.0,6828137.00000005,3.5753330758708124e-15,51.600000000000016,180.0,0.0,235.08790113872766
23330.0,6828136.999999979,1.1513866046251226e-15,51.599999999999994,180.0,0.0,124.27098055032093
23340.0,6828136.999999976,1.4065441403888077e-15,51.60000000000001,180.0,0.0,123.6298622393695
23350.0,6828136.999999968,1.787674737591561e-15,51.600000000000016,180.0,0.0,122.98874392841809
23360.0,6828136.999999947,3.1982887569913314e-15,51.60000000000001,180.0,0.0,122.34762561746665
23370.0,6828136.999999991,2.700813607973319e-16,51.60000000000001,180.0,0.0,121.7065073065152
23380.0,6828137.000000048,3.4493296029414947e-15,51.600000000000016,180.0,0.0,238.93461100443622
23390.0,6828136.999999979,1.152097291532302e-15,51.599999999999994,180.0,0.0,120.42427068461237
23400.0,6828136.999999974,1.534867200139838e-15,51.60000000000001,180.0,0.0,119.78315237366093
23410.0,6828136.999999968,1.7883281058431266e-15,51.60000000000001,180.0,0.0,119.14203406270948
23420.0,6828136.999999947,3.1940938433646475e-15,51.599999999999994,180.0,0.0,118.50091575175809
23430.0,6828136.999999991,1.589445383523144e-16,51.599999999999994,180.0,0.0,117.85979744080664
23440.0,6828137.00000005,3.710084987901678e-15,51.60000000000001,180.0,0.0,242.78132087014478
23450.0,6828136.99999998,8.938644739000022e-16,51.600000000000016,180.0,0.0,116.57756081890379
23460.0,6828136.999999976,1.2763106358996088e-15,51.60000000000001,180.0,0.0,244.06355749204766
23470.0,6828136.999999968,1.786844974559188e-15,51.60000000000001,180.0,0.0,244.7046758029991
23480.0,6828136.999999945,3.320060821630021e-15,51.60000000000001,180.0,0.0,114.65420588604951
23490.0,6828136.999999991,1.5260971869909873e-16,51.60000000000001,180.0,0.0,114.01308757509807
23500.0,6828137.000000048,3.4504206887594693e-15,51.60000000000001,180.0,0.0,246.62803073585337
23510.0,6828136.999999979,1.1540691396950368e-15,51.599999999999994,180.0,0.0,112.73085095319522
23520.0,6828136.999999976,1.2765844722025165e-15,51.60000000000001,180.0,0.0,247.91026735775617
23530.0,6828136.999999968,1.787193912427282e-15,51.600000000000016,180.0,0.0,111.44861433129236
23540.0,6828136.999999947,3.196840139976175e-15,51.60000000000001,180.0,0.0,110.80749602034093
23550.0,6828136.99999999,2.759125618860076e-16,51.60000000000001,180.0,0.0,110.1663777093895
23560.0,6828137.000000048,3.5884102091661175e-15,51.60000000000001,180.0,0.0,250.47474060156193
23570.0,6828136.999999979,1.148979962284051e-15,51.599999999999994,180.0,0.0,251.11585891251337
23580.0,6828136.999999974,1.5318255516463329e-15,51.60000000000001,180.0,0.0,251.7569772234648
23590.0,6828136.999999967,1.7891594714078183e-15,51.60000000000001,180.0,0.0,252.39809553441617
23600.0,6828136.999999945,3.319044583551381e-15,51.599999999999994,180.0,0.0,106.96078615463236
23610.0,6828136.99999999,1.423461645957258e-16,51.60000000000001,180.0,0.0,253.68033215631905
23620.0,6828137.000000048,3.591090958711121e-15,51.60000000000001,180.0,0.0,254.3214504672705
23630.0,6828136.999999979,1.1544861144789046e-15,51.599999999999994,180.0,0.0,254.96256877822194
23640.0,6828136.999999976,1.28789683888674e-15,51.60000000000001,180.0,0.0,255.60368708917332
23650.0,6828136.999999967,1.7950808389070808e-15,51.60000000000001,180.0,0.0,256.24480540012473
23660.0,6828136.999999945,3.192596963698292e-15,51.60000000000001,180.0,0.0,256.8859237110762
23670.0,6828136.99999999,2.5423263863543246e-16,51.599999999999994,180.0,0.0,257.5270420220276
23680.0,6828137.000000048,3.609799079503149e-15,51.60000000000001,180.0,0.0,258.1681603329791
23690.0,6828136.99999998,9.137957916990992e-16,51.60000000000001,180.0,0.0,258.8092786439305
23700.0,6828136.999999975,1.3015101155917959e-15,51.60000000000001,180.0,0.0,259.4503969548819
23710.0,6828136.999999967,1.799609349734679e-15,51.60000000000001,180.0,0.0,260.0915152658334
23720.0,6828136.999999945,3.19122600385784e-15,51.600000000000016,180.0,0.0,260.7326335767848
23730.0,6828136.99999999,1.4474682061022652e-16,51.599999999999994,180.0,0.0,261.3737518877362
23740.0,6828137.000000048,3.588435776873523e-15,51.60000000000001,180.0,0.0,262.0148701986876
23750.0,6828136.999999979,1.0339469354437922e-15,51.60000000000001,180.0,0.0,262.6559885096391
23760.0,6828136.999999976,1.2919392375737869e-15,51.60000000000001,180.0,0.0,263.2971068205905
23770.0,6828136.999999969,1.667986845241454e-15,51.599999999999994,180.0,0.0,263.9382251315419
23780.0,6828136.999999945,3.1913342651847474e-15,51.599999999999994,180.0,0.0,264.5793434424933
23790.0,6828136.9999999935,2.6856811129593107e-16,51.60000000000001,180.0,0.0,265.22046175344474
23800.0,6828137.000000054,4.227138349993873e-15,51.60000000000001,180.0,0.0,265.8615800643962
23810.0,6828136.99999998,9.109122934448785e-16,51.599999999999994,180.0,0.0,266.5026983753476
23820.0,6828136.999999977,1.1669349265813239e-15,51.60000000000001,180.0,0.0,267.1438166862991
23830.0,6828136.999999969,1.5467559455502144e-15,51.600000000000016,180.0,0.0,267.7849349972505
23840.0,6828136.999999947,3.0662729270154385e-15,51.60000000000001,180.0,0.0,268.4260533082019
23850.0,6828136.999999992,2.524341349823623e-16,51.600000000000016,180.0,0.0,269.0671716191533
23860.0,6828137.000000052,4.112346450247994e-15,51.60000000000001,180.0,0.0,269.70828993010474
23870.0,6828136.999999983,5.603328648012643e-16,51.60000000000001,180.0,0.0,270.3494082410562
23880.0,6828136.999999977,1.172749290858953e-15,51.60000000000001,180.0,0.0,270.9905265520076
23890.0,6828136.999999967,1.6757756985389219e-15,51.600000000000016,180.0,0.0,271.63164486295904
23900.0,6828136.999999947,2.93883046787687e-15,51.60000000000001,180.0,0.0,272.27276317391045
23910.0,6828136.999999992,2.2574823601841735e-16,51.60000000000001,180.0,0.0,272.9138814848619
23920.0,6828137.00000005,3.981538344999158e-15,51.60000000000001,180.0,0.0,273.55499979581333
23930.0,6828136.999999981,7.942050403094306e-16,51.60000000000001,180.0,0.0,274.19611810676474
23940.0,6828136.999999975,1.2985316551378433e-15,51.60000000000001,180.0,0.0,274.8372364177162
23950.0,6828136.999999967,1.6764342401630338e-15,51.60000000000001,180.0,0.0,275.4783547286676
23960.0,6828136.999999947,2.938933454359592e-15,51.600000000000016,180.0,0.0,276.11947303961904
23970.0,6828136.999999992,1.7861198143880365e-16,51.599999999999994,180.0,0.0,276.76059135057045
23980.0,6828137.00000005,3.975361705324126e-15,51.60000000000001,180.0,0.0,277.4017096615219
23990.0,6828136.999999981,6.527272041460949e-16,51.60000000000001,180.0,0.0,278.04282797247333
24000.0,6828136.999999975,1.2885359400056228e-15,51.60000000000001,180.0,0.0,278.68394628342475
24010.0,6828136.999999967,1.6680212121399818e-15,51.60000000000001,180.0,0.0,279.32506459437616
24020.0,6828136.999999945,3.0641543694138037e-15,51.599999999999994,180.0,0.0,279.96618290532757
24030.0,6828136.999999987,2.9632687083491357e-16,51.599999999999994,180.0,0.0,280.60730121627904
24040.0,6828137.00000005,3.984521409963897e-15,51.599999999999994,180.0,0.0,281.24841952723045
24050.0,6828136.999999981,6.811271970215356e-16,51.599999999999994,180.0,0.0,281.8895378381819
24060.0,6828136.999999975,1.1593807927799622e-15,51.60000000000001,180.0,0.0,282.53065614913334
24070.0,6828136.999999967,1.668569020324768e-15,51.60000000000001,180.0,0.0,283.1717744600848
24080.0,6828136.999999945,3.063913130624489e-15,51.599999999999994,180.0,0.0,283.8128927710362
24090.0,6828136.99999999,2.1716993734578062e-16,51.599999999999994,180.0,0.0,284.45401108198763
24100.0,6828137.000000052,4.2402902426263365e-15,51.60000000000001,180.0,0.0,285.09512939293904
24110.0,6828136.999999981,6.746122990759887e-16,51.599999999999994,180.0,0.0,285.73624770389046
24120.0,6828136.999999977,1.0466059008671636e-15,51.60000000000001,180.0,0.0,286.3773660148419
24130.0,6828136.999999967,1.6822197574700254e-15,51.60000000000001,180.0,0.0,287.01848432579334
24140.0,6828136.999999945,3.0696900163441046e-15,51.599999999999994,180.0,0.0,287.65960263674475
24150.0,6828136.99999999,3.372964738787782e-16,51.599999999999994,180.0,0.0,288.30072094769616
24160.0,6828137.00000005,4.006798360018958e-15,51.599999999999994,180.0,0.0,288.9418392586476
24170.0,6828136.999999981,7.31782606643378e-16,51.599999999999994,180.0,0.0,289.58295756959905
24180.0,6828136.999999977,1.103918541119909e-15,51.60000000000001,180.0,0.0,290.22407588055046
24190.0,6828136.999999969,1.4499978641390473e-15,51.60000000000001,180.0,0.0,290.8651941915019
24200.0,6828136.999999945,3.0658008847332018e-15,51.599999999999994,180.0,0.0,291.50631250245334
24210.0,6828136.999999989,2.3869909480013403e-16,51.599999999999994,180.0,0.0,292.1474308134048
24220.0,6828137.000000052,4.2442377601703964e-15,51.60000000000001,180.0,0.0,292.7885491243562
24230.0,6828136.9999999795,8.525666850933128e-16,51.599999999999994,180.0,0.0,293.42966743530764
24240.0,6828136.999999975,1.2101993227601864e-15,51.60000000000001,180.0,0.0,294.07078574625905
24250.0,6828136.999999967,1.5812743066157524e-15,51.60000000000001,180.0,0.0,294.71190405721046
24260.0,6828136.999999943,3.2009587512183902e-15,51.599999999999994,180.0,0.0,295.35302236816193
24270.0,6828136.999999987,3.0439694805053837e-16,51.599999999999994,180.0,0.0,295.99414067911334
24280.0,6828137.000000048,3.855103696275792e-15,51.599999999999994,180.0,0.0,296.63525899006476
24290.0,6828136.9999999795,7.98032753300136e-16,51.599999999999994,180.0,0.0,297.27637730101617
24300.0,6828136.999999975,1.1969732138802889e-15,51.60000000000001,180.0,0.0,297.91749561196764
24310.0,6828136.999999966,1.809026858632933e-15,51.60000000000001,180.0,0.0,298.55861392291905
24320.0,6828136.999999943,3.195154339464833e-15,51.599999999999994,180.0,0.0,299.19973223387046
24330.0,6828136.999999987,2.9266901225889587e-16,51.599999999999994,180.0,0.0,299.84085054482193
24340.0,6828137.00000005,3.976401476901495e-15,51.60000000000001,180.0,0.0,300.48196885577335
24350.0,6828136.999999977,1.153513034470713e-15,51.599999999999994,180.0,0.0,301.1230871667248
24360.0,6828136.999999973,1.4114167728458815e-15,51.59999999999999,180.0,0.0,301.7642054776762
24370.0,6828136.999999966,1.7945884538313047e-15,51.60000000000001,180.0,0.0,302.40532378862764
24380.0,6828136.999999943,3.191371281991793e-15,51.59999999999999,180.0,0.0,303.04644209957905
24390.0,6828136.999999985,3.864535135237613e-16,51.599999999999994,180.0,0.0,303.68756041053047
24400.0,6828137.000000047,3.7217373194324115e-15,51.599999999999994,180.0,0.0,304.32867872148194
24410.0,6828136.999999977,1.1614467990356404e-15,51.599999999999994,180.0,0.0,304.96979703243335
24420.0,6828136.999999971,1.5445649949799453e-15,51.60000000000001,180.0,0.0,305.6109153433848
24430.0,6828136.999999964,1.9217524094775694e-15,51.60000000000001,180.0,0.0,306.2520336543362
24440.0,6828136.999999945,3.063309017193043e-15,51.599999999999994,180.0,0.0,306.89315196528764
24450.0,6828136.999999987,2.937152091618944e-16,51.599999999999994,180.0,0.0,307.53427027623906
24460.0,6828137.000000048,3.8606512345376004e-15,51.599999999999994,180.0,0.0,308.17538858719047
24470.0,6828136.999999977,1.1772806299260087e-15,51.599999999999994,180.0,0.0,308.81650689814194
24480.0,6828136.999999971,1.5561961818485135e-15,51.60000000000001,180.0,0.0,309.45762520909335
24490.0,6828136.999999966,1.8094895251302435e-15,51.60000000000001,180.0,0.0,310.09874352004476
24500.0,6828136.999999943,3.1908135343442452e-15,51.599999999999994,180.0,0.0,310.7398618309962
24510.0,6828136.999999987,2.9032119426057112e-16,51.599999999999994,180.0,0.0,311.38098014194765
24520.0,6828137.00000005,3.9781173835253244e-15,51.59999999999999,180.0,0.0,312.02209845289906
24530.0,6828136.9999999795,7.753221859104364e-16,51.599999999999994,180.0,0.0,312.66321676385047
24540.0,6828136.999999975,1.1600040569461366e-15,51.60000000000001,180.0,0.0,313.30433507480194
24550.0,6828136.999999966,1.802706060043372e-15,51.60000000000001,180.0,0.0,313.94545338575335
24560.0,6828136.999999943,3.1933491932158304e-15,51.599999999999994,180.0,0.0,314.58657169670477
24570.0,6828136.999999989,9.251356228885963e-17,51.599999999999994,180.0,0.0,315.2276900076562
24580.0,6828137.00000005,4.097092940773546e-15,51.599999999999994,180.0,0.0,315.86880831860765
24590.0,6828136.999999981,6.492113080430415e-16,51.599999999999994,180.0,0.0,316.50992662955906
24600.0,6828136.999999975,1.1822439963423611e-15,51.60000000000001,180.0,0.0,317.1510449405105
24610.0,6828136.999999966,1.8098597266098807e-15,51.60000000000001,180.0,0.0,317.79216325146194
24620.0,6828136.999999947,2.8099352961062576e-15,51.599999999999994,180.0,0.0,318.4332815624133
24630.0,6828136.999999987,3.2131974102442903e-16,51.599999999999994,180.0,0.0,319.07439987336477
24640.0,6828137.00000005,3.9698002470853395e-15,51.599999999999994,180.0,0.0,319.7155181843162
24650.0,6828136.9999999795,7.767411354304436e-16,51.599999999999994,180.0,0.0,320.35663649526765
24660.0,6828136.999999973,1.2922692789058583e-15,51.599999999999994,180.0,0.0,320.99775480621906
24670.0,6828136.999999964,1.9408666711132576e-15,51.60000000000001,180.0,0.0,321.6388731171705
24680.0,6828136.999999945,3.068616706719968e-15,51.599999999999994,180.0,0.0,322.27999142812195
24690.0,6828136.999999985,5.718542959835321e-16,51.599999999999994,180.0,0.0,322.92110973907336
24700.0,6828137.000000048,3.867010271491491e-15,51.59999999999999,180.0,0.0,323.56222805002477
24710.0,6828136.999999978,1.0377735129867627e-15,51.599999999999994,180.0,0.0,324.2033463609762
24720.0,6828136.999999971,1.5545804239766023e-15,51.59999999999999,180.0,0.0,324.84446467192765
24730.0,6828136.999999966,1.8169206931145765e-15,51.60000000000001,180.0,0.0,325.48558298287907
24740.0,6828136.999999945,3.070954537576291e-15,51.599999999999994,180.0,0.0,326.12670129383054
24750.0,6828136.999999985,4.999530498748897e-16,51.59999999999999,180.0,0.0,326.76781960478195
24760.0,6828137.000000048,3.8637809288757774e-15,51.599999999999994,180.0,0.0,327.4089379157333
24770.0,6828136.999999978,1.046352793051608e-15,51.599999999999994,180.0,0.0,328.05005622668483
24780.0,6828136.999999975,1.1691401797177066e-15,51.599999999999994,180.0,0.0,328.6911745376362
24790.0,6828136.999999964,1.924170062302754e-15,51.60000000000001,180.0,0.0,329.3322928485877
24800.0,6828136.999999945,3.063296648698569e-15,51.59999999999999,180.0,0.0,329.97341115953907
24810.0,6828136.999999987,2.643627829069236e-16,51.59999999999999,180.0,0.0,330.61452947049054
24820.0,6828137.000000047,3.72562295509557e-15,51.59999999999999,180.0,0.0,331.25564778144195
24830.0,6828136.999999977,1.1703098457467899e-15,51.599999999999994,180.0,0.0,331.8967660923933
24840.0,6828136.999999971,1.5423116801579478e-15,51.59999999999999,180.0,0.0,332.53788440334483
24850.0,6828136.999999967,1.6625776260637968e-15,51.60000000000001,180.0,0.0,333.1790027142962
24860.0,6828136.999999943,3.1908952713742595e-15,51.59999999999999,180.0,0.0,333.8201210252477
24870.0,6828136.999999987,2.611814186392251e-16,51.599999999999994,180.0,0.0,25.538760663800936
24880.0,6828137.00000005,3.971407124225403e-15,51.59999999999999,180.0,0.0,335.10235764715054
24890.0,6828136.999999977,1.158903075251808e-15,51.60000000000001,180.0,0.0,335.74347595810195
24900.0,6828136.999999973,1.3084999575932953e-15,51.599999999999994,180.0,0.0,336.38459426905337
24910.0,6828136.999999964,1.9237689219090926e-15,51.599999999999994,180.0,0.0,337.0257125800048
24920.0,6828136.999999945,3.063177923375564e-15,51.59999999999999,180.0,0.0,337.6668308909562
24930.0,6828136.999999985,4.226456824769137e-16,51.59999999999999,180.0,0.0,338.30794920190766
24940.0,6828137.00000005,3.980218700072868e-15,51.59999999999999,180.0,0.0,338.9490675128591
24950.0,6828136.999999977,1.174690412279714e-15,51.599999999999994,180.0,0.0,339.59018582381054
24960.0,6828136.999999971,1.5641016204366896e-15,51.59999999999999,180.0,0.0,340.23130413476196
24970.0,6828136.999999966,1.798828313721256e-15,51.60000000000001,180.0,0.0,340.87242244571337
24980.0,6828136.999999945,3.0666070634545013e-15,51.599999999999994,180.0,0.0,341.5135407566648
24990.0,6828136.999999987,3.223356967270973e-16,51.599999999999994,180.0,0.0,342.1546590676162
25000.0,6828137.000000047,3.728723944922373e-15,51.599999999999994,180.0,0.0,342.79577737856766
25010.0,6828136.999999978,9.23118193070547e-16,51.599999999999994,180.0,0.0,343.4368956895191
25020.0,6828136.999999973,1.4223197403734983e-15,51.599999999999994,180.0,0.0,344.0780140004705
25030.0,6828136.999999966,1.6813088376815969e-15,51.599999999999994,180.0,0.0,344.71913231142196
25040.0,6828136.999999945,3.0639093285732577e-15,51.599999999999994,180.0,0.0,345.36025062237337
25050.0,6828136.999999987,3.2439850536953827e-16,51.599999999999994,180.0,0.0,346.0013689333248
25060.0,6828137.00000005,4.1173205297602016e-15,51.59999999999999,180.0,0.0,346.6424872442762
25070.0,6828136.9999999795,8.22313247153192e-16,51.599999999999994,180.0,0.0,347.28360555522767
25080.0,6828136.999999975,1.1821163708755816e-15,51.60000000000001,180.0,0.0,347.9247238661791
25090.0,6828136.999999966,1.6846910740532016e-15,51.599999999999994,180.0,0.0,348.5658421771306
25100.0,6828136.999999945,3.069212159933667e-15,51.59999999999999,180.0,0.0,349.2069604880819
25110.0,6828136.999999989,2.732646552510986e-16,51.59999999999999,180.0,0.0,349.8480787990334
25120.0,6828137.00000005,4.117517331100435e-15,51.59999999999999,180.0,0.0,350.4891971099848
25130.0,6828136.999999981,5.820553245896477e-16,51.599999999999994,180.0,0.0,351.1303154209362
25140.0,6828136.999999973,1.3055136400498664e-15,51.599999999999994,180.0,0.0,351.77143373188767
25150.0,6828136.999999967,1.5412039836902329e-15,51.59999999999999,180.0,0.0,352.4125520428391
25160.0,6828136.999999947,2.8081603028120093e-15,51.59999999999999,180.0,0.0,6.946329646209585
25170.0,6828136.999999987,1.2768433702462115e-16,51.59999999999999,180.0,0.0,353.69478866474196
25180.0,6828137.000000048,3.970035078333848e-15,51.59999999999999,180.0,0.0,354.33590697569343
25190.0,6828136.999999978,9.125168829566764e-16,51.59999999999999,180.0,0.0,354.9770252866448
25200.0,6828136.999999973,1.2909031671166786e-15,51.59999999999999,180.0,0.0,355.61814359759626
25210.0,6828136.999999966,1.677186798241157e-15,51.599999999999994,180.0,0.0,356.2592619085478
25220.0,6828136.999999947,2.8183655505863987e-15,51.599999999999994,180.0,0.0,356.900380219499
25230.0,6828136.999999989,3.869196272712851e-16,51.59999999999999,180.0,0.0,357.5414985304504
25240.0,6828137.00000005,4.13369096735031e-15,51.599999999999994,180.0,0.0,358.1826168414018
25250.0,6828136.999999978,9.339384191631902e-16,51.599999999999994,180.0,0.0,358.8237351523534
25260.0,6828136.999999975,1.0677555773216319e-15,51.59999999999999,180.0,0.0,359.4648534633053
25270.0,6828136.999999966,1.6979648044594926e-15,51.599999999999994,180.0,0.0,359.89402822574925
25280.0,6828136.999999945,2.950413133626029e-15,51.59999999999999,180.0,0.0,359.2529099147923
25290.0,6828136.999999989,3.618456577771096e-16,51.599999999999994,180.0,0.0,358.61179160384114
25300.0,6828137.000000048,4.0000804365326195e-15,51.59999999999999,180.0,0.0,357.97067329288967
25310.0,6828136.9999999795,6.944365902219199e-16,51.599999999999994,180.0,0.0,357.32955498193814
25320.0,6828136.999999973,1.3079921584291326e-15,51.599999999999994,180.0,0.0,356.6884366709867
25330.0,6828136.999999967,1.4214382486526774e-15,51.599999999999994,180.0,0.0,356.0473183600352
25340.0,6828136.999999945,2.9363275090338077e-15,51.599999999999994,180.0,0.0,355.40620004908374
25350.0,6828136.999999989,1.0666213016680647e-16,51.59999999999999,180.0,0.0,354.7650817381323
25360.0,6828137.000000052,4.236372015537828e-15,51.59999999999999,180.0,0.0,354.1239634271809
25370.0,6828136.9999999795,6.828159997140439e-16,51.59999999999999,180.0,0.0,353.48284511622956
25380.0,6828136.999999977,1.0495447120596125e-15,51.59999999999999,180.0,0.0,352.841726805278
25390.0,6828136.999999969,1.4166177442678883e-15,51.599999999999994,180.0,0.0,352.20060849432656
25400.0,6828136.999999949,2.553946086368184e-15,51.59999999999999,180.0,0.0,351.55949018337515
25410.0,6828136.999999989,1.412865880595695e-16,51.599999999999994,180.0,0.0,350.91837187242373
25420.0,6828137.000000052,4.242003242072169e-15,51.59999999999999,180.0,0.0,350.27725356147226
25430.0,6828136.9999999795,8.377566935240759e-16,51.599999999999994,180.0,0.0,349.6361352505209
25440.0,6828136.999999975,1.2065799137196975e-15,51.59999999999999,180.0,0.0,348.99501693956944
25450.0,6828136.999999969,1.4437169658800888e-15,51.59999999999999,180.0,0.0,348.3538986286181
25460.0,6828136.999999947,2.8148352877577515e-15,51.59999999999999,180.0,0.0,347.7127803176666
25470.0,6828136.999999989,2.2147430839892997e-16,51.59999999999999,180.0,0.0,347.0716620067152
25480.0,6828137.000000052,4.240342542627596e-15,51.59999999999999,180.0,0.0,346.43054369576373
25490.0,6828136.9999999795,8.2156309030056825e-16,51.599999999999994,180.0,0.0,345.7894253848124
25500.0,6828136.999999975,1.1862221521488924e-15,51.599999999999994,180.0,0.0,345.1483070738609
25510.0,6828136.999999966,1.808730838811617e-15,51.60000000000001,180.0,0.0,344.5071887629095
25520.0,6828136.999999947,2.8141952062807704e-15,51.599999999999994,180.0,0.0,343.8660704519581
25530.0,6828136.999999989,2.677616931975988e-16,51.599999999999994,180.0,0.0,343.2249521410066
25540.0,6828137.000000052,4.2626583950545584e-15,51.59999999999999,180.0,0.0,342.5838338300552
25550.0,6828136.999999978,9.876672897746207e-16,51.59999999999999,180.0,0.0,341.9427155191038
25560.0,6828136.999999975,1.250359573800584e-15,51.59999999999999,180.0,0.0,341.3015972081524
25570.0,6828136.999999969,1.4488098814690793e-15,51.599999999999994,180.0,0.0,340.6604788972009
25580.0,6828136.999999949,2.5602183460039966e-15,51.599999999999994,180.0,0.0,340.0193605862495
25590.0,6828136.999999989,6.133509066204667e-17,51.60000000000001,180.0,0.0,339.3782422752981
25600.0,6828137.000000054,4.3633499426027584e-15,51.599999999999994,180.0,0.0,338.7371239643466
25610.0,6828136.999999981,7.002081293316123e-16,51.599999999999994,180.0,0.0,338.0960056533952
25620.0,6828136.999999975,1.1736840315292903e-15,51.599999999999994,180.0,0.0,337.4548873424438
25630.0,6828136.999999967,1.5523556009607916e-15,51.599999999999994,180.0,0.0,336.81376903149237
25640.0,6828136.99999995,2.433326641331403e-15,51.599999999999994,180.0,0.0,336.1726507205409
25650.0,6828136.99999999,2.3918780892053304e-16,51.599999999999994,180.0,0.0,335.5315324095895
25660.0,6828137.00000005,4.127075159771417e-15,51.599999999999994,180.0,0.0,334.8904140986381
25670.0,6828136.999999981,7.208872797739592e-16,51.599999999999994,180.0,0.0,334.2492957876866
25680.0,6828136.999999977,9.425346916689898e-16,51.59999999999999,180.0,0.0,333.6081774767352
25690.0,6828136.999999971,1.1906990604208723e-15,51.599999999999994,180.0,0.0,332.9670591657838
25700.0,6828136.999999949,2.5631873816060445e-15,51.599999999999994,180.0,0.0,332.32594085483237
25710.0,6828136.99999999,3.952174045282233e-16,51.599999999999994,180.0,0.0,331.6848225438809
25720.0,6828137.000000054,4.504185769655273e-15,51.599999999999994,180.0,0.0,331.0437042329295
25730.0,6828136.999999983,5.588995868104197e-16,51.60000000000001,180.0,0.0,330.4025859219781
25740.0,6828136.999999977,9.478142789962409e-16,51.599999999999994,180.0,0.0,329.7614676110266
25750.0,6828136.999999969,1.3323783897628643e-15,51.60000000000001,180.0,0.0,329.12034930007525
25760.0,6828136.999999949,2.5615791489297294e-15,51.599999999999994,180.0,0.0,328.4792309891238
25770.0,6828136.99999999,4.475794587053946e-16,51.60000000000001,180.0,0.0,327.83811267817237
25780.0,6828137.00000005,4.131689407000391e-15,51.59999999999999,180.0,0.0,327.1969943672209
25790.0,6828136.999999983,5.866519014537389e-16,51.599999999999994,180.0,0.0,326.5558760562695
25800.0,6828136.999999977,9.909695923858937e-16,51.599999999999994,180.0,0.0,325.91475774531807
25810.0,6828136.999999967,1.5802902664801202e-15,51.59999999999999,180.0,0.0,325.2736394343666
25820.0,6828136.99999995,2.3150690819628494e-15,51.59999999999999,180.0,0.0,324.6325211234152
25830.0,6828136.99999999,4.002493262175344e-16,51.599999999999994,180.0,0.0,323.9914028124638
25840.0,6828137.000000052,4.389630367102322e-15,51.599999999999994,180.0,0.0,323.35028450151236
25850.0,6828136.9999999795,7.764846802631888e-16,51.599999999999994,180.0,0.0,322.7091661905609
25860.0,6828136.999999975,1.0979330412116986e-15,51.59999999999999,180.0,0.0,322.0680478796095
25870.0,6828136.999999971,1.0742431109417805e-15,51.60000000000001,180.0,0.0,321.426929568658
25880.0,6828136.999999949,2.556888523575355e-15,51.599999999999994,180.0,0.0,320.7858112577066
25890.0,6828136.999999989,2.352941774912937e-16,51.60000000000001,180.0,0.0,320.14469294675524
25900.0,6828137.00000005,4.236434148590771e-15,51.599999999999994,180.0,0.0,319.5035746358038
25910.0,6828136.9999999795,5.963819379450792e-16,51.599999999999994,180.0,0.0,318.86245632485236
25920.0,6828136.999999975,1.0571589571313523e-15,51.60000000000001,180.0,0.0,318.2213380139009
25930.0,6828136.999999967,1.4282127516756568e-15,51.60000000000001,180.0,0.0,317.5802197029495
25940.0,6828136.999999949,2.4249899137797675e-15,51.599999999999994,180.0,0.0,43.06089860800194
25950.0,6828136.999999989,1.9358425812213457e-16,51.599999999999994,180.0,0.0,43.702016918953376
25960.0,6828137.00000005,4.212149597362583e-15,51.59999999999999,180.0,0.0,315.6568647700952
25970.0,6828136.9999999795,5.124674838312197e-16,51.599999999999994,180.0,0.0,315.01574645914377
25980.0,6828136.999999975,9.06242507523175e-16,51.599999999999994,180.0,0.0,314.37462814819236
25990.0,6828136.999999969,1.1501791421390905e-15,51.59999999999999,180.0,0.0,313.7335098372409
26000.0,6828136.999999947,2.5526480019840788e-15,51.599999999999994,180.0,0.0,46.90760847371054
26010.0,6828136.999999989,1.3675345294578742e-16,51.60000000000001,180.0,0.0,312.451273215338
26020.0,6828137.000000051,4.3493261949921815e-15,51.59999999999999,180.0,0.0,311.8101549043866
26030.0,6828136.999999978,7.699634560590169e-16,51.599999999999994,180.0,0.0,311.1690365934352
26040.0,6828136.999999975,8.97964740989006e-16,51.599999999999994,180.0,0.0,310.52791828248377
26050.0,6828136.999999964,1.6597044594962813e-15,51.60000000000001,180.0,0.0,309.88679997153235
26060.0,6828136.999999945,2.8105938369178797e-15,51.59999999999999,180.0,0.0,50.75431833941911
26070.0,6828136.999999987,1.4401674144284185e-17,51.59999999999999,180.0,0.0,308.6045633496295
26080.0,6828137.000000048,4.090055792173878e-15,51.59999999999999,180.0,0.0,307.963445038678
26090.0,6828136.999999978,7.68798727013611e-16,51.59999999999999,180.0,0.0,307.3223267277266
26100.0,6828136.999999975,8.935178188250382e-16,51.599999999999994,180.0,0.0,53.31879158322482
26110.0,6828136.999999964,1.6595102812532856e-15,51.599999999999994,180.0,0.0,306.04009010582377
26120.0,6828136.999999943,2.8086154875247678e-15,51.59999999999999,180.0,0.0,54.60102820512768
26130.0,6828136.999999989,2.573681370530548e-16,51.59999999999999,180.0,0.0,304.7578534839209
26140.0,6828137.000000047,3.9618586573439656e-15,51.59999999999999,180.0,0.0,304.11673517296947
26150.0,6828136.999999977,8.983256509919322e-16,51.599999999999994,180.0,0.0,56.52438313798196
26160.0,6828136.999999973,1.1491288384942103e-15,51.599999999999994,180.0,0.0,57.1655014489334
26170.0,6828136.999999964,1.6636625588748383e-15,51.599999999999994,180.0,0.0,57.80661975988481
26180.0,6828136.999999941,3.067222676983341e-15,51.59999999999999,180.0,0.0,58.44773807083624
26190.0,6828136.999999987,3.0155432059295504e-16,51.599999999999994,180.0,0.0,59.088856381787686
26200.0,6828137.000000048,4.084435502661587e-15,51.59999999999999,180.0,0.0,300.2700253072609
26210.0,6828136.999999977,1.0302918523346702e-15,51.59999999999999,180.0,0.0,60.37109300369055
26220.0,6828136.999999973,1.1646774835006893e-15,51.599999999999994,180.0,0.0,61.01221131464197
26230.0,6828136.999999964,1.6678254029000548e-15,51.599999999999994,180.0,0.0,61.65332962559341
26240.0,6828136.999999945,2.8242984919278116e-15,51.59999999999999,180.0,0.0,62.29444793654483
26250.0,6828136.999999987,2.772462105959587e-16,51.59999999999999,180.0,0.0,62.93556624749626
26260.0,6828137.00000005,4.212188651894594e-15,51.599999999999994,180.0,0.0,63.57668455844769
26270.0,6828136.9999999795,5.599669289818901e-16,51.599999999999994,180.0,0.0,64.21780286939912
26280.0,6828136.999999975,9.201819993681448e-16,51.599999999999994,180.0,0.0,64.85892118035055
26290.0,6828136.999999963,1.938476805448238e-15,51.599999999999994,180.0,0.0,65.50003949130198
26300.0,6828136.999999943,3.10394586728567e-15,51.599999999999994,180.0,0.0,66.14115780225339
26310.0,6828136.999999985,4.925086235066509e-16,51.599999999999994,180.0,0.0,66.78227611320483
26320.0,6828137.000000047,3.830473052467811e-15,51.599999999999994,180.0,0.0,67.42339442415626
26330.0,6828136.999999977,1.0525377938185713e-15,51.599999999999994,180.0,0.0,68.0645127351077
26340.0,6828136.999999971,1.4275486761921218e-15,51.599999999999994,180.0,0.0,68.70563104605911
26350.0,6828136.999999963,1.923706840669883e-15,51.599999999999994,180.0,0.0,69.34674935701054
26360.0,6828136.999999943,3.0752041509035956e-15,51.599999999999994,180.0,0.0,69.98786766796196
26370.0,6828136.999999985,2.8631705990060557e-16,51.599999999999994,180.0,0.0,70.6289859789134
26380.0,6828137.000000048,3.95706540268149e-15,51.59999999999999,180.0,0.0,288.72989571013517
26390.0,6828136.999999977,1.0413100979907884e-15,51.59999999999999,180.0,0.0,71.91122260081626
26400.0,6828136.999999973,1.2855871004618784e-15,51.60000000000001,180.0,0.0,72.5523409117677
26410.0,6828136.999999966,1.6660961349854778e-15,51.59999999999999,180.0,0.0,73.19345922271911
26420.0,6828136.999999945,2.8284707772283165e-15,51.59999999999999,180.0,0.0,73.83457753367054
26430.0,6828136.999999987,4.857694139259036e-16,51.599999999999994,180.0,0.0,74.47569584462198
26440.0,6828137.000000048,3.9669895451456634e-15,51.599999999999994,180.0,0.0,75.11681415557341
26450.0,6828136.999999978,9.745179204331662e-16,51.59999999999999,180.0,0.0,75.75793246652484
26460.0,6828136.999999975,1.0801991695937116e-15,51.599999999999994,180.0,0.0,76.39905077747626
26470.0,6828136.999999964,1.963970065211894e-15,51.599999999999994,180.0,0.0,77.0401690884277
26480.0,6828136.999999943,3.1267124460284268e-15,51.59999999999999,180.0,0.0,77.68128739937913
26490.0,6828136.999999985,6.534415505733833e-16,51.599999999999994,180.0,0.0,78.32240571033056
26500.0,6828137.000000048,3.966910498475725e-15,51.599999999999994,180.0,0.0,78.96352402128198
26510.0,6828136.999999978,8.700382672375967e-16,51.59999999999999,180.0,0.0,79.60464233223341
26520.0,6828136.999999975,1.0825495739782803e-15,51.59999999999999,180.0,0.0,80.24576064318484
26530.0,6828136.999999966,1.7033192582056069e-15,51.599999999999994,180.0,0.0,80.88687895413626
26540.0,6828136.999999943,3.226953388647863e-15,51.599999999999994,180.0,0.0,81.52799726508769
26550.0,6828136.999999987,4.3719046281000303e-16,51.599999999999994,180.0,0.0,82.16911557603913
26560.0,6828137.000000048,3.957008827017781e-15,51.60000000000001,180.0,0.0,82.81023388699055
26570.0,6828136.999999978,9.74158051713692e-16,51.599999999999994,180.0,0.0,83.45135219794199
26580.0,6828136.999999971,1.5777237041612283e-15,51.599999999999994,180.0,0.0,84.09247050889341
26590.0,6828136.999999966,1.832337532713416e-15,51.599999999999994,180.0,0.0,84.73358881984485
26600.0,6828136.999999941,3.356574945413023e-15,51.59999999999999,180.0,0.0,85.37470713079627
26610.0,6828136.999999989,4.3576635827848496e-16,51.599999999999994,180.0,0.0,86.0158254417477
26620.0,6828137.000000047,3.703891436613542e-15,51.599999999999994,180.0,0.0,86.65694375269914
26630.0,6828136.999999977,1.2214564663701727e-15,51.60000000000001,180.0,0.0,87.29806206365056
26640.0,6828136.999999973,1.3362436974240452e-15,51.599999999999994,180.0,0.0,87.93918037460199
26650.0,6828136.999999964,1.957997698436522e-15,51.60000000000001,180.0,0.0,88.58029868555342
26660.0,6828136.999999943,3.2323477722533174e-15,51.60000000000001,180.0,0.0,89.22141699650486
26670.0,6828136.999999987,4.859995186550106e-16,51.59999999999999,180.0,0.0,89.86253530745627
26680.0,6828137.000000045,3.4469409368007495e-15,51.60000000000001,180.0,0.0,90.5036536184077
26690.0,6828136.999999977,1.1903739670254607e-15,51.60000000000001,180.0,0.0,91.14477192935914
26700.0,6828136.999999971,1.5626021740619485e-15,51.599999999999994,180.0,0.0,91.78589024031056
26710.0,6828136.999999964,1.9490835191112885e-15,51.60000000000001,180.0,0.0,92.42700855126199
26720.0,6828136.999999947,2.8611165693377545e-15,51.599999999999994,180.0,0.0,93.06812686221342
26730.0,6828136.999999987,5.718636360072389e-16,51.60000000000001,180.0,0.0,93.70924517316486
26740.0,6828137.000000047,3.711643535116625e-15,51.599999999999994,180.0,0.0,94.35036348411629
26750.0,6828136.999999977,1.119057540662827e-15,51.60000000000001,180.0,0.0,94.9914817950677
26760.0,6828136.999999973,1.3465333405834405e-15,51.599999999999994,180.0,0.0,95.63260010601914
26770.0,6828136.999999964,1.975317412126966e-15,51.60000000000001,180.0,0.0,96.27371841697057
26780.0,6828136.999999941,3.4991053055809628e-15,51.60000000000001,180.0,0.0,96.914836727922
26790.0,6828136.999999985,6.752870504334866e-16,51.59999999999999,180.0,0.0,97.55595503887342
26800.0,6828137.000000047,3.709822855929758e-15,51.599999999999994,180.0,0.0,98.19707334982485
26810.0,6828136.999999977,1.2443889395177274e-15,51.60000000000001,180.0,0.0,98.83819166077629
26820.0,6828136.999999971,1.6075788438391308e-15,51.599999999999994,180.0,0.0,99.4793099717277
26830.0,6828136.999999964,2.099393644084137e-15,51.60000000000001,180.0,0.0,100.12042828267914
26840.0,6828136.999999943,3.3720514081209197e-15,51.599999999999994,180.0,0.0,100.76154659363057
26850.0,6828136.999999987,5.18887750277028e-16,51.60000000000001,180.0,0.0,101.40266490458201
26860.0,6828137.000000048,3.8309127799596475e-15,51.599999999999994,180.0,0.0,102.04378321553342
26870.0,6828136.999999977,1.2011219143396374e-15,51.60000000000001,180.0,0.0,102.68490152648485
26880.0,6828136.999999971,1.5727673226095053e-15,51.60000000000001,180.0,0.0,103.32601983743629
26890.0,6828136.999999966,1.8213054087685976e-15,51.60000000000001,180.0,0.0,103.96713814838772
26900.0,6828136.999999943,3.351162887672662e-15,51.60000000000001,180.0,0.0,104.60825645933913
26910.0,6828136.999999985,6.099072620267231e-16,51.599999999999994,180.0,0.0,105.24937477029057
26920.0,6828137.000000045,3.318396551975203e-15,51.60000000000001,180.0,0.0,105.890493081242
26930.0,6828136.999999977,1.1805644452944973e-15,51.60000000000001,180.0,0.0,106.53161139219343
26940.0,6828136.999999971,1.555535664736218e-15,51.60000000000001,180.0,0.0,107.17272970314485
26950.0,6828136.999999964,2.0707153353503954e-15,51.599999999999994,180.0,0.0,107.81384801409628
26960.0,6828136.999999943,3.366026947982058e-15,51.60000000000001,180.0,0.0,108.45496632504772
26970.0,6828136.999999987,6.265761153236364e-16,51.60000000000001,180.0,0.0,109.09608463599913
26980.0,6828137.000000045,3.3224343086822318e-15,51.599999999999994,180.0,0.0,109.73720294695056
26990.0,6828136.999999976,1.4230434131724681e-15,51.60000000000001,180.0,0.0,110.378321257902
27000.0,6828136.999999972,1.555236273019937e-15,51.60000000000001,180.0,0.0,111.01943956885343
27010.0,6828136.999999963,2.1888839625298145e-15,51.60000000000001,180.0,0.0,111.66055787980484
27020.0,6828136.999999941,3.592065692592239e-15,51.60000000000001,180.0,0.0,112.30167619075628
27030.0,6828136.999999984,7.043906401537366e-16,51.60000000000001,180.0,0.0,112.94279450170772
27040.0,6828137.000000045,3.3184038812425353e-15,51.60000000000001,180.0,0.0,246.41608718734085
27050.0,6828136.999999977,1.1558666960802734e-15,51.60000000000001,180.0,0.0,114.22503112361056
27060.0,6828136.99999997,1.7914877872924742e-15,51.60000000000001,180.0,0.0,114.866149434562
27070.0,6828136.999999965,2.04437807498285e-15,51.600000000000016,180.0,0.0,115.50726774551342
27080.0,6828136.999999943,3.3265379912835325e-15,51.60000000000001,180.0,0.0,116.14838605646486
27090.0,6828136.999999986,5.658535864402134e-16,51.60000000000001,180.0,0.0,116.78950436741628
27100.0,6828137.000000047,3.4474592725054107e-15,51.60000000000001,180.0,0.0,242.56937732163232
27110.0,6828136.999999977,1.1576917349689098e-15,51.60000000000001,180.0,0.0,118.07174098931914
27120.0,6828136.999999972,1.6621882759893115e-15,51.60000000000001,180.0,0.0,118.71285930027057
27130.0,6828136.999999965,2.0436937596209e-15,51.60000000000001,180.0,0.0,119.35397761122198
27140.0,6828136.999999943,3.4517227741058525e-15,51.60000000000001,180.0,0.0,119.99509592217342
27150.0,6828136.999999984,8.321299127186062e-16,51.60000000000001,180.0,0.0,120.63621423312486
27160.0,6828137.000000045,3.1910959262651748e-15,51.60000000000001,180.0,0.0,121.27733254407627
27170.0,6828136.999999976,1.417721990319992e-15,51.60000000000001,180.0,0.0,121.91845085502773
27180.0,6828136.999999972,1.6651772598695773e-15,51.600000000000016,180.0,0.0,122.55956916597911
27190.0,6828136.999999965,2.0450011926031164e-15,51.600000000000016,180.0,0.0,123.20068747693055
27200.0,6828136.999999939,3.832831594313027e-15,51.60000000000001,180.0,0.0,123.84180578788198
27210.0,6828136.999999986,5.247132668206294e-16,51.599999999999994,180.0,0.0,124.48292409883342
27220.0,6828137.000000045,3.199088137588894e-15,51.60000000000001,180.0,0.0,234.8759575902152
27230.0,6828136.999999977,1.2763692433900229e-15,51.60000000000001,180.0,0.0,234.23483927926375
27240.0,6828136.999999972,1.6595989643057034e-15,51.60000000000001,180.0,0.0,233.5937209683123
27250.0,6828136.999999965,2.042809960974386e-15,51.60000000000001,180.0,0.0,127.04739734263914
27260.0,6828136.999999941,3.5851184110081765e-15,51.60000000000001,180.0,0.0,127.68851565359056
27270.0,6828136.999999988,5.707903282180931e-16,51.60000000000001,180.0,0.0,128.32963396454198
27280.0,6828137.000000045,3.190788153053494e-15,51.60000000000001,180.0,0.0,231.02924772450658
27290.0,6828136.999999977,1.2763198652704424e-15,51.60000000000001,180.0,0.0,129.61187058644484
27300.0,6828136.999999972,1.6611177340070084e-15,51.60000000000001,180.0,0.0,130.25298889739628
27310.0,6828136.999999963,2.297359301797819e-15,51.600000000000016,180.0,0.0,130.89410720834772
27320.0,6828136.999999939,3.8354549728439835e-15,51.60000000000001,180.0,0.0,131.53522551929916
27330.0,6828136.999999982,8.951787277274514e-16,51.60000000000001,180.0,0.0,132.17634383025054
27340.0,6828137.000000045,3.1964993296958364e-15,51.600000000000016,180.0,0.0,227.182537858798
27350.0,6828136.999999977,1.2845898074275087e-15,51.60000000000001,180.0,0.0,133.45858045215343
27360.0,6828136.999999972,1.6647704707343344e-15,51.600000000000016,180.0,0.0,134.09969876310484
27370.0,6828136.999999965,2.0427586801219657e-15,51.600000000000016,180.0,0.0,225.25918292594372
27380.0,6828136.999999939,3.830293595413882e-15,51.599999999999994,180.0,0.0,135.3819353850077
27390.0,6828136.999999984,7.798789070914676e-16,51.60000000000001,180.0,0.0,136.02305369595913
27400.0,6828137.000000045,3.2057436317094936e-15,51.60000000000001,180.0,0.0,223.33582799308942
27410.0,6828136.999999977,1.2763273192587775e-15,51.60000000000001,180.0,0.0,137.30529031786196
27420.0,6828136.99999997,1.787042731380767e-15,51.600000000000016,180.0,0.0,222.0535913711866
27430.0,6828136.999999965,2.0427497716223453e-15,51.600000000000016,180.0,0.0,221.41247306023516
27440.0,6828136.999999939,3.832415313297295e-15,51.60000000000001,180.0,0.0,139.22864525071626
27450.0,6828136.999999982,8.996639554078324e-16,51.60000000000001,180.0,0.0,139.8697635616677
27460.0,6828137.000000045,3.2046307313686887e-15,51.60000000000001,180.0,0.0,219.48911812738086
27470.0,6828136.999999976,1.4043874902799423e-15,51.60000000000001,180.0,0.0,141.15200018357058
27480.0,6828136.99999997,1.786829749757456e-15,51.600000000000016,180.0,0.0,218.206881505478
27490.0,6828136.999999963,2.1704906918507905e-15,51.600000000000016,180.0,0.0,142.43423680547343
27500.0,6828136.999999941,3.5737858621831804e-15,51.60000000000001,180.0,0.0,143.07535511642484
27510.0,6828136.999999984,6.522502459776702e-16,51.60000000000001,180.0,0.0,216.28352657262374
27520.0,6828137.000000044,3.0867264367707555e-15,51.599999999999994,180.0,0.0,215.6424082616723
27530.0,6828136.999999974,1.542444562897899e-15,51.60000000000001,180.0,0.0,215.00128995072086
27540.0,6828136.999999968,1.9167941209191722e-15,51.600000000000016,180.0,0.0,214.36017163976942
27550.0,6828136.999999963,2.1799198357908644e-15,51.600000000000016,180.0,0.0,213.719053328818
27560.0,6828136.999999941,3.573753570633373e-15,51.60000000000001,180.0,0.0,146.9220649821334
27570.0,6828136.999999984,6.740606894627379e-16,51.60000000000001,180.0,0.0,212.43681670691518
27580.0,6828137.000000047,3.4996345611839576e-15,51.60000000000001,180.0,0.0,211.79569839596374
27590.0,6828136.999999974,1.5696037846296136e-15,51.60000000000001,180.0,0.0,211.1545800850123
27600.0,6828136.999999972,1.5617383954683912e-15,51.600000000000016,180.0,0.0,210.5134617740609
27610.0,6828136.999999963,2.188676728437881e-15,51.600000000000016,180.0,0.0,209.87234346310944
27620.0,6828136.999999943,3.3282848316685055e-15,51.60000000000002,180.0,0.0,209.23122515215803
27630.0,6828136.999999984,7.129630057932582e-16,51.60000000000001,180.0,0.0,208.59010684120656
27640.0,6828137.000000047,3.499942831892726e-15,51.600000000000016,180.0,0.0,207.94898853025518
27650.0,6828136.999999976,1.4627020096943804e-15,51.60000000000002,180.0,0.0,207.30787021930374
27660.0,6828136.99999997,1.7123814351884677e-15,51.600000000000016,180.0,0.0,206.6667519083523
27670.0,6828136.999999964,2.092895590235264e-15,51.60000000000002,180.0,0.0,206.02563359740088
27680.0,6828136.999999945,3.1994987504695847e-15,51.600000000000016,180.0,0.0,205.38451528644944
27690.0,6828136.999999987,4.543348226610391e-16,51.600000000000016,180.0,0.0,204.743396975498
27700.0,6828137.000000048,3.7364404528797576e-15,51.60000000000002,180.0,0.0,204.1022786645466
27710.0,6828136.999999977,1.2155133390670672e-15,51.600000000000016,180.0,0.0,203.46116035359515
27720.0,6828136.999999974,1.446734344288446e-15,51.600000000000016,180.0,0.0,202.82004204264373
27730.0,6828136.999999966,1.9527629061962102e-15,51.600000000000016,180.0,0.0,202.17892373169232
27740.0,6828136.999999943,3.330911119360386e-15,51.600000000000016,180.0,0.0,201.53780542074088
27750.0,6828136.999999985,5.857015899852109e-16,51.60000000000001,180.0,0.0,200.89668710978944
27760.0,6828137.000000047,3.4869561514934885e-15,51.60000000000001,180.0,0.0,200.25556879883803
27770.0,6828136.999999978,1.0775248251533624e-15,51.600000000000016,180.0,0.0,199.6144504878866
27780.0,6828136.999999973,1.4516288413064782e-15,51.600000000000016,180.0,0.0,198.97333217693514
27790.0,6828136.999999966,1.949318117078492e-15,51.600000000000016,180.0,0.0,198.33221386598376
27800.0,6828136.999999943,3.3282809054156192e-15,51.60000000000001,180.0,0.0,197.69109555503232
27810.0,6828136.999999989,2.7970779303772247e-16,51.600000000000016,180.0,0.0,197.04997724408085
27820.0,6828137.00000005,3.993650681335381e-15,51.600000000000016,180.0,0.0,196.40885893312944
27830.0,6828136.9999999795,9.572759657333073e-16,51.60000000000001,180.0,0.0,195.76774062217802
27840.0,6828136.999999977,1.095930514148858e-15,51.60000000000001,180.0,0.0,195.1266223112266
27850.0,6828136.999999967,1.7114448498952247e-15,51.60000000000001,180.0,0.0,194.48550400027517
27860.0,6828136.999999943,3.3323363898271987e-15,51.600000000000016,180.0,0.0,193.84438568932373
27870.0,6828136.999999992,4.2613724392834835e-16,51.60000000000001,180.0,0.0,193.20326737837235
27880.0,6828137.000000052,4.13263717936295e-15,51.60000000000001,180.0,0.0,192.5621490674209
27890.0,6828136.999999978,1.1082871125541236e-15,51.600000000000016,180.0,0.0,191.92103075646943
27900.0,6828136.999999977,1.1191039102401404e-15,51.60000000000001,180.0,0.0,191.279912445518
27910.0,6828136.999999967,1.714079861965217e-15,51.60000000000001,180.0,0.0,190.6387941345666
27920.0,6828136.999999947,2.950988198844763e-15,51.60000000000001,180.0,0.0,189.99767582361514
27930.0,6828136.999999989,2.9617666845457245e-16,51.60000000000001,180.0,0.0,189.3565575126637
27940.0,6828137.000000048,3.737238537140254e-15,51.60000000000001,180.0,0.0,188.71543920171231
27950.0,6828136.9999999795,9.433391353111676e-16,51.600000000000016,180.0,0.0,188.07432089076093
27960.0,6828136.999999975,1.31680299601431e-15,51.60000000000001,180.0,0.0,187.43320257980943
27970.0,6828136.999999966,1.930587168423309e-15,51.60000000000001,180.0,0.0,186.79208426885802
27980.0,6828136.999999947,2.935551344712708e-15,51.60000000000001,180.0,0.0,173.8490340420934
27990.0,6828136.999999987,4.0099399259367916e-16,51.599999999999994,180.0,0.0,174.49015235304486
28000.0,6828137.00000005,3.95894857059143e-15,51.600000000000016,180.0,0.0,184.86872933600367
28010.0,6828136.9999999795,8.959330966349219e-16,51.60000000000001,180.0,0.0,184.22761102505228
28020.0,6828136.999999977,1.0235005863334901e-15,51.60000000000001,180.0,0.0,183.58649271410087
28030.0,6828136.999999967,1.6593285283296724e-15,51.60000000000001,180.0,0.0,182.9453744031495
28040.0,6828136.999999947,2.9394214188969138e-15,51.60000000000001,180.0,0.0,177.69574390780195
28050.0,6828136.999999989,2.2104263488389913e-16,51.60000000000001,180.0,0.0,178.3368622187534
28060.0,6828137.00000005,3.95784192977659e-15,51.599999999999994,180.0,0.0,181.02201947029536
28070.0,6828136.9999999795,7.682648458116945e-16,51.600000000000016,180.0,0.0,179.6190988406559
28080.0,6828136.999999975,1.2772009983018899e-15,51.60000000000001,180.0,0.0,179.73978284839282
28090.0,6828136.999999967,1.661019400520977e-15,51.60000000000001,180.0,0.0,179.09866453744098
28100.0,6828136.999999947,2.9461939359464228e-15,51.60000000000001,180.0,0.0,178.45754622648934
28110.0,6828136.999999992,3.0371792136307124e-16,51.60000000000001,180.0,0.0,177.8164279155378
28120.0,6828137.00000005,3.956568777693839e-15,51.60000000000001,180.0,0.0,177.1753096045866
28130.0,6828136.9999999795,9.088635924480773e-16,51.600000000000016,180.0,0.0,176.53419129363508
28140.0,6828136.999999978,9.070403791336968e-16,51.60000000000001,180.0,0.0,175.89307298268366
28150.0,6828136.999999966,1.922647019598987e-15,51.600000000000016,180.0,0.0,175.25195467173225
28160.0,6828136.999999947,2.959743461738492e-15,51.60000000000001,180.0,0.0,174.6108363607809
28170.0,6828136.99999999,4.180638866690341e-16,51.599999999999994,180.0,0.0,173.9697180498294
28180.0,6828137.000000052,4.085329235608903e-15,51.60000000000001,180.0,0.0,173.328599738878
28190.0,6828136.999999981,8.03817457790192e-16,51.60000000000001,180.0,0.0,172.68748142792657
28200.0,6828136.999999977,1.1684692865369653e-15,51.60000000000001,180.0,0.0,172.0463631169752
28210.0,6828136.999999969,1.6761137622849794e-15,51.600000000000016,180.0,0.0,171.40524480602366
28220.0,6828136.999999949,2.8343261080286847e-15,51.60000000000001,180.0,0.0,170.76412649507225
28230.0,6828136.999999992,3.5614397968869e-16,51.60000000000001,180.0,0.0,170.1230081841209
28240.0,6828137.000000052,4.0842796705102725e-15,51.600000000000016,180.0,0.0,169.48188987316945
28250.0,6828136.999999981,7.990757382627527e-16,51.60000000000001,180.0,0.0,168.84077156221804
28260.0,6828136.999999977,1.1693022618413486e-15,51.600000000000016,180.0,0.0,168.19965325126657
28270.0,6828136.999999971,1.4337368142299486e-15,51.600000000000016,180.0,0.0,167.55853494031513
28280.0,6828136.999999949,2.841455481596483e-15,51.60000000000001,180.0,0.0,166.91741662936371
28290.0,6828136.999999987,5.025345703566143e-16,51.600000000000016,180.0,0.0,166.2762983184123
28300.0,6828137.000000052,4.0842031326090744e-15,51.60000000000001,180.0,0.0,165.63518000746083
28310.0,6828136.9999999795,9.17012114094106e-16,51.599999999999994,180.0,0.0,164.99406169650945
28320.0,6828136.999999977,1.166019479881386e-15,51.60000000000001,180.0,0.0,164.352943385558
28330.0,6828136.999999967,1.6661305992979509e-15,51.60000000000001,180.0,0.0,163.71182507460657
28340.0,6828136.999999947,2.9530014912615974e-15,51.60000000000001,180.0,0.0,163.07070676365515
28350.0,6828136.999999992,5.19100600403164e-16,51.60000000000001,180.0,0.0,162.42958845270374
28360.0,6828137.00000005,3.9743344682500486e-15,51.60000000000001,180.0,0.0,161.78847014175233
28370.0,6828136.999999979,1.1509564771770513e-15,51.60000000000001,180.0,0.0,161.1473518308009
28380.0,6828136.999999976,1.364381757349109e-15,51.60000000000001,180.0,0.0,160.50623351984945
28390.0,6828136.999999967,1.844190363640955e-15,51.600000000000016,180.0,0.0,159.86511520889803
28400.0,6828136.999999945,3.2392947973323976e-15,51.60000000000001,180.0,0.0,159.22399689794662
28410.0,6828136.99999999,4.1915759992522893e-16,51.600000000000016,180.0,0.0,158.58287858699518
28420.0,6828137.000000048,3.702589955832026e-15,51.600000000000016,180.0,0.0,157.94176027604374
28430.0,6828136.999999981,8.684098256557282e-16,51.600000000000016,180.0,0.0,157.3006419650923
28440.0,6828136.999999974,1.4702076385662596e-15,51.60000000000001,180.0,0.0,156.65952365414086
28450.0,6828136.999999969,1.5750205651683285e-15,51.600000000000016,180.0,0.0,156.01840534318944
28460.0,6828136.999999945,3.2393816885941105e-15,51.600000000000016,180.0,0.0,155.377287032238
28470.0,6828136.999999987,8.501249530885289e-16,51.60000000000001,180.0,0.0,154.73616872128662
28480.0,6828137.000000052,4.129151819913278e-15,51.600000000000016,180.0,0.0,154.09505041033515
28490.0,6828136.9999999795,1.17825443532205e-15,51.600000000000016,180.0,0.0,153.45393209938374
28500.0,6828136.999999977,1.3484497127430355e-15,51.60000000000001,180.0,0.0,152.8128137884323
28510.0,6828136.999999966,2.0567696160117427e-15,51.60000000000002,180.0,0.0,152.17169547748085
28520.0,6828136.999999947,3.198840742771701e-15,51.600000000000016,180.0,0.0,151.53057716652944
28530.0,6828136.99999999,7.800370199731583e-16,51.600000000000016,180.0,0.0,150.889458855578
28540.0,6828137.000000048,3.612229542252121e-15,51.600000000000016,180.0,0.0,150.2483405446266
28550.0,6828136.99999998,1.1768263856080438e-15,51.600000000000016,180.0,0.0,149.60722223367517
28560.0,6828136.999999974,1.5800668163086467e-15,51.600000000000016,180.0,0.0,148.96610392272373
28570.0,6828136.999999967,1.9188883624482833e-15,51.600000000000016,180.0,0.0,148.3249856117723
28580.0,6828136.999999947,3.290919910956956e-15,51.600000000000016,180.0,0.0,147.68386730082085
28590.0,6828136.99999999,8.847320228572906e-16,51.600000000000016,180.0,0.0,147.04274898986944
28600.0,6828137.000000048,3.611396473651914e-15,51.600000000000016,180.0,0.0,146.40163067891802
28610.0,6828136.99999998,1.1055217667879834e-15,51.600000000000016,180.0,0.0,145.76051236796658
28620.0,6828136.999999974,1.6735109153358265e-15,51.600000000000016,180.0,0.0,145.11939405701517
28630.0,6828136.999999968,1.91541276565127e-15,51.600000000000016,180.0,0.0,144.47827574606373
28640.0,6828136.999999943,3.540706441662695e-15,51.60000000000001,180.0,0.0,143.8371574351123
28650.0,6828136.99999999,7.796285443170977e-16,51.600000000000016,180.0,0.0,143.19603912416088
28660.0,6828137.000000047,3.3438247498787094e-15,51.600000000000016,180.0,0.0,142.55492081320943
28670.0,6828136.999999979,1.358436467441313e-15,51.60000000000002,180.0,0.0,141.913802502258
28680.0,6828136.999999972,1.8856345038617327e-15,51.600000000000016,180.0,0.0,141.27268419130658
28690.0,6828136.9999999665,2.1443843276182506e-15,51.60000000000002,180.0,0.0,140.63156588035517
28700.0,6828136.999999943,3.6766055499976535e-15,51.600000000000016,180.0,0.0,139.99044756940373
28710.0,6828136.999999988,1.0475986875038188e-15,51.600000000000016,180.0,0.0,139.3493292584523
28720.0,6828137.000000047,3.2229910167372356e-15,51.60000000000002,180.0,0.0,138.70821094750087
28730.0,6828136.999999977,1.545737833221093e-15,51.600000000000016,180.0,0.0,138.06709263654946
28740.0,6828136.999999972,1.9252453114268123e-15,51.600000000000016,180.0,0.0,137.425974325598
28750.0,6828136.999999965,2.3770109930084332e-15,51.600000000000016,180.0,0.0,136.78485601464658
28760.0,6828136.99999994,3.903838776969934e-15,51.60000000000002,180.0,0.0,136.14373770369514
28770.0,6828136.999999988,7.510206398545197e-16,51.60000000000001,180.0,0.0,135.50261939274372
28780.0,6828137.000000045,3.0780989578077507e-15,51.60000000000001,180.0,0.0,134.8615010817923
28790.0,6828136.999999977,1.6211247348594975e-15,51.600000000000016,180.0,0.0,134.22038277084087
28800.0,6828136.999999972,1.84966175876337e-15,51.600000000000016,180.0,0.0,133.57926445988943
28810.0,6828136.999999965,2.370565558410484e-15,51.600000000000016,180.0,0.0,132.93814614893802
28820.0,6828136.999999942,3.746205325676732e-15,51.60000000000001,180.0,0.0,132.29702783798658
28830.0,6828136.999999988,8.840146438480921e-16,51.60000000000001,180.0,0.0,131.65590952703513
28840.0,6828137.000000047,3.2014413812975207e-15,51.600000000000016,180.0,0.0,131.01479121608372
28850.0,6828136.999999977,1.496425145943157e-15,51.600000000000016,180.0,0.0,130.3736729051323
28860.0,6828136.999999974,1.7294187530114324e-15,51.600000000000016,180.0,0.0,129.73255459418087
28870.0,6828136.999999965,2.353526729279933e-15,51.60000000000001,180.0,0.0,129.09143628322946
28880.0,6828136.999999944,3.6064303343014886e-15,51.600000000000016,180.0,0.0,128.45031797227801
28890.0,6828136.999999988,7.635584744014973e-16,51.60000000000001,180.0,0.0,127.80919966132657
28900.0,6828137.000000047,3.1952585370059534e-15,51.600000000000016,180.0,0.0,127.16808135037515
28910.0,6828136.999999976,1.721626257511054e-15,51.60000000000001,180.0,0.0,126.52696303942373
28920.0,6828136.99999997,2.2172171577832443e-15,51.600000000000016,180.0,0.0,125.88584472847229
28930.0,6828136.9999999665,2.1939268354743723e-15,51.600000000000016,180.0,0.0,125.24472641752088
28940.0,6828136.999999942,3.863491210851113e-15,51.600000000000016,180.0,0.0,124.60360810656945
28950.0,6828136.999999991,5.469850459889158e-16,51.600000000000016,180.0,0.0,123.96248979561801
28960.0,6828137.000000047,3.1992152858329957e-15,51.600000000000016,180.0,0.0,123.3213714846666
28970.0,6828136.999999976,1.7343279335916538e-15,51.600000000000016,180.0,0.0,122.68025317371516
28980.0,6828136.999999972,1.9610053691312156e-15,51.600000000000016,180.0,0.0,122.03913486276373
28990.0,6828136.9999999665,2.217763127056942e-15,51.600000000000016,180.0,0.0,121.39801655181232
29000.0,6828136.999999944,3.602038898477025e-15,51.60000000000001,180.0,0.0,120.75689824086088
29010.0,6828136.999999991,5.375718665887844e-16,51.600000000000016,180.0,0.0,120.11577992990945
29020.0,6828137.000000048,3.3186349443154296e-15,51.600000000000016,180.0,0.0,119.47466161895804
29030.0,6828136.999999979,1.4313644008337043e-15,51.600000000000016,180.0,0.0,118.8335433080066
29040.0,6828136.999999976,1.5563149766529696e-15,51.60000000000001,180.0,0.0,118.19242499705516
29050.0,6828136.999999968,1.9400016353165865e-15,51.600000000000016,180.0,0.0,117.55130668610374
29060.0,6828136.999999944,3.602749092620654e-15,51.60000000000001,180.0,0.0,116.91018837515232
29070.0,6828136.999999993,5.000728563947096e-16,51.600000000000016,180.0,0.0,116.26907006420087
29080.0,6828137.000000048,3.324362648617669e-15,51.600000000000016,180.0,0.0,115.62795175324946
29090.0,6828136.99999998,1.191870893981638e-15,51.60000000000001,180.0,0.0,114.98683344229804
29100.0,6828136.999999976,1.5755048430971839e-15,51.600000000000016,180.0,0.0,114.34571513134661
29110.0,6828136.9999999665,2.212584525409037e-15,51.60000000000002,180.0,0.0,113.70459682039518
29120.0,6828136.999999944,3.618163864364736e-15,51.600000000000016,180.0,0.0,113.06347850944374
29130.0,6828136.999999991,6.749801399473583e-16,51.600000000000016,180.0,0.0,112.42236019849231
29140.0,6828137.000000048,3.33106757510178e-15,51.600000000000016,180.0,0.0,111.78124188754089
29150.0,6828136.99999998,1.2229254674782621e-15,51.60000000000001,180.0,0.0,111.14012357658946
29160.0,6828136.999999976,1.5881937683348282e-15,51.600000000000016,180.0,0.0,110.49900526563802
29170.0,6828136.999999968,2.0943985809308643e-15,51.600000000000016,180.0,0.0,109.85788695468662
29180.0,6828136.999999946,3.507539279948415e-15,51.600000000000016,180.0,0.0,109.21676864373518
29190.0,6828136.999999991,7.234368281027104e-16,51.60000000000001,180.0,0.0,108.57565033278374
29200.0,6828137.00000005,3.462715438139183e-15,51.600000000000016,180.0,0.0,107.93453202183231
29210.0,6828136.99999998,1.2430823257504762e-15,51.600000000000016,180.0,0.0,107.2934137108809
29220.0,6828136.999999977,1.4710066924813437e-15,51.60000000000001,180.0,0.0,106.65229539992946
29230.0,6828136.9999999665,2.2190187266414962e-15,51.600000000000016,180.0,0.0,106.01117708897803
29240.0,6828136.999999944,3.753225011298011e-15,51.600000000000016,180.0,0.0,105.3700587780266
29250.0,6828136.999999991,7.113884182241562e-16,51.60000000000001,180.0,0.0,104.72894046707518
29260.0,6828137.000000049,3.3418758147255282e-15,51.600000000000016,180.0,0.0,104.08782215612375
29270.0,6828136.99999998,1.376794569533753e-15,51.600000000000016,180.0,0.0,103.44670384517232
29280.0,6828136.999999976,1.7429515922209755e-15,51.600000000000016,180.0,0.0,102.8055855342209
29290.0,6828136.999999968,2.119848985537546e-15,51.600000000000016,180.0,0.0,102.16446722326947
29300.0,6828136.999999944,3.769133040766302e-15,51.60000000000002,180.0,0.0,101.52334891231804
29310.0,6828136.99999999,9.095777155793027e-16,51.600000000000016,180.0,0.0,100.8822306013666
29320.0,6828137.000000049,3.3391228506623674e-15,51.600000000000016,180.0,0.0,100.24111229041519
29330.0,6828136.999999979,1.6203475145373388e-15,51.600000000000016,180.0,0.0,99.59999397946376
29340.0,6828136.999999972,2.2247380086756176e-15,51.60000000000001,180.0,0.0,98.95887566851232
29350.0,6828136.999999965,2.6000446113879616e-15,51.600000000000016,180.0,0.0,98.3177573575609
29360.0,6828136.999999944,3.868926208614159e-15,51.600000000000016,180.0,0.0,97.67663904660948
29370.0,6828136.999999991,6.807271878459397e-16,51.600000000000016,180.0,0.0,97.03552073565804
29380.0,6828137.0000000475,3.068234230492191e-15,51.599999999999994,180.0,0.0,96.39440242470661
29390.0,6828136.999999977,1.8501200142241105e-15,51.600000000000016,180.0,0.0,95.75328411375519
29400.0,6828136.999999972,2.2155720506169155e-15,51.599999999999994,180.0,0.0,95.11216580280376
29410.0,6828136.999999965,2.595599589728235e-15,51.600000000000016,180.0,0.0,94.47104749185233
29420.0,6828136.999999942,4.003215002196378e-15,51.600000000000016,180.0,0.0,93.8299291809009
29430.0,6828136.999999986,1.287582637361908e-15,51.60000000000001,180.0,0.0,93.18881086994946
29440.0,6828137.000000049,3.3296650711480865e-15,51.60000000000001,180.0,0.0,92.54769255899805
29450.0,6828136.999999979,1.5960335276270579e-15,51.599999999999994,180.0,0.0,91.90657424804662
29460.0,6828136.999999972,2.2130828322399472e-15,51.600000000000016,180.0,0.0,91.26545593709518
29470.0,6828136.999999965,2.593595729312739e-15,51.60000000000001,180.0,0.0,90.62433762614376
29480.0,6828136.999999946,3.746038920292742e-15,51.599999999999994,180.0,0.0,89.98321931519234
29490.0,6828136.99999999,9.150466910633738e-16,51.600000000000016,180.0,0.0,89.34210100424092
29500.0,6828137.000000049,3.0688383341444404e-15,51.60000000000001,180.0,0.0,88.70098269328949
29510.0,6828136.99999998,1.581274948833328e-15,51.599999999999994,180.0,0.0,88.05986438233805
29520.0,6828136.999999974,1.951464106078948e-15,51.60000000000001,180.0,0.0,87.41874607138662
29530.0,6828136.9999999665,2.455231105811543e-15,51.60000000000001,180.0,0.0,86.7776277604352
29540.0,6828136.999999948,3.4807385946401296e-15,51.60000000000001,180.0,0.0,86.13650944948377
29550.0,6828136.99999999,8.768511539498209e-16,51.60000000000001,180.0,0.0,85.49539113853236
29560.0,6828137.0000000475,3.06706616428512e-15,51.599999999999994,180.0,0.0,84.85427282758093
29570.0,6828136.99999998,1.571255743021696e-15,51.600000000000016,180.0,0.0,84.21315451662949
29580.0,6828136.999999972,2.191673365807782e-15,51.60000000000001,180.0,0.0,83.57203620567806
29590.0,6828136.999999965,2.698335498597064e-15,51.60000000000001,180.0,0.0,82.93091789472665
29600.0,6828136.999999944,3.850242323774849e-15,51.599999999999994,180.0,0.0,82.28979958377522
29610.0,6828136.99999999,8.345283944635746e-16,51.599999999999994,180.0,0.0,81.64868127282378
29620.0,6828137.000000049,3.192073747652597e-15,51.60000000000001,180.0,0.0,81.00756296187235
29630.0,6828136.99999998,1.5751427371707104e-15,51.60000000000001,180.0,0.0,80.36644465092093
29640.0,6828136.999999972,2.19034452700717e-15,51.60000000000001,180.0,0.0,79.7253263399695
29650.0,6828136.999999965,2.6917024402364164e-15,51.60000000000001,180.0,0.0,79.08420802901807
29660.0,6828136.999999948,3.4574637821016924e-15,51.599999999999994,180.0,0.0,78.44308971806664
29670.0,6828136.99999999,7.743097252824471e-16,51.599999999999994,180.0,0.0,77.80197140711522
29680.0,6828137.000000049,3.195803400213454e-15,51.599999999999994,180.0,0.0,282.83914690383625
29690.0,6828136.99999998,1.540026686911653e-15,51.60000000000001,180.0,0.0,76.51973478521235
29700.0,6828136.999999974,2.0472158503986892e-15,51.60000000000001,180.0,0.0,75.87861647426092
29710.0,6828136.9999999665,2.4324033505864558e-15,51.60000000000001,180.0,0.0,75.23749816330951
29720.0,6828136.999999946,3.716443025088864e-15,51.599999999999994,180.0,0.0,74.59637985235807
29730.0,6828136.999999988,1.0826698088754197e-15,51.599999999999994,180.0,0.0,73.95526154140664
29740.0,6828137.000000051,3.3184123386066462e-15,51.60000000000001,180.0,0.0,73.31414323045522
29750.0,6828136.99999998,1.548842215464456e-15,51.599999999999994,180.0,0.0,72.67302491950379
29760.0,6828136.999999972,2.1769617136380035e-15,51.60000000000001,180.0,0.0,72.03190660855236
29770.0,6828136.9999999665,2.4304327106378136e-15,51.600000000000016,180.0,0.0,71.39078829760093
29780.0,6828136.999999946,3.717400782901784e-15,51.60000000000001,180.0,0.0,70.74966998664951
29790.0,6828136.999999991,6.845180618225468e-16,51.60000000000001,180.0,0.0,70.10855167569807
29800.0,6828137.000000051,3.3214950739961577e-15,51.60000000000001,180.0,0.0,69.46743336474665
29810.0,6828136.999999982,1.3251300126874672e-15,51.60000000000001,180.0,0.0,68.82631505379521
29820.0,6828136.999999977,1.6748309187119531e-15,51.60000000000001,180.0,0.0,68.1851967428438
29830.0,6828136.999999968,2.318864738107116e-15,51.60000000000001,180.0,0.0,67.54407843189237
29840.0,6828136.999999948,3.4722566366239364e-15,51.60000000000001,180.0,0.0,66.90296012094093
29850.0,6828136.99999999,8.738613689272621e-16,51.599999999999994,180.0,0.0,66.2618418099895
29860.0,6828137.000000053,3.577622762191405e-15,51.60000000000001,180.0,0.0,65.62072349903809
29870.0,6828136.999999984,1.1831408339572379e-15,51.60000000000001,180.0,0.0,64.97960518808667
29880.0,6828136.999999977,1.6984216097424614e-15,51.60000000000001,180.0,0.0,64.33848687713524
29890.0,6828136.99999997,2.074966195679648e-15,51.60000000000001,180.0,0.0,63.697368566183805
29900.0,6828136.99999995,3.364115246172023e-15,51.60000000000001,180.0,0.0,63.05625025523238
29910.0,6828136.999999994,6.308806426402315e-16,51.60000000000001,180.0,0.0,62.41513194428096
29920.0,6828137.000000051,3.3358495160634654e-15,51.599999999999994,180.0,0.0,61.77401363332952
29930.0,6828136.999999982,1.487991526858894e-15,51.60000000000001,180.0,0.0,61.132895322378104
29940.0,6828136.999999976,1.9685538527663085e-15,51.60000000000001,180.0,0.0,60.49177701142667
29950.0,6828136.9999999665,2.5855865476668746e-15,51.600000000000016,180.0,0.0,59.85065870047525
29960.0,6828136.999999946,3.747281293632086e-15,51.60000000000001,180.0,0.0,59.20954038952381
29970.0,6828136.99999999,1.0653966870789044e-15,51.599999999999994,180.0,0.0,58.56842207857239
29980.0,6828137.000000051,3.329404888186314e-15,51.60000000000001,180.0,0.0,57.92730376762095
29990.0,6828136.999999982,1.4926307017692594e-15,51.600000000000016,180.0,0.0,57.28618545666953
30000.0,6828136.999999976,1.96422713477798e-15,51.60000000000001,180.0,0.0,56.64506714571811
30010.0,6828136.999999968,2.346739066087276e-15,51.600000000000016,180.0,0.0,56.00394883476668
30020.0,6828136.999999948,3.617311010683795e-15,51.599999999999994,180.0,0.0,55.362830523815255
30030.0,6828136.99999999,9.82547940153981e-16,51.60000000000001,180.0,0.0,54.72171221286382
30040.0,6828137.000000049,3.063176011500638e-15,51.60000000000001,180.0,0.0,54.080593901912394
30050.0,6828136.999999982,1.4388637860446737e-15,51.600000000000016,180.0,0.0,53.439475590960974
30060.0,6828136.999999974,2.1839106920458763e-15,51.60000000000001,180.0,0.0,52.79835728000955
30070.0,6828136.9999999665,2.5765628174506486e-15,51.60000000000001,180.0,0.0,52.15723896905811
30080.0,6828136.999999944,4.101451127993282e-15,51.60000000000001,180.0,0.0,51.51612065810668
30090.0,6828136.99999999,1.0565165984898158e-15,51.599999999999994,180.0,0.0,50.87500234715525
30100.0,6828137.000000051,3.190763569408942e-15,51.60000000000001,180.0,0.0,309.76611596379615
30110.0,6828136.999999982,1.5489496540253388e-15,51.600000000000016,180.0,0.0,49.5927657252524
30120.0,6828136.999999974,2.183162810835563e-15,51.60000000000001,180.0,0.0,48.951647414300965
30130.0,6828136.9999999665,2.6882401651486175e-15,51.600000000000016,180.0,0.0,48.31052910334954
30140.0,6828136.99999995,3.473920955569883e-15,51.60000000000001,180.0,0.0,47.66941079239812
30150.0,6828136.999999991,8.486490354268718e-16,51.60000000000001,180.0,0.0,47.028292481446684
30160.0,6828137.000000051,3.1931385930363902e-15,51.60000000000001,180.0,0.0,46.387174170495264
30170.0,6828136.99999998,1.7029142383460631e-15,51.599999999999994,180.0,0.0,45.74605585954383
30180.0,6828136.999999976,2.063073437647585e-15,51.60000000000001,180.0,0.0,45.1049375485924
30190.0,6828136.9999999665,2.6928227108757123e-15,51.600000000000016,180.0,0.0,44.46381923764097
30200.0,6828136.999999946,3.98204149788964e-15,51.599999999999994,180.0,0.0,43.822700926689556
30210.0,6828136.999999991,8.4497156309742065e-16,51.60000000000001,180.0,0.0,43.18158261573813
30220.0,6828137.000000053,3.446491468351041e-15,51.60000000000001,180.0,0.0,42.5404643047867
30230.0,6828136.999999984,1.3409667374059165e-15,51.60000000000001,180.0,0.0,41.899345993835254
30240.0,6828136.999999977,1.8124383933772494e-15,51.600000000000016,180.0,0.0,41.25822768288384
30250.0,6828136.999999968,2.454423335680867e-15,51.60000000000001,180.0,0.0,40.61710937193241
30260.0,6828136.999999948,3.727372718390638e-15,51.60000000000001,180.0,0.0,39.97599106098099
30270.0,6828136.999999991,8.76412034167869e-16,51.599999999999994,180.0,0.0,39.334872750029554
30280.0,6828137.000000053,3.449628601624291e-15,51.600000000000016,180.0,0.0,38.69375443907813
30290.0,6828136.999999982,1.5942477263094009e-15,51.60000000000001,180.0,0.0,38.0526361281267
30300.0,6828136.999999979,1.8284509367995773e-15,51.60000000000001,180.0,0.0,37.41151781717527
30310.0,6828136.999999968,2.4578309322758035e-15,51.60000000000001,180.0,0.0,36.77039950622385
30320.0,6828136.999999948,3.750978797292031e-15,51.59999999999999,180.0,0.0,36.12928119527241
30330.0,6828136.999999993,7.993762183098576e-16,51.60000000000001,180.0,0.0,35.48816288432099
30340.0,6828137.000000053,3.3272886081822116e-15,51.60000000000001,180.0,0.0,34.84704457336956
30350.0,6828136.999999984,1.325435364718346e-15,51.60000000000001,180.0,0.0,34.205926262418146
30360.0,6828136.99999998,1.6079073381051066e-15,51.599999999999994,180.0,0.0,33.56480795146671
30370.0,6828136.99999997,2.3194450616524667e-15,51.600000000000016,180.0,0.0,32.92368964051529
30380.0,6828136.999999948,3.73258251225427e-15,51.60000000000001,180.0,0.0,32.28257132956386
30390.0,6828136.999999994,8.085521328029105e-16,51.60000000000001,180.0,0.0,31.641453018612427
30400.0,6828137.000000057,3.593734116318383e-15,51.60000000000001,180.0,0.0,31.000334707661008
30410.0,6828136.999999984,1.4750209656302057e-15,51.60000000000001,180.0,0.0,30.359216396709567
30420.0,6828136.999999976,2.0792098840921932e-15,51.60000000000001,180.0,0.0,29.718098085758136
30430.0,6828136.999999968,2.5790412786867158e-15,51.600000000000016,180.0,0.0,29.076979774806738
30440.0,6828136.999999948,3.859509669505604e-15,51.60000000000001,180.0,0.0,28.435861463855304
30450.0,6828136.999999994,6.716626945667678e-16,51.60000000000001,180.0,0.0,27.794743152903862
30460.0,6828137.000000053,3.323074448806544e-15,51.60000000000001,180.0,0.0,27.153624841952425
30470.0,6828136.999999984,1.446057736699892e-15,51.60000000000001,180.0,0.0,26.51250653100101
30480.0,6828136.999999979,1.8166581907993778e-15,51.600000000000016,180.0,0.0,25.871388220049578
30490.0,6828136.99999997,2.3193729295702687e-15,51.600000000000016,180.0,0.0,25.230269909098162
30500.0,6828136.99999995,3.612447217670104e-15,51.600000000000016,180.0,0.0,24.589151598146728
30510.0,6828136.999999993,9.006043740796688e-16,51.60000000000001,180.0,0.0,23.948033287195322
30520.0,6828137.000000057,3.589070172761706e-15,51.600000000000016,180.0,0.0,23.30691497624388
30530.0,6828136.999999984,1.4748606664643597e-15,51.60000000000001,180.0,0.0,22.665796665292437
30540.0,6828136.999999979,1.840635045395149e-15,51.600000000000016,180.0,0.0,22.024678354341003
30550.0,6828136.999999968,2.589568736050934e-15,51.600000000000016,180.0,0.0,21.383560043389597
30560.0,6828136.999999948,3.869523250828065e-15,51.60000000000001,180.0,0.0,20.742441732438156
30570.0,6828136.999999993,9.052305358775368e-16,51.600000000000016,180.0,0.0,20.101323421486722
30580.0,6828137.000000051,3.0744983110698185e-15,51.600000000000016,180.0,0.0,19.4602051105353
30590.0,6828136.999999981,1.7179203528301498e-15,51.600000000000016,180.0,0.0,18.819086799583875
30600.0,6828136.999999978,1.955877712443206e-15,51.60000000000001,180.0,0.0,18.177968488632455
30610.0,6828136.999999967,2.7174164941786867e-15,51.600000000000016,180.0,0.0,17.53685017768102
30620.0,6828136.999999948,3.876545379305359e-15,51.600000000000016,180.0,0.0,16.895731866729594
30630.0,6828136.99999999,1.1703484379782673e-15,51.60000000000001,180.0,0.0,16.25461355577818
30640.0,6828137.000000049,2.82842636291675e-15,51.600000000000016,180.0,0.0,15.613495244826735
30650.0,6828136.999999983,1.5996260809288565e-15,51.600000000000016,180.0,0.0,14.972376933875337
30660.0,6828136.999999978,1.9602075309812692e-15,51.600000000000016,180.0,0.0,14.331258622923901
30670.0,6828136.999999968,2.58170195139803e-15,51.600000000000016,180.0,0.0,13.690140311972463
30680.0,6828136.999999946,3.984790404759855e-15,51.600000000000016,180.0,0.0,13.049022001021033
30690.0,6828136.999999989,1.2265362274444256e-15,51.600000000000016,180.0,0.0,12.407903690069578
30700.0,6828137.000000049,2.8095436013783937e-15,51.600000000000016,180.0,0.0,11.766785379118181
30710.0,6828136.999999983,1.568536569958737e-15,51.60000000000002,180.0,0.0,11.125667068166756
30720.0,6828136.999999978,1.9334593084893927e-15,51.600000000000016,180.0,0.0,10.484548757215311
30730.0,6828136.999999967,2.692285153833929e-15,51.600000000000016,180.0,0.0,9.843430446263929
30740.0,6828136.999999948,3.844191432127574e-15,51.600000000000016,180.0,0.0,9.202312135312482
30750.0,6828136.999999989,1.1965067381838018e-15,51.60000000000002,180.0,0.0,8.561193824361021
30760.0,6828137.000000049,2.810707584485905e-15,51.60000000000001,180.0,0.0,7.920075513409602
30770.0,6828136.999999981,1.830873222795301e-15,51.60000000000002,180.0,0.0,7.278957202458219
30780.0,6828136.999999978,1.9491282525635468e-15,51.600000000000016,180.0,0.0,6.637838891506702
30790.0,6828136.999999967,2.7006984885784614e-15,51.60000000000002,180.0,0.0,5.996720580555355
30800.0,6828136.999999944,4.232793510202827e-15,51.60000000000002,180.0,0.0,5.3556022696038665
30810.0,6828136.99999999,1.0648738786768548e-15,51.600000000000016,180.0,0.0,4.714483958652616
30820.0,6828137.000000049,2.8079454690270038e-15,51.60000000000002,180.0,0.0,4.073365647700959
30830.0,6828136.999999981,1.8072069635271464e-15,51.60000000000002,180.0,0.0,3.432247336749611
30840.0,6828136.999999978,1.931195644758695e-15,51.600000000000016,180.0,0.0,2.79112902579826
30850.0,6828136.999999967,2.6997488983495136e-15,51.60000000000002,180.0,0.0,2.150010714846913
30860.0,6828136.999999946,4.119907012743973e-15,51.600000000000016,180.0,0.0,1.508892403895406
30870.0,6828136.999999992,1.0293093046101572e-15,51.600000000000016,180.0,0.0,0.8677740929447453
30880.0,6828137.000000049,2.810377145704737e-15,51.600000000000016,180.0,0.0,0.22665578199057596
30890.0,6828136.999999981,1.8033794198613607e-15,51.600000000000016,180.0,0.0,0.41446252895847835
30900.0,6828136.999999977,2.1792781470911134e-15,51.60000000000002,180.0,0.0,1.0555808399101643
30910.0,6828136.999999967,2.688651485442039e-15,51.600000000000016,180.0,0.0,1.696699150861861
30920.0,6828136.999999944,4.356835815182934e-15,51.600000000000016,180.0,0.0,2.337817461813313
30930.0,6828136.999999989,1.3456199815216876e-15,51.600000000000016,180.0,0.0,2.9789357727645767
30940.0,6828137.0000000475,2.557941041482894e-15,51.600000000000016,180.0,0.0,3.6200540837160733
30950.0,6828136.9999999795,2.062064402324712e-15,51.600000000000016,180.0,0.0,4.261172394667506
30960.0,6828136.999999977,2.1887553423273193e-15,51.600000000000016,180.0,0.0,4.902290705618916
30970.0,6828136.999999966,2.9471430659994468e-15,51.600000000000016,180.0,0.0,5.543409016570407
30980.0,6828136.999999944,4.351982507966922e-15,51.600000000000016,180.0,0.0,6.184527327521821
30990.0,6828136.999999992,9.379836130997432e-16,51.600000000000016,180.0,0.0,6.825645638473258
31000.0,6828137.000000051,2.8082947857692298e-15,51.600000000000016,180.0,0.0,7.4667639494246405
31010.0,6828136.9999999795,1.939404603488686e-15,51.600000000000016,180.0,0.0,8.107882260376057
31020.0,6828136.999999971,2.692458342676713e-15,51.600000000000016,180.0,0.0,8.749000571327484
31030.0,6828136.999999966,2.9443155978270685e-15,51.600000000000016,180.0,0.0,9.390118882278934
31040.0,6828136.999999944,4.351280670188014e-15,51.600000000000016,180.0,0.0,10.031237193230337
31050.0,6828136.999999992,9.349606707019817e-16,51.600000000000016,180.0,0.0,10.672355504181809
31060.0,6828137.0000000475,2.5543143007108117e-15,51.600000000000016,180.0,0.0,11.313473815133191
31070.0,6828136.9999999795,1.9467274711472665e-15,51.60000000000001,180.0,0.0,11.954592126084572
31080.0,6828136.999999977,2.1873852701653937e-15,51.600000000000016,180.0,0.0,12.595710437036095
31090.0,6828136.999999967,2.6999351816260572e-15,51.60000000000002,180.0,0.0,13.23682874798753
31100.0,6828136.999999944,4.368756161600164e-15,51.600000000000016,180.0,0.0,13.877947058938922
31110.0,6828136.999999987,1.5144616743484591e-15,51.600000000000016,180.0,0.0,14.519065369890335
31120.0,6828137.000000046,2.309957365327402e-15,51.600000000000016,180.0,0.0,15.160183680841762
31130.0,6828136.9999999795,2.078643550612348e-15,51.600000000000016,180.0,0.0,15.80130199179321
31140.0,6828136.999999975,2.445991709344062e-15,51.60000000000001,180.0,0.0,16.44242030274464
31150.0,6828136.999999964,3.203909571266042e-15,51.60000000000001,180.0,0.0,17.08353861369605
31160.0,6828136.999999941,4.6143193572883756e-15,51.60000000000002,180.0,0.0,17.72465692464747
31170.0,6828136.999999987,1.556147158389719e-15,51.60000000000001,180.0,0.0,18.365775235598896
31180.0,6828137.000000045,2.1698319124423836e-15,51.600000000000016,180.0,0.0,340.9931064534497
31190.0,6828136.999999978,2.3058189101864483e-15,51.600000000000016,180.0,0.0,19.64801185750176
31200.0,6828136.999999975,2.4319601901506738e-15,51.60000000000001,180.0,0.0,20.289130168453184
31210.0,6828136.999999964,3.1954849648233526e-15,51.600000000000016,180.0,0.0,20.930248479404604
31220.0,6828136.999999943,4.471744333766977e-15,51.60000000000002,180.0,0.0,21.571366790356027
31230.0,6828136.999999987,1.6620290173133692e-15,51.600000000000016,180.0,0.0,22.21248510130747
31240.0,6828137.000000048,2.4323905494922812e-15,51.60000000000001,180.0,0.0,337.1463965877411
31250.0,6828136.9999999795,2.1698233456837673e-15,51.600000000000016,180.0,0.0,23.494721723210322
31260.0,6828136.999999975,2.5529881722475653e-15,51.600000000000016,180.0,0.0,335.8641599658382
31270.0,6828136.999999966,3.064172338008188e-15,51.600000000000016,180.0,0.0,24.776958345113165
31280.0,6828136.999999945,4.341428103246685e-15,51.60000000000001,180.0,0.0,25.418076656064596
31290.0,6828136.99999999,1.2764878983406034e-15,51.600000000000016,180.0,0.0,333.940805032984
31300.0,6828137.000000049,2.56772290729464e-15,51.600000000000016,180.0,0.0,333.29968672203256
31310.0,6828136.9999999795,2.1716758461930067e-15,51.60000000000001,180.0,0.0,332.6585684110811
31320.0,6828136.999999975,2.5596510085541685e-15,51.600000000000016,180.0,0.0,332.01745010012974
31330.0,6828136.999999966,3.0641273188636483e-15,51.600000000000016,180.0,0.0,331.37633178917827
31340.0,6828136.999999943,4.468240637203445e-15,51.60000000000001,180.0,0.0,330.73521347822685
31350.0,6828136.999999989,1.4281806797602606e-15,51.600000000000016,180.0,0.0,330.0940951672754
31360.0,6828137.000000045,2.267486990793874e-15,51.600000000000016,180.0,0.0,329.45297685632397
31370.0,6828136.999999978,2.4414602502288876e-15,51.600000000000016,180.0,0.0,328.81185854537256
31380.0,6828136.999999975,2.4538099638875605e-15,51.600000000000016,180.0,0.0,328.17074023442115
31390.0,6828136.999999966,3.0925396912849345e-15,51.600000000000016,180.0,0.0,327.52962192346973
31400.0,6828136.999999943,4.4828670806334805e-15,51.60000000000001,180.0,0.0,326.88850361251826
31410.0,6828136.999999987,1.5894615340432414e-15,51.600000000000016,180.0,0.0,326.24738530156685
31420.0,6828137.000000046,2.4092076764843404e-15,51.60000000000001,180.0,0.0,325.60626699061544
31430.0,6828136.999999977,2.5839458398682067e-15,51.60000000000001,180.0,0.0,324.965148679664
31440.0,6828136.999999975,2.5967944423345385e-15,51.60000000000001,180.0,0.0,324.32403036871256
31450.0,6828136.999999966,3.080963740033898e-15,51.600000000000016,180.0,0.0,323.68291205776114
31460.0,6828136.999999943,4.479599334268146e-15,51.60000000000001,180.0,0.0,323.04179374680973
31470.0,6828136.999999989,1.444046434702462e-15,51.600000000000016,180.0,0.0,322.40067543585826
31480.0,6828137.000000048,2.520341228207437e-15,51.599999999999994,180.0,0.0,321.7595571249069
31490.0,6828136.999999978,2.467071480346403e-15,51.600000000000016,180.0,0.0,321.11843881395544
31500.0,6828136.999999977,2.348253436652949e-15,51.60000000000001,180.0,0.0,320.477320503004
31510.0,6828136.999999966,3.1292669973698733e-15,51.600000000000016,180.0,0.0,319.83620219205255
31520.0,6828136.999999943,4.477455284985857e-15,51.60000000000001,180.0,0.0,319.19508388110114
31530.0,6828136.999999989,1.4929656270944593e-15,51.60000000000001,180.0,0.0,318.5539655701497
31540.0,6828137.000000049,2.6964354476131717e-15,51.600000000000016,180.0,0.0,317.9128472591983
31550.0,6828136.999999978,2.35066941612916e-15,51.600000000000016,180.0,0.0,317.2717289482469
31560.0,6828136.999999977,2.3566206903292255e-15,51.60000000000001,180.0,0.0,316.63061063729543
31570.0,6828136.999999966,3.0995952211725023e-15,51.600000000000016,180.0,0.0,315.989492326344
31580.0,6828136.999999943,4.487230929530451e-15,51.60000000000001,180.0,0.0,315.34837401539255
31590.0,6828136.999999989,1.4623529255509155e-15,51.60000000000001,180.0,0.0,314.70725570444114
31600.0,6828137.000000046,2.3814636393586892e-15,51.600000000000016,180.0,0.0,314.0661373934897
31610.0,6828136.999999978,2.3498868497906432e-15,51.600000000000016,180.0,0.0,313.4250190825383
31620.0,6828136.999999975,2.4943959490202856e-15,51.600000000000016,180.0,0.0,312.7839007715869
31630.0,6828136.999999964,3.224298507276537e-15,51.600000000000016,180.0,0.0,312.14278246063543
31640.0,6828136.999999942,4.488566552334006e-15,51.60000000000001,180.0,0.0,311.501664149684
31650.0,6828136.999999992,1.0507387245773293e-15,51.600000000000016,180.0,0.0,310.8605458387326
31660.0,6828137.0000000475,2.7014261228895333e-15,51.600000000000016,180.0,0.0,310.2194275277812
31670.0,6828136.9999999795,2.1221510730537123e-15,51.600000000000016,180.0,0.0,309.5783092168297
31680.0,6828136.999999975,2.4975918850686136e-15,51.600000000000016,180.0,0.0,308.9371909058783
31690.0,6828136.999999966,3.0106990559919488e-15,51.600000000000016,180.0,0.0,308.2960725949269
31700.0,6828136.999999944,4.365287574355859e-15,51.600000000000016,180.0,0.0,307.6549542839754
31710.0,6828136.999999992,1.0594751560163766e-15,51.600000000000016,180.0,0.0,307.013835973024
31720.0,6828137.000000051,2.9112878031395942e-15,51.600000000000016,180.0,0.0,306.3727176620726
31730.0,6828136.999999981,1.897587854498412e-15,51.600000000000016,180.0,0.0,305.7315993511212
31740.0,6828136.999999977,2.2717329730302555e-15,51.600000000000016,180.0,0.0,305.0904810401697
31750.0,6828136.999999967,2.7778459507190466e-15,51.600000000000016,180.0,0.0,304.44936272921836
31760.0,6828136.999999944,4.379920929716564e-15,51.600000000000016,180.0,0.0,303.8082444182669
31770.0,6828136.99999999,1.3473771737774046e-15,51.600000000000016,180.0,0.0,303.1671261073155
31780.0,6828137.000000049,3.0029956588249125e-15,51.600000000000016,180.0,0.0,302.52600779636407
31790.0,6828136.999999983,1.7184383764375478e-15,51.600000000000016,180.0,0.0,301.8848894854126
31800.0,6828136.999999977,2.309486927186823e-15,51.600000000000016,180.0,0.0,301.2437711744612
31810.0,6828136.999999967,2.8350416282247542e-15,51.600000000000016,180.0,0.0,300.6026528635098
31820.0,6828136.999999944,4.293298994162516e-15,51.600000000000016,180.0,0.0,299.96153455255836
31830.0,6828136.999999992,1.351314366789465e-15,51.600000000000016,180.0,0.0,299.3204162416069
31840.0,6828137.000000051,3.307300110858349e-15,51.60000000000001,180.0,0.0,298.6792979306555
31850.0,6828136.999999983,1.7655609347286526e-15,51.600000000000016,180.0,0.0,298.03817961970407
31860.0,6828136.999999978,2.1507882308100457e-15,51.60000000000001,180.0,0.0,297.39706130875265
31870.0,6828136.9999999665,2.860685500214271e-15,51.600000000000016,180.0,0.0,296.75594299780124
31880.0,6828136.999999946,4.074500973336437e-15,51.600000000000016,180.0,0.0,296.1148246868498
31890.0,6828136.99999999,1.4308751128714338e-15,51.600000000000016,180.0,0.0,295.47370637589836
31900.0,6828137.000000049,3.2356171105417652e-15,51.600000000000016,180.0,0.0,294.8325880649469
31910.0,6828136.99999998,1.958253609580508e-15,51.600000000000016,180.0,0.0,294.1914697539955
31920.0,6828136.999999974,2.4183587818488603e-15,51.60000000000001,180.0,0.0,293.55035144304406
31930.0,6828136.9999999665,2.7875033284052978e-15,51.600000000000016,180.0,0.0,292.90923313209265
31940.0,6828136.999999946,3.9281496689808885e-15,51.600000000000016,180.0,0.0,292.26811482114124
31950.0,6828136.999999988,1.4793565057244878e-15,51.600000000000016,180.0,0.0,291.62699651018977
31960.0,6828137.000000049,3.29326849780473e-15,51.60000000000001,180.0,0.0,290.98587819923836
31970.0,6828136.999999979,2.061397321486657e-15,51.600000000000016,180.0,0.0,290.3447598882869
31980.0,6828136.999999974,2.409856616035165e-15,51.60000000000001,180.0,0.0,289.70364157733553
31990.0,6828136.9999999665,2.7238761658285665e-15,51.60000000000001,180.0,0.0,289.06252326638406
32000.0,6828136.999999944,4.028008758530618e-15,51.60000000000001,180.0,0.0,288.42140495543265
32010.0,6828136.999999988,1.2522875881774167e-15,51.599999999999994,180.0,0.0,287.78028664448124
32020.0,6828137.000000049,3.223565148873079e-15,51.599999999999994,180.0,0.0,287.13916833352977
32030.0,6828136.999999978,2.114892729493756e-15,51.60000000000001,180.0,0.0,286.49805002257835
32040.0,6828136.999999972,2.455422799742646e-15,51.600000000000016,180.0,0.0,285.8569317116269
32050.0,6828136.999999963,3.0754458967993443e-15,51.60000000000001,180.0,0.0,285.2158134006755
32060.0,6828136.999999942,4.2783127973109374e-15,51.60000000000001,180.0,0.0,284.57469508972406
32070.0,6828136.999999988,1.2545764765658392e-15,51.60000000000001,180.0,0.0,283.93357677877265
32080.0,6828137.0000000475,3.10523700113753e-15,51.600000000000016,180.0,0.0,283.29245846782123
32090.0,6828136.999999979,1.988981096949589e-15,51.60000000000001,180.0,0.0,282.65134015686976
32100.0,6828136.999999972,2.469984020070948e-15,51.600000000000016,180.0,0.0,282.0102218459184
32110.0,6828136.999999965,2.852704353687241e-15,51.600000000000016,180.0,0.0,281.36910353496694
32120.0,6828136.999999944,3.923199983959252e-15,51.60000000000001,180.0,0.0,280.7279852240155
32130.0,6828136.999999988,1.2922805607600462e-15,51.600000000000016,180.0,0.0,280.08686691306406
32140.0,6828137.000000049,3.3621887724963122e-15,51.600000000000016,180.0,0.0,279.44574860211264
32150.0,6828136.999999979,1.961790145539105e-15,51.60000000000001,180.0,0.0,278.80463029116123
32160.0,6828136.99999997,2.57297006263129e-15,51.600000000000016,180.0,0.0,278.16351198020976
32170.0,6828136.999999965,2.8169400338180457e-15,51.60000000000001,180.0,0.0,277.5223936692584
32180.0,6828136.999999944,3.916773864725682e-15,51.60000000000001,180.0,0.0,276.88127535830694
32190.0,6828136.999999988,1.386952178021642e-15,51.599999999999994,180.0,0.0,276.2401570473555
32200.0,6828137.000000049,3.4143586853208656e-15,51.60000000000002,180.0,0.0,275.5990387364041
32210.0,6828136.999999977,2.010940874481561e-15,51.600000000000016,180.0,0.0,274.9579204254527
32220.0,6828136.999999972,2.3702491122111092e-15,51.600000000000016,180.0,0.0,274.31680211450123
32230.0,6828136.999999965,2.840807039079438e-15,51.600000000000016,180.0,0.0,273.6756838035498
32240.0,6828136.999999944,3.918246251906429e-15,51.600000000000016,180.0,0.0,273.0345654925984
32250.0,6828136.999999988,1.2610534939163436e-15,51.600000000000016,180.0,0.0,272.39344718164693
32260.0,6828137.0000000475,3.2957603725414306e-15,51.600000000000016,180.0,0.0,271.7523288706955
32270.0,6828136.999999976,2.165412106328123e-15,51.600000000000016,180.0,0.0,271.11121055974405
32280.0,6828136.999999974,2.053168117148924e-15,51.600000000000016,180.0,0.0,270.4700922487927
32290.0,6828136.999999963,2.840241455979145e-15,51.600000000000016,180.0,0.0,269.8289739378412
32300.0,6828136.999999944,3.78179015574804e-15,51.600000000000016,180.0,0.0,269.1878556268898
32310.0,6828136.999999988,1.2332503056819474e-15,51.600000000000016,180.0,0.0,268.5467373159384
32320.0,6828137.0000000475,3.2897314594289756e-15,51.60000000000002,180.0,0.0,267.90561900498693
32330.0,6828136.999999977,1.9347618689463745e-15,51.600000000000016,180.0,0.0,267.2645006940356
32340.0,6828136.999999974,2.056733837344101e-15,51.600000000000016,180.0,0.0,266.6233823830841
32350.0,6828136.9999999665,2.5285849777538026e-15,51.60000000000002,180.0,0.0,265.9822640721327
32360.0,6828136.999999944,3.821613637366076e-15,51.600000000000016,180.0,0.0,265.3411457611812
32370.0,6828136.999999984,1.5433906048954879e-15,51.600000000000016,180.0,0.0,264.7000274502298
32380.0,6828137.0000000475,3.44569253855139e-15,51.600000000000016,180.0,0.0,264.0589091392784
32390.0,6828136.999999979,1.747673243854678e-15,51.600000000000016,180.0,0.0,263.41779082832693
32400.0,6828136.999999972,2.1899193108069763e-15,51.600000000000016,180.0,0.0,262.7766725173755
32410.0,6828136.9999999665,2.4155561537409907e-15,51.60000000000002,180.0,0.0,262.1355542064241
32420.0,6828136.999999944,3.685435606489701e-15,51.60000000000002,180.0,0.0,261.4944358954727
32430.0,6828136.999999988,1.1980596417162395e-15,51.60000000000002,180.0,0.0,260.8533175845212
32440.0,6828137.000000048,3.5103368072835906e-15,51.60000000000002,180.0,0.0,260.2121992735698
32450.0,6828136.999999979,1.733263218785901e-15,51.60000000000002,180.0,0.0,259.5710809626184
32460.0,6828136.999999972,2.1569068002618197e-15,51.600000000000016,180.0,0.0,258.929962651667
32470.0,6828136.9999999665,2.407646547566623e-15,51.600000000000016,180.0,0.0,258.28884434071557
32480.0,6828136.999999942,3.923628546247207e-15,51.60000000000002,180.0,0.0,257.6477260297641
32490.0,6828136.999999988,1.0647079551050866e-15,51.60000000000001,180.0,0.0,257.0066077188127
32500.0,6828137.000000047,3.3821318106437717e-15,51.600000000000016,180.0,0.0,256.3654894078612
32510.0,6828136.999999976,1.8969885108531716e-15,51.60000000000002,180.0,0.0,255.7243710969098
32520.0,6828136.999999972,2.150449368995367e-15,51.600000000000016,180.0,0.0,255.08325278595836
32530.0,6828136.9999999665,2.2171109044183974e-15,51.60000000000002,180.0,0.0,254.44213447500698
32540.0,6828136.999999944,3.638996873959158e-15,51.60000000000002,180.0,0.0,253.80101616405554
32550.0,6828136.999999988,9.913144925564691e-16,51.60000000000001,180.0,0.0,253.1598978531041
32560.0,6828137.000000047,3.3751124422307197e-15,51.600000000000016,180.0,0.0,252.51877954215266
32570.0,6828136.999999977,1.7121740057678285e-15,51.60000000000002,180.0,0.0,251.87766123120124
32580.0,6828136.999999974,1.9272246991706983e-15,51.60000000000002,180.0,0.0,251.23654292024983
32590.0,6828136.9999999665,2.2195042614599097e-15,51.60000000000002,180.0,0.0,250.59542460929842
32600.0,6828136.999999945,3.524831725182121e-15,51.60000000000003,180.0,0.0,249.95430629834698
32610.0,6828136.999999988,9.79872326122761e-16,51.600000000000016,180.0,0.0,249.31318798739554
32620.0,6828137.000000047,3.365352011173921e-15,51.600000000000016,180.0,0.0,248.6720696764441
32630.0,6828136.999999977,1.714261653799336e-15,51.600000000000016,180.0,0.0,248.03095136549265
32640.0,6828136.999999974,1.80329740003339e-15,51.60000000000003,180.0,0.0,247.3898330545412
32650.0,6828136.9999999665,2.2227128821518544e-15,51.60000000000002,180.0,0.0,246.74871474358983
32660.0,6828136.999999945,3.4456160891938714e-15,51.600000000000016,180.0,0.0,246.10759643263842
32670.0,6828136.99999999,9.73092695806463e-16,51.600000000000016,180.0,0.0,245.46647812168698
32680.0,6828137.000000047,3.5437699331328226e-15,51.60000000000002,180.0,0.0,244.82535981073553
32690.0,6828136.999999979,1.5199621616341255e-15,51.60000000000002,180.0,0.0,244.1842414997841
32700.0,6828136.999999974,1.8816930771875246e-15,51.600000000000016,180.0,0.0,243.5431231888327
32710.0,6828136.999999968,2.0852004046502703e-15,51.60000000000002,180.0,0.0,242.90200487788127
32720.0,6828136.999999943,3.593494562408019e-15,51.60000000000003,180.0,0.0,242.26088656692983
32730.0,6828136.99999999,1.0726995505753742e-15,51.600000000000016,180.0,0.0,241.6197682559784
32740.0,6828137.000000048,3.782631635382463e-15,51.600000000000016,180.0,0.0,240.97864994502697
32750.0,6828136.999999977,1.591724301215493e-15,51.600000000000016,180.0,0.0,240.33753163407553
32760.0,6828136.999999976,1.6319202119469697e-15,51.60000000000002,180.0,0.0,239.6964133231241
32770.0,6828136.999999966,2.178523345538383e-15,51.60000000000002,180.0,0.0,239.05529501217265
32780.0,6828136.999999943,3.452784410040523e-15,51.60000000000002,180.0,0.0,238.41417670122127
32790.0,6828136.999999987,1.0150899010521238e-15,51.600000000000016,180.0,0.0,237.77305839026982
32800.0,6828137.000000047,3.664446553168968e-15,51.60000000000002,180.0,0.0,237.13194007931838
32810.0,6828136.999999979,1.3208871509956748e-15,51.600000000000016,180.0,0.0,236.49082176836697
32820.0,6828136.999999974,1.7543643211884087e-15,51.600000000000016,180.0,0.0,235.84970345741553
32830.0,6828136.999999966,2.1364514281772485e-15,51.60000000000002,180.0,0.0,235.20858514646415
32840.0,6828136.999999943,3.455070329877107e-15,51.60000000000002,180.0,0.0,234.5674668355127
32850.0,6828136.999999985,1.090760646487301e-15,51.60000000000002,180.0,0.0,233.92634852456126
32860.0,6828137.000000047,3.766801501691151e-15,51.600000000000016,180.0,0.0,233.28523021360982
32870.0,6828136.999999978,1.3899393809184968e-15,51.60000000000002,180.0,0.0,232.64411190265838
32880.0,6828136.999999971,1.8234397543138972e-15,51.600000000000016,180.0,0.0,232.00299359170697
32890.0,6828136.999999964,2.145687416435309e-15,51.60000000000002,180.0,0.0,231.36187528075553
32900.0,6828136.999999941,3.682614009057571e-15,51.60000000000002,180.0,0.0,230.72075696980409
32910.0,6828136.999999985,1.0565980196217197e-15,51.60000000000002,180.0,0.0,230.0796386588527
32920.0,6828137.000000048,3.981236301449662e-15,51.600000000000016,180.0,0.0,229.43852034790126
32930.0,6828136.999999977,1.5283401423857107e-15,51.600000000000016,180.0,0.0,228.79740203694982
32940.0,6828136.999999971,1.8390470643542088e-15,51.600000000000016,180.0,0.0,228.1562837259984
32950.0,6828136.999999964,2.194294478301522e-15,51.60000000000002,180.0,0.0,227.51516541504697
32960.0,6828136.999999941,3.490015435394573e-15,51.60000000000002,180.0,0.0,226.87404710409555
32970.0,6828136.999999983,1.5296620625671604e-15,51.60000000000002,180.0,0.0,226.23292879314414
32980.0,6828137.000000047,4.1697231846300026e-15,51.60000000000001,180.0,0.0,225.5918104821927
32990.0,6828136.999999977,1.619049482823209e-15,51.600000000000016,180.0,0.0,224.95069217124126
33000.0,6828136.999999969,2.1856876865676246e-15,51.600000000000016,180.0,0.0,224.30957386028982
33010.0,6828136.999999966,2.1000314641345506e-15,51.60000000000002,180.0,0.0,223.6684555493384
33020.0,6828136.999999943,3.272777270025014e-15,51.600000000000016,180.0,0.0,223.02733723838696
33030.0,6828136.999999985,1.2019777612588085e-15,51.600000000000016,180.0,0.0,222.38621892743555
33040.0,6828137.000000047,4.085404105165739e-15,51.600000000000016,180.0,0.0,221.74510061648414
33050.0,6828136.999999977,1.636246650892709e-15,51.60000000000002,180.0,0.0,221.1039823055327
33060.0,6828136.999999971,1.8940202134061396e-15,51.60000000000002,180.0,0.0,220.46286399458126
33070.0,6828136.999999963,2.344226937530915e-15,51.60000000000002,180.0,0.0,219.8217456836298
33080.0,6828136.999999945,3.0809106273946927e-15,51.60000000000002,180.0,0.0,219.1806273726784
33090.0,6828136.999999985,1.2691885977126e-15,51.60000000000002,180.0,0.0,218.53950906172696
33100.0,6828137.000000047,4.137959804388722e-15,51.60000000000002,180.0,0.0,217.89839075077555
33110.0,6828136.999999975,1.8496804495067793e-15,51.60000000000002,180.0,0.0,217.2572724398241
33120.0,6828136.999999971,1.8664625418325624e-15,51.60000000000003,180.0,0.0,216.61615412887267
33130.0,6828136.999999961,2.46936308272644e-15,51.60000000000002,180.0,0.0,215.97503581792125
33140.0,6828136.999999945,3.034830326608473e-15,51.60000000000002,180.0,0.0,215.3339175069698
33150.0,6828136.999999987,1.1343696565460567e-15,51.60000000000002,180.0,0.0,214.69279919601837
33160.0,6828137.000000047,4.195421614916973e-15,51.60000000000002,180.0,0.0,214.05168088506696
33170.0,6828136.999999975,1.6772243920594542e-15,51.60000000000002,180.0,0.0,213.41056257411552
33180.0,6828136.999999971,1.8389116902307113e-15,51.60000000000003,180.0,0.0,212.76944426316413
33190.0,6828136.999999963,2.258666475863527e-15,51.60000000000002,180.0,0.0,212.12832595221266
33200.0,6828136.999999939,3.4753612877171978e-15,51.60000000000002,180.0,0.0,211.48720764126122
33210.0,6828136.999999985,1.438828995035333e-15,51.60000000000002,180.0,0.0,210.8460893303098
33220.0,6828137.000000047,4.277729866736146e-15,51.60000000000002,180.0,0.0,210.20497101935837
33230.0,6828136.999999977,1.483142605015078e-15,51.60000000000002,180.0,0.0,209.56385270840693
33240.0,6828136.999999971,1.7501028314159726e-15,51.60000000000003,180.0,0.0,208.9227343974555
33250.0,6828136.999999961,2.32123954890598e-15,51.60000000000003,180.0,0.0,208.2816160865041
33260.0,6828136.999999939,3.274587359421785e-15,51.60000000000002,180.0,0.0,207.64049777555266
33270.0,6828136.999999983,1.2043899112755578e-15,51.60000000000002,180.0,0.0,206.99937946460122
33280.0,6828137.000000046,4.234467655606143e-15,51.60000000000003,180.0,0.0,206.3582611536498
33290.0,6828136.999999977,1.500615064571493e-15,51.60000000000002,180.0,0.0,205.7171428426984
33300.0,6828136.999999969,1.8155250829953536e-15,51.60000000000003,180.0,0.0,205.07602453174692
33310.0,6828136.999999964,1.928425265219495e-15,51.60000000000003,180.0,0.0,204.43490622079554
33320.0,6828136.999999941,3.003467492540091e-15,51.60000000000003,180.0,0.0,203.7937879098441
33330.0,6828136.999999983,1.0591693155343057e-15,51.60000000000003,180.0,0.0,203.15266959889266
33340.0,6828137.000000045,4.06415632188367e-15,51.60000000000003,180.0,0.0,202.51155128794124
33350.0,6828136.999999978,1.2324632910182054e-15,51.60000000000002,180.0,0.0,201.8704329769898
33360.0,6828136.999999969,1.7182096672483534e-15,51.60000000000002,180.0,0.0,201.2293146660384
33370.0,6828136.999999964,1.8808953836421364e-15,51.60000000000003,180.0,0.0,200.58819635508695
33380.0,6828136.999999941,3.0111322230784406e-15,51.600000000000044,180.0,0.0,199.9470780441355
33390.0,6828136.999999985,1.149187635766835e-15,51.60000000000003,180.0,0.0,199.30595973318407
33400.0,6828137.000000046,4.29296175225094e-15,51.60000000000003,180.0,0.0,198.66484142223268
33410.0,6828136.999999977,1.3046876749478866e-15,51.60000000000003,180.0,0.0,198.02372311128124
33420.0,6828136.999999969,1.6788077949738756e-15,51.60000000000003,180.0,0.0,197.38260480032977
33430.0,6828136.999999963,1.9366077948602057e-15,51.60000000000003,180.0,0.0,196.74148648937836
33440.0,6828136.999999939,3.1384513294666887e-15,51.60000000000003,180.0,0.0,196.10036817842695
33450.0,6828136.999999983,1.1505976384117325e-15,51.60000000000003,180.0,0.0,195.4592498674755
33460.0,6828137.000000041,3.842209404930488e-15,51.60000000000002,180.0,0.0,194.81813155652407
33470.0,6828136.999999971,1.6076915763813747e-15,51.60000000000003,180.0,0.0,194.17701324557265
33480.0,6828136.999999966,1.8156155284762123e-15,51.60000000000003,180.0,0.0,193.53589493462124
33490.0,6828136.999999961,2.0089861283434795e-15,51.60000000000002,180.0,0.0,192.89477662366977
33500.0,6828136.999999938,3.2281351130737864e-15,51.60000000000002,180.0,0.0,192.25365831271833
33510.0,6828136.999999985,1.0685871906663993e-15,51.60000000000003,180.0,0.0,191.6125400017669
33520.0,6828137.000000043,4.043749001077478e-15,51.60000000000003,180.0,0.0,190.97142169081545
33530.0,6828136.999999975,1.286576203465269e-15,51.60000000000003,180.0,0.0,190.33030337986403
33540.0,6828136.999999967,1.525489851476499e-15,51.600000000000044,180.0,0.0,189.6891850689126
33550.0,6828136.999999961,2.0364014216991214e-15,51.600000000000044,180.0,0.0,189.04806675796124
33560.0,6828136.999999936,3.405384267703554e-15,51.600000000000044,180.0,0.0,188.40694844700977
33570.0,6828136.999999981,1.3277244159613217e-15,51.60000000000003,180.0,0.0,187.76583013605833
33580.0,6828137.000000043,4.26699461804272e-15,51.600000000000044,180.0,0.0,187.12471182510689
33590.0,6828136.999999975,1.3786586159005461e-15,51.60000000000003,180.0,0.0,186.4835935141555
33600.0,6828136.999999969,1.5491153018842596e-15,51.60000000000003,180.0,0.0,185.8424752032041
33610.0,6828136.999999963,1.7416424012174384e-15,51.60000000000003,180.0,0.0,185.20135689225268
33620.0,6828136.999999937,3.1864787586141385e-15,51.600000000000044,180.0,0.0,184.56023858130123
33630.0,6828136.999999985,8.191094836715449e-16,51.60000000000003,180.0,0.0,183.9191202703497
33640.0,6828137.000000041,3.952519900478123e-15,51.60000000000003,180.0,0.0,183.27800195939827
33650.0,6828136.999999975,1.0810798154366136e-15,51.600000000000044,180.0,0.0,182.63688364844683
33660.0,6828136.999999966,1.4921058970591146e-15,51.600000000000044,180.0,0.0,181.9957653374954
33670.0,6828136.999999959,1.7684067996215417e-15,51.600000000000044,180.0,0.0,181.354647026544
33680.0,6828136.9999999385,2.8991578781857978e-15,51.600000000000044,180.0,0.0,180.7135287155932
33690.0,6828136.999999983,8.179503804174084e-16,51.60000000000003,180.0,0.0,180.07241040464856
33700.0,6828137.000000041,4.11140328419817e-15,51.600000000000044,180.0,0.0,180.5687079063105
33710.0,6828136.999999975,1.0143894243010468e-15,51.60000000000003,180.0,0.0,181.20982621726182
33720.0,6828136.999999966,1.3893104262657287e-15,51.60000000000003,180.0,0.0,181.85094452821318
33730.0,6828136.999999957,1.9173055749177463e-15,51.60000000000003,180.0,0.0,182.49206283916448
33740.0,6828136.999999936,3.1930973019939476e-15,51.60000000000003,180.0,0.0,183.133181150116
33750.0,6828136.999999982,1.092163349784295e-15,51.600000000000044,180.0,0.0,183.77429946106744
33760.0,6828137.000000041,4.186936984590937e-15,51.60000000000003,180.0,0.0,184.41541777201886
33770.0,6828136.999999971,1.2005219826986619e-15,51.600000000000044,180.0,0.0,185.0565360829702
33780.0,6828136.999999966,1.4429949459383058e-15,51.600000000000044,180.0,0.0,185.69765439392174
33790.0,6828136.999999958,1.8402659885705096e-15,51.600000000000044,180.0,0.0,186.33877270487307
33800.0,6828136.999999937,2.9331181108623044e-15,51.60000000000003,180.0,0.0,186.9798910158246
33810.0,6828136.999999978,7.911010224561052e-16,51.60000000000003,180.0,0.0,187.62100932677592
33820.0,6828137.000000041,4.2130437584562336e-15,51.60000000000003,180.0,0.0,188.26212763772742
33830.0,6828136.999999971,1.0409480773508633e-15,51.600000000000044,180.0,0.0,188.9032459486789
33840.0,6828136.999999966,1.3138432262772128e-15,51.600000000000044,180.0,0.0,189.54436425963033
33850.0,6828136.999999958,1.7444974829295205e-15,51.60000000000003,180.0,0.0,190.1854825705817
33860.0,6828136.999999936,3.0053177365150733e-15,51.600000000000044,180.0,0.0,190.82660088153307
33870.0,6828136.999999979,4.728023569047851e-16,51.600000000000044,180.0,0.0,191.46771919248457
33880.0,6828137.000000037,3.771286067924801e-15,51.60000000000003,180.0,0.0,192.10883750343598
33890.0,6828136.999999969,9.819986902236072e-16,51.600000000000044,180.0,0.0,192.74995581438742
33900.0,6828136.999999964,1.3092142403610617e-15,51.60000000000003,180.0,0.0,193.39107412533886
33910.0,6828136.999999956,1.7678930533393867e-15,51.60000000000003,180.0,0.0,194.03219243629025
33920.0,6828136.999999934,3.104203975444452e-15,51.600000000000044,180.0,0.0,194.67331074724166
33930.0,6828136.999999979,5.235590621813734e-16,51.60000000000003,180.0,0.0,195.31442905819313
33940.0,6828137.000000041,4.294089231089157e-15,51.60000000000003,180.0,0.0,195.95554736914457
33950.0,6828136.99999997,8.447628265908447e-16,51.60000000000003,180.0,0.0,196.59666568009604
33960.0,6828136.999999963,1.2999720816708341e-15,51.60000000000003,180.0,0.0,197.23778399104742
33970.0,6828136.999999956,1.766813688859752e-15,51.600000000000044,180.0,0.0,197.87890230199883
33980.0,6828136.999999934,3.0966769639565258e-15,51.600000000000044,180.0,0.0,198.52002061295025
33990.0,6828136.99999998,5.51447855088653e-16,51.60000000000003,180.0,0.0,199.16113892390172
34000.0,6828137.000000045,4.665003005644818e-15,51.60000000000003,180.0,0.0,199.80225723485316
34010.0,6828136.99999997,8.515097056750699e-16,51.60000000000003,180.0,0.0,200.44337554580457
34020.0,6828136.9999999665,9.775540649127245e-16,51.600000000000044,180.0,0.0,201.08449385675598
34030.0,6828136.999999958,1.5129324691746778e-15,51.600000000000044,180.0,0.0,201.72561216770745
34040.0,6828136.999999936,2.8429652408947783e-15,51.600000000000044,180.0,0.0,202.36673047865887
34050.0,6828136.999999976,6.86154168203261e-16,51.600000000000044,180.0,0.0,203.00784878961025
34060.0,6828137.000000039,4.191673756747692e-15,51.600000000000044,180.0,0.0,203.6489671005617
34070.0,6828136.999999968,1.0084483546111874e-15,51.600000000000044,180.0,0.0,204.29008541151316
34080.0,6828136.999999962,1.4071151555649855e-15,51.600000000000044,180.0,0.0,204.93120372246457
34090.0,6828136.999999958,1.4430667009112249e-15,51.600000000000044,180.0,0.0,205.572322033416
34100.0,6828136.999999936,2.87132659905492e-15,51.600000000000044,180.0,0.0,206.21344034436746
34110.0,6828136.999999979,7.413395859340544e-16,51.600000000000044,180.0,0.0,206.85455865531887
34120.0,6828137.000000041,4.489760330634833e-15,51.60000000000003,180.0,0.0,207.49567696627028
34130.0,6828136.99999997,1.022530783959681e-15,51.60000000000003,180.0,0.0,208.13679527722172
34140.0,6828136.999999965,1.2475393401456068e-15,51.600000000000044,180.0,0.0,208.77791358817316
34150.0,6828136.999999954,1.869877421772776e-15,51.600000000000044,180.0,0.0,209.41903189912458
34160.0,6828136.9999999385,2.3763401534006916e-15,51.600000000000044,180.0,0.0,210.06015021007602
34170.0,6828136.999999979,7.030330252926028e-16,51.600000000000044,180.0,0.0,210.7012685210275
34180.0,6828137.000000041,4.4658114559634276e-15,51.600000000000044,180.0,0.0,211.3423868319789
34190.0,6828136.999999968,9.73345785248334e-16,51.600000000000044,180.0,0.0,211.9835051429303
34200.0,6828136.999999965,1.1870895970159571e-15,51.60000000000003,180.0,0.0,212.62462345388175
34210.0,6828136.999999954,1.831898744932818e-15,51.60000000000003,180.0,0.0,213.26574176483317
34220.0,6828136.999999936,2.7671639198738224e-15,51.600000000000044,180.0,0.0,213.9068600757846
34230.0,6828136.999999979,5.091071932447236e-16,51.600000000000044,180.0,0.0,214.54797838673605
34240.0,6828137.000000041,4.418139971955347e-15,51.60000000000003,180.0,0.0,215.18909669768746
34250.0,6828136.999999968,8.778025170821303e-16,51.600000000000044,180.0,0.0,215.8302150086389
34260.0,6828136.999999963,1.1061147635909012e-15,51.60000000000003,180.0,0.0,216.47133331959031
34270.0,6828136.999999958,1.4366789921080983e-15,51.600000000000044,180.0,0.0,217.11245163054176
34280.0,6828136.999999934,2.993647204013461e-15,51.60000000000003,180.0,0.0,217.75356994149317
34290.0,6828136.999999977,8.627333067481743e-16,51.600000000000044,180.0,0.0,218.3946882524446
34300.0,6828137.000000037,4.113829811650357e-15,51.600000000000044,180.0,0.0,219.03580656339605
34310.0,6828136.9999999665,1.12218635885274e-15,51.600000000000044,180.0,0.0,219.6769248743475
34320.0,6828136.999999962,1.4662033741979363e-15,51.600000000000044,180.0,0.0,220.31804318529893
34330.0,6828136.999999954,1.72443896864885e-15,51.60000000000003,180.0,0.0,220.95916149625035
34340.0,6828136.999999932,2.997707482427723e-15,51.60000000000003,180.0,0.0,221.60027980720176
34350.0,6828136.999999976,6.190757255277883e-16,51.600000000000044,180.0,0.0,222.2413981181532
34360.0,6828137.000000037,4.202178706515158e-15,51.60000000000003,180.0,0.0,222.8825164291046
34370.0,6828136.9999999665,1.1861957099655875e-15,51.600000000000044,180.0,0.0,223.52363474005605
34380.0,6828136.99999996,1.5332897656293297e-15,51.600000000000044,180.0,0.0,224.1647530510075
34390.0,6828136.9999999525,1.8687621936001297e-15,51.600000000000044,180.0,0.0,224.80587136195894
34400.0,6828136.999999934,2.8971632535499586e-15,51.60000000000003,180.0,0.0,225.44698967291035
34410.0,6828136.999999974,8.356854663523227e-16,51.600000000000044,180.0,0.0,226.08810798386176
34420.0,6828137.000000035,3.980187649177901e-15,51.600000000000044,180.0,0.0,226.7292262948132
34430.0,6828136.999999965,1.1829946177587908e-15,51.600000000000044,180.0,0.0,227.37034460576467
34440.0,6828136.99999996,1.5082879368716244e-15,51.60000000000003,180.0,0.0,228.01146291671608
34450.0,6828136.9999999525,1.8571583143908257e-15,51.600000000000044,180.0,0.0,228.6525812276675
34460.0,6828136.999999932,2.892052830561905e-15,51.600000000000044,180.0,0.0,229.29369953861894
34470.0,6828136.999999972,6.414957934197316e-16,51.600000000000044,180.0,0.0,229.93481784957035
34480.0,6828137.000000035,4.173617943412769e-15,51.600000000000044,180.0,0.0,230.5759361605218
34490.0,6828136.999999963,1.1084489614276336e-15,51.60000000000003,180.0,0.0,231.21705447147323
34500.0,6828136.999999958,1.5709111501697707e-15,51.600000000000044,180.0,0.0,231.85817278242467
34510.0,6828136.99999995,2.0510655514063343e-15,51.600000000000044,180.0,0.0,232.49929109337612
34520.0,6828136.99999993,3.129821002360184e-15,51.600000000000044,180.0,0.0,233.1404094043275
34530.0,6828136.999999972,6.015595101787446e-16,51.600000000000044,180.0,0.0,233.78152771527894
34540.0,6828137.0000000335,3.9293658707870025e-15,51.600000000000044,180.0,0.0,234.42264602623038
34550.0,6828136.999999963,1.1868015767712627e-15,51.60000000000003,180.0,0.0,235.0637643371818
34560.0,6828136.99999996,1.3883237595629205e-15,51.600000000000044,180.0,0.0,235.70488264813324
34570.0,6828136.999999951,1.7721217122433246e-15,51.600000000000044,180.0,0.0,236.34600095908468
34580.0,6828136.999999932,2.851675445949805e-15,51.600000000000044,180.0,0.0,236.98711927003612
34590.0,6828136.999999972,6.25306142606896e-16,51.600000000000044,180.0,0.0,237.62823758098756
34600.0,6828137.000000035,4.1572693399620455e-15,51.600000000000044,180.0,0.0,238.269355891939
34610.0,6828136.999999965,1.0177554605854336e-15,51.60000000000003,180.0,0.0,238.9104742028904
34620.0,6828136.99999996,1.3509044986216704e-15,51.600000000000044,180.0,0.0,239.55159251384185
34630.0,6828136.999999954,1.5434850399081733e-15,51.600000000000044,180.0,0.0,240.1927108247933
34640.0,6828136.999999932,2.8648859574825743e-15,51.600000000000044,180.0,0.0,240.83382913574474
34650.0,6828136.999999972,7.063471832306452e-16,51.600000000000044,180.0,0.0,241.47494744669612
34660.0,6828137.000000035,4.214052488019847e-15,51.600000000000044,180.0,0.0,242.11606575764756
34670.0,6828136.9999999665,8.736169270384576e-16,51.600000000000044,180.0,0.0,242.757184068599
34680.0,6828136.999999962,1.1563427353068234e-15,51.600000000000044,180.0,0.0,243.39830237955042
34690.0,6828136.99999995,1.957706506590173e-15,51.600000000000044,180.0,0.0,244.0394206905018
34700.0,6828136.999999932,2.7553561002251356e-15,51.600000000000044,180.0,0.0,244.68053900145324
34710.0,6828136.999999974,6.415480420034422e-16,51.600000000000044,180.0,0.0,245.32165731240468
34720.0,6828137.000000036,4.315520860845379e-15,51.600000000000044,180.0,0.0,245.96277562335612
34730.0,6828136.999999965,9.323335675466267e-16,51.600000000000044,180.0,0.0,246.60389393430756
34740.0,6828136.99999996,1.2147485337574164e-15,51.600000000000044,180.0,0.0,247.245012245259
34750.0,6828136.999999951,1.6461512452624058e-15,51.600000000000044,180.0,0.0,247.88613055621042
34760.0,6828136.999999928,3.006984325154381e-15,51.600000000000044,180.0,0.0,248.52724886716186
34770.0,6828136.999999976,8.358227437904456e-16,51.600000000000044,180.0,0.0,249.1683671781133
34780.0,6828137.000000033,4.092918502603153e-15,51.600000000000044,180.0,0.0,249.80948548906474
34790.0,6828136.999999963,1.100710924537748e-15,51.600000000000044,180.0,0.0,250.45060380001618
34800.0,6828136.99999996,1.198948945793259e-15,51.600000000000044,180.0,0.0,251.09172211096762
34810.0,6828136.99999995,1.8476181122520032e-15,51.600000000000044,180.0,0.0,251.73284042191904
34820.0,6828136.999999929,2.8834941345989126e-15,51.600000000000044,180.0,0.0,252.37395873287048
34830.0,6828136.999999972,7.057396086543387e-16,51.600000000000044,180.0,0.0,253.01507704382186
34840.0,6828137.000000034,4.331752242934618e-15,51.600000000000044,180.0,0.0,253.6561953547733
34850.0,6828136.999999963,1.0182261538609029e-15,51.600000000000044,180.0,0.0,254.29731366572474
34860.0,6828136.999999958,1.3059730436245952e-15,51.600000000000044,180.0,0.0,254.93843197667618
34870.0,6828136.99999995,1.8190798478179622e-15,51.600000000000044,180.0,0.0,255.57955028762763
34880.0,6828136.9999999255,3.1183985336042434e-15,51.600000000000044,180.0,0.0,256.22066859857904
34890.0,6828136.999999972,5.508228090939809e-16,51.600000000000044,180.0,0.0,256.8617869095305
34900.0,6828137.000000033,4.032254955390606e-15,51.600000000000044,180.0,0.0,257.50290522048186
34910.0,6828136.999999965,7.61255284314617e-16,51.600000000000044,180.0,0.0,258.14402353143333
34920.0,6828136.99999996,1.1085292625894482e-15,51.600000000000044,180.0,0.0,258.78514184238475
34930.0,6828136.999999951,1.5479039731582698e-15,51.600000000000044,180.0,0.0,259.42626015333616
34940.0,6828136.999999927,2.969059715953744e-15,51.600000000000044,180.0,0.0,260.06737846428763
34950.0,6828136.999999972,4.381694031517583e-16,51.600000000000044,180.0,0.0,260.70849677523904
34960.0,6828137.000000033,4.015677958052316e-15,51.600000000000044,180.0,0.0,261.3496150861905
34970.0,6828136.999999963,8.30108108961571e-16,51.600000000000044,180.0,0.0,261.9907333971419
34980.0,6828136.999999958,1.0568625100346027e-15,51.600000000000044,180.0,0.0,262.6318517080934
34990.0,6828136.999999951,1.5086676211849272e-15,51.600000000000044,180.0,0.0,263.2729700190448
35000.0,6828136.9999999255,3.088131688736839e-15,51.60000000000005,180.0,0.0,263.9140883299962
35010.0,6828136.999999972,3.116785591493547e-16,51.600000000000044,180.0,0.0,264.5552066409477
35020.0,6828137.00000003,3.743628991500767e-15,51.60000000000005,180.0,0.0,265.19632495189904
35030.0,6828136.999999963,6.531643455538394e-16,51.600000000000044,180.0,0.0,265.8374432628505
35040.0,6828136.999999958,1.1005312995982384e-15,51.600000000000044,180.0,0.0,266.4785615738019
35050.0,6828136.999999948,1.7013567697611648e-15,51.600000000000044,180.0,0.0,267.1196798847534
35060.0,6828136.999999927,2.9420963347636783e-15,51.60000000000005,180.0,0.0,267.7607981957048
35070.0,6828136.999999972,2.259594421406372e-16,51.60000000000005,180.0,0.0,268.4019165066562
35080.0,6828137.000000033,3.985563581726315e-15,51.60000000000005,180.0,0.0,269.0430348176077
35090.0,6828136.99999996,1.0651706556011666e-15,51.600000000000044,180.0,0.0,269.6841531285591
35100.0,6828136.99999996,9.450973106820166e-16,51.600000000000044,180.0,0.0,270.3252714395105
35110.0,6828136.99999995,1.5585204899592443e-15,51.600000000000044,180.0,0.0,270.96638975046193
35120.0,6828136.9999999255,3.068497073931649e-15,51.60000000000005,180.0,0.0,271.6075080614134
35130.0,6828136.999999972,2.9326133382526937e-16,51.600000000000065,180.0,0.0,272.2486263723648
35140.0,6828137.000000034,4.246672764448553e-15,51.60000000000005,180.0,0.0,272.8897446833162
35150.0,6828136.999999963,5.945503860555203e-16,51.600000000000044,180.0,0.0,273.5308629942677
35160.0,6828136.999999962,7.170226087851657e-16,51.600000000000044,180.0,0.0,274.1719813052191
35170.0,6828136.99999995,1.5625192515969692e-15,51.600000000000044,180.0,0.0,274.8130996161706
35180.0,6828136.999999929,2.68526047288087e-15,51.600000000000044,180.0,0.0,275.454217927122
35190.0,6828136.999999972,2.0010180476017794e-16,51.600000000000044,180.0,0.0,276.09533623807346
35200.0,6828137.000000033,4.1033461432537284e-15,51.60000000000005,180.0,0.0,276.73645454902487
35210.0,6828136.9999999665,3.1475437883697575e-16,51.600000000000044,180.0,0.0,277.3775728599763
35220.0,6828136.99999996,7.864531667296747e-16,51.60000000000005,180.0,0.0,278.01869117092775
35230.0,6828136.999999951,1.4130560898693018e-15,51.60000000000005,180.0,0.0,278.6598094818791
35240.0,6828136.999999927,2.8086042104309704e-15,51.60000000000005,180.0,0.0,80.69907220716942
35250.0,6828136.999999972,1.686349129307105e-16,51.600000000000044,180.0,0.0,80.057953896218
35260.0,6828137.000000033,4.090715729825275e-15,51.600000000000044,180.0,0.0,280.58316441473346
35270.0,6828136.9999999665,2.615228544441723e-16,51.600000000000044,180.0,0.0,281.2242827256849
35280.0,6828136.99999996,7.685388746320519e-16,51.60000000000005,180.0,0.0,281.8654010366363
35290.0,6828136.999999951,1.4074826827817545e-15,51.600000000000044,180.0,0.0,282.5065193475877
35300.0,6828136.9999999255,3.0649948765705515e-15,51.600000000000044,180.0,0.0,76.85236234146085
35310.0,6828136.999999972,2.2052033578726316e-16,51.600000000000044,180.0,0.0,76.21124403050942
35320.0,6828137.000000033,4.084277644923772e-15,51.60000000000005,180.0,0.0,284.429874280442
35330.0,6828136.999999963,5.206926870639431e-16,51.600000000000044,180.0,0.0,74.92900740860655
35340.0,6828136.99999996,7.6934295014997e-16,51.600000000000044,180.0,0.0,74.28788909765512
35350.0,6828136.999999951,1.4123130573218682e-15,51.60000000000005,180.0,0.0,73.64677078670368
35360.0,6828136.999999927,2.949342752258827e-15,51.60000000000005,180.0,0.0,73.00565247575226
35370.0,6828136.999999972,4.533180794200349e-16,51.600000000000044,180.0,0.0,72.36453416480082
35380.0,6828137.000000033,3.962457989027581e-15,51.60000000000005,180.0,0.0,71.72341585384939
35390.0,6828136.999999962,8.194446727167011e-16,51.600000000000044,180.0,0.0,71.08229754289795
35400.0,6828136.99999996,8.517991783986168e-16,51.600000000000044,180.0,0.0,70.44117923194653
35410.0,6828136.99999995,1.5611467122431908e-15,51.600000000000044,180.0,0.0,69.8000609209951
35420.0,6828136.9999999255,3.0857643307873316e-15,51.600000000000044,180.0,0.0,69.15894261004367
35430.0,6828136.99999997,3.637257756571812e-16,51.600000000000044,180.0,0.0,68.51782429909224
35440.0,6828137.000000033,3.956860725123481e-15,51.600000000000044,180.0,0.0,292.1232940118592
35450.0,6828136.99999996,1.1593567917368356e-15,51.600000000000044,180.0,0.0,67.23558767718937
35460.0,6828136.99999996,9.318089477589186e-16,51.600000000000044,180.0,0.0,66.59446936623794
35470.0,6828136.99999995,1.6716258748784993e-15,51.600000000000044,180.0,0.0,65.95335105528652
35480.0,6828136.999999926,3.0847898912403597e-15,51.600000000000044,180.0,0.0,65.31223274433508
35490.0,6828136.999999972,2.783988535769907e-16,51.600000000000044,180.0,0.0,64.67111443338365
35500.0,6828137.000000033,3.957373909089229e-15,51.60000000000005,180.0,0.0,295.97000387756776
35510.0,6828136.999999963,7.908028618820728e-16,51.60000000000005,180.0,0.0,63.388877811480796
35520.0,6828136.999999958,1.1659211777636024e-15,51.600000000000044,180.0,0.0,62.747759500529355
35530.0,6828136.999999948,1.789948085127364e-15,51.600000000000044,180.0,0.0,62.10664118957792
35540.0,6828136.999999926,3.0787264506299296e-15,51.600000000000044,180.0,0.0,61.465522878626494
35550.0,6828136.999999974,3.979890480162309e-16,51.600000000000044,180.0,0.0,60.82440456767506
35560.0,6828137.000000033,3.958139117714209e-15,51.60000000000005,180.0,0.0,60.183286256723626
35570.0,6828136.999999965,5.8437800047743825e-16,51.600000000000044,180.0,0.0,59.5421679457722
35580.0,6828136.999999956,1.3007597714791052e-15,51.600000000000044,180.0,0.0,58.901049634820765
35590.0,6828136.999999948,1.80079274757622e-15,51.600000000000044,180.0,0.0,58.25993132386934
35600.0,6828136.999999927,2.9471798927863403e-15,51.60000000000005,180.0,0.0,57.618813012917904
35610.0,6828136.99999997,2.421170015509516e-16,51.60000000000005,180.0,0.0,56.97769470196647
35620.0,6828137.000000032,3.829357583848992e-15,51.600000000000044,180.0,0.0,303.66342360898494
35630.0,6828136.999999962,9.29649784716269e-16,51.600000000000044,180.0,0.0,55.69545808006361
35640.0,6828136.999999956,1.2986606211777376e-15,51.600000000000044,180.0,0.0,55.054339769112175
35650.0,6828136.999999946,2.065601342192399e-15,51.600000000000044,180.0,0.0,54.413221458160756
35660.0,6828136.999999925,3.3374381801691124e-15,51.600000000000044,180.0,0.0,53.77210314720931
35670.0,6828136.99999997,3.2871509418686194e-16,51.600000000000044,180.0,0.0,53.13098483625788
35680.0,6828137.000000031,3.576117253741927e-15,51.600000000000044,180.0,0.0,307.51013347469353
35690.0,6828136.999999962,1.0240624441333713e-15,51.600000000000044,180.0,0.0,51.84874821435503
35700.0,6828136.9999999525,1.6639066623297532e-15,51.600000000000044,180.0,0.0,51.20762990340359
35710.0,6828136.99999995,1.6812444606563513e-15,51.600000000000044,180.0,0.0,50.56651159245216
35720.0,6828136.999999926,3.2137054219619664e-15,51.600000000000044,180.0,0.0,49.925393281500725
35730.0,6828136.999999972,4.764844018523284e-16,51.600000000000044,180.0,0.0,49.28427497054929
35740.0,6828137.000000032,3.830821273778575e-15,51.600000000000044,180.0,0.0,48.643156659597864
35750.0,6828136.999999958,1.412748859061469e-15,51.60000000000005,180.0,0.0,48.00203834864644
35760.0,6828136.999999956,1.4302518757037542e-15,51.600000000000044,180.0,0.0,47.360920037695
35770.0,6828136.999999948,1.8157960296670017e-15,51.600000000000044,180.0,0.0,46.719801726743576
35780.0,6828136.999999926,3.104380394120995e-15,51.600000000000044,180.0,0.0,46.078683415792135
35790.0,6828136.99999997,5.059984615125599e-16,51.600000000000065,180.0,0.0,45.43756510484071
35800.0,6828137.000000032,3.8322204868204146e-15,51.600000000000044,180.0,0.0,44.796446793889274
35810.0,6828136.999999962,1.0585895007434424e-15,51.600000000000044,180.0,0.0,44.15532848293784
35820.0,6828136.999999956,1.4286835384486454e-15,51.600000000000044,180.0,0.0,43.51421017198641
35830.0,6828136.999999946,2.1800621642682153e-15,51.600000000000044,180.0,0.0,42.873091861035
35840.0,6828136.999999925,3.3322709963637905e-15,51.600000000000044,180.0,0.0,42.23197355008355
35850.0,6828136.999999968,5.968075345573574e-16,51.600000000000044,180.0,0.0,41.590855239132125
35860.0,6828137.0000000335,3.956553739469689e-15,51.60000000000005,180.0,0.0,319.0502630718193
35870.0,6828136.999999962,1.0364562415458258e-15,51.600000000000044,180.0,0.0,40.30861861722926
35880.0,6828136.999999954,1.6632748528824088e-15,51.600000000000044,180.0,0.0,39.66750030627782
35890.0,6828136.999999946,2.1721058765294404e-15,51.600000000000044,180.0,0.0,39.026381995326396
35900.0,6828136.999999925,3.3376155462182257e-15,51.600000000000044,180.0,0.0,38.38526368437497
35910.0,6828136.999999968,6.073490334529177e-16,51.600000000000044,180.0,0.0,37.74414537342354
35920.0,6828137.000000031,3.5742377783943666e-15,51.600000000000044,180.0,0.0,322.8969729375279
35930.0,6828136.99999996,1.2853199666220557e-15,51.600000000000044,180.0,0.0,36.46190875152067
35940.0,6828136.999999956,1.416862451570513e-15,51.600000000000044,180.0,0.0,35.82079044056924
35950.0,6828136.999999948,1.9185860329569333e-15,51.600000000000044,180.0,0.0,35.17967212961781
35960.0,6828136.999999926,3.192296731155555e-15,51.60000000000005,180.0,0.0,34.53855381866639
35970.0,6828136.99999997,3.83162793478684e-16,51.600000000000044,180.0,0.0,33.897435507714945
35980.0,6828137.000000032,3.716697714373404e-15,51.60000000000005,180.0,0.0,326.7436828032365
35990.0,6828136.999999962,1.0215014247451288e-15,51.600000000000044,180.0,0.0,32.615198885812084
36000.0,6828136.999999956,1.4044709821127132e-15,51.600000000000044,180.0,0.0,328.0259194251393
36010.0,6828136.999999946,2.17313054812248e-15,51.600000000000044,180.0,0.0,328.66703773609083
36020.0,6828136.999999925,3.4464206482594766e-15,51.600000000000044,180.0,0.0,329.3081560470422
36030.0,6828136.999999965,8.944432680679345e-16,51.600000000000044,180.0,0.0,329.94927435799366
36040.0,6828137.000000029,3.453953203155758e-15,51.600000000000044,180.0,0.0,330.59039266894507
36050.0,6828136.99999996,1.276460119866385e-15,51.60000000000005,180.0,0.0,28.768489020103512
36060.0,6828136.999999956,1.4039443984907603e-15,51.600000000000044,180.0,0.0,331.87262929084795
36070.0,6828136.999999946,2.169722145866774e-15,51.600000000000044,180.0,0.0,332.51374760179937
36080.0,6828136.999999923,3.578282119922599e-15,51.60000000000005,180.0,0.0,26.8451340872492
36090.0,6828136.9999999665,6.443399615027655e-16,51.60000000000005,180.0,0.0,26.204015776297783
36100.0,6828137.000000032,3.83207458169969e-15,51.60000000000005,180.0,0.0,334.43710253465366
36110.0,6828136.99999996,1.277260283156038e-15,51.60000000000005,180.0,0.0,335.0782208456051
36120.0,6828136.999999954,1.6634458451850792e-15,51.60000000000005,180.0,0.0,335.7193391565565
36130.0,6828136.999999946,2.1697711101558382e-15,51.600000000000044,180.0,0.0,336.36045746750796
36140.0,6828136.999999925,3.44678204891175e-15,51.60000000000005,180.0,0.0,22.998424221540617
36150.0,6828136.9999999665,7.693287353397926e-16,51.60000000000005,180.0,0.0,337.64269408941084
36160.0,6828137.000000031,3.596459330510422e-15,51.600000000000044,180.0,0.0,338.28381240036225
36170.0,6828136.99999996,1.2856544076358952e-15,51.600000000000044,180.0,0.0,338.92493071131366
36180.0,6828136.999999956,1.4155292237448435e-15,51.600000000000044,180.0,0.0,339.5660490222651
36190.0,6828136.999999946,2.1712423034316547e-15,51.600000000000044,180.0,0.0,340.2071673332165
36200.0,6828136.999999923,3.573657713876396e-15,51.600000000000044,180.0,0.0,19.15171435583204
36210.0,6828136.999999968,5.210949392768251e-16,51.60000000000005,180.0,0.0,341.4894039551194
36220.0,6828137.000000032,3.729317841024265e-15,51.600000000000044,180.0,0.0,342.13052226607084
36230.0,6828136.999999962,1.0381168837685256e-15,51.600000000000044,180.0,0.0,342.7716405770222
36240.0,6828136.999999956,1.4237202318574587e-15,51.600000000000044,180.0,0.0,343.4127588879737
36250.0,6828136.99999995,1.6669704125512973e-15,51.60000000000005,180.0,0.0,344.05387719892514
36260.0,6828136.999999926,3.1908510424757106e-15,51.600000000000044,180.0,0.0,15.305004490123466
36270.0,6828136.999999968,5.106669570590208e-16,51.60000000000005,180.0,0.0,345.33611382082796
36280.0,6828137.000000031,3.585233407154837e-15,51.600000000000044,180.0,0.0,345.9772321317794
36290.0,6828136.999999962,1.0322503820014858e-15,51.600000000000044,180.0,0.0,346.61835044273084
36300.0,6828136.999999956,1.4116294404011607e-15,51.60000000000005,180.0,0.0,347.25946875368226
36310.0,6828136.999999946,2.1739530063170408e-15,51.60000000000005,180.0,0.0,347.9005870646337
36320.0,6828136.999999923,3.574581300466398e-15,51.60000000000005,180.0,0.0,348.5417053755852
36330.0,6828136.999999965,9.17748013827171e-16,51.60000000000005,180.0,0.0,349.18282368653655
36340.0,6828137.000000029,3.490946607650943e-15,51.600000000000065,180.0,0.0,349.823941997488
36350.0,6828136.99999996,1.3051357600324598e-15,51.60000000000005,180.0,0.0,350.46506030843943
36360.0,6828136.9999999525,1.8119452368417664e-15,51.600000000000044,180.0,0.0,351.10617861939096
36370.0,6828136.999999944,2.3164861244913384e-15,51.600000000000044,180.0,0.0,351.7472969303423
36380.0,6828136.999999925,3.328829633679974e-15,51.60000000000005,180.0,0.0,352.3884152412937
36390.0,6828136.9999999665,7.975206831659436e-16,51.60000000000005,180.0,0.0,353.0295335522452
36400.0,6828137.000000031,3.6583023512581975e-15,51.600000000000044,180.0,0.0,353.67065186319655
36410.0,6828136.999999958,1.4798532586401377e-15,51.60000000000005,180.0,0.0,354.3117701741481
36420.0,6828136.999999956,1.4856361088401843e-15,51.60000000000005,180.0,0.0,354.95288848509944
36430.0,6828136.999999946,2.222861301354492e-15,51.600000000000044,180.0,0.0,355.5940067960508
36440.0,6828136.999999925,3.339329269900014e-15,51.600000000000065,180.0,0.0,356.23512510700243
36450.0,6828136.9999999665,7.636295277113154e-16,51.60000000000005,180.0,0.0,356.87624341795373
36460.0,6828137.000000031,3.640941261347808e-15,51.600000000000044,180.0,0.0,357.5173617289051
36470.0,6828136.999999962,1.1256705474658426e-15,51.600000000000044,180.0,0.0,358.15848003985667
36480.0,6828136.9999999525,1.7347731417223946e-15,51.60000000000005,180.0,0.0,358.7995983508082
36490.0,6828136.999999944,2.352770987113337e-15,51.60000000000005,180.0,0.0,359.44071666175876
36500.0,6828136.999999925,3.336131067151835e-15,51.60000000000005,180.0,0.0,359.91816502728955
36510.0,6828136.9999999665,6.941943907542341e-16,51.600000000000044,180.0,0.0,359.2770467163377
36520.0,6828137.000000031,3.731341819388553e-15,51.600000000000044,180.0,0.0,358.6359284053862
36530.0,6828136.99999996,1.1943886946813965e-15,51.600000000000044,180.0,0.0,357.9948100944348
36540.0,6828136.999999954,1.5708072883521105e-15,51.600000000000065,180.0,0.0,357.35369178348316
36550.0,6828136.999999948,1.8174501578816666e-15,51.600000000000044,180.0,0.0,356.7125734725318
36560.0,6828136.999999925,3.3239574118737483e-15,51.600000000000065,180.0,0.0,356.0714551615805
36570.0,6828136.99999997,2.480679450404843e-16,51.60000000000005,180.0,0.0,355.430336850629
36580.0,6828137.000000027,3.3557069573800592e-15,51.60000000000005,180.0,0.0,354.7892185396777
36590.0,6828136.999999958,1.318758136426069e-15,51.600000000000044,180.0,0.0,354.14810022872626
36600.0,6828136.9999999525,1.6941783942834642e-15,51.600000000000065,180.0,0.0,353.5069819177748
36610.0,6828136.999999946,2.0642553816198487e-15,51.60000000000005,180.0,0.0,352.8658636068233
36620.0,6828136.999999923,3.453204457184168e-15,51.60000000000005,180.0,0.0,352.2247452958719
36630.0,6828136.999999968,5.348859558267732e-16,51.600000000000044,180.0,0.0,351.5836269849205
36640.0,6828137.000000031,3.7736085336406196e-15,51.600000000000044,180.0,0.0,350.94250867396903
36650.0,6828136.999999958,1.490369236094075e-15,51.60000000000005,180.0,0.0,350.3013903630176
36660.0,6828136.9999999525,1.725248409197464e-15,51.600000000000044,180.0,0.0,349.66027205206615
36670.0,6828136.999999946,1.962896024769587e-15,51.60000000000005,180.0,0.0,349.0191537411148
36680.0,6828136.999999923,3.471312626932804e-15,51.600000000000044,180.0,0.0,348.3780354301633
36690.0,6828136.9999999665,5.746619601464437e-16,51.60000000000005,180.0,0.0,347.7369171192119
36700.0,6828137.000000029,3.641793998880308e-15,51.600000000000044,180.0,0.0,347.0957988082605
36710.0,6828136.999999958,1.349770299874788e-15,51.600000000000044,180.0,0.0,346.454680497309
36720.0,6828136.999999954,1.4796421907734692e-15,51.600000000000044,180.0,0.0,345.8135621863576
36730.0,6828136.999999946,1.97442493607516e-15,51.60000000000005,180.0,0.0,345.17244387540615
36740.0,6828136.999999922,3.603476340646095e-15,51.60000000000005,180.0,0.0,344.5313255644548
36750.0,6828136.99999997,6.181210294640135e-16,51.60000000000005,180.0,0.0,343.8902072535033
36760.0,6828137.00000003,3.8011545693380114e-15,51.60000000000005,180.0,0.0,343.24908894255185
36770.0,6828136.999999956,1.5318645066160918e-15,51.60000000000005,180.0,0.0,342.6079706316005
36780.0,6828136.99999995,1.867467525061209e-15,51.600000000000044,180.0,0.0,341.966852320649
36790.0,6828136.999999946,1.8667506819550755e-15,51.600000000000044,180.0,0.0,341.3257340096976
36800.0,6828136.999999923,3.3419451342925025e-15,51.600000000000044,180.0,0.0,340.6846156987462
36810.0,6828136.999999968,4.558742539290426e-16,51.600000000000044,180.0,0.0,340.04349738779473
36820.0,6828137.00000003,3.7594031026069294e-15,51.600000000000044,180.0,0.0,339.4023790768433
36830.0,6828136.99999996,1.0447840505919337e-15,51.600000000000044,180.0,0.0,338.76126076589185
36840.0,6828136.9999999525,1.5160675414437534e-15,51.600000000000044,180.0,0.0,338.12014245494044
36850.0,6828136.999999946,1.9950070244917947e-15,51.600000000000044,180.0,0.0,337.47902414398897
36860.0,6828136.999999923,3.3588114733748085e-15,51.600000000000044,180.0,0.0,336.8379058330376
36870.0,6828136.999999968,5.650939473236959e-16,51.600000000000044,180.0,0.0,336.19678752208614
36880.0,6828137.000000026,3.553767175257315e-15,51.600000000000044,180.0,0.0,335.5556692111347
36890.0,6828136.999999958,1.274990613934494e-15,51.600000000000044,180.0,0.0,334.9145509001833
36900.0,6828136.999999951,1.6571878208075386e-15,51.600000000000044,180.0,0.0,334.27343258923185
36910.0,6828136.999999944,2.1272207230575173e-15,51.600000000000044,180.0,0.0,333.63231427828043
36920.0,6828136.999999923,3.341260556115462e-15,51.600000000000044,180.0,0.0,332.99119596732896
36930.0,6828136.9999999665,6.255811359749598e-16,51.600000000000044,180.0,0.0,332.35007765637755
36940.0,6828137.000000028,3.793860203628182e-15,51.600000000000044,180.0,0.0,331.70895934542614
36950.0,6828136.999999958,1.2050627468599942e-15,51.600000000000044,180.0,0.0,331.06784103447467
36960.0,6828136.9999999525,1.4291279374745149e-15,51.600000000000044,180.0,0.0,330.4267227235233
36970.0,6828136.999999946,1.908356989004283e-15,51.600000000000044,180.0,0.0,329.7856044125718
36980.0,6828136.999999921,3.480253430575488e-15,51.600000000000044,180.0,0.0,329.14448610162043
36990.0,6828136.999999968,5.872481890124562e-16,51.600000000000044,180.0,0.0,328.50336779066896
37000.0,6828137.000000028,3.8151129149862754e-15,51.600000000000044,180.0,0.0,327.86224947971755
37010.0,6828136.99999996,1.0355993377979283e-15,51.600000000000044,180.0,0.0,327.2211311687661
37020.0,6828136.9999999525,1.4887436451796384e-15,51.600000000000044,180.0,0.0,326.58001285781467
37030.0,6828136.999999942,2.1541585084654693e-15,51.600000000000044,180.0,0.0,325.9388945468633
37040.0,6828136.999999921,3.492030206423555e-15,51.600000000000044,180.0,0.0,325.2977762359118
37050.0,6828136.9999999665,5.759151502314852e-16,51.60000000000003,180.0,0.0,324.65665792496037
37060.0,6828137.000000022,3.2790988063590367e-15,51.600000000000044,180.0,0.0,324.01553961400896
37070.0,6828136.99999996,1.050910570062119e-15,51.600000000000044,180.0,0.0,323.37442130305755
37080.0,6828136.999999951,1.6771274341482136e-15,51.600000000000044,180.0,0.0,322.7333029921061
37090.0,6828136.999999944,2.0493158569838644e-15,51.600000000000044,180.0,0.0,322.09218468115466
37100.0,6828136.999999921,3.477787413872676e-15,51.600000000000044,180.0,0.0,321.45106637020325
37110.0,6828136.9999999665,6.597910094715098e-16,51.600000000000044,180.0,0.0,320.8099480592518
37120.0,6828137.000000026,3.679249328772932e-15,51.600000000000044,180.0,0.0,320.16882974830037
37130.0,6828136.99999996,1.0731943742298558e-15,51.600000000000044,180.0,0.0,319.5277114373489
37140.0,6828136.999999951,1.5345425816748992e-15,51.600000000000044,180.0,0.0,318.8865931263975
37150.0,6828136.999999944,1.9839143321552634e-15,51.600000000000044,180.0,0.0,318.2454748154461
37160.0,6828136.999999923,3.2229280710811106e-15,51.600000000000044,180.0,0.0,317.6043565044946
37170.0,6828136.999999968,5.038726751300771e-16,51.600000000000044,180.0,0.0,316.9632381935432
37180.0,6828137.000000028,3.922361484759542e-15,51.600000000000044,180.0,0.0,316.3221198825917
37190.0,6828136.999999958,1.082938655994262e-15,51.600000000000044,180.0,0.0,315.68100157164037
37200.0,6828136.9999999525,1.3031111288197465e-15,51.600000000000044,180.0,0.0,315.0398832606889
37210.0,6828136.999999944,1.8900158342978683e-15,51.600000000000044,180.0,0.0,314.3987649497375
37220.0,6828136.999999924,2.967554007430287e-15,51.60000000000005,180.0,0.0,313.757646638786
37230.0,6828136.999999967,6.427255175274844e-16,51.60000000000005,180.0,0.0,313.1165283278346
37240.0,6828137.000000026,3.822315160785154e-15,51.600000000000044,180.0,0.0,312.4754100168832
37250.0,6828136.99999996,8.932895625762129e-16,51.600000000000044,180.0,0.0,311.8342917059317
37260.0,6828136.9999999525,1.3531894275039002e-15,51.600000000000044,180.0,0.0,311.1931733949803
37270.0,6828136.999999945,1.7440411508114995e-15,51.600000000000044,180.0,0.0,310.5520550840289
37280.0,6828136.999999923,3.09987849210227e-15,51.600000000000044,180.0,0.0,309.9109367730775
37290.0,6828136.999999966,5.123577772610452e-16,51.60000000000005,180.0,0.0,309.269818462126
37300.0,6828137.000000026,3.792800112929104e-15,51.600000000000044,180.0,0.0,308.6287001511746
37310.0,6828136.999999961,8.014061634700244e-16,51.600000000000044,180.0,0.0,307.9875818402232
37320.0,6828136.999999952,1.3395273016323774e-15,51.600000000000044,180.0,0.0,307.3464635292717
37330.0,6828136.999999947,1.5175626767909387e-15,51.600000000000044,180.0,0.0,306.7053452183203
37340.0,6828136.999999924,2.8204591971486447e-15,51.60000000000005,180.0,0.0,306.06422690736883
37350.0,6828136.999999967,2.0751691141734208e-16,51.60000000000005,180.0,0.0,305.4231085964174
37360.0,6828137.000000028,3.979128499999904e-15,51.600000000000044,180.0,0.0,304.781990285466
37370.0,6828136.999999956,9.550956120699044e-16,51.600000000000044,180.0,0.0,304.14087197451454
37380.0,6828136.999999953,1.0797541579500709e-15,51.60000000000005,180.0,0.0,303.4997536635631
37390.0,6828136.999999945,1.680552192218638e-15,51.600000000000044,180.0,0.0,302.85863535261166
37400.0,6828136.999999923,3.071974159392466e-15,51.600000000000044,180.0,0.0,302.21751704166024
37410.0,6828136.999999966,2.701487759475483e-16,51.600000000000044,180.0,0.0,301.5763987307088
37420.0,6828137.00000003,4.245463373717186e-15,51.60000000000005,180.0,0.0,300.93528041975736
37430.0,6828136.999999957,8.162460919649068e-16,51.600000000000044,180.0,0.0,300.29416210880595
37440.0,6828136.999999952,1.2198135269934929e-15,51.600000000000044,180.0,0.0,299.65304379785454
37450.0,6828136.999999945,1.5663535007739864e-15,51.60000000000005,180.0,0.0,299.0119254869031
37460.0,6828136.999999923,3.066684557170954e-15,51.600000000000065,180.0,0.0,298.37080717595165
37470.0,6828136.999999967,1.5222631748222246e-16,51.60000000000005,180.0,0.0,297.72968886500024
37480.0,6828137.000000028,4.098069875943967e-15,51.600000000000044,180.0,0.0,297.0885705540488
37490.0,6828136.999999955,9.090212850890684e-16,51.60000000000005,180.0,0.0,296.44745224309736
37500.0,6828136.999999953,9.082716935784099e-16,51.60000000000005,180.0,0.0,295.80633393214595
37510.0,6828136.999999943,1.6658390266533874e-15,51.60000000000005,180.0,0.0,295.16521562119453
37520.0,6828136.999999924,2.6806636790963786e-15,51.600000000000065,180.0,0.0,294.5240973102431
37530.0,6828136.999999967,2.846660285124669e-16,51.60000000000005,180.0,0.0,293.88297899929165
37540.0,6828137.000000028,4.091537408629096e-15,51.60000000000005,180.0,0.0,293.24186068834024
37550.0,6828136.999999955,8.978782425464056e-16,51.600000000000044,180.0,0.0,292.60074237738877
37560.0,6828136.99999995,1.2901732756063658e-15,51.60000000000005,180.0,0.0,291.95962406643736
37570.0,6828136.999999947,1.278716789898731e-15,51.600000000000044,180.0,0.0,291.31850575548594
37580.0,6828136.999999923,2.8078878102138704e-15,51.600000000000044,180.0,0.0,290.6773874445345
37590.0,6828136.999999967,2.6226744390813726e-16,51.600000000000044,180.0,0.0,69.96373086641695
37600.0,6828137.000000028,4.219967810642644e-15,51.600000000000044,180.0,0.0,289.3951508226316
37610.0,6828136.999999957,6.381733260027637e-16,51.60000000000005,180.0,0.0,71.24596748831982
37620.0,6828136.999999952,1.0226427030099644e-15,51.600000000000044,180.0,0.0,288.1129142007287
37630.0,6828136.999999945,1.404160231754464e-15,51.600000000000044,180.0,0.0,287.4717958897773
37640.0,6828136.999999924,2.6821489959814284e-15,51.60000000000005,180.0,0.0,73.16932242117412
37650.0,6828136.999999967,1.3016965055983488e-16,51.60000000000005,180.0,0.0,73.81044073212554
37660.0,6828137.000000028,4.220153496947118e-15,51.60000000000005,180.0,0.0,285.54844095692306
37670.0,6828136.999999957,6.493730372056121e-16,51.60000000000005,180.0,0.0,284.9073226459716
37680.0,6828136.999999952,1.0277233979765904e-15,51.60000000000005,180.0,0.0,284.2662043350202
37690.0,6828136.999999945,1.406827120065353e-15,51.600000000000044,180.0,0.0,283.6250860240687
37700.0,6828136.999999924,2.6802881189527623e-15,51.60000000000005,180.0,0.0,282.9839677131173
37710.0,6828136.999999967,2.8172909968002146e-16,51.600000000000044,180.0,0.0,282.3428494021659
37720.0,6828137.000000028,4.235646673628998e-15,51.600000000000044,180.0,0.0,281.7017310912144
37730.0,6828136.999999957,6.433283464684535e-16,51.60000000000005,180.0,0.0,281.060612780263
37740.0,6828136.99999995,1.1628545827031764e-15,51.60000000000005,180.0,0.0,280.41949446931153
37750.0,6828136.999999943,1.6666151548998866e-15,51.600000000000044,180.0,0.0,279.7783761583602
37760.0,6828136.999999924,2.6854111815785495e-15,51.60000000000005,180.0,0.0,279.1372578474087
37770.0,6828136.999999966,3.0739704255504816e-16,51.600000000000044,180.0,0.0,278.4961395364573
37780.0,6828137.000000028,4.24733718008804e-15,51.600000000000044,180.0,0.0,277.8550212255059
37790.0,6828136.999999957,6.728507813935745e-16,51.600000000000044,180.0,0.0,277.2139029145544
37800.0,6828136.99999995,1.1668099708331057e-15,51.60000000000005,180.0,0.0,276.572784603603
37810.0,6828136.999999943,1.6606523607655826e-15,51.600000000000044,180.0,0.0,275.9316662926515
37820.0,6828136.999999923,2.8108911692047533e-15,51.600000000000044,180.0,0.0,84.70945201829988
37830.0,6828136.999999967,2.7159032679228087e-16,51.60000000000005,180.0,0.0,85.35057032925133
37840.0,6828137.000000028,4.2192027145398384e-15,51.60000000000005,180.0,0.0,274.00831135979723
37850.0,6828136.999999957,6.445239288910858e-16,51.600000000000044,180.0,0.0,273.3671930488458
37860.0,6828136.999999952,1.0258612565449492e-15,51.60000000000005,180.0,0.0,272.72607473789435
37870.0,6828136.999999945,1.4068121342454286e-15,51.60000000000005,180.0,0.0,272.08495642694294
37880.0,6828136.999999923,2.807963575692845e-15,51.600000000000044,180.0,0.0,271.44383811599147
37890.0,6828136.999999969,4.125195563823978e-16,51.600000000000065,180.0,0.0,270.80271980504006
37900.0,6828137.000000031,4.616512753067658e-15,51.600000000000044,180.0,0.0,270.16160149408864
37910.0,6828136.999999959,4.2237827755715395e-16,51.60000000000005,180.0,0.0,269.52048318313723
37920.0,6828136.999999953,7.898400742551142e-16,51.600000000000044,180.0,0.0,268.8793648721858
37930.0,6828136.999999945,1.4182634089666175e-15,51.600000000000044,180.0,0.0,268.23824656123435
37940.0,6828136.999999924,2.681968625706706e-15,51.60000000000005,180.0,0.0,267.59712825028294
37950.0,6828136.999999969,4.012966604076581e-16,51.600000000000044,180.0,0.0,266.95600993933147
37960.0,6828137.00000003,4.3569398691304065e-15,51.600000000000044,180.0,0.0,266.31489162838005
37970.0,6828136.999999957,6.641426583313614e-16,51.600000000000044,180.0,0.0,265.67377331742864
37980.0,6828136.999999953,7.930455195801905e-16,51.60000000000005,180.0,0.0,265.03265500647717
37990.0,6828136.999999945,1.4227448575109575e-15,51.600000000000044,180.0,0.0,264.3915366955258
38000.0,6828136.999999924,2.557264954700613e-15,51.60000000000005,180.0,0.0,263.75041838457435
38010.0,6828136.999999967,3.183420295075848e-16,51.600000000000044,180.0,0.0,263.10930007362293
38020.0,6828137.00000003,4.359922041276576e-15,51.600000000000044,180.0,0.0,262.46818176267146
38030.0,6828136.999999959,4.064424902747993e-16,51.600000000000044,180.0,0.0,261.82706345172005
38040.0,6828136.999999952,1.0298022359123404e-15,51.600000000000044,180.0,0.0,261.18594514076864
38050.0,6828136.999999945,1.4056426651283844e-15,51.600000000000044,180.0,0.0,260.54482682981717
38060.0,6828136.9999999255,2.4256570791383424e-15,51.600000000000044,180.0,0.0,100.09629148113427
38070.0,6828136.999999969,3.8348416466625944e-16,51.600000000000044,180.0,0.0,259.2625902079143
38080.0,6828137.00000003,4.351998470682286e-15,51.600000000000044,180.0,0.0,258.6214718969629
38090.0,6828136.999999959,3.9653265082981755e-16,51.600000000000044,180.0,0.0,257.9803535860114
38100.0,6828136.999999955,6.540104274080112e-16,51.600000000000044,180.0,0.0,257.33923527506
38110.0,6828136.999999945,1.4052359372551436e-15,51.600000000000044,180.0,0.0,256.6981169641086
38120.0,6828136.999999927,2.299001205476815e-15,51.600000000000044,180.0,0.0,103.94300134684285
38130.0,6828136.999999969,4.143924929735201e-16,51.600000000000044,180.0,0.0,104.58411965779429
38140.0,6828137.000000033,4.723303975250779e-15,51.600000000000044,180.0,0.0,254.7747620312543
38150.0,6828136.999999959,3.8871002037571725e-16,51.60000000000005,180.0,0.0,105.86635627969716
38160.0,6828136.999999952,1.0224291256181063e-15,51.600000000000044,180.0,0.0,106.5074745906486
38170.0,6828136.999999947,1.2792255479894826e-15,51.600000000000044,180.0,0.0,107.14859290160003
38180.0,6828136.9999999255,2.5624458961845997e-15,51.600000000000044,180.0,0.0,107.78971121255145
38190.0,6828136.999999969,4.742402249951995e-16,51.600000000000044,180.0,0.0,108.43082952350288
38200.0,6828137.00000003,4.339572099454754e-15,51.600000000000044,180.0,0.0,250.92805216554567
38210.0,6828136.999999959,5.144081056351775e-16,51.60000000000005,180.0,0.0,109.71306614540575
38220.0,6828136.999999953,8.993397077294134e-16,51.600000000000044,180.0,0.0,110.35418445635717
38230.0,6828136.999999949,1.1619486632238956e-15,51.600000000000044,180.0,0.0,110.99530276730862
38240.0,6828136.9999999255,2.5801100619250435e-15,51.600000000000044,180.0,0.0,111.63642107826004
38250.0,6828136.999999969,5.325214862018673e-16,51.600000000000044,180.0,0.0,112.27753938921147
38260.0,6828137.000000031,4.472322352375734e-15,51.600000000000044,180.0,0.0,112.9186577001629
38270.0,6828136.999999963,4.055103728856944e-16,51.600000000000044,180.0,0.0,113.55977601111434
38280.0,6828136.999999952,1.0905618103508968e-15,51.600000000000044,180.0,0.0,114.20089432206578
38290.0,6828136.999999947,1.4371279999265903e-15,51.600000000000044,180.0,0.0,114.84201263301719
38300.0,6828136.9999999255,2.6496578161633313e-15,51.600000000000044,180.0,0.0,115.48313094396863
38310.0,6828136.999999969,7.431306069629079e-16,51.600000000000044,180.0,0.0,116.12424925492007
38320.0,6828137.000000031,4.486972644074022e-15,51.600000000000044,180.0,0.0,116.7653675658715
38330.0,6828136.999999957,9.38577372354306e-16,51.600000000000044,180.0,0.0,117.40648587682294
38340.0,6828136.999999953,1.1668464705276462e-15,51.600000000000044,180.0,0.0,118.04760418777438
38350.0,6828136.999999949,1.2770646903360398e-15,51.600000000000044,180.0,0.0,118.6887224987258
38360.0,6828136.9999999255,2.6517914448510285e-15,51.600000000000044,180.0,0.0,119.32984080967722
38370.0,6828136.999999969,6.20538621694131e-16,51.600000000000044,180.0,0.0,119.97095912062866
38380.0,6828137.00000003,4.221242643709951e-15,51.600000000000044,180.0,0.0,120.61207743158008
38390.0,6828136.99999996,8.334260366729992e-16,51.60000000000005,180.0,0.0,121.2531957425315
38400.0,6828136.9999999525,1.224848380516432e-15,51.600000000000044,180.0,0.0,121.89431405348294
38410.0,6828136.999999945,1.7244478803265896e-15,51.60000000000005,180.0,0.0,122.53543236443439
38420.0,6828136.999999923,3.135040961103227e-15,51.60000000000005,180.0,0.0,123.17655067538584
38430.0,6828136.999999967,5.582366111891974e-16,51.60000000000005,180.0,0.0,123.81766898633725
38440.0,6828137.000000028,3.964048953245967e-15,51.60000000000005,180.0,0.0,124.4587872972887
38450.0,6828136.99999996,7.632280228332825e-16,51.600000000000044,180.0,0.0,125.09990560824012
38460.0,6828136.999999953,1.1201766500592218e-15,51.60000000000005,180.0,0.0,125.74102391919156
38470.0,6828136.999999944,1.8364484415580366e-15,51.60000000000005,180.0,0.0,126.38214223014297
38480.0,6828136.999999923,3.1085300275810796e-15,51.600000000000044,180.0,0.0,127.02326054109442
38490.0,6828136.9999999665,5.405029797838263e-16,51.600000000000044,180.0,0.0,127.66437885204584
38500.0,6828137.000000028,3.964411816942366e-15,51.60000000000005,180.0,0.0,128.30549716299726
38510.0,6828136.999999958,1.0173822417461099e-15,51.60000000000005,180.0,0.0,128.94661547394873
38520.0,6828136.9999999525,1.2263014518843599e-15,51.600000000000044,180.0,0.0,129.58773378490014
38530.0,6828136.999999944,1.8575223723188864e-15,51.60000000000005,180.0,0.0,130.22885209585158
38540.0,6828136.999999921,3.380290410017958e-15,51.600000000000044,180.0,0.0,130.869970406803
38550.0,6828136.999999968,8.456351376304803e-16,51.60000000000005,180.0,0.0,131.51108871775443
38560.0,6828137.000000024,3.4841833171446946e-15,51.60000000000005,180.0,0.0,132.15220702870587
38570.0,6828136.999999958,1.0613129141995248e-15,51.600000000000044,180.0,0.0,132.7933253396573
38580.0,6828136.999999951,1.5323311405197647e-15,51.60000000000005,180.0,0.0,133.43444365060873
38590.0,6828136.999999944,1.9040694454192578e-15,51.60000000000005,180.0,0.0,134.07556196156017
38600.0,6828136.999999921,3.3937577058122362e-15,51.60000000000005,180.0,0.0,134.71668027251158
38610.0,6828136.999999968,8.006637902077411e-16,51.600000000000044,180.0,0.0,135.35779858346302
38620.0,6828137.000000024,3.350921809443321e-15,51.60000000000005,180.0,0.0,135.99891689441444
38630.0,6828136.999999958,1.1564222866711367e-15,51.600000000000044,180.0,0.0,136.64003520536588
38640.0,6828136.999999951,1.5525262896101139e-15,51.60000000000005,180.0,0.0,137.28115351631732
38650.0,6828136.999999944,1.99280491237066e-15,51.60000000000005,180.0,0.0,137.92227182726876
38660.0,6828136.99999992,3.6351595814643055e-15,51.60000000000005,180.0,0.0,138.5633901382202
38670.0,6828136.9999999665,6.274344190958232e-16,51.600000000000044,180.0,0.0,139.20450844917164
38680.0,6828137.000000026,3.597800808813801e-15,51.600000000000065,180.0,0.0,139.84562676012305
38690.0,6828136.999999958,1.1815344527961637e-15,51.600000000000044,180.0,0.0,140.48674507107447
38700.0,6828136.9999999525,1.4184082729939774e-15,51.60000000000005,180.0,0.0,141.12786338202588
38710.0,6828136.999999946,1.7688446264547316e-15,51.600000000000044,180.0,0.0,141.76898169297735
38720.0,6828136.999999923,3.259416198845991e-15,51.60000000000005,180.0,0.0,142.41010000392876
38730.0,6828136.9999999665,6.776465771577136e-16,51.600000000000044,180.0,0.0,143.0512183148802
38740.0,6828137.000000024,3.3288323689212726e-15,51.600000000000044,180.0,0.0,143.69233662583164
38750.0,6828136.999999958,1.124515245967468e-15,51.600000000000044,180.0,0.0,144.33345493678306
38760.0,6828136.999999951,1.616858527825519e-15,51.60000000000005,180.0,0.0,144.9745732477345
38770.0,6828136.999999946,1.8582557727629328e-15,51.60000000000005,180.0,0.0,145.61569155868594
38780.0,6828136.999999922,3.494598208415623e-15,51.60000000000005,180.0,0.0,146.25680986963738
38790.0,6828136.9999999665,5.178610614564054e-16,51.600000000000044,180.0,0.0,146.89792818058882
38800.0,6828137.000000026,3.4486997196734055e-15,51.60000000000005,180.0,0.0,147.53904649154026
38810.0,6828136.999999958,1.0925693480818932e-15,51.600000000000044,180.0,0.0,148.18016480249167
38820.0,6828136.999999951,1.5822769111463164e-15,51.60000000000005,180.0,0.0,148.8212831134431
38830.0,6828136.999999944,2.0805576757064877e-15,51.60000000000005,180.0,0.0,149.46240142439453
38840.0,6828136.999999922,3.4947254322931673e-15,51.60000000000005,180.0,0.0,150.10351973534597
38850.0,6828136.9999999665,6.412901989711749e-16,51.600000000000044,180.0,0.0,150.74463804629738
38860.0,6828137.00000003,3.7092956743670974e-15,51.60000000000005,180.0,0.0,151.38575635724882
38870.0,6828136.999999958,1.2587292956921444e-15,51.600000000000044,180.0,0.0,152.02687466820026
38880.0,6828136.999999951,1.584728711612815e-15,51.600000000000044,180.0,0.0,152.66799297915168
38890.0,6828136.999999946,1.857451896654507e-15,51.600000000000044,180.0,0.0,153.30911129010312
38900.0,6828136.9999999255,3.1310412428710505e-15,51.60000000000005,180.0,0.0,153.95022960105453
38910.0,6828136.999999968,6.489523977005507e-16,51.60000000000005,180.0,0.0,154.59134791200597
38920.0,6828137.000000031,3.843512082679432e-15,51.60000000000005,180.0,0.0,155.23246622295738
38930.0,6828136.99999996,1.161270889668283e-15,51.60000000000005,180.0,0.0,155.87358453390885
38940.0,6828136.999999951,1.7442199790813247e-15,51.60000000000005,180.0,0.0,156.5147028448603
38950.0,6828136.999999946,1.969639236986373e-15,51.600000000000044,180.0,0.0,157.1558211558117
38960.0,6828136.999999923,3.3761280932783484e-15,51.60000000000005,180.0,0.0,157.79693946676315
38970.0,6828136.99999997,5.496929336164292e-16,51.60000000000005,180.0,0.0,158.43805777771456
38980.0,6828137.000000029,3.5812221089196336e-15,51.600000000000065,180.0,0.0,159.079176088666
38990.0,6828136.999999958,1.3672941142527979e-15,51.60000000000005,180.0,0.0,159.72029439961742
39000.0,6828136.999999954,1.4668551947343793e-15,51.60000000000005,180.0,0.0,160.36141271056889
39010.0,6828136.999999946,1.9680448802445227e-15,51.600000000000044,180.0,0.0,161.00253102152033
39020.0,6828136.999999925,3.2452111860548627e-15,51.60000000000005,180.0,0.0,161.6436493324717
39030.0,6828136.99999997,6.979165930524245e-16,51.600000000000044,180.0,0.0,162.28476764342312
39040.0,6828137.00000003,3.728600729688446e-15,51.600000000000044,180.0,0.0,162.9258859543746
39050.0,6828136.99999996,1.1877736944305457e-15,51.60000000000005,180.0,0.0,163.567004265326
39060.0,6828136.999999956,1.2699530282831656e-15,51.60000000000005,180.0,0.0,164.20812257627747
39070.0,6828136.999999946,2.021424671095338e-15,51.600000000000065,180.0,0.0,164.8492408872289
39080.0,6828136.999999923,3.4244302496525114e-15,51.60000000000005,180.0,0.0,165.49035919818033
39090.0,6828136.999999968,8.684498599551416e-16,51.60000000000005,180.0,0.0,166.13147750913174
39100.0,6828137.000000029,3.619580307480768e-15,51.600000000000044,180.0,0.0,166.77259582008318
39110.0,6828136.999999958,1.4768798936068378e-15,51.600000000000044,180.0,0.0,167.41371413103457
39120.0,6828136.9999999525,1.814336035734649e-15,51.60000000000005,180.0,0.0,168.0548324419861
39130.0,6828136.999999944,2.3018606928342575e-15,51.600000000000044,180.0,0.0,168.69595075293753
39140.0,6828136.999999926,3.193065918936789e-15,51.600000000000044,180.0,0.0,169.33706906388892
39150.0,6828136.99999997,7.979307172567121e-16,51.600000000000044,180.0,0.0,169.97818737484036
39160.0,6828137.000000029,3.601433633688314e-15,51.60000000000005,180.0,0.0,170.61930568579174
39170.0,6828136.99999996,1.3341649067365247e-15,51.600000000000044,180.0,0.0,171.2604239967432
39180.0,6828136.999999954,1.5524289425931807e-15,51.600000000000044,180.0,0.0,171.90154230769465
39190.0,6828136.999999946,2.151161295822157e-15,51.600000000000044,180.0,0.0,172.54266061864604
39200.0,6828136.999999923,3.5296361398779476e-15,51.60000000000005,180.0,0.0,173.18377892959757
39210.0,6828136.9999999665,9.36718353857877e-16,51.600000000000044,180.0,0.0,173.82489724054892
39220.0,6828137.000000029,3.464888915815803e-15,51.600000000000044,180.0,0.0,174.4660155515003
39230.0,6828136.99999996,1.2993521238826412e-15,51.60000000000005,180.0,0.0,175.1071338624518
39240.0,6828136.9999999525,1.8743681964639583e-15,51.600000000000044,180.0,0.0,175.74825217340324
39250.0,6828136.999999942,2.496303659419311e-15,51.600000000000044,180.0,0.0,176.3893704843547
39260.0,6828136.999999922,3.773327154414804e-15,51.600000000000044,180.0,0.0,177.03048879530616
39270.0,6828136.9999999665,9.331973322900803e-16,51.600000000000044,180.0,0.0,177.6716071062576
39280.0,6828137.000000029,3.4673863409303995e-15,51.60000000000005,180.0,0.0,178.31272541720898
39290.0,6828136.999999958,1.5286308715523114e-15,51.60000000000005,180.0,0.0,178.9538437281603
39300.0,6828136.9999999525,1.8785918982152752e-15,51.600000000000044,180.0,0.0,179.59496203911166
39310.0,6828136.999999944,2.367246751470039e-15,51.600000000000044,180.0,0.0,179.76391964993564
39320.0,6828136.999999923,3.5086675486902585e-15,51.60000000000005,180.0,0.0,179.1228013389856
39330.0,6828136.9999999665,8.815906716386054e-16,51.600000000000044,180.0,0.0,178.48168302803376
39340.0,6828137.000000029,3.4630354037909275e-15,51.600000000000044,180.0,0.0,177.84056471708246
39350.0,6828136.999999956,1.6449775190052555e-15,51.600000000000044,180.0,0.0,177.19944640613113
39360.0,6828136.999999951,2.00202127954756e-15,51.600000000000044,180.0,0.0,176.55832809517972
39370.0,6828136.999999944,2.3787835794531677e-15,51.600000000000044,180.0,0.0,175.91720978422822
39380.0,6828136.999999923,3.665017666146997e-15,51.600000000000044,180.0,0.0,175.27609147327667
39390.0,6828136.9999999665,1.1907442980109676e-15,51.600000000000044,180.0,0.0,174.63497316232525
39400.0,6828137.000000029,3.3877948369017923e-15,51.60000000000005,180.0,0.0,173.99385485137392
39410.0,6828136.99999996,1.4876424308497858e-15,51.600000000000044,180.0,0.0,173.35273654042254
39420.0,6828136.999999954,1.8274784887126316e-15,51.60000000000005,180.0,0.0,172.71161822947096
39430.0,6828136.999999944,2.545852865208994e-15,51.600000000000044,180.0,0.0,172.07049991851957
39440.0,6828136.999999925,3.554897366095088e-15,51.600000000000044,180.0,0.0,171.42938160756816
39450.0,6828136.9999999665,1.1289787642589157e-15,51.60000000000005,180.0,0.0,170.78826329661675
39460.0,6828137.000000027,3.1047192445376504e-15,51.600000000000044,180.0,0.0,170.14714498566534
39470.0,6828136.999999958,1.7042504989539937e-15,51.60000000000005,180.0,0.0,169.50602667471395
39480.0,6828136.9999999525,2.048681474099757e-15,51.60000000000005,180.0,0.0,168.86490836376248
39490.0,6828136.999999942,2.7871679670067054e-15,51.600000000000044,180.0,0.0,168.22379005281104
39500.0,6828136.999999923,3.799780732234666e-15,51.600000000000044,180.0,0.0,167.58267174185957
39510.0,6828136.9999999665,1.0906610286391846e-15,51.600000000000044,180.0,0.0,166.94155343090816
39520.0,6828137.000000031,3.460052517584834e-15,51.600000000000044,180.0,0.0,166.30043511995675
39530.0,6828136.999999958,1.635425158404067e-15,51.600000000000044,180.0,0.0,165.65931680900533
39540.0,6828136.999999954,1.8759926330710235e-15,51.600000000000044,180.0,0.0,165.01819849805386
39550.0,6828136.999999944,2.494671706212108e-15,51.600000000000044,180.0,0.0,164.37708018710245
39560.0,6828136.999999922,4.009011944441583e-15,51.600000000000044,180.0,0.0,163.73596187615104
39570.0,6828136.9999999665,1.0571104822975553e-15,51.60000000000005,180.0,0.0,163.09484356519954
39580.0,6828137.000000031,3.4589064643981325e-15,51.600000000000044,180.0,0.0,162.45372525424813
39590.0,6828136.999999959,1.6041950721034726e-15,51.600000000000044,180.0,0.0,161.81260694329674
39600.0,6828136.999999954,1.8391600930726488e-15,51.600000000000044,180.0,0.0,161.1714886323453
39610.0,6828136.999999944,2.6043566171558206e-15,51.600000000000044,180.0,0.0,160.53037032139386
39620.0,6828136.999999925,3.7729134715856185e-15,51.60000000000005,180.0,0.0,159.88925201044245
39630.0,6828136.999999968,9.169823767357533e-16,51.600000000000044,180.0,0.0,159.248133699491
39640.0,6828137.000000031,3.457850231237609e-15,51.600000000000044,180.0,0.0,158.60701538853957
39650.0,6828136.99999996,1.4834080695444825e-15,51.60000000000005,180.0,0.0,157.96589707758812
39660.0,6828136.999999954,1.8442533392807045e-15,51.600000000000044,180.0,0.0,157.3247787666367
39670.0,6828136.999999946,2.452160405953278e-15,51.600000000000044,180.0,0.0,156.6836604556853
39680.0,6828136.999999926,3.6146135204713325e-15,51.600000000000044,180.0,0.0,156.04254214473383
39690.0,6828136.999999968,8.713347710584916e-16,51.600000000000044,180.0,0.0,155.40142383378242
39700.0,6828137.000000029,3.2065410838754623e-15,51.600000000000044,180.0,0.0,154.76030552283098
39710.0,6828136.99999996,1.5156255570480477e-15,51.600000000000044,180.0,0.0,154.11918721187953
39720.0,6828136.999999954,1.869138194119645e-15,51.60000000000005,180.0,0.0,153.4780689009281
39730.0,6828136.999999944,2.603297857046189e-15,51.600000000000044,180.0,0.0,152.8369505899767
39740.0,6828136.999999928,3.366825520030512e-15,51.600000000000044,180.0,0.0,152.19583227902527
39750.0,6828136.999999968,9.53814469209382e-16,51.600000000000044,180.0,0.0,151.55471396807386
39760.0,6828137.000000027,2.9550429264291638e-15,51.600000000000044,180.0,0.0,150.9135956571224
39770.0,6828136.999999959,1.619224936678014e-15,51.600000000000044,180.0,0.0,150.27247734617097
39780.0,6828136.999999953,1.977395467646155e-15,51.600000000000044,180.0,0.0,149.63135903521956
39790.0,6828136.99999995,2.2332707151076822e-15,51.600000000000044,180.0,0.0,148.9902407242681
39800.0,6828136.999999925,3.749362012460712e-15,51.60000000000005,180.0,0.0,148.34912241331668
39810.0,6828136.999999968,8.785710792656827e-16,51.60000000000005,180.0,0.0,147.70800410236524
39820.0,6828137.000000029,3.0672751758305223e-15,51.600000000000044,180.0,0.0,147.06688579141382
39830.0,6828136.999999959,1.5992852645254158e-15,51.60000000000005,180.0,0.0,146.4257674804624
39840.0,6828136.999999955,1.854315256022188e-15,51.60000000000005,180.0,0.0,145.78464916951094
39850.0,6828136.999999945,2.5958492258413216e-15,51.600000000000044,180.0,0.0,145.14353085855953
39860.0,6828136.999999926,3.608927076479261e-15,51.600000000000044,180.0,0.0,144.50241254760806
39870.0,6828136.999999968,8.526330960010015e-16,51.600000000000044,180.0,0.0,143.86129423665668
39880.0,6828137.000000031,3.1955733197326805e-15,51.600000000000044,180.0,0.0,143.22017592570526
39890.0,6828136.999999963,1.3414740306481251e-15,51.600000000000044,180.0,0.0,142.5790576147538
39900.0,6828136.999999955,1.9619601120265356e-15,51.600000000000044,180.0,0.0,141.93793930380238
39910.0,6828136.999999945,2.5894159922661746e-15,51.600000000000044,180.0,0.0,141.29682099285094
39920.0,6828136.999999925,3.889348087444547e-15,51.600000000000044,180.0,0.0,140.6557026818995
39930.0,6828136.999999969,9.577575310358661e-16,51.600000000000044,180.0,0.0,140.01458437094806
39940.0,6828137.000000029,3.0738075004441877e-15,51.600000000000044,180.0,0.0,139.37346605999664
39950.0,6828136.999999961,1.446226694699581e-15,51.600000000000044,180.0,0.0,138.73234774904523
39960.0,6828136.999999955,1.8168719238230877e-15,51.600000000000044,180.0,0.0,138.0912294380938
39970.0,6828136.999999949,2.3331977124019084e-15,51.600000000000044,180.0,0.0,137.45011112714235
39980.0,6828136.999999925,3.866117485059798e-15,51.60000000000005,180.0,0.0,136.8089928161909
39990.0,6828136.999999967,1.0158009863325488e-15,51.60000000000005,180.0,0.0,136.16787450523947
40000.0,6828137.000000029,2.937161740943115e-15,51.600000000000044,180.0,0.0,135.52675619428803
40010.0,6828136.999999961,1.6039324840501148e-15,51.600000000000044,180.0,0.0,134.88563788333664
40020.0,6828136.999999953,2.077249353229125e-15,51.600000000000044,180.0,0.0,134.24451957238523
40030.0,6828136.999999949,2.3138889782620093e-15,51.600000000000044,180.0,0.0,133.6034012614338
40040.0,6828136.999999925,3.863896736926699e-15,51.60000000000005,180.0,0.0,132.96228295048235
40050.0,6828136.999999967,1.007840710803998e-15,51.600000000000044,180.0,0.0,132.3211646395309
40060.0,6828137.000000031,3.196165310686641e-15,51.600000000000044,180.0,0.0,131.68004632857946
40070.0,6828136.999999959,1.6980376944416232e-15,51.600000000000044,180.0,0.0,131.03892801762805
40080.0,6828136.999999955,1.9319937076193387e-15,51.60000000000005,180.0,0.0,130.3978097066766
40090.0,6828136.999999949,2.329089167227169e-15,51.600000000000044,180.0,0.0,129.7566913957252
40100.0,6828136.999999923,4.1166460571943194e-15,51.60000000000005,180.0,0.0,129.11557308477379
40110.0,6828136.999999969,9.138427894061857e-16,51.600000000000065,180.0,0.0,128.47445477382232
40120.0,6828137.000000029,2.9436801153464335e-15,51.600000000000044,180.0,0.0,127.8333364628709
40130.0,6828136.999999961,1.568704728720324e-15,51.600000000000044,180.0,0.0,127.19221815191946
40140.0,6828136.999999957,1.6971607454886297e-15,51.600000000000044,180.0,0.0,126.55109984096804
40150.0,6828136.999999949,2.334248521829855e-15,51.600000000000044,180.0,0.0,125.9099815300166
40160.0,6828136.999999925,3.875138620866233e-15,51.600000000000044,180.0,0.0,125.26886321906515
40170.0,6828136.999999969,9.400623967521203e-16,51.600000000000044,180.0,0.0,124.62774490811374
40180.0,6828137.000000029,2.947142647199698e-15,51.600000000000044,180.0,0.0,123.98662659716231
40190.0,6828136.999999963,1.3249241213008264e-15,51.600000000000044,180.0,0.0,123.34550828621087
40200.0,6828136.999999955,1.9548817813509598e-15,51.600000000000044,180.0,0.0,122.70438997525946
40210.0,6828136.999999949,2.3274173700254214e-15,51.600000000000044,180.0,0.0,122.06327166430803
40220.0,6828136.999999925,3.866400783138661e-15,51.600000000000044,180.0,0.0,121.42215335335659
40230.0,6828136.999999967,1.0014494394754375e-15,51.600000000000044,180.0,0.0,120.78103504240515
40240.0,6828137.000000031,3.1983353693122607e-15,51.600000000000044,180.0,0.0,120.13991673145374
40250.0,6828136.999999961,1.5743325785978469e-15,51.600000000000044,180.0,0.0,119.49879842050228
40260.0,6828136.999999955,1.9505561576772115e-15,51.600000000000044,180.0,0.0,118.85768010955087
40270.0,6828136.999999947,2.581972449549948e-15,51.600000000000044,180.0,0.0,118.21656179859943
40280.0,6828136.999999925,3.989212665812913e-15,51.60000000000005,180.0,0.0,117.575443487648
40290.0,6828136.999999969,1.0438256536448747e-15,51.600000000000044,180.0,0.0,116.93432517669659
40300.0,6828137.000000031,3.0731222550713526e-15,51.600000000000044,180.0,0.0,116.29320686574515
40310.0,6828136.999999961,1.5953468739260157e-15,51.60000000000005,180.0,0.0,115.6520885547937
40320.0,6828136.999999957,1.845408815625015e-15,51.600000000000044,180.0,0.0,115.01097024384228
40330.0,6828136.999999949,2.4573933704797943e-15,51.600000000000044,180.0,0.0,114.36985193289085
40340.0,6828136.999999925,3.9904021717247165e-15,51.600000000000044,180.0,0.0,113.72873362193943
40350.0,6828136.999999969,1.0195076733338348e-15,51.60000000000005,180.0,0.0,113.087615310988
40360.0,6828137.000000029,2.9408456015480157e-15,51.600000000000044,180.0,0.0,112.44649700003657
40370.0,6828136.999999961,1.5807072266851472e-15,51.600000000000044,180.0,0.0,111.80537868908513
40380.0,6828136.999999955,1.9568844111399245e-15,51.600000000000044,180.0,0.0,111.1642603781337
40390.0,6828136.999999947,2.58534461953761e-15,51.600000000000044,180.0,0.0,110.52314206718228
40400.0,6828136.999999925,3.9895449477203715e-15,51.600000000000044,180.0,0.0,109.88202375623085
40410.0,6828136.999999971,7.696124789902946e-16,51.600000000000044,180.0,0.0,109.24090544527941
40420.0,6828137.000000031,3.0669582652542546e-15,51.600000000000044,180.0,0.0,108.59978713432798
40430.0,6828136.999999959,1.8327047089717702e-15,51.600000000000044,180.0,0.0,107.95866882337656
40440.0,6828136.999999955,1.948547204452156e-15,51.600000000000044,180.0,0.0,107.31755051242511
40450.0,6828136.999999949,2.4466432978327278e-15,51.600000000000044,180.0,0.0,106.67643220147369
40460.0,6828136.999999928,3.606156042052822e-15,51.600000000000065,180.0,0.0,106.03531389052227
40470.0,6828136.999999971,7.714592778130441e-16,51.600000000000044,180.0,0.0,105.39419557957083
40480.0,6828137.000000031,3.0652345366045457e-15,51.60000000000005,180.0,0.0,104.75307726861939
40490.0,6828136.999999963,1.316900816136827e-15,51.60000000000005,180.0,0.0,104.11195895766797
40500.0,6828136.999999957,1.814549671925318e-15,51.600000000000044,180.0,0.0,103.47084064671654
40510.0,6828136.999999952,2.070043853083448e-15,51.60000000000005,180.0,0.0,102.82972233576511
40520.0,6828136.999999928,3.608644987490869e-15,51.60000000000005,180.0,0.0,102.18860402481367
40530.0,6828136.999999969,1.0167853015831921e-15,51.600000000000044,180.0,0.0,101.54748571386224
40540.0,6828137.000000031,3.0678130616178684e-15,51.60000000000005,180.0,0.0,100.90636740291082
40550.0,6828136.999999963,1.443332743585348e-15,51.600000000000044,180.0,0.0,100.26524909195938
40560.0,6828136.999999957,1.8173595728229806e-15,51.600000000000044,180.0,0.0,99.62413078100795
40570.0,6828136.999999952,2.0859758721633997e-15,51.60000000000005,180.0,0.0,98.98301247005652
40580.0,6828136.99999993,3.4980513505921567e-15,51.600000000000044,180.0,0.0,98.34189415910508
40590.0,6828136.999999975,6.778427149683411e-16,51.60000000000005,180.0,0.0,97.70077584815364
40600.0,6828137.0000000335,3.451413923478928e-15,51.60000000000005,180.0,0.0,97.05965753720224
40610.0,6828136.999999964,1.3140060370392115e-15,51.600000000000044,180.0,0.0,96.4185392262508
40620.0,6828136.999999961,1.4372655746293428e-15,51.60000000000005,180.0,0.0,95.77742091529936
40630.0,6828136.999999952,2.0636031523328566e-15,51.60000000000005,180.0,0.0,95.13630260434793
40640.0,6828136.99999993,3.4704523676541953e-15,51.600000000000044,180.0,0.0,94.4951842933965
40650.0,6828136.999999976,4.3983611320472275e-16,51.60000000000005,180.0,0.0,93.85406598244508
40660.0,6828137.000000032,3.1923931026288167e-15,51.60000000000005,180.0,0.0,93.21294767149364
40670.0,6828136.999999964,1.3214984598284334e-15,51.600000000000044,180.0,0.0,92.57182936054222
40680.0,6828136.999999959,1.6874738586870188e-15,51.60000000000005,180.0,0.0,91.93071104959078
40690.0,6828136.999999952,2.062645497856249e-15,51.60000000000005,180.0,0.0,91.28959273863936
40700.0,6828136.99999993,3.4677049121534895e-15,51.600000000000044,180.0,0.0,90.64847442768793
40710.0,6828136.999999977,4.490875904619964e-16,51.60000000000005,180.0,0.0,90.0073561167365
40720.0,6828137.0000000335,3.3216045718282677e-15,51.600000000000044,180.0,0.0,89.36623780578508
40730.0,6828136.999999966,1.2063418237664224e-15,51.600000000000044,180.0,0.0,88.72511949483363
40740.0,6828136.999999959,1.6952321854291878e-15,51.60000000000005,180.0,0.0,88.08400118388221
40750.0,6828136.999999953,1.949460217424742e-15,51.60000000000005,180.0,0.0,87.44288287293078
40760.0,6828136.999999932,3.3614454467684296e-15,51.600000000000044,180.0,0.0,86.80176456197934
40770.0,6828136.999999975,6.553988005217688e-16,51.60000000000005,180.0,0.0,86.1606462510279
40780.0,6828137.000000035,3.583418849289083e-15,51.600000000000044,180.0,0.0,85.51952794007649
40790.0,6828136.999999966,1.2204595404358729e-15,51.600000000000044,180.0,0.0,84.87840962912506
40800.0,6828136.999999961,1.5837090899472804e-15,51.600000000000044,180.0,0.0,84.23729131817362
40810.0,6828136.999999953,1.963579394135678e-15,51.60000000000005,180.0,0.0,83.59617300722219
40820.0,6828136.999999932,3.37126243537786e-15,51.600000000000044,180.0,0.0,82.95505469627076
40830.0,6828136.999999977,5.55778956020412e-16,51.60000000000005,180.0,0.0,82.31393638531934
40840.0,6828137.0000000335,3.321885966525138e-15,51.600000000000044,180.0,0.0,81.67281807436791
40850.0,6828136.999999966,1.1999719489250103e-15,51.60000000000005,180.0,0.0,81.03169976341648
40860.0,6828136.999999961,1.5700318298634796e-15,51.600000000000044,180.0,0.0,80.39058145246504
40870.0,6828136.999999953,1.9417250720666103e-15,51.60000000000005,180.0,0.0,79.74946314151362
40880.0,6828136.999999932,3.3590788893967975e-15,51.600000000000044,180.0,0.0,79.10834483056217
40890.0,6828136.999999978,5.159769140840072e-16,51.60000000000005,180.0,0.0,78.46722651961076
40900.0,6828137.0000000335,3.3271001709511915e-15,51.600000000000044,180.0,0.0,77.82610820865932
40910.0,6828136.999999966,1.2294533840541422e-15,51.60000000000005,180.0,0.0,77.18498989770788
40920.0,6828136.999999961,1.5865529865204962e-15,51.600000000000044,180.0,0.0,76.54387158675647
40930.0,6828136.999999955,1.8250801832208812e-15,51.60000000000005,180.0,0.0,75.90275327580504
40940.0,6828136.999999932,3.3496216775680545e-15,51.600000000000044,180.0,0.0,75.2616349648536
40950.0,6828136.999999978,4.869994362251895e-16,51.600000000000044,180.0,0.0,74.62051665390216
40960.0,6828137.000000037,3.580002035300864e-15,51.600000000000044,180.0,0.0,73.97939834295076
40970.0,6828136.999999967,1.114738547560743e-15,51.60000000000005,180.0,0.0,73.33828003199932
40980.0,6828136.999999963,1.4704109394195374e-15,51.600000000000044,180.0,0.0,72.69716172104788
40990.0,6828136.999999957,1.7348815419034358e-15,51.60000000000005,180.0,0.0,72.05604341009645
41000.0,6828136.99999993,3.631413247313763e-15,51.600000000000044,180.0,0.0,71.41492509914502
41010.0,6828136.9999999795,6.02607361436765e-16,51.60000000000005,180.0,0.0,70.77380678819358
41020.0,6828137.000000039,3.845505176043924e-15,51.600000000000044,180.0,0.0,70.13268847724216
41030.0,6828136.999999969,9.220240203240323e-16,51.60000000000005,180.0,0.0,69.49157016629073
41040.0,6828136.999999963,1.5012141672188687e-15,51.60000000000005,180.0,0.0,68.85045185533929
41050.0,6828136.999999955,1.8813280922086805e-15,51.600000000000044,180.0,0.0,68.20933354438786
41060.0,6828136.999999932,3.505350059867862e-15,51.600000000000044,180.0,0.0,67.56821523343643
41070.0,6828136.9999999795,5.225889796024361e-16,51.60000000000005,180.0,0.0,66.927096922485
41080.0,6828137.000000037,3.577740932221788e-15,51.600000000000044,180.0,0.0,66.2859786115336
41090.0,6828136.999999966,1.3581885217210935e-15,51.60000000000005,180.0,0.0,65.64486030058215
41100.0,6828136.999999963,1.4628419736208889e-15,51.600000000000044,180.0,0.0,65.00374198963073
41110.0,6828136.999999957,1.7243708943679077e-15,51.600000000000044,180.0,0.0,64.3626236786793
41120.0,6828136.999999934,3.241843157298407e-15,51.600000000000044,180.0,0.0,63.72150536772786
41130.0,6828136.9999999795,5.386249798273183e-16,51.60000000000005,180.0,0.0,63.08038705677644
41140.0,6828137.000000037,3.578949498136804e-15,51.600000000000044,180.0,0.0,62.439268745825
41150.0,6828136.999999969,1.0643164880160785e-15,51.60000000000005,180.0,0.0,61.79815043487356
41160.0,6828136.999999964,1.3691727987715077e-15,51.600000000000044,180.0,0.0,61.15703212392214
41170.0,6828136.999999955,1.9866982099573416e-15,51.600000000000044,180.0,0.0,60.515913812970716
41180.0,6828136.999999932,3.5008656673396526e-15,51.600000000000044,180.0,0.0,59.87479550201928
41190.0,6828136.999999978,5.58242000492571e-16,51.60000000000005,180.0,0.0,59.233677191067855
41200.0,6828137.000000037,3.582100609242717e-15,51.600000000000044,180.0,0.0,58.59255888011642
41210.0,6828136.999999969,1.0430913713593e-15,51.600000000000065,180.0,0.0,57.95144056916498
41220.0,6828136.999999966,1.2519798157975184e-15,51.600000000000044,180.0,0.0,57.31032225821356
41230.0,6828136.999999955,1.984444850847753e-15,51.600000000000044,180.0,0.0,56.669203947262126
41240.0,6828136.999999934,3.39872316483263e-15,51.600000000000044,180.0,0.0,56.028085636310706
41250.0,6828136.9999999795,6.557154055050762e-16,51.60000000000005,180.0,0.0,55.38696732535927
41260.0,6828137.000000037,3.4730555460320455e-15,51.600000000000044,180.0,0.0,54.745849014407845
41270.0,6828136.999999971,1.0343775695841197e-15,51.60000000000005,180.0,0.0,54.10473070345642
41280.0,6828136.999999964,1.5226336124777882e-15,51.600000000000044,180.0,0.0,53.463612392504984
41290.0,6828136.999999955,2.149874675087408e-15,51.600000000000044,180.0,0.0,52.82249408155356
41300.0,6828136.999999935,3.3889182580581765e-15,51.600000000000044,180.0,0.0,52.18137577060212
41310.0,6828136.999999978,8.83494905922189e-16,51.60000000000005,180.0,0.0,51.54025745965068
41320.0,6828137.000000037,3.507840075481881e-15,51.600000000000044,180.0,0.0,50.899139148699255
41330.0,6828136.999999971,1.1610621961960932e-15,51.60000000000005,180.0,0.0,50.25802083774783
41340.0,6828136.999999963,1.8143696673444295e-15,51.600000000000044,180.0,0.0,49.6169025267964
41350.0,6828136.999999955,2.1867596280918773e-15,51.600000000000065,180.0,0.0,48.97578421584495
41360.0,6828136.999999935,3.4075658747512456e-15,51.60000000000005,180.0,0.0,48.33466590489354
41370.0,6828136.999999978,8.88495757500588e-16,51.600000000000065,180.0,0.0,47.69354759394209
41380.0,6828137.000000036,3.219832599760414e-15,51.600000000000044,180.0,0.0,47.05242928299067
41390.0,6828136.999999969,1.421985687073745e-15,51.60000000000005,180.0,0.0,46.41131097203925
41400.0,6828136.999999963,1.7667703860042641e-15,51.60000000000005,180.0,0.0,45.77019266108781
41410.0,6828136.999999953,2.375355147088496e-15,51.60000000000005,180.0,0.0,45.129074350136385
41420.0,6828136.999999933,3.652102081728096e-15,51.600000000000044,180.0,0.0,44.48795603918496
41430.0,6828136.9999999795,6.868140838246511e-16,51.600000000000065,180.0,0.0,43.84683772823353
41440.0,6828137.000000035,3.2102208739177816e-15,51.600000000000044,180.0,0.0,43.20571941728208
41450.0,6828136.999999967,1.5286727846652232e-15,51.60000000000005,180.0,0.0,42.56460110633066
41460.0,6828136.999999961,2.02088535942232e-15,51.600000000000044,180.0,0.0,41.923482795379236
41470.0,6828136.999999955,2.2585183280435285e-15,51.600000000000044,180.0,0.0,41.2823644844278
41480.0,6828136.999999935,3.5410404304722295e-15,51.600000000000044,180.0,0.0,40.64124617347639
41490.0,6828136.999999977,1.142308689151637e-15,51.600000000000044,180.0,0.0,40.00012786252495
41500.0,6828137.000000034,3.1062654346422866e-15,51.600000000000044,180.0,0.0,39.359009551573514
41510.0,6828136.999999967,1.5782394884573238e-15,51.600000000000044,180.0,0.0,38.71789124062209
41520.0,6828136.999999959,2.270442362579707e-15,51.600000000000044,180.0,0.0,38.07677292967066
41530.0,6828136.999999953,2.5152720449523173e-15,51.60000000000005,180.0,0.0,37.43565461871925
41540.0,6828136.999999935,3.5291986089256417e-15,51.600000000000044,180.0,0.0,36.79453630776781
41550.0,6828136.999999977,1.0468435153877573e-15,51.60000000000005,180.0,0.0,36.15341799681638
41560.0,6828137.000000038,3.381328127606504e-15,51.600000000000044,180.0,0.0,35.51229968586495
41570.0,6828136.999999969,1.4775965435932368e-15,51.600000000000044,180.0,0.0,34.871181374913526
41580.0,6828136.999999959,2.2486555222938093e-15,51.600000000000044,180.0,0.0,34.23006306396209
41590.0,6828136.999999953,2.524031290432046e-15,51.60000000000005,180.0,0.0,33.58894475301068
41600.0,6828136.999999933,3.808282271620522e-15,51.600000000000044,180.0,0.0,32.94782644205923
41610.0,6828136.999999977,1.2886197750918235e-15,51.600000000000044,180.0,0.0,32.30670813110779
41620.0,6828137.000000038,3.4250213724793787e-15,51.600000000000044,180.0,0.0,31.665589820156377
41630.0,6828136.999999967,1.7991988077979594e-15,51.600000000000044,180.0,0.0,31.02447150920494
41640.0,6828136.999999963,2.136466034423803e-15,51.600000000000044,180.0,0.0,30.383353198253527
41650.0,6828136.999999955,2.5000470260282074e-15,51.600000000000044,180.0,0.0,29.742234887302086
41660.0,6828136.999999935,3.6135872338622844e-15,51.600000000000044,180.0,0.0,29.101116576350638
41670.0,6828136.999999978,1.2790939499085412e-15,51.60000000000005,180.0,0.0,28.45999826539922
41680.0,6828137.000000038,3.3678323650085312e-15,51.600000000000044,180.0,0.0,27.818879954447777
41690.0,6828136.999999969,1.5975463650305429e-15,51.60000000000005,180.0,0.0,27.177761643496364
41700.0,6828136.999999966,1.8404998384708356e-15,51.600000000000044,180.0,0.0,26.536643332544937
41710.0,6828136.999999955,2.557885618334045e-15,51.600000000000044,180.0,0.0,25.895525021593503
41720.0,6828136.999999933,3.937801892630149e-15,51.600000000000044,180.0,0.0,25.254406710642062
41730.0,6828136.999999981,1.0199336718102495e-15,51.60000000000005,180.0,0.0,24.61328839969064
41740.0,6828137.000000038,3.2659375027288742e-15,51.60000000000005,180.0,0.0,23.97217008873921
41750.0,6828136.999999973,1.4529792825295055e-15,51.60000000000005,180.0,0.0,23.331051777787803
41760.0,6828136.999999966,1.857050281477307e-15,51.600000000000044,180.0,0.0,22.689933466836344
41770.0,6828136.999999957,2.4715375000900066e-15,51.600000000000044,180.0,0.0,22.048815155884938
41780.0,6828136.999999936,3.582410030232704e-15,51.60000000000005,180.0,0.0,21.40769684493351
41790.0,6828136.999999978,1.0467829718057834e-15,51.60000000000005,180.0,0.0,20.766578533982067
41800.0,6828137.000000042,3.466946516707586e-15,51.600000000000044,180.0,0.0,20.125460223030636
41810.0,6828136.999999971,1.5615997078668685e-15,51.600000000000044,180.0,0.0,19.484341912079213
41820.0,6828136.999999964,2.0075411723277842e-15,51.600000000000044,180.0,0.0,18.84322360112777
41830.0,6828136.999999957,2.3777878012745802e-15,51.60000000000005,180.0,0.0,18.202105290176345
41840.0,6828136.999999933,4.011316341087793e-15,51.600000000000044,180.0,0.0,17.56098697922494
41850.0,6828136.999999978,1.0547928150757877e-15,51.600000000000044,180.0,0.0,16.919868668273505
41860.0,6828137.000000036,2.94564138704826e-15,51.600000000000044,180.0,0.0,16.278750357322057
41870.0,6828136.999999971,1.4942013407451833e-15,51.600000000000065,180.0,0.0,15.637632046370644
41880.0,6828136.999999963,2.2393968751788516e-15,51.600000000000044,180.0,0.0,14.996513735419166
41890.0,6828136.999999955,2.604385776298757e-15,51.600000000000044,180.0,0.0,14.355395424467764
41900.0,6828136.999999935,3.742001159809215e-15,51.60000000000005,180.0,0.0,13.71427711351634
41910.0,6828136.999999978,1.0026867462623864e-15,51.600000000000044,180.0,0.0,13.073158802564906
41920.0,6828137.000000034,2.6918955327873282e-15,51.60000000000005,180.0,0.0,12.432040491613495
41930.0,6828136.999999969,1.7342055224612193e-15,51.60000000000005,180.0,0.0,11.790922180662069
41940.0,6828136.999999963,2.2235932804986876e-15,51.60000000000005,180.0,0.0,11.149803869710597
41950.0,6828136.999999955,2.608176693428749e-15,51.60000000000005,180.0,0.0,10.508685558759206
41960.0,6828136.999999935,3.8871803772105706e-15,51.60000000000005,180.0,0.0,9.867567247807777
41970.0,6828136.999999978,1.0976846366373945e-15,51.600000000000044,180.0,0.0,9.22644893685634
41980.0,6828137.000000034,2.703634161404128e-15,51.600000000000044,180.0,0.0,8.58533062590486
41990.0,6828136.999999969,1.7411735104690299e-15,51.600000000000044,180.0,0.0,7.944212314953514
42000.0,6828136.999999963,2.2302444745264418e-15,51.600000000000044,180.0,0.0,7.30309400400204
42010.0,6828136.999999953,2.8570806045546665e-15,51.60000000000005,180.0,0.0,6.661975693050622
42020.0,6828136.999999931,4.246314981346807e-15,51.600000000000044,180.0,0.0,6.020857382099228
42030.0,6828136.999999978,9.410732430641262e-16,51.600000000000044,180.0,0.0,5.379739071147767
42040.0,6828137.000000034,2.6809567247486017e-15,51.600000000000044,180.0,0.0,355.2613792398037
42050.0,6828136.9999999665,1.9316437875918854e-15,51.60000000000005,180.0,0.0,4.0975024492449235
42060.0,6828136.999999959,2.4368738515740558e-15,51.600000000000044,180.0,0.0,3.456384138293383
42070.0,6828136.999999953,2.819927372314271e-15,51.600000000000065,180.0,0.0,2.8152658273420705
42080.0,6828136.999999933,4.112013313240136e-15,51.60000000000005,180.0,0.0,2.1741475163907875
42090.0,6828136.999999977,1.2873625725977839e-15,51.600000000000065,180.0,0.0,1.5330292054392824
42100.0,6828137.000000038,2.9558398884290623e-15,51.60000000000005,180.0,0.0,0.8919108944877259
42110.0,6828136.999999968,1.839746231992984e-15,51.600000000000044,180.0,0.0,0.25079258353763645
42120.0,6828136.999999962,2.3337942955008533e-15,51.600000000000044,180.0,0.0,0.3903257274152201
42130.0,6828136.999999955,2.7120329201306147e-15,51.60000000000005,180.0,0.0,1.0314440383669863
42140.0,6828136.999999933,4.123237941621476e-15,51.600000000000044,180.0,0.0,1.6725623493179758
42150.0,6828136.999999977,1.2881965531951526e-15,51.600000000000065,180.0,0.0,2.3136806602695787
42160.0,6828137.000000038,2.8250196029449045e-15,51.60000000000005,180.0,0.0,2.9547989712208027
42170.0,6828136.999999968,1.851393816389973e-15,51.60000000000005,180.0,0.0,3.595917282172167
42180.0,6828136.999999965,2.090955223982972e-15,51.600000000000044,180.0,0.0,4.2370355931237365
42190.0,6828136.999999955,2.707770848255931e-15,51.60000000000005,180.0,0.0,4.878153904075149
42200.0,6828136.999999931,4.361397748032228e-15,51.600000000000044,180.0,0.0,5.519272215026582
42210.0,6828136.9999999795,9.42017173171483e-16,51.60000000000005,180.0,0.0,6.160390525978026
42220.0,6828137.000000038,2.8081113627804286e-15,51.600000000000044,180.0,0.0,6.801508836929386
42230.0,6828136.9999999665,2.0709156906168937e-15,51.60000000000005,180.0,0.0,7.4426271478807955
42240.0,6828136.999999962,2.4429062602429202e-15,51.600000000000044,180.0,0.0,8.083745458832219
42250.0,6828136.9999999525,2.9430138876759777e-15,51.60000000000005,180.0,0.0,8.72486376978365
42260.0,6828136.999999933,4.092929296093802e-15,51.600000000000044,180.0,0.0,9.365982080735128
42270.0,6828136.999999977,1.1651130359567267e-15,51.600000000000044,180.0,0.0,10.007100391686494
42280.0,6828137.000000038,2.8079667791252755e-15,51.600000000000044,180.0,0.0,10.64821870263794
42290.0,6828136.99999997,1.6848556055700864e-15,51.600000000000044,180.0,0.0,11.289337013589424
42300.0,6828136.999999963,2.3131311470567347e-15,51.600000000000044,180.0,0.0,11.930455324540869
42310.0,6828136.999999955,2.696215780646875e-15,51.600000000000044,180.0,0.0,12.571573635492234
42320.0,6828136.999999933,4.235359845803646e-15,51.600000000000044,180.0,0.0,13.212691946443716
42330.0,6828136.999999979,1.0787703682878099e-15,51.600000000000044,180.0,0.0,13.853810257395118
42340.0,6828137.000000038,2.6811639300062253e-15,51.600000000000044,180.0,0.0,345.50507143165345
42350.0,6828136.9999999665,2.0451966957625054e-15,51.60000000000005,180.0,0.0,15.136046879297961
42360.0,6828136.999999963,2.303375739359241e-15,51.600000000000044,180.0,0.0,15.777165190249416
42370.0,6828136.999999954,2.8103116305663487e-15,51.600000000000044,180.0,0.0,16.41828350120084
42380.0,6828136.999999933,4.221161585001991e-15,51.600000000000044,180.0,0.0,17.05940181215223
42390.0,6828136.999999977,1.1850359327860719e-15,51.600000000000044,180.0,0.0,17.7005201231037
42400.0,6828137.000000036,2.5526485830047002e-15,51.600000000000044,180.0,0.0,341.65836156594486
42410.0,6828136.999999968,1.918349216095769e-15,51.600000000000044,180.0,0.0,18.982756745006533
42420.0,6828136.999999965,2.0454131358765776e-15,51.600000000000044,180.0,0.0,19.62387505595799
42430.0,6828136.9999999525,2.9384508293551576e-15,51.60000000000005,180.0,0.0,20.26499336690938
42440.0,6828136.999999931,4.3445932695598535e-15,51.600000000000044,180.0,0.0,20.90611167786082
42450.0,6828136.999999976,1.286158955730308e-15,51.600000000000044,180.0,0.0,21.54722998881224
42460.0,6828137.000000038,2.813479284267899e-15,51.600000000000044,180.0,0.0,337.8116517002363
42470.0,6828136.999999968,1.786830864603497e-15,51.600000000000044,180.0,0.0,22.829466610715127
42480.0,6828136.999999965,2.0421186978443626e-15,51.600000000000044,180.0,0.0,336.52941507833344
42490.0,6828136.999999955,2.6810130954251664e-15,51.600000000000044,180.0,0.0,335.888296767382
42500.0,6828136.999999931,4.339489522624923e-15,51.600000000000044,180.0,0.0,335.2471784564306
42510.0,6828136.999999979,1.0216481183108706e-15,51.60000000000005,180.0,0.0,334.60606014547915
42520.0,6828137.00000004,2.947516830685237e-15,51.60000000000005,180.0,0.0,333.96494183452774
42530.0,6828136.999999968,1.7893098161188764e-15,51.60000000000005,180.0,0.0,333.3238235235763
42540.0,6828136.999999965,2.0462200598541577e-15,51.600000000000044,180.0,0.0,332.68270521262485
42550.0,6828136.999999954,2.809850751864764e-15,51.600000000000044,180.0,0.0,332.0415869016735
42560.0,6828136.999999933,4.212693393415159e-15,51.600000000000044,180.0,0.0,331.400468590722
42570.0,6828136.999999978,1.0215237933105406e-15,51.60000000000005,180.0,0.0,330.7593502797706
42580.0,6828137.000000038,2.815851836774068e-15,51.600000000000044,180.0,0.0,330.11823196881915
42590.0,6828136.999999968,1.7885241649125597e-15,51.60000000000005,180.0,0.0,329.47711365786773
42600.0,6828136.999999965,2.049912866165858e-15,51.600000000000044,180.0,0.0,328.8359953469163
42610.0,6828136.999999954,2.809065302009466e-15,51.600000000000044,180.0,0.0,328.1948770359649
42620.0,6828136.999999931,4.339681062683328e-15,51.600000000000044,180.0,0.0,32.44624127498655
42630.0,6828136.9999999795,8.958393623287555e-16,51.600000000000044,180.0,0.0,326.912640414062
42640.0,6828137.000000038,2.8242909943679124e-15,51.600000000000044,180.0,0.0,326.2715221031106
42650.0,6828136.999999968,1.9155028001806026e-15,51.60000000000005,180.0,0.0,325.63040379215914
42660.0,6828136.999999965,2.0465946945979313e-15,51.600000000000044,180.0,0.0,324.98928548120773
42670.0,6828136.999999955,2.68536602236019e-15,51.600000000000044,180.0,0.0,324.3481671702563
42680.0,6828136.999999935,3.9580126080907524e-15,51.600000000000044,180.0,0.0,323.70704885930485
42690.0,6828136.999999979,1.0327893518823912e-15,51.60000000000005,180.0,0.0,323.06593054835344
42700.0,6828137.000000042,3.2408379504271875e-15,51.600000000000044,180.0,0.0,322.424812237402
42710.0,6828136.999999971,1.5364949786973352e-15,51.600000000000044,180.0,0.0,321.7836939264506
42720.0,6828136.999999966,1.9187052316420266e-15,51.600000000000044,180.0,0.0,321.14257561549914
42730.0,6828136.999999955,2.6905391965204622e-15,51.600000000000044,180.0,0.0,320.5014573045477
42740.0,6828136.999999933,4.2165306917222425e-15,51.600000000000044,180.0,0.0,319.8603389935963
42750.0,6828136.999999977,1.186485739356935e-15,51.600000000000044,180.0,0.0,319.21922068264485
42760.0,6828137.00000004,3.003342349055924e-15,51.600000000000044,180.0,0.0,318.5781023716935
42770.0,6828136.99999997,1.683099439409079e-15,51.60000000000005,180.0,0.0,317.936984060742
42780.0,6828136.999999965,2.055810323377866e-15,51.600000000000044,180.0,0.0,317.2958657497906
42790.0,6828136.999999954,2.822194172159808e-15,51.600000000000044,180.0,0.0,316.65474743883914
42800.0,6828136.999999933,4.085931143198167e-15,51.600000000000044,180.0,0.0,316.0136291278877
42810.0,6828136.999999978,1.063630151037164e-15,51.600000000000044,180.0,0.0,315.3725108169363
42820.0,6828137.000000042,3.231533356893619e-15,51.600000000000044,180.0,0.0,314.73139250598484
42830.0,6828136.999999971,1.567086612925744e-15,51.600000000000044,180.0,0.0,314.09027419503343
42840.0,6828136.999999966,1.955658365431396e-15,51.60000000000005,180.0,0.0,313.449155884082
42850.0,6828136.999999955,2.6999861344657028e-15,51.600000000000044,180.0,0.0,312.8080375731306
42860.0,6828136.999999933,4.2153166686935255e-15,51.600000000000044,180.0,0.0,312.16691926217914
42870.0,6828136.999999977,1.1861783518215337e-15,51.600000000000044,180.0,0.0,311.5258009512277
42880.0,6828137.00000004,3.140921297811225e-15,51.600000000000044,180.0,0.0,310.8846826402763
42890.0,6828136.999999971,1.6094791323230126e-15,51.600000000000044,180.0,0.0,310.24356432932484
42900.0,6828136.999999966,1.9877176108041024e-15,51.600000000000044,180.0,0.0,309.6024460183735
42910.0,6828136.999999957,2.47880916686126e-15,51.60000000000005,180.0,0.0,308.961327707422
42920.0,6828136.999999936,3.724746855228559e-15,51.600000000000044,180.0,0.0,308.3202093964706
42930.0,6828136.9999999795,9.241781878517037e-16,51.60000000000005,180.0,0.0,307.67909108551913
42940.0,6828137.000000044,3.702608723646305e-15,51.600000000000044,180.0,0.0,307.0379727745677
42950.0,6828136.999999973,1.4501650554295385e-15,51.600000000000044,180.0,0.0,306.39685446361625
42960.0,6828136.999999966,1.908094728074486e-15,51.60000000000005,180.0,0.0,305.75573615266484
42970.0,6828136.999999957,2.5061793778555938e-15,51.60000000000005,180.0,0.0,305.1146178417134
42980.0,6828136.999999936,3.6084059547425345e-15,51.600000000000044,180.0,0.0,304.473499530762
42990.0,6828136.999999981,7.160918505607709e-16,51.60000000000005,180.0,0.0,303.8323812198106
43000.0,6828137.000000045,3.932974514901866e-15,51.600000000000044,180.0,0.0,303.19126290885913
43010.0,6828136.999999973,1.369674107720098e-15,51.600000000000044,180.0,0.0,302.5501445979077
43020.0,6828136.999999967,1.6942862480062906e-15,51.600000000000044,180.0,0.0,301.90902628695625
43030.0,6828136.999999961,2.0393226347724492e-15,51.600000000000044,180.0,0.0,301.26790797600484
43040.0,6828136.999999938,3.372846807423299e-15,51.600000000000044,180.0,0.0,300.6267896650535
43050.0,6828136.9999999795,8.377155558328175e-16,51.600000000000044,180.0,0.0,299.985671354102
43060.0,6828137.000000042,3.5222188787794575e-15,51.60000000000005,180.0,0.0,299.3445530431506
43070.0,6828136.999999971,1.5069420346122301e-15,51.600000000000044,180.0,0.0,298.7034347321991
43080.0,6828136.999999966,1.7697091835329618e-15,51.600000000000044,180.0,0.0,298.0623164212477
43090.0,6828136.999999957,2.3872672879620145e-15,51.60000000000005,180.0,0.0,297.42119811029625
43100.0,6828136.999999936,3.4967924515952342e-15,51.600000000000044,180.0,0.0,296.78007979934483
43110.0,6828136.9999999795,1.0251297694029554e-15,51.600000000000044,180.0,0.0,296.1389614883934
43120.0,6828137.000000044,3.862766669520392e-15,51.60000000000005,180.0,0.0,295.49784317744195
43130.0,6828136.999999969,1.6152235701749968e-15,51.600000000000044,180.0,0.0,294.8567248664906
43140.0,6828136.999999966,1.8453042728046784e-15,51.60000000000005,180.0,0.0,294.2156065555391
43150.0,6828136.999999957,2.316104286249887e-15,51.600000000000044,180.0,0.0,293.5744882445877
43160.0,6828136.999999936,3.52199478360805e-15,51.600000000000044,180.0,0.0,292.93336993363624
43170.0,6828136.9999999795,8.90362767545198e-16,51.60000000000005,180.0,0.0,292.29225162268483
43180.0,6828137.00000004,3.572904361422694e-15,51.600000000000044,180.0,0.0,291.6511333117334
43190.0,6828136.999999969,1.5646729777318414e-15,51.600000000000065,180.0,0.0,291.010015000782
43200.0,6828136.999999963,2.0516608514412356e-15,51.600000000000044,180.0,0.0,290.3688966898306
43210.0,6828136.999999961,1.9346885544049628e-15,51.60000000000005,180.0,0.0,289.7277783788791
43220.0,6828136.999999936,3.3823046204435234e-15,51.60000000000005,180.0,0.0,289.0866600679277
43230.0,6828136.999999981,7.536190699188007e-16,51.60000000000005,180.0,0.0,288.44554175697624
43240.0,6828137.00000004,3.586600244646239e-15,51.600000000000044,180.0,0.0,287.8044234460248
43250.0,6828136.999999971,1.3804945203915034e-15,51.600000000000044,180.0,0.0,287.1633051350734
43260.0,6828136.999999967,1.5781133676232821e-15,51.600000000000044,180.0,0.0,286.52218682412195
43270.0,6828136.999999957,2.2862307915616325e-15,51.600000000000044,180.0,0.0,285.88106851317053
43280.0,6828136.999999935,3.624459919331843e-15,51.600000000000044,180.0,0.0,285.2399502022191
43290.0,6828136.9999999795,8.779324772090205e-16,51.60000000000005,180.0,0.0,284.5988318912677
43300.0,6828137.000000039,3.584747203187026e-15,51.60000000000005,180.0,0.0,283.95771358031624
43310.0,6828136.999999971,1.374725291785563e-15,51.60000000000005,180.0,0.0,283.3165952693648
43320.0,6828136.999999964,1.832900194045743e-15,51.600000000000044,180.0,0.0,282.6754769584134
43330.0,6828136.999999955,2.4012147142523872e-15,51.600000000000044,180.0,0.0,282.034358647462
43340.0,6828136.999999935,3.490252098248002e-15,51.60000000000005,180.0,0.0,281.3932403365106
43350.0,6828136.999999978,8.229955947462621e-16,51.600000000000044,180.0,0.0,280.7521220255591
43360.0,6828137.000000037,3.4585956193028756e-15,51.600000000000044,180.0,0.0,280.1110037146077
43370.0,6828136.999999967,1.6980058247768984e-15,51.600000000000044,180.0,0.0,279.46988540365624
43380.0,6828136.999999963,1.9421428409479895e-15,51.600000000000044,180.0,0.0,278.8287670927048
43390.0,6828136.999999952,2.6818754490784635e-15,51.60000000000005,180.0,0.0,278.18764878175335
43400.0,6828136.999999933,3.640853490832489e-15,51.60000000000005,180.0,0.0,277.54653047080194
43410.0,6828136.999999977,9.578599298889773e-16,51.600000000000065,180.0,0.0,276.9054121598505
43420.0,6828137.000000034,3.15873383270228e-15,51.60000000000005,180.0,0.0,276.2642938488991
43430.0,6828136.999999967,1.52964754907556e-15,51.60000000000005,180.0,0.0,275.62317553794765
43440.0,6828136.999999961,2.019141447957633e-15,51.600000000000044,180.0,0.0,274.98205722699623
43450.0,6828136.999999953,2.3903391268429474e-15,51.60000000000005,180.0,0.0,274.3409389160448
43460.0,6828136.999999933,3.6198851709308415e-15,51.600000000000044,180.0,0.0,273.69982060509335
43470.0,6828136.999999978,7.111327355196575e-16,51.600000000000065,180.0,0.0,273.05870229414194
43480.0,6828137.000000037,3.5491556403884945e-15,51.600000000000044,180.0,0.0,272.4175839831906
43490.0,6828136.999999966,1.540680227212698e-15,51.60000000000005,180.0,0.0,271.7764656722391
43500.0,6828136.999999963,1.669741331205016e-15,51.60000000000005,180.0,0.0,271.1353473612877
43510.0,6828136.999999955,2.1480448466354984e-15,51.600000000000044,180.0,0.0,270.49422905033623
43520.0,6828136.999999934,3.365435112076709e-15,51.60000000000005,180.0,0.0,269.8531107393848
43530.0,6828136.999999978,7.12396740787037e-16,51.600000000000065,180.0,0.0,269.21199242843335
43540.0,6828137.000000037,3.555142008680114e-15,51.60000000000005,180.0,0.0,268.57087411748194
43550.0,6828136.999999967,1.311841556138371e-15,51.60000000000005,180.0,0.0,267.9297558065305
43560.0,6828136.999999963,1.667680574360741e-15,51.600000000000065,180.0,0.0,267.28863749557905
43570.0,6828136.999999953,2.2705516212523982e-15,51.600000000000065,180.0,0.0,266.64751918462764
43580.0,6828136.999999934,3.3590077753514665e-15,51.60000000000005,180.0,0.0,266.0064008736762
43590.0,6828136.9999999795,4.742898092897777e-16,51.600000000000065,180.0,0.0,265.3652825627248
43600.0,6828137.000000039,3.760962663416197e-15,51.600000000000044,180.0,0.0,264.72416425177335
43610.0,6828136.999999969,1.0288726558091822e-15,51.60000000000005,180.0,0.0,264.08304594082193
43620.0,6828136.999999966,1.2661562645835039e-15,51.60000000000005,180.0,0.0,263.4419276298705
43630.0,6828136.999999959,1.62160751593101e-15,51.600000000000044,180.0,0.0,262.80080931891905
43640.0,6828136.999999936,3.2109282869496427e-15,51.60000000000005,180.0,0.0,262.15969100796764
43650.0,6828136.9999999795,3.7015777609187455e-16,51.600000000000044,180.0,0.0,261.5185726970162
43660.0,6828137.000000039,3.755964083121309e-15,51.60000000000005,180.0,0.0,260.8774543860648
43670.0,6828136.999999973,7.9495687484688375e-16,51.600000000000065,180.0,0.0,260.23633607511334
43680.0,6828136.999999964,1.348751431298123e-15,51.60000000000005,180.0,0.0,259.59521776416193
43690.0,6828136.999999955,1.9704187202133845e-15,51.600000000000044,180.0,0.0,258.9540994532105
43700.0,6828136.999999934,3.3350567998337405e-15,51.60000000000005,180.0,0.0,258.31298114225905
43710.0,6828136.999999981,3.1521685667345713e-16,51.60000000000005,180.0,0.0,257.67186283130764
43720.0,6828137.000000039,3.742246270339803e-15,51.60000000000005,180.0,0.0,257.03074452035617
43730.0,6828136.999999973,7.453972627704747e-16,51.600000000000065,180.0,0.0,256.38962620940475
43740.0,6828136.999999966,1.2093001986082534e-15,51.60000000000005,180.0,0.0,255.7485078984533
43750.0,6828136.999999957,1.8518928567685067e-15,51.600000000000065,180.0,0.0,255.10738958750193
43760.0,6828136.999999936,3.0982051379521636e-15,51.60000000000005,180.0,0.0,254.4662712765505
43770.0,6828136.999999981,5.878999951813478e-16,51.600000000000065,180.0,0.0,253.82515296559905
43780.0,6828137.000000039,3.787628679850437e-15,51.600000000000065,180.0,0.0,253.1840346546476
43790.0,6828136.999999973,8.047395787841286e-16,51.600000000000065,180.0,0.0,252.5429163436962
43800.0,6828136.999999966,1.2492584096534096e-15,51.60000000000005,180.0,0.0,251.90179803274478
43810.0,6828136.999999959,1.634883436605389e-15,51.600000000000044,180.0,0.0,251.26067972179337
43820.0,6828136.999999937,2.9684450000160258e-15,51.60000000000005,180.0,0.0,250.61956141084192
43830.0,6828136.999999981,5.810738311816821e-16,51.600000000000065,180.0,0.0,249.97844309989048
43840.0,6828137.000000039,3.786216199683728e-15,51.600000000000065,180.0,0.0,249.33732478893904
43850.0,6828136.999999973,8.887815533800711e-16,51.60000000000005,180.0,0.0,248.6962064779876
43860.0,6828136.999999966,1.2918253143772996e-15,51.60000000000007,180.0,0.0,248.05508816703616
43870.0,6828136.999999957,1.8909728397518188e-15,51.600000000000065,180.0,0.0,247.41396985608475
43880.0,6828136.999999934,3.342955015048093e-15,51.60000000000005,180.0,0.0,246.7728515451333
43890.0,6828136.999999981,2.6356156793838504e-16,51.600000000000065,180.0,0.0,246.13173323418187
43900.0,6828137.000000041,3.980059987812149e-15,51.600000000000065,180.0,0.0,245.49061492323048
43910.0,6828136.999999973,7.077616796471271e-16,51.60000000000005,180.0,0.0,244.84949661227904
43920.0,6828136.999999964,1.331796178343072e-15,51.60000000000005,180.0,0.0,244.2083783013276
43930.0,6828136.999999957,1.6888824278652476e-15,51.600000000000044,180.0,0.0,243.56725999037616
43940.0,6828136.999999936,3.06660669369758e-15,51.60000000000005,180.0,0.0,242.92614167942475
43950.0,6828136.999999981,1.5929420877467126e-16,51.600000000000065,180.0,0.0,242.28502336847336
43960.0,6828137.000000039,3.851688126373108e-15,51.600000000000065,180.0,0.0,241.64390505752192
43970.0,6828136.999999969,9.187417500597634e-16,51.60000000000005,180.0,0.0,241.00278674657048
43980.0,6828136.999999964,1.2913378805549851e-15,51.60000000000005,180.0,0.0,240.36166843561904
43990.0,6828136.999999957,1.674639388086467e-15,51.600000000000065,180.0,0.0,239.7205501246676
44000.0,6828136.999999934,3.3195905325453436e-15,51.60000000000005,180.0,0.0,239.07943181371616
44010.0,6828136.9999999795,1.285158917173541e-16,51.60000000000005,180.0,0.0,238.43831350276474
44020.0,6828137.000000035,3.347044932491204e-15,51.600000000000065,180.0,0.0,237.7971951918133
44030.0,6828136.999999969,9.18980589746708e-16,51.60000000000005,180.0,0.0,237.15607688086186
44040.0,6828136.999999963,1.5572009494750253e-15,51.600000000000065,180.0,0.0,236.51495856991042
44050.0,6828136.999999953,2.056099393346708e-15,51.600000000000065,180.0,0.0,235.87384025895904
44060.0,6828136.999999932,3.4464370631434594e-15,51.60000000000005,180.0,0.0,235.2327219480076
44070.0,6828136.999999978,2.6240028444560796e-16,51.60000000000005,180.0,0.0,234.59160363705615
44080.0,6828137.000000035,3.3284223955897312e-15,51.600000000000065,180.0,0.0,233.9504853261047
44090.0,6828136.999999967,1.1503399675144944e-15,51.600000000000044,180.0,0.0,233.3093670151533
44100.0,6828136.999999963,1.531870218606843e-15,51.60000000000005,180.0,0.0,232.66824870420186
44110.0,6828136.999999953,2.04211697392009e-15,51.60000000000005,180.0,0.0,232.02713039325042
44120.0,6828136.999999934,3.3260549241740622e-15,51.60000000000005,180.0,0.0,128.613987917701
44130.0,6828136.999999978,2.767383084451089e-16,51.600000000000065,180.0,0.0,129.25510622865244
44140.0,6828137.000000037,3.58427748528821e-15,51.60000000000005,180.0,0.0,230.10377546039615
44150.0,6828136.999999969,8.996166696895361e-16,51.600000000000065,180.0,0.0,130.5373428505553
44160.0,6828136.999999964,1.277329572537971e-15,51.600000000000065,180.0,0.0,228.82153883849327
44170.0,6828136.999999957,1.6597552829580338e-15,51.60000000000005,180.0,0.0,228.18042052754186
44180.0,6828136.999999936,3.064429672707257e-15,51.60000000000005,180.0,0.0,132.46069778340959
44190.0,6828136.999999978,2.935944658973874e-16,51.600000000000065,180.0,0.0,133.10181609436103
44200.0,6828137.000000037,3.575046866627641e-15,51.60000000000005,180.0,0.0,226.25706559468753
44210.0,6828136.999999969,8.997251341619142e-16,51.60000000000005,180.0,0.0,134.38405271626388
44220.0,6828136.999999964,1.2780749626299682e-15,51.60000000000005,180.0,0.0,135.0251710272153
44230.0,6828136.999999957,1.6597050682150326e-15,51.600000000000065,180.0,0.0,135.6662893381667
44240.0,6828136.999999934,3.1992006344292724e-15,51.600000000000065,180.0,0.0,136.30740764911815
44250.0,6828136.999999978,3.2175547571370465e-16,51.600000000000065,180.0,0.0,136.9485259600696
44260.0,6828137.000000037,3.577677753893203e-15,51.600000000000065,180.0,0.0,222.41035572897897
44270.0,6828136.999999969,8.948132663684668e-16,51.600000000000065,180.0,0.0,138.23076258197244
44280.0,6828136.999999964,1.2796276327094012e-15,51.60000000000005,180.0,0.0,138.87188089292388
44290.0,6828136.999999957,1.6602636936180883e-15,51.60000000000005,180.0,0.0,139.5129992038753
44300.0,6828136.999999936,3.0747511288586e-15,51.60000000000005,180.0,0.0,140.1541175148267
44310.0,6828136.999999978,1.596204266126048e-16,51.60000000000005,180.0,0.0,140.79523582577815
44320.0,6828137.000000037,3.581756431288791e-15,51.600000000000065,180.0,0.0,218.5636458632704
44330.0,6828136.999999967,1.0242986867725254e-15,51.60000000000005,180.0,0.0,142.07747244768103
44340.0,6828136.999999963,1.406367505626779e-15,51.600000000000065,180.0,0.0,142.71859075863247
44350.0,6828136.999999957,1.6627230297344254e-15,51.600000000000065,180.0,0.0,143.35970906958391
44360.0,6828136.999999934,3.193469941021683e-15,51.60000000000005,180.0,0.0,144.00082738053533
44370.0,6828136.9999999795,1.026852651025939e-16,51.60000000000005,180.0,0.0,144.64194569148674
44380.0,6828137.000000037,3.5782400845390216e-15,51.600000000000065,180.0,0.0,214.71693599756182
44390.0,6828136.999999967,1.0224438135757615e-15,51.60000000000005,180.0,0.0,145.92418231338962
44400.0,6828136.999999964,1.277220784139802e-15,51.600000000000065,180.0,0.0,146.56530062434103
44410.0,6828136.999999955,1.9144584469273006e-15,51.600000000000065,180.0,0.0,212.79358106470752
44420.0,6828136.999999932,3.4528158994161616e-15,51.600000000000065,180.0,0.0,147.84753724624392
44430.0,6828136.999999978,4.3408061203537733e-16,51.60000000000005,180.0,0.0,148.48865555719536
44440.0,6828137.000000037,3.574437784989382e-15,51.60000000000005,180.0,0.0,149.12977386814674
44450.0,6828136.999999969,9.33784694394205e-16,51.60000000000005,180.0,0.0,149.77089217909818
44460.0,6828136.999999961,1.6648248561311985e-15,51.60000000000005,180.0,0.0,150.41201049004962
44470.0,6828136.999999955,1.9231977707795395e-15,51.600000000000065,180.0,0.0,151.05312880100104
44480.0,6828136.999999934,3.344270495256949e-15,51.600000000000044,180.0,0.0,151.69424711195248
44490.0,6828136.9999999795,3.769728222023455e-16,51.60000000000005,180.0,0.0,152.3353654229039
44500.0,6828137.000000039,3.701849664225178e-15,51.600000000000044,180.0,0.0,207.02351626614464
44510.0,6828136.999999967,1.1596278662984856e-15,51.600000000000044,180.0,0.0,153.61760204480677
44520.0,6828136.999999963,1.5439195304217808e-15,51.60000000000005,180.0,0.0,154.25872035575821
44530.0,6828136.999999957,1.7925542819767927e-15,51.60000000000005,180.0,0.0,154.89983866670963
44540.0,6828136.999999933,3.4566662968017126e-15,51.600000000000044,180.0,0.0,155.54095697766107
44550.0,6828136.999999978,4.653611548704405e-16,51.600000000000065,180.0,0.0,156.1820752886125
44560.0,6828137.000000037,3.4460836923120084e-15,51.600000000000044,180.0,0.0,156.82319359956392
44570.0,6828136.999999967,1.163171554585997e-15,51.60000000000005,180.0,0.0,157.4643119105154
44580.0,6828136.999999963,1.5437892222632657e-15,51.60000000000005,180.0,0.0,158.10543022146678
44590.0,6828136.999999955,2.050268698788978e-15,51.60000000000005,180.0,0.0,158.74654853241822
44600.0,6828136.999999934,3.3305970823603707e-15,51.600000000000044,180.0,0.0,159.38766684336963
44610.0,6828136.999999978,4.2510828066805803e-16,51.600000000000065,180.0,0.0,160.02878515432107
44620.0,6828137.000000037,3.4487051843957997e-15,51.600000000000065,180.0,0.0,199.33009653472752
44630.0,6828136.999999967,1.1590690501167476e-15,51.60000000000005,180.0,0.0,161.31102177622395
44640.0,6828136.999999963,1.5369476466932117e-15,51.600000000000065,180.0,0.0,161.95214008717537
44650.0,6828136.999999955,1.923857821184165e-15,51.600000000000065,180.0,0.0,162.59325839812678
44660.0,6828136.999999936,3.0773863171783045e-15,51.60000000000005,180.0,0.0,163.23437670907822
44670.0,6828136.999999981,4.241239980067421e-16,51.600000000000065,180.0,0.0,163.8754950200296
44680.0,6828137.000000037,3.575202167299787e-15,51.600000000000065,180.0,0.0,164.51661333098107
44690.0,6828136.999999967,1.1973586317904059e-15,51.60000000000005,180.0,0.0,165.15773164193251
44700.0,6828136.999999964,1.298537055821451e-15,51.60000000000005,180.0,0.0,165.79884995288393
44710.0,6828136.999999955,1.9388073870642164e-15,51.600000000000044,180.0,0.0,166.43996826383542
44720.0,6828136.999999934,3.353698191007928e-15,51.600000000000044,180.0,0.0,167.0810865747868
44730.0,6828136.9999999795,5.602035637609671e-16,51.600000000000065,180.0,0.0,167.72220488573822
44740.0,6828137.000000037,3.58104068822048e-15,51.60000000000005,180.0,0.0,168.36332319668963
44750.0,6828136.999999967,1.215517062218669e-15,51.60000000000005,180.0,0.0,169.0044415076411
44760.0,6828136.999999964,1.3348349822621128e-15,51.600000000000044,180.0,0.0,169.6455598185925
44770.0,6828136.999999957,1.6930203018005464e-15,51.60000000000005,180.0,0.0,170.28667812954396
44780.0,6828136.999999936,3.1024944250323757e-15,51.60000000000005,180.0,0.0,170.92779644049543
44790.0,6828136.999999978,5.43516926207833e-16,51.600000000000065,180.0,0.0,171.5689147514468
44800.0,6828137.000000037,3.5809997145870294e-15,51.600000000000065,180.0,0.0,172.2100330623982
44810.0,6828136.999999969,9.907090155239769e-16,51.600000000000065,180.0,0.0,172.8511513733496
44820.0,6828136.999999963,1.592869615330886e-15,51.600000000000065,180.0,0.0,173.49226968430108
44830.0,6828136.999999955,1.9640415974574985e-15,51.600000000000065,180.0,0.0,174.1333879952525
44840.0,6828136.999999934,3.370740835465625e-15,51.60000000000005,180.0,0.0,174.77450630620396
44850.0,6828136.999999977,7.640383794986055e-16,51.60000000000005,180.0,0.0,175.41562461715543
44860.0,6828137.000000037,3.5833947445223226e-15,51.600000000000065,180.0,0.0,176.0567429281068
44870.0,6828136.999999967,1.2457805797623044e-15,51.60000000000005,180.0,0.0,176.69786123905826
44880.0,6828136.999999963,1.6049450118204978e-15,51.600000000000065,180.0,0.0,177.33897955000964
44890.0,6828136.999999955,1.9825255814603487e-15,51.600000000000065,180.0,0.0,177.98009786096122
44900.0,6828136.999999933,3.5147483816229043e-15,51.60000000000005,180.0,0.0,178.62121617191272
44910.0,6828136.999999978,7.728097299249518e-16,51.60000000000005,180.0,0.0,179.2623344828639
44920.0,6828137.000000037,3.4661019385924407e-15,51.600000000000065,180.0,0.0,179.90345279381353
44930.0,6828136.999999971,1.0525880499237321e-15,51.60000000000005,180.0,0.0,179.45542889523196
44940.0,6828136.999999963,1.6263859368313695e-15,51.600000000000044,180.0,0.0,178.81431058428188
44950.0,6828136.999999957,1.8843812608370665e-15,51.60000000000005,180.0,0.0,178.1731922733303
44960.0,6828136.999999933,3.5400024418792508e-15,51.600000000000044,180.0,0.0,177.5320739623787
44970.0,6828136.999999978,9.782374565104069e-16,51.600000000000044,180.0,0.0,176.8909556514273
44980.0,6828137.000000037,3.504347447663047e-15,51.600000000000044,180.0,0.0,176.2498373404759
44990.0,6828136.999999967,1.3794311259189453e-15,51.60000000000005,180.0,0.0,175.60871902952462
45000.0,6828136.999999963,1.7033341396386012e-15,51.60000000000005,180.0,0.0,174.9676007185731
45010.0,6828136.999999953,2.3160163627833087e-15,51.60000000000005,180.0,0.0,174.32648240762174
45020.0,6828136.999999933,3.5949758731705375e-15,51.60000000000005,180.0,0.0,173.6853640966703
45030.0,6828136.999999978,1.1128160125447313e-15,51.60000000000005,180.0,0.0,173.04424578571886
45040.0,6828137.000000035,3.283492961609746e-15,51.60000000000005,180.0,0.0,172.4031274747674
45050.0,6828136.999999966,1.6705876764325176e-15,51.60000000000005,180.0,0.0,171.76200916381597
45060.0,6828136.999999963,1.7806417548919724e-15,51.60000000000005,180.0,0.0,171.1208908528646
45070.0,6828136.999999953,2.3685565437767558e-15,51.60000000000005,180.0,0.0,170.47977254191318
45080.0,6828136.999999931,3.888580658701219e-15,51.60000000000005,180.0,0.0,169.83865423096168
45090.0,6828136.999999977,1.4795215846934362e-15,51.600000000000065,180.0,0.0,169.19753592001027
45100.0,6828137.000000035,3.3617123619325466e-15,51.600000000000065,180.0,0.0,168.55641760905885
45110.0,6828136.999999966,1.792599550600657e-15,51.60000000000005,180.0,0.0,167.91529929810744
45120.0,6828136.999999961,2.1868646051847806e-15,51.60000000000005,180.0,0.0,167.27418098715597
45130.0,6828136.999999953,2.3977006757372017e-15,51.60000000000005,180.0,0.0,166.6330626762046
45140.0,6828136.999999933,3.5753479929919226e-15,51.60000000000005,180.0,0.0,165.99194436525318
45150.0,6828136.9999999795,9.116549354019933e-16,51.60000000000005,180.0,0.0,165.35082605430168
45160.0,6828137.000000037,3.3656364200730638e-15,51.600000000000065,180.0,0.0,164.7097077433503
45170.0,6828136.999999969,1.478458055767618e-15,51.600000000000065,180.0,0.0,164.06858943239888
45180.0,6828136.999999964,1.8065024297303015e-15,51.60000000000005,180.0,0.0,163.4274711214474
45190.0,6828136.999999955,2.383930167864672e-15,51.60000000000005,180.0,0.0,162.78635281049597
45200.0,6828136.999999935,3.672416427138797e-15,51.60000000000005,180.0,0.0,162.14523449954453
45210.0,6828136.999999978,1.4885470579993894e-15,51.600000000000044,180.0,0.0,161.50411618859312
45220.0,6828137.000000037,3.4563906362226477e-15,51.60000000000005,180.0,0.0,160.8629978776417
45230.0,6828136.999999967,1.7479933894073316e-15,51.60000000000005,180.0,0.0,160.2218795666903
45240.0,6828136.999999961,2.1940312961978664e-15,51.60000000000005,180.0,0.0,159.58076125573888
45250.0,6828136.999999953,2.65660749739486e-15,51.600000000000065,180.0,0.0,158.93964294478744
45260.0,6828136.999999933,3.897967607744746e-15,51.60000000000005,180.0,0.0,158.298524633836
45270.0,6828136.9999999795,1.47159219329157e-15,51.600000000000065,180.0,0.0,157.65740632288453
45280.0,6828137.000000038,3.4811285142257524e-15,51.600000000000065,180.0,0.0,157.01628801193314
45290.0,6828136.999999969,1.8773597240261988e-15,51.60000000000005,180.0,0.0,156.37516970098167
45300.0,6828136.999999963,2.2907352616780202e-15,51.60000000000005,180.0,0.0,155.73405139003026
45310.0,6828136.999999955,2.634745935576942e-15,51.60000000000005,180.0,0.0,155.09293307907885
45320.0,6828136.999999933,3.929885499181251e-15,51.60000000000005,180.0,0.0,154.45181476812743
45330.0,6828136.999999978,1.3885180386160866e-15,51.600000000000065,180.0,0.0,153.810696457176
45340.0,6828137.00000004,3.5457333439565886e-15,51.600000000000065,180.0,0.0,153.16957814622455
45350.0,6828136.999999969,1.7952367036272694e-15,51.60000000000005,180.0,0.0,152.5284598352731
45360.0,6828136.999999964,2.2076813262194663e-15,51.60000000000005,180.0,0.0,151.88734152432167
45370.0,6828136.999999955,2.6423097210401693e-15,51.600000000000065,180.0,0.0,151.24622321337026
45380.0,6828136.999999935,3.786217965493902e-15,51.60000000000005,180.0,0.0,150.60510490241884
45390.0,6828136.9999999795,1.3423933163722357e-15,51.60000000000007,180.0,0.0,149.96398659146737
45400.0,6828137.000000038,3.3220759547744533e-15,51.600000000000065,180.0,0.0,149.322868280516
45410.0,6828136.999999971,1.8402851535033217e-15,51.600000000000065,180.0,0.0,148.68174996956452
45420.0,6828136.999999964,2.184417501098234e-15,51.600000000000065,180.0,0.0,148.0406316586131
45430.0,6828136.999999957,2.5997311614920203e-15,51.60000000000007,180.0,0.0,147.39951334766167
45440.0,6828136.999999933,4.159724865463666e-15,51.600000000000065,180.0,0.0,146.75839503671023
45450.0,6828136.999999978,1.5709094914179246e-15,51.600000000000065,180.0,0.0,146.1172767257588
45460.0,6828137.00000004,3.297123610008474e-15,51.600000000000065,180.0,0.0,145.4761584148074
45470.0,6828136.999999971,1.8101161905501364e-15,51.600000000000065,180.0,0.0,144.835040103856
45480.0,6828136.999999963,2.4535907874427847e-15,51.600000000000065,180.0,0.0,144.19392179290455
45490.0,6828136.999999953,2.998899255466172e-15,51.600000000000065,180.0,0.0,143.5528034819531
45500.0,6828136.999999933,4.138716729423547e-15,51.60000000000005,180.0,0.0,142.91168517100166
45510.0,6828136.999999977,1.6890573541218639e-15,51.60000000000005,180.0,0.0,142.27056686005022
45520.0,6828137.00000004,3.294466705728228e-15,51.600000000000065,180.0,0.0,141.6294485490988
45530.0,6828136.999999967,2.097307586992936e-15,51.600000000000044,180.0,0.0,140.9883302381474
45540.0,6828136.999999962,2.5266408859138396e-15,51.60000000000005,180.0,0.0,140.34721192719599
45550.0,6828136.999999953,2.9863011739014514e-15,51.600000000000065,180.0,0.0,139.70609361624452
45560.0,6828136.999999933,4.2593294973751385e-15,51.600000000000065,180.0,0.0,139.0649753052931
45570.0,6828136.999999977,1.5880106749274402e-15,51.60000000000005,180.0,0.0,138.4238569943417
45580.0,6828137.000000038,3.032001862980179e-15,51.600000000000065,180.0,0.0,137.78273868339022
45590.0,6828136.999999969,1.945173603567704e-15,51.600000000000065,180.0,0.0,137.14162037243878
45600.0,6828136.999999962,2.4915042103425467e-15,51.60000000000005,180.0,0.0,136.5005020614874
45610.0,6828136.999999953,2.9888675831172095e-15,51.600000000000065,180.0,0.0,135.85938375053598
45620.0,6828136.999999933,4.294970107357565e-15,51.600000000000065,180.0,0.0,135.2182654395845
45630.0,6828136.999999976,1.7197228259410398e-15,51.60000000000005,180.0,0.0,134.5771471286331
45640.0,6828137.000000036,2.7995935877075836e-15,51.600000000000065,180.0,0.0,133.93602881768166
45650.0,6828136.999999968,2.041557740909158e-15,51.60000000000005,180.0,0.0,133.29491050673022
45660.0,6828136.999999963,2.3837399111103493e-15,51.600000000000065,180.0,0.0,132.65379219577878
45670.0,6828136.999999955,2.8386705011511358e-15,51.600000000000065,180.0,0.0,132.01267388482736
45680.0,6828136.999999933,4.321434270187385e-15,51.600000000000065,180.0,0.0,131.37155557387595
45690.0,6828136.999999979,1.4008468603459114e-15,51.60000000000005,180.0,0.0,130.73043726292454
45700.0,6828137.000000038,2.9247736897016123e-15,51.600000000000065,180.0,0.0,130.0893189519731
45710.0,6828136.9999999665,2.2820514968183337e-15,51.600000000000065,180.0,0.0,129.44820064102166
45720.0,6828136.999999962,2.7421546142183238e-15,51.60000000000007,180.0,0.0,128.80708233007022
45730.0,6828136.9999999525,3.203786357936186e-15,51.600000000000065,180.0,0.0,128.16596401911877
45740.0,6828136.999999931,4.588431891771377e-15,51.600000000000065,180.0,0.0,127.52484570816735
45750.0,6828136.999999976,1.7761965564746342e-15,51.600000000000065,180.0,0.0,126.88372739721594
45760.0,6828137.000000036,2.4865818533327365e-15,51.600000000000065,180.0,0.0,126.24260908626452
45770.0,6828136.9999999665,2.3151829642969432e-15,51.60000000000007,180.0,0.0,125.6014907753131
45780.0,6828136.999999965,2.3181748575159976e-15,51.60000000000008,180.0,0.0,124.96037246436165
45790.0,6828136.999999951,3.420702879888265e-15,51.60000000000007,180.0,0.0,124.31925415341021
45800.0,6828136.999999932,4.567431274631588e-15,51.600000000000065,180.0,0.0,123.6781358424588
45810.0,6828136.999999974,2.0365346630372253e-15,51.60000000000007,180.0,0.0,123.03701753150737
45820.0,6828137.000000035,2.3993282742425277e-15,51.60000000000007,180.0,0.0,122.39589922055596
45830.0,6828136.999999965,2.686824219488867e-15,51.60000000000005,180.0,0.0,121.75478090960452
45840.0,6828136.999999958,3.1555916447800302e-15,51.600000000000065,180.0,0.0,121.11366259865308
45850.0,6828136.999999951,3.5321262450520904e-15,51.60000000000007,180.0,0.0,120.47254428770165
45860.0,6828136.999999928,4.9266444965889874e-15,51.60000000000007,180.0,0.0,119.83142597675024
45870.0,6828136.999999974,1.942447268454282e-15,51.600000000000065,180.0,0.0,119.1903076657988
45880.0,6828137.000000038,2.6055380038998914e-15,51.60000000000008,180.0,0.0,118.54918935484739
45890.0,6828136.9999999665,2.536684026545675e-15,51.60000000000007,180.0,0.0,117.90807104389593
45900.0,6828136.999999963,2.650050963226997e-15,51.60000000000008,180.0,0.0,117.26695273294452
45910.0,6828136.999999954,3.133798527326563e-15,51.60000000000008,180.0,0.0,116.62583442199308
45920.0,6828136.99999993,4.782676926018724e-15,51.600000000000065,180.0,0.0,115.98471611104168
45930.0,6828136.999999977,1.5210665114125577e-15,51.60000000000008,180.0,0.0,115.34359780009024
45940.0,6828137.000000037,2.4283496525631347e-15,51.600000000000065,180.0,0.0,114.70247948913882
45950.0,6828136.99999997,1.972167879283762e-15,51.600000000000065,180.0,0.0,114.06136117818737
45960.0,6828136.999999965,2.338799666850445e-15,51.60000000000008,180.0,0.0,113.42024286723596
45970.0,6828136.999999958,2.8488536398429057e-15,51.60000000000007,180.0,0.0,112.77912455628451
45980.0,6828136.999999936,4.241290776260854e-15,51.60000000000007,180.0,0.0,112.13800624533309
45990.0,6828136.999999977,1.4925484764794927e-15,51.60000000000007,180.0,0.0,111.49688793438166
46000.0,6828137.00000004,2.692975391442393e-15,51.60000000000007,180.0,0.0,110.85576962343023
46010.0,6828136.999999968,2.2368522025324806e-15,51.60000000000007,180.0,0.0,110.2146513124788
46020.0,6828136.999999963,2.6015631790982813e-15,51.60000000000007,180.0,0.0,109.57353300152737
46030.0,6828136.999999958,2.8455554784020183e-15,51.60000000000007,180.0,0.0,108.93241469057595
46040.0,6828136.999999934,4.512443470333076e-15,51.60000000000007,180.0,0.0,108.29129637962451
46050.0,6828136.999999976,1.802753568310131e-15,51.60000000000008,180.0,0.0,107.65017806867307
46060.0,6828137.000000039,2.586373061201951e-15,51.60000000000008,180.0,0.0,107.00905975772166
46070.0,6828136.999999968,2.3543160544988555e-15,51.60000000000008,180.0,0.0,106.36794144677022
46080.0,6828136.999999963,2.5985993607920433e-15,51.60000000000007,180.0,0.0,105.72682313581879
46090.0,6828136.999999956,3.1010686698640686e-15,51.60000000000008,180.0,0.0,105.08570482486736
46100.0,6828136.999999936,4.3737698553578306e-15,51.60000000000007,180.0,0.0,104.44458651391594
46110.0,6828136.999999976,1.8331055927586367e-15,51.60000000000007,180.0,0.0,103.80346820296451
46120.0,6828137.000000037,2.3010405472741565e-15,51.60000000000008,180.0,0.0,103.16234989201308
46130.0,6828136.999999968,2.3267761961573337e-15,51.60000000000008,180.0,0.0,102.52123158106164
46140.0,6828136.999999963,2.6988703862186366e-15,51.60000000000008,180.0,0.0,101.88011327011023
46150.0,6828136.999999954,3.337773976658342e-15,51.60000000000007,180.0,0.0,101.2389949591588
46160.0,6828136.999999934,4.4948848039288706e-15,51.60000000000007,180.0,0.0,100.59787664820736
46170.0,6828136.999999976,1.8583571989575e-15,51.60000000000007,180.0,0.0,99.95675833725593
46180.0,6828137.000000037,2.303983490239075e-15,51.60000000000008,180.0,0.0,99.31564002630452
46190.0,6828136.999999968,2.3162700697608462e-15,51.60000000000007,180.0,0.0,98.67452171535308
46200.0,6828136.999999963,2.6948656946590034e-15,51.60000000000008,180.0,0.0,98.03340340440165
46210.0,6828136.999999954,3.3339257537619563e-15,51.60000000000007,180.0,0.0,97.39228509345023
46220.0,6828136.999999932,4.7502486937096615e-15,51.60000000000008,180.0,0.0,96.7511667824988
46230.0,6828136.999999976,1.888408463402929e-15,51.60000000000007,180.0,0.0,96.11004847154737
46240.0,6828137.000000037,2.3204210993916996e-15,51.60000000000008,180.0,0.0,95.46893016059595
46250.0,6828136.9999999665,2.5882000655086044e-15,51.60000000000008,180.0,0.0,94.8278118496445
46260.0,6828136.999999962,2.9655381815739684e-15,51.60000000000007,180.0,0.0,94.18669353869309
46270.0,6828136.999999954,3.3489941395100307e-15,51.60000000000007,180.0,0.0,93.54557522774165
46280.0,6828136.999999936,4.369612093432109e-15,51.60000000000007,180.0,0.0,92.90445691679022
46290.0,6828136.99999998,1.1758650171492391e-15,51.60000000000008,180.0,0.0,92.2633386058388
46300.0,6828137.000000037,2.3061668380831523e-15,51.60000000000008,180.0,0.0,268.37777970511263
46310.0,6828136.9999999665,2.553940390486356e-15,51.60000000000007,180.0,0.0,90.98110198393594
46320.0,6828136.999999963,2.6803799497044327e-15,51.60000000000008,180.0,0.0,90.33998367298452
46330.0,6828136.999999954,3.3186367835577875e-15,51.60000000000008,180.0,0.0,270.30113463796687
46340.0,6828136.999999932,4.7223305212509104e-15,51.60000000000008,180.0,0.0,89.05774705108168
46350.0,6828136.999999977,1.6605815335455586e-15,51.60000000000009,180.0,0.0,271.58337125986975
46360.0,6828137.000000037,2.317448170275206e-15,51.60000000000009,180.0,0.0,272.2244895708212
46370.0,6828136.999999968,2.2981845776921635e-15,51.60000000000008,180.0,0.0,272.86560788177263
46380.0,6828136.999999962,2.9366290738377617e-15,51.6000000000001,180.0,0.0,273.50672619272405
46390.0,6828136.999999954,3.318799300458876e-15,51.60000000000008,180.0,0.0,274.1478445036755
46400.0,6828136.999999936,4.339871998964036e-15,51.60000000000009,180.0,0.0,85.21103718537309
46410.0,6828136.999999977,1.5315674240672809e-15,51.60000000000008,180.0,0.0,84.56991887442166
46420.0,6828137.000000039,2.5710902987217433e-15,51.60000000000008,180.0,0.0,276.07119943652975
46430.0,6828136.999999968,2.3001058394044828e-15,51.60000000000008,180.0,0.0,276.7123177474812
46440.0,6828136.999999962,2.8108020807900235e-15,51.60000000000009,180.0,0.0,277.35343605843264
46450.0,6828136.999999954,3.324500513479053e-15,51.60000000000008,180.0,0.0,277.99455436938405
46460.0,6828136.999999934,4.467201141190413e-15,51.60000000000008,180.0,0.0,278.63567268033546
46470.0,6828136.999999976,1.6595612287042311e-15,51.60000000000009,180.0,0.0,80.72320900871308
46480.0,6828137.000000037,2.3050821997215104e-15,51.60000000000009,180.0,0.0,279.91790930223834
46490.0,6828136.999999968,2.2981360888904843e-15,51.60000000000009,180.0,0.0,280.55902761318976
46500.0,6828136.999999962,2.8086816723991392e-15,51.60000000000009,180.0,0.0,281.2001459241412
46510.0,6828136.999999956,3.0645016946590686e-15,51.60000000000009,180.0,0.0,281.84126423509264
46520.0,6828136.999999936,4.211985976870996e-15,51.60000000000009,180.0,0.0,77.51761745395595
46530.0,6828136.999999977,1.5320308509866345e-15,51.6000000000001,180.0,0.0,283.12350085699546
46540.0,6828137.000000039,2.57862347673151e-15,51.60000000000008,180.0,0.0,283.7646191679469
46550.0,6828136.9999999665,2.556607621035814e-15,51.60000000000008,180.0,0.0,284.40573747889835
46560.0,6828136.999999963,2.6854892165088278e-15,51.60000000000009,180.0,0.0,285.04685578984976
46570.0,6828136.999999958,2.8135765717721402e-15,51.60000000000009,180.0,0.0,285.6879741008012
46580.0,6828136.999999934,4.467080466737017e-15,51.60000000000008,180.0,0.0,73.67090758824737
46590.0,6828136.999999977,1.5346025004728561e-15,51.60000000000009,180.0,0.0,286.97021072270405
46600.0,6828137.000000039,2.5807048540209094e-15,51.60000000000009,180.0,0.0,287.61132903365547
46610.0,6828136.999999968,2.3116950892061967e-15,51.60000000000009,180.0,0.0,288.2524473446069
46620.0,6828136.999999963,2.5620836596537466e-15,51.60000000000009,180.0,0.0,288.89356565555835
46630.0,6828136.999999956,3.0728077182111332e-15,51.60000000000009,180.0,0.0,289.53468396650976
46640.0,6828136.999999934,4.4670684981307204e-15,51.60000000000009,180.0,0.0,69.82419772253881
46650.0,6828136.999999974,1.9151632572227603e-15,51.60000000000008,180.0,0.0,290.81692058841264
46660.0,6828137.000000039,2.5769448355074935e-15,51.60000000000009,180.0,0.0,291.45803889936406
46670.0,6828136.9999999665,2.4416873297921234e-15,51.60000000000009,180.0,0.0,292.09915721031547
46680.0,6828136.999999965,2.445133877568158e-15,51.60000000000009,180.0,0.0,292.74027552126694
46690.0,6828136.9999999525,3.33073286224337e-15,51.60000000000009,180.0,0.0,293.38139383221835
46700.0,6828136.99999993,4.73087425804151e-15,51.60000000000008,180.0,0.0,294.0225121431697
46710.0,6828136.999999977,1.4538414680891976e-15,51.60000000000009,180.0,0.0,294.6636304541212
46720.0,6828137.000000037,2.514259173549816e-15,51.60000000000008,180.0,0.0,295.3047487650726
46730.0,6828136.999999968,2.214340046304265e-15,51.60000000000009,180.0,0.0,295.94586707602406
46740.0,6828136.999999965,2.3452292705501585e-15,51.60000000000009,180.0,0.0,296.58698538697547
46750.0,6828136.999999954,3.088953551260578e-15,51.60000000000008,180.0,0.0,297.22810369792694
46760.0,6828136.999999936,4.222115101153083e-15,51.60000000000009,180.0,0.0,297.86922200887835
46770.0,6828136.999999976,1.6993763486835952e-15,51.60000000000009,180.0,0.0,298.51034031982977
46780.0,6828137.000000037,2.520396467118692e-15,51.60000000000008,180.0,0.0,299.1514586307812
46790.0,6828136.9999999665,2.4704190005675754e-15,51.60000000000008,180.0,0.0,299.7925769417326
46800.0,6828136.999999963,2.610840950508894e-15,51.60000000000009,180.0,0.0,300.43369525268406
46810.0,6828136.999999954,3.110559879209775e-15,51.60000000000008,180.0,0.0,301.0748135636355
46820.0,6828136.999999934,4.494671663590755e-15,51.60000000000008,180.0,0.0,301.7159318745869
46830.0,6828136.999999977,1.5226821391063166e-15,51.60000000000008,180.0,0.0,302.35705018553836
46840.0,6828137.000000037,2.6136722657924697e-15,51.60000000000008,180.0,0.0,302.99816849648977
46850.0,6828136.9999999665,2.5072329240081176e-15,51.60000000000008,180.0,0.0,303.6392868074412
46860.0,6828136.999999962,2.9082313262272026e-15,51.60000000000008,180.0,0.0,304.2804051183926
46870.0,6828136.999999956,2.9017093143751666e-15,51.60000000000008,180.0,0.0,304.92152342934406
46880.0,6828136.999999932,4.519353859950405e-15,51.60000000000009,180.0,0.0,305.5626417402955
46890.0,6828136.999999977,1.4292996175674662e-15,51.60000000000009,180.0,0.0,306.20376005124695
46900.0,6828137.000000036,2.6455227720076624e-15,51.60000000000009,180.0,0.0,306.8448783621983
46910.0,6828136.99999997,2.043532992276746e-15,51.60000000000009,180.0,0.0,307.48599667314977
46920.0,6828136.999999965,2.430954095385512e-15,51.60000000000009,180.0,0.0,308.1271149841012
46930.0,6828136.999999954,3.060653619830715e-15,51.60000000000008,180.0,0.0,308.7682332950526
46940.0,6828136.999999933,4.388852410146999e-15,51.60000000000009,180.0,0.0,309.40935160600407
46950.0,6828136.999999977,1.4948097597368865e-15,51.60000000000008,180.0,0.0,310.0504699169555
46960.0,6828137.000000038,2.8589673575648993e-15,51.60000000000009,180.0,0.0,310.6915882279069
46970.0,6828136.9999999665,2.2992413361713946e-15,51.60000000000009,180.0,0.0,311.3327065388583
46980.0,6828136.999999963,2.5698460797006652e-15,51.60000000000009,180.0,0.0,311.9738248498098
46990.0,6828136.999999954,3.034621708995123e-15,51.60000000000008,180.0,0.0,312.6149431607612
47000.0,6828136.999999931,4.530065542898002e-15,51.60000000000009,180.0,0.0,313.2560614717126
47010.0,6828136.999999977,1.4680697694749078e-15,51.60000000000008,180.0,0.0,313.89717978266407
47020.0,6828137.000000036,2.6095647326148294e-15,51.60000000000009,180.0,0.0,314.5382980936155
47030.0,6828136.9999999665,2.353104787179654e-15,51.60000000000009,180.0,0.0,315.1794164045669
47040.0,6828136.999999962,2.701561188453159e-15,51.60000000000008,180.0,0.0,315.8205347155183
47050.0,6828136.9999999525,3.201043904388821e-15,51.60000000000009,180.0,0.0,316.4616530264698
47060.0,6828136.999999933,4.274528449831809e-15,51.60000000000009,180.0,0.0,317.1027713374212
47070.0,6828136.999999977,1.5558469026018358e-15,51.60000000000009,180.0,0.0,317.7438896483726
47080.0,6828137.000000036,2.7495462016081113e-15,51.60000000000009,180.0,0.0,318.38500795932407
47090.0,6828136.999999968,2.1318448031774697e-15,51.60000000000009,180.0,0.0,319.0261262702754
47100.0,6828136.99999996,2.8812485311301603e-15,51.60000000000009,180.0,0.0,319.6672445812269
47110.0,6828136.9999999525,3.2094709754918523e-15,51.6000000000001,180.0,0.0,320.3083628921783
47120.0,6828136.999999929,4.668404249850153e-15,51.60000000000009,180.0,0.0,320.9494812031298
47130.0,6828136.999999976,1.654218509359453e-15,51.60000000000009,180.0,0.0,321.5905995140812
47140.0,6828137.000000034,2.795647608146992e-15,51.6000000000001,180.0,0.0,322.2317178250326
47150.0,6828136.9999999665,2.3989602180485685e-15,51.60000000000009,180.0,0.0,322.8728361359841
47160.0,6828136.999999962,2.6823831762052168e-15,51.60000000000009,180.0,0.0,323.51395444693543
47170.0,6828136.9999999525,3.199049761234115e-15,51.60000000000008,180.0,0.0,324.15507275788696
47180.0,6828136.999999931,4.486443510049192e-15,51.60000000000009,180.0,0.0,324.7961910688383
47190.0,6828136.999999976,1.7484490467050813e-15,51.60000000000009,180.0,0.0,325.4373093797898
47200.0,6828137.000000036,3.069217365641895e-15,51.60000000000009,180.0,0.0,326.0784276907412
47210.0,6828136.9999999665,2.39088105244301e-15,51.60000000000008,180.0,0.0,326.7195460016926
47220.0,6828136.999999962,2.628901659509711e-15,51.60000000000009,180.0,0.0,327.360664312644
47230.0,6828136.999999953,3.1078712316779698e-15,51.6000000000001,180.0,0.0,328.00178262359543
47240.0,6828136.999999931,4.3559442949290194e-15,51.60000000000008,180.0,0.0,328.6429009345469
47250.0,6828136.999999976,1.6158899580972554e-15,51.60000000000009,180.0,0.0,329.2840192454983
47260.0,6828137.000000033,2.692456859116811e-15,51.6000000000001,180.0,0.0,329.9251375564498
47270.0,6828136.999999965,2.3243556441188753e-15,51.60000000000009,180.0,0.0,330.5662558674012
47280.0,6828136.999999959,2.662665481972994e-15,51.60000000000009,180.0,0.0,331.20737417835267
47290.0,6828136.999999952,3.118902240743894e-15,51.6000000000001,180.0,0.0,331.8484924893041
47300.0,6828136.999999929,4.44361363613915e-15,51.60000000000008,180.0,0.0,332.4896108002555
47310.0,6828136.999999973,1.7812207709636796e-15,51.60000000000009,180.0,0.0,333.13072911120696
47320.0,6828137.000000034,3.117586786508582e-15,51.6000000000001,180.0,0.0,333.7718474221584
47330.0,6828136.999999967,2.150818001103013e-15,51.60000000000009,180.0,0.0,334.4129657331098
47340.0,6828136.999999959,2.7010032383495122e-15,51.60000000000008,180.0,0.0,335.0540840440612
47350.0,6828136.999999952,3.0219548363290015e-15,51.60000000000009,180.0,0.0,335.69520235501267
47360.0,6828136.999999931,4.199978226240784e-15,51.6000000000001,180.0,0.0,336.3363206659641
47370.0,6828136.999999977,1.4582702323193425e-15,51.60000000000009,180.0,0.0,336.97743897691544
47380.0,6828137.000000036,3.344685381054519e-15,51.60000000000009,180.0,0.0,337.6185572878669
47390.0,6828136.999999967,2.077870998137159e-15,51.6000000000001,180.0,0.0,338.2596755988183
47400.0,6828136.999999961,2.5292057560424855e-15,51.60000000000009,180.0,0.0,338.9007939097698
47410.0,6828136.999999952,3.036724534536269e-15,51.60000000000009,180.0,0.0,339.5419122207212
47420.0,6828136.999999929,4.344122072898748e-15,51.6000000000001,180.0,0.0,340.18303053167267
47430.0,6828136.999999978,1.4450962619672501e-15,51.60000000000009,180.0,0.0,340.824148842624
47440.0,6828137.000000036,3.4736332077233788e-15,51.6000000000001,180.0,0.0,341.4652671535755
47450.0,6828136.999999967,2.149819613282364e-15,51.60000000000011,180.0,0.0,342.1063854645269
47460.0,6828136.999999961,2.5883816642186464e-15,51.6000000000001,180.0,0.0,342.7475037754783
47470.0,6828136.999999952,3.0162898816278014e-15,51.6000000000001,180.0,0.0,343.3886220864298
47480.0,6828136.999999933,3.921781658737239e-15,51.6000000000001,180.0,0.0,344.0297403973812
47490.0,6828136.999999978,1.5214004971654941e-15,51.6000000000001,180.0,0.0,344.6708587083327
47500.0,6828137.000000038,3.708930884404415e-15,51.6000000000001,180.0,0.0,345.3119770192841
47510.0,6828136.999999969,2.0043738985343765e-15,51.60000000000009,180.0,0.0,345.9530953302355
47520.0,6828136.999999963,2.409581549102387e-15,51.6000000000001,180.0,0.0,346.59421364118697
47530.0,6828136.999999953,2.8405576336225205e-15,51.6000000000001,180.0,0.0,347.2353319521384
47540.0,6828136.999999935,3.729496645632342e-15,51.6000000000001,180.0,0.0,347.8764502630898
47550.0,6828136.999999977,1.649758246623061e-15,51.60000000000009,180.0,0.0,348.5175685740412
47560.0,6828137.000000036,3.651611416378915e-15,51.6000000000001,180.0,0.0,349.1586868849927
47570.0,6828136.999999969,1.9356168442486682e-15,51.60000000000009,180.0,0.0,349.7998051959441
47580.0,6828136.999999963,2.3360522147641177e-15,51.6000000000001,180.0,0.0,350.4409235068955
47590.0,6828136.999999952,2.966103042379756e-15,51.60000000000009,180.0,0.0,351.08204181784697
47600.0,6828136.999999935,3.740273878253237e-15,51.60000000000009,180.0,0.0,351.7231601287983
47610.0,6828136.999999978,1.6415557834229303e-15,51.60000000000009,180.0,0.0,352.36427843974985
47620.0,6828137.000000037,3.933360106193922e-15,51.60000000000009,180.0,0.0,353.0053967507012
47630.0,6828136.999999966,2.128047393784364e-15,51.6000000000001,180.0,0.0,353.64651506165274
47640.0,6828136.999999961,2.4051113259448127e-15,51.6000000000001,180.0,0.0,354.28763337260403
47650.0,6828136.999999955,2.5923361487070772e-15,51.6000000000001,180.0,0.0,354.9287516835555
47660.0,6828136.999999933,3.72789621054764e-15,51.6000000000001,180.0,0.0,355.56986999450703
47670.0,6828136.999999978,1.3980442019371489e-15,51.60000000000009,180.0,0.0,356.2109883054584
47680.0,6828137.000000037,3.788559545797656e-15,51.6000000000001,180.0,0.0,356.85210661640986
47690.0,6828136.999999971,1.6917892447728788e-15,51.60000000000011,180.0,0.0,357.4932249273611
47700.0,6828136.999999966,1.8525571222565828e-15,51.60000000000011,180.0,0.0,358.1343432383125
47710.0,6828136.999999955,2.380466157859316e-15,51.6000000000001,180.0,0.0,358.775461549264
47720.0,6828136.999999936,3.4028670669076674e-15,51.6000000000001,180.0,0.0,359.416579860215
47730.0,6828136.999999981,1.0794700894279657e-15,51.6000000000001,180.0,0.0,359.9423018288334
47740.0,6828137.000000037,3.807334204681234e-15,51.6000000000001,180.0,0.0,359.3011835178814
47750.0,6828136.999999969,1.533846561971538e-15,51.60000000000009,180.0,0.0,358.6600652069304
47760.0,6828136.999999964,1.7935184880100572e-15,51.60000000000011,180.0,0.0,358.0189468959784
47770.0,6828136.999999957,2.050345310367859e-15,51.6000000000001,180.0,0.0,357.3778285850275
47780.0,6828136.999999934,3.349065557968097e-15,51.60000000000009,180.0,0.0,356.73671027407596
47790.0,6828136.9999999795,1.0286116526776433e-15,51.60000000000009,180.0,0.0,356.0955919631243
47800.0,6828137.000000039,4.05105585542062e-15,51.6000000000001,180.0,0.0,355.45447365217285
47810.0,6828136.999999967,1.5389567173871022e-15,51.60000000000009,180.0,0.0,354.81335534122167
47820.0,6828136.999999961,1.9209450515744057e-15,51.6000000000001,180.0,0.0,354.17223703027025
47830.0,6828136.999999955,2.10267355536086e-15,51.6000000000001,180.0,0.0,353.5311187193188
47840.0,6828136.999999932,3.4593429588264682e-15,51.6000000000001,180.0,0.0,352.8900004083673
47850.0,6828136.999999978,1.0099175891591083e-15,51.60000000000009,180.0,0.0,352.24888209741584
47860.0,6828137.000000039,4.033677427038733e-15,51.6000000000001,180.0,0.0,351.6077637864644
47870.0,6828136.999999969,1.3280554985623244e-15,51.60000000000011,180.0,0.0,350.966645475513
47880.0,6828136.999999963,1.713211512256832e-15,51.6000000000001,180.0,0.0,350.3255271645616
47890.0,6828136.999999955,2.1372236994756905e-15,51.6000000000001,180.0,0.0,349.6844088536102
47900.0,6828136.999999936,3.1129408409664026e-15,51.60000000000009,180.0,0.0,349.0432905426587
47910.0,6828136.999999978,9.921507453066346e-16,51.6000000000001,180.0,0.0,348.4021722317073
47920.0,6828137.000000037,3.893151079567992e-15,51.6000000000001,180.0,0.0,347.76105392075584
47930.0,6828136.999999971,1.2209567683531777e-15,51.60000000000009,180.0,0.0,347.1199356098044
47940.0,6828136.999999963,1.6427180300686194e-15,51.6000000000001,180.0,0.0,346.478817298853
47950.0,6828136.999999956,1.9522642911657206e-15,51.6000000000001,180.0,0.0,345.8376989879016
47960.0,6828136.999999934,3.1776345310787175e-15,51.6000000000001,180.0,0.0,345.19658067695013
47970.0,6828136.999999979,8.746733898258598e-16,51.6000000000001,180.0,0.0,344.5554623659988
47980.0,6828137.000000035,3.762341685733626e-15,51.6000000000001,180.0,0.0,343.91434405504725
47990.0,6828136.99999997,1.1809946852173284e-15,51.60000000000011,180.0,0.0,343.27322574409584
48000.0,6828136.999999965,1.4256590687851551e-15,51.6000000000001,180.0,0.0,342.63210743314437
48010.0,6828136.999999954,2.0377852536164105e-15,51.60000000000009,180.0,0.0,341.990989122193
48020.0,6828136.999999932,3.3308841159288394e-15,51.6000000000001,180.0,0.0,341.34987081124154
48030.0,6828136.999999976,1.0692223778693362e-15,51.6000000000001,180.0,0.0,340.70875250029013
48040.0,6828137.000000037,4.062958473184394e-15,51.6000000000001,180.0,0.0,340.0676341893387
48050.0,6828136.999999966,1.428738198507201e-15,51.60000000000009,180.0,0.0,339.42651587838725
48060.0,6828136.999999962,1.62475228735055e-15,51.60000000000009,180.0,0.0,338.78539756743584
48070.0,6828136.999999954,1.9572420842131143e-15,51.60000000000009,180.0,0.0,338.14427925648437
48080.0,6828136.999999934,3.0847897622740117e-15,51.60000000000011,180.0,0.0,337.50316094553295
48090.0,6828136.999999976,9.340113259214066e-16,51.6000000000001,180.0,0.0,336.86204263458154
48100.0,6828137.000000037,4.134461014975167e-15,51.6000000000001,180.0,0.0,336.22092432363013
48110.0,6828136.999999965,1.4007150179593493e-15,51.60000000000011,180.0,0.0,335.5798060126787
48120.0,6828136.99999996,1.6927014491549119e-15,51.6000000000001,180.0,0.0,334.93868770172725
48130.0,6828136.999999954,1.9145696752311555e-15,51.6000000000001,180.0,0.0,334.29756939077583
48140.0,6828136.99999993,3.2908826778574075e-15,51.60000000000011,180.0,0.0,333.6564510798244
48150.0,6828136.999999976,9.171143695177165e-16,51.6000000000001,180.0,0.0,333.015332768873
48160.0,6828137.000000035,4.005094033077176e-15,51.60000000000011,180.0,0.0,332.37421445792154
48170.0,6828136.999999963,1.4990986105417298e-15,51.60000000000011,180.0,0.0,331.7330961469701
48180.0,6828136.999999962,1.4906096930061119e-15,51.6000000000001,180.0,0.0,331.0919778360187
48190.0,6828136.999999951,2.1538135355742903e-15,51.6000000000001,180.0,0.0,330.45085952506724
48200.0,6828136.999999932,3.089520231202914e-15,51.60000000000011,180.0,0.0,329.80974121411583
48210.0,6828136.999999974,8.837723391016753e-16,51.60000000000011,180.0,0.0,329.16862290316436
48220.0,6828137.000000037,4.2335832897657105e-15,51.6000000000001,180.0,0.0,328.52750459221295
48230.0,6828136.999999963,1.4810527405152983e-15,51.60000000000011,180.0,0.0,327.88638628126154
48240.0,6828136.99999996,1.5913460228372895e-15,51.6000000000001,180.0,0.0,327.24526797031007
48250.0,6828136.9999999525,1.991363375345251e-15,51.6000000000001,180.0,0.0,326.60414965935865
48260.0,6828136.99999993,3.281821395749562e-15,51.60000000000009,180.0,0.0,325.96303134840724
48270.0,6828136.999999974,8.783937574684382e-16,51.6000000000001,180.0,0.0,325.32191303745583
48280.0,6828137.000000035,4.050368777933262e-15,51.60000000000009,180.0,0.0,324.68079472650436
48290.0,6828136.999999963,1.485915991473569e-15,51.60000000000009,180.0,0.0,324.03967641555295
48300.0,6828136.99999996,1.6080350356248247e-15,51.6000000000001,180.0,0.0,323.3985581046015
48310.0,6828136.999999951,2.1581157088195005e-15,51.6000000000001,180.0,0.0,322.7574397936501
48320.0,6828136.999999932,3.0821579707862024e-15,51.60000000000009,180.0,0.0,322.11632148269865
48330.0,6828136.999999976,1.1113647725922809e-15,51.6000000000001,180.0,0.0,321.47520317174724
48340.0,6828137.000000035,4.0861246007052694e-15,51.6000000000001,180.0,0.0,320.8340848607958
48350.0,6828136.999999965,1.4332608329572289e-15,51.60000000000011,180.0,0.0,320.19296654984436
48360.0,6828136.99999996,1.7873937222814746e-15,51.6000000000001,180.0,0.0,319.55184823889294
48370.0,6828136.9999999525,2.0353045878987583e-15,51.6000000000001,180.0,0.0,318.9107299279415
48380.0,6828136.99999993,3.1920348096944365e-15,51.60000000000009,180.0,0.0,318.26961161699006
48390.0,6828136.999999972,9.480027181548243e-16,51.6000000000001,180.0,0.0,317.62849330603865
48400.0,6828137.000000035,4.152349649113259e-15,51.60000000000009,180.0,0.0,316.9873749950872
48410.0,6828136.9999999665,1.2024342951120537e-15,51.60000000000011,180.0,0.0,316.34625668413577
48420.0,6828136.999999962,1.4364610342685203e-15,51.60000000000009,180.0,0.0,315.7051383731843
48430.0,6828136.999999954,1.7429014416358823e-15,51.6000000000001,180.0,0.0,315.0640200622329
48440.0,6828136.999999932,2.9286764686346683e-15,51.6000000000001,180.0,0.0,314.4229017512815
48450.0,6828136.999999974,8.610024301393644e-16,51.6000000000001,180.0,0.0,313.78178344033
48460.0,6828137.0000000335,4.103583541742487e-15,51.6000000000001,180.0,0.0,313.14066512937865
48470.0,6828136.999999963,1.211444425330374e-15,51.6000000000001,180.0,0.0,312.4995468184272
48480.0,6828136.99999996,1.4878515065770328e-15,51.6000000000001,180.0,0.0,311.85842850747576
48490.0,6828136.9999999525,1.6049166772290707e-15,51.6000000000001,180.0,0.0,311.2173101965243
48500.0,6828136.999999934,2.659827402228695e-15,51.60000000000009,180.0,0.0,310.5761918855729
48510.0,6828136.999999974,5.796634872634291e-16,51.6000000000001,180.0,0.0,309.93507357462147
48520.0,6828137.000000036,4.351933919373759e-15,51.6000000000001,180.0,0.0,309.29395526367006
48530.0,6828136.999999965,1.1183146763837724e-15,51.60000000000011,180.0,0.0,308.65283695271864
48540.0,6828136.999999962,1.2763040448428758e-15,51.6000000000001,180.0,0.0,308.0117186417672
48550.0,6828136.999999951,1.9123238925636823e-15,51.60000000000009,180.0,0.0,307.37060033081576
48560.0,6828136.999999934,2.686445780266487e-15,51.6000000000001,180.0,0.0,306.7294820198643
48570.0,6828136.999999974,9.289755488637407e-16,51.6000000000001,180.0,0.0,306.0883637089129
48580.0,6828137.000000035,4.2269804029139495e-15,51.6000000000001,180.0,0.0,305.4472453979614
48590.0,6828136.999999963,1.2058297912129308e-15,51.60000000000009,180.0,0.0,304.80612708701
48600.0,6828136.999999962,1.1568499267960247e-15,51.60000000000009,180.0,0.0,304.1650087760586
48610.0,6828136.999999951,1.7047985497438964e-15,51.6000000000001,180.0,0.0,303.5238904651071
48620.0,6828136.999999932,2.7654377168738332e-15,51.6000000000001,180.0,0.0,302.88277215415576
48630.0,6828136.999999976,8.099180572127444e-16,51.6000000000001,180.0,0.0,302.2416538432043
48640.0,6828137.000000036,4.359912727079921e-15,51.6000000000001,180.0,0.0,301.6005355322529
48650.0,6828136.9999999665,9.447433270347817e-16,51.60000000000009,180.0,0.0,300.9594172213014
48660.0,6828136.999999962,1.2262224570891756e-15,51.60000000000009,180.0,0.0,300.31829891035
48670.0,6828136.9999999525,1.5415100939905445e-15,51.60000000000009,180.0,0.0,299.67718059939864
48680.0,6828136.999999928,3.027762864831851e-15,51.60000000000009,180.0,0.0,299.03606228844717
48690.0,6828136.999999976,7.123933878436209e-16,51.60000000000009,180.0,0.0,298.3949439774957
48700.0,6828137.000000036,4.301838633470342e-15,51.6000000000001,180.0,0.0,297.7538256665443
48710.0,6828136.9999999665,8.527540382572913e-16,51.60000000000009,180.0,0.0,297.1127073555929
48720.0,6828136.999999963,9.857495246327123e-16,51.6000000000001,180.0,0.0,296.4715890446414
48730.0,6828136.9999999525,1.5174456927373622e-15,51.6000000000001,180.0,0.0,295.83047073369
48740.0,6828136.999999933,2.6403395075403304e-15,51.60000000000009,180.0,0.0,295.1893524227386
48750.0,6828136.999999976,8.296585102712302e-16,51.60000000000009,180.0,0.0,294.5482341117871
48760.0,6828137.000000036,4.462679884384024e-15,51.6000000000001,180.0,0.0,293.9071158008357
48770.0,6828136.9999999665,7.842312919082926e-16,51.60000000000008,180.0,0.0,293.2659974898842
48780.0,6828136.999999962,9.292369382295055e-16,51.60000000000009,180.0,0.0,292.6248791789328
48790.0,6828136.9999999525,1.3814277508852736e-15,51.60000000000008,180.0,0.0,291.9837608679814
48800.0,6828136.999999929,2.8598245287398203e-15,51.60000000000009,180.0,0.0,291.34264255702993
48810.0,6828136.999999976,6.9135633637834375e-16,51.6000000000001,180.0,0.0,290.7015242460785
48820.0,6828137.000000036,4.406985527348336e-15,51.60000000000009,180.0,0.0,290.0604059351271
48830.0,6828136.9999999665,6.482482059229719e-16,51.6000000000001,180.0,0.0,289.4192876241757
48840.0,6828136.999999962,8.810196325646757e-16,51.60000000000009,180.0,0.0,288.7781693132242
48850.0,6828136.999999951,1.4955825100099484e-15,51.60000000000009,180.0,0.0,288.1370510022728
48860.0,6828136.999999928,2.960848146055725e-15,51.60000000000009,180.0,0.0,287.49593269132134
48870.0,6828136.999999976,5.941810425793392e-16,51.6000000000001,180.0,0.0,286.85481438036993
48880.0,6828137.000000036,4.403948181065504e-15,51.6000000000001,180.0,0.0,286.2136960694186
48890.0,6828136.9999999665,5.438250690604283e-16,51.60000000000011,180.0,0.0,285.5725777584671
48900.0,6828136.999999962,8.108021839438541e-16,51.6000000000001,180.0,0.0,284.9314594475157
48910.0,6828136.9999999525,1.2411492587037798e-15,51.60000000000009,180.0,0.0,284.2903411365642
48920.0,6828136.999999931,2.5713654879820392e-15,51.6000000000001,180.0,0.0,283.6492228256128
48930.0,6828136.999999977,7.396576269723945e-16,51.6000000000001,180.0,0.0,283.00810451466134
48940.0,6828137.000000036,4.3904901858279916e-15,51.6000000000001,180.0,0.0,282.3669862037099
48950.0,6828136.999999968,4.620774394372239e-16,51.6000000000001,180.0,0.0,281.7258678927585
48960.0,6828136.999999962,7.730924347020909e-16,51.60000000000009,180.0,0.0,281.08474958180705
48970.0,6828136.9999999525,1.2336880980495135e-15,51.6000000000001,180.0,0.0,280.44363127085563
48980.0,6828136.999999927,2.954793116613188e-15,51.60000000000009,180.0,0.0,279.80251295990416
48990.0,6828136.999999976,6.289621668630195e-16,51.6000000000001,180.0,0.0,279.16139464895275
49000.0,6828137.000000034,4.255265178405758e-15,51.60000000000009,180.0,0.0,278.52027633800134
49010.0,6828136.999999965,5.708380346114495e-16,51.60000000000011,180.0,0.0,277.87915802704987
49020.0,6828136.999999962,7.62082517101245e-16,51.6000000000001,180.0,0.0,277.2380397160985
49030.0,6828136.9999999525,1.2235582780768802e-15,51.60000000000009,180.0,0.0,276.59692140514704
49040.0,6828136.999999929,2.7050491460021525e-15,51.6000000000001,180.0,0.0,275.95580309419563
49050.0,6828136.999999974,5.88297723603184e-16,51.6000000000001,180.0,0.0,275.31468478324416
49060.0,6828137.000000036,4.528045270286324e-15,51.60000000000011,180.0,0.0,274.67356647229275
49070.0,6828136.999999965,6.120669881000226e-16,51.6000000000001,180.0,0.0,274.03244816134134
49080.0,6828136.999999962,8.081314808774793e-16,51.6000000000001,180.0,0.0,273.39132985038987
49090.0,6828136.999999953,1.1400283342926284e-15,51.6000000000001,180.0,0.0,272.7502115394385
49100.0,6828136.999999931,2.4504936262295417e-15,51.6000000000001,180.0,0.0,272.10909322848704
49110.0,6828136.999999974,4.835152608945741e-16,51.6000000000001,180.0,0.0,271.4679749175356
49120.0,6828137.000000036,4.496528406033951e-15,51.6000000000001,180.0,0.0,270.82685660658416
49130.0,6828136.999999968,3.357151247446344e-16,51.60000000000011,180.0,0.0,270.18573829563275
49140.0,6828136.999999962,6.194908004246667e-16,51.6000000000001,180.0,0.0,269.5446199846813
49150.0,6828136.9999999525,1.1939078324420733e-15,51.60000000000011,180.0,0.0,268.90350167372986
49160.0,6828136.999999931,2.433450026822357e-15,51.6000000000001,180.0,0.0,268.26238336277845
49170.0,6828136.999999976,5.804061143549998e-16,51.6000000000001,180.0,0.0,267.621265051827
49180.0,6828137.000000036,4.504088106822079e-15,51.6000000000001,180.0,0.0,266.98014674087557
49190.0,6828136.9999999665,3.790440179822341e-16,51.60000000000009,180.0,0.0,266.3390284299241
49200.0,6828136.999999962,6.179634578621307e-16,51.6000000000001,180.0,0.0,265.6979101189727
49210.0,6828136.9999999525,1.1888965219405597e-15,51.60000000000009,180.0,0.0,265.0567918080213
49220.0,6828136.999999929,2.5562515385045605e-15,51.60000000000009,180.0,0.0,264.4156734970698
49230.0,6828136.999999975,5.483708992367675e-16,51.6000000000001,180.0,0.0,263.77455518611845
49240.0,6828137.000000038,4.747175820600483e-15,51.60000000000009,180.0,0.0,263.133436875167
49250.0,6828136.9999999665,3.2490741237014374e-16,51.6000000000001,180.0,0.0,262.49231856421557
49260.0,6828136.999999962,6.085292643806117e-16,51.6000000000001,180.0,0.0,261.8512002532641
49270.0,6828136.999999952,1.1775453180426381e-15,51.60000000000009,180.0,0.0,261.2100819423127
49280.0,6828136.999999929,2.5528428589196733e-15,51.6000000000001,180.0,0.0,260.56896363136127
49290.0,6828136.999999975,5.145309483513144e-16,51.60000000000009,180.0,0.0,100.07215467959017
49300.0,6828137.000000033,4.21553419639385e-15,51.60000000000009,180.0,0.0,259.28672700945845
49310.0,6828136.999999965,2.745454415536736e-16,51.6000000000001,180.0,0.0,258.645608698507
49320.0,6828136.99999996,6.436914677750283e-16,51.60000000000009,180.0,0.0,258.00449038755556
49330.0,6828136.999999952,1.0211633900462927e-15,51.6000000000001,180.0,0.0,257.3633720766041
49340.0,6828136.999999929,2.555400136304913e-15,51.6000000000001,180.0,0.0,103.27774623434733
49350.0,6828136.999999975,5.436387668397943e-16,51.60000000000009,180.0,0.0,103.91886454529877
49360.0,6828137.000000036,4.5949873054737116e-15,51.6000000000001,180.0,0.0,255.4400171437498
49370.0,6828136.999999965,2.926073266250469e-16,51.60000000000009,180.0,0.0,105.20110116720163
49380.0,6828136.99999996,6.451807131104975e-16,51.6000000000001,180.0,0.0,105.84221947815307
49390.0,6828136.99999995,1.2812225576514675e-15,51.6000000000001,180.0,0.0,106.4833377891045
49400.0,6828136.999999931,2.3185465567423855e-15,51.6000000000001,180.0,0.0,107.12445610005592
49410.0,6828136.999999973,5.248317204981672e-16,51.6000000000001,180.0,0.0,107.76557441100735
49420.0,6828137.000000034,4.4687754153551334e-15,51.6000000000001,180.0,0.0,108.40669272195879
49430.0,6828136.999999965,3.913176246214584e-16,51.60000000000011,180.0,0.0,109.0478110329102
49440.0,6828136.99999996,6.912913124097e-16,51.6000000000001,180.0,0.0,109.68892934386164
49450.0,6828136.999999952,1.043685189986576e-15,51.60000000000009,180.0,0.0,110.33004765481307
49460.0,6828136.999999929,2.5749239686139944e-15,51.60000000000009,180.0,0.0,110.97116596576451
49470.0,6828136.999999975,7.030241919368972e-16,51.6000000000001,180.0,0.0,111.61228427671594
49480.0,6828137.000000034,4.470681449787374e-15,51.60000000000009,180.0,0.0,112.25340258766738
49490.0,6828136.999999965,4.949947795642534e-16,51.6000000000001,180.0,0.0,112.89452089861881
49500.0,6828136.99999996,7.687362841221466e-16,51.60000000000009,180.0,0.0,113.53563920957023
49510.0,6828136.999999952,1.2231622313806574e-15,51.6000000000001,180.0,0.0,114.17675752052166
49520.0,6828136.999999929,2.622581305172062e-15,51.6000000000001,180.0,0.0,114.8178758314731
49530.0,6828136.999999975,8.099217213510812e-16,51.60000000000009,180.0,0.0,115.45899414242454
49540.0,6828137.000000036,4.6091139162924206e-15,51.60000000000009,180.0,0.0,116.10011245337594
49550.0,6828136.999999965,5.90897908829149e-16,51.60000000000011,180.0,0.0,116.74123076432738
49560.0,6828136.999999962,6.936336375719454e-16,51.6000000000001,180.0,0.0,117.38234907527882
49570.0,6828136.999999953,1.138987581877456e-15,51.6000000000001,180.0,0.0,118.02346738623025
49580.0,6828136.999999929,2.6059894998339776e-15,51.6000000000001,180.0,0.0,118.66458569718169
49590.0,6828136.999999974,4.929311427417733e-16,51.6000000000001,180.0,0.0,119.30570400813313
49600.0,6828137.000000038,4.722345897859195e-15,51.6000000000001,180.0,0.0,119.94682231908455
49610.0,6828136.9999999665,3.4151234515083767e-16,51.60000000000011,180.0,0.0,120.58794063003597
49620.0,6828136.999999962,6.468764980972484e-16,51.6000000000001,180.0,0.0,121.22905894098741
49630.0,6828136.9999999525,1.1875738697059408e-15,51.6000000000001,180.0,0.0,121.87017725193883
49640.0,6828136.999999929,2.705912718063502e-15,51.6000000000001,180.0,0.0,122.51129556289028
49650.0,6828136.999999975,6.223550049427551e-16,51.6000000000001,180.0,0.0,123.15241387384172
49660.0,6828137.000000034,4.2121970357828236e-15,51.6000000000001,180.0,0.0,123.79353218479314
49670.0,6828136.9999999665,3.87265245594433e-16,51.60000000000009,180.0,0.0,124.43465049574458
49680.0,6828136.999999962,7.192299468798702e-16,51.6000000000001,180.0,0.0,125.075768806696
49690.0,6828136.999999951,1.430399464687164e-15,51.60000000000009,180.0,0.0,125.71688711764742
49700.0,6828136.999999929,2.7019999652323382e-15,51.60000000000009,180.0,0.0,126.35800542859889
49710.0,6828136.999999974,4.900616798021822e-16,51.6000000000001,180.0,0.0,126.99912373955031
49720.0,6828137.000000038,4.7228822579696814e-15,51.60000000000009,180.0,0.0,127.64024205050173
49730.0,6828136.999999965,4.3230450918401724e-16,51.60000000000011,180.0,0.0,128.28136036145315
49740.0,6828136.99999996,8.068756720243338e-16,51.6000000000001,180.0,0.0,128.9224786724046
49750.0,6828136.999999951,1.4285476598423354e-15,51.6000000000001,180.0,0.0,129.563596983356
49760.0,6828136.999999927,2.8427128395617892e-15,51.60000000000009,180.0,0.0,130.20471529430745
49770.0,6828136.999999974,4.729799415000801e-16,51.6000000000001,180.0,0.0,130.8458336052589
49780.0,6828137.000000034,4.339896940630026e-15,51.6000000000001,180.0,0.0,228.51304808378967
49790.0,6828136.9999999665,3.437350904932861e-16,51.60000000000011,180.0,0.0,132.12807022716174
49800.0,6828136.999999963,4.2417348557654596e-16,51.60000000000009,180.0,0.0,132.76918853811318
49810.0,6828136.9999999525,1.1540419735536132e-15,51.6000000000001,180.0,0.0,133.4103068490646
49820.0,6828136.999999931,2.5722438478164727e-15,51.6000000000001,180.0,0.0,134.05142516001604
49830.0,6828136.999999977,7.170673463475135e-16,51.60000000000011,180.0,0.0,134.69254347096748
49840.0,6828137.000000034,4.339859593681558e-15,51.6000000000001,180.0,0.0,224.6663382180811
49850.0,6828136.999999968,3.1028556343813303e-16,51.60000000000011,180.0,0.0,135.97478009287033
49860.0,6828136.999999962,5.366604035136287e-16,51.6000000000001,180.0,0.0,136.61589840382177
49870.0,6828136.999999953,1.0616301813036915e-15,51.6000000000001,180.0,0.0,137.2570167147732
49880.0,6828136.999999931,2.4623707346615346e-15,51.6000000000001,180.0,0.0,137.89813502572463
49890.0,6828136.999999977,7.334905872884471e-16,51.60000000000011,180.0,0.0,138.53925333667607
49900.0,6828137.000000036,4.46756845472453e-15,51.60000000000009,180.0,0.0,139.18037164762748
49910.0,6828136.9999999665,3.6821313264094657e-16,51.60000000000011,180.0,0.0,139.82148995857892
49920.0,6828136.999999963,4.870511423284054e-16,51.60000000000011,180.0,0.0,140.46260826953036
49930.0,6828136.9999999525,1.1626063649983117e-15,51.6000000000001,180.0,0.0,141.10372658048178
49940.0,6828136.999999931,2.567723554365479e-15,51.6000000000001,180.0,0.0,141.7448448914332
49950.0,6828136.999999977,6.6865714952898015e-16,51.60000000000011,180.0,0.0,142.38596320238463
49960.0,6828137.000000036,4.4674547016007364e-15,51.60000000000011,180.0,0.0,216.97291848666393
49970.0,6828136.9999999665,2.69011459523464e-16,51.60000000000011,180.0,0.0,143.6681998242875
49980.0,6828136.999999963,5.015985547451738e-16,51.6000000000001,180.0,0.0,144.30931813523895
49990.0,6828136.9999999525,1.1914142605861264e-15,51.6000000000001,180.0,0.0,144.95043644619037
50000.0,6828136.999999929,2.7259982731857596e-15,51.6000000000001,180.0,0.0,145.5915547571418
50010.0,6828136.999999977,8.813164655459962e-16,51.60000000000009,180.0,0.0,146.23267306809322
50020.0,6828137.000000038,4.730254482936896e-15,51.60000000000011,180.0,0.0,146.87379137904466
50030.0,6828136.9999999665,4.362554276394566e-16,51.60000000000011,180.0,0.0,147.51490968999607
50040.0,6828136.999999958,9.647707151791024e-16,51.6000000000001,180.0,0.0,148.15602800094754
50050.0,6828136.9999999525,1.2328435836021561e-15,51.6000000000001,180.0,0.0,148.79714631189896
50060.0,6828136.999999929,2.722386201860419e-15,51.60000000000011,180.0,0.0,149.4382646228504
50070.0,6828136.999999976,6.450776401675154e-16,51.6000000000001,180.0,0.0,150.0793829338018
50080.0,6828137.000000033,4.08487042635468e-15,51.6000000000001,180.0,0.0,150.72050124475325
50090.0,6828136.999999965,5.309837147020449e-16,51.6000000000001,180.0,0.0,151.3616195557047
50100.0,6828136.99999996,8.048544952853252e-16,51.60000000000011,180.0,0.0,152.0027378666561
50110.0,6828136.9999999525,1.1884627759277285e-15,51.6000000000001,180.0,0.0,152.64385617760752
50120.0,6828136.999999927,2.9652639030365706e-15,51.60000000000011,180.0,0.0,153.284974488559
50130.0,6828136.999999972,5.945645767484831e-16,51.6000000000001,180.0,0.0,153.92609279951043
50140.0,6828137.000000034,4.226639420359649e-15,51.6000000000001,180.0,0.0,154.56721111046184
50150.0,6828136.9999999665,6.236764442783628e-16,51.60000000000011,180.0,0.0,155.20832942141325
50160.0,6828136.999999962,8.879982094594531e-16,51.60000000000009,180.0,0.0,155.8494477323647
50170.0,6828136.999999951,1.3949181195589352e-15,51.6000000000001,180.0,0.0,156.49056604331614
50180.0,6828136.999999929,2.9198912728924287e-15,51.60000000000009,180.0,0.0,157.13168435426755
50190.0,6828136.999999976,8.663665832233815e-16,51.6000000000001,180.0,0.0,157.772802665219
50200.0,6828137.000000036,4.3635736085564454e-15,51.60000000000009,180.0,0.0,158.41392097617043
50210.0,6828136.999999965,8.135795832362311e-16,51.60000000000011,180.0,0.0,159.05503928712187
50220.0,6828136.99999996,1.1485181643215253e-15,51.6000000000001,180.0,0.0,159.69615759807328
50230.0,6828136.999999951,1.574116755998233e-15,51.60000000000009,180.0,0.0,160.33727590902473
50240.0,6828136.999999933,2.699113702892377e-15,51.60000000000009,180.0,0.0,160.97839421997614
50250.0,6828136.999999976,1.0911818905069707e-15,51.60000000000009,180.0,0.0,161.61951253092758
50260.0,6828137.000000036,4.4172317392623715e-15,51.60000000000009,180.0,0.0,162.260630841879
50270.0,6828136.9999999665,9.856487899535215e-16,51.6000000000001,180.0,0.0,162.90174915283046
50280.0,6828136.999999962,1.2063069085591162e-15,51.6000000000001,180.0,0.0,163.54286746378187
50290.0,6828136.9999999525,1.547002326635863e-15,51.60000000000009,180.0,0.0,164.1839857747333
50300.0,6828136.999999935,2.5807417431371463e-15,51.6000000000001,180.0,0.0,164.82510408568467
50310.0,6828136.999999976,7.779773216892847e-16,51.6000000000001,180.0,0.0,165.46622239663617
50320.0,6828137.000000036,4.355077243188484e-15,51.6000000000001,180.0,0.0,166.10734070758758
50330.0,6828136.9999999665,8.89336376385565e-16,51.6000000000001,180.0,0.0,166.74845901853908
50340.0,6828136.99999996,1.1825016898682325e-15,51.6000000000001,180.0,0.0,167.3895773294905
50350.0,6828136.9999999525,1.4833202373870311e-15,51.6000000000001,180.0,0.0,168.03069564044188
50360.0,6828136.999999932,2.8637479121795213e-15,51.6000000000001,180.0,0.0,168.67181395139332
50370.0,6828136.999999974,1.172579169446928e-15,51.60000000000011,180.0,0.0,169.31293226234473
50380.0,6828137.000000034,4.21292744081415e-15,51.6000000000001,180.0,0.0,169.9540505732962
50390.0,6828136.999999965,1.3107370836579691e-15,51.60000000000009,180.0,0.0,170.5951688842476
50400.0,6828136.999999958,1.7057280015942782e-15,51.6000000000001,180.0,0.0,171.23628719519905
50410.0,6828136.999999951,1.896937173261016e-15,51.6000000000001,180.0,0.0,171.87740550615047
50420.0,6828136.999999932,2.9102323754964076e-15,51.6000000000001,180.0,0.0,172.51852381710185
50430.0,6828136.999999976,9.843174834874028e-16,51.60000000000011,180.0,0.0,173.1596421280533
50440.0,6828137.000000034,4.140976773491179e-15,51.60000000000011,180.0,0.0,173.80076043900473
50450.0,6828136.9999999665,1.1004660525433925e-15,51.60000000000011,180.0,0.0,174.44187874995626
50460.0,6828136.99999996,1.4444719410131883e-15,51.60000000000011,180.0,0.0,175.08299706090773
50470.0,6828136.999999951,1.8400550835230247e-15,51.6000000000001,180.0,0.0,175.72411537185909
50480.0,6828136.999999928,3.130059388185051e-15,51.60000000000011,180.0,0.0,176.3652336828106
50490.0,6828136.999999976,1.001313729500981e-15,51.60000000000011,180.0,0.0,177.0063519937619
50500.0,6828137.000000034,4.136918218005823e-15,51.6000000000001,180.0,0.0,177.64747030471344
50510.0,6828136.999999963,1.2999927311317568e-15,51.6000000000001,180.0,0.0,178.2885886156647
50520.0,6828136.999999958,1.5674251936080086e-15,51.6000000000001,180.0,0.0,178.92970692661635
50530.0,6828136.999999951,1.747443880678764e-15,51.6000000000001,180.0,0.0,179.57082523756793
50540.0,6828136.999999932,2.9461074305251358e-15,51.60000000000011,180.0,0.0,179.7880564514791
50550.0,6828136.999999974,8.373884907373155e-16,51.6000000000001,180.0,0.0,179.14693814052967
50560.0,6828137.000000037,4.2601553315985046e-15,51.60000000000011,180.0,0.0,178.5058198295779
50570.0,6828136.999999965,1.2110932458479248e-15,51.60000000000011,180.0,0.0,177.86470151862645
50580.0,6828136.99999996,1.4808030229532856e-15,51.6000000000001,180.0,0.0,177.22358320767523
50590.0,6828136.9999999525,1.9158052572699275e-15,51.6000000000001,180.0,0.0,176.58246489672365
50600.0,6828136.999999932,3.0184542618856146e-15,51.6000000000001,180.0,0.0,175.94134658577224
50610.0,6828136.999999972,1.0875531084047037e-15,51.60000000000009,180.0,0.0,175.3002282748208
50620.0,6828137.000000037,4.2803543390936685e-15,51.60000000000009,180.0,0.0,174.65910996386955
50630.0,6828136.999999965,1.2444787667339974e-15,51.60000000000011,180.0,0.0,174.017991652918
50640.0,6828136.999999958,1.6833081417908634e-15,51.60000000000009,180.0,0.0,173.37687334196667
50650.0,6828136.99999995,2.1496262006324807e-15,51.6000000000001,180.0,0.0,172.73575503101523
50660.0,6828136.99999993,3.269859515904078e-15,51.60000000000009,180.0,0.0,172.0946367200638
50670.0,6828136.999999972,1.2436688430820728e-15,51.6000000000001,180.0,0.0,171.45351840911232
50680.0,6828137.0000000335,3.802867201503043e-15,51.6000000000001,180.0,0.0,170.8124000981609
50690.0,6828136.999999965,1.395492103425493e-15,51.60000000000009,180.0,0.0,170.17128178720944
50700.0,6828136.999999956,1.960745247088876e-15,51.60000000000009,180.0,0.0,169.53016347625802
50710.0,6828136.999999951,2.1963963079791046e-15,51.60000000000009,180.0,0.0,168.8890451653066
50720.0,6828136.999999928,3.531485805992396e-15,51.60000000000009,180.0,0.0,168.2479268543552
50730.0,6828136.99999997,1.306233389453636e-15,51.60000000000009,180.0,0.0,167.60680854340373
50740.0,6828137.0000000335,3.804588118252843e-15,51.6000000000001,180.0,0.0,166.96569023245226
50750.0,6828136.999999963,1.5813516503945826e-15,51.6000000000001,180.0,0.0,166.32457192150088
50760.0,6828136.999999958,1.8424640342599972e-15,51.60000000000009,180.0,0.0,165.6834536105494
50770.0,6828136.9999999525,1.990686888857248e-15,51.60000000000009,180.0,0.0,165.042335299598
50780.0,6828136.99999993,3.4282391011238117e-15,51.60000000000009,180.0,0.0,164.40121698864658
50790.0,6828136.999999974,1.409310559396445e-15,51.60000000000009,180.0,0.0,163.7600986776951
50800.0,6828137.000000035,4.118394836579542e-15,51.60000000000009,180.0,0.0,163.11898036674373
50810.0,6828136.9999999665,1.408059185568914e-15,51.6000000000001,180.0,0.0,162.4778620557923
50820.0,6828136.999999962,1.7118619212455802e-15,51.60000000000009,180.0,0.0,161.83674374484085
50830.0,6828136.9999999525,2.1633033487462985e-15,51.60000000000009,180.0,0.0,161.1956254338894
50840.0,6828136.999999932,3.3270961113280283e-15,51.6000000000001,180.0,0.0,160.554507122938
50850.0,6828136.999999974,1.2424158688014043e-15,51.60000000000009,180.0,0.0,159.91338881198658
50860.0,6828137.000000035,3.9361484439376136e-15,51.60000000000009,180.0,0.0,159.27227050103517
50870.0,6828136.999999963,1.6442769887176501e-15,51.60000000000009,180.0,0.0,158.63115219008372
50880.0,6828136.999999958,1.9182966414120546e-15,51.60000000000009,180.0,0.0,157.99003387913228
50890.0,6828136.999999954,2.0309960208326312e-15,51.6000000000001,180.0,0.0,157.34891556818081
50900.0,6828136.999999932,3.2864249921429266e-15,51.6000000000001,180.0,0.0,156.7077972572294
50910.0,6828136.999999976,1.1984955214638066e-15,51.60000000000009,180.0,0.0,156.06667894627796
50920.0,6828137.000000037,4.080941614404604e-15,51.6000000000001,180.0,0.0,155.42556063532655
50930.0,6828136.9999999665,1.5219928270437412e-15,51.60000000000009,180.0,0.0,154.78444232437514
50940.0,6828136.99999996,1.840973540967138e-15,51.60000000000008,180.0,0.0,154.1433240134237
50950.0,6828136.999999954,2.033610086527306e-15,51.60000000000008,180.0,0.0,153.50220570247225
50960.0,6828136.999999932,3.471552654870158e-15,51.60000000000008,180.0,0.0,152.8610873915208
50970.0,6828136.999999976,1.4235441828687214e-15,51.60000000000008,180.0,0.0,152.2199690805694
50980.0,6828137.000000037,3.9717482308746024e-15,51.60000000000008,180.0,0.0,151.57885076961796
50990.0,6828136.9999999665,1.5937112911625056e-15,51.60000000000008,180.0,0.0,150.93773245866655
51000.0,6828136.999999961,1.8488310265462414e-15,51.60000000000009,180.0,0.0,150.2966141477151
51010.0,6828136.999999952,2.386034910681956e-15,51.60000000000008,180.0,0.0,149.6554958367637
51020.0,6828136.99999993,3.714198085065012e-15,51.60000000000009,180.0,0.0,149.01437752581225
51030.0,6828136.999999975,1.319901745373429e-15,51.6000000000001,180.0,0.0,148.3732592148608
51040.0,6828137.000000035,3.692525117900338e-15,51.6000000000001,180.0,0.0,147.73214090390937
51050.0,6828136.999999964,1.7565796205598608e-15,51.60000000000008,180.0,0.0,147.09102259295796
51060.0,6828136.999999961,1.9943993101103584e-15,51.60000000000008,180.0,0.0,146.44990428200654
51070.0,6828136.999999953,2.235612832087449e-15,51.6000000000001,180.0,0.0,145.8087859710551
51080.0,6828136.99999993,3.658839411656616e-15,51.60000000000008,180.0,0.0,145.16766766010366
51090.0,6828136.999999978,9.71867275082674e-16,51.60000000000009,180.0,0.0,144.52654934915222
51100.0,6828137.0000000335,3.3671601929448253e-15,51.6000000000001,180.0,0.0,143.8854310382008
51110.0,6828136.999999966,1.5826895684056292e-15,51.60000000000009,180.0,0.0,143.24431272724934
51120.0,6828136.999999961,1.8539567764011996e-15,51.60000000000009,180.0,0.0,142.60319441629792
51130.0,6828136.999999952,2.4260999642851143e-15,51.60000000000008,180.0,0.0,141.9620761053465
51140.0,6828136.999999928,3.8652691855163985e-15,51.60000000000008,180.0,0.0,141.3209577943951
51150.0,6828136.999999975,1.2678821993709004e-15,51.60000000000009,180.0,0.0,140.67983948344366
51160.0,6828137.0000000335,3.4751409478024963e-15,51.60000000000009,180.0,0.0,140.03872117249225
51170.0,6828136.999999963,1.9845149989183544e-15,51.60000000000009,180.0,0.0,139.39760286154078
51180.0,6828136.999999959,2.1126821319946836e-15,51.60000000000008,180.0,0.0,138.75648455058933
51190.0,6828136.99999995,2.6959357475414382e-15,51.60000000000009,180.0,0.0,138.11536623963792
51200.0,6828136.999999929,3.8785513393859795e-15,51.60000000000009,180.0,0.0,137.4742479286865
51210.0,6828136.999999975,1.3886471053512544e-15,51.60000000000008,180.0,0.0,136.83312961773504
51220.0,6828137.000000032,3.1838400185226723e-15,51.60000000000009,180.0,0.0,136.19201130678363
51230.0,6828136.999999964,1.848837963554133e-15,51.60000000000009,180.0,0.0,135.55089299583219
51240.0,6828136.999999961,2.0195662955153495e-15,51.60000000000009,180.0,0.0,134.90977468488077
51250.0,6828136.999999953,2.4534028307513134e-15,51.60000000000008,180.0,0.0,134.26865637392933
51260.0,6828136.999999932,3.6595691925198866e-15,51.60000000000009,180.0,0.0,133.6275380629779
51270.0,6828136.999999975,1.3342781602532241e-15,51.60000000000009,180.0,0.0,132.9864197520265
51280.0,6828137.0000000335,3.3302848449238103e-15,51.6000000000001,180.0,0.0,132.34530144107507
51290.0,6828136.999999966,1.743891958935852e-15,51.60000000000009,180.0,0.0,131.70418313012362
51300.0,6828136.999999961,2.1056019845898793e-15,51.60000000000008,180.0,0.0,131.0630648191722
51310.0,6828136.999999952,2.6673544752176552e-15,51.6000000000001,180.0,0.0,130.42194650822077
51320.0,6828136.999999931,3.768707735823907e-15,51.6000000000001,180.0,0.0,129.78082819726933
51330.0,6828136.999999977,1.2976613995770804e-15,51.6000000000001,180.0,0.0,129.1397098863179
51340.0,6828137.000000035,3.306309938999845e-15,51.6000000000001,180.0,0.0,128.49859157536648
51350.0,6828136.999999964,1.9948375803449905e-15,51.60000000000008,180.0,0.0,127.85747326441505
51360.0,6828136.999999959,2.314340774428674e-15,51.60000000000009,180.0,0.0,127.21635495346361
51370.0,6828136.999999952,2.821382546887079e-15,51.60000000000008,180.0,0.0,126.57523664251218
51380.0,6828136.999999931,3.9626398609205155e-15,51.60000000000008,180.0,0.0,125.93411833156074
51390.0,6828136.999999977,1.5825700194071949e-15,51.60000000000009,180.0,0.0,125.2930000206093
51400.0,6828137.000000035,3.3925282127145692e-15,51.60000000000009,180.0,0.0,124.6518817096579
51410.0,6828136.999999966,2.099899459473484e-15,51.60000000000008,180.0,0.0,124.01076339870646
51420.0,6828136.999999959,2.5151854040908183e-15,51.60000000000009,180.0,0.0,123.36964508775502
51430.0,6828136.999999952,2.8627810263404208e-15,51.6000000000001,180.0,0.0,122.72852677680359
51440.0,6828136.999999931,4.089562698214297e-15,51.60000000000008,180.0,0.0,122.08740846585218
51450.0,6828136.999999975,1.650536897019582e-15,51.60000000000009,180.0,0.0,121.44629015490074
51460.0,6828137.000000036,3.3396944489403772e-15,51.6000000000001,180.0,0.0,120.8051718439493
51470.0,6828136.999999966,2.02573379510502e-15,51.60000000000008,180.0,0.0,120.16405353299788
51480.0,6828136.999999959,2.572324628455131e-15,51.60000000000008,180.0,0.0,119.52293522204646
51490.0,6828136.999999952,2.9425833256183592e-15,51.60000000000009,180.0,0.0,118.88181691109502
51500.0,6828136.999999929,4.395029864294946e-15,51.60000000000009,180.0,0.0,118.2406986001436
51510.0,6828136.999999975,1.584459168277698e-15,51.60000000000009,180.0,0.0,117.59958028919218
51520.0,6828137.000000036,3.215738020163622e-15,51.6000000000001,180.0,0.0,116.95846197824073
51530.0,6828136.999999966,2.120667943431245e-15,51.60000000000008,180.0,0.0,116.3173436672893
51540.0,6828136.999999957,2.7863799270414104e-15,51.60000000000009,180.0,0.0,115.67622535633788
51550.0,6828136.999999952,3.0307179893848384e-15,51.60000000000008,180.0,0.0,115.03510704538645
51560.0,6828136.999999929,4.377205083939554e-15,51.60000000000008,180.0,0.0,114.39398873443501
51570.0,6828136.999999973,1.7553987003048067e-15,51.60000000000009,180.0,0.0,113.75287042348359
51580.0,6828137.000000034,2.9156343995632728e-15,51.60000000000008,180.0,0.0,113.11175211253216
51590.0,6828136.999999967,1.951789296805604e-15,51.60000000000007,180.0,0.0,112.47063380158073
51600.0,6828136.999999961,2.3747658221715665e-15,51.60000000000008,180.0,0.0,111.82951549062929
51610.0,6828136.999999952,3.006892066593342e-15,51.60000000000008,180.0,0.0,111.18839717967786
51620.0,6828136.999999931,4.254752865804895e-15,51.60000000000009,180.0,0.0,110.54727886872645
51630.0,6828136.999999973,1.9231324667398253e-15,51.60000000000009,180.0,0.0,109.90616055777501
51640.0,6828137.000000033,2.7552340634621244e-15,51.60000000000008,180.0,0.0,109.26504224682358
51650.0,6828136.999999965,2.339088339090243e-15,51.60000000000008,180.0,0.0,108.62392393587214
51660.0,6828136.999999963,2.4271159128421347e-15,51.60000000000009,180.0,0.0,107.98280562492073
51670.0,6828136.999999952,3.1396489799778892e-15,51.60000000000009,180.0,0.0,107.34168731396929
51680.0,6828136.999999927,4.776575017679028e-15,51.60000000000008,180.0,0.0,106.70056900301785
51690.0,6828136.999999974,1.9285086669155855e-15,51.60000000000008,180.0,0.0,106.05945069206642
51700.0,6828137.000000033,2.6172530113435085e-15,51.60000000000008,180.0,0.0,105.41833238111501
51710.0,6828136.999999965,2.4483071473958225e-15,51.60000000000009,180.0,0.0,104.77721407016357
51720.0,6828136.999999962,2.5731602791265706e-15,51.60000000000009,180.0,0.0,104.13609575921214
51730.0,6828136.999999951,3.237941317334591e-15,51.60000000000009,180.0,0.0,103.49497744826073
51740.0,6828136.999999927,4.7279641691929666e-15,51.60000000000008,180.0,0.0,102.85385913730929
51750.0,6828136.999999974,1.6696127529782795e-15,51.60000000000009,180.0,0.0,102.21274082635784
51760.0,6828137.000000031,2.2438000901271568e-15,51.60000000000008,180.0,0.0,101.57162251540643
51770.0,6828136.9999999665,2.2354478189282655e-15,51.60000000000008,180.0,0.0,100.930504204455
51780.0,6828136.99999996,2.695948757814282e-15,51.60000000000008,180.0,0.0,100.28938589350356
51790.0,6828136.999999951,3.310774430368397e-15,51.60000000000009,180.0,0.0,99.64826758255214
51800.0,6828136.999999929,4.565528863485023e-15,51.60000000000009,180.0,0.0,99.00714927160071
51810.0,6828136.999999972,1.886305484207472e-15,51.60000000000008,180.0,0.0,98.36603096064928
51820.0,6828137.000000034,2.504383670648622e-15,51.6000000000001,180.0,0.0,97.72491264969786
51830.0,6828136.999999965,2.3126227035984454e-15,51.60000000000008,180.0,0.0,97.08379433874642
51840.0,6828136.99999996,2.6642871429091024e-15,51.60000000000009,180.0,0.0,96.442676027795
51850.0,6828136.999999951,3.277489035977707e-15,51.60000000000009,180.0,0.0,95.80155771684358
51860.0,6828136.999999927,4.788271506862613e-15,51.60000000000009,180.0,0.0,95.16043940589213
51870.0,6828136.999999974,1.6585274677088326e-15,51.60000000000008,180.0,0.0,94.5193210949407
51880.0,6828137.000000031,2.194408328393196e-15,51.60000000000009,180.0,0.0,93.87820278398928
51890.0,6828136.999999963,2.5037513963944085e-15,51.60000000000009,180.0,0.0,93.23708447303784
51900.0,6828136.999999958,2.869200486945674e-15,51.60000000000009,180.0,0.0,92.59596616208641
51910.0,6828136.999999951,3.2463099013415523e-15,51.60000000000008,180.0,0.0,91.95484785113499
51920.0,6828136.999999927,4.776536040993644e-15,51.60000000000009,180.0,0.0,91.31372954018357
51930.0,6828136.999999976,1.4202619921424744e-15,51.60000000000009,180.0,0.0,90.67261122923213
51940.0,6828137.00000003,1.9348840186143485e-15,51.60000000000009,180.0,0.0,90.0314929182807
51950.0,6828136.9999999665,2.093910437501621e-15,51.60000000000009,180.0,0.0,89.39037460732928
51960.0,6828136.99999996,2.5891074803395195e-15,51.60000000000008,180.0,0.0,88.74925629637785
51970.0,6828136.999999951,3.2171533419180494e-15,51.60000000000008,180.0,0.0,88.10813798542641
51980.0,6828136.999999929,4.622953266145833e-15,51.60000000000008,180.0,0.0,87.46701967447498
51990.0,6828136.999999974,1.5990062192047132e-15,51.60000000000008,180.0,0.0,86.82590136352356
52000.0,6828137.000000031,2.177464814236734e-15,51.60000000000009,180.0,0.0,86.18478305257213
52010.0,6828136.999999965,2.3320442863924073e-15,51.60000000000008,180.0,0.0,85.54366474162069
52020.0,6828136.999999958,2.8301827951861543e-15,51.60000000000008,180.0,0.0,84.90254643066928
52030.0,6828136.999999951,3.2110307317540747e-15,51.60000000000008,180.0,0.0,84.26142811971785
52040.0,6828136.999999929,4.619623095364411e-15,51.60000000000008,180.0,0.0,83.62030980876641
52050.0,6828136.999999974,1.6086338455791347e-15,51.60000000000008,180.0,0.0,82.97919149781498
52060.0,6828137.000000036,2.5582537882438045e-15,51.60000000000008,180.0,0.0,82.33807318686357
52070.0,6828136.999999965,2.323108934392249e-15,51.60000000000008,180.0,0.0,81.69695487591213
52080.0,6828136.999999962,2.445373829791704e-15,51.60000000000008,180.0,0.0,81.0558365649607
52090.0,6828136.999999951,3.199110227351294e-15,51.60000000000008,180.0,0.0,80.41471825400926
52100.0,6828136.999999929,4.5996157335289736e-15,51.60000000000009,180.0,0.0,79.77359994305785
52110.0,6828136.999999972,1.7869529094527252e-15,51.60000000000009,180.0,0.0,79.1324816321064
52120.0,6828137.000000034,2.3148711702459178e-15,51.60000000000009,180.0,0.0,281.508636678845
52130.0,6828136.999999965,2.29883731876506e-15,51.60000000000008,180.0,0.0,77.85024501020355
52140.0,6828136.99999996,2.6802914077081936e-15,51.60000000000009,180.0,0.0,77.20912669925212
52150.0,6828136.999999951,3.1907664634590303e-15,51.60000000000008,180.0,0.0,283.43199161169935
52160.0,6828136.999999929,4.595407787822811e-15,51.60000000000008,180.0,0.0,75.92689007734926
52170.0,6828136.999999974,1.531838510819368e-15,51.60000000000008,180.0,0.0,75.28577176639784
52180.0,6828137.000000033,2.183509036826586e-15,51.60000000000008,180.0,0.0,285.3553465445536
52190.0,6828136.999999965,2.2973631094346985e-15,51.60000000000009,180.0,0.0,285.996464855505
52200.0,6828136.99999996,2.680523929102035e-15,51.60000000000009,180.0,0.0,286.63758316645647
52210.0,6828136.99999995,3.44684536050864e-15,51.60000000000008,180.0,0.0,287.2787014774079
52220.0,6828136.999999928,4.723693375770961e-15,51.60000000000008,180.0,0.0,72.0801802116407
52230.0,6828136.999999974,1.6631137515920925e-15,51.60000000000008,180.0,0.0,71.43906190068925
52240.0,6828137.000000033,2.173029212020111e-15,51.60000000000009,180.0,0.0,289.2020564102622
52250.0,6828136.999999965,2.2990351604214332e-15,51.60000000000008,180.0,0.0,289.8431747212136
52260.0,6828136.999999958,2.8088187584750715e-15,51.60000000000009,180.0,0.0,290.484293032165
52270.0,6828136.99999995,3.4463993528473085e-15,51.60000000000009,180.0,0.0,68.87458865688353
52280.0,6828136.999999928,4.7233746596820165e-15,51.60000000000008,180.0,0.0,68.23347034593212
52290.0,6828136.999999974,1.65925668404046e-15,51.60000000000008,180.0,0.0,67.59235203498069
52300.0,6828137.000000036,2.565928053793392e-15,51.60000000000008,180.0,0.0,293.0487662759707
52310.0,6828136.999999965,2.2984684935166503e-15,51.60000000000008,180.0,0.0,293.6898845869222
52320.0,6828136.99999996,2.683951643401835e-15,51.60000000000009,180.0,0.0,294.3310028978736
52330.0,6828136.999999951,3.1937922648477212e-15,51.60000000000008,180.0,0.0,294.97212120882506
52340.0,6828136.999999928,4.722693576398882e-15,51.60000000000009,180.0,0.0,295.6132395197764
52350.0,6828136.999999974,1.5341656430467986e-15,51.60000000000009,180.0,0.0,296.2543578307278
52360.0,6828137.000000034,2.464231487600731e-15,51.60000000000008,180.0,0.0,296.8954761416793
52370.0,6828136.999999965,2.311129621198107e-15,51.60000000000009,180.0,0.0,297.5365944526307
52380.0,6828136.99999996,2.564669744347819e-15,51.60000000000009,180.0,0.0,298.1777127635822
52390.0,6828136.9999999525,2.944931330438021e-15,51.60000000000009,180.0,0.0,298.8188310745336
52400.0,6828136.999999931,4.342287068486469e-15,51.60000000000009,180.0,0.0,299.45994938548506
52410.0,6828136.999999974,1.5727640944427272e-15,51.60000000000009,180.0,0.0,300.1010676964365
52420.0,6828137.000000036,2.644590535373678e-15,51.60000000000009,180.0,0.0,300.7421860073879
52430.0,6828136.9999999665,2.0905601217506095e-15,51.60000000000008,180.0,0.0,301.38330431833936
52440.0,6828136.99999996,2.600530922455649e-15,51.60000000000008,180.0,0.0,302.02442262929077
52450.0,6828136.999999951,3.2254380633304285e-15,51.60000000000008,180.0,0.0,302.6655409402422
52460.0,6828136.999999929,4.6025573474986886e-15,51.60000000000008,180.0,0.0,303.3066592511936
52470.0,6828136.999999974,1.5557311838331364e-15,51.60000000000008,180.0,0.0,303.94777756214506
52480.0,6828137.000000034,2.4693219423726223e-15,51.60000000000008,180.0,0.0,304.5888958730965
52490.0,6828136.999999965,2.3382283904475567e-15,51.60000000000008,180.0,0.0,305.2300141840479
52500.0,6828136.99999996,2.5938051506265444e-15,51.60000000000009,180.0,0.0,305.8711324949993
52510.0,6828136.999999951,3.232478218242227e-15,51.60000000000009,180.0,0.0,306.5122508059507
52520.0,6828136.999999927,4.741719114252997e-15,51.60000000000008,180.0,0.0,307.1533691169022
52530.0,6828136.999999972,1.7494492628617647e-15,51.60000000000008,180.0,0.0,307.7944874278536
52540.0,6828137.000000033,2.5469287992197412e-15,51.60000000000009,180.0,0.0,308.43560573880507
52550.0,6828136.9999999665,2.0985792685111067e-15,51.60000000000008,180.0,0.0,309.0767240497565
52560.0,6828136.99999996,2.622022078420388e-15,51.60000000000009,180.0,0.0,309.7178423607079
52570.0,6828136.999999951,3.2401305194356153e-15,51.60000000000008,180.0,0.0,310.3589606716593
52580.0,6828136.9999999255,4.870226600148069e-15,51.60000000000008,180.0,0.0,311.0000789826107
52590.0,6828136.999999972,1.6980489902337411e-15,51.60000000000008,180.0,0.0,311.6411972935622
52600.0,6828137.000000031,2.319563371745088e-15,51.60000000000009,180.0,0.0,312.2823156045136
52610.0,6828136.999999965,2.236055073978112e-15,51.60000000000009,180.0,0.0,312.92343391546507
52620.0,6828136.99999996,2.615846561468038e-15,51.60000000000009,180.0,0.0,313.5645522264165
52630.0,6828136.999999951,3.153222578040593e-15,51.60000000000008,180.0,0.0,314.2056705373679
52640.0,6828136.9999999255,4.905084660948201e-15,51.60000000000008,180.0,0.0,314.8467888483193
52650.0,6828136.999999976,1.5631064525737184e-15,51.60000000000008,180.0,0.0,315.4879071592707
52660.0,6828137.000000033,2.7376207796692223e-15,51.60000000000008,180.0,0.0,316.1290254702222
52670.0,6828136.999999965,2.1909081032396244e-15,51.60000000000009,180.0,0.0,316.7701437811736
52680.0,6828136.999999962,2.4593333508949515e-15,51.60000000000009,180.0,0.0,317.41126209212507
52690.0,6828136.99999995,3.292500375476791e-15,51.60000000000008,180.0,0.0,318.0523804030765
52700.0,6828136.999999929,4.395495916832944e-15,51.60000000000008,180.0,0.0,318.6934987140279
52710.0,6828136.999999975,1.5515470846087722e-15,51.60000000000009,180.0,0.0,319.3346170249793
52720.0,6828137.000000031,2.5632518967149115e-15,51.60000000000009,180.0,0.0,319.9757353359307
52730.0,6828136.999999965,2.2843860872760305e-15,51.60000000000009,180.0,0.0,320.6168536468822
52740.0,6828136.999999958,2.753019379839874e-15,51.60000000000009,180.0,0.0,321.2579719578336
52750.0,6828136.99999995,3.217768640414344e-15,51.60000000000009,180.0,0.0,321.8990902687851
52760.0,6828136.999999929,4.424860029087386e-15,51.60000000000009,180.0,0.0,322.54020857973643
52770.0,6828136.999999974,1.577502883849013e-15,51.60000000000008,180.0,0.0,323.1813268906879
52780.0,6828137.000000031,2.5332870318145327e-15,51.60000000000009,180.0,0.0,323.8224452016393
52790.0,6828136.999999965,2.262774667491977e-15,51.60000000000008,180.0,0.0,324.4635635125907
52800.0,6828136.999999958,2.715652833629972e-15,51.60000000000009,180.0,0.0,325.1046818235422
52810.0,6828136.99999995,3.2096421570950357e-15,51.60000000000009,180.0,0.0,325.7458001344936
52820.0,6828136.999999929,4.436557291214047e-15,51.60000000000008,180.0,0.0,326.3869184454451
52830.0,6828136.999999975,1.6928278365687238e-15,51.60000000000008,180.0,0.0,327.0280367563965
52840.0,6828137.000000033,2.9430439626297067e-15,51.60000000000009,180.0,0.0,327.66915506734796
52850.0,6828136.999999965,2.3165591896268783e-15,51.60000000000008,180.0,0.0,328.3102733782993
52860.0,6828136.999999959,2.741172861148831e-15,51.60000000000009,180.0,0.0,328.9513916892507
52870.0,6828136.999999952,3.1739093461881965e-15,51.60000000000008,180.0,0.0,329.5925100002022
52880.0,6828136.999999927,4.622523852209991e-15,51.60000000000008,180.0,0.0,330.2336283111536
52890.0,6828136.999999973,1.9115776106586494e-15,51.60000000000008,180.0,0.0,330.8747466221051
52900.0,6828137.000000034,3.2827107098869814e-15,51.60000000000009,180.0,0.0,331.5158649330565
52910.0,6828136.999999964,2.469151870386356e-15,51.60000000000009,180.0,0.0,332.1569832440079
52920.0,6828136.999999959,2.8273800435404434e-15,51.60000000000009,180.0,0.0,332.7981015549593
52930.0,6828136.99999995,3.227042395272295e-15,51.60000000000008,180.0,0.0,333.43921986591073
52940.0,6828136.999999929,4.364389379631801e-15,51.60000000000008,180.0,0.0,334.0803381768622
52950.0,6828136.999999973,1.6615435866790584e-15,51.60000000000008,180.0,0.0,334.7214564878136
52960.0,6828137.000000033,3.135945324651621e-15,51.60000000000008,180.0,0.0,335.3625747987651
52970.0,6828136.999999964,2.3163955914532553e-15,51.60000000000009,180.0,0.0,336.0036931097165
52980.0,6828136.999999957,2.780050858233749e-15,51.60000000000009,180.0,0.0,336.6448114206679
52990.0,6828136.99999995,3.1524532157432908e-15,51.60000000000008,180.0,0.0,337.2859297316194
53000.0,6828136.999999931,4.131964151739695e-15,51.60000000000008,180.0,0.0,337.9270480425708
53010.0,6828136.999999975,1.4997444444916318e-15,51.60000000000009,180.0,0.0,338.56816635352214
53020.0,6828137.000000034,3.3521660782896976e-15,51.60000000000008,180.0,0.0,339.2092846644736
53030.0,6828136.999999963,2.3055132143781047e-15,51.60000000000008,180.0,0.0,339.85040297542514
53040.0,6828136.999999957,2.6800256813329768e-15,51.60000000000009,180.0,0.0,340.4915212863765
53050.0,6828136.99999995,2.9818780263238737e-15,51.60000000000008,180.0,0.0,341.1326395973279
53060.0,6828136.999999929,4.1235449229532695e-15,51.60000000000009,180.0,0.0,341.7737579082794
53070.0,6828136.999999971,1.6722188063670526e-15,51.60000000000009,180.0,0.0,342.4148762192308
53080.0,6828137.000000033,3.234588188028944e-15,51.60000000000008,180.0,0.0,343.0559945301822
53090.0,6828136.999999963,2.2505276271511065e-15,51.60000000000007,180.0,0.0,343.6971128411336
53100.0,6828136.999999955,2.7361187212621777e-15,51.60000000000008,180.0,0.0,344.3382311520851
53110.0,6828136.99999995,2.959339047029248e-15,51.60000000000009,180.0,0.0,344.97934946303644
53120.0,6828136.999999927,4.2520724340019845e-15,51.60000000000008,180.0,0.0,345.62046777398797
53130.0,6828136.999999971,1.7756597393524144e-15,51.60000000000008,180.0,0.0,346.2615860849394
53140.0,6828137.000000031,3.2655571632287764e-15,51.60000000000008,180.0,0.0,346.9027043958908
53150.0,6828136.999999963,2.2168896548568388e-15,51.60000000000008,180.0,0.0,347.5438227068422
53160.0,6828136.999999959,2.470083383953723e-15,51.60000000000009,180.0,0.0,348.1849410177936
53170.0,6828136.999999952,2.6849550171779805e-15,51.60000000000009,180.0,0.0,348.8260593287451
53180.0,6828136.999999929,3.915517718694341e-15,51.60000000000008,180.0,0.0,349.4671776396965
53190.0,6828136.999999973,1.5404528581776387e-15,51.60000000000008,180.0,0.0,350.1082959506479
53200.0,6828137.000000032,3.483787601205752e-15,51.60000000000008,180.0,0.0,350.7494142615994
53210.0,6828136.999999964,1.970323704318044e-15,51.60000000000008,180.0,0.0,351.3905325725508
53220.0,6828136.999999959,2.2672591051203863e-15,51.60000000000008,180.0,0.0,352.0316508835022
53230.0,6828136.99999995,2.7969148207456284e-15,51.60000000000008,180.0,0.0,352.6727691944536
53240.0,6828136.999999927,4.020424467295159e-15,51.60000000000008,180.0,0.0,353.31388750540515
53250.0,6828136.999999973,1.3673139495254534e-15,51.60000000000007,180.0,0.0,353.95500581635656
53260.0,6828137.000000031,3.2906306790846017e-15,51.60000000000008,180.0,0.0,354.596124127308
53270.0,6828136.999999963,2.050169991881271e-15,51.60000000000007,180.0,0.0,355.23724243825933
53280.0,6828136.999999957,2.3556228176848377e-15,51.60000000000008,180.0,0.0,355.87836074921086
53290.0,6828136.99999995,2.6690400492037846e-15,51.60000000000008,180.0,0.0,356.5194790601622
53300.0,6828136.999999926,4.032805707067837e-15,51.60000000000007,180.0,0.0,357.1605973711137
53310.0,6828136.999999971,1.5071820319421615e-15,51.60000000000008,180.0,0.0,357.80171568206526
53320.0,6828137.000000032,3.714939978667537e-15,51.60000000000008,180.0,0.0,358.4428339930165
53330.0,6828136.999999963,2.0221034465494357e-15,51.60000000000007,180.0,0.0,359.08395230396815
53340.0,6828136.999999957,2.32376275092532e-15,51.60000000000007,180.0,0.0,359.72507061492064
53350.0,6828136.99999995,2.6411905787302362e-15,51.60000000000007,180.0,0.0,359.6338110741293
53360.0,6828136.999999928,3.858614701225295e-15,51.60000000000008,180.0,0.0,358.99269276317773
53370.0,6828136.999999971,1.699342475631749e-15,51.60000000000008,180.0,0.0,358.35157445222643
53380.0,6828137.000000032,3.802602697591683e-15,51.60000000000008,180.0,0.0,357.7104561412748
53390.0,6828136.999999963,2.0176409129238577e-15,51.60000000000008,180.0,0.0,357.06933783032343
53400.0,6828136.999999955,2.4854397703852655e-15,51.60000000000008,180.0,0.0,356.42821951937213
53410.0,6828136.99999995,2.698246923804398e-15,51.60000000000008,180.0,0.0,355.78710120842055
53420.0,6828136.999999928,3.763341354001212e-15,51.60000000000009,180.0,0.0,355.1459828974691
53430.0,6828136.999999972,1.6664432939141015e-15,51.60000000000008,180.0,0.0,354.5048645865177
53440.0,6828137.000000035,4.253868858110819e-15,51.60000000000008,180.0,0.0,353.86374627556626
53450.0,6828136.999999963,1.968560210872633e-15,51.60000000000008,180.0,0.0,353.2226279646148
53460.0,6828136.999999958,2.2193418372623552e-15,51.60000000000009,180.0,0.0,352.58150965366343
53470.0,6828136.99999995,2.6567645506425242e-15,51.60000000000009,180.0,0.0,351.94039134271196
53480.0,6828136.999999926,3.81069638712901e-15,51.60000000000009,180.0,0.0,351.2992730317606
53490.0,6828136.99999997,1.518971814411399e-15,51.60000000000008,180.0,0.0,350.65815472080914
53500.0,6828137.0000000335,4.078974898649823e-15,51.60000000000008,180.0,0.0,350.0170364098577
53510.0,6828136.999999962,2.02282738385888e-15,51.60000000000009,180.0,0.0,349.3759180989063
53520.0,6828136.99999996,2.054940592899929e-15,51.60000000000008,180.0,0.0,348.73479978795484
53530.0,6828136.999999948,2.7047452507274103e-15,51.60000000000008,180.0,0.0,348.09368147700343
53540.0,6828136.99999993,3.386380266610933e-15,51.60000000000009,180.0,0.0,347.45256316605196
53550.0,6828136.999999974,1.537199439631162e-15,51.60000000000008,180.0,0.0,346.81144485510055
53560.0,6828137.000000032,4.115148688499194e-15,51.60000000000008,180.0,0.0,346.17032654414913
53570.0,6828136.999999962,1.9361245642589353e-15,51.60000000000009,180.0,0.0,345.52920823319766
53580.0,6828136.999999958,2.037896667625013e-15,51.60000000000009,180.0,0.0,344.88808992224625
53590.0,6828136.999999951,2.294686290660673e-15,51.60000000000008,180.0,0.0,344.24697161129484
53600.0,6828136.999999926,3.5084625397084336e-15,51.60000000000008,180.0,0.0,343.6058533003434
53610.0,6828136.999999972,1.5029831478345938e-15,51.60000000000007,180.0,0.0,342.96473498939196
53620.0,6828137.0000000335,4.333502662995888e-15,51.60000000000008,180.0,0.0,342.32361667844054
53630.0,6828136.999999963,1.748805868580052e-15,51.60000000000008,180.0,0.0,341.6824983674891
53640.0,6828136.999999958,1.983000023407409e-15,51.60000000000008,180.0,0.0,341.04138005653766
53650.0,6828136.999999951,2.1274586185397805e-15,51.60000000000009,180.0,0.0,340.40026174558625
53660.0,6828136.999999932,2.9997135267105223e-15,51.60000000000008,180.0,0.0,339.75914343463484
53670.0,6828136.999999974,1.2398980781410282e-15,51.60000000000008,180.0,0.0,339.1180251236834
53680.0,6828137.0000000335,4.249241814257753e-15,51.60000000000008,180.0,0.0,338.47690681273195
53690.0,6828136.999999963,1.7235148131013098e-15,51.60000000000008,180.0,0.0,337.83578850178054
53700.0,6828136.999999958,1.8431891836134614e-15,51.60000000000008,180.0,0.0,337.1946701908291
53710.0,6828136.99999995,2.2588549435721463e-15,51.60000000000009,180.0,0.0,336.55355187987766
53720.0,6828136.999999929,3.1567535329507555e-15,51.60000000000008,180.0,0.0,335.91243356892625
53730.0,6828136.999999976,1.5344902169242871e-15,51.60000000000009,180.0,0.0,335.2713152579748
53740.0,6828137.000000034,4.51319922124396e-15,51.60000000000008,180.0,0.0,334.6301969470234
53750.0,6828136.9999999665,1.4750285153715447e-15,51.60000000000008,180.0,0.0,333.9890786360719
53760.0,6828136.999999962,1.6084660992940525e-15,51.60000000000008,180.0,0.0,333.34796032512054
53770.0,6828136.9999999525,1.8079621789349896e-15,51.60000000000008,180.0,0.0,332.70684201416907
53780.0,6828136.999999931,2.8784782340073394e-15,51.60000000000008,180.0,0.0,332.06572370321766
53790.0,6828136.999999974,1.377355176221575e-15,51.60000000000008,180.0,0.0,331.42460539226624
53800.0,6828137.000000034,4.510148158039787e-15,51.60000000000009,180.0,0.0,330.7834870813148
53810.0,6828136.999999965,1.4625947246969967e-15,51.60000000000008,180.0,0.0,330.14236877036336
53820.0,6828136.999999963,1.4838137109525711e-15,51.60000000000008,180.0,0.0,329.5012504594119
53830.0,6828136.9999999525,1.8390408717336696e-15,51.60000000000008,180.0,0.0,328.8601321484605
53840.0,6828136.999999927,3.1881513037894856e-15,51.60000000000008,180.0,0.0,328.219013837509
53850.0,6828136.999999976,1.4602556564063757e-15,51.60000000000009,180.0,0.0,327.5778955265576
53860.0,6828137.000000033,4.4065850045076386e-15,51.60000000000008,180.0,0.0,326.9367772156062
53870.0,6828136.999999963,1.4899898982564484e-15,51.60000000000009,180.0,0.0,326.2956589046548
53880.0,6828136.99999996,1.5619855319200277e-15,51.60000000000009,180.0,0.0,325.6545405937033
53890.0,6828136.99999995,1.902895387657928e-15,51.60000000000008,180.0,0.0,325.0134222827519
53900.0,6828136.9999999255,3.181002229929071e-15,51.60000000000008,180.0,0.0,324.3723039718005
53910.0,6828136.999999974,1.3205733173559553e-15,51.60000000000008,180.0,0.0,323.731185660849
53920.0,6828137.000000033,4.494063456559631e-15,51.60000000000008,180.0,0.0,323.0900673498976
53930.0,6828136.999999963,1.4253282190882365e-15,51.60000000000008,180.0,0.0,322.4489490389462
53940.0,6828136.999999961,1.4676512953538428e-15,51.60000000000008,180.0,0.0,321.8078307279947
53950.0,6828136.99999995,1.788457731933304e-15,51.60000000000009,180.0,0.0,321.1667124170433
53960.0,6828136.999999927,2.900046090641472e-15,51.60000000000009,180.0,0.0,320.5255941060919
53970.0,6828136.999999971,1.3141530877927529e-15,51.60000000000008,180.0,0.0,319.8844757951405
53980.0,6828137.000000031,4.427377442440315e-15,51.60000000000009,180.0,0.0,319.243357484189
53990.0,6828136.999999963,1.3374605684291815e-15,51.60000000000009,180.0,0.0,318.6022391732376
54000.0,6828136.999999956,1.5549604888762272e-15,51.60000000000009,180.0,0.0,317.9611208622862
54010.0,6828136.999999949,1.830292770056146e-15,51.60000000000008,180.0,0.0,317.3200025513347
54020.0,6828136.999999927,2.9261751008186738e-15,51.60000000000009,180.0,0.0,316.6788842403833
54030.0,6828136.999999973,1.2599249186363197e-15,51.60000000000008,180.0,0.0,316.0377659294318
54040.0,6828137.000000033,4.66110559913616e-15,51.60000000000009,180.0,0.0,315.3966476184804
54050.0,6828136.999999964,1.1854325281880811e-15,51.60000000000008,180.0,0.0,314.75552930752895
54060.0,6828136.999999955,1.462240329978374e-15,51.60000000000009,180.0,0.0,314.11441099657753
54070.0,6828136.99999995,1.6561839598754685e-15,51.60000000000008,180.0,0.0,313.4732926856261
54080.0,6828136.999999929,2.67081871839785e-15,51.60000000000008,180.0,0.0,312.8321743746747
54090.0,6828136.999999973,1.2483836876943388e-15,51.60000000000009,180.0,0.0,312.1910560637233
54100.0,6828137.000000033,4.669600544409448e-15,51.60000000000008,180.0,0.0,311.5499377527718
54110.0,6828136.999999964,1.1275190100025478e-15,51.60000000000008,180.0,0.0,310.9088194418204
54120.0,6828136.999999957,1.3052854261971572e-15,51.60000000000009,180.0,0.0,310.26770113086894
54130.0,6828136.999999949,1.7171438022295267e-15,51.60000000000008,180.0,0.0,309.62658281991753
54140.0,6828136.999999927,2.6925917251455984e-15,51.60000000000009,180.0,0.0,308.9854645089661
54150.0,6828136.999999971,1.3765094801749006e-15,51.60000000000008,180.0,0.0,308.3443461980147
54160.0,6828137.000000033,4.852112023086136e-15,51.60000000000008,180.0,0.0,307.70322788706324
54170.0,6828136.999999964,1.2511538853787188e-15,51.60000000000008,180.0,0.0,307.06210957611177
54180.0,6828136.999999957,1.3747938286172516e-15,51.60000000000008,180.0,0.0,306.4209912651604
54190.0,6828136.999999949,1.7069962033093005e-15,51.60000000000008,180.0,0.0,305.77987295420894
54200.0,6828136.999999927,2.5723985645257222e-15,51.60000000000008,180.0,0.0,305.1387546432575
54210.0,6828136.999999973,1.3427897995172364e-15,51.60000000000008,180.0,0.0,304.4976363323061
54220.0,6828137.000000033,4.944213689672616e-15,51.60000000000009,180.0,0.0,303.85651802135465
54230.0,6828136.999999966,1.202826824416858e-15,51.60000000000008,180.0,0.0,303.21539971040323
54240.0,6828136.999999957,1.2566997808213976e-15,51.60000000000008,180.0,0.0,302.57428139945176
54250.0,6828136.999999952,1.3256218448543513e-15,51.60000000000009,180.0,0.0,301.93316308850035
54260.0,6828136.999999929,2.244386803100634e-15,51.60000000000008,180.0,0.0,301.2920447775489
54270.0,6828136.999999973,1.2342104059194615e-15,51.60000000000008,180.0,0.0,300.65092646659747
54280.0,6828137.000000032,4.844711815105309e-15,51.60000000000009,180.0,0.0,300.00980815564606
54290.0,6828136.999999959,9.270259835088047e-16,51.60000000000009,180.0,0.0,299.3686898446946
54300.0,6828136.999999955,1.003122918214745e-15,51.60000000000008,180.0,0.0,298.7275715337432
54310.0,6828136.999999949,1.2495251410842843e-15,51.60000000000009,180.0,0.0,298.08645322279176
54320.0,6828136.999999927,2.2844964835509305e-15,51.60000000000008,180.0,0.0,297.44533491184035
54330.0,6828136.999999973,1.223184099721942e-15,51.60000000000008,180.0,0.0,296.8042166008889
54340.0,6828137.000000032,4.806523994237268e-15,51.60000000000008,180.0,0.0,296.16309828993747
54350.0,6828136.999999963,7.360339781301014e-16,51.60000000000008,180.0,0.0,295.52197997898605
54360.0,6828136.999999957,7.944269896028472e-16,51.60000000000008,180.0,0.0,294.8808616680346
54370.0,6828136.99999995,1.0069383713617653e-15,51.60000000000008,180.0,0.0,294.23974335708317
54380.0,6828136.999999927,2.276322183193391e-15,51.60000000000007,180.0,0.0,293.59862504613176
54390.0,6828136.999999973,1.1870814797945618e-15,51.60000000000007,180.0,0.0,292.95750673518035
54400.0,6828137.000000031,4.716661780150117e-15,51.60000000000007,180.0,0.0,292.3163884242289
54410.0,6828136.999999963,6.881595016620462e-16,51.60000000000008,180.0,0.0,291.67527011327746
54420.0,6828136.999999957,7.02946582871342e-16,51.60000000000009,180.0,0.0,291.03415180232605
54430.0,6828136.999999949,1.0914437926613315e-15,51.60000000000009,180.0,0.0,290.3930334913746
54440.0,6828136.999999927,2.1126049460511875e-15,51.60000000000008,180.0,0.0,289.75191518042317
54450.0,6828136.999999973,1.1773705115812363e-15,51.60000000000008,180.0,0.0,289.1107968694717
54460.0,6828137.000000032,4.938826809031705e-15,51.60000000000007,180.0,0.0,288.4696785585203
54470.0,6828136.999999963,6.668271120732869e-16,51.60000000000008,180.0,0.0,287.8285602475688
54480.0,6828136.999999957,7.108122587938592e-16,51.60000000000008,180.0,0.0,287.1874419366174
54490.0,6828136.99999995,9.113665405189617e-16,51.60000000000007,180.0,0.0,286.546323625666
54500.0,6828136.999999929,1.9968296903921043e-15,51.60000000000008,180.0,0.0,285.9052053147145
54510.0,6828136.999999975,1.3234584234675043e-15,51.60000000000008,180.0,0.0,285.2640870037631
54520.0,6828137.000000032,4.949907017676387e-15,51.60000000000008,180.0,0.0,284.62296869281164
54530.0,6828136.999999964,7.923216548698203e-16,51.60000000000008,180.0,0.0,283.9818503818602
54540.0,6828136.999999957,6.682696002340467e-16,51.60000000000009,180.0,0.0,283.3407320709088
54550.0,6828136.999999949,9.697631255338066e-16,51.60000000000007,180.0,0.0,282.69961375995734
54560.0,6828136.999999927,2.0922252868130916e-15,51.60000000000008,180.0,0.0,282.05849544900593
54570.0,6828136.999999973,1.1533419603856668e-15,51.60000000000008,180.0,0.0,281.4173771380545
54580.0,6828137.0000000335,5.1760535576469994e-15,51.60000000000008,180.0,0.0,280.7762588271031
54590.0,6828136.999999963,6.894083346589427e-16,51.60000000000008,180.0,0.0,280.13514051615164
54600.0,6828136.999999959,6.604646751759653e-16,51.60000000000009,180.0,0.0,279.4940222052002
54610.0,6828136.999999949,9.726131898537699e-16,51.60000000000008,180.0,0.0,278.8529038942488
54620.0,6828136.999999928,1.9597197594101603e-15,51.60000000000008,180.0,0.0,278.21178558329734
54630.0,6828136.999999975,1.32639829895757e-15,51.60000000000009,180.0,0.0,277.57066727234593
54640.0,6828137.0000000335,5.137526957161127e-15,51.60000000000008,180.0,0.0,276.92954896139446
54650.0,6828136.999999963,4.679324473695644e-16,51.60000000000008,180.0,0.0,276.28843065044305
54660.0,6828136.999999957,4.2616078249369455e-16,51.60000000000009,180.0,0.0,275.6473123394916
54670.0,6828136.99999995,6.297493049716567e-16,51.60000000000008,180.0,0.0,275.00619402854016
54680.0,6828136.999999927,2.0556329142039976e-15,51.60000000000009,180.0,0.0,274.36507571758875
54690.0,6828136.999999975,1.3025364194323526e-15,51.60000000000008,180.0,0.0,273.72395740663734
54700.0,6828137.0000000335,5.13366841480832e-15,51.60000000000008,180.0,0.0,273.0828390956859
54710.0,6828136.999999966,7.125996285746134e-16,51.60000000000008,180.0,0.0,272.44172078473446
54720.0,6828136.999999961,4.118787091117668e-16,51.60000000000008,180.0,0.0,271.80060247378304
54730.0,6828136.999999952,4.883714580953831e-16,51.60000000000008,180.0,0.0,271.1594841628316
54740.0,6828136.999999928,1.9245339138026592e-15,51.60000000000008,180.0,0.0,270.51836585188016
54750.0,6828136.999999975,1.3090115254709794e-15,51.60000000000008,180.0,0.0,269.87724754092875
54760.0,6828137.0000000335,5.137465761891628e-15,51.60000000000008,180.0,0.0,269.2361292299773
54770.0,6828136.999999963,3.7789138793635083e-16,51.60000000000008,180.0,0.0,268.59501091902587
54780.0,6828136.999999959,3.016520756611243e-16,51.60000000000008,180.0,0.0,267.9538926080744
54790.0,6828136.999999952,4.570422538105058e-16,51.60000000000008,180.0,0.0,267.312774297123
54800.0,6828136.999999928,1.921165468005382e-15,51.60000000000008,180.0,0.0,266.6716559861716
54810.0,6828136.999999975,1.433498315872826e-15,51.60000000000008,180.0,0.0,266.0305376752201
54820.0,6828137.000000032,5.011922786682899e-15,51.60000000000009,180.0,0.0,265.3894193642687
54830.0,6828136.999999963,4.77742317032387e-16,51.60000000000008,180.0,0.0,264.7483010533172
54840.0,6828136.999999959,3.5902758192893475e-16,51.60000000000008,180.0,0.0,264.1071827423658
54850.0,6828136.999999952,4.1484768956426134e-16,51.60000000000009,180.0,0.0,263.4660644314144
54860.0,6828136.999999928,1.803242697892109e-15,51.60000000000008,180.0,0.0,262.824946120463
54870.0,6828136.999999975,1.4329754103580079e-15,51.60000000000008,180.0,0.0,262.1838278095115
54880.0,6828137.000000035,5.5133097099310746e-15,51.60000000000007,180.0,0.0,261.5427094985601
54890.0,6828136.999999964,5.589001868444156e-16,51.60000000000008,180.0,0.0,260.9015911876087
54900.0,6828136.999999959,2.543412667917719e-16,51.60000000000009,180.0,0.0,260.2604728766572
54910.0,6828136.999999952,2.800395974611808e-16,51.60000000000008,180.0,0.0,259.6193545657058
54920.0,6828136.999999932,1.404632976006743e-15,51.60000000000008,180.0,0.0,101.02176374524562
54930.0,6828136.999999973,1.2781453431008843e-15,51.60000000000008,180.0,0.0,258.3371179438029
54940.0,6828137.000000035,5.5029084765880145e-15,51.60000000000007,180.0,0.0,257.6959996328515
54950.0,6828136.999999966,7.907771086155424e-16,51.60000000000007,180.0,0.0,257.05488132190004
54960.0,6828136.999999959,2.963787446188335e-16,51.60000000000008,180.0,0.0,256.4137630109487
54970.0,6828136.999999952,2.9854692118577336e-16,51.60000000000008,180.0,0.0,255.77264469999722
54980.0,6828136.999999928,1.7890584600441397e-15,51.60000000000008,180.0,0.0,255.1315263890458
54990.0,6828136.999999975,1.4439817963010518e-15,51.60000000000008,180.0,0.0,254.49040807809436
55000.0,6828137.0000000335,5.4000666096562594e-15,51.60000000000007,180.0,0.0,253.84928976714292
55010.0,6828136.999999964,7.025793919441525e-16,51.60000000000008,180.0,0.0,253.20817145619148
55020.0,6828136.999999959,3.418365343443751e-16,51.60000000000007,180.0,0.0,252.56705314524004
55030.0,6828136.999999951,3.172954853007469e-16,51.60000000000007,180.0,0.0,251.9259348342886
55040.0,6828136.999999928,1.78839793932901e-15,51.60000000000008,180.0,0.0,251.28481652333718
55050.0,6828136.999999973,1.2849689837823293e-15,51.60000000000007,180.0,0.0,250.64369821238574
55060.0,6828137.0000000335,5.372771191684406e-15,51.60000000000008,180.0,0.0,250.0025799014343
55070.0,6828136.999999961,2.822057269042567e-16,51.60000000000007,180.0,0.0,249.36146159048286
55080.0,6828136.999999959,3.1972300434807504e-16,51.60000000000009,180.0,0.0,248.72034327953142
55090.0,6828136.99999995,4.167888655923715e-16,51.60000000000008,180.0,0.0,248.07922496857998
55100.0,6828136.99999993,1.532670168163511e-15,51.60000000000008,180.0,0.0,247.43810665762857
55110.0,6828136.999999973,1.2849599226060914e-15,51.60000000000008,180.0,0.0,246.79698834667713
55120.0,6828137.0000000335,5.374990837968155e-15,51.60000000000007,180.0,0.0,246.15587003572568
55130.0,6828136.999999963,5.428666177780903e-16,51.60000000000008,180.0,0.0,245.51475172477424
55140.0,6828136.999999959,2.685989892046488e-16,51.60000000000007,180.0,0.0,244.8736334138228
55150.0,6828136.99999995,3.9531346385964873e-16,51.60000000000008,180.0,0.0,244.23251510287136
55160.0,6828136.999999928,1.78682801909046e-15,51.60000000000008,180.0,0.0,116.40860320808001
55170.0,6828136.999999973,1.2772240787051692e-15,51.60000000000008,180.0,0.0,242.9502784809685
55180.0,6828137.0000000335,5.36593339173937e-15,51.60000000000007,180.0,0.0,242.30916017001712
55190.0,6828136.999999964,6.38215387852224e-16,51.60000000000008,180.0,0.0,118.33195814093432
55200.0,6828136.999999959,2.573173707666943e-16,51.60000000000009,180.0,0.0,118.97307645188576
55210.0,6828136.99999995,3.8378387828754325e-16,51.60000000000009,180.0,0.0,240.3858052371628
55220.0,6828136.999999926,1.9154341907281297e-15,51.60000000000008,180.0,0.0,120.25531307378863
55230.0,6828136.999999974,1.405564202657471e-15,51.60000000000008,180.0,0.0,120.89643138474007
55240.0,6828137.0000000335,5.368950859530613e-15,51.60000000000009,180.0,0.0,238.4624503043085
55250.0,6828136.999999963,5.113705421862419e-16,51.60000000000008,180.0,0.0,237.82133199335712
55260.0,6828136.999999957,1.2811473542283833e-16,51.60000000000008,180.0,0.0,237.18021368240568
55270.0,6828136.999999949,5.182141199985313e-16,51.60000000000008,180.0,0.0,236.53909537145424
55280.0,6828136.999999928,1.6625659976197136e-15,51.60000000000008,180.0,0.0,124.10202293949722
55290.0,6828136.999999973,1.2840431638807007e-15,51.60000000000008,180.0,0.0,235.25685874955136
55300.0,6828137.0000000335,5.376150667843416e-15,51.60000000000009,180.0,0.0,234.61574043859991
55310.0,6828136.999999963,5.173314411786049e-16,51.60000000000009,180.0,0.0,126.02537787235151
55320.0,6828136.999999957,1.42331895219505e-16,51.60000000000008,180.0,0.0,126.66649618330297
55330.0,6828136.999999949,5.131446571983753e-16,51.60000000000008,180.0,0.0,127.30761449425438
55340.0,6828136.999999928,1.6611365239467861e-15,51.60000000000009,180.0,0.0,127.94873280520582
55350.0,6828136.99999997,1.163498377886398e-15,51.60000000000009,180.0,0.0,128.58985111615726
55360.0,6828137.000000032,5.2361433046500725e-15,51.60000000000009,180.0,0.0,230.7690305728913
55370.0,6828136.999999963,5.182046540634111e-16,51.60000000000009,180.0,0.0,129.87208773806012
55380.0,6828136.999999957,1.5392171266511207e-16,51.60000000000008,180.0,0.0,130.51320604901156
55390.0,6828136.999999949,5.184654096920502e-16,51.60000000000008,180.0,0.0,131.15432435996297
55400.0,6828136.999999926,1.791575584230808e-15,51.60000000000008,180.0,0.0,131.7954426709144
55410.0,6828136.999999969,1.0354817555402485e-15,51.60000000000008,180.0,0.0,132.43656098186585
55420.0,6828137.000000032,5.236112340946835e-15,51.60000000000009,180.0,0.0,226.9223207071827
55430.0,6828136.999999963,5.146057743867236e-16,51.60000000000009,180.0,0.0,133.7187976037687
55440.0,6828136.999999957,1.4785408540390584e-16,51.60000000000008,180.0,0.0,134.35991591472015
55450.0,6828136.99999995,3.8453533156314547e-16,51.60000000000008,180.0,0.0,135.0010342256716
55460.0,6828136.999999925,2.0441011534477048e-15,51.60000000000009,180.0,0.0,135.64215253662303
55470.0,6828136.999999967,8.98408264539635e-16,51.60000000000009,180.0,0.0,223.71672915242553
55480.0,6828137.000000032,5.243835143907324e-15,51.60000000000008,180.0,0.0,223.07561084147412
55490.0,6828136.999999963,6.397702591373825e-16,51.60000000000009,180.0,0.0,137.56550746947732
55500.0,6828136.999999955,4.594158206400302e-17,51.60000000000008,180.0,0.0,221.79337421957126
55510.0,6828136.99999995,3.8444831707530024e-16,51.60000000000009,180.0,0.0,221.15225590861982
55520.0,6828136.999999926,1.786873428327181e-15,51.60000000000008,180.0,0.0,139.4888624023316
55530.0,6828136.99999997,1.1521357432637881e-15,51.60000000000008,180.0,0.0,219.87001928671697
55540.0,6828137.000000032,5.243481296831642e-15,51.60000000000008,180.0,0.0,219.2289009757655
55550.0,6828136.999999961,3.913274551726725e-16,51.60000000000008,180.0,0.0,141.41221733518591
55560.0,6828136.999999955,6.095085044910419e-17,51.60000000000008,180.0,0.0,142.05333564613736
55570.0,6828136.99999995,3.8298616021379584e-16,51.60000000000008,180.0,0.0,217.30554604291123
55580.0,6828136.999999928,1.659450075682094e-15,51.60000000000009,180.0,0.0,143.33557226804018
55590.0,6828136.999999973,1.276308126320144e-15,51.60000000000008,180.0,0.0,143.97669057899162
55600.0,6828137.000000031,4.995346413728337e-15,51.60000000000008,180.0,0.0,215.38219111005694
55610.0,6828136.999999961,4.107943991864172e-16,51.60000000000009,180.0,0.0,214.7410727991055
55620.0,6828136.999999955,1.4519111763611997e-16,51.60000000000008,180.0,0.0,214.09995448815405
55630.0,6828136.99999995,3.86035534684362e-16,51.60000000000008,180.0,0.0,213.4588361772026
55640.0,6828136.999999926,1.793973140988364e-15,51.60000000000009,180.0,0.0,147.1822821337488
55650.0,6828136.999999969,1.058931997203045e-15,51.60000000000009,180.0,0.0,147.82340044470024
55660.0,6828137.000000032,5.232872734782692e-15,51.60000000000008,180.0,0.0,211.53548124434832
55670.0,6828136.999999963,5.177120806831863e-16,51.60000000000008,180.0,0.0,149.10563706660312
55680.0,6828136.999999955,2.887395748147125e-17,51.60000000000009,180.0,0.0,149.74675537755456
55690.0,6828136.999999949,5.126341261089992e-16,51.60000000000009,180.0,0.0,150.38787368850598
55700.0,6828136.999999926,1.9217864945236687e-15,51.60000000000008,180.0,0.0,151.0289919994574
55710.0,6828136.999999969,1.0485937204023862e-15,51.60000000000008,180.0,0.0,151.67011031040886
55720.0,6828137.0000000335,5.360986035755237e-15,51.60000000000009,180.0,0.0,152.31122862136024
55730.0,6828136.999999961,4.505500276813925e-16,51.6000000000001,180.0,0.0,152.9523469323117
55740.0,6828136.999999955,2.900275321235786e-16,51.60000000000008,180.0,0.0,153.59346524326318
55750.0,6828136.999999949,5.796499827068945e-16,51.60000000000009,180.0,0.0,154.2345835542146
55760.0,6828136.999999926,1.958609764318695e-15,51.60000000000009,180.0,0.0,154.875701865166
55770.0,6828136.999999967,9.050536004174687e-16,51.60000000000009,180.0,0.0,155.51682017611748
55780.0,6828137.000000031,4.9798126227427955e-15,51.60000000000009,180.0,0.0,203.84206151293114
55790.0,6828136.999999961,4.2610552808220844e-16,51.60000000000009,180.0,0.0,156.7990567980203
55800.0,6828136.999999953,3.077757197477459e-16,51.6000000000001,180.0,0.0,157.44017510897174
55810.0,6828136.999999949,5.401548654506391e-16,51.60000000000009,180.0,0.0,158.08129341992318
55820.0,6828136.999999926,1.9377610163796633e-15,51.60000000000009,180.0,0.0,158.7224117308746
55830.0,6828136.999999967,9.2033219594621e-16,51.60000000000009,180.0,0.0,159.36353004182604
55840.0,6828137.000000032,5.232989867806218e-15,51.6000000000001,180.0,0.0,199.99535164722252
55850.0,6828136.999999963,5.810126422176073e-16,51.6000000000001,180.0,0.0,160.6457666637289
55860.0,6828136.999999957,2.634809271792661e-16,51.6000000000001,180.0,0.0,161.28688497468033
55870.0,6828136.99999995,4.516928251215957e-16,51.60000000000009,180.0,0.0,161.92800328563175
55880.0,6828136.999999925,2.0575926268840238e-15,51.6000000000001,180.0,0.0,162.56912159658322
55890.0,6828136.999999967,7.846277983226886e-16,51.6000000000001,180.0,0.0,163.21023990753463
55900.0,6828137.000000031,4.980847676347201e-15,51.60000000000009,180.0,0.0,196.14864178151396
55910.0,6828136.999999961,3.182928185271488e-16,51.6000000000001,180.0,0.0,164.49247652943748
55920.0,6828136.999999957,2.261598092722624e-16,51.60000000000009,180.0,0.0,165.1335948403889
55930.0,6828136.999999949,5.637703421539024e-16,51.60000000000009,180.0,0.0,165.77471315134036
55940.0,6828136.999999926,1.9529982828886366e-15,51.60000000000009,180.0,0.0,166.41583146229178
55950.0,6828136.999999969,1.075982520988851e-15,51.6000000000001,180.0,0.0,167.05694977324325
55960.0,6828137.000000029,4.722956314574278e-15,51.6000000000001,180.0,0.0,167.69806808419463
55970.0,6828136.999999961,4.031997983355012e-16,51.6000000000001,180.0,0.0,168.33918639514604
55980.0,6828136.999999953,4.110827015619895e-16,51.60000000000009,180.0,0.0,168.98030470609757
55990.0,6828136.999999949,6.108514478765558e-16,51.6000000000001,180.0,0.0,169.62142301704898
56000.0,6828136.999999925,2.0924165899754483e-15,51.60000000000009,180.0,0.0,170.26254132800045
56010.0,6828136.999999967,8.359195057216931e-16,51.6000000000001,180.0,0.0,170.90365963895184
56020.0,6828137.000000031,4.977751163464425e-15,51.6000000000001,180.0,0.0,171.54477794990325
56030.0,6828136.999999959,3.8491227045414743e-16,51.6000000000001,180.0,0.0,172.18589626085466
56040.0,6828136.999999955,3.602698853267069e-16,51.6000000000001,180.0,0.0,172.82701457180607
56050.0,6828136.999999949,6.056363866784007e-16,51.60000000000009,180.0,0.0,173.4681328827576
56060.0,6828136.999999923,2.332044555672079e-15,51.6000000000001,180.0,0.0,174.10925119370899
56070.0,6828136.999999969,1.081094130583853e-15,51.6000000000001,180.0,0.0,174.7503695046605
56080.0,6828137.000000031,4.978813015609673e-15,51.6000000000001,180.0,0.0,175.3914878156118
56090.0,6828136.999999961,4.645234936054553e-16,51.6000000000001,180.0,0.0,176.0326061265633
56100.0,6828136.999999953,4.641511552725113e-16,51.60000000000009,180.0,0.0,176.6737244375147
56110.0,6828136.999999949,6.94335569961129e-16,51.60000000000009,180.0,0.0,177.31484274846633
56120.0,6828136.999999926,2.0252699380307463e-15,51.60000000000009,180.0,0.0,177.9559610594175
56130.0,6828136.999999967,1.0801822638288324e-15,51.6000000000001,180.0,0.0,178.59707937036927
56140.0,6828137.000000031,4.984269374257585e-15,51.6000000000001,180.0,0.0,179.2381976813201
56150.0,6828136.999999959,4.67234194947379e-16,51.60000000000009,180.0,0.0,179.87931599227355
56160.0,6828136.999999953,5.236889451000003e-16,51.6000000000001,180.0,0.0,179.47956569677706
56170.0,6828136.999999947,9.14627723706324e-16,51.6000000000001,180.0,0.0,178.8384473858254
56180.0,6828136.999999923,2.3830366229270707e-15,51.6000000000001,180.0,0.0,178.197329074874
56190.0,6828136.999999967,9.381611350583684e-16,51.60000000000009,180.0,0.0,177.55621076392234
56200.0,6828137.000000029,4.855065747113129e-15,51.60000000000008,180.0,0.0,176.91509245297104
56210.0,6828136.999999959,4.586154627334435e-16,51.6000000000001,180.0,0.0,176.27397414201945
56220.0,6828136.999999953,5.27012085153726e-16,51.60000000000009,180.0,0.0,175.632855831068
56230.0,6828136.999999945,1.0231166847752468e-15,51.60000000000009,180.0,0.0,174.99173752011666
56240.0,6828136.999999925,2.2568984728040624e-15,51.60000000000009,180.0,0.0,174.35061920916513
56250.0,6828136.999999966,8.79612986759397e-16,51.60000000000009,180.0,0.0,173.70950089821378
56260.0,6828137.000000029,4.7337107888342655e-15,51.6000000000001,180.0,0.0,173.0683825872623
56270.0,6828136.999999959,5.388836672555725e-16,51.6000000000001,180.0,0.0,172.42726427631092
56280.0,6828136.99999995,8.335001923086575e-16,51.60000000000009,180.0,0.0,171.7861459653595
56290.0,6828136.999999945,1.0339166058641183e-15,51.6000000000001,180.0,0.0,171.14502765440804
56300.0,6828136.999999923,2.3896657736266026e-15,51.6000000000001,180.0,0.0,170.50390934345663
56310.0,6828136.999999966,9.241906098529212e-16,51.6000000000001,180.0,0.0,169.8627910325052
56320.0,6828137.000000029,4.743657847903429e-15,51.6000000000001,180.0,0.0,169.2216727215538
56330.0,6828136.999999955,7.816226159336207e-16,51.60000000000009,180.0,0.0,168.58055441060236
56340.0,6828136.999999953,7.462647667951115e-16,51.6000000000001,180.0,0.0,167.9394360996509
56350.0,6828136.999999945,1.2179469589897007e-15,51.60000000000009,180.0,0.0,167.29831778869948
56360.0,6828136.999999924,2.4331065225356408e-15,51.60000000000009,180.0,0.0,166.65719947774804
56370.0,6828136.999999966,1.0066920032445561e-15,51.60000000000011,180.0,0.0,166.0160811667966
56380.0,6828137.000000027,4.372309794211683e-15,51.6000000000001,180.0,0.0,165.37496285584515
56390.0,6828136.999999957,7.947461668787339e-16,51.6000000000001,180.0,0.0,164.73384454489374
56400.0,6828136.999999952,9.831540943033813e-16,51.6000000000001,180.0,0.0,164.09272623394233
56410.0,6828136.999999945,1.2580150191223104e-15,51.60000000000009,180.0,0.0,163.45160792299092
56420.0,6828136.999999923,2.66087216664516e-15,51.6000000000001,180.0,0.0,162.81048961203942
56430.0,6828136.999999967,8.067010368592049e-16,51.6000000000001,180.0,0.0,162.169371301088
56440.0,6828137.000000029,4.478339507209064e-15,51.60000000000009,180.0,0.0,161.52825299013656
56450.0,6828136.999999957,7.472705536322358e-16,51.6000000000001,180.0,0.0,160.88713467918512
56460.0,6828136.999999952,8.817634993400834e-16,51.60000000000011,180.0,0.0,160.24601636823374
56470.0,6828136.999999947,1.224879689897923e-15,51.6000000000001,180.0,0.0,159.60489805728227
56480.0,6828136.9999999255,2.304185852737055e-15,51.6000000000001,180.0,0.0,158.9637797463308
56490.0,6828136.999999964,7.939168076467522e-16,51.6000000000001,180.0,0.0,158.3226614353794
56500.0,6828137.000000025,4.2384593265694545e-15,51.60000000000011,180.0,0.0,157.68154312442798
56510.0,6828136.999999957,7.129970679311473e-16,51.60000000000009,180.0,0.0,157.04042481347653
56520.0,6828136.999999952,9.396824553850876e-16,51.6000000000001,180.0,0.0,156.39930650252512
56530.0,6828136.999999945,1.216656367546962e-15,51.6000000000001,180.0,0.0,155.75818819157368
56540.0,6828136.999999923,2.643471761176832e-15,51.6000000000001,180.0,0.0,155.11706988062224
56550.0,6828136.999999969,8.921535387214792e-16,51.6000000000001,180.0,0.0,154.4759515696708
56560.0,6828137.000000027,4.343741092882774e-15,51.60000000000009,180.0,0.0,153.83483325871936
56570.0,6828136.999999957,5.793399204467399e-16,51.6000000000001,180.0,0.0,153.19371494776797
56580.0,6828136.99999995,1.0182777282037312e-15,51.6000000000001,180.0,0.0,152.55259663681653
56590.0,6828136.999999943,1.388900823069702e-15,51.60000000000009,180.0,0.0,151.9114783258651
56600.0,6828136.999999924,2.5454950999132412e-15,51.6000000000001,180.0,0.0,151.27036001491362
56610.0,6828136.999999969,8.965693585743891e-16,51.6000000000001,180.0,0.0,150.6292417039622
56620.0,6828137.000000027,4.358177680093734e-15,51.60000000000011,180.0,0.0,149.98812339301077
56630.0,6828136.999999957,6.510108417129569e-16,51.6000000000001,180.0,0.0,149.34700508205935
56640.0,6828136.999999952,1.0347612428481812e-15,51.6000000000001,180.0,0.0,148.7058867711079
56650.0,6828136.999999947,1.1271813798876256e-15,51.60000000000009,180.0,0.0,148.0647684601565
56660.0,6828136.999999923,2.746390059196847e-15,51.6000000000001,180.0,0.0,147.42365014920503
56670.0,6828136.999999966,5.146822551859234e-16,51.60000000000009,180.0,0.0,146.78253183825362
56680.0,6828137.000000028,4.344373415091588e-15,51.60000000000009,180.0,0.0,146.14141352730218
56690.0,6828136.999999957,5.863774305596576e-16,51.6000000000001,180.0,0.0,145.50029521635074
56700.0,6828136.999999952,9.594873256391239e-16,51.6000000000001,180.0,0.0,144.85917690539932
56710.0,6828136.999999945,1.3529046802536402e-15,51.6000000000001,180.0,0.0,144.2180585944479
56720.0,6828136.999999924,2.5798465899786397e-15,51.6000000000001,180.0,0.0,143.57694028349647
56730.0,6828136.999999967,5.620098031351791e-16,51.60000000000011,180.0,0.0,142.93582197254503
56740.0,6828137.000000028,4.215054808749762e-15,51.60000000000009,180.0,0.0,142.2947036615936
56750.0,6828136.999999955,9.169344085850432e-16,51.6000000000001,180.0,0.0,141.65358535064215
56760.0,6828136.99999995,1.2201785221801277e-15,51.60000000000009,180.0,0.0,141.0124670396907
56770.0,6828136.999999945,1.4902123800769257e-15,51.6000000000001,180.0,0.0,140.3713487287393
56780.0,6828136.999999923,2.8932910591107533e-15,51.6000000000001,180.0,0.0,139.73023041778785
56790.0,6828136.999999966,6.559905447944823e-16,51.60000000000011,180.0,0.0,139.0891121068364
56800.0,6828137.000000026,3.96567622644153e-15,51.60000000000011,180.0,0.0,138.447993795885
56810.0,6828136.999999957,8.639952601355595e-16,51.6000000000001,180.0,0.0,137.80687548493356
56820.0,6828136.99999995,1.3639373200064609e-15,51.6000000000001,180.0,0.0,137.16575717398212
56830.0,6828136.999999943,1.7261103545427509e-15,51.60000000000009,180.0,0.0,136.5246388630307
56840.0,6828136.9999999255,2.6343209980622338e-15,51.6000000000001,180.0,0.0,135.8835205520793
56850.0,6828136.999999967,5.931795973063095e-16,51.60000000000011,180.0,0.0,135.24240224112785
56860.0,6828137.000000024,3.7179434468674554e-15,51.60000000000009,180.0,0.0,134.6012839301764
56870.0,6828136.999999955,1.0482872479908376e-15,51.6000000000001,180.0,0.0,133.96016561922497
56880.0,6828136.99999995,1.4151003104687772e-15,51.6000000000001,180.0,0.0,133.31904730827353
56890.0,6828136.999999945,1.6131702561593326e-15,51.6000000000001,180.0,0.0,132.67792899732208
56900.0,6828136.9999999255,2.628991744740273e-15,51.6000000000001,180.0,0.0,132.03681068637067
56910.0,6828136.999999966,6.099803153913096e-16,51.60000000000011,180.0,0.0,131.39569237541923
56920.0,6828137.000000024,3.705391944046606e-15,51.60000000000009,180.0,0.0,130.75457406446782
56930.0,6828136.999999954,1.1043327813538056e-15,51.6000000000001,180.0,0.0,130.1134557535164
56940.0,6828136.99999995,1.3265280262046196e-15,51.6000000000001,180.0,0.0,129.47233744256496
56950.0,6828136.999999942,1.9948376852116122e-15,51.6000000000001,180.0,0.0,128.8312191316135
56960.0,6828136.999999923,3.1347872341003853e-15,51.6000000000001,180.0,0.0,128.19010082066208
56970.0,6828136.999999966,6.698577949334899e-16,51.6000000000001,180.0,0.0,127.54898250971065
56980.0,6828137.000000022,3.45981643833291e-15,51.60000000000011,180.0,0.0,126.90786419875924
56990.0,6828136.999999955,9.90496277100431e-16,51.6000000000001,180.0,0.0,126.26674588780779
57000.0,6828136.99999995,1.4832110743729545e-15,51.6000000000001,180.0,0.0,125.62562757685637
57010.0,6828136.999999941,1.9573150522085866e-15,51.6000000000001,180.0,0.0,124.98450926590493
57020.0,6828136.999999921,3.2287245210068537e-15,51.6000000000001,180.0,0.0,124.34339095495349
57030.0,6828136.999999966,5.348295332343639e-16,51.60000000000011,180.0,0.0,123.70227264400206
57040.0,6828137.000000026,3.833318913529028e-15,51.60000000000011,180.0,0.0,123.06115433305065
57050.0,6828136.999999955,9.691449514424307e-16,51.6000000000001,180.0,0.0,122.42003602209921
57060.0,6828136.99999995,1.3067767834848708e-15,51.6000000000001,180.0,0.0,121.77891771114778
57070.0,6828136.999999943,1.8261010996844024e-15,51.6000000000001,180.0,0.0,121.13779940019634
57080.0,6828136.999999919,3.481041120666104e-15,51.6000000000001,180.0,0.0,120.4966810892449
57090.0,6828136.999999966,5.575703133560855e-16,51.6000000000001,180.0,0.0,119.85556277829347
57100.0,6828137.000000028,4.0886260693205386e-15,51.6000000000001,180.0,0.0,119.21444446734206
57110.0,6828136.999999954,1.0926160668060532e-15,51.6000000000001,180.0,0.0,118.57332615639062
57120.0,6828136.999999951,1.357493475215339e-15,51.6000000000001,180.0,0.0,117.93220784543917
57130.0,6828136.999999943,1.838173978867995e-15,51.6000000000001,180.0,0.0,117.29108953448775
57140.0,6828136.999999921,3.2532572025737846e-15,51.6000000000001,180.0,0.0,116.64997122353631
57150.0,6828136.999999966,6.713524572180135e-16,51.6000000000001,180.0,0.0,116.00885291258487
57160.0,6828137.000000028,4.1048141231361865e-15,51.60000000000009,180.0,0.0,115.36773460163346
57170.0,6828136.999999955,1.0441865019667022e-15,51.6000000000001,180.0,0.0,114.72661629068203
57180.0,6828136.999999952,1.2677670730442689e-15,51.6000000000001,180.0,0.0,114.08549797973059
57190.0,6828136.999999941,1.9754117225933064e-15,51.60000000000009,180.0,0.0,113.44437966877916
57200.0,6828136.999999923,3.1533900225374e-15,51.6000000000001,180.0,0.0,112.80326135782774
57210.0,6828136.999999966,8.326559480183402e-16,51.6000000000001,180.0,0.0,112.1621430468763
57220.0,6828137.000000026,3.8747754307466035e-15,51.6000000000001,180.0,0.0,111.52102473592487
57230.0,6828136.999999954,1.2605699121065863e-15,51.6000000000001,180.0,0.0,110.87990642497344
57240.0,6828136.999999952,1.3456805751268562e-15,51.6000000000001,180.0,0.0,110.238788114022
57250.0,6828136.999999943,1.9456430508979853e-15,51.6000000000001,180.0,0.0,109.59766980307056
57260.0,6828136.999999923,3.207063509931469e-15,51.6000000000001,180.0,0.0,108.95655149211913
57270.0,6828136.999999967,9.196104378712597e-16,51.6000000000001,180.0,0.0,108.31543318116769
57280.0,6828137.000000028,4.011269969597765e-15,51.60000000000011,180.0,0.0,107.67431487021626
57290.0,6828136.999999957,1.096516238610717e-15,51.6000000000001,180.0,0.0,107.03319655926482
57300.0,6828136.9999999525,1.4123501745968023e-15,51.6000000000001,180.0,0.0,106.39207824831341
57310.0,6828136.999999945,1.8677580290557273e-15,51.60000000000011,180.0,0.0,105.75095993736197
57320.0,6828136.999999923,3.218219547998724e-15,51.6000000000001,180.0,0.0,105.10984162641053
57330.0,6828136.9999999665,9.92041731182289e-16,51.60000000000011,180.0,0.0,104.4687233154591
57340.0,6828137.000000028,3.899258301972639e-15,51.60000000000011,180.0,0.0,103.82760500450767
57350.0,6828136.99999996,1.1091720944175099e-15,51.6000000000001,180.0,0.0,103.18648669355625
57360.0,6828136.9999999525,1.4662720394436459e-15,51.6000000000001,180.0,0.0,102.5453683826048
57370.0,6828136.999999944,2.0444238676594208e-15,51.6000000000001,180.0,0.0,101.90425007165338
57380.0,6828136.999999923,3.389022983113627e-15,51.6000000000001,180.0,0.0,101.26313176070194
57390.0,6828136.999999968,1.170504611330348e-15,51.60000000000011,180.0,0.0,100.6220134497505
57400.0,6828137.000000028,3.916885206061455e-15,51.60000000000011,180.0,0.0,99.98089513879908
57410.0,6828136.999999962,1.0700526050377705e-15,51.60000000000011,180.0,0.0,99.33977682784766
57420.0,6828136.9999999525,1.5829360307764888e-15,51.6000000000001,180.0,0.0,98.69865851689622
57430.0,6828136.999999948,1.8028204838219304e-15,51.60000000000011,180.0,0.0,98.05754020594479
57440.0,6828136.999999921,3.594437515446057e-15,51.6000000000001,180.0,0.0,97.41642189499336
57450.0,6828136.9999999665,8.351525753372564e-16,51.60000000000011,180.0,0.0,96.77530358404194
57460.0,6828137.000000026,3.600165412822127e-15,51.6000000000001,180.0,0.0,96.1341852730905
57470.0,6828136.99999996,1.1800546931905304e-15,51.6000000000001,180.0,0.0,95.49306696213907
57480.0,6828136.999999951,1.7052013007149042e-15,51.6000000000001,180.0,0.0,94.85194865118763
57490.0,6828136.999999946,1.936362775018361e-15,51.6000000000001,180.0,0.0,94.2108303402362
57500.0,6828136.999999923,3.417192345939851e-15,51.6000000000001,180.0,0.0,93.56971202928477
57510.0,6828136.999999968,7.509792400997933e-16,51.60000000000011,180.0,0.0,92.92859371833333
57520.0,6828137.000000026,3.4784095061137274e-15,51.6000000000001,180.0,0.0,92.2874754073819
57530.0,6828136.99999996,1.1636261066881164e-15,51.6000000000001,180.0,0.0,91.64635709643046
57540.0,6828136.999999951,1.6954328486198948e-15,51.6000000000001,180.0,0.0,91.00523878547905
57550.0,6828136.999999944,2.1706185304357905e-15,51.6000000000001,180.0,0.0,90.36412047452761
57560.0,6828136.999999923,3.4215337698187055e-15,51.6000000000001,180.0,0.0,89.72300216357618
57570.0,6828136.9999999665,8.488601800472922e-16,51.6000000000001,180.0,0.0,89.08188385262476
57580.0,6828137.00000003,3.730193841454583e-15,51.60000000000011,180.0,0.0,88.44076554167333
57590.0,6828136.999999962,1.0318995708211562e-15,51.60000000000011,180.0,0.0,87.79964723072189
57600.0,6828136.999999956,1.3325492916004815e-15,51.60000000000011,180.0,0.0,87.15852891977045
57610.0,6828136.999999946,2.0449586938039408e-15,51.6000000000001,180.0,0.0,86.51741060881902
57620.0,6828136.999999923,3.4373420962350106e-15,51.6000000000001,180.0,0.0,85.8762922978676
57630.0,6828136.999999968,9.32973392035558e-16,51.6000000000001,180.0,0.0,85.23517398691615
57640.0,6828137.000000029,3.626700318801063e-15,51.6000000000001,180.0,0.0,84.59405567596474
57650.0,6828136.999999958,1.4912275942244312e-15,51.6000000000001,180.0,0.0,83.9529373650133
57660.0,6828136.9999999525,1.8215637281174206e-15,51.6000000000001,180.0,0.0,83.31181905406187
57670.0,6828136.999999944,2.317233063516672e-15,51.6000000000001,180.0,0.0,82.67070074311043
57680.0,6828136.999999923,3.585962863108213e-15,51.6000000000001,180.0,0.0,82.029582432159
57690.0,6828136.99999997,1.0609879695019514e-15,51.6000000000001,180.0,0.0,81.38846412120758
57700.0,6828137.000000031,3.77252906985592e-15,51.6000000000001,180.0,0.0,80.74734581025615
57710.0,6828136.999999958,1.5263708292623898e-15,51.6000000000001,180.0,0.0,80.10622749930472
57720.0,6828136.9999999525,1.854022367261333e-15,51.6000000000001,180.0,0.0,79.46510918835328
57730.0,6828136.999999944,2.4556338522109216e-15,51.60000000000011,180.0,0.0,78.82399087740184
57740.0,6828136.999999923,3.719829507621633e-15,51.6000000000001,180.0,0.0,78.18287256645041
57750.0,6828136.999999968,1.157907409777517e-15,51.60000000000011,180.0,0.0,77.54175425549899
57760.0,6828137.000000031,3.678735401994956e-15,51.6000000000001,180.0,0.0,76.90063594454756
57770.0,6828136.999999958,1.7052034772540992e-15,51.6000000000001,180.0,0.0,76.25951763359612
57780.0,6828136.999999954,1.8816724709927937e-15,51.60000000000011,180.0,0.0,75.61839932264469
57790.0,6828136.999999944,2.49001176767158e-15,51.6000000000001,180.0,0.0,74.97728101169326
57800.0,6828136.999999923,3.754545279106695e-15,51.6000000000001,180.0,0.0,74.33616270074184
57810.0,6828136.999999965,1.4915020782251934e-15,51.6000000000001,180.0,0.0,73.6950443897904
57820.0,6828137.000000027,3.336917969038987e-15,51.60000000000009,180.0,0.0,73.05392607883897
57830.0,6828136.99999996,1.642099068110911e-15,51.6000000000001,180.0,0.0,72.41280776788753
57840.0,6828136.9999999525,2.1708715560689813e-15,51.6000000000001,180.0,0.0,71.7716894569361
57850.0,6828136.999999944,2.6304485348871746e-15,51.6000000000001,180.0,0.0,71.13057114598469
57860.0,6828136.999999923,3.760403273612269e-15,51.6000000000001,180.0,0.0,70.48945283503325
57870.0,6828136.999999965,1.4481316873856598e-15,51.6000000000001,180.0,0.0,69.84833452408179
57880.0,6828137.000000029,3.419817964788002e-15,51.60000000000009,180.0,0.0,69.20721621313038
57890.0,6828136.999999958,1.8341013184976855e-15,51.6000000000001,180.0,0.0,68.56609790217895
57900.0,6828136.9999999525,2.1527078657536673e-15,51.60000000000011,180.0,0.0,67.92497959122753
57910.0,6828136.999999942,2.846410594740362e-15,51.6000000000001,180.0,0.0,67.28386128027608
57920.0,6828136.999999923,3.747915382696436e-15,51.6000000000001,180.0,0.0,66.64274296932466
57930.0,6828136.9999999665,1.3015361130574148e-15,51.6000000000001,180.0,0.0,66.00162465837323
57940.0,6828137.000000029,3.4089056353258863e-15,51.6000000000001,180.0,0.0,65.3605063474218
57950.0,6828136.999999957,1.9494590006491084e-15,51.60000000000009,180.0,0.0,64.71938803647036
57960.0,6828136.9999999525,2.192222143047646e-15,51.6000000000001,180.0,0.0,64.07826972551894
57970.0,6828136.999999942,2.8332287365433515e-15,51.6000000000001,180.0,0.0,63.43715141456751
57980.0,6828136.99999992,4.215772565624923e-15,51.6000000000001,180.0,0.0,62.796033103616075
57990.0,6828136.999999964,1.5659010186238951e-15,51.6000000000001,180.0,0.0,62.154914792664634
58000.0,6828137.000000025,2.925393872632857e-15,51.60000000000009,180.0,0.0,61.513796481713214
58010.0,6828136.99999996,1.7701092140254249e-15,51.6000000000001,180.0,0.0,60.87267817076177
58020.0,6828136.999999953,2.1657508292466863e-15,51.6000000000001,180.0,0.0,60.23155985981035
58030.0,6828136.999999944,2.748532028421526e-15,51.60000000000009,180.0,0.0,59.59044154885892
58040.0,6828136.99999992,4.343624592942055e-15,51.6000000000001,180.0,0.0,58.94932323790749
58050.0,6828136.9999999665,1.3283170061922873e-15,51.6000000000001,180.0,0.0,58.30820492695606
58060.0,6828137.000000027,3.011239753190583e-15,51.60000000000009,180.0,0.0,57.66708661600462
58070.0,6828136.999999957,1.8744779632801992e-15,51.60000000000009,180.0,0.0,57.02596830505319
58080.0,6828136.999999952,2.3258189916236092e-15,51.60000000000009,180.0,0.0,56.38484999410177
58090.0,6828136.999999944,2.7044586852154466e-15,51.60000000000009,180.0,0.0,55.743731683150344
58100.0,6828136.99999992,4.325418517871114e-15,51.6000000000001,180.0,0.0,55.10261337219891
58110.0,6828136.999999966,1.4322519261734028e-15,51.60000000000009,180.0,0.0,54.461495061247476
58120.0,6828137.000000025,2.907962282593625e-15,51.60000000000009,180.0,0.0,53.82037675029604
58130.0,6828136.999999957,1.9929236172352115e-15,51.60000000000009,180.0,0.0,53.17925843934461
58140.0,6828136.999999952,2.3723321055803e-15,51.60000000000009,180.0,0.0,52.53814012839318
58150.0,6828136.999999941,3.051781010226302e-15,51.60000000000009,180.0,0.0,51.89702181744175
58160.0,6828136.999999922,4.3040588461102714e-15,51.60000000000009,180.0,0.0,51.25590350649031
58170.0,6828136.999999964,1.4173104936016354e-15,51.60000000000009,180.0,0.0,50.614785195538886
58180.0,6828137.000000025,2.6882318068995108e-15,51.60000000000009,180.0,0.0,49.97366688458746
58190.0,6828136.999999957,1.8707849610055076e-15,51.6000000000001,180.0,0.0,49.332548573636025
58200.0,6828136.999999952,2.221232003142372e-15,51.60000000000009,180.0,0.0,48.6914302626846
58210.0,6828136.999999943,2.724791805716782e-15,51.60000000000009,180.0,0.0,48.05031195173318
58220.0,6828136.999999922,4.260545603528485e-15,51.6000000000001,180.0,0.0,47.40919364078174
58230.0,6828136.999999966,1.3038985162319795e-15,51.60000000000009,180.0,0.0,46.76807532983031
58240.0,6828137.000000023,2.4461430968926443e-15,51.60000000000009,180.0,0.0,46.12695701887887
58250.0,6828136.999999955,2.1007999579589748e-15,51.6000000000001,180.0,0.0,45.485838707927435
58260.0,6828136.99999995,2.4591886790548396e-15,51.60000000000008,180.0,0.0,44.84472039697601
58270.0,6828136.999999943,2.8459829389520606e-15,51.6000000000001,180.0,0.0,44.20360208602459
58280.0,6828136.999999921,4.365043584572029e-15,51.60000000000009,180.0,0.0,43.56248377507316
58290.0,6828136.999999964,1.4300941993274272e-15,51.60000000000009,180.0,0.0,42.921365464121735
58300.0,6828137.000000023,2.4262784752369288e-15,51.60000000000009,180.0,0.0,42.28024715317029
58310.0,6828136.999999953,2.3085965861920527e-15,51.6000000000001,180.0,0.0,41.63912884221887
58320.0,6828136.999999949,2.6869059881571863e-15,51.60000000000009,180.0,0.0,40.998010531267425
58330.0,6828136.999999941,3.0704536738452044e-15,51.6000000000001,180.0,0.0,40.356892220316006
58340.0,6828136.999999923,4.222263691944512e-15,51.6000000000001,180.0,0.0,39.715773909364586
58350.0,6828136.999999964,1.4099997142819712e-15,51.60000000000009,180.0,0.0,39.07465559841316
58360.0,6828137.000000023,2.425338176600769e-15,51.6000000000001,180.0,0.0,321.5664627125383
58370.0,6828136.999999955,2.0524158981507214e-15,51.6000000000001,180.0,0.0,37.792418976510284
58380.0,6828136.999999949,2.6829387790715908e-15,51.60000000000009,180.0,0.0,37.15130066555884
58390.0,6828136.999999943,2.8095975825164077e-15,51.6000000000001,180.0,0.0,36.51018235460741
58400.0,6828136.999999923,4.085299544646207e-15,51.6000000000001,180.0,0.0,35.869064043656
58410.0,6828136.999999966,1.1500977720594629e-15,51.6000000000001,180.0,0.0,35.227945732704555
58420.0,6828137.000000027,2.8217762839674925e-15,51.6000000000001,180.0,0.0,325.4131725782469
58430.0,6828136.999999955,2.0429435865263734e-15,51.6000000000001,180.0,0.0,33.9457091108017
58440.0,6828136.999999952,2.297567857490441e-15,51.60000000000009,180.0,0.0,33.30459079985027
58450.0,6828136.999999943,2.808184346684213e-15,51.6000000000001,180.0,0.0,32.66347248889881
58460.0,6828136.999999923,4.085040236941487e-15,51.6000000000001,180.0,0.0,32.022354177947406
58470.0,6828136.999999964,1.4197927625215375e-15,51.60000000000009,180.0,0.0,31.381235866995976
58480.0,6828137.000000027,2.687676180054579e-15,51.6000000000001,180.0,0.0,329.2598824439554
58490.0,6828136.999999957,1.9146531937727773e-15,51.6000000000001,180.0,0.0,30.098999245093125
58500.0,6828136.999999953,2.1702983116167465e-15,51.60000000000009,180.0,0.0,29.457880934141684
58510.0,6828136.999999943,2.807871663985851e-15,51.6000000000001,180.0,0.0,28.816762623190247
58520.0,6828136.999999923,4.09134718315824e-15,51.6000000000001,180.0,0.0,28.175644312238827
58530.0,6828136.999999966,1.2818883466820859e-15,51.60000000000011,180.0,0.0,27.534526001287404
58540.0,6828137.000000027,2.6883563895673315e-15,51.6000000000001,180.0,0.0,333.10659230966405
58550.0,6828136.999999957,1.9145023550878493e-15,51.6000000000001,180.0,0.0,333.74771062061546
58560.0,6828136.999999952,2.2984499953236315e-15,51.6000000000001,180.0,0.0,334.38882893156693
58570.0,6828136.999999947,2.5538601081028617e-15,51.6000000000001,180.0,0.0,335.0299472425183
58580.0,6828136.999999924,4.084179496016951e-15,51.6000000000001,180.0,0.0,335.67106555346976
58590.0,6828136.999999967,1.0213203906481393e-15,51.6000000000001,180.0,0.0,336.3121838644212
58600.0,6828137.000000027,2.8241731753438626e-15,51.6000000000001,180.0,0.0,336.95330217537264
58610.0,6828136.999999957,1.9179030031188067e-15,51.6000000000001,180.0,0.0,337.59442048632405
58620.0,6828136.999999952,2.301217032411679e-15,51.60000000000011,180.0,0.0,338.23553879727547
58630.0,6828136.999999947,2.555404043314148e-15,51.6000000000001,180.0,0.0,338.8766571082269
58640.0,6828136.999999918,4.468197653468742e-15,51.6000000000001,180.0,0.0,339.51777541917835
58650.0,6828136.999999966,1.1656489125145069e-15,51.60000000000011,180.0,0.0,340.1588937301298
58660.0,6828137.000000023,2.4883482142295703e-15,51.6000000000001,180.0,0.0,340.8000120410812
58670.0,6828136.999999955,2.0620232834467788e-15,51.6000000000001,180.0,0.0,341.44113035203264
58680.0,6828136.99999995,2.4483938921011054e-15,51.6000000000001,180.0,0.0,342.08224866298406
58690.0,6828136.999999947,2.5748696665003914e-15,51.6000000000001,180.0,0.0,342.72336697393547
58700.0,6828136.999999923,4.101179450025303e-15,51.6000000000001,180.0,0.0,343.3644852848869
58710.0,6828136.999999966,1.2640422969010145e-15,51.60000000000011,180.0,0.0,344.00560359583835
58720.0,6828137.000000027,2.9157726349793713e-15,51.60000000000011,180.0,0.0,344.64672190678976
58730.0,6828136.999999957,1.8458207910990883e-15,51.6000000000001,180.0,0.0,345.28784021774123
58740.0,6828136.999999952,2.2209213284763317e-15,51.6000000000001,180.0,0.0,345.92895852869265
58750.0,6828136.999999941,2.9820478287127526e-15,51.60000000000011,180.0,0.0,346.57007683964406
58760.0,6828136.999999922,4.2387448292337035e-15,51.60000000000011,180.0,0.0,347.2111951505955
58770.0,6828136.999999966,1.2934928403330974e-15,51.60000000000011,180.0,0.0,347.8523134615469
58780.0,6828137.000000027,2.9202397096625753e-15,51.60000000000011,180.0,0.0,348.49343177249835
58790.0,6828136.999999957,1.8771879104980533e-15,51.6000000000001,180.0,0.0,349.1345500834498
58800.0,6828136.999999952,2.248889333895093e-15,51.6000000000001,180.0,0.0,349.77566839440124
58810.0,6828136.999999941,2.986834625373072e-15,51.6000000000001,180.0,0.0,350.4167867053527
58820.0,6828136.999999918,4.49944942644323e-15,51.60000000000011,180.0,0.0,351.05790501630406
58830.0,6828136.999999966,1.3205483950856904e-15,51.60000000000011,180.0,0.0,351.69902332725553
58840.0,6828137.000000025,2.97565994214823e-15,51.60000000000011,180.0,0.0,352.34014163820694
58850.0,6828136.999999955,2.1251901362141852e-15,51.60000000000011,180.0,0.0,352.9812599491584
58860.0,6828136.99999995,2.4891296491007837e-15,51.6000000000001,180.0,0.0,353.6223782601099
58870.0,6828136.999999941,2.9694857731066688e-15,51.6000000000001,180.0,0.0,354.26349657106124
58880.0,6828136.99999992,4.294703637373416e-15,51.6000000000001,180.0,0.0,354.90461488201265
58890.0,6828136.999999966,1.3199354415952686e-15,51.6000000000001,180.0,0.0,355.54573319296395
58900.0,6828137.000000025,3.031143952960849e-15,51.60000000000011,180.0,0.0,356.1868515039155
58910.0,6828136.999999955,2.1469324077299048e-15,51.6000000000001,180.0,0.0,356.82796981486695
58920.0,6828136.999999952,2.2652118805788003e-15,51.60000000000011,180.0,0.0,357.4690881258186
58930.0,6828136.999999942,2.8343757346648032e-15,51.6000000000001,180.0,0.0,358.1102064367697
58940.0,6828136.999999922,4.02953056210469e-15,51.60000000000011,180.0,0.0,358.7513247477212
58950.0,6828136.9999999665,1.2211721746270673e-15,51.6000000000001,180.0,0.0,359.39244305867203
58960.0,6828137.000000027,3.2898315668981573e-15,51.60000000000011,180.0,0.0,359.96643863038787
58970.0,6828136.999999957,1.9474993226241753e-15,51.6000000000001,180.0,0.0,359.3253203194242
58980.0,6828136.9999999525,2.182758587063344e-15,51.6000000000001,180.0,0.0,358.684202008473
58990.0,6828136.999999944,2.7540235895935925e-15,51.6000000000001,180.0,0.0,358.04308369752135
59000.0,6828136.99999992,4.300080019918044e-15,51.6000000000001,180.0,0.0,357.40196538656994
59010.0,6828136.999999963,1.40714371298469e-15,51.60000000000011,180.0,0.0,356.76084707561887
59020.0,6828137.000000027,3.2512612886247343e-15,51.60000000000011,180.0,0.0,356.11972876466723
59030.0,6828136.999999957,1.913867127331091e-15,51.6000000000001,180.0,0.0,355.47861045371576
59040.0,6828136.999999949,2.4905837685840933e-15,51.6000000000001,180.0,0.0,354.8374921427645
59050.0,6828136.999999944,2.586777052331075e-15,51.6000000000001,180.0,0.0,354.19637383181293
59060.0,6828136.99999992,4.141466472648456e-15,51.6000000000001,180.0,0.0,353.5552555208616
59070.0,6828136.999999965,1.0933125240687465e-15,51.60000000000011,180.0,0.0,352.91413720991017
59080.0,6828137.000000029,3.4441336983993444e-15,51.60000000000011,180.0,0.0,352.2730188989587
59090.0,6828136.999999958,1.7397964635111099e-15,51.60000000000011,180.0,0.0,351.6319005880072
59100.0,6828136.999999951,2.2178727336133172e-15,51.6000000000001,180.0,0.0,350.99078227705587
59110.0,6828136.999999944,2.5759244360754046e-15,51.6000000000001,180.0,0.0,350.3496639661044
59120.0,6828136.999999922,3.913903478460658e-15,51.60000000000011,180.0,0.0,349.708545655153
59130.0,6828136.999999965,1.2513941841676236e-15,51.60000000000011,180.0,0.0,349.0674273442016
59140.0,6828137.000000029,3.5089558890934518e-15,51.60000000000011,180.0,0.0,348.4263090332501
59150.0,6828136.999999956,1.8973104635726954e-15,51.6000000000001,180.0,0.0,347.78519072229875
59160.0,6828136.9999999525,2.1557113734592827e-15,51.60000000000011,180.0,0.0,347.1440724113473
59170.0,6828136.999999942,2.7222836102895493e-15,51.60000000000009,180.0,0.0,346.50295410039587
59180.0,6828136.999999923,3.689867286321068e-15,51.6000000000001,180.0,0.0,345.8618357894444
59190.0,6828136.9999999665,1.2459472388853657e-15,51.6000000000001,180.0,0.0,345.220717478493
59200.0,6828137.000000029,3.604354156796129e-15,51.6000000000001,180.0,0.0,344.5795991675416
59210.0,6828136.999999956,1.931213531619076e-15,51.6000000000001,180.0,0.0,343.93848085659016
59220.0,6828136.9999999525,1.9942093579335254e-15,51.6000000000001,180.0,0.0,343.2973625456387
59230.0,6828136.99999994,2.9141749835299448e-15,51.6000000000001,180.0,0.0,342.6562442346872
59240.0,6828136.999999923,3.719395604110336e-15,51.6000000000001,180.0,0.0,342.0151259237358
59250.0,6828136.9999999665,1.1457076490938673e-15,51.6000000000001,180.0,0.0,341.3740076127844
59260.0,6828137.000000029,3.6780739382034075e-15,51.6000000000001,180.0,0.0,340.732889301833
59270.0,6828136.999999958,1.6803811022458023e-15,51.6000000000001,180.0,0.0,340.0917709908815
59280.0,6828136.9999999525,1.9852147148746777e-15,51.6000000000001,180.0,0.0,339.4506526799301
59290.0,6828136.999999944,2.4271648578991897e-15,51.60000000000011,180.0,0.0,338.8095343689787
59300.0,6828136.999999922,3.695812708779602e-15,51.6000000000001,180.0,0.0,338.1684160580272
59310.0,6828136.9999999665,1.226476292696586e-15,51.6000000000001,180.0,0.0,337.5272977470758
59320.0,6828137.000000029,3.785425420239908e-15,51.6000000000001,180.0,0.0,336.8861794361244
59330.0,6828136.999999958,1.611341561004079e-15,51.6000000000001,180.0,0.0,336.2450611251729
59340.0,6828136.999999954,1.893967422198789e-15,51.6000000000001,180.0,0.0,335.6039428142215
59350.0,6828136.999999946,2.191109528716549e-15,51.60000000000009,180.0,0.0,334.96282450327004
59360.0,6828136.999999925,3.3186296058150417e-15,51.6000000000001,180.0,0.0,334.32170619231863
59370.0,6828136.99999997,9.96650251789752e-16,51.6000000000001,180.0,0.0,333.68058788136716
59380.0,6828137.000000029,3.788421644558095e-15,51.60000000000011,180.0,0.0,333.0394695704158
59390.0,6828136.99999996,1.4822709065601321e-15,51.6000000000001,180.0,0.0,332.39835125946433
59400.0,6828136.999999951,1.912581067498184e-15,51.6000000000001,180.0,0.0,331.7572329485129
59410.0,6828136.999999946,2.154440679477736e-15,51.60000000000009,180.0,0.0,331.1161146375615
59420.0,6828136.999999923,3.4492977593787956e-15,51.6000000000001,180.0,0.0,330.47499632661004
59430.0,6828136.999999968,1.1034242691897104e-15,51.60000000000011,180.0,0.0,329.8338780156586
59440.0,6828137.00000003,3.95768383033231e-15,51.6000000000001,180.0,0.0,329.19275970470716
59450.0,6828136.999999958,1.499600384921771e-15,51.6000000000001,180.0,0.0,328.55164139375574
59460.0,6828136.999999954,1.5857998835597935e-15,51.6000000000001,180.0,0.0,327.91052308280433
59470.0,6828136.999999948,1.8643292517542628e-15,51.60000000000011,180.0,0.0,327.26940477185286
59480.0,6828136.999999924,3.1876770134512526e-15,51.6000000000001,180.0,0.0,326.62828646090145
59490.0,6828136.9999999665,9.740139854052728e-16,51.60000000000011,180.0,0.0,325.98716814995004
59500.0,6828137.000000026,3.767616548961569e-15,51.60000000000011,180.0,0.0,325.3460498389986
59510.0,6828136.999999958,1.4132529472500132e-15,51.6000000000001,180.0,0.0,324.70493152804715
59520.0,6828136.999999951,1.7215897559337396e-15,51.6000000000001,180.0,0.0,324.06381321709574
59530.0,6828136.999999948,1.886500560992392e-15,51.6000000000001,180.0,0.0,323.42269490614433
59540.0,6828136.999999923,3.3124370091582247e-15,51.6000000000001,180.0,0.0,322.78157659519286
59550.0,6828136.99999997,9.8794049982827e-16,51.6000000000001,180.0,0.0,322.14045828424145
59560.0,6828137.000000028,4.056871751869595e-15,51.6000000000001,180.0,0.0,321.49933997329
59570.0,6828136.99999996,1.2259378863478986e-15,51.6000000000001,180.0,0.0,320.8582216623386
59580.0,6828136.9999999525,1.5378369839604236e-15,51.6000000000001,180.0,0.0,320.21710335138715
59590.0,6828136.999999947,1.8425454175543706e-15,51.6000000000001,180.0,0.0,319.57598504043574
59600.0,6828136.999999923,3.2771565757451916e-15,51.6000000000001,180.0,0.0,318.9348667294843
59610.0,6828136.999999969,7.306269335449257e-16,51.6000000000001,180.0,0.0,318.29374841853286
59620.0,6828137.000000026,3.847189451474756e-15,51.60000000000011,180.0,0.0,317.65263010758144
59630.0,6828136.99999996,1.0701827446188197e-15,51.6000000000001,180.0,0.0,317.01151179663
59640.0,6828136.9999999525,1.451779384527666e-15,51.6000000000001,180.0,0.0,316.37039348567856
59650.0,6828136.999999945,1.855071658936627e-15,51.60000000000011,180.0,0.0,315.7292751747271
59660.0,6828136.999999924,3.006718436489489e-15,51.6000000000001,180.0,0.0,315.0881568637757
59670.0,6828136.999999969,6.821569127265333e-16,51.6000000000001,180.0,0.0,314.44703855282427
59680.0,6828137.000000028,4.049739177517588e-15,51.60000000000011,180.0,0.0,313.8059202418728
59690.0,6828136.999999956,1.1288543026106346e-15,51.6000000000001,180.0,0.0,313.1648019309214
59700.0,6828136.999999953,1.2803135403794944e-15,51.60000000000009,180.0,0.0,312.5236836199699
59710.0,6828136.999999945,1.815378971828323e-15,51.60000000000011,180.0,0.0,311.88256530901856
59720.0,6828136.999999923,3.118339791454493e-15,51.6000000000001,180.0,0.0,311.2414469980671
59730.0,6828136.999999967,6.585187041116989e-16,51.60000000000011,180.0,0.0,310.6003286871157
59740.0,6828137.00000003,4.3582626876555474e-15,51.6000000000001,180.0,0.0,309.95921037616426
59750.0,6828136.999999957,1.0929394795903373e-15,51.60000000000011,180.0,0.0,309.3180920652128
59760.0,6828136.999999951,1.488154089513256e-15,51.60000000000011,180.0,0.0,308.6769737542614
59770.0,6828136.999999947,1.6082342303000134e-15,51.6000000000001,180.0,0.0,308.0358554433099
59780.0,6828136.999999924,2.8397840796618467e-15,51.6000000000001,180.0,0.0,307.3947371323585
59790.0,6828136.999999967,4.572848456034661e-16,51.6000000000001,180.0,0.0,306.7536188214071
59800.0,6828137.00000003,4.2600894515614116e-15,51.6000000000001,180.0,0.0,306.1125005104556
59810.0,6828136.999999955,1.0825698638187177e-15,51.6000000000001,180.0,0.0,305.4713821995042
59820.0,6828136.999999952,1.2558689319855781e-15,51.6000000000001,180.0,0.0,304.83026388855274
59830.0,6828136.999999943,1.7605831755708297e-15,51.60000000000011,180.0,0.0,304.1891455776014
59840.0,6828136.999999924,2.839169446542581e-15,51.6000000000001,180.0,0.0,303.5480272666499
59850.0,6828136.999999967,3.7586182467925026e-16,51.6000000000001,180.0,0.0,302.9069089556985
59860.0,6828137.000000028,4.1516435477331615e-15,51.60000000000011,180.0,0.0,302.265790644747
59870.0,6828136.999999957,8.143183697807358e-16,51.6000000000001,180.0,0.0,301.6246723337956
59880.0,6828136.999999953,1.0465670202076036e-15,51.60000000000011,180.0,0.0,300.9835540228442
59890.0,6828136.999999945,1.5082649220956112e-15,51.6000000000001,180.0,0.0,300.34243571189273
59900.0,6828136.999999924,2.711921174207188e-15,51.6000000000001,180.0,0.0,299.7013174009413
59910.0,6828136.999999967,4.560599702087476e-16,51.6000000000001,180.0,0.0,299.06019908998985
59920.0,6828137.000000028,4.264619487077899e-15,51.6000000000001,180.0,0.0,298.41908077903844
59930.0,6828136.999999957,7.782997902707661e-16,51.6000000000001,180.0,0.0,297.777962468087
59940.0,6828136.999999952,1.1162418950063644e-15,51.60000000000011,180.0,0.0,297.13684415713556
59950.0,6828136.999999945,1.4561283198355487e-15,51.6000000000001,180.0,0.0,296.49572584618414
59960.0,6828136.9999999255,2.4320595561216987e-15,51.6000000000001,180.0,0.0,295.8546075352327
59970.0,6828136.999999969,4.641911697008261e-16,51.6000000000001,180.0,0.0,295.21348922428126
59980.0,6828137.000000031,4.623895683172788e-15,51.60000000000011,180.0,0.0,294.57237091332985
59990.0,6828136.999999959,5.466156013781407e-16,51.6000000000001,180.0,0.0,293.93125260237844
60000.0,6828136.999999952,1.075334936162795e-15,51.60000000000011,180.0,0.0,293.290134291427
60010.0,6828136.999999947,1.2210189427272366e-15,51.6000000000001,180.0,0.0,292.64901598047555
60020.0,6828136.9999999255,2.432882120899128e-15,51.60000000000011,180.0,0.0,292.00789766952414
60030.0,6828136.999999969,5.995193411193744e-16,51.60000000000011,180.0,0.0,291.36677935857267
60040.0,6828137.00000003,4.5109595175905525e-15,51.60000000000011,180.0,0.0,290.7256610476213
60050.0,6828136.999999961,3.878003668073016e-16,51.60000000000011,180.0,0.0,290.08454273666985
60060.0,6828136.999999953,8.283111617375518e-16,51.60000000000011,180.0,0.0,289.44342442571843
60070.0,6828136.999999949,9.672823887730438e-16,51.60000000000011,180.0,0.0,288.80230611476696
60080.0,6828136.999999927,2.1917168322236808e-15,51.6000000000001,180.0,0.0,288.16118780381555
60090.0,6828136.999999971,8.776591486744899e-16,51.60000000000011,180.0,0.0,287.52006949286414
60100.0,6828137.000000031,4.633655392059763e-15,51.60000000000011,180.0,0.0,286.87895118191267
60110.0,6828136.999999959,5.057379619143996e-16,51.60000000000011,180.0,0.0,286.23783287096126
60120.0,6828136.999999953,8.279771588736962e-16,51.60000000000011,180.0,0.0,285.5967145600098
60130.0,6828136.999999945,1.434241771661886e-15,51.60000000000011,180.0,0.0,284.9555962490584
60140.0,6828136.999999924,2.5590331247623063e-15,51.6000000000001,180.0,0.0,284.31447793810696
60150.0,6828136.999999969,6.060922469382524e-16,51.60000000000011,180.0,0.0,283.6733596271555
60160.0,6828137.00000003,4.524367414145324e-15,51.6000000000001,180.0,0.0,283.0322413162041
60170.0,6828136.999999959,5.074826814290597e-16,51.6000000000001,180.0,0.0,282.3911230052526
60180.0,6828136.999999955,6.531527256556971e-16,51.60000000000011,180.0,0.0,281.7500046943012
60190.0,6828136.999999947,1.2122122731835926e-15,51.6000000000001,180.0,0.0,281.1088863833497
60200.0,6828136.9999999255,2.3075444981977834e-15,51.6000000000001,180.0,0.0,280.4677680723983
60210.0,6828136.999999971,8.121427404683165e-16,51.60000000000011,180.0,0.0,279.8266497614469
60220.0,6828137.00000003,4.507109217875323e-15,51.6000000000001,180.0,0.0,279.1855314504955
60230.0,6828136.999999957,6.254917032342237e-16,51.6000000000001,180.0,0.0,278.5444131395441
60240.0,6828136.999999953,8.48088131561797e-16,51.60000000000011,180.0,0.0,277.9032948285926
60250.0,6828136.999999949,9.467971352445852e-16,51.6000000000001,180.0,0.0,277.2621765176412
60260.0,6828136.9999999255,2.3054355679527173e-15,51.60000000000011,180.0,0.0,276.6210582066897
60270.0,6828136.999999971,8.354810273260343e-16,51.60000000000011,180.0,0.0,275.9799398957383
60280.0,6828137.000000031,4.644879512591202e-15,51.60000000000011,180.0,0.0,275.3388215847869
60290.0,6828136.999999959,5.123986014940996e-16,51.60000000000011,180.0,0.0,274.6977032738355
60300.0,6828136.999999955,6.0770946690322255e-16,51.60000000000011,180.0,0.0,274.0565849628841
60310.0,6828136.999999949,1.0085880920364417e-15,51.60000000000011,180.0,0.0,273.4154666519326
60320.0,6828136.9999999255,2.333025179681722e-15,51.60000000000011,180.0,0.0,272.7743483409812
60330.0,6828136.999999971,9.279467410028678e-16,51.60000000000011,180.0,0.0,272.1332300300297
60340.0,6828137.000000028,4.409200951351112e-15,51.60000000000011,180.0,0.0,271.4921117190783
60350.0,6828136.999999961,4.55198886191538e-16,51.60000000000011,180.0,0.0,270.8509934081269
60360.0,6828136.999999955,6.045311468089827e-16,51.60000000000011,180.0,0.0,270.2098750971754
60370.0,6828136.999999949,8.92119495011531e-16,51.6000000000001,180.0,0.0,269.568756786224
60380.0,6828136.9999999255,2.321872883562497e-15,51.6000000000001,180.0,0.0,268.92763847527254
60390.0,6828136.999999973,1.0910886632881825e-15,51.60000000000011,180.0,0.0,268.28652016432113
60400.0,6828137.000000031,4.768105564025179e-15,51.6000000000001,180.0,0.0,267.64540185336966
60410.0,6828136.999999961,4.4105689694827663e-16,51.60000000000011,180.0,0.0,267.00428354241825
60420.0,6828136.999999957,4.616746646838432e-16,51.6000000000001,180.0,0.0,266.36316523146684
60430.0,6828136.99999995,7.813584279427347e-16,51.6000000000001,180.0,0.0,265.7220469205154
60440.0,6828136.9999999255,2.1967392200147296e-15,51.6000000000001,180.0,0.0,265.080928609564
60450.0,6828136.999999971,1.0066504561440406e-15,51.60000000000011,180.0,0.0,264.43981029861254
60460.0,6828137.000000031,4.771534747636563e-15,51.6000000000001,180.0,0.0,263.79869198766113
60470.0,6828136.999999961,4.1235137073577997e-16,51.60000000000011,180.0,0.0,263.15757367670966
60480.0,6828136.999999953,6.657253485021923e-16,51.6000000000001,180.0,0.0,262.51645536575825
60490.0,6828136.99999995,6.643267350096652e-16,51.6000000000001,180.0,0.0,261.87533705480683
60500.0,6828136.9999999255,2.2048125918789917e-15,51.6000000000001,180.0,0.0,261.23421874385537
60510.0,6828136.999999969,9.29822839998136e-16,51.6000000000001,180.0,0.0,260.59310043290395
60520.0,6828137.000000031,4.780310336849918e-15,51.6000000000001,180.0,0.0,259.95198212195254
60530.0,6828136.999999957,5.228067998432439e-16,51.6000000000001,180.0,0.0,259.31086381100107
60540.0,6828136.999999955,4.474161824911693e-16,51.6000000000001,180.0,0.0,258.66974550004966
60550.0,6828136.999999947,9.608023578167686e-16,51.60000000000011,180.0,0.0,258.02862718909824
60560.0,6828136.999999924,2.4429587083291808e-15,51.6000000000001,180.0,0.0,257.38750887814683
60570.0,6828136.999999969,8.427501397902346e-16,51.60000000000011,180.0,0.0,256.74639056719536
60580.0,6828137.000000027,4.389053529539689e-15,51.60000000000011,180.0,0.0,256.10527225624395
60590.0,6828136.999999957,4.640511691577021e-16,51.6000000000001,180.0,0.0,255.4641539452925
60600.0,6828136.99999995,9.984237070798206e-16,51.60000000000011,180.0,0.0,254.82303563434107
60610.0,6828136.999999947,1.0090029943863546e-15,51.60000000000011,180.0,0.0,254.18191732338963
60620.0,6828136.9999999255,2.1943079521301815e-15,51.60000000000011,180.0,0.0,253.54079901243819
60630.0,6828136.999999969,8.779890436965601e-16,51.60000000000011,180.0,0.0,252.89968070148674
60640.0,6828137.000000029,4.643460291450378e-15,51.60000000000011,180.0,0.0,252.25856239053533
60650.0,6828136.999999957,5.250978614257393e-16,51.60000000000011,180.0,0.0,251.6174440795839
60660.0,6828136.999999953,6.178198453438529e-16,51.60000000000011,180.0,0.0,250.97632576863245
60670.0,6828136.999999945,1.1173837073138605e-15,51.60000000000011,180.0,0.0,250.335207457681
60680.0,6828136.999999924,2.332788754697724e-15,51.6000000000001,180.0,0.0,249.69408914672957
60690.0,6828136.999999966,7.435292056073737e-16,51.60000000000011,180.0,0.0,249.05297083577813
60700.0,6828137.000000027,4.543184608518017e-15,51.60000000000011,180.0,0.0,248.4118525248267
60710.0,6828136.999999957,5.633672169916588e-16,51.60000000000011,180.0,0.0,247.7707342138753
60720.0,6828136.999999953,6.18523244658559e-16,51.60000000000011,180.0,0.0,247.1296159029239
60730.0,6828136.999999947,9.08790713522215e-16,51.60000000000011,180.0,0.0,246.48849759197245
60740.0,6828136.999999923,2.3278845477980248e-15,51.60000000000011,180.0,0.0,245.847379281021
60750.0,6828136.999999966,8.154716297010648e-16,51.60000000000011,180.0,0.0,245.20626097006956
60760.0,6828137.000000027,4.573791450635908e-15,51.60000000000011,180.0,0.0,244.56514265911812
60770.0,6828136.999999957,5.628025699701465e-16,51.60000000000011,180.0,0.0,243.92402434816668
60780.0,6828136.999999952,8.605155936719972e-16,51.60000000000011,180.0,0.0,243.2829060372153
60790.0,6828136.999999945,1.0208880187950811e-15,51.6000000000001,180.0,0.0,242.64178772626389
60800.0,6828136.999999923,2.474675846949391e-15,51.60000000000011,180.0,0.0,242.00066941531244
60810.0,6828136.999999966,9.817936158319988e-16,51.60000000000011,180.0,0.0,241.359551104361
60820.0,6828137.000000027,4.6946053391536895e-15,51.60000000000011,180.0,0.0,240.71843279340956
60830.0,6828136.999999957,6.57329777660509e-16,51.60000000000011,180.0,0.0,240.07731448245812
60840.0,6828136.999999952,8.563579273490133e-16,51.6000000000001,180.0,0.0,239.43619617150668
60850.0,6828136.999999945,1.0725399469705425e-15,51.6000000000001,180.0,0.0,238.79507786055527
60860.0,6828136.999999923,2.3573477635211354e-15,51.60000000000011,180.0,0.0,238.15395954960383
60870.0,6828136.999999966,8.771180884518582e-16,51.60000000000011,180.0,0.0,237.51284123865238
60880.0,6828137.000000027,4.6768904143159496e-15,51.60000000000011,180.0,0.0,236.87172292770094
60890.0,6828136.999999959,6.432586712678427e-16,51.60000000000011,180.0,0.0,236.2306046167495
60900.0,6828136.99999995,8.230063812765702e-16,51.60000000000011,180.0,0.0,235.58948630579806
60910.0,6828136.999999945,1.0256097998048263e-15,51.60000000000011,180.0,0.0,234.94836799484665
60920.0,6828136.999999923,2.33798481309266e-15,51.60000000000011,180.0,0.0,234.3072496838952
60930.0,6828136.999999964,6.569010725799347e-16,51.60000000000011,180.0,0.0,233.66613137294377
60940.0,6828137.000000025,4.522981613754283e-15,51.60000000000011,180.0,0.0,233.02501306199233
60950.0,6828136.999999961,6.658934839465167e-16,51.60000000000011,180.0,0.0,232.38389475104088
60960.0,6828136.999999953,5.632547962134486e-16,51.60000000000011,180.0,0.0,231.74277644008944
60970.0,6828136.999999947,8.125163254072127e-16,51.60000000000011,180.0,0.0,231.10165812913803
60980.0,6828136.999999923,2.199408088533811e-15,51.60000000000011,180.0,0.0,230.4605398181866
60990.0,6828136.999999967,1.0614473627617336e-15,51.60000000000011,180.0,0.0,229.81942150723515
61000.0,6828137.000000027,4.7955924842742415e-15,51.60000000000011,180.0,0.0,229.17830319628376
61010.0,6828136.999999959,4.825864251546868e-16,51.60000000000011,180.0,0.0,228.53718488533232
61020.0,6828136.999999955,5.229927931304102e-16,51.60000000000011,180.0,0.0,227.89606657438088
61030.0,6828136.999999948,6.917638249912047e-16,51.60000000000011,180.0,0.0,227.25494826342944
61040.0,6828136.999999925,1.9583237366743738e-15,51.60000000000011,180.0,0.0,226.61382995247803
61050.0,6828136.999999967,9.693117863374338e-16,51.60000000000011,180.0,0.0,225.9727116415266
61060.0,6828137.000000031,5.148364689336572e-15,51.60000000000011,180.0,0.0,225.33159333057515
61070.0,6828136.999999961,5.854643030589034e-16,51.60000000000011,180.0,0.0,224.6904750196237
61080.0,6828136.999999953,3.706855660637358e-16,51.60000000000011,180.0,0.0,224.04935670867226
61090.0,6828136.999999947,7.468396128739802e-16,51.60000000000011,180.0,0.0,223.40823839772085
61100.0,6828136.999999926,1.818940641528109e-15,51.60000000000011,180.0,0.0,222.7671200867694
61110.0,6828136.9999999665,1.0961351019954027e-15,51.60000000000011,180.0,0.0,222.12600177581797
61120.0,6828137.000000031,5.1788490234452635e-15,51.60000000000011,180.0,0.0,221.48488346486656
61130.0,6828136.999999961,6.156826223314368e-16,51.60000000000011,180.0,0.0,220.84376515391511
61140.0,6828136.999999953,4.956621814046378e-16,51.60000000000011,180.0,0.0,220.20264684296367
61150.0,6828136.999999947,8.785957245438217e-16,51.60000000000011,180.0,0.0,219.56152853201226
61160.0,6828136.999999923,2.2469005176085415e-15,51.60000000000011,180.0,0.0,218.92041022106082
61170.0,6828136.9999999665,1.1217325204489432e-15,51.60000000000011,180.0,0.0,218.27929191010938
61180.0,6828137.000000029,5.059854518688391e-15,51.60000000000011,180.0,0.0,217.63817359915797
61190.0,6828136.999999959,6.85927021614436e-16,51.60000000000011,180.0,0.0,216.99705528820652
61200.0,6828136.999999953,5.642421569969244e-16,51.60000000000011,180.0,0.0,216.35593697725508
61210.0,6828136.99999995,6.004589739290193e-16,51.60000000000011,180.0,0.0,215.71481866630367
61220.0,6828136.999999926,1.7380554933691318e-15,51.60000000000011,180.0,0.0,215.0737003553522
61230.0,6828136.99999997,1.3756204669268087e-15,51.60000000000011,180.0,0.0,214.43258204440076
61240.0,6828137.000000032,5.441182906438627e-15,51.60000000000011,180.0,0.0,213.79146373344938
61250.0,6828136.99999996,7.550200806039653e-16,51.60000000000011,180.0,0.0,213.1503454224979
61260.0,6828136.999999954,5.61052495133167e-16,51.60000000000011,180.0,0.0,212.50922711154647
61270.0,6828136.99999995,6.267855791845521e-16,51.60000000000011,180.0,0.0,211.86810880059502
61280.0,6828136.999999925,1.873961000449484e-15,51.60000000000011,180.0,0.0,211.2269904896436
61290.0,6828136.999999968,1.2952463467419912e-15,51.600000000000115,180.0,0.0,210.5858721786922
61300.0,6828137.000000031,5.309869315055503e-15,51.60000000000011,180.0,0.0,209.94475386774076
61310.0,6828136.999999962,8.910528534595294e-16,51.60000000000011,180.0,0.0,209.30363555678935
61320.0,6828136.999999954,6.133539612158869e-16,51.60000000000011,180.0,0.0,208.66251724583788
61330.0,6828136.99999995,6.600262299086962e-16,51.60000000000011,180.0,0.0,208.02139893488646
61340.0,6828136.999999928,1.4885333200260724e-15,51.6000000000001,180.0,0.0,207.38028062393502
61350.0,6828136.999999968,1.2540582264647574e-15,51.60000000000011,180.0,0.0,206.73916231298358
61360.0,6828137.000000031,5.275666752994489e-15,51.60000000000011,180.0,0.0,206.09804400203214
61370.0,6828136.999999962,7.644611118454235e-16,51.60000000000011,180.0,0.0,205.45692569108073
61380.0,6828136.999999956,4.489352449675293e-16,51.60000000000011,180.0,0.0,204.81580738012929
61390.0,6828136.9999999525,4.557723229251511e-16,51.60000000000011,180.0,0.0,204.17468906917787
61400.0,6828136.999999928,1.2819955829729457e-15,51.60000000000011,180.0,0.0,203.5335707582264
61410.0,6828136.999999974,1.9324130382477613e-15,51.60000000000011,180.0,0.0,202.89245244727496
61420.0,6828137.0000000335,5.768276067975555e-15,51.60000000000011,180.0,0.0,202.25133413632352
61430.0,6828136.999999962,8.673493740666915e-16,51.60000000000011,180.0,0.0,201.6102158253721
61440.0,6828136.999999956,5.508124024897553e-16,51.60000000000011,180.0,0.0,200.9690975144207
61450.0,6828136.99999995,3.618862160265285e-16,51.60000000000011,180.0,0.0,200.32797920346925
61460.0,6828136.999999923,1.799307828264887e-15,51.60000000000011,180.0,0.0,199.68686089251779
61470.0,6828136.999999968,1.3084111481947288e-15,51.600000000000115,180.0,0.0,199.04574258156634
61480.0,6828137.000000031,5.386692661904205e-15,51.60000000000011,180.0,0.0,198.4046242706149
61490.0,6828136.999999962,8.286618629726448e-16,51.60000000000011,180.0,0.0,197.7635059596635
61500.0,6828136.999999956,4.838255182861865e-16,51.60000000000011,180.0,0.0,197.12238764871208
61510.0,6828136.999999951,2.6479539308472093e-16,51.60000000000011,180.0,0.0,196.48126933776066
61520.0,6828136.999999928,1.2773106544667047e-15,51.60000000000011,180.0,0.0,195.8401510268092
61530.0,6828136.999999972,1.660830607742254e-15,51.60000000000011,180.0,0.0,195.1990327158578
61540.0,6828137.000000032,5.633759205279615e-15,51.60000000000011,180.0,0.0,194.55791440490634
61550.0,6828136.999999962,7.9413204740452e-16,51.60000000000011,180.0,0.0,193.9167960939549
61560.0,6828136.999999956,4.106076767443881e-16,51.60000000000011,180.0,0.0,193.27567778300346
61570.0,6828136.999999946,3.922106154267837e-16,51.60000000000011,180.0,0.0,192.63455947205202
61580.0,6828136.999999928,1.2825221978960876e-15,51.60000000000011,180.0,0.0,168.0065588388994
61590.0,6828136.999999972,1.65951346180402e-15,51.60000000000011,180.0,0.0,168.64767714985075
61600.0,6828137.000000032,5.625042271569832e-15,51.60000000000011,180.0,0.0,190.71120453919772
61610.0,6828136.999999962,7.765075146833174e-16,51.60000000000011,180.0,0.0,190.07008622824628
61620.0,6828136.999999958,6.435444301497996e-16,51.600000000000115,180.0,0.0,189.42896791729484
61630.0,6828136.999999948,1.3127379148313792e-16,51.60000000000011,180.0,0.0,171.21215039365657
61640.0,6828136.999999926,1.2956243604704494e-15,51.60000000000011,180.0,0.0,171.853268704608
61650.0,6828136.999999974,1.924979541678128e-15,51.60000000000011,180.0,0.0,172.49438701555937
61660.0,6828137.0000000335,5.7447566430477236e-15,51.60000000000011,180.0,0.0,186.86449467348913
61670.0,6828136.999999962,7.663855973504183e-16,51.60000000000011,180.0,0.0,173.7766236374623
61680.0,6828136.999999958,5.154509471615834e-16,51.600000000000115,180.0,0.0,174.41774194841366
61690.0,6828136.999999948,1.4162204868363702e-16,51.60000000000011,180.0,0.0,175.05886025936522
61700.0,6828136.99999993,1.0260063512235997e-15,51.60000000000011,180.0,0.0,175.69997857031657
61710.0,6828136.99999997,1.4044277798253658e-15,51.600000000000115,180.0,0.0,183.65890311873218
61720.0,6828137.0000000335,5.752546377159592e-15,51.600000000000115,180.0,0.0,183.01778480778057
61730.0,6828136.999999962,7.6594867845036025e-16,51.60000000000011,180.0,0.0,177.62333350317093
61740.0,6828136.999999958,5.112187069989546e-16,51.60000000000011,180.0,0.0,178.26445181412234
61750.0,6828136.999999951,1.4462111704382586e-16,51.600000000000115,180.0,0.0,178.90557012507372
61760.0,6828136.999999928,1.2805979103900082e-15,51.600000000000115,180.0,0.0,179.54668843602454
61770.0,6828136.999999972,1.6646765387067875e-15,51.60000000000011,180.0,0.0,180.1878067469791
61780.0,6828137.0000000335,5.76553934361628e-15,51.60000000000011,180.0,0.0,180.82892505792805
61790.0,6828136.999999963,9.018702404847998e-16,51.600000000000115,180.0,0.0,181.47004336887986
61800.0,6828136.999999956,3.999025979365648e-16,51.60000000000011,180.0,0.0,182.11116167983099
61810.0,6828136.9999999525,3.8872209246459257e-16,51.60000000000011,180.0,0.0,182.7522799907824
61820.0,6828136.999999926,1.279388530838078e-15,51.600000000000115,180.0,0.0,176.6066016982663
61830.0,6828136.999999974,1.914900998307444e-15,51.600000000000115,180.0,0.0,175.96548338731472
61840.0,6828137.0000000335,5.7487531779687435e-15,51.60000000000011,180.0,0.0,184.67563492363664
61850.0,6828136.999999962,7.662957056782955e-16,51.60000000000011,180.0,0.0,185.3167532345881
61860.0,6828136.999999956,3.8293747330600653e-16,51.60000000000011,180.0,0.0,185.95787154553946
61870.0,6828136.99999995,1.4613889392526707e-16,51.60000000000011,180.0,0.0,173.40101014350907
61880.0,6828136.999999928,1.2884121247944074e-15,51.600000000000115,180.0,0.0,172.75989183255757
61890.0,6828136.999999972,1.6623974724208461e-15,51.600000000000115,180.0,0.0,172.1187735216062
61900.0,6828137.0000000335,5.749167152815881e-15,51.600000000000115,180.0,0.0,188.52234478934525
61910.0,6828136.999999965,1.1486758922559234e-15,51.60000000000011,180.0,0.0,170.83653689970328
61920.0,6828136.999999958,5.105553209463339e-16,51.600000000000115,180.0,0.0,189.80458141124814
61930.0,6828136.9999999525,3.8289983543967695e-16,51.60000000000011,180.0,0.0,190.44569972219955
61940.0,6828136.999999928,1.2770322001650744e-15,51.600000000000115,180.0,0.0,168.913181966849
61950.0,6828136.999999972,1.786827781821984e-15,51.60000000000011,180.0,0.0,191.7279363441024
61960.0,6828137.000000033,5.749557486183149e-15,51.60000000000011,180.0,0.0,192.36905465505382
61970.0,6828136.999999963,8.938969053003757e-16,51.60000000000011,180.0,0.0,166.98982703399471
61980.0,6828136.999999958,6.405774881994452e-16,51.60000000000011,180.0,0.0,166.34870872304333
61990.0,6828136.99999995,1.381108749674036e-16,51.60000000000011,180.0,0.0,165.70759041209192
62000.0,6828136.99999993,1.057869587747688e-15,51.60000000000011,180.0,0.0,165.06647210114045
62010.0,6828136.999999974,1.9462462551257767e-15,51.60000000000011,180.0,0.0,164.42535379018898
62020.0,6828137.000000033,5.744604976807818e-15,51.60000000000011,180.0,0.0,163.7842354792376
62030.0,6828136.999999965,1.306788712479263e-15,51.60000000000011,180.0,0.0,163.14311716828615
62040.0,6828136.99999996,8.025559452891158e-16,51.600000000000115,180.0,0.0,162.5019988573347
62050.0,6828136.999999954,5.794607071736329e-16,51.60000000000011,180.0,0.0,161.86088054638324
62060.0,6828136.99999993,1.0658674093112716e-15,51.60000000000011,180.0,0.0,161.21976223543183
62070.0,6828136.999999974,1.9198709823876536e-15,51.60000000000011,180.0,0.0,160.5786439244804
62080.0,6828137.0000000335,5.744220855586314e-15,51.60000000000011,180.0,0.0,200.06247438647102
62090.0,6828136.999999963,1.058785481027897e-15,51.60000000000011,180.0,0.0,159.29640730257753
62100.0,6828136.99999996,9.650318033385204e-16,51.60000000000011,180.0,0.0,158.65528899162612
62110.0,6828136.99999995,3.6722195495407796e-16,51.60000000000011,180.0,0.0,158.0141706806747
62120.0,6828136.99999993,1.0698119581449013e-15,51.60000000000011,180.0,0.0,157.37305236972324
62130.0,6828136.999999972,1.6706651937203811e-15,51.60000000000011,180.0,0.0,156.7319340587718
62140.0,6828137.0000000335,5.743718755187269e-15,51.60000000000011,180.0,0.0,203.90918425217964
62150.0,6828136.999999962,8.238942841910693e-16,51.60000000000011,180.0,0.0,155.44969743686892
62160.0,6828136.999999958,5.753662566790193e-16,51.600000000000115,180.0,0.0,154.8085791259175
62170.0,6828136.9999999525,4.752411032473663e-16,51.600000000000115,180.0,0.0,154.1674608149661
62180.0,6828136.99999993,1.0961271795328484e-15,51.60000000000011,180.0,0.0,153.52634250401462
62190.0,6828136.999999974,1.9334711085557744e-15,51.60000000000011,180.0,0.0,152.8852241930632
62200.0,6828137.0000000335,5.743860880859244e-15,51.600000000000115,180.0,0.0,207.75589411788823
62210.0,6828136.999999962,8.051165395954206e-16,51.600000000000115,180.0,0.0,151.60298757116036
62220.0,6828136.999999958,7.413933463924484e-16,51.600000000000115,180.0,0.0,150.96186926020889
62230.0,6828136.9999999525,5.424243243612229e-16,51.600000000000115,180.0,0.0,150.32075094925747
62240.0,6828136.999999928,1.3314071705616482e-15,51.600000000000115,180.0,0.0,149.67963263830603
62250.0,6828136.999999974,1.9444903522198152e-15,51.60000000000011,180.0,0.0,149.03851432735462
62260.0,6828137.000000034,5.871017979196152e-15,51.600000000000115,180.0,0.0,148.39739601640318
62270.0,6828136.999999963,1.0625634481865567e-15,51.60000000000011,180.0,0.0,147.75627770545174
62280.0,6828136.999999962,1.0670477486421354e-15,51.600000000000115,180.0,0.0,147.1151593945003
62290.0,6828136.9999999525,4.672794021996148e-16,51.600000000000115,180.0,0.0,146.47404108354885
62300.0,6828136.999999926,1.3251466572705299e-15,51.600000000000115,180.0,0.0,145.83292277259747
62310.0,6828136.999999972,1.6959352911637274e-15,51.60000000000011,180.0,0.0,145.19180446164603
62320.0,6828137.0000000335,5.743863892869075e-15,51.600000000000115,180.0,0.0,215.4493138493054
62330.0,6828136.999999965,1.2012562588170437e-15,51.60000000000011,180.0,0.0,143.90956783974315
62340.0,6828136.999999962,1.076287463046367e-15,51.600000000000115,180.0,0.0,143.2684495287917
62350.0,6828136.9999999525,3.9567090623709553e-16,51.60000000000011,180.0,0.0,142.62733121784026
62360.0,6828136.99999993,1.144317023979817e-15,51.600000000000115,180.0,0.0,141.98621290688885
62370.0,6828136.999999972,1.7174543266309028e-15,51.60000000000011,180.0,0.0,141.34509459593744
62380.0,6828137.0000000335,5.749681582263175e-15,51.600000000000115,180.0,0.0,140.703976284986
62390.0,6828136.999999963,9.713748296264834e-16,51.60000000000011,180.0,0.0,140.06285797403453
62400.0,6828136.999999958,7.469638906376561e-16,51.600000000000115,180.0,0.0,139.42173966308312
62410.0,6828136.999999951,5.086182497760524e-16,51.60000000000011,180.0,0.0,138.78062135213167
62420.0,6828136.999999928,1.4475009590199703e-15,51.60000000000011,180.0,0.0,138.13950304118023
62430.0,6828136.99999997,1.5300618020977073e-15,51.60000000000011,180.0,0.0,137.49838473022882
62440.0,6828137.000000032,5.497226379876811e-15,51.60000000000011,180.0,0.0,136.8572664192774
62450.0,6828136.999999962,8.152689628910104e-16,51.60000000000011,180.0,0.0,136.21614810832594
62460.0,6828136.999999956,5.704941752849461e-16,51.60000000000011,180.0,0.0,135.5750297973745
62470.0,6828136.999999951,5.717996169370071e-16,51.60000000000011,180.0,0.0,134.93391148642306
62480.0,6828136.999999928,1.5301964177216663e-15,51.60000000000011,180.0,0.0,134.29279317547162
62490.0,6828136.999999968,1.2488337104184088e-15,51.60000000000011,180.0,0.0,133.6516748645202
62500.0,6828137.000000032,5.491327670232053e-15,51.60000000000011,180.0,0.0,133.0105565535688
62510.0,6828136.999999962,7.757245579607752e-16,51.600000000000115,180.0,0.0,132.36943824261735
62520.0,6828136.999999956,5.160374614036172e-16,51.60000000000011,180.0,0.0,131.7283199316659
62530.0,6828136.999999951,5.497266505237323e-16,51.60000000000011,180.0,0.0,131.08720162071447
62540.0,6828136.999999928,1.5352480359032929e-15,51.60000000000011,180.0,0.0,130.44608330976305
62550.0,6828136.99999997,1.487001921236947e-15,51.60000000000011,180.0,0.0,129.8049649988116
62560.0,6828137.0000000335,5.618260055647282e-15,51.60000000000011,180.0,0.0,129.1638466878602
62570.0,6828136.999999963,9.575672730630871e-16,51.60000000000011,180.0,0.0,128.52272837690873
62580.0,6828136.999999958,6.033415796801593e-16,51.60000000000011,180.0,0.0,127.88161006595732
62590.0,6828136.999999951,5.206701369359698e-16,51.60000000000011,180.0,0.0,127.24049175500588
62600.0,6828136.99999993,1.417952483636632e-15,51.60000000000011,180.0,0.0,126.59937344405444
62610.0,6828136.999999972,1.5219458256136758e-15,51.60000000000011,180.0,0.0,125.95825513310301
62620.0,6828137.000000035,5.7539693669565865e-15,51.600000000000115,180.0,0.0,125.31713682215157
62630.0,6828136.999999963,8.88625195007205e-16,51.60000000000011,180.0,0.0,124.67601851120013
62640.0,6828136.99999996,7.192262819996556e-16,51.600000000000115,180.0,0.0,124.0349002002487
62650.0,6828136.999999951,4.994792525525081e-16,51.60000000000011,180.0,0.0,123.39378188929729
62660.0,6828136.999999928,1.6050542200856773e-15,51.60000000000011,180.0,0.0,122.75266357834585
62670.0,6828136.99999997,1.3383328721501231e-15,51.60000000000011,180.0,0.0,122.11154526739442
62680.0,6828137.0000000335,5.492098532396069e-15,51.600000000000115,180.0,0.0,121.470426956443
62690.0,6828136.999999965,1.0118288361425427e-15,51.60000000000011,180.0,0.0,120.82930864549154
62700.0,6828136.99999996,7.464879842942809e-16,51.60000000000011,180.0,0.0,120.18819033454012
62710.0,6828136.999999951,5.75561976932169e-16,51.60000000000011,180.0,0.0,119.5470720235887
62720.0,6828136.99999993,1.3991089630458895e-15,51.60000000000011,180.0,0.0,118.90595371263726
62730.0,6828136.999999972,1.487169099883746e-15,51.600000000000115,180.0,0.0,118.26483540168581
62740.0,6828137.0000000335,5.4919933217379755e-15,51.600000000000115,180.0,0.0,117.62371709073439
62750.0,6828136.999999965,1.0049917906884784e-15,51.600000000000115,180.0,0.0,116.98259877978295
62760.0,6828136.999999958,5.345979905789023e-16,51.600000000000115,180.0,0.0,116.3414804688315
62770.0,6828136.99999995,6.059056839055626e-16,51.600000000000115,180.0,0.0,115.7003621578801
62780.0,6828136.99999993,1.5069847904030902e-15,51.60000000000011,180.0,0.0,115.05924384692867
62790.0,6828136.999999974,1.476710475962081e-15,51.600000000000115,180.0,0.0,114.41812553597723
62800.0,6828137.000000032,5.233106947302955e-15,51.600000000000115,180.0,0.0,113.7770072250258
62810.0,6828136.999999963,8.08884408938653e-16,51.600000000000115,180.0,0.0,113.13588891407436
62820.0,6828136.999999957,4.768213288627612e-16,51.60000000000011,180.0,0.0,112.49477060312293
62830.0,6828136.99999995,6.172466037139888e-16,51.600000000000115,180.0,0.0,111.85365229217149
62840.0,6828136.99999993,1.515796378268441e-15,51.600000000000115,180.0,0.0,111.21253398122006
62850.0,6828136.999999974,1.4704991095109545e-15,51.600000000000115,180.0,0.0,110.57141567026862
62860.0,6828137.000000035,5.615880501154796e-15,51.600000000000115,180.0,0.0,109.93029735931721
62870.0,6828136.999999963,7.19201008753252e-16,51.60000000000011,180.0,0.0,109.28917904836575
62880.0,6828136.999999958,4.312469007285313e-16,51.600000000000115,180.0,0.0,108.64806073741434
62890.0,6828136.999999951,4.043201884002577e-16,51.600000000000115,180.0,0.0,108.0069424264629
62900.0,6828136.99999993,1.586900231852036e-15,51.600000000000115,180.0,0.0,107.36582411551146
62910.0,6828136.999999974,1.4365665884564288e-15,51.600000000000115,180.0,0.0,106.72470580456005
62920.0,6828137.000000035,5.489617101793246e-15,51.60000000000011,180.0,0.0,106.0835874936086
62930.0,6828136.999999963,7.488068329260926e-16,51.60000000000011,180.0,0.0,105.44246918265716
62940.0,6828136.999999958,4.685232666663905e-16,51.600000000000115,180.0,0.0,104.80135087170574
62950.0,6828136.999999951,4.978359022358556e-16,51.600000000000115,180.0,0.0,104.16023256075431
62960.0,6828136.99999993,1.6440606619795443e-15,51.600000000000115,180.0,0.0,103.51911424980285
62970.0,6828136.999999974,1.497890104807943e-15,51.600000000000115,180.0,0.0,102.87799593885143
62980.0,6828137.000000035,5.496197330630834e-15,51.600000000000115,180.0,0.0,102.23687762790001
62990.0,6828136.999999964,8.114920602258984e-16,51.600000000000115,180.0,0.0,101.59575931694857
63000.0,6828136.999999962,7.255590142955211e-16,51.600000000000115,180.0,0.0,100.95464100599713
63010.0,6828136.9999999525,6.609653892451804e-16,51.600000000000115,180.0,0.0,100.3135226950457
63020.0,6828136.99999993,1.7234414851812355e-15,51.600000000000115,180.0,0.0,99.67240438409426
63030.0,6828136.999999977,1.8988615694000054e-15,51.600000000000115,180.0,0.0,99.03128607314284
63040.0,6828137.000000037,5.752117514835691e-15,51.600000000000115,180.0,0.0,98.39016776219141
63050.0,6828136.999999966,9.580722252870813e-16,51.600000000000115,180.0,0.0,97.74904945123998
63060.0,6828136.999999962,7.629916896151403e-16,51.60000000000013,180.0,0.0,97.10793114028854
63070.0,6828136.9999999525,6.339233235508248e-16,51.60000000000013,180.0,0.0,96.4668128293371
63080.0,6828136.99999993,1.830526807708571e-15,51.60000000000011,180.0,0.0,95.82569451838567
63090.0,6828136.999999977,1.792321976360196e-15,51.600000000000115,180.0,0.0,95.18457620743423
63100.0,6828137.000000039,5.883581833329181e-15,51.600000000000115,180.0,0.0,94.5434578964828
63110.0,6828136.999999968,1.2022788874681723e-15,51.600000000000115,180.0,0.0,93.90233958553138
63120.0,6828136.999999962,8.25688157918602e-16,51.600000000000115,180.0,0.0,93.26122127457995
63130.0,6828136.999999954,7.343370675138544e-16,51.600000000000115,180.0,0.0,92.62010296362851
63140.0,6828136.999999932,1.6970654722226911e-15,51.60000000000011,180.0,0.0,91.97898465267708
63150.0,6828136.999999977,1.9256123007484934e-15,51.60000000000013,180.0,0.0,91.33786634172564
63160.0,6828137.000000037,5.658014844836488e-15,51.600000000000115,180.0,0.0,90.69674803077422
63170.0,6828136.9999999665,1.2145074018128189e-15,51.600000000000115,180.0,0.0,90.05562971982278
63180.0,6828136.999999963,1.0263427022354113e-15,51.600000000000115,180.0,0.0,89.41451140887135
63190.0,6828136.999999954,7.347695932700889e-16,51.60000000000013,180.0,0.0,88.77339309791992
63200.0,6828136.999999932,1.5913478595964836e-15,51.60000000000011,180.0,0.0,88.1322747869685
63210.0,6828136.999999979,2.0356446865666967e-15,51.600000000000115,180.0,0.0,87.49115647601707
63220.0,6828137.000000039,5.895993614421053e-15,51.600000000000115,180.0,0.0,86.85003816506563
63230.0,6828136.999999967,1.28451365924793e-15,51.600000000000115,180.0,0.0,86.20891985411417
63240.0,6828136.999999963,1.0562249482064963e-15,51.600000000000115,180.0,0.0,85.56780154316276
63250.0,6828136.999999954,9.497787325481117e-16,51.600000000000115,180.0,0.0,84.92668323221132
63260.0,6828136.999999934,1.64497054913512e-15,51.60000000000011,180.0,0.0,84.28556492125988
63270.0,6828136.999999978,1.9059087662853152e-15,51.60000000000013,180.0,0.0,83.64444661030845
63280.0,6828137.000000037,5.6579920928706805e-15,51.600000000000115,180.0,0.0,83.00332829935702
63290.0,6828136.999999966,1.1733588787363628e-15,51.600000000000115,180.0,0.0,82.36220998840558
63300.0,6828136.999999963,1.1031232289280052e-15,51.600000000000115,180.0,0.0,81.72109167745414
63310.0,6828136.999999953,9.905177078799292e-16,51.600000000000115,180.0,0.0,81.07997336650273
63320.0,6828136.999999932,1.916131802685902e-15,51.60000000000011,180.0,0.0,80.43885505555129
63330.0,6828136.999999977,1.8881680600614894e-15,51.600000000000115,180.0,0.0,79.79773674459986
63340.0,6828137.0000000335,5.178107346358077e-15,51.600000000000115,180.0,0.0,79.15661843364843
63350.0,6828136.999999966,1.3184213236313238e-15,51.600000000000115,180.0,0.0,78.51550012269699
63360.0,6828136.999999961,1.1656321332814081e-15,51.600000000000115,180.0,0.0,77.87438181174555
63370.0,6828136.999999955,1.2192711223006817e-15,51.600000000000115,180.0,0.0,77.23326350079412
63380.0,6828136.999999932,2.1806538218576055e-15,51.600000000000115,180.0,0.0,76.5921451898427
63390.0,6828136.999999977,1.912197085668211e-15,51.600000000000115,180.0,0.0,75.95102687889126
63400.0,6828137.000000035,5.2187460864314494e-15,51.600000000000115,180.0,0.0,75.30990856793983
63410.0,6828136.999999966,1.4160850067286522e-15,51.600000000000115,180.0,0.0,74.6687902569884
63420.0,6828136.999999963,1.3057635507281731e-15,51.600000000000115,180.0,0.0,74.02767194603697
63430.0,6828136.999999955,1.3050384992290116e-15,51.60000000000013,180.0,0.0,73.38655363508553
63440.0,6828136.999999932,2.217972183601929e-15,51.60000000000011,180.0,0.0,72.7454353241341
63450.0,6828136.999999978,2.114510745296402e-15,51.600000000000115,180.0,0.0,72.10431701318268
63460.0,6828137.000000035,5.281302444984355e-15,51.600000000000115,180.0,0.0,71.46319870223124
63470.0,6828136.999999967,1.5713933184372587e-15,51.600000000000115,180.0,0.0,70.8220803912798
63480.0,6828136.999999961,1.5395894865250682e-15,51.60000000000013,180.0,0.0,70.18096208032837
63490.0,6828136.999999955,1.6349459830606387e-15,51.600000000000115,180.0,0.0,69.53984376937694
63500.0,6828136.999999931,2.589916847449059e-15,51.600000000000115,180.0,0.0,68.8987254584255
63510.0,6828136.999999975,1.8723869819393575e-15,51.600000000000115,180.0,0.0,68.25760714747408
63520.0,6828137.000000034,5.053621920152943e-15,51.600000000000115,180.0,0.0,67.61648883652265
63530.0,6828136.999999969,1.646733743341861e-15,51.600000000000115,180.0,0.0,66.97537052557121
63540.0,6828136.999999964,1.6479635954872252e-15,51.600000000000115,180.0,0.0,66.33425221461978
63550.0,6828136.999999955,1.6047672624624742e-15,51.600000000000115,180.0,0.0,65.69313390366837
63560.0,6828136.999999933,2.579652157869602e-15,51.600000000000115,180.0,0.0,65.05201559271693
63570.0,6828136.999999977,1.8900526056086105e-15,51.600000000000115,180.0,0.0,64.41089728176547
63580.0,6828137.000000038,5.137430618231492e-15,51.600000000000115,180.0,0.0,63.76977897081405
63590.0,6828136.999999966,1.6550975444623014e-15,51.600000000000115,180.0,0.0,63.12866065986262
63600.0,6828136.999999963,1.673275196545141e-15,51.60000000000013,180.0,0.0,62.48754234891119
63610.0,6828136.999999953,1.84141411659387e-15,51.600000000000115,180.0,0.0,61.84642403795976
63620.0,6828136.999999933,2.5697802720458347e-15,51.60000000000011,180.0,0.0,61.20530572700833
63630.0,6828136.999999977,1.922056188597405e-15,51.600000000000115,180.0,0.0,60.564187416056896
63640.0,6828137.000000038,5.178297875527985e-15,51.600000000000115,180.0,0.0,59.92306910510546
63650.0,6828136.999999967,1.5977597526144144e-15,51.600000000000115,180.0,0.0,59.28195079415402
63660.0,6828136.999999963,1.7843909106233725e-15,51.600000000000115,180.0,0.0,58.6408324832026
63670.0,6828136.999999953,1.967770124510947e-15,51.600000000000115,180.0,0.0,57.99971417225117
63680.0,6828136.999999931,2.967299219482348e-15,51.60000000000011,180.0,0.0,57.35859586129971
63690.0,6828136.999999978,1.9527121210451896e-15,51.60000000000013,180.0,0.0,56.7174775503483
63700.0,6828137.000000038,5.057423222833709e-15,51.60000000000011,180.0,0.0,56.07635923939687
63710.0,6828136.999999966,1.6783903063296895e-15,51.600000000000115,180.0,0.0,55.43524092844543
63720.0,6828136.999999963,1.7508642404146813e-15,51.600000000000115,180.0,0.0,54.794122617494004
63730.0,6828136.999999955,1.8590241544364883e-15,51.600000000000115,180.0,0.0,54.153004306542584
63740.0,6828136.999999929,3.160704130616775e-15,51.600000000000115,180.0,0.0,53.51188599559114
63750.0,6828136.999999977,1.905212598187858e-15,51.600000000000115,180.0,0.0,52.87076768463972
63760.0,6828137.00000004,5.098813086499839e-15,51.60000000000011,180.0,0.0,52.2296493736883
63770.0,6828136.999999969,1.8831610973614222e-15,51.600000000000115,180.0,0.0,51.58853106273684
63780.0,6828136.999999964,1.8201257678721394e-15,51.600000000000115,180.0,0.0,50.94741275178541
63790.0,6828136.999999953,2.1450663939023855e-15,51.60000000000011,180.0,0.0,50.306294440833994
63800.0,6828136.999999933,3.0179777015433683e-15,51.60000000000011,180.0,0.0,49.66517612988257
63810.0,6828136.999999978,2.1007605537477982e-15,51.600000000000115,180.0,0.0,49.024057818931134
63820.0,6828137.000000038,4.878721858291517e-15,51.600000000000115,180.0,0.0,48.38293950797969
63830.0,6828136.99999997,1.911607790854006e-15,51.600000000000115,180.0,0.0,47.74182119702826
63840.0,6828136.999999965,1.9348464026093867e-15,51.60000000000011,180.0,0.0,47.100702886076824
63850.0,6828136.999999954,2.1260052957475404e-15,51.60000000000011,180.0,0.0,46.45958457512541
63860.0,6828136.999999935,3.1182101817055814e-15,51.60000000000011,180.0,0.0,45.81846626417397
63870.0,6828136.999999977,2.2173931481471406e-15,51.60000000000011,180.0,0.0,45.17734795322255
63880.0,6828137.000000036,4.67004616725536e-15,51.60000000000011,180.0,0.0,44.53622964227112
63890.0,6828136.999999968,2.0932926342464766e-15,51.600000000000115,180.0,0.0,43.89511133131966
63900.0,6828136.999999965,2.003178727519091e-15,51.60000000000011,180.0,0.0,43.25399302036825
63910.0,6828136.999999956,2.1297567439711798e-15,51.60000000000011,180.0,0.0,42.612874709416815
63920.0,6828136.999999933,3.2497290962434e-15,51.60000000000011,180.0,0.0,41.97175639846538
63930.0,6828136.999999976,2.0366340934065445e-15,51.600000000000115,180.0,0.0,41.33063808751396
63940.0,6828137.00000004,4.955321630252136e-15,51.60000000000011,180.0,0.0,40.68951977656253
63950.0,6828136.999999968,2.0707459721417364e-15,51.600000000000115,180.0,0.0,40.04840146561108
63960.0,6828136.999999965,2.0959937814514493e-15,51.60000000000011,180.0,0.0,39.40728315465966
63970.0,6828136.999999958,2.317995709658724e-15,51.60000000000011,180.0,0.0,38.76616484370824
63980.0,6828136.999999936,3.2525844374478457e-15,51.60000000000011,180.0,0.0,38.12504653275679
63990.0,6828136.999999979,1.8744766744649624e-15,51.60000000000011,180.0,0.0,37.483928221805364
64000.0,6828137.000000039,4.573535714761225e-15,51.60000000000011,180.0,0.0,36.842809910853944
64010.0,6828136.99999997,1.9448095881461834e-15,51.600000000000115,180.0,0.0,36.20169159990251
64020.0,6828136.999999963,2.0456255420036413e-15,51.60000000000011,180.0,0.0,35.560573288951076
64030.0,6828136.999999958,2.1143481522486532e-15,51.60000000000011,180.0,0.0,34.91945497799966
64040.0,6828136.9999999385,2.9440307708288618e-15,51.60000000000011,180.0,0.0,34.27833666704823
64050.0,6828136.999999982,2.150530591324748e-15,51.60000000000011,180.0,0.0,33.637218356096774
64060.0,6828137.000000039,4.6406643398142295e-15,51.60000000000011,180.0,0.0,32.996100045145354
64070.0,6828136.99999997,1.906076688259434e-15,51.600000000000115,180.0,0.0,32.354981734193935
64080.0,6828136.999999963,2.0844682107961978e-15,51.60000000000011,180.0,0.0,31.713863423242486
64090.0,6828136.999999956,2.3520769374690383e-15,51.60000000000011,180.0,0.0,31.072745112291056
64100.0,6828136.999999936,3.310485849422378e-15,51.60000000000011,180.0,0.0,30.431626801339632
64110.0,6828136.999999977,1.9041691918124037e-15,51.60000000000011,180.0,0.0,29.79050849038821
64120.0,6828137.000000037,4.300659875025835e-15,51.60000000000011,180.0,0.0,29.14939017943678
64130.0,6828136.9999999665,2.1712335689825605e-15,51.60000000000011,180.0,0.0,28.508271868485327
64140.0,6828136.999999963,2.204641323027744e-15,51.60000000000011,180.0,0.0,27.867153557533904
64150.0,6828136.999999956,2.5689564368392234e-15,51.60000000000011,180.0,0.0,27.226035246582484
64160.0,6828136.999999937,3.3715527211508964e-15,51.60000000000011,180.0,0.0,26.584916935631046
64170.0,6828136.99999998,1.9628557618326798e-15,51.60000000000011,180.0,0.0,25.943798624679623
64180.0,6828137.000000041,4.4881855688754465e-15,51.60000000000011,180.0,0.0,25.3026803137282
64190.0,6828136.99999997,1.8172933234882713e-15,51.60000000000011,180.0,0.0,24.66156200277676
64200.0,6828136.999999965,2.1252253666704142e-15,51.600000000000115,180.0,0.0,24.020443691825328
64210.0,6828136.99999996,2.2365851980286224e-15,51.600000000000115,180.0,0.0,23.379325380873915
64220.0,6828136.999999936,3.533165649297582e-15,51.60000000000011,180.0,0.0,22.738207069922446
64230.0,6828136.999999982,1.88232400947765e-15,51.60000000000011,180.0,0.0,22.09708875897104
64240.0,6828137.000000043,4.592091714029586e-15,51.60000000000011,180.0,0.0,21.455970448019617
64250.0,6828136.999999969,1.854979416235774e-15,51.60000000000011,180.0,0.0,20.814852137068165
64260.0,6828136.9999999665,1.927926811999395e-15,51.600000000000115,180.0,0.0,20.17373382611674
64270.0,6828136.999999959,2.3057864709179168e-15,51.60000000000011,180.0,0.0,19.532615515165308
64280.0,6828136.999999936,3.582714950869241e-15,51.60000000000011,180.0,0.0,18.891497204213874
64290.0,6828136.999999981,1.8929281259072087e-15,51.60000000000011,180.0,0.0,18.250378893262464
64300.0,6828137.000000041,4.308865313250167e-15,51.60000000000011,180.0,0.0,17.609260582311002
64310.0,6828136.999999973,1.9884245292610902e-15,51.60000000000011,180.0,0.0,16.968142271359607
64320.0,6828136.999999966,2.2219183660320793e-15,51.60000000000011,180.0,0.0,16.327023960408166
64330.0,6828136.999999961,2.4238179711557546e-15,51.600000000000115,180.0,0.0,15.685905649456728
64340.0,6828136.999999937,3.5636723181054434e-15,51.60000000000011,180.0,0.0,15.044787338505277
64350.0,6828136.999999981,1.8856065633199062e-15,51.60000000000011,180.0,0.0,14.403669027553878
64360.0,6828137.000000041,4.127911834034392e-15,51.600000000000115,180.0,0.0,13.762550716602435
64370.0,6828136.999999975,1.833952663255467e-15,51.60000000000011,180.0,0.0,13.121432405651001
64380.0,6828136.999999967,2.0235949099795864e-15,51.60000000000011,180.0,0.0,12.480314094699592
64390.0,6828136.999999961,2.3827456590144405e-15,51.60000000000011,180.0,0.0,11.839195783748153
64400.0,6828136.9999999385,3.5844799788557086e-15,51.600000000000115,180.0,0.0,11.198077472796745
64410.0,6828136.999999985,2.1325857855727802e-15,51.600000000000115,180.0,0.0,10.5569591618453
64420.0,6828137.000000043,4.272912025097724e-15,51.60000000000011,180.0,0.0,9.9158408508939
64430.0,6828136.999999977,2.078251679404041e-15,51.600000000000115,180.0,0.0,9.274722539942513
64440.0,6828136.999999971,2.1644378996461163e-15,51.600000000000115,180.0,0.0,8.633604228991032
64450.0,6828136.999999961,2.5575185814373583e-15,51.60000000000011,180.0,0.0,7.992485918039551
64460.0,6828136.999999939,3.599881589012655e-15,51.60000000000011,180.0,0.0,7.3513676070881795
64470.0,6828136.999999983,2.139276677726637e-15,51.60000000000011,180.0,0.0,6.71024929613669
64480.0,6828137.000000041,4.068791768670328e-15,51.600000000000115,180.0,0.0,6.069130985185203
64490.0,6828136.999999975,2.312820397986144e-15,51.60000000000011,180.0,0.0,5.428012674233889
64500.0,6828136.999999969,2.3757844180725644e-15,51.60000000000011,180.0,0.0,4.786894363282388
64510.0,6828136.999999959,2.932087109139476e-15,51.600000000000115,180.0,0.0,4.145776052330868
64520.0,6828136.999999939,3.759066466709164e-15,51.60000000000011,180.0,0.0,3.504657741379606
64530.0,6828136.999999981,2.1048507071924647e-15,51.600000000000115,180.0,0.0,2.8635394304280517
64540.0,6828137.000000045,4.227987701541422e-15,51.60000000000011,180.0,0.0,2.222421119476805
64550.0,6828136.999999973,2.348824018830886e-15,51.600000000000115,180.0,0.0,1.5813028085253422
64560.0,6828136.999999967,2.5460127719298094e-15,51.60000000000011,180.0,0.0,0.9401844975734363
64570.0,6828136.999999961,2.8063772861954782e-15,51.60000000000011,180.0,0.0,0.2990661866223867
64580.0,6828136.999999936,4.186788851006446e-15,51.600000000000115,180.0,0.0,0.3420521243282474
64590.0,6828136.999999983,2.1445051266970547e-15,51.60000000000011,180.0,0.0,0.983170435280737
64600.0,6828137.000000045,4.1119843177120385e-15,51.600000000000115,180.0,0.0,1.624288746231825
64610.0,6828136.999999975,2.321571075515036e-15,51.60000000000011,180.0,0.0,2.2654070571833067
64620.0,6828136.999999969,2.5024724575621415e-15,51.600000000000115,180.0,0.0,2.9065253681347363
64630.0,6828136.999999959,3.021564543928952e-15,51.600000000000115,180.0,0.0,3.5476436790862604
64640.0,6828136.999999938,4.023208698772605e-15,51.600000000000115,180.0,0.0,4.188761990037578
64650.0,6828136.999999983,2.1210979583248425e-15,51.60000000000011,180.0,0.0,4.829880300989027
64660.0,6828137.000000044,3.907464542411672e-15,51.600000000000115,180.0,0.0,5.470998611940473
64670.0,6828136.999999971,2.5803019895930343e-15,51.60000000000011,180.0,0.0,6.1121169228918895
64680.0,6828136.999999967,2.707574055225984e-15,51.600000000000115,180.0,0.0,6.753235233843362
64690.0,6828136.999999961,2.9747978021025996e-15,51.600000000000115,180.0,0.0,7.394353544794836
64700.0,6828136.999999941,3.9560149143370185e-15,51.600000000000115,180.0,0.0,8.035471855746223
64710.0,6828136.9999999795,2.2768891160107884e-15,51.60000000000011,180.0,0.0,8.676590166697551
64720.0,6828137.000000044,3.875161627576788e-15,51.600000000000115,180.0,0.0,9.317708477648944
64730.0,6828136.999999974,2.4619744804972222e-15,51.600000000000115,180.0,0.0,9.958826788600451
64740.0,6828136.999999969,2.5997543766048705e-15,51.600000000000115,180.0,0.0,10.599945099551872
64750.0,6828136.999999959,3.1198692219907032e-15,51.600000000000115,180.0,0.0,11.241063410503283
64760.0,6828136.999999938,4.3942438223120096e-15,51.600000000000115,180.0,0.0,11.882181721454748
64770.0,6828136.999999985,2.3737860701736103e-15,51.600000000000115,180.0,0.0,12.523300032406166
64780.0,6828137.000000044,3.821072386170754e-15,51.60000000000011,180.0,0.0,13.164418343357571
64790.0,6828136.999999972,2.794918154084726e-15,51.60000000000011,180.0,0.0,13.805536654309018
64800.0,6828136.999999968,2.896191949649477e-15,51.600000000000115,180.0,0.0,14.446654965260432
64810.0,6828136.999999962,3.1304175378315414e-15,51.60000000000011,180.0,0.0,15.087773276211843
64820.0,6828136.999999939,4.4398281813546956e-15,51.60000000000011,180.0,0.0,15.728891587163337
64830.0,6828136.999999984,2.4376864525929517e-15,51.60000000000011,180.0,0.0,16.370009898114724
64840.0,6828137.000000045,3.9183363312435204e-15,51.60000000000011,180.0,0.0,17.011128209066168
64850.0,6828136.999999976,2.9011720014316033e-15,51.60000000000011,180.0,0.0,17.65224652001759
64860.0,6828136.99999997,3.0458436353040332e-15,51.60000000000011,180.0,0.0,18.293364830969043
64870.0,6828136.999999963,3.39790953835611e-15,51.600000000000115,180.0,0.0,18.934483141920452
64880.0,6828136.99999994,4.699625596850796e-15,51.60000000000011,180.0,0.0,19.575601452871894
64890.0,6828136.999999982,2.971799535892399e-15,51.60000000000011,180.0,0.0,20.21671976382331
64900.0,6828137.000000044,3.829338904979809e-15,51.60000000000011,180.0,0.0,20.85783807477474
64910.0,6828136.999999976,3.0227846089079666e-15,51.60000000000011,180.0,0.0,21.49895638572617
64920.0,6828136.9999999665,3.5176914052846123e-15,51.600000000000115,180.0,0.0,22.140074696677594
64930.0,6828136.999999963,3.469467152585613e-15,51.60000000000011,180.0,0.0,22.78119300762903
64940.0,6828136.9999999385,4.819564421954847e-15,51.60000000000011,180.0,0.0,23.422311318580437
64950.0,6828136.999999986,2.6625642848923055e-15,51.600000000000115,180.0,0.0,24.063429629531885
64960.0,6828137.000000046,3.763774825003669e-15,51.60000000000011,180.0,0.0,24.70454794048328
64970.0,6828136.999999974,3.115584734629953e-15,51.60000000000011,180.0,0.0,25.345666251434707
64980.0,6828136.99999997,3.2355419098797774e-15,51.60000000000011,180.0,0.0,25.986784562386163
64990.0,6828136.999999962,3.8685318946199475e-15,51.600000000000115,180.0,0.0,26.6279028733376
65000.0,6828136.999999942,4.740181304616596e-15,51.600000000000115,180.0,0.0,27.26902118428902
65010.0,6828136.999999986,2.8505056830569072e-15,51.60000000000013,180.0,0.0,27.91013949524046
65020.0,6828137.000000046,3.568850595194462e-15,51.600000000000115,180.0,0.0,28.55125780619187
65030.0,6828136.999999974,3.1786184641360958e-15,51.60000000000011,180.0,0.0,29.192376117143304
65040.0,6828136.99999997,3.37980881700007e-15,51.600000000000115,180.0,0.0,29.833494428094728
65050.0,6828136.99999996,3.955268540834663e-15,51.600000000000115,180.0,0.0,30.474612739046133
65060.0,6828136.99999994,4.981009429831215e-15,51.60000000000011,180.0,0.0,31.11573104999758
65070.0,6828136.999999984,2.7710792970880132e-15,51.600000000000115,180.0,0.0,31.756849360949
65080.0,6828137.000000043,3.1561345265932094e-15,51.600000000000115,180.0,0.0,32.39796767190044
65090.0,6828136.999999975,3.119502481288132e-15,51.60000000000011,180.0,0.0,33.03908598285187
65100.0,6828136.999999966,3.7245137509856765e-15,51.60000000000011,180.0,0.0,33.68020429380329
65110.0,6828136.999999963,3.824806310521715e-15,51.600000000000115,180.0,0.0,34.32132260475472
65120.0,6828136.9999999385,5.200256029636889e-15,51.60000000000013,180.0,0.0,34.96244091570615
65130.0,6828136.999999981,3.031278469465741e-15,51.600000000000115,180.0,0.0,35.603559226657566
65140.0,6828137.000000043,3.0217456359625656e-15,51.600000000000115,180.0,0.0,36.244677537609
65150.0,6828136.999999977,3.104947217821586e-15,51.600000000000115,180.0,0.0,36.88579584856044
65160.0,6828136.999999967,3.710399322935796e-15,51.600000000000115,180.0,0.0,37.52691415951186
65170.0,6828136.999999961,3.977388590539499e-15,51.600000000000115,180.0,0.0,38.168032470463295
65180.0,6828136.9999999385,5.248889894611782e-15,51.600000000000115,180.0,0.0,38.809150781414715
65190.0,6828136.999999983,2.908589782124e-15,51.600000000000115,180.0,0.0,39.45026909236614
65200.0,6828137.000000043,2.8964331806760406e-15,51.600000000000115,180.0,0.0,40.09138740331756
65210.0,6828136.999999975,3.3726531284941347e-15,51.600000000000115,180.0,0.0,40.732505714268996
65220.0,6828136.999999969,3.566971474486671e-15,51.600000000000115,180.0,0.0,41.37362402522042
65230.0,6828136.999999961,4.094725918426118e-15,51.600000000000115,180.0,0.0,42.01474233617183
65240.0,6828136.999999938,5.5766767249066655e-15,51.600000000000115,180.0,0.0,42.655860647123276
65250.0,6828136.999999983,3.1582054236133424e-15,51.60000000000013,180.0,0.0,43.29697895807472
65260.0,6828137.000000042,2.8089678217434764e-15,51.600000000000115,180.0,0.0,43.93809726902612
65270.0,6828136.999999973,3.629884043342259e-15,51.600000000000115,180.0,0.0,44.57921557997756
65280.0,6828136.999999966,4.0473659754804455e-15,51.600000000000115,180.0,0.0,45.22033389092898
65290.0,6828136.999999961,4.255928274569341e-15,51.600000000000115,180.0,0.0,45.86145220188041
65300.0,6828136.999999939,5.3875493493113945e-15,51.600000000000115,180.0,0.0,46.50257051283184
65310.0,6828136.999999985,2.939021223589308e-15,51.60000000000013,180.0,0.0,47.14368882378326
65320.0,6828137.000000044,2.7753275713298504e-15,51.600000000000115,180.0,0.0,47.784807134734685
65330.0,6828136.999999975,3.622097081697441e-15,51.600000000000115,180.0,0.0,48.425925445686126
65340.0,6828136.999999969,3.8876953525553434e-15,51.600000000000115,180.0,0.0,49.06704375663754
65350.0,6828136.999999959,4.5416235390737834e-15,51.60000000000013,180.0,0.0,49.70816206758897
65360.0,6828136.999999938,5.7459899167404395e-15,51.600000000000136,180.0,0.0,50.34928037854039
65370.0,6828136.999999983,3.2274449914887727e-15,51.60000000000013,180.0,0.0,50.99039868949184
65380.0,6828137.000000042,2.600342118572508e-15,51.600000000000115,180.0,0.0,51.631517000443246
65390.0,6828136.999999975,3.6460830951615285e-15,51.60000000000013,180.0,0.0,52.27263531139468
65400.0,6828136.999999969,3.949315263713312e-15,51.600000000000115,180.0,0.0,52.913753622346114
65410.0,6828136.999999959,4.616283586503068e-15,51.60000000000013,180.0,0.0,53.55487193329755
65420.0,6828136.999999936,6.072047168509291e-15,51.600000000000115,180.0,0.0,54.19599024424897
65430.0,6828136.999999982,3.2811362145685584e-15,51.60000000000013,180.0,0.0,54.837108555200395
65440.0,6828137.00000004,2.1892308823354315e-15,51.600000000000115,180.0,0.0,55.47822686615181
65450.0,6828136.999999972,3.8928608198270736e-15,51.60000000000013,180.0,0.0,56.11934517710324
65460.0,6828136.999999968,3.956340618958919e-15,51.600000000000115,180.0,0.0,56.76046348805466
65470.0,6828136.999999958,4.7918502038083774e-15,51.60000000000013,180.0,0.0,57.401581799006095
65480.0,6828136.999999936,6.116365983648449e-15,51.600000000000115,180.0,0.0,58.042700109957515
65490.0,6828136.999999979,3.586585268421668e-15,51.60000000000013,180.0,0.0,58.68381842090894
65500.0,6828137.000000042,1.958121079840215e-15,51.60000000000013,180.0,0.0,59.32493673186036
65510.0,6828136.999999972,3.901455409045159e-15,51.600000000000115,180.0,0.0,59.96605504281179
65520.0,6828136.999999968,4.1204375891623425e-15,51.600000000000115,180.0,0.0,60.60717335376322
65530.0,6828136.99999996,4.550602058943203e-15,51.600000000000115,180.0,0.0,61.24829166471465
65540.0,6828136.9999999385,5.920809378394145e-15,51.600000000000115,180.0,0.0,61.88940997566606
65550.0,6828136.99999998,3.553429527456433e-15,51.60000000000013,180.0,0.0,62.530528286617496
65560.0,6828137.00000004,2.010957703719867e-15,51.60000000000013,180.0,0.0,63.17164659756892
65570.0,6828136.999999976,3.6951268783642515e-15,51.60000000000013,180.0,0.0,63.81276490852036
65580.0,6828136.999999968,4.224439866538155e-15,51.60000000000013,180.0,0.0,64.45388321947178
65590.0,6828136.999999958,4.909363069058343e-15,51.600000000000115,180.0,0.0,65.0950015304232
65600.0,6828136.999999937,6.144572143300187e-15,51.600000000000115,180.0,0.0,65.73611984137463
65610.0,6828136.999999979,3.700073767914546e-15,51.60000000000013,180.0,0.0,66.37723815232606
65620.0,6828137.000000041,1.8472007859189196e-15,51.60000000000013,180.0,0.0,67.01835646327747
65630.0,6828136.99999997,4.316695545646938e-15,51.600000000000115,180.0,0.0,67.65947477422891
65640.0,6828136.999999965,4.636810656708362e-15,51.60000000000013,180.0,0.0,68.30059308518034
65650.0,6828136.999999962,4.637509408058883e-15,51.600000000000115,180.0,0.0,68.94171139613177
65660.0,6828136.999999936,6.454999873378901e-15,51.60000000000011,180.0,0.0,69.58282970708318
65670.0,6828136.99999998,3.4081673588293643e-15,51.600000000000115,180.0,0.0,70.2239480180346
65680.0,6828137.000000041,1.3545528884015431e-15,51.60000000000011,180.0,0.0,70.86506632898603
65690.0,6828136.99999997,4.285305542497315e-15,51.600000000000115,180.0,0.0,71.50618463993746
65700.0,6828136.999999963,4.758740937449925e-15,51.60000000000011,180.0,0.0,72.14730295088887
65710.0,6828136.999999958,4.98797903012032e-15,51.60000000000011,180.0,0.0,72.7884212618403
65720.0,6828136.9999999385,6.002363950657238e-15,51.600000000000115,180.0,0.0,73.42953957279174
65730.0,6828136.99999998,3.3969982277818483e-15,51.600000000000115,180.0,0.0,74.07065788374317
65740.0,6828137.000000041,1.1541920983542126e-15,51.600000000000115,180.0,0.0,74.71177619469458
65750.0,6828136.99999997,4.254098407778352e-15,51.600000000000115,180.0,0.0,75.35289450564602
65760.0,6828136.999999965,4.73204335313548e-15,51.600000000000115,180.0,0.0,75.99401281659745
65770.0,6828136.999999958,5.117036712448892e-15,51.60000000000013,180.0,0.0,76.63513112754887
65780.0,6828136.999999937,6.3835793716710744e-15,51.600000000000115,180.0,0.0,77.27624943850029
65790.0,6828136.999999982,3.418031707473442e-15,51.60000000000013,180.0,0.0,77.91736774945171
65800.0,6828137.000000043,1.1869874913999227e-15,51.60000000000013,180.0,0.0,78.55848606040314
65810.0,6828136.99999997,4.3396365495710824e-15,51.60000000000013,180.0,0.0,79.19960437135457
65820.0,6828136.999999965,4.700278770583499e-15,51.600000000000115,180.0,0.0,79.840722682306
65830.0,6828136.999999958,5.2136151543967515e-15,51.600000000000115,180.0,0.0,80.48184099325742
65840.0,6828136.999999937,6.4932290820807454e-15,51.600000000000115,180.0,0.0,81.12295930420885
65850.0,6828136.99999998,3.606921491470854e-15,51.60000000000013,180.0,0.0,81.76407761516029
65860.0,6828137.000000041,7.939048220643968e-16,51.60000000000011,180.0,0.0,82.40519592611169
65870.0,6828136.999999973,4.162145192455106e-15,51.60000000000013,180.0,0.0,83.04631423706313
65880.0,6828136.999999966,4.657444995206303e-15,51.600000000000115,180.0,0.0,83.68743254801456
65890.0,6828136.999999959,5.164720568708394e-15,51.60000000000011,180.0,0.0,84.32855085896598
65900.0,6828136.999999936,6.695072074339909e-15,51.600000000000115,180.0,0.0,84.9696691699174
65910.0,6828136.999999981,3.5483488821463765e-15,51.600000000000115,180.0,0.0,85.61078748086882
65920.0,6828137.000000041,6.447839878247694e-16,51.600000000000115,180.0,0.0,86.25190579182025
65930.0,6828136.999999969,4.514184157360866e-15,51.60000000000013,180.0,0.0,86.89302410277169
65940.0,6828136.999999966,4.759816287400486e-15,51.600000000000115,180.0,0.0,87.5341424137231
65950.0,6828136.999999959,5.139012961819842e-15,51.60000000000011,180.0,0.0,88.17526072467453
65960.0,6828136.999999936,6.674013843874342e-15,51.60000000000013,180.0,0.0,88.81637903562596
65970.0,6828136.999999981,3.506568640718333e-15,51.60000000000013,180.0,0.0,89.45749734657738
65980.0,6828137.000000039,3.478542015008324e-16,51.60000000000013,180.0,0.0,90.09861565752881
65990.0,6828136.999999971,4.365050140774707e-15,51.60000000000013,180.0,0.0,90.73973396848022
66000.0,6828136.999999966,4.740769907507154e-15,51.60000000000013,180.0,0.0,91.38085227943165
66010.0,6828136.999999957,5.375432064744746e-15,51.60000000000013,180.0,0.0,92.02197059038309
66020.0,6828136.999999934,6.908885749954326e-15,51.60000000000013,180.0,0.0,92.66308890133452
66030.0,6828136.9999999795,3.723515254375799e-15,51.60000000000013,180.0,0.0,93.30420721228593
66040.0,6828137.000000039,1.4547637106658736e-16,51.60000000000013,180.0,0.0,93.94532552323736
66050.0,6828136.999999969,4.600943318051392e-15,51.60000000000013,180.0,0.0,94.58644383418878
66060.0,6828136.999999964,4.980276746839564e-15,51.60000000000013,180.0,0.0,95.22756214514021
66070.0,6828136.999999957,5.2345350770450566e-15,51.60000000000013,180.0,0.0,95.86868045609162
66080.0,6828136.999999934,6.893749828358166e-15,51.60000000000013,180.0,0.0,96.50979876704305
66090.0,6828136.999999978,3.828996859098208e-15,51.60000000000013,180.0,0.0,262.8490829220055
66100.0,6828137.000000035,4.3981259560030443e-16,51.600000000000115,180.0,0.0,262.2079646110541
66110.0,6828136.999999966,4.850692877070944e-15,51.60000000000013,180.0,0.0,261.56684630010267
66120.0,6828136.999999961,5.235624814646257e-15,51.60000000000013,180.0,0.0,260.9257279891512
66130.0,6828136.999999955,5.491203488559527e-15,51.60000000000013,180.0,0.0,260.28460967819984
66140.0,6828136.999999934,6.89275141416155e-15,51.600000000000115,180.0,0.0,259.6434913672484
66150.0,6828136.999999978,3.831264914536194e-15,51.60000000000013,180.0,0.0,259.00237305629696
66160.0,6828137.000000037,4.3629979957707727e-16,51.60000000000013,180.0,0.0,258.36125474534555
66170.0,6828136.999999966,4.858580364498185e-15,51.60000000000013,180.0,0.0,257.72013643439413
66180.0,6828136.999999961,5.247688041775687e-15,51.60000000000013,180.0,0.0,257.0790181234427
66190.0,6828136.999999957,5.378072684201457e-15,51.60000000000013,180.0,0.0,256.43789981249125
66200.0,6828136.999999934,6.900305086047331e-15,51.60000000000013,180.0,0.0,255.7967815015398
66210.0,6828136.999999978,3.863883297311018e-15,51.60000000000013,180.0,0.0,255.1556631905884
66220.0,6828137.000000037,8.370170070604238e-16,51.600000000000115,180.0,0.0,254.514544879637
66230.0,6828136.999999966,4.8901860625682485e-15,51.60000000000013,180.0,0.0,253.87342656868557
66240.0,6828136.999999963,5.024148951514436e-15,51.60000000000013,180.0,0.0,253.23230825773413
66250.0,6828136.999999955,5.408254079745513e-15,51.60000000000013,180.0,0.0,252.59118994678275
66260.0,6828136.999999936,6.675457688191971e-15,51.60000000000013,180.0,0.0,251.9500716358313
66270.0,6828136.999999978,3.916337842133736e-15,51.60000000000013,180.0,0.0,251.30895332487987
66280.0,6828137.000000039,1.1386412578174537e-15,51.600000000000115,180.0,0.0,250.66783501392842
66290.0,6828136.999999967,4.6822003951560045e-15,51.600000000000115,180.0,0.0,250.02671670297698
66300.0,6828136.999999964,4.810150626942688e-15,51.60000000000013,180.0,0.0,249.38559839202557
66310.0,6828136.999999955,5.5764786494121595e-15,51.60000000000013,180.0,0.0,248.7444800810742
66320.0,6828136.999999934,6.823225702423728e-15,51.600000000000136,180.0,0.0,248.10336177012275
66330.0,6828136.99999998,3.606184675479918e-15,51.60000000000014,180.0,0.0,247.4622434591713
66340.0,6828137.000000039,1.4427270529210545e-15,51.60000000000013,180.0,0.0,246.82112514821992
66350.0,6828136.999999969,4.501454359730944e-15,51.600000000000136,180.0,0.0,246.18000683726848
66360.0,6828136.999999964,4.887999500876394e-15,51.60000000000014,180.0,0.0,245.53888852631704
66370.0,6828136.999999955,5.507460860415806e-15,51.60000000000013,180.0,0.0,244.8977702153656
66380.0,6828136.999999932,7.023423901726441e-15,51.60000000000013,180.0,0.0,244.25665190441416
66390.0,6828136.999999975,4.220491744883628e-15,51.60000000000013,180.0,0.0,243.61553359346274
66400.0,6828137.000000037,1.8479904230702283e-15,51.600000000000115,180.0,0.0,242.97441528251136
66410.0,6828136.999999969,4.622833126651756e-15,51.60000000000013,180.0,0.0,242.33329697155992
66420.0,6828136.999999963,5.119598946973086e-15,51.60000000000013,180.0,0.0,241.69217866060848
66430.0,6828136.999999954,5.594040630182677e-15,51.60000000000013,180.0,0.0,241.05106034965704
66440.0,6828136.999999934,6.851083223513928e-15,51.60000000000013,180.0,0.0,240.40994203870565
66450.0,6828136.999999976,4.214381689072769e-15,51.60000000000013,180.0,0.0,239.7688237277542
66460.0,6828137.000000035,2.1235960072615285e-15,51.60000000000013,180.0,0.0,239.12770541680277
66470.0,6828136.9999999665,4.814503325559112e-15,51.60000000000013,180.0,0.0,238.48658710585136
66480.0,6828136.999999962,5.2375860150988245e-15,51.600000000000136,180.0,0.0,237.84546879489992
66490.0,6828136.999999951,5.955305328633679e-15,51.600000000000115,180.0,0.0,237.20435048394847
66500.0,6828136.99999993,7.130790260086002e-15,51.60000000000013,180.0,0.0,236.5632321729971
66510.0,6828136.999999974,4.396345820633917e-15,51.60000000000013,180.0,0.0,235.92211386204565
66520.0,6828137.000000037,2.265546867309298e-15,51.60000000000013,180.0,0.0,235.2809955510942
66530.0,6828136.9999999665,4.789208835351822e-15,51.60000000000013,180.0,0.0,234.63987724014277
66540.0,6828136.99999996,5.412422707600051e-15,51.60000000000013,180.0,0.0,233.99875892919138
66550.0,6828136.9999999525,5.670656676044345e-15,51.600000000000115,180.0,0.0,233.35764061823994
66560.0,6828136.999999928,7.0906049287628945e-15,51.60000000000013,180.0,0.0,232.71652230728853
66570.0,6828136.999999974,4.240458933102798e-15,51.600000000000115,180.0,0.0,232.0754039963371
66580.0,6828137.000000037,2.407649979203303e-15,51.600000000000136,180.0,0.0,231.43428568538565
66590.0,6828136.999999963,5.075460954274834e-15,51.600000000000136,180.0,0.0,230.7931673744342
66600.0,6828136.99999996,5.22974988209971e-15,51.600000000000136,180.0,0.0,230.15204906348282
66610.0,6828136.9999999525,5.563034686847563e-15,51.60000000000013,180.0,0.0,229.51093075253138
66620.0,6828136.999999932,6.630949316317067e-15,51.600000000000115,180.0,0.0,228.86981244157994
66630.0,6828136.999999976,4.123907575016283e-15,51.600000000000136,180.0,0.0,228.22869413062853
66640.0,6828137.000000036,2.8818109601386766e-15,51.60000000000013,180.0,0.0,227.5875758196771
66650.0,6828136.999999965,4.9052607197614865e-15,51.60000000000013,180.0,0.0,226.9464575087257
66660.0,6828136.999999962,5.061120341076122e-15,51.600000000000136,180.0,0.0,226.30533919777426
66670.0,6828136.9999999525,5.4770207208671876e-15,51.600000000000115,180.0,0.0,225.66422088682282
66680.0,6828136.999999931,6.618061631098658e-15,51.60000000000013,180.0,0.0,225.0231025758714
66690.0,6828136.999999977,3.860858006747572e-15,51.60000000000013,180.0,0.0,224.38198426491996
66700.0,6828137.000000034,2.9308467942706883e-15,51.600000000000136,180.0,0.0,223.74086595396855
66710.0,6828136.9999999665,4.695686447281269e-15,51.60000000000013,180.0,0.0,223.0997476430171
66720.0,6828136.99999996,5.124531772937209e-15,51.600000000000136,180.0,0.0,222.4586293320657
66730.0,6828136.999999951,5.607223121192925e-15,51.600000000000136,180.0,0.0,221.81751102111429
66740.0,6828136.999999927,6.918421436324488e-15,51.600000000000115,180.0,0.0,221.17639271016284
66750.0,6828136.999999976,3.938665442270557e-15,51.60000000000013,180.0,0.0,220.5352743992114
66760.0,6828137.000000034,3.0044598148742606e-15,51.60000000000013,180.0,0.0,219.89415608825996
66770.0,6828136.999999968,4.356113874732344e-15,51.60000000000013,180.0,0.0,219.25303777730858
66780.0,6828136.99999996,4.9829033778489214e-15,51.600000000000136,180.0,0.0,218.6119194663571
66790.0,6828136.999999952,5.4263808888091524e-15,51.600000000000136,180.0,0.0,217.9708011554057
66800.0,6828136.999999927,6.752156640039115e-15,51.600000000000136,180.0,0.0,217.32968284445428
66810.0,6828136.999999973,4.251594374673142e-15,51.600000000000115,180.0,0.0,216.68856453350287
66820.0,6828137.000000033,3.2444950738785102e-15,51.60000000000013,180.0,0.0,216.04744622255143
66830.0,6828136.999999962,4.951525210506199e-15,51.60000000000013,180.0,0.0,215.4063279116
66840.0,6828136.999999957,5.134883221733187e-15,51.600000000000115,180.0,0.0,214.76520960064855
66850.0,6828136.99999995,5.4976569509621445e-15,51.600000000000136,180.0,0.0,214.12409128969713
66860.0,6828136.999999931,6.3086447206070614e-15,51.60000000000013,180.0,0.0,213.4829729787457
66870.0,6828136.999999973,4.075166248013748e-15,51.600000000000136,180.0,0.0,212.84185466779428
66880.0,6828137.000000034,3.4036044304131e-15,51.600000000000136,180.0,0.0,212.20073635684287
66890.0,6828136.999999964,4.677987334690645e-15,51.600000000000136,180.0,0.0,211.55961804589143
66900.0,6828136.999999959,4.972082228704066e-15,51.60000000000013,180.0,0.0,210.91849973494
66910.0,6828136.999999953,5.0273414402681156e-15,51.600000000000136,180.0,0.0,210.27738142398857
66920.0,6828136.999999933,6.043320329420454e-15,51.60000000000013,180.0,0.0,209.63626311303716
66930.0,6828136.999999975,3.8755133919980205e-15,51.600000000000115,180.0,0.0,208.99514480208572
66940.0,6828137.0000000335,3.615609530610362e-15,51.60000000000013,180.0,0.0,208.3540264911343
66950.0,6828136.999999963,4.658095007976363e-15,51.60000000000013,180.0,0.0,207.71290818018286
66960.0,6828136.999999959,4.784847236833524e-15,51.600000000000136,180.0,0.0,207.07178986923145
66970.0,6828136.999999952,5.082159519386117e-15,51.60000000000013,180.0,0.0,206.43067155828
66980.0,6828136.999999928,6.2312519080358516e-15,51.60000000000013,180.0,0.0,205.78955324732857
66990.0,6828136.999999973,3.888944360420029e-15,51.600000000000115,180.0,0.0,205.14843493637716
67000.0,6828137.000000032,3.788506186467688e-15,51.60000000000013,180.0,0.0,204.5073166254257
67010.0,6828136.999999963,4.572043571381011e-15,51.60000000000013,180.0,0.0,203.86619831447427
67020.0,6828136.999999959,4.6906460935197646e-15,51.600000000000136,180.0,0.0,203.22508000352286
67030.0,6828136.999999951,5.0257252979852585e-15,51.600000000000136,180.0,0.0,202.58396169257142
67040.0,6828136.999999928,6.037152202018873e-15,51.600000000000115,180.0,0.0,201.94284338162
67050.0,6828136.999999972,3.77668676567421e-15,51.600000000000115,180.0,0.0,201.3017250706686
67060.0,6828137.0000000335,4.011297460902474e-15,51.60000000000013,180.0,0.0,200.66060675971715
67070.0,6828136.999999963,4.416274066473488e-15,51.60000000000013,180.0,0.0,200.0194884487657
67080.0,6828136.99999996,4.5505564403535e-15,51.60000000000013,180.0,0.0,199.3783701378143
67090.0,6828136.99999995,5.070938762200673e-15,51.60000000000013,180.0,0.0,198.73725182686286
67100.0,6828136.999999932,5.743873367653544e-15,51.600000000000115,180.0,0.0,198.09613351591145
67110.0,6828136.999999972,3.905522310295513e-15,51.600000000000115,180.0,0.0,197.45501520496
67120.0,6828137.000000032,4.0830838330332556e-15,51.600000000000136,180.0,0.0,196.81389689400856
67130.0,6828136.999999963,4.435787520615574e-15,51.60000000000013,180.0,0.0,196.17277858305715
67140.0,6828136.999999958,4.60436726514321e-15,51.60000000000013,180.0,0.0,195.53166027210568
67150.0,6828136.999999951,4.779012942141842e-15,51.600000000000136,180.0,0.0,194.89054196115427
67160.0,6828136.999999928,5.746222376288157e-15,51.600000000000136,180.0,0.0,194.24942365020283
67170.0,6828136.999999974,3.669200971663993e-15,51.600000000000115,180.0,0.0,193.60830533925142
67180.0,6828137.000000033,4.2349591562964225e-15,51.60000000000013,180.0,0.0,192.96718702830003
67190.0,6828136.999999965,4.1657502122656995e-15,51.60000000000013,180.0,0.0,192.3260687173486
67200.0,6828136.999999958,4.5487325398813415e-15,51.60000000000013,180.0,0.0,191.68495040639718
67210.0,6828136.99999995,4.827502130927115e-15,51.60000000000013,180.0,0.0,191.0438320954457
67220.0,6828136.999999927,5.791594649328666e-15,51.60000000000013,180.0,0.0,190.40271378449432
67230.0,6828136.999999972,3.665374629003031e-15,51.600000000000115,180.0,0.0,189.76159547354285
67240.0,6828137.000000031,4.325536020560261e-15,51.600000000000136,180.0,0.0,189.1204771625914
67250.0,6828136.999999965,4.097196719933922e-15,51.60000000000013,180.0,0.0,188.47935885164006
67260.0,6828136.999999958,4.379727782787502e-15,51.600000000000136,180.0,0.0,187.83824054068862
67270.0,6828136.999999952,4.52939259123494e-15,51.600000000000115,180.0,0.0,187.1971222297372
67280.0,6828136.999999927,5.523866613054332e-15,51.60000000000013,180.0,0.0,186.55600391878573
67290.0,6828136.999999973,3.686792133399503e-15,51.60000000000013,180.0,0.0,185.9148856078343
67300.0,6828137.000000033,4.6997179133264846e-15,51.60000000000013,180.0,0.0,185.27376729688285
67310.0,6828136.999999964,4.042515120730675e-15,51.60000000000013,180.0,0.0,184.63264898593138
67320.0,6828136.999999955,4.413671723112243e-15,51.60000000000013,180.0,0.0,183.99153067498
67330.0,6828136.99999995,4.607323454530008e-15,51.600000000000115,180.0,0.0,183.35041236402867
67340.0,6828136.999999929,5.402157225192476e-15,51.60000000000013,180.0,0.0,182.70929405307703
67350.0,6828136.999999973,3.980333473269682e-15,51.600000000000115,180.0,0.0,182.06817574212576
67360.0,6828137.000000033,5.06118227196415e-15,51.60000000000013,180.0,0.0,181.42705743117457
67370.0,6828136.999999964,4.129828855577841e-15,51.60000000000013,180.0,0.0,180.7859391202233
67380.0,6828136.999999957,4.386319675945344e-15,51.600000000000115,180.0,0.0,180.14482080927385
67390.0,6828136.99999995,4.5204477278669666e-15,51.600000000000115,180.0,0.0,180.4962975016798
67400.0,6828136.999999929,5.239607836338823e-15,51.600000000000115,180.0,0.0,181.1374158126316
67410.0,6828136.999999973,3.8136947069442335e-15,51.600000000000115,180.0,0.0,181.77853412358277
67420.0,6828137.000000032,5.0448656009338546e-15,51.600000000000115,180.0,0.0,182.4196524345344
67430.0,6828136.999999964,4.030260923913271e-15,51.60000000000013,180.0,0.0,183.06077074548585
67440.0,6828136.999999959,4.154830226349421e-15,51.600000000000115,180.0,0.0,183.7018890564372
67450.0,6828136.999999952,4.330236880554869e-15,51.60000000000013,180.0,0.0,184.34300736738862
67460.0,6828136.999999928,5.1576566316826136e-15,51.600000000000115,180.0,0.0,184.98412567834
67470.0,6828136.999999976,3.862837841520069e-15,51.60000000000013,180.0,0.0,185.62524398929142
67480.0,6828137.0000000335,5.493290688684186e-15,51.600000000000115,180.0,0.0,186.26636230024283
67490.0,6828136.999999964,4.0878911016458755e-15,51.600000000000115,180.0,0.0,186.90748061119436
67500.0,6828136.99999996,4.191151878001527e-15,51.600000000000115,180.0,0.0,187.54859892214571
67510.0,6828136.999999951,4.268734194398131e-15,51.600000000000115,180.0,0.0,188.18971723309716
67520.0,6828136.999999926,5.038718754755625e-15,51.60000000000013,180.0,0.0,188.83083554404854
67530.0,6828136.999999972,3.503180107094244e-15,51.600000000000115,180.0,0.0,189.47195385500004
67540.0,6828137.000000035,5.4790258356533324e-15,51.600000000000115,180.0,0.0,190.11307216595145
67550.0,6828136.999999962,3.885446673201232e-15,51.60000000000013,180.0,0.0,190.75419047690283
67560.0,6828136.99999996,3.93326052973937e-15,51.600000000000115,180.0,0.0,191.3953087878543
67570.0,6828136.999999948,4.257906463405032e-15,51.600000000000115,180.0,0.0,192.03642709880575
67580.0,6828136.99999993,4.6123407168340545e-15,51.60000000000013,180.0,0.0,192.6775454097572
67590.0,6828136.999999974,3.587468232499786e-15,51.600000000000115,180.0,0.0,193.3186637207086
67600.0,6828137.000000034,5.5828770629613565e-15,51.60000000000013,180.0,0.0,193.95978203166004
67610.0,6828136.9999999665,3.638955070907165e-15,51.60000000000013,180.0,0.0,194.6009003426115
67620.0,6828136.99999996,3.6926610181652075e-15,51.600000000000115,180.0,0.0,195.24201865356287
67630.0,6828136.99999995,3.949536164913712e-15,51.60000000000013,180.0,0.0,195.88313696451434
67640.0,6828136.999999927,4.541288425163995e-15,51.60000000000013,180.0,0.0,196.52425527546575
67650.0,6828136.999999972,3.4644838733226706e-15,51.60000000000013,180.0,0.0,197.1653735864172
67660.0,6828137.000000033,5.663115439269184e-15,51.60000000000013,180.0,0.0,197.80649189736863
67670.0,6828136.999999963,3.6144001071566744e-15,51.60000000000013,180.0,0.0,198.44761020832004
67680.0,6828136.99999996,3.611757797964182e-15,51.600000000000115,180.0,0.0,199.08872851927148
67690.0,6828136.99999995,3.787926908332596e-15,51.600000000000115,180.0,0.0,199.7298468302229
67700.0,6828136.999999927,4.231718963348364e-15,51.600000000000115,180.0,0.0,200.37096514117434
67710.0,6828136.999999973,3.3118833144505527e-15,51.600000000000115,180.0,0.0,201.01208345212575
67720.0,6828137.000000033,5.665187089206296e-15,51.60000000000013,180.0,0.0,201.6532017630772
67730.0,6828136.999999966,3.356052686794578e-15,51.60000000000013,180.0,0.0,202.29432007402866
67740.0,6828136.999999957,3.4096968908251796e-15,51.60000000000013,180.0,0.0,202.93543838498007
67750.0,6828136.99999995,3.5264977621954934e-15,51.60000000000013,180.0,0.0,203.5765566959315
67760.0,6828136.999999931,3.867080249344491e-15,51.600000000000115,180.0,0.0,204.21767500688296
67770.0,6828136.999999975,3.634479199004184e-15,51.600000000000115,180.0,0.0,204.8587933178344
67780.0,6828137.000000033,6.062480756148413e-15,51.60000000000013,180.0,0.0,205.4999116287858
67790.0,6828136.999999966,3.4691844143726798e-15,51.60000000000011,180.0,0.0,206.14102993973725
67800.0,6828136.999999957,3.4822093854126432e-15,51.600000000000115,180.0,0.0,206.78214825068866
67810.0,6828136.99999995,3.543271896401308e-15,51.60000000000013,180.0,0.0,207.4232665616401
67820.0,6828136.999999931,3.6994808045423666e-15,51.600000000000115,180.0,0.0,208.06438487259155
67830.0,6828136.999999975,3.467138918922563e-15,51.600000000000115,180.0,0.0,208.705503183543
67840.0,6828137.0000000335,6.014311048873374e-15,51.60000000000013,180.0,0.0,209.34662149449437
67850.0,6828136.999999964,3.3592390646324534e-15,51.60000000000013,180.0,0.0,209.9877398054458
67860.0,6828136.999999961,3.2585602124144096e-15,51.600000000000115,180.0,0.0,210.62885811639728
67870.0,6828136.99999995,3.201870567172258e-15,51.600000000000115,180.0,0.0,211.26997642734872
67880.0,6828136.99999993,3.413491904241095e-15,51.600000000000115,180.0,0.0,211.91109473830014
67890.0,6828136.999999975,3.169902047061874e-15,51.600000000000115,180.0,0.0,212.55221304925158
67900.0,6828137.0000000335,6.250256563897242e-15,51.600000000000115,180.0,0.0,213.193331360203
67910.0,6828136.999999963,3.106196994860962e-15,51.600000000000115,180.0,0.0,213.83444967115443
67920.0,6828136.999999957,3.0301432129439526e-15,51.60000000000013,180.0,0.0,214.47556798210587
67930.0,6828136.99999995,3.01006878754894e-15,51.60000000000013,180.0,0.0,215.1166862930573
67940.0,6828136.99999993,3.2971326500741974e-15,51.600000000000115,180.0,0.0,215.75780460400875
67950.0,6828136.999999974,3.340667246789592e-15,51.60000000000013,180.0,0.0,216.39892291496017
67960.0,6828137.000000032,6.199913825369972e-15,51.60000000000013,180.0,0.0,217.0400412259116
67970.0,6828136.999999961,3.0499375590489387e-15,51.60000000000013,180.0,0.0,217.68115953686302
67980.0,6828136.999999958,3.045264399281104e-15,51.600000000000115,180.0,0.0,218.32227784781446
67990.0,6828136.99999995,2.987922559302804e-15,51.60000000000013,180.0,0.0,218.9633961587659
68000.0,6828136.99999993,3.1349249907033136e-15,51.600000000000115,180.0,0.0,219.60451446971734
68010.0,6828136.999999972,3.179059625257206e-15,51.60000000000013,180.0,0.0,220.24563278066876
68020.0,6828137.000000032,6.286312087738095e-15,51.60000000000013,180.0,0.0,220.88675109162017
68030.0,6828136.999999963,2.9509203692004557e-15,51.600000000000115,180.0,0.0,221.5278694025716
68040.0,6828136.999999958,2.8578519734456404e-15,51.600000000000115,180.0,0.0,222.16898771352308
68050.0,6828136.9999999525,2.8561705834276514e-15,51.600000000000115,180.0,0.0,222.8101060244745
68060.0,6828136.99999993,2.7974094265906965e-15,51.600000000000115,180.0,0.0,223.45122433542593
68070.0,6828136.999999974,3.343036880476119e-15,51.600000000000115,180.0,0.0,224.09234264637738
68080.0,6828137.000000033,6.429516436489394e-15,51.60000000000013,180.0,0.0,224.7334609573288
68090.0,6828136.999999963,2.976307273972998e-15,51.60000000000013,180.0,0.0,225.3745792682802
68100.0,6828136.99999996,2.8576695000194035e-15,51.600000000000115,180.0,0.0,226.01569757923164
68110.0,6828136.9999999525,2.7013781210460624e-15,51.600000000000115,180.0,0.0,226.65681589018308
68120.0,6828136.999999929,2.727106651177687e-15,51.600000000000115,180.0,0.0,227.29793420113452
68130.0,6828136.999999974,3.431276609830689e-15,51.60000000000013,180.0,0.0,227.93905251208596
68140.0,6828137.000000034,6.902996905260116e-15,51.600000000000115,180.0,0.0,228.58017082303738
68150.0,6828136.999999965,3.091084031228232e-15,51.600000000000136,180.0,0.0,229.22128913398885
68160.0,6828136.99999996,2.8175113990064033e-15,51.60000000000013,180.0,0.0,229.8624074449403
68170.0,6828136.99999995,2.7880979145662118e-15,51.600000000000115,180.0,0.0,230.50352575589167
68180.0,6828136.999999927,2.6257451716526843e-15,51.600000000000115,180.0,0.0,231.1446440668431
68190.0,6828136.999999973,3.2939143061516252e-15,51.60000000000013,180.0,0.0,231.78576237779455
68200.0,6828137.000000036,7.000034611667105e-15,51.60000000000013,180.0,0.0,232.426880688746
68210.0,6828136.999999966,2.925719350245115e-15,51.60000000000013,180.0,0.0,233.0679989996974
68220.0,6828136.999999961,2.784691170003503e-15,51.600000000000115,180.0,0.0,233.70911731064885
68230.0,6828136.99999995,2.4317008471040036e-15,51.600000000000115,180.0,0.0,234.3502356216003
68240.0,6828136.999999931,2.04675438537497e-15,51.60000000000013,180.0,0.0,234.99135393255173
68250.0,6828136.999999973,3.177814500762679e-15,51.600000000000115,180.0,0.0,235.63247224350317
68260.0,6828137.000000036,7.033657036808399e-15,51.600000000000136,180.0,0.0,236.27359055445461
68270.0,6828136.999999966,2.8684398605244925e-15,51.60000000000013,180.0,0.0,236.91470886540603
68280.0,6828136.999999961,2.6290927605423006e-15,51.60000000000013,180.0,0.0,237.55582717635747
68290.0,6828136.999999952,2.371711201292436e-15,51.600000000000115,180.0,0.0,238.1969454873089
68300.0,6828136.999999931,1.912975349882865e-15,51.60000000000013,180.0,0.0,238.83806379826035
68310.0,6828136.999999977,3.519439224088203e-15,51.60000000000013,180.0,0.0,239.4791821092118
68320.0,6828137.0000000335,7.031957376830011e-15,51.60000000000013,180.0,0.0,240.12030042016318
68330.0,6828136.999999967,3.052760933478531e-15,51.60000000000013,180.0,0.0,240.76141873111462
68340.0,6828136.999999961,2.6907926386820714e-15,51.60000000000013,180.0,0.0,241.40253704206606
68350.0,6828136.999999953,2.3857494126329312e-15,51.600000000000115,180.0,0.0,242.04365535301747
68360.0,6828136.99999993,1.829193661374909e-15,51.60000000000013,180.0,0.0,242.6847736639689
68370.0,6828136.999999975,3.5084628494542855e-15,51.600000000000115,180.0,0.0,243.32589197492035
68380.0,6828137.000000032,6.842287483962286e-15,51.60000000000013,180.0,0.0,243.9670102858718
68390.0,6828136.999999966,2.909259954797047e-15,51.60000000000013,180.0,0.0,244.60812859682324
68400.0,6828136.999999961,2.715226647564524e-15,51.60000000000013,180.0,0.0,245.24924690777468
68410.0,6828136.999999953,2.402097845756543e-15,51.600000000000115,180.0,0.0,245.8903652187261
68420.0,6828136.999999932,1.7528460295384071e-15,51.60000000000013,180.0,0.0,246.53148352967753
68430.0,6828136.999999977,3.7216844597022596e-15,51.60000000000013,180.0,0.0,247.17260184062897
68440.0,6828137.000000035,7.465468312667622e-15,51.600000000000115,180.0,0.0,247.8137201515804
68450.0,6828136.999999964,2.934264511413072e-15,51.60000000000013,180.0,0.0,248.45483846253185
68460.0,6828136.999999959,2.5983348565202553e-15,51.600000000000115,180.0,0.0,249.0959567734833
68470.0,6828136.999999951,2.2643834702822182e-15,51.60000000000013,180.0,0.0,249.7370750844347
68480.0,6828136.99999993,1.5817250605269907e-15,51.60000000000013,180.0,0.0,250.37819339538615
68490.0,6828136.999999976,3.5412683687892606e-15,51.600000000000136,180.0,0.0,251.0193117063376
68500.0,6828137.0000000335,7.234777845869574e-15,51.60000000000013,180.0,0.0,251.66043001728903
68510.0,6828136.999999964,2.7503581894678624e-15,51.60000000000013,180.0,0.0,252.30154832824047
68520.0,6828136.999999957,2.3561843962770814e-15,51.600000000000115,180.0,0.0,252.9426666391919
68530.0,6828136.999999951,2.0248848728659358e-15,51.600000000000115,180.0,0.0,253.58378495014333
68540.0,6828136.99999993,1.3300045594323748e-15,51.600000000000115,180.0,0.0,254.22490326109477
68550.0,6828136.999999974,3.48867781148985e-15,51.600000000000115,180.0,0.0,254.8660215720462
68560.0,6828137.0000000335,7.345692017252166e-15,51.60000000000013,180.0,0.0,255.50713988299765
68570.0,6828136.999999963,2.657041177677571e-15,51.60000000000013,180.0,0.0,256.14825819394906
68580.0,6828136.999999958,2.3594505401493953e-15,51.600000000000115,180.0,0.0,256.78937650490053
68590.0,6828136.999999951,2.092170882969667e-15,51.600000000000115,180.0,0.0,257.43049481585194
68600.0,6828136.999999932,1.363402005071403e-15,51.60000000000013,180.0,0.0,258.0716131268034
68610.0,6828136.999999974,3.433770856536119e-15,51.600000000000115,180.0,0.0,258.7127314377548
68620.0,6828137.0000000335,7.427142210949784e-15,51.600000000000136,180.0,0.0,259.35384974870624
68630.0,6828136.999999963,2.7291146123112404e-15,51.60000000000013,180.0,0.0,259.9949680596577
68640.0,6828136.99999996,2.6051068186291266e-15,51.60000000000013,180.0,0.0,260.6360863706091
68650.0,6828136.9999999525,2.1259584859761158e-15,51.60000000000013,180.0,0.0,261.2772046815606
68660.0,6828136.999999932,1.1728707285638424e-15,51.60000000000013,180.0,0.0,261.918322992512
68670.0,6828136.999999976,3.572752163857964e-15,51.60000000000013,180.0,0.0,262.5594413034635
68680.0,6828137.0000000335,7.366262024358788e-15,51.600000000000136,180.0,0.0,263.2005596144149
68690.0,6828136.999999963,2.594189034257107e-15,51.60000000000013,180.0,0.0,263.8416779253663
68700.0,6828136.99999996,2.470444402572884e-15,51.600000000000136,180.0,0.0,264.48279623631777
68710.0,6828136.9999999525,2.0823467559997216e-15,51.600000000000115,180.0,0.0,265.1239145472691
68720.0,6828136.99999993,7.959501464089711e-16,51.60000000000013,180.0,0.0,265.7650328582206
68730.0,6828136.999999976,3.620715844558948e-15,51.60000000000013,180.0,0.0,266.406151169172
68740.0,6828137.000000035,7.579033071815453e-15,51.60000000000013,180.0,0.0,267.0472694801235
68750.0,6828136.999999965,2.7580942876066424e-15,51.600000000000136,180.0,0.0,267.6883877910749
68760.0,6828136.999999962,2.6256587364463406e-15,51.600000000000136,180.0,0.0,268.3295061020263
68770.0,6828136.9999999525,1.9889882140648227e-15,51.60000000000013,180.0,0.0,268.97062441297777
68780.0,6828136.999999934,9.459324253012239e-16,51.60000000000013,180.0,0.0,269.6117427239292
68790.0,6828136.999999976,3.579629125235699e-15,51.600000000000136,180.0,0.0,270.25286103488065
68800.0,6828137.000000035,7.541568647532458e-15,51.600000000000136,180.0,0.0,270.89397934583207
68810.0,6828136.999999963,2.5650586259570892e-15,51.60000000000013,180.0,0.0,271.5350976567835
68820.0,6828136.99999996,2.3099426195152676e-15,51.600000000000136,180.0,0.0,272.17621596773495
68830.0,6828136.999999951,1.672778521190309e-15,51.60000000000013,180.0,0.0,272.81733427868636
68840.0,6828136.999999932,7.658063473922999e-16,51.60000000000013,180.0,0.0,273.45845258963783
68850.0,6828136.999999974,3.3197481828324716e-15,51.600000000000136,180.0,0.0,85.90042909941073
68860.0,6828137.0000000335,7.403410555796888e-15,51.600000000000136,180.0,0.0,274.7406892115407
68870.0,6828136.999999963,2.55367123330641e-15,51.600000000000115,180.0,0.0,84.61819247750788
68880.0,6828136.999999958,2.1724401871598734e-15,51.600000000000115,180.0,0.0,83.97707416655643
68890.0,6828136.999999951,1.7935338075676593e-15,51.60000000000013,180.0,0.0,83.33595585560501
68900.0,6828136.99999993,6.203772058533939e-16,51.60000000000013,180.0,0.0,82.69483754465357
68910.0,6828136.999999972,3.222066261909673e-15,51.60000000000013,180.0,0.0,82.05371923370213
68920.0,6828137.000000032,7.152660084067268e-15,51.60000000000013,180.0,0.0,81.4126009227507
68930.0,6828136.999999963,2.60244000599791e-15,51.60000000000013,180.0,0.0,80.77148261179926
68940.0,6828136.999999958,2.2278157901568452e-15,51.60000000000013,180.0,0.0,80.13036430084782
68950.0,6828136.999999951,1.7337564666133782e-15,51.600000000000136,180.0,0.0,79.48924598989639
68960.0,6828136.99999993,8.431753541391901e-16,51.60000000000013,180.0,0.0,78.84812767894495
68970.0,6828136.999999974,3.3568009614635317e-15,51.600000000000136,180.0,0.0,78.2070093679935
68980.0,6828137.0000000335,7.278468156858486e-15,51.60000000000013,180.0,0.0,77.56589105704208
68990.0,6828136.99999996,2.122419328577165e-15,51.60000000000013,180.0,0.0,76.92477274609065
69000.0,6828136.999999956,1.8641969937839985e-15,51.600000000000136,180.0,0.0,76.28365443513921
69010.0,6828136.99999995,1.532665911223192e-15,51.60000000000013,180.0,0.0,75.64253612418779
69020.0,6828136.999999926,7.713228585897714e-16,51.600000000000136,180.0,0.0,75.00141781323636
69030.0,6828136.999999974,3.2709635869926322e-15,51.600000000000115,180.0,0.0,74.36029950228492
69040.0,6828137.000000032,7.034580552548939e-15,51.60000000000013,180.0,0.0,73.71918119133348
69050.0,6828136.999999962,2.2780647839282312e-15,51.600000000000136,180.0,0.0,73.07806288038205
69060.0,6828136.999999956,1.9225028853253214e-15,51.60000000000013,180.0,0.0,72.43694456943061
69070.0,6828136.99999995,1.6018925899963797e-15,51.60000000000013,180.0,0.0,71.79582625847917
69080.0,6828136.999999926,8.381952684879126e-16,51.600000000000136,180.0,0.0,71.15470794752774
69090.0,6828136.99999997,2.8873782897367026e-15,51.60000000000013,180.0,0.0,70.5135896365763
69100.0,6828137.000000032,7.0276586557064515e-15,51.60000000000013,180.0,0.0,69.87247132562486
69110.0,6828136.999999962,2.2913923720128744e-15,51.60000000000013,180.0,0.0,69.23135301467343
69120.0,6828136.999999956,1.958994689967315e-15,51.600000000000115,180.0,0.0,68.59023470372199
69130.0,6828136.99999995,1.4692416780537142e-15,51.60000000000013,180.0,0.0,67.94911639277058
69140.0,6828136.999999928,7.868528737463926e-16,51.600000000000115,180.0,0.0,67.30799808181914
69150.0,6828136.999999972,3.1347118476171384e-15,51.60000000000013,180.0,0.0,66.6668797708677
69160.0,6828137.0000000335,7.155831818559496e-15,51.600000000000136,180.0,0.0,66.02576145991625
69170.0,6828136.999999962,2.2995575066754967e-15,51.600000000000115,180.0,0.0,65.38464314896483
69180.0,6828136.999999958,2.0532904231464966e-15,51.60000000000013,180.0,0.0,64.74352483801339
69190.0,6828136.999999951,1.7462268710725763e-15,51.60000000000013,180.0,0.0,64.10240652706194
69200.0,6828136.99999993,9.789185821629761e-16,51.600000000000115,180.0,0.0,63.461288216110525
69210.0,6828136.999999974,3.3192987812021928e-15,51.600000000000115,180.0,0.0,62.820169905159084
69220.0,6828137.000000032,7.05980488567744e-15,51.60000000000013,180.0,0.0,62.17905159420765
69230.0,6828136.999999962,2.3845323054082514e-15,51.600000000000115,180.0,0.0,61.5379332832562
69240.0,6828136.999999957,2.030300049200791e-15,51.600000000000115,180.0,0.0,60.896814972304774
69250.0,6828136.99999995,1.6978475219197912e-15,51.600000000000115,180.0,0.0,60.25569666135334
69260.0,6828136.999999926,1.2383947287116532e-15,51.600000000000115,180.0,0.0,59.61457835040191
69270.0,6828136.999999972,3.1812544823920004e-15,51.600000000000115,180.0,0.0,58.97346003945046
69280.0,6828137.000000032,6.95161833691484e-15,51.600000000000115,180.0,0.0,58.33234172849902
69290.0,6828136.999999963,2.4701990830033323e-15,51.600000000000115,180.0,0.0,57.6912234175476
69300.0,6828136.999999958,2.249980556978053e-15,51.600000000000115,180.0,0.0,57.050105106596156
69310.0,6828136.99999995,1.7966250832609876e-15,51.600000000000115,180.0,0.0,56.40898679564473
69320.0,6828136.999999928,1.4526020918433991e-15,51.600000000000115,180.0,0.0,55.76786848469328
69330.0,6828136.999999973,3.2843078565746617e-15,51.600000000000115,180.0,0.0,55.12675017374185
69340.0,6828137.000000032,6.857134885680536e-15,51.600000000000115,180.0,0.0,54.48563186279043
69350.0,6828136.999999964,2.6579448596005357e-15,51.60000000000011,180.0,0.0,53.84451355183899
69360.0,6828136.999999962,2.5721818836408222e-15,51.600000000000115,180.0,0.0,53.20339524088755
69370.0,6828136.999999952,2.04766954313357e-15,51.600000000000115,180.0,0.0,52.562276929936125
69380.0,6828136.999999928,1.6915581676910496e-15,51.600000000000115,180.0,0.0,51.921158618984684
69390.0,6828136.999999975,3.489558321309617e-15,51.600000000000115,180.0,0.0,51.28004030803325
69400.0,6828137.000000032,6.784284329435907e-15,51.600000000000115,180.0,0.0,50.63892199708183
69410.0,6828136.999999964,2.8051695407863352e-15,51.600000000000115,180.0,0.0,49.99780368613038
69420.0,6828136.999999961,2.6428089604187024e-15,51.600000000000115,180.0,0.0,49.35668537517895
69430.0,6828136.999999953,2.3967202183670193e-15,51.600000000000115,180.0,0.0,48.71556706422751
69440.0,6828136.999999932,1.962504086483688e-15,51.600000000000115,180.0,0.0,48.07444875327606
69450.0,6828136.999999977,3.709909321118484e-15,51.600000000000115,180.0,0.0,47.43333044232464
69460.0,6828137.000000032,6.834169400455713e-15,51.600000000000115,180.0,0.0,46.792212131373205
69470.0,6828136.999999967,3.0542072937680833e-15,51.60000000000013,180.0,0.0,46.151093820421764
69480.0,6828136.999999957,2.3872576559437262e-15,51.600000000000115,180.0,0.0,45.509975509470344
69490.0,6828136.99999995,2.2176174385762567e-15,51.600000000000115,180.0,0.0,44.868857198518896
69500.0,6828136.999999929,2.0967752379654455e-15,51.60000000000011,180.0,0.0,44.22773888756745
69510.0,6828136.999999973,3.3398280402601656e-15,51.600000000000115,180.0,0.0,43.58662057661603
69520.0,6828137.0000000335,6.861559191353752e-15,51.600000000000115,180.0,0.0,42.945502265664615
69530.0,6828136.999999966,2.958648971358305e-15,51.60000000000011,180.0,0.0,42.30438395471316
69540.0,6828136.999999957,2.350207469669156e-15,51.600000000000115,180.0,0.0,41.66326564376174
69550.0,6828136.99999995,2.1769498358596226e-15,51.600000000000115,180.0,0.0,41.022147332810306
69560.0,6828136.999999933,2.150730161932347e-15,51.60000000000013,180.0,0.0,40.38102902185888
69570.0,6828136.999999973,3.210574849369534e-15,51.600000000000115,180.0,0.0,39.73991071090743
69580.0,6828137.000000031,6.5130008100727935e-15,51.600000000000115,180.0,0.0,39.09879239995599
69590.0,6828136.999999963,2.5688907759068986e-15,51.60000000000013,180.0,0.0,38.45767408900457
69600.0,6828136.999999959,2.548995552480162e-15,51.600000000000115,180.0,0.0,37.81655577805312
69610.0,6828136.99999995,2.3880725764782572e-15,51.600000000000115,180.0,0.0,37.1754374671017
69620.0,6828136.999999929,2.5076475056266917e-15,51.600000000000115,180.0,0.0,36.53431915615026
69630.0,6828136.999999973,3.3631990933415916e-15,51.600000000000115,180.0,0.0,35.893200845198834
69640.0,6828137.000000036,6.938636651635785e-15,51.600000000000115,180.0,0.0,35.25208253424741
69650.0,6828136.999999964,2.774004448931372e-15,51.600000000000115,180.0,0.0,34.61096422329596
69660.0,6828136.999999959,2.5692474613827112e-15,51.600000000000115,180.0,0.0,33.96984591234453
69670.0,6828136.999999949,2.407600790262092e-15,51.600000000000115,180.0,0.0,33.3287276013931
69680.0,6828136.999999927,2.733617872241469e-15,51.600000000000115,180.0,0.0,32.68760929044166
69690.0,6828136.999999971,3.178930128307417e-15,51.600000000000115,180.0,0.0,32.04649097949021
69700.0,6828137.000000033,6.401369030057213e-15,51.600000000000115,180.0,0.0,31.405372668538792
69710.0,6828136.999999963,2.8244733532321518e-15,51.600000000000115,180.0,0.0,30.764254357587344
69720.0,6828136.99999996,2.7772126176637552e-15,51.600000000000115,180.0,0.0,30.123136046635924
69730.0,6828136.99999995,2.5711902216861364e-15,51.600000000000115,180.0,0.0,29.48201773568449
69740.0,6828136.999999927,2.8897467964070398e-15,51.600000000000115,180.0,0.0,28.84089942473306
69750.0,6828136.999999972,3.2426253733483012e-15,51.600000000000115,180.0,0.0,28.199781113781608
69760.0,6828137.000000033,6.2940869618129525e-15,51.600000000000115,180.0,0.0,27.558662802830188
69770.0,6828136.999999965,2.907037458779506e-15,51.60000000000011,180.0,0.0,26.917544491878743
69780.0,6828136.999999962,2.867228655903183e-15,51.600000000000115,180.0,0.0,26.27642618092735
69790.0,6828136.999999951,2.4731434092702796e-15,51.600000000000115,180.0,0.0,25.635307869975907
69800.0,6828136.999999927,2.7622922314000456e-15,51.600000000000115,180.0,0.0,24.994189559024463
69810.0,6828136.999999972,3.0791770288775237e-15,51.600000000000115,180.0,0.0,24.35307124807301
69820.0,6828137.000000033,6.14282151052864e-15,51.600000000000115,180.0,0.0,23.711952937121584
69830.0,6828136.999999963,2.5997518099676995e-15,51.600000000000115,180.0,0.0,23.07083462617016
69840.0,6828136.999999958,2.515896776786582e-15,51.60000000000011,180.0,0.0,22.429716315218712
69850.0,6828136.999999948,2.4290836593343376e-15,51.600000000000115,180.0,0.0,21.788598004267282
69860.0,6828136.99999993,2.8358281193240856e-15,51.600000000000115,180.0,0.0,21.147479693315862
69870.0,6828136.999999972,3.039444387959001e-15,51.600000000000115,180.0,0.0,20.506361382364414
69880.0,6828137.000000035,6.311645630224547e-15,51.600000000000115,180.0,0.0,19.865243071412998
69890.0,6828136.999999963,2.657445636688651e-15,51.600000000000115,180.0,0.0,19.224124760461564
69900.0,6828136.999999958,2.5564422660858084e-15,51.600000000000115,180.0,0.0,18.583006449510115
69910.0,6828136.999999951,2.593736769616083e-15,51.60000000000011,180.0,0.0,17.941888138558685
69920.0,6828136.999999928,3.0920525918541526e-15,51.600000000000115,180.0,0.0,17.30076982760726
69930.0,6828136.999999972,3.154005750115409e-15,51.60000000000011,180.0,0.0,16.659651516655835
69940.0,6828137.000000031,5.780100398349242e-15,51.60000000000011,180.0,0.0,16.01853320570436
69950.0,6828136.999999962,2.745831146690026e-15,51.600000000000115,180.0,0.0,15.377414894752954
69960.0,6828136.999999956,2.671060840170863e-15,51.60000000000011,180.0,0.0,14.736296583801511
69970.0,6828136.99999995,2.7392898509923338e-15,51.60000000000011,180.0,0.0,14.095178272850106
69980.0,6828136.999999926,3.3329074510328296e-15,51.600000000000115,180.0,0.0,13.454059961898647
69990.0,6828136.999999973,2.965301755883886e-15,51.60000000000011,180.0,0.0,12.812941650947257
70000.0,6828137.000000032,5.743885762163311e-15,51.600000000000115,180.0,0.0,12.171823339995743
70010.0,6828136.999999961,2.7071230609324797e-15,51.60000000000011,180.0,0.0,11.530705029044324
70020.0,6828136.999999955,2.6544847688562046e-15,51.60000000000011,180.0,0.0,10.889586718092879
70030.0,6828136.99999995,2.7118073931424947e-15,51.60000000000011,180.0,0.0,10.248468407141512
70040.0,6828136.999999928,3.265278687436647e-15,51.600000000000115,180.0,0.0,9.607350096190054
70050.0,6828136.999999975,2.9853843391425792e-15,51.60000000000011,180.0,0.0,8.966231785238659
70060.0,6828137.000000032,5.514031537409617e-15,51.60000000000011,180.0,0.0,8.325113474287205
70070.0,6828136.999999961,2.6733968521918017e-15,51.600000000000115,180.0,0.0,7.683995163335713
70080.0,6828136.999999957,2.628471158634646e-15,51.60000000000011,180.0,0.0,7.042876852384375
70090.0,6828136.99999995,2.6505882423672204e-15,51.60000000000011,180.0,0.0,6.401758541432929
70100.0,6828136.999999927,3.3659908645587857e-15,51.600000000000115,180.0,0.0,5.760640230481531
70110.0,6828136.999999975,2.8932087891500925e-15,51.600000000000115,180.0,0.0,5.119521919530127
70120.0,6828137.000000031,5.212368368930392e-15,51.600000000000115,180.0,0.0,4.4784036085785806
70130.0,6828136.999999963,2.77517122591259e-15,51.60000000000011,180.0,0.0,3.8372852976269973
70140.0,6828136.999999957,2.784417491316575e-15,51.600000000000115,180.0,0.0,3.196166986675764
70150.0,6828136.99999995,2.8579357200983627e-15,51.600000000000115,180.0,0.0,2.555048675724148
70160.0,6828136.999999929,3.5490424319734875e-15,51.600000000000115,180.0,0.0,1.91393036477297
70170.0,6828136.999999973,2.995170028170867e-15,51.60000000000011,180.0,0.0,1.2728120538213288
70180.0,6828137.000000031,5.274520293447135e-15,51.600000000000115,180.0,0.0,0.6316937428693858
70190.0,6828136.999999961,2.8458899090695344e-15,51.600000000000115,180.0,0.0,0.009424568071068944
70200.0,6828136.999999957,2.8597769427624255e-15,51.60000000000011,180.0,0.0,0.6505428790329385
70210.0,6828136.999999949,3.06064136389715e-15,51.60000000000011,180.0,0.0,1.2916611899848351
70220.0,6828136.999999929,3.770982346171297e-15,51.600000000000115,180.0,0.0,1.9327795009357043
70230.0,6828136.999999973,3.329546879340559e-15,51.60000000000011,180.0,0.0,2.573897811887146
70240.0,6828137.000000033,5.526402931247723e-15,51.60000000000011,180.0,0.0,3.2150161228385916
70250.0,6828136.999999963,3.158359789661572e-15,51.600000000000115,180.0,0.0,3.856134433790108
70260.0,6828136.999999953,3.3043920902726245e-15,51.600000000000115,180.0,0.0,4.497252744741295
70270.0,6828136.999999949,3.412432075214104e-15,51.60000000000011,180.0,0.0,5.138371055692882
70280.0,6828136.999999924,4.307713159008622e-15,51.60000000000011,180.0,0.0,5.779489366644192
70290.0,6828136.999999969,2.9383575480789714e-15,51.600000000000115,180.0,0.0,6.420607677595718
70300.0,6828137.000000034,5.185300776280237e-15,51.600000000000115,180.0,0.0,7.061725988547259
70310.0,6828136.999999963,2.97581414986199e-15,51.600000000000115,180.0,0.0,7.70284429949859
70320.0,6828136.999999954,3.1276298230985513e-15,51.60000000000011,180.0,0.0,8.343962610449992
70330.0,6828136.99999995,3.326337779126445e-15,51.60000000000011,180.0,0.0,8.985080921401545
70340.0,6828136.9999999255,4.299067847500414e-15,51.60000000000011,180.0,0.0,9.626199232352887
70350.0,6828136.999999972,3.122651249830811e-15,51.600000000000115,180.0,0.0,10.267317543304321
70360.0,6828137.000000031,4.846188527985809e-15,51.600000000000115,180.0,0.0,10.908435854255766
70370.0,6828136.999999962,3.110140957750795e-15,51.600000000000115,180.0,0.0,11.54955416520721
70380.0,6828136.99999996,3.1076710409202154e-15,51.60000000000011,180.0,0.0,12.190672476158676
70390.0,6828136.99999995,3.409641455795686e-15,51.60000000000011,180.0,0.0,12.831790787110041
70400.0,6828136.9999999255,4.3938879892269854e-15,51.600000000000115,180.0,0.0,13.472909098061486
70410.0,6828136.999999972,3.001231784696313e-15,51.600000000000115,180.0,0.0,14.11402740901291
70420.0,6828137.000000034,4.965933047980364e-15,51.60000000000013,180.0,0.0,14.75514571996436
70430.0,6828136.999999963,2.995574765545499e-15,51.600000000000115,180.0,0.0,15.396264030915797
70440.0,6828136.99999996,3.0228146348358162e-15,51.600000000000115,180.0,0.0,16.037382341867232
70450.0,6828136.999999948,3.4705497991844918e-15,51.600000000000115,180.0,0.0,16.678500652818627
70460.0,6828136.999999926,4.445443671353671e-15,51.60000000000011,180.0,0.0,17.31961896377008
70470.0,6828136.99999997,3.1971791000889442e-15,51.60000000000011,180.0,0.0,17.96073727472151
70480.0,6828137.000000032,4.662583968791573e-15,51.600000000000115,180.0,0.0,18.601855585672936
70490.0,6828136.999999963,3.089113313626333e-15,51.60000000000011,180.0,0.0,19.242973896624374
70500.0,6828136.999999958,3.2722866042373663e-15,51.60000000000011,180.0,0.0,19.88409220757582
70510.0,6828136.999999946,3.727207495799241e-15,51.60000000000011,180.0,0.0,20.52521051852724
70520.0,6828136.99999993,4.302301734754948e-15,51.600000000000115,180.0,0.0,21.16632882947869
70530.0,6828136.999999972,2.8840085371894566e-15,51.60000000000013,180.0,0.0,21.807447140430117
70540.0,6828137.0000000335,4.506020950453629e-15,51.60000000000013,180.0,0.0,22.448565451381537
70550.0,6828136.999999962,3.142955331027669e-15,51.60000000000013,180.0,0.0,23.08968376233297
70560.0,6828136.999999958,3.230359877251916e-15,51.60000000000011,180.0,0.0,23.73080207328442
70570.0,6828136.99999995,3.5487692204191226e-15,51.60000000000011,180.0,0.0,24.371920384235814
70580.0,6828136.999999928,4.4970779628213094e-15,51.60000000000011,180.0,0.0,25.013038695187255
70590.0,6828136.999999969,2.8813824163693523e-15,51.60000000000011,180.0,0.0,25.654157006138675
70600.0,6828137.000000031,4.029270126464813e-15,51.60000000000011,180.0,0.0,26.2952753170901
70610.0,6828136.999999963,2.9888823631743965e-15,51.60000000000011,180.0,0.0,26.936393628041547
70620.0,6828136.999999959,3.17581996491444e-15,51.600000000000115,180.0,0.0,27.577511938992984
70630.0,6828136.99999995,3.5174686982433994e-15,51.60000000000011,180.0,0.0,28.218630249944407
70640.0,6828136.999999928,4.582046238143802e-15,51.600000000000115,180.0,0.0,28.859748560895856
70650.0,6828136.999999973,2.900720609795589e-15,51.60000000000011,180.0,0.0,29.50086687184726
70660.0,6828137.000000031,4.059656721246053e-15,51.600000000000115,180.0,0.0,30.1419851827987
70670.0,6828136.999999963,3.1165483797726866e-15,51.600000000000115,180.0,0.0,30.78310349375014
70680.0,6828136.999999957,3.390637414900756e-15,51.600000000000115,180.0,0.0,31.42422180470157
70690.0,6828136.999999952,3.4222646448885494e-15,51.60000000000011,180.0,0.0,32.06534011565301
70700.0,6828136.999999927,4.628481219377281e-15,51.600000000000115,180.0,0.0,32.70645842660443
70710.0,6828136.999999975,2.6343100837484438e-15,51.60000000000011,180.0,0.0,33.347576737555876
70720.0,6828137.0000000335,3.883634107621316e-15,51.600000000000115,180.0,0.0,33.98869504850728
70730.0,6828136.999999961,3.1586188681041214e-15,51.600000000000115,180.0,0.0,34.629813359458694
70740.0,6828136.999999955,3.425605727137656e-15,51.60000000000011,180.0,0.0,35.270931670410135
70750.0,6828136.999999947,3.900640194096682e-15,51.60000000000011,180.0,0.0,35.91204998136156
70760.0,6828136.999999927,4.7110413724144665e-15,51.600000000000115,180.0,0.0,36.553168292312996
70770.0,6828136.999999973,2.7961380720138223e-15,51.60000000000011,180.0,0.0,37.194286603264445
70780.0,6828137.000000033,3.7168098537461014e-15,51.600000000000115,180.0,0.0,37.83540491421586
70790.0,6828136.999999964,2.933414318728844e-15,51.600000000000115,180.0,0.0,38.47652322516729
70800.0,6828136.999999957,3.3913682709365826e-15,51.600000000000115,180.0,0.0,39.11764153611874
70810.0,6828136.99999995,3.73704757620942e-15,51.600000000000115,180.0,0.0,39.75875984707016
70820.0,6828136.999999929,4.807947982119158e-15,51.600000000000115,180.0,0.0,40.39987815802157
70830.0,6828136.999999975,2.780979159872772e-15,51.600000000000115,180.0,0.0,41.04099646897301
70840.0,6828137.000000034,3.715961302542583e-15,51.600000000000115,180.0,0.0,41.68211477992445
70850.0,6828136.999999964,3.0981003511336704e-15,51.600000000000115,180.0,0.0,42.32323309087587
70860.0,6828136.999999959,3.357537466199712e-15,51.600000000000115,180.0,0.0,42.964351401827315
70870.0,6828136.999999952,3.699404510671812e-15,51.600000000000115,180.0,0.0,43.60546971277873
70880.0,6828136.999999927,5.217586409132614e-15,51.600000000000115,180.0,0.0,44.24658802373017
70890.0,6828136.999999971,3.1308477133694778e-15,51.600000000000115,180.0,0.0,44.887706334681596
70900.0,6828137.000000034,3.680817587399869e-15,51.600000000000115,180.0,0.0,45.52882464563301
70910.0,6828136.999999966,3.179221305531137e-15,51.600000000000115,180.0,0.0,46.16994295658444
70920.0,6828136.999999959,3.4562862439121883e-15,51.600000000000115,180.0,0.0,46.81106126753588
70930.0,6828136.999999951,3.9086359588302584e-15,51.600000000000115,180.0,0.0,47.45217957848731
70940.0,6828136.999999929,5.021900324986319e-15,51.600000000000115,180.0,0.0,48.09329788943874
70950.0,6828136.999999974,2.8350738037682547e-15,51.600000000000115,180.0,0.0,48.734416200390164
70960.0,6828137.000000033,3.2731050157955108e-15,51.600000000000115,180.0,0.0,49.37553451134159
70970.0,6828136.9999999665,3.0414361824841647e-15,51.600000000000115,180.0,0.0,50.01665282229303
70980.0,6828136.999999962,3.311863038000296e-15,51.600000000000115,180.0,0.0,50.65777113324447
70990.0,6828136.9999999525,3.72944248217132e-15,51.600000000000115,180.0,0.0,51.29888944419587
71000.0,6828136.999999931,4.90742350181385e-15,51.600000000000115,180.0,0.0,51.9400077551473
71010.0,6828136.999999977,2.4846149989873486e-15,51.600000000000115,180.0,0.0,52.58112606609873
71020.0,6828137.000000034,3.1246067051741678e-15,51.600000000000115,180.0,0.0,53.22224437705016
71030.0,6828136.999999968,2.9500124548405187e-15,51.600000000000115,180.0,0.0,53.8633626880016
71040.0,6828136.999999963,3.184481683708945e-15,51.60000000000013,180.0,0.0,54.50448099895303
71050.0,6828136.9999999525,3.776406269947239e-15,51.600000000000115,180.0,0.0,55.14559930990445
71060.0,6828136.999999931,4.978881468075372e-15,51.600000000000115,180.0,0.0,55.78671762085589
71070.0,6828136.999999976,2.5654100563293983e-15,51.600000000000115,180.0,0.0,56.42783593180731
71080.0,6828137.000000036,3.0135229113262325e-15,51.600000000000115,180.0,0.0,57.06895424275873
71090.0,6828136.999999965,3.215709073012761e-15,51.600000000000115,180.0,0.0,57.71007255371017
71100.0,6828136.999999962,3.3994141981495565e-15,51.60000000000013,180.0,0.0,58.351190864661596
71110.0,6828136.999999954,3.6758300772787695e-15,51.600000000000115,180.0,0.0,58.99230917561303
71120.0,6828136.999999932,5.013042786449706e-15,51.600000000000115,180.0,0.0,59.63342748656446
71130.0,6828136.999999976,2.6437155582882916e-15,51.600000000000115,180.0,0.0,60.27454579751588
71140.0,6828137.000000037,3.0776401716290006e-15,51.600000000000115,180.0,0.0,60.915664108467304
71150.0,6828136.9999999665,3.1498498592287994e-15,51.600000000000115,180.0,0.0,61.55678241941874
71160.0,6828136.999999962,3.3911704143536935e-15,51.60000000000011,180.0,0.0,62.197900730370165
71170.0,6828136.999999951,4.018883249250562e-15,51.600000000000115,180.0,0.0,62.839019041321585
71180.0,6828136.999999932,5.122298340764538e-15,51.600000000000115,180.0,0.0,63.48013735227301
71190.0,6828136.999999974,2.8326791650371233e-15,51.600000000000115,180.0,0.0,64.12125566322445
71200.0,6828137.000000037,2.8455222450983916e-15,51.600000000000115,180.0,0.0,64.76237397417587
71210.0,6828136.999999965,3.378384009601021e-15,51.600000000000115,180.0,0.0,65.40349228512731
71220.0,6828136.99999996,3.680586647745781e-15,51.600000000000115,180.0,0.0,66.04461059607874
71230.0,6828136.999999951,4.240769673309685e-15,51.60000000000011,180.0,0.0,66.68572890703017
71240.0,6828136.99999993,5.454099293570546e-15,51.600000000000115,180.0,0.0,67.3268472179816
71250.0,6828136.999999974,2.8767589452130445e-15,51.600000000000115,180.0,0.0,67.96796552893302
71260.0,6828137.000000037,2.7254301660614066e-15,51.600000000000115,180.0,0.0,68.60908383988443
71270.0,6828136.9999999665,3.2814889733637634e-15,51.600000000000115,180.0,0.0,69.25020215083588
71280.0,6828136.999999962,3.589335309926674e-15,51.600000000000115,180.0,0.0,69.89132046178732
71290.0,6828136.999999954,4.012654536561993e-15,51.600000000000115,180.0,0.0,70.53243877273873
71300.0,6828136.999999934,5.207716619214892e-15,51.60000000000011,180.0,0.0,71.17355708369016
71310.0,6828136.999999976,2.7558388380088804e-15,51.600000000000115,180.0,0.0,71.8146753946416
71320.0,6828137.000000037,2.4982328085219806e-15,51.600000000000115,180.0,0.0,72.45579370559302
71330.0,6828136.999999966,3.3962174761290614e-15,51.600000000000115,180.0,0.0,73.09691201654445
71340.0,6828136.999999963,3.4812066040473722e-15,51.600000000000115,180.0,0.0,73.73803032749588
71350.0,6828136.999999954,3.915834219622852e-15,51.600000000000115,180.0,0.0,74.3791486384473
71360.0,6828136.999999932,5.427289668160583e-15,51.60000000000011,180.0,0.0,75.02026694939875
71370.0,6828136.999999978,2.703106885162571e-15,51.600000000000115,180.0,0.0,75.66138526035016
71380.0,6828137.000000035,2.409284405055659e-15,51.600000000000115,180.0,0.0,76.30250357130159
71390.0,6828136.999999966,3.3934359247412644e-15,51.60000000000011,180.0,0.0,76.94362188225301
71400.0,6828136.999999961,3.708078991174492e-15,51.600000000000115,180.0,0.0,77.58474019320444
71410.0,6828136.999999957,3.810154161787686e-15,51.60000000000011,180.0,0.0,78.22585850415587
71420.0,6828136.999999932,5.496710180889873e-15,51.60000000000011,180.0,0.0,78.8669768151073
71430.0,6828136.999999977,2.706356982923553e-15,51.600000000000115,180.0,0.0,79.50809512605872
71440.0,6828137.0000000335,1.9301100329814932e-15,51.600000000000115,180.0,0.0,80.14921343701015
71450.0,6828136.999999966,3.4228147836490757e-15,51.600000000000115,180.0,0.0,80.79033174796157
71460.0,6828136.999999961,3.752408357746428e-15,51.600000000000115,180.0,0.0,81.431450058913
71470.0,6828136.999999953,4.1181719651020834e-15,51.600000000000115,180.0,0.0,82.07256836986443
71480.0,6828136.999999932,5.488601899357042e-15,51.60000000000011,180.0,0.0,82.71368668081585
71490.0,6828136.999999977,2.7534247227016766e-15,51.60000000000011,180.0,0.0,83.35480499176728
71500.0,6828137.000000037,1.9992388731081466e-15,51.60000000000011,180.0,0.0,83.99592330271871
71510.0,6828136.999999966,3.321145265066769e-15,51.600000000000115,180.0,0.0,84.63704161367015
71520.0,6828136.999999961,3.783101681092121e-15,51.60000000000011,180.0,0.0,85.27815992462156
71530.0,6828136.999999955,4.01915756972811e-15,51.600000000000115,180.0,0.0,85.91927823557299
71540.0,6828136.999999933,5.390880223142886e-15,51.60000000000011,180.0,0.0,86.56039654652443
71550.0,6828136.999999977,2.73043572565496e-15,51.600000000000115,180.0,0.0,87.20151485747586
71560.0,6828137.000000037,1.9187652146094e-15,51.600000000000115,180.0,0.0,87.84263316842727
71570.0,6828136.999999966,3.3921407292540596e-15,51.600000000000115,180.0,0.0,88.4837514793787
71580.0,6828136.999999961,3.8624413124763806e-15,51.60000000000013,180.0,0.0,89.12486979033014
71590.0,6828136.999999955,3.97235812551297e-15,51.600000000000115,180.0,0.0,89.76598810128156
71600.0,6828136.999999931,5.607584090443887e-15,51.60000000000013,180.0,0.0,90.40710641223298
71610.0,6828136.999999977,2.6822036479758234e-15,51.60000000000013,180.0,0.0,91.0482247231844
71620.0,6828137.000000036,1.7738540494009774e-15,51.600000000000115,180.0,0.0,91.68934303413583
71630.0,6828136.999999966,3.4853410820215757e-15,51.600000000000115,180.0,0.0,92.33046134508727
71640.0,6828136.999999961,3.840678321175706e-15,51.60000000000013,180.0,0.0,92.97157965603868
71650.0,6828136.999999953,4.217033495968481e-15,51.60000000000011,180.0,0.0,93.61269796699013
71660.0,6828136.999999933,5.51095107536084e-15,51.600000000000115,180.0,0.0,94.25381627794155
71670.0,6828136.999999977,2.902815819421662e-15,51.600000000000136,180.0,0.0,94.89493458889298
71680.0,6828137.000000034,1.6976812011716801e-15,51.600000000000115,180.0,0.0,95.53605289984439
71690.0,6828136.999999966,3.63696117499987e-15,51.600000000000115,180.0,0.0,96.17717121079583
71700.0,6828136.999999959,4.1006669538050155e-15,51.600000000000115,180.0,0.0,96.81828952174726
71710.0,6828136.999999953,4.331372773520082e-15,51.600000000000115,180.0,0.0,97.45940783269869
71720.0,6828136.999999931,5.711794716424769e-15,51.600000000000115,180.0,0.0,98.1005261436501
71730.0,6828136.999999975,2.9769256269876428e-15,51.600000000000115,180.0,0.0,98.74164445460154
71740.0,6828137.000000036,1.59066847689338e-15,51.600000000000115,180.0,0.0,99.38276276555297
71750.0,6828136.999999964,3.827183402335233e-15,51.60000000000013,180.0,0.0,100.02388107650441
71760.0,6828136.999999959,4.178703070432253e-15,51.60000000000013,180.0,0.0,100.66499938745582
71770.0,6828136.999999953,4.419655047446885e-15,51.600000000000115,180.0,0.0,101.30611769840725
71780.0,6828136.999999933,5.569197571639298e-15,51.600000000000115,180.0,0.0,101.94723600935868
71790.0,6828136.999999977,2.8133893383184044e-15,51.60000000000013,180.0,0.0,102.58835432031012
71800.0,6828137.000000036,1.3973277275016312e-15,51.60000000000013,180.0,0.0,103.22947263126152
71810.0,6828136.999999969,3.2797410711751615e-15,51.60000000000013,180.0,0.0,103.87059094221296
71820.0,6828136.999999961,4.01843142970098e-15,51.60000000000013,180.0,0.0,104.51170925316438
71830.0,6828136.999999953,4.402355399356129e-15,51.60000000000013,180.0,0.0,105.15282756411581
71840.0,6828136.999999931,5.918616614840459e-15,51.60000000000013,180.0,0.0,105.79394587506724
71850.0,6828136.999999977,2.748988098894824e-15,51.60000000000013,180.0,0.0,106.43506418601865
71860.0,6828137.000000036,1.2957691264592098e-15,51.60000000000013,180.0,0.0,107.07618249697009
71870.0,6828136.999999967,3.488347015886811e-15,51.600000000000115,180.0,0.0,107.71730080792153
71880.0,6828136.999999959,4.113574494010753e-15,51.60000000000013,180.0,0.0,108.35841911887296
71890.0,6828136.999999953,4.368544849176602e-15,51.60000000000013,180.0,0.0,108.99953742982437
71900.0,6828136.999999935,5.396693964318117e-15,51.60000000000013,180.0,0.0,109.64065574077581
71910.0,6828136.999999977,2.7995305905314038e-15,51.60000000000013,180.0,0.0,110.28177405172724
71920.0,6828137.000000038,1.4785470727076407e-15,51.600000000000115,180.0,0.0,110.92289236267864
71930.0,6828136.999999969,3.35196993098681e-15,51.60000000000013,180.0,0.0,111.56401067363008
71940.0,6828136.999999964,3.609546662782536e-15,51.60000000000013,180.0,0.0,112.2051289845815
71950.0,6828136.999999955,4.226349294198927e-15,51.60000000000013,180.0,0.0,112.84624729553295
71960.0,6828136.999999931,5.8895927473201715e-15,51.60000000000013,180.0,0.0,113.48736560648435
71970.0,6828136.999999977,2.6954856816967557e-15,51.600000000000136,180.0,0.0,114.12848391743579
71980.0,6828137.000000038,1.4039477548505338e-15,51.600000000000115,180.0,0.0,114.76960222838723
71990.0,6828136.999999969,3.334993178482431e-15,51.60000000000013,180.0,0.0,115.41072053933864
72000.0,6828136.999999963,3.836913467835437e-15,51.60000000000013,180.0,0.0,116.05183885029007
72010.0,6828136.999999955,4.2227032137129766e-15,51.60000000000013,180.0,0.0,116.69295716124151
72020.0,6828136.999999933,5.753621804987457e-15,51.60000000000013,180.0,0.0,117.33407547219292
72030.0,6828136.999999976,2.941784223364241e-15,51.600000000000136,180.0,0.0,117.97519378314436
72040.0,6828137.000000036,1.1532531844128372e-15,51.600000000000115,180.0,0.0,241.3836879059042
72050.0,6828136.999999968,3.4468615750932357e-15,51.60000000000013,180.0,0.0,119.2574304050472
72060.0,6828136.999999963,3.830577850013532e-15,51.60000000000013,180.0,0.0,119.89854871599861
72070.0,6828136.999999953,4.467414522544925e-15,51.600000000000115,180.0,0.0,239.46033297304996
72080.0,6828136.999999929,6.1270366625731744e-15,51.60000000000013,180.0,0.0,121.18078533790148
72090.0,6828136.999999974,3.0635982569786196e-15,51.600000000000115,180.0,0.0,238.17809635114708
72100.0,6828137.000000036,1.1847255396796762e-15,51.60000000000013,180.0,0.0,237.5369780401957
72110.0,6828136.9999999665,3.576661964860006e-15,51.60000000000013,180.0,0.0,236.89585972924425
72120.0,6828136.999999961,3.964231996043812e-15,51.60000000000013,180.0,0.0,236.2547414182928
72130.0,6828136.999999951,4.7295955854447316e-15,51.600000000000136,180.0,0.0,235.61362310734137
72140.0,6828136.999999931,5.875485583465572e-15,51.60000000000013,180.0,0.0,234.97250479638996
72150.0,6828136.999999975,2.945039841056251e-15,51.60000000000013,180.0,0.0,234.33138648543851
72160.0,6828137.000000038,1.4576388354311061e-15,51.60000000000013,180.0,0.0,233.69026817448707
72170.0,6828136.999999967,3.4523123682270145e-15,51.60000000000013,180.0,0.0,233.04914986353563
72180.0,6828136.99999996,4.1002872811892835e-15,51.600000000000136,180.0,0.0,232.40803155258425
72190.0,6828136.999999953,4.488659662075288e-15,51.60000000000013,180.0,0.0,231.7669132416328
72200.0,6828136.999999933,5.6217899222948265e-15,51.60000000000013,180.0,0.0,231.12579493068137
72210.0,6828136.999999975,2.9544684812973768e-15,51.600000000000136,180.0,0.0,230.48467661972998
72220.0,6828137.000000036,1.4094549312260202e-15,51.600000000000136,180.0,0.0,229.84355830877854
72230.0,6828136.999999967,3.4651482369731476e-15,51.60000000000013,180.0,0.0,229.20243999782713
72240.0,6828136.999999959,4.1087620655265376e-15,51.600000000000136,180.0,0.0,228.5613216868757
72250.0,6828136.999999953,4.3585966526671885e-15,51.60000000000013,180.0,0.0,227.92020337592425
72260.0,6828136.999999933,5.626148777666564e-15,51.600000000000115,180.0,0.0,227.27908506497283
72270.0,6828136.999999977,2.704964019711109e-15,51.60000000000013,180.0,0.0,226.63796675402136
72280.0,6828137.000000036,1.4575580773742235e-15,51.60000000000013,180.0,0.0,225.99684844306998
72290.0,6828136.999999969,3.2113809560881365e-15,51.600000000000115,180.0,0.0,225.35573013211854
72300.0,6828136.999999964,3.59890589463918e-15,51.60000000000013,180.0,0.0,224.71461182116713
72310.0,6828136.999999955,4.240700674038123e-15,51.60000000000013,180.0,0.0,224.07349351021568
72320.0,6828136.999999935,5.368169858755191e-15,51.60000000000013,180.0,0.0,223.43237519926424
72330.0,6828136.999999978,2.5686706395655257e-15,51.60000000000013,180.0,0.0,222.79125688831283
72340.0,6828137.000000036,1.2621091793671626e-15,51.60000000000013,180.0,0.0,222.15013857736142
72350.0,6828136.999999969,3.2217339370349216e-15,51.60000000000013,180.0,0.0,221.50902026640998
72360.0,6828136.999999961,3.985879357369267e-15,51.60000000000013,180.0,0.0,220.86790195545854
72370.0,6828136.999999955,4.246651307714962e-15,51.60000000000013,180.0,0.0,220.22678364450712
72380.0,6828136.999999933,5.6278964495398705e-15,51.60000000000013,180.0,0.0,219.58566533355568
72390.0,6828136.999999977,2.7153234834401895e-15,51.600000000000136,180.0,0.0,218.94454702260427
72400.0,6828137.000000036,1.4748588386614497e-15,51.60000000000013,180.0,0.0,218.30342871165286
72410.0,6828136.999999969,3.242465346825155e-15,51.600000000000136,180.0,0.0,217.66231040070141
72420.0,6828136.999999963,3.73715286745043e-15,51.60000000000013,180.0,0.0,217.02119208974997
72430.0,6828136.999999953,4.3805322677395236e-15,51.60000000000013,180.0,0.0,216.38007377879856
72440.0,6828136.999999933,5.517438175147849e-15,51.60000000000013,180.0,0.0,215.73895546784715
72450.0,6828136.999999977,2.638355546116244e-15,51.60000000000013,180.0,0.0,215.0978371568957
72460.0,6828137.000000036,1.663095363108979e-15,51.600000000000115,180.0,0.0,214.4567188459443
72470.0,6828136.999999969,3.249237936923908e-15,51.60000000000013,180.0,0.0,213.81560053499288
72480.0,6828136.999999961,3.8912446135283315e-15,51.60000000000013,180.0,0.0,213.1744822240414
72490.0,6828136.999999955,4.152292098485563e-15,51.60000000000013,180.0,0.0,212.53336391309003
72500.0,6828136.999999931,5.6515317664561105e-15,51.60000000000013,180.0,0.0,211.89224560213856
72510.0,6828136.999999975,2.863756793947575e-15,51.600000000000136,180.0,0.0,211.25112729118715
72520.0,6828137.000000036,1.6815419040842342e-15,51.600000000000136,180.0,0.0,210.6100089802357
72530.0,6828136.999999966,3.412874076413998e-15,51.60000000000013,180.0,0.0,209.9688906692843
72540.0,6828136.999999959,4.018656540062022e-15,51.60000000000013,180.0,0.0,209.32777235833288
72550.0,6828136.999999952,4.406516664191895e-15,51.60000000000013,180.0,0.0,208.68665404738144
72560.0,6828136.999999931,5.664647857464282e-15,51.60000000000013,180.0,0.0,208.04553573643003
72570.0,6828136.999999977,2.651925863913101e-15,51.60000000000013,180.0,0.0,207.4044174254786
72580.0,6828137.000000036,1.782538609060208e-15,51.60000000000013,180.0,0.0,206.76329911452714
72590.0,6828136.999999966,3.4374340090501085e-15,51.60000000000013,180.0,0.0,206.1221808035757
72600.0,6828136.999999961,3.812062177275502e-15,51.600000000000136,180.0,0.0,205.4810624926243
72610.0,6828136.999999952,4.441147845349915e-15,51.600000000000115,180.0,0.0,204.83994418167288
72620.0,6828136.999999933,5.417448593109083e-15,51.600000000000115,180.0,0.0,204.19882587072144
72630.0,6828136.999999977,2.5896807539242787e-15,51.60000000000013,180.0,0.0,203.55770755977002
72640.0,6828137.000000036,2.031521360346343e-15,51.60000000000013,180.0,0.0,202.91658924881858
72650.0,6828136.999999966,3.4971291331301577e-15,51.60000000000013,180.0,0.0,202.27547093786714
72660.0,6828136.999999963,3.661024190285302e-15,51.60000000000013,180.0,0.0,201.63435262691573
72670.0,6828136.999999955,4.006514847871269e-15,51.60000000000013,180.0,0.0,200.99323431596432
72680.0,6828136.999999935,5.2465299825820456e-15,51.60000000000013,180.0,0.0,200.3521160050129
72690.0,6828136.999999977,2.630796527314371e-15,51.60000000000013,180.0,0.0,199.71099769406146
72700.0,6828137.000000036,2.1259855411635194e-15,51.600000000000136,180.0,0.0,199.06987938311008
72710.0,6828136.999999967,3.2165728718301005e-15,51.60000000000013,180.0,0.0,198.42876107215864
72720.0,6828136.999999963,3.586748956825258e-15,51.60000000000013,180.0,0.0,197.78764276120717
72730.0,6828136.999999955,3.943242424589296e-15,51.60000000000013,180.0,0.0,197.14652445025573
72740.0,6828136.999999933,5.361399860978239e-15,51.60000000000013,180.0,0.0,196.5054061393043
72750.0,6828136.999999978,2.3713086432433536e-15,51.600000000000115,180.0,0.0,195.8642878283529
72760.0,6828137.000000035,2.2181149160668314e-15,51.600000000000136,180.0,0.0,195.22316951740146
72770.0,6828136.999999966,3.3124718532544548e-15,51.60000000000013,180.0,0.0,194.58205120645002
72780.0,6828136.999999963,3.5483743551391855e-15,51.60000000000013,180.0,0.0,193.94093289549863
72790.0,6828136.999999957,3.7749578635265164e-15,51.60000000000013,180.0,0.0,193.2998145845472
72800.0,6828136.999999932,5.316203724857923e-15,51.60000000000013,180.0,0.0,192.65869627359572
72810.0,6828136.999999978,2.5075345662538916e-15,51.60000000000013,180.0,0.0,192.0175779626443
72820.0,6828137.000000035,2.5587913883653253e-15,51.600000000000115,180.0,0.0,191.3764596516929
72830.0,6828136.999999966,3.402736147724648e-15,51.60000000000013,180.0,0.0,190.73534134074146
72840.0,6828136.999999963,3.5482293691604203e-15,51.600000000000115,180.0,0.0,190.09422302979004
72850.0,6828136.999999954,3.966864269788113e-15,51.60000000000013,180.0,0.0,189.4531047188386
72860.0,6828136.999999934,5.123571961798185e-15,51.60000000000013,180.0,0.0,188.81198640788725
72870.0,6828136.999999976,2.711958340680826e-15,51.600000000000136,180.0,0.0,188.17086809693575
72880.0,6828137.000000037,2.974059118628252e-15,51.600000000000136,180.0,0.0,187.52974978598434
72890.0,6828136.9999999665,3.3112496588942063e-15,51.60000000000013,180.0,0.0,186.8886314750329
72900.0,6828136.99999996,3.744085912774512e-15,51.600000000000136,180.0,0.0,186.24751316408148
72910.0,6828136.9999999525,4.1682600895217495e-15,51.60000000000013,180.0,0.0,185.6063948531301
72920.0,6828136.99999993,5.299208543964372e-15,51.60000000000013,180.0,0.0,184.9652765421786
72930.0,6828136.999999974,2.7608284567491415e-15,51.60000000000013,180.0,0.0,184.32415823122716
72940.0,6828137.000000035,2.9791955109568054e-15,51.600000000000136,180.0,0.0,183.68303992027592
72950.0,6828136.999999963,3.5506007694685606e-15,51.600000000000136,180.0,0.0,183.04192160932422
72960.0,6828136.999999962,3.5709768101173266e-15,51.60000000000013,180.0,0.0,182.40080329837284
72970.0,6828136.99999995,4.3358766012105295e-15,51.600000000000136,180.0,0.0,181.75968498742134
72980.0,6828136.999999932,5.12323277154704e-15,51.60000000000013,180.0,0.0,181.11856667647
72990.0,6828136.999999974,2.884646471479722e-15,51.60000000000013,180.0,0.0,180.47744836551837
73000.0,6828137.000000035,3.4071697092600707e-15,51.600000000000136,180.0,0.0,180.1636699454306
73010.0,6828136.999999965,3.385480109973526e-15,51.60000000000013,180.0,0.0,180.80478825638423
73020.0,6828136.99999996,3.717425640519056e-15,51.600000000000136,180.0,0.0,181.4459065673358
73030.0,6828136.99999995,4.26041962070482e-15,51.600000000000136,180.0,0.0,182.087024878287
73040.0,6828136.99999993,5.1097168257884194e-15,51.60000000000013,180.0,0.0,182.72814318923855
73050.0,6828136.999999976,2.7490910023794665e-15,51.60000000000013,180.0,0.0,183.36926150019
73060.0,6828137.000000034,3.4003746697662274e-15,51.600000000000136,180.0,0.0,184.01037981114115
73070.0,6828136.9999999665,3.1311308081815323e-15,51.60000000000013,180.0,0.0,184.6514981220928
73080.0,6828136.999999962,3.42839896011406e-15,51.60000000000013,180.0,0.0,185.29261643304417
73090.0,6828136.9999999525,3.826035009200955e-15,51.600000000000136,180.0,0.0,185.9337347439956
73100.0,6828136.999999929,5.12098645706403e-15,51.60000000000013,180.0,0.0,186.57485305494708
73110.0,6828136.999999976,2.8440967930312982e-15,51.60000000000013,180.0,0.0,187.21597136589847
73120.0,6828137.000000034,3.755888228789274e-15,51.600000000000136,180.0,0.0,187.85708967684994
73130.0,6828136.9999999665,3.2947959799148402e-15,51.60000000000013,180.0,0.0,188.49820798780135
73140.0,6828136.999999962,3.548728246248616e-15,51.600000000000115,180.0,0.0,189.1393262987528
73150.0,6828136.999999951,4.003378446548867e-15,51.60000000000013,180.0,0.0,189.7804446097042
73160.0,6828136.999999927,5.206128861947193e-15,51.60000000000013,180.0,0.0,190.42156292065562
73170.0,6828136.999999975,2.686900839822454e-15,51.60000000000013,180.0,0.0,191.06268123160703
73180.0,6828137.000000031,3.5289308314555712e-15,51.60000000000013,180.0,0.0,191.70379954255844
73190.0,6828136.999999967,3.1066373997778382e-15,51.60000000000013,180.0,0.0,192.34491785350994
73200.0,6828136.999999958,3.647222429899641e-15,51.60000000000013,180.0,0.0,192.98603616446135
73210.0,6828136.99999995,4.005393223806107e-15,51.60000000000013,180.0,0.0,193.62715447541282
73220.0,6828136.999999927,5.099773864998193e-15,51.600000000000136,180.0,0.0,194.2682727863642
73230.0,6828136.999999971,2.931461032752254e-15,51.60000000000013,180.0,0.0,194.90939109731562
73240.0,6828137.000000033,3.72416098757027e-15,51.60000000000013,180.0,0.0,195.5505094082671
73250.0,6828136.999999964,3.2267658509249762e-15,51.60000000000013,180.0,0.0,196.1916277192185
73260.0,6828136.999999957,3.621430326148399e-15,51.600000000000115,180.0,0.0,196.83274603016994
73270.0,6828136.999999949,3.939473063599432e-15,51.600000000000136,180.0,0.0,197.47386434112136
73280.0,6828136.999999927,4.923438847462609e-15,51.60000000000013,180.0,0.0,198.11498265207283
73290.0,6828136.999999973,2.5880931745494133e-15,51.600000000000136,180.0,0.0,198.75610096302424
73300.0,6828137.000000033,3.8639477692487445e-15,51.60000000000013,180.0,0.0,199.39721927397565
73310.0,6828136.999999961,3.278196755167217e-15,51.60000000000013,180.0,0.0,200.03833758492706
73320.0,6828136.999999955,3.549057546890169e-15,51.60000000000013,180.0,0.0,200.67945589587853
73330.0,6828136.99999995,3.624260715072003e-15,51.600000000000136,180.0,0.0,201.32057420682995
73340.0,6828136.999999927,4.72790493623413e-15,51.600000000000136,180.0,0.0,201.96169251778136
73350.0,6828136.999999975,2.518096680291371e-15,51.600000000000115,180.0,0.0,202.60281082873283
73360.0,6828137.000000032,3.887637666585155e-15,51.60000000000013,180.0,0.0,203.24392913968424
73370.0,6828136.999999964,2.841376494128322e-15,51.60000000000013,180.0,0.0,203.88504745063568
73380.0,6828136.999999955,3.383310296797587e-15,51.60000000000013,180.0,0.0,204.52616576158707
73390.0,6828136.999999949,3.5844389927326265e-15,51.60000000000013,180.0,0.0,205.1672840725385
73400.0,6828136.999999929,4.3410677422647334e-15,51.600000000000136,180.0,0.0,205.80840238348995
73410.0,6828136.999999971,2.7617978513853084e-15,51.60000000000013,180.0,0.0,206.44952069444136
73420.0,6828137.000000032,4.167859920991678e-15,51.60000000000013,180.0,0.0,207.0906390053928
73430.0,6828136.999999963,2.9865653491284826e-15,51.60000000000013,180.0,0.0,207.73175731634424
73440.0,6828136.999999959,3.1161918480365646e-15,51.60000000000013,180.0,0.0,208.37287562729568
73450.0,6828136.999999952,3.39506675153897e-15,51.60000000000013,180.0,0.0,209.0139939382471
73460.0,6828136.999999928,4.55357646276866e-15,51.600000000000136,180.0,0.0,209.65511224919854
73470.0,6828136.999999975,2.822201066436065e-15,51.600000000000115,180.0,0.0,210.29623056014998
73480.0,6828137.000000031,4.3276901274221145e-15,51.60000000000013,180.0,0.0,210.9373488711014
73490.0,6828136.999999963,2.9970296245099e-15,51.60000000000013,180.0,0.0,211.57846718205283
73500.0,6828136.999999957,3.2423320040392743e-15,51.60000000000013,180.0,0.0,212.21958549300427
73510.0,6828136.99999995,3.4652346143921378e-15,51.60000000000013,180.0,0.0,212.8607038039557
73520.0,6828136.999999926,4.37849384462539e-15,51.60000000000013,180.0,0.0,213.50182211490713
73530.0,6828136.999999972,2.5418783959799673e-15,51.600000000000136,180.0,0.0,214.14294042585854
73540.0,6828137.0000000335,4.589153143989656e-15,51.600000000000136,180.0,0.0,214.78405873680998
73550.0,6828136.999999963,2.745096123055484e-15,51.60000000000013,180.0,0.0,215.42517704776142
73560.0,6828136.999999958,2.9028794016343416e-15,51.60000000000013,180.0,0.0,216.06629535871284
73570.0,6828136.999999948,3.3241047818410823e-15,51.600000000000136,180.0,0.0,216.7074136696643
73580.0,6828136.99999993,3.9286435076976274e-15,51.600000000000136,180.0,0.0,217.3485319806157
73590.0,6828136.999999972,2.546626123017089e-15,51.600000000000115,180.0,0.0,217.98965029156713
73600.0,6828137.0000000335,4.843408160706813e-15,51.60000000000013,180.0,0.0,218.63076860251857
73610.0,6828136.999999963,2.619675740222189e-15,51.600000000000136,180.0,0.0,219.27188691347
73620.0,6828136.999999958,2.8683913326859813e-15,51.60000000000013,180.0,0.0,219.91300522442145
73630.0,6828136.999999951,3.0185269261836246e-15,51.600000000000136,180.0,0.0,220.55412353537287
73640.0,6828136.999999928,3.875538327371234e-15,51.60000000000013,180.0,0.0,221.1952418463243
73650.0,6828136.999999974,2.5619049333967136e-15,51.600000000000136,180.0,0.0,221.83636015727572
73660.0,6828137.000000034,4.942399845052887e-15,51.600000000000136,180.0,0.0,222.47747846822716
73670.0,6828136.999999965,2.444935426875011e-15,51.60000000000013,180.0,0.0,223.1185967791786
73680.0,6828136.99999996,2.6480723921336534e-15,51.600000000000136,180.0,0.0,223.75971509013004
73690.0,6828136.999999951,2.778619503590784e-15,51.600000000000136,180.0,0.0,224.40083340108146
73700.0,6828136.999999926,3.793638347656879e-15,51.60000000000013,180.0,0.0,225.0419517120329
73710.0,6828136.999999972,2.295455624074488e-15,51.600000000000136,180.0,0.0,225.68307002298434
73720.0,6828137.000000033,4.757673488233625e-15,51.60000000000013,180.0,0.0,226.32418833393572
73730.0,6828136.999999963,2.4339770220666865e-15,51.600000000000136,180.0,0.0,226.96530664488716
73740.0,6828136.999999958,2.62922256675135e-15,51.600000000000136,180.0,0.0,227.6064249558386
73750.0,6828136.99999995,2.6554215649403998e-15,51.600000000000136,180.0,0.0,228.24754326679005
73760.0,6828136.999999929,3.3634290950570686e-15,51.60000000000013,180.0,0.0,228.8886615777415
73770.0,6828136.999999975,2.2018866447958296e-15,51.600000000000136,180.0,0.0,229.52977988869293
73780.0,6828137.000000034,5.070859086614475e-15,51.600000000000136,180.0,0.0,230.17089819964437
73790.0,6828136.999999964,2.2607036580048086e-15,51.60000000000013,180.0,0.0,230.81201651059578
73800.0,6828136.999999961,2.371125780572654e-15,51.600000000000136,180.0,0.0,231.45313482154722
73810.0,6828136.999999952,2.5435955425372624e-15,51.600000000000136,180.0,0.0,232.0942531324986
73820.0,6828136.999999929,3.375248338395912e-15,51.60000000000013,180.0,0.0,232.73537144345005
73830.0,6828136.999999975,2.494448547642731e-15,51.60000000000013,180.0,0.0,233.3764897544015
73840.0,6828137.000000034,5.383952946454762e-15,51.600000000000136,180.0,0.0,234.01760806535293
73850.0,6828136.999999967,2.3877287754142767e-15,51.600000000000136,180.0,0.0,234.65872637630437
73860.0,6828136.999999959,2.4359621850523104e-15,51.600000000000136,180.0,0.0,235.29984468725578
73870.0,6828136.99999995,2.587606395132617e-15,51.60000000000013,180.0,0.0,235.94096299820723
73880.0,6828136.999999929,3.108304342091505e-15,51.600000000000115,180.0,0.0,236.58208130915867
73890.0,6828136.999999975,2.332739313624067e-15,51.60000000000013,180.0,0.0,237.2231996201101
73900.0,6828137.000000034,5.424319600362444e-15,51.600000000000136,180.0,0.0,237.86431793106155
73910.0,6828136.999999964,2.287398070353043e-15,51.60000000000013,180.0,0.0,238.50543624201293
73920.0,6828136.999999963,2.256567243639291e-15,51.600000000000136,180.0,0.0,239.14655455296437
73930.0,6828136.999999953,2.271634587874093e-15,51.60000000000013,180.0,0.0,239.7876728639158
73940.0,6828136.999999929,2.9419585648551407e-15,51.600000000000115,180.0,0.0,240.42879117486723
73950.0,6828136.999999973,2.314776216842263e-15,51.600000000000115,180.0,0.0,241.06990948581867
73960.0,6828137.000000035,5.636297764218762e-15,51.60000000000013,180.0,0.0,241.7110277967701
73970.0,6828136.999999964,2.098750539344168e-15,51.60000000000013,180.0,0.0,242.35214610772155
73980.0,6828136.999999961,2.2100739705952406e-15,51.600000000000115,180.0,0.0,242.99326441867294
73990.0,6828136.999999953,2.1538107147112628e-15,51.60000000000013,180.0,0.0,243.63438272962438
74000.0,6828136.999999932,2.5191410978937457e-15,51.60000000000013,180.0,0.0,244.2755010405758
74010.0,6828136.999999978,2.5056604027253883e-15,51.60000000000013,180.0,0.0,244.91661935152723
74020.0,6828137.0000000335,5.5449365897520274e-15,51.60000000000013,180.0,0.0,245.55773766247867
74030.0,6828136.999999964,2.0793890809716978e-15,51.60000000000013,180.0,0.0,246.1988559734301
74040.0,6828136.999999959,2.0360970728976346e-15,51.60000000000013,180.0,0.0,246.83997428438155
74050.0,6828136.999999952,2.043088025255484e-15,51.600000000000115,180.0,0.0,247.481092595333
74060.0,6828136.99999993,2.4762058618656777e-15,51.600000000000115,180.0,0.0,248.12221090628444
74070.0,6828136.999999975,2.3902102845368962e-15,51.600000000000115,180.0,0.0,248.76332921723585
74080.0,6828137.0000000335,5.672281026135735e-15,51.60000000000013,180.0,0.0,249.4044475281873
74090.0,6828136.999999964,2.017992992657244e-15,51.600000000000115,180.0,0.0,250.04556583913873
74100.0,6828136.999999957,1.937772964038904e-15,51.600000000000115,180.0,0.0,250.68668415009017
74110.0,6828136.999999951,1.920632928511724e-15,51.60000000000013,180.0,0.0,251.3278024610416
74120.0,6828136.999999928,2.4731515161461034e-15,51.600000000000115,180.0,0.0,251.96892077199306
74130.0,6828136.999999974,2.2762491588080825e-15,51.600000000000115,180.0,0.0,252.61003908294447
74140.0,6828137.000000032,5.6357380364469814e-15,51.60000000000013,180.0,0.0,253.2511573938959
74150.0,6828136.999999963,1.9064939156291347e-15,51.600000000000115,180.0,0.0,253.89227570484735
74160.0,6828136.999999958,1.8490110023818707e-15,51.600000000000115,180.0,0.0,254.5333940157988
74170.0,6828136.99999995,1.918621385212662e-15,51.60000000000011,180.0,0.0,255.17451232675018
74180.0,6828136.999999926,2.6421215376400754e-15,51.600000000000115,180.0,0.0,255.81563063770162
74190.0,6828136.999999968,2.371909216673735e-15,51.600000000000115,180.0,0.0,256.45674894865306
74200.0,6828137.000000032,5.880883645279267e-15,51.600000000000115,180.0,0.0,257.09786725960447
74210.0,6828136.999999963,2.1884219759592854e-15,51.600000000000115,180.0,0.0,257.73898557055594
74220.0,6828136.999999956,2.0199495712891763e-15,51.600000000000115,180.0,0.0,258.38010388150735
74230.0,6828136.999999951,1.951923165938552e-15,51.600000000000115,180.0,0.0,259.02122219245877
74240.0,6828136.999999928,2.2914353023810706e-15,51.600000000000115,180.0,0.0,259.66234050341023
74250.0,6828136.99999997,2.3211804931015935e-15,51.600000000000115,180.0,0.0,260.30345881436165
74260.0,6828137.000000032,5.903966562510873e-15,51.600000000000115,180.0,0.0,260.94457712531306
74270.0,6828136.999999962,2.0838388756151204e-15,51.60000000000011,180.0,0.0,261.58569543626453
74280.0,6828136.99999996,2.088555127063824e-15,51.600000000000115,180.0,0.0,262.22681374721594
74290.0,6828136.99999995,1.9626401044455734e-15,51.600000000000115,180.0,0.0,262.86793205816736
74300.0,6828136.999999928,2.1582316996611902e-15,51.600000000000115,180.0,0.0,263.50905036911877
74310.0,6828136.999999974,2.547811347893412e-15,51.600000000000115,180.0,0.0,264.15016868007024
74320.0,6828137.000000034,6.157500580939604e-15,51.600000000000115,180.0,0.0,264.79128699102165
74330.0,6828136.999999963,1.9902343632831164e-15,51.600000000000115,180.0,0.0,265.4324053019731
74340.0,6828136.99999996,1.9251539651416796e-15,51.600000000000115,180.0,0.0,266.07352361292453
74350.0,6828136.999999951,1.7136836810418784e-15,51.60000000000011,180.0,0.0,266.714641923876
74360.0,6828136.999999931,1.7740855734745065e-15,51.600000000000115,180.0,0.0,267.3557602348274
74370.0,6828136.999999974,2.568266357778681e-15,51.60000000000011,180.0,0.0,267.9968785457788
74380.0,6828137.000000033,6.0186470709860026e-15,51.600000000000115,180.0,0.0,268.6379968567303
74390.0,6828136.9999999665,2.163635706455909e-15,51.600000000000115,180.0,0.0,269.2791151676817
74400.0,6828136.99999996,1.7691563084995659e-15,51.600000000000115,180.0,0.0,269.9202334786332
74410.0,6828136.999999951,1.579046590968012e-15,51.60000000000013,180.0,0.0,270.5613517895846
74420.0,6828136.999999927,1.860147371654431e-15,51.600000000000115,180.0,0.0,271.202470100536
74430.0,6828136.999999974,2.6572396162531823e-15,51.60000000000013,180.0,0.0,271.8435884114875
74440.0,6828137.000000033,6.129918442263657e-15,51.600000000000115,180.0,0.0,272.4847067224389
74450.0,6828136.999999963,1.9358751897224715e-15,51.600000000000115,180.0,0.0,273.12582503339036
74460.0,6828136.99999996,1.845929648480984e-15,51.600000000000115,180.0,0.0,273.76694334434177
74470.0,6828136.99999995,1.4701449711091254e-15,51.60000000000013,180.0,0.0,274.4080616552932
74480.0,6828136.999999927,1.7259604584883116e-15,51.600000000000115,180.0,0.0,275.0491799662446
74490.0,6828136.999999975,2.7499439642816072e-15,51.600000000000115,180.0,0.0,275.69029827719606
74500.0,6828137.000000033,6.2578521504692225e-15,51.600000000000115,180.0,0.0,276.3314165881475
74510.0,6828136.999999965,2.1277180614054308e-15,51.60000000000013,180.0,0.0,276.9725348990989
74520.0,6828136.999999961,1.970336805828884e-15,51.600000000000115,180.0,0.0,277.61365321005036
74530.0,6828136.99999995,1.5678177935310036e-15,51.600000000000115,180.0,0.0,278.25477152100177
74540.0,6828136.999999929,1.5199167976360083e-15,51.600000000000115,180.0,0.0,278.89588983195324
74550.0,6828136.999999973,2.596551551142453e-15,51.60000000000013,180.0,0.0,279.53700814290465
74560.0,6828137.000000036,6.713527449297113e-15,51.600000000000115,180.0,0.0,280.17812645385607
74570.0,6828136.999999966,2.154219011157152e-15,51.60000000000013,180.0,0.0,280.81924476480754
74580.0,6828136.999999959,1.7672166046937594e-15,51.600000000000115,180.0,0.0,281.46036307575895
74590.0,6828136.99999995,1.4299262914608602e-15,51.600000000000115,180.0,0.0,282.10148138671036
74600.0,6828136.999999927,1.3030749415624128e-15,51.600000000000115,180.0,0.0,282.74259969766183
74610.0,6828136.999999973,2.5053895994664566e-15,51.600000000000115,180.0,0.0,283.38371800861324
74620.0,6828137.000000034,6.506369967726609e-15,51.600000000000115,180.0,0.0,284.02483631956466
74630.0,6828136.999999966,2.0640416172499986e-15,51.600000000000115,180.0,0.0,284.66595463051607
74640.0,6828136.999999959,1.6537106356146192e-15,51.600000000000115,180.0,0.0,285.30707294146754
74650.0,6828136.999999952,1.3041765885744034e-15,51.600000000000115,180.0,0.0,285.94819125241895
74660.0,6828136.999999931,8.678673112101536e-16,51.600000000000115,180.0,0.0,286.5893095633704
74670.0,6828136.999999973,2.5535889609793846e-15,51.600000000000115,180.0,0.0,287.23042787432183
74680.0,6828137.000000038,6.9734641983991965e-15,51.60000000000013,180.0,0.0,287.8715461852733
74690.0,6828136.999999964,1.855639672691674e-15,51.60000000000011,180.0,0.0,288.5126644962247
74700.0,6828136.999999961,1.7583904105569294e-15,51.600000000000115,180.0,0.0,289.1537828071761
74710.0,6828136.999999952,1.2297731556706748e-15,51.600000000000115,180.0,0.0,289.7949011181276
74720.0,6828136.999999933,6.363613392549836e-16,51.60000000000013,180.0,0.0,290.436019429079
74730.0,6828136.999999975,2.7738555813713456e-15,51.600000000000115,180.0,0.0,291.0771377400305
74740.0,6828137.000000033,6.4559317206824984e-15,51.600000000000115,180.0,0.0,291.7182560509819
74750.0,6828136.999999966,2.055404030661949e-15,51.60000000000013,180.0,0.0,292.3593743619333
74760.0,6828136.999999957,1.4374819302573638e-15,51.600000000000115,180.0,0.0,293.0004926728848
74770.0,6828136.999999952,1.2766320152691296e-15,51.600000000000115,180.0,0.0,293.6416109838362
74780.0,6828136.999999931,4.92739797401001e-16,51.600000000000115,180.0,0.0,294.28272929478766
74790.0,6828136.999999975,2.717479142683906e-15,51.600000000000115,180.0,0.0,294.92384760573907
74800.0,6828137.000000035,6.8102486736159475e-15,51.600000000000115,180.0,0.0,295.56496591669054
74810.0,6828136.999999964,1.8509125294365015e-15,51.60000000000011,180.0,0.0,296.20608422764195
74820.0,6828136.999999959,1.5870646072416066e-15,51.600000000000115,180.0,0.0,296.84720253859336
74830.0,6828136.999999952,1.2314100423328366e-15,51.600000000000115,180.0,0.0,297.48832084954483
74840.0,6828136.999999931,2.70325721902851e-16,51.600000000000115,180.0,0.0,298.12943916049625
74850.0,6828136.999999977,2.9507402802160653e-15,51.60000000000011,180.0,0.0,298.7705574714477
74860.0,6828137.000000034,6.673155173903657e-15,51.600000000000115,180.0,0.0,299.41167578239913
74870.0,6828136.999999966,2.0715351264136275e-15,51.60000000000011,180.0,0.0,300.05279409335054
74880.0,6828136.999999957,1.3186147062573809e-15,51.600000000000115,180.0,0.0,300.69391240430195
74890.0,6828136.999999952,1.1940907416186305e-15,51.600000000000115,180.0,0.0,301.3350307152534
74900.0,6828136.999999933,3.62863305638523e-16,51.600000000000115,180.0,0.0,301.97614902620484
74910.0,6828136.999999977,2.979389428934125e-15,51.60000000000011,180.0,0.0,302.61726733715625
74920.0,6828137.0000000335,6.6822733016416635e-15,51.600000000000115,180.0,0.0,303.2583856481077
74930.0,6828136.999999966,2.0693668580293143e-15,51.60000000000011,180.0,0.0,303.89950395905913
74940.0,6828136.999999959,1.5794959120173604e-15,51.600000000000115,180.0,0.0,304.5406222700106
74950.0,6828136.999999952,1.2265710050881394e-15,51.600000000000115,180.0,0.0,305.181740580962
74960.0,6828136.999999929,4.1143696504805986e-16,51.60000000000011,180.0,0.0,305.8228588919134
74970.0,6828136.999999973,2.741878638078339e-15,51.600000000000115,180.0,0.0,306.4639772028649
74980.0,6828137.0000000335,6.692886802577292e-15,51.600000000000115,180.0,0.0,307.1050955138163
74990.0,6828136.999999967,2.3447590996709496e-15,51.600000000000115,180.0,0.0,307.7462138247678
75000.0,6828136.999999957,1.4823039095568342e-15,51.600000000000115,180.0,0.0,308.3873321357192
75010.0,6828136.99999995,1.0569093396298345e-15,51.600000000000115,180.0,0.0,309.0284504466706
75020.0,6828136.999999929,2.6202368361897133e-16,51.600000000000115,180.0,0.0,309.6695687576221
75030.0,6828136.999999975,2.8084402671518136e-15,51.600000000000115,180.0,0.0,310.3106870685735
75040.0,6828137.0000000335,6.64505293380214e-15,51.600000000000115,180.0,0.0,310.9518053795249
75050.0,6828136.999999966,2.0491695760350567e-15,51.60000000000011,180.0,0.0,311.5929236904763
75060.0,6828136.999999959,1.5415838777434362e-15,51.600000000000115,180.0,0.0,312.23404200142784
75070.0,6828136.999999952,1.1520137268914933e-15,51.600000000000115,180.0,0.0,312.8751603123792
75080.0,6828136.999999927,5.108408037430824e-16,51.600000000000115,180.0,0.0,46.483721376669344
75090.0,6828136.999999971,2.4289900848962534e-15,51.600000000000115,180.0,0.0,45.8426030657179
75100.0,6828137.000000033,6.513092569722207e-15,51.600000000000115,180.0,0.0,314.7985152452335
75110.0,6828136.999999963,1.6592081061942152e-15,51.600000000000115,180.0,0.0,44.560366443815035
75120.0,6828136.999999957,1.2765800225504103e-15,51.600000000000115,180.0,0.0,43.919248132863615
75130.0,6828136.999999952,1.1511836745082464e-15,51.60000000000011,180.0,0.0,43.27812982191217
75140.0,6828136.999999927,5.988812014602784e-16,51.600000000000115,180.0,0.0,42.637011510960726
75150.0,6828136.999999969,2.18659038553166e-15,51.600000000000115,180.0,0.0,41.99589320000929
75160.0,6828137.000000033,6.510834857705624e-15,51.60000000000011,180.0,0.0,41.35477488905787
75170.0,6828136.999999961,1.4246530057387273e-15,51.60000000000011,180.0,0.0,40.713656578106445
75180.0,6828136.999999952,7.85490466887961e-16,51.600000000000115,180.0,0.0,40.072538267155
75190.0,6828136.999999947,5.58861626250846e-16,51.600000000000115,180.0,0.0,39.43141995620356
75200.0,6828136.999999927,6.588458062391657e-16,51.600000000000115,180.0,0.0,38.79030164525213
75210.0,6828136.999999971,2.472392428236104e-15,51.60000000000011,180.0,0.0,38.149183334300695
75220.0,6828137.00000003,6.129345868122816e-15,51.600000000000115,180.0,0.0,37.50806502334926
75230.0,6828136.999999964,1.8389473156777575e-15,51.60000000000013,180.0,0.0,36.86694671239782
75240.0,6828136.999999953,1.0849563348783214e-15,51.60000000000011,180.0,0.0,36.22582840144639
75250.0,6828136.999999949,8.365640194419085e-16,51.60000000000011,180.0,0.0,35.584710090494966
75260.0,6828136.999999927,8.381972449933415e-16,51.600000000000115,180.0,0.0,34.94359177954352
75270.0,6828136.999999973,2.5088422753255652e-15,51.600000000000115,180.0,0.0,34.30247346859208
75280.0,6828137.000000034,6.6503195795961936e-15,51.600000000000115,180.0,0.0,33.661355157640656
75290.0,6828136.999999964,1.9116383037023423e-15,51.600000000000115,180.0,0.0,33.02023684668922
75300.0,6828136.999999957,1.4176510762128942e-15,51.600000000000115,180.0,0.0,32.37911853573779
75310.0,6828136.999999949,8.248863268189452e-16,51.60000000000011,180.0,0.0,31.73800022478634
75320.0,6828136.999999927,9.302086724929614e-16,51.600000000000115,180.0,0.0,31.096881913834917
75330.0,6828136.999999969,2.1224046170016134e-15,51.600000000000115,180.0,0.0,30.45576360288348
75340.0,6828137.000000031,6.269150393467124e-15,51.600000000000115,180.0,0.0,29.814645291932063
75350.0,6828136.999999963,1.7037278219898704e-15,51.600000000000115,180.0,0.0,29.1735269809806
75360.0,6828136.999999955,1.3082843580573575e-15,51.60000000000011,180.0,0.0,28.532408670029174
75370.0,6828136.999999947,8.699958151985708e-16,51.60000000000011,180.0,0.0,27.89129035907775
75380.0,6828136.9999999255,1.2497042379556147e-15,51.60000000000011,180.0,0.0,27.250172048126323
75390.0,6828136.999999971,2.2814877232228537e-15,51.600000000000115,180.0,0.0,26.60905373717486
75400.0,6828137.000000031,6.2657508139622e-15,51.600000000000115,180.0,0.0,25.967935426223452
75410.0,6828136.999999961,1.5167407304645183e-15,51.600000000000115,180.0,0.0,25.32681711527199
75420.0,6828136.999999955,1.3263349456312389e-15,51.60000000000011,180.0,0.0,24.685698804320552
75430.0,6828136.999999947,9.666291658415916e-16,51.60000000000011,180.0,0.0,24.044580493369107
75440.0,6828136.999999927,1.2088631354539004e-15,51.60000000000011,180.0,0.0,23.403462182417716
75450.0,6828136.999999971,2.2755453517340107e-15,51.600000000000115,180.0,0.0,22.762343871466268
75460.0,6828137.000000031,6.146883800208917e-15,51.60000000000011,180.0,0.0,22.121225560514844
75470.0,6828136.999999961,1.5340091475438713e-15,51.600000000000115,180.0,0.0,21.480107249563375
75480.0,6828136.999999953,1.1527028073174452e-15,51.600000000000115,180.0,0.0,20.83898893861196
75490.0,6828136.999999947,1.0577765611333488e-15,51.60000000000011,180.0,0.0,20.197870627660503
75500.0,6828136.9999999255,1.634620645780756e-15,51.60000000000011,180.0,0.0,19.556752316709087
75510.0,6828136.999999969,2.316437781881245e-15,51.600000000000115,180.0,0.0,18.91563400575765
75520.0,6828137.000000026,5.583662732948372e-15,51.600000000000115,180.0,0.0,18.274515694806198
75530.0,6828136.999999962,1.75654760279417e-15,51.60000000000011,180.0,0.0,17.633397383854792
75540.0,6828136.999999956,1.4952890110238313e-15,51.60000000000011,180.0,0.0,16.992279072903337
75550.0,6828136.999999949,1.3301498001355592e-15,51.60000000000011,180.0,0.0,16.351160761951924
75560.0,6828136.999999924,1.922228741521511e-15,51.600000000000115,180.0,0.0,15.710042451000497
75570.0,6828136.999999968,2.1941263635286414e-15,51.600000000000115,180.0,0.0,15.068924140049049
75580.0,6828137.00000003,5.703806614706402e-15,51.60000000000011,180.0,0.0,14.427805829097599
75590.0,6828136.999999962,1.738610455117611e-15,51.600000000000115,180.0,0.0,13.786687518146177
75600.0,6828136.999999954,1.4399653091501042e-15,51.60000000000011,180.0,0.0,13.145569207194756
75610.0,6828136.999999948,1.2613044638005354e-15,51.600000000000115,180.0,0.0,12.504450896243336
75620.0,6828136.999999924,1.841162952410132e-15,51.60000000000011,180.0,0.0,11.863332585291877
75630.0,6828136.99999997,2.1331000327649037e-15,51.600000000000115,180.0,0.0,11.222214274340457
75640.0,6828137.00000003,5.65604075216658e-15,51.600000000000115,180.0,0.0,10.581095963389012
75650.0,6828136.99999996,1.484505738201461e-15,51.60000000000011,180.0,0.0,9.93997765243756
75660.0,6828136.999999954,1.2516873019805975e-15,51.60000000000011,180.0,0.0,9.298859341486164
75670.0,6828136.999999946,1.20433761269033e-15,51.600000000000115,180.0,0.0,8.657741030534753
75680.0,6828136.999999924,1.9391822160461413e-15,51.60000000000011,180.0,0.0,8.016622719583252
75690.0,6828136.999999972,2.311056667959511e-15,51.60000000000013,180.0,0.0,7.375504408631932
75700.0,6828137.00000003,5.588631834777063e-15,51.60000000000011,180.0,0.0,6.734386097680346
75710.0,6828136.99999996,1.550148271845034e-15,51.600000000000115,180.0,0.0,6.093267786728924
75720.0,6828136.999999954,1.3880600486606656e-15,51.60000000000011,180.0,0.0,5.452149475777548
75730.0,6828136.999999946,1.327513342970353e-15,51.60000000000013,180.0,0.0,4.811031164826061
75740.0,6828136.999999926,1.8590332569465474e-15,51.60000000000011,180.0,0.0,4.169912853874743
75750.0,6828136.99999997,2.0479219463550567e-15,51.600000000000115,180.0,0.0,3.528794542923199
75760.0,6828137.000000031,5.688751130778066e-15,51.60000000000013,180.0,0.0,2.887676231971777
75770.0,6828136.99999996,1.498355483132395e-15,51.600000000000115,180.0,0.0,2.2465579210201145
75780.0,6828136.999999954,1.313206460984273e-15,51.60000000000011,180.0,0.0,1.6054396100687947
75790.0,6828136.999999946,1.3378933965301779e-15,51.600000000000115,180.0,0.0,0.9643212991170054
75800.0,6828136.999999925,2.088059885791455e-15,51.60000000000013,180.0,0.0,0.32320298816746534
75810.0,6828136.99999997,2.0311646557989966e-15,51.60000000000013,180.0,0.0,0.31791532278518253
75820.0,6828137.000000031,5.587595795175842e-15,51.600000000000115,180.0,0.0,0.959033633736919
75830.0,6828136.99999996,1.4569189339745096e-15,51.600000000000115,180.0,0.0,1.6001519446883277
75840.0,6828136.999999956,1.4058407660081306e-15,51.600000000000115,180.0,0.0,2.2412702556397517
75850.0,6828136.999999944,1.4257509434894132e-15,51.600000000000115,180.0,0.0,2.882388566591144
75860.0,6828136.999999923,2.2340434575244098e-15,51.600000000000115,180.0,0.0,3.5235068775424327
75870.0,6828136.99999997,1.8183273187701266e-15,51.60000000000013,180.0,0.0,4.164625188493994
75880.0,6828137.000000029,5.178433460429507e-15,51.60000000000013,180.0,0.0,4.80574349944529
75890.0,6828136.99999996,1.3447549513749906e-15,51.600000000000115,180.0,0.0,5.446861810396819
75900.0,6828136.999999954,1.2399747186355637e-15,51.60000000000013,180.0,0.0,6.087980121348255
75910.0,6828136.999999948,1.3315308796991752e-15,51.600000000000115,180.0,0.0,6.729098432299708
75920.0,6828136.999999926,2.066912572196092e-15,51.600000000000115,180.0,0.0,7.370216743251141
75930.0,6828136.999999968,1.677797066644701e-15,51.600000000000115,180.0,0.0,8.011335054202641
75940.0,6828137.000000031,5.309780846016869e-15,51.60000000000011,180.0,0.0,8.652453365153928
75950.0,6828136.999999958,1.2463319636413487e-15,51.600000000000115,180.0,0.0,9.293571676105374
75960.0,6828136.9999999525,1.2522524040804153e-15,51.60000000000011,180.0,0.0,9.934689987056801
75970.0,6828136.999999946,1.4749751923889736e-15,51.600000000000115,180.0,0.0,10.575808298008289
75980.0,6828136.999999925,2.330223369249688e-15,51.600000000000115,180.0,0.0,11.216926608959714
75990.0,6828136.9999999665,1.6733266490749118e-15,51.60000000000011,180.0,0.0,11.858044919911173
76000.0,6828137.000000031,5.35296768322874e-15,51.60000000000011,180.0,0.0,12.499163230862576
76010.0,6828136.99999996,1.3978449814477163e-15,51.600000000000115,180.0,0.0,13.140281541814003
76020.0,6828136.999999954,1.3349593717505463e-15,51.600000000000115,180.0,0.0,13.781399852765464
76030.0,6828136.999999948,1.3044829853829946e-15,51.600000000000115,180.0,0.0,14.422518163716855
76040.0,6828136.999999926,2.1495708263708543e-15,51.60000000000011,180.0,0.0,15.063636474668305
76050.0,6828136.999999968,1.5548269110846215e-15,51.600000000000115,180.0,0.0,15.704754785619754
76060.0,6828137.000000029,5.074859537444898e-15,51.600000000000115,180.0,0.0,16.34587309657114
76070.0,6828136.999999961,1.4079348901768881e-15,51.600000000000115,180.0,0.0,16.986991407522595
76080.0,6828136.999999955,1.3174372339610553e-15,51.60000000000011,180.0,0.0,17.62810971847405
76090.0,6828136.999999949,1.5280268304186985e-15,51.60000000000011,180.0,0.0,18.269228029425506
76100.0,6828136.999999925,2.5887551511027766e-15,51.60000000000011,180.0,0.0,18.91034634037689
76110.0,6828136.999999967,1.7480459364737537e-15,51.600000000000115,180.0,0.0,19.55146465132834
76120.0,6828137.000000031,5.23845271587012e-15,51.60000000000011,180.0,0.0,20.192582962279783
76130.0,6828136.999999963,1.405343454471997e-15,51.60000000000011,180.0,0.0,20.833701273231213
76140.0,6828136.999999957,1.3075241956419283e-15,51.60000000000011,180.0,0.0,21.47481958418263
76150.0,6828136.99999995,1.3485258488005607e-15,51.60000000000011,180.0,0.0,22.11593789513407
76160.0,6828136.999999926,2.2862129489554058e-15,51.60000000000011,180.0,0.0,22.757056206085508
76170.0,6828136.999999974,1.631096734638262e-15,51.60000000000011,180.0,0.0,23.398174517036942
76180.0,6828137.000000032,5.260205639089826e-15,51.60000000000011,180.0,0.0,24.03929282798837
76190.0,6828136.999999961,9.445314053319132e-16,51.600000000000115,180.0,0.0,24.68041113893979
76200.0,6828136.999999955,9.105964293082592e-16,51.60000000000011,180.0,0.0,25.321529449891234
76210.0,6828136.999999947,1.242385870473415e-15,51.600000000000115,180.0,0.0,25.962647760842668
76220.0,6828136.999999926,2.3219324397135076e-15,51.60000000000011,180.0,0.0,26.603766071794116
76230.0,6828136.999999971,1.3897150815862345e-15,51.600000000000115,180.0,0.0,27.244884382745532
76240.0,6828137.000000032,5.025004083808807e-15,51.60000000000011,180.0,0.0,27.886002693696973
76250.0,6828136.999999963,1.0839872281768419e-15,51.600000000000115,180.0,0.0,28.5271210046484
76260.0,6828136.999999959,9.728473811283865e-16,51.600000000000115,180.0,0.0,29.168239315599834
76270.0,6828136.99999995,1.1050789047519439e-15,51.60000000000011,180.0,0.0,29.809357626551268
76280.0,6828136.9999999255,2.488948851890743e-15,51.600000000000115,180.0,0.0,30.450475937502688
76290.0,6828136.999999973,1.7564673209798108e-15,51.60000000000011,180.0,0.0,31.091594248454136
76300.0,6828137.000000031,4.854529213207706e-15,51.60000000000011,180.0,0.0,31.732712559405545
76310.0,6828136.999999963,1.379395743847351e-15,51.600000000000115,180.0,0.0,32.373830870357
76320.0,6828136.999999957,1.2961512215824717e-15,51.60000000000011,180.0,0.0,33.01494918130843
76330.0,6828136.999999949,1.5621476614489324e-15,51.60000000000011,180.0,0.0,33.656067492259865
76340.0,6828136.9999999255,2.596408003992269e-15,51.60000000000011,180.0,0.0,34.297185803211285
76350.0,6828136.999999971,1.3971113870861733e-15,51.600000000000115,180.0,0.0,34.93830411416273
76360.0,6828137.000000029,4.546209449041972e-15,51.600000000000115,180.0,0.0,35.57942242511415
76370.0,6828136.999999961,1.1683105625429321e-15,51.60000000000011,180.0,0.0,36.220540736065594
76380.0,6828136.999999957,1.2158931336406834e-15,51.60000000000011,180.0,0.0,36.86165904701702
76390.0,6828136.999999947,1.6476867396941665e-15,51.600000000000115,180.0,0.0,37.502777357968455
76400.0,6828136.9999999255,2.6981229591728344e-15,51.600000000000115,180.0,0.0,38.14389566891989
76410.0,6828136.999999971,1.6601554390921116e-15,51.600000000000115,180.0,0.0,38.78501397987134
76420.0,6828137.000000029,4.6058336700385385e-15,51.600000000000115,180.0,0.0,39.426132290822736
76430.0,6828136.999999959,1.4228225643866017e-15,51.600000000000115,180.0,0.0,40.067250601774184
76440.0,6828136.999999952,1.599167410987417e-15,51.600000000000115,180.0,0.0,40.70836891272562
76450.0,6828136.999999949,1.6225932813596345e-15,51.600000000000115,180.0,0.0,41.34948722367705
76460.0,6828136.999999924,2.968505828165745e-15,51.600000000000115,180.0,0.0,41.99060553462847
76470.0,6828136.999999971,1.603755441245323e-15,51.600000000000115,180.0,0.0,42.63172384557992
76480.0,6828137.000000031,4.7320777205335585e-15,51.600000000000115,180.0,0.0,43.27284215653135
76490.0,6828136.999999959,1.3769706352693132e-15,51.600000000000115,180.0,0.0,43.913960467482774
76500.0,6828136.999999953,1.5313962825927504e-15,51.600000000000115,180.0,0.0,44.55507877843421
76510.0,6828136.999999945,1.9753583252007987e-15,51.600000000000115,180.0,0.0,45.19619708938562
76520.0,6828136.999999924,3.052394947264362e-15,51.60000000000011,180.0,0.0,45.83731540033707
76530.0,6828136.999999969,1.484341845356426e-15,51.600000000000115,180.0,0.0,46.47843371128851
76540.0,6828137.000000031,4.768860596741603e-15,51.60000000000011,180.0,0.0,47.11955202223993
76550.0,6828136.999999961,1.4896780886174616e-15,51.600000000000115,180.0,0.0,47.76067033319137
76560.0,6828136.999999955,1.583989838839422e-15,51.60000000000011,180.0,0.0,48.401788644142805
76570.0,6828136.999999947,1.9441784197280756e-15,51.600000000000115,180.0,0.0,49.04290695509423
76580.0,6828136.999999927,2.813786109270451e-15,51.600000000000115,180.0,0.0,49.68402526604566
76590.0,6828136.999999971,1.7240713531936213e-15,51.60000000000011,180.0,0.0,50.325143576997085
76600.0,6828137.000000033,4.943985703453709e-15,51.600000000000115,180.0,0.0,50.96626188794852
76610.0,6828136.999999963,1.563298819014702e-15,51.60000000000013,180.0,0.0,51.60738019889995
76620.0,6828136.999999955,1.777556694526433e-15,51.600000000000115,180.0,0.0,52.24849850985139
76630.0,6828136.999999949,1.999846031908868e-15,51.60000000000011,180.0,0.0,52.889616820802814
76640.0,6828136.999999929,2.7817221588562587e-15,51.600000000000115,180.0,0.0,53.53073513175425
76650.0,6828136.999999971,1.3965334765552109e-15,51.600000000000115,180.0,0.0,54.17185344270568
76660.0,6828137.000000031,4.4876388299082514e-15,51.60000000000011,180.0,0.0,54.812971753657116
76670.0,6828136.99999996,1.6549689693924151e-15,51.600000000000115,180.0,0.0,55.45409006460855
76680.0,6828136.999999955,1.8141505841605703e-15,51.60000000000011,180.0,0.0,56.095208375559984
76690.0,6828136.999999947,2.1751182196587187e-15,51.60000000000011,180.0,0.0,56.736326686511404
76700.0,6828136.999999924,3.396536194607675e-15,51.600000000000115,180.0,0.0,57.377444997462824
76710.0,6828136.999999969,1.6678641062530128e-15,51.60000000000011,180.0,0.0,58.01856330841427
76720.0,6828137.00000003,4.317173184434692e-15,51.60000000000011,180.0,0.0,58.6596816193657
76730.0,6828136.999999962,1.5920976446365897e-15,51.600000000000115,180.0,0.0,59.30079993031713
76740.0,6828136.999999954,1.8550261172870825e-15,51.600000000000115,180.0,0.0,59.941918241268574
76750.0,6828136.999999947,2.2006489184103244e-15,51.600000000000115,180.0,0.0,60.58303655222001
76760.0,6828136.999999924,3.4260286603272653e-15,51.600000000000115,180.0,0.0,61.22415486317142
76770.0,6828136.999999971,1.795678619681147e-15,51.600000000000115,180.0,0.0,61.86527317412287
76780.0,6828137.000000031,4.58693700927969e-15,51.60000000000013,180.0,0.0,62.50639148507429
76790.0,6828136.999999963,1.6752833763365588e-15,51.600000000000115,180.0,0.0,63.14750979602573
76800.0,6828136.999999954,1.8872967107867538e-15,51.600000000000115,180.0,0.0,63.78862810697715
76810.0,6828136.999999948,2.210052658247523e-15,51.600000000000115,180.0,0.0,64.42974641792857
76820.0,6828136.9999999255,3.3652254124400956e-15,51.600000000000115,180.0,0.0,65.07086472888001
76830.0,6828136.99999997,1.6074365287163693e-15,51.600000000000115,180.0,0.0,65.71198303983145
76840.0,6828137.000000031,4.2000927742939745e-15,51.600000000000115,180.0,0.0,66.35310135078288
76850.0,6828136.999999962,1.8785861819782272e-15,51.600000000000115,180.0,0.0,66.99421966173432
76860.0,6828136.999999954,1.99726339424751e-15,51.60000000000013,180.0,0.0,67.63533797268575
76870.0,6828136.999999948,2.3672416747047166e-15,51.60000000000013,180.0,0.0,68.27645628363717
76880.0,6828136.999999924,3.644683454353809e-15,51.60000000000013,180.0,0.0,68.9175745945886
76890.0,6828136.999999968,1.761147782728468e-15,51.60000000000013,180.0,0.0,69.55869290554003
76900.0,6828137.00000003,3.978155087531261e-15,51.60000000000013,180.0,0.0,70.19981121649147
76910.0,6828136.99999996,1.9580673925526832e-15,51.600000000000115,180.0,0.0,70.8409295274429
76920.0,6828136.999999956,1.9980594915828467e-15,51.60000000000013,180.0,0.0,71.48204783839432
76930.0,6828136.999999946,2.48394576863959e-15,51.600000000000115,180.0,0.0,72.12316614934576
76940.0,6828136.999999925,3.576523929938652e-15,51.60000000000011,180.0,0.0,72.76428446029719
76950.0,6828136.9999999665,1.6133419952808108e-15,51.600000000000115,180.0,0.0,73.40540277124862
76960.0,6828137.000000029,3.847171378752633e-15,51.600000000000115,180.0,0.0,74.04652108220004
76970.0,6828136.999999958,2.11057880377145e-15,51.600000000000115,180.0,0.0,74.68763939315149
76980.0,6828136.9999999525,2.3350562069158055e-15,51.600000000000115,180.0,0.0,75.32875770410291
76990.0,6828136.999999944,2.736505896597738e-15,51.600000000000115,180.0,0.0,75.96987601505435
77000.0,6828136.999999923,3.9113132698259736e-15,51.600000000000115,180.0,0.0,76.61099432600578
77010.0,6828136.999999968,1.8759224877010616e-15,51.600000000000115,180.0,0.0,77.25211263695722
77020.0,6828137.000000029,3.7613609553377515e-15,51.600000000000115,180.0,0.0,77.89323094790863
77030.0,6828136.999999958,2.105440603903024e-15,51.600000000000115,180.0,0.0,78.53434925886008
77040.0,6828136.9999999525,2.4110357148692812e-15,51.600000000000115,180.0,0.0,79.1754675698115
77050.0,6828136.999999946,2.685683443242678e-15,51.60000000000013,180.0,0.0,79.81658588076293
77060.0,6828136.999999925,3.706967059199366e-15,51.60000000000011,180.0,0.0,80.45770419171436
77070.0,6828136.9999999665,1.8605881013795857e-15,51.600000000000115,180.0,0.0,81.0988225026658
77080.0,6828137.000000031,3.852589181238522e-15,51.600000000000115,180.0,0.0,81.73994081361722
77090.0,6828136.99999996,2.1241107060989566e-15,51.600000000000115,180.0,0.0,82.38105912456865
77100.0,6828136.9999999525,2.53494947545525e-15,51.600000000000115,180.0,0.0,83.02217743552009
77110.0,6828136.999999944,2.911091416841708e-15,51.60000000000013,180.0,0.0,83.66329574647152
77120.0,6828136.999999923,4.0742611359872924e-15,51.60000000000013,180.0,0.0,84.30441405742295
77130.0,6828136.999999968,1.788453645413302e-15,51.600000000000115,180.0,0.0,84.94553236837437
77140.0,6828137.000000029,3.4956534038750063e-15,51.60000000000013,180.0,0.0,85.5866506793258
77150.0,6828136.999999957,2.329257022310365e-15,51.600000000000115,180.0,0.0,86.22776899027724
77160.0,6828136.999999953,2.493454583199747e-15,51.600000000000115,180.0,0.0,86.86888730122867
77170.0,6828136.999999944,2.9923034677032996e-15,51.600000000000115,180.0,0.0,87.5100056121801
77180.0,6828136.999999922,4.302326087887949e-15,51.600000000000115,180.0,0.0,88.15112392313154
77190.0,6828136.9999999665,1.92619364569844e-15,51.600000000000115,180.0,0.0,88.79224223408296
77200.0,6828137.000000027,3.2838573993063993e-15,51.60000000000013,180.0,0.0,89.43336054503439
77210.0,6828136.999999957,2.4409069646353646e-15,51.60000000000013,180.0,0.0,90.07447885598583
77220.0,6828136.999999953,2.5188707290139745e-15,51.60000000000013,180.0,0.0,90.71559716693726
77230.0,6828136.999999943,3.1561172015409157e-15,51.600000000000115,180.0,0.0,91.35671547788868
77240.0,6828136.999999925,4.232970937815555e-15,51.600000000000115,180.0,0.0,91.99783378884011
77250.0,6828136.999999967,1.9931508322658932e-15,51.600000000000115,180.0,0.0,92.63895209979155
77260.0,6828137.000000027,3.164492212647776e-15,51.600000000000136,180.0,0.0,93.28007041074298
77270.0,6828136.999999961,2.2502579442538713e-15,51.600000000000115,180.0,0.0,93.9211887216944
77280.0,6828136.999999953,2.6214885485048808e-15,51.600000000000115,180.0,0.0,94.56230703264585
77290.0,6828136.999999947,3.0527663475541032e-15,51.600000000000136,180.0,0.0,95.20342534359727
77300.0,6828136.999999925,4.219039830992016e-15,51.600000000000115,180.0,0.0,95.8445436545487
77310.0,6828136.999999967,1.9070043761137833e-15,51.600000000000115,180.0,0.0,96.48566196550014
77320.0,6828137.000000029,3.2049274818018812e-15,51.60000000000013,180.0,0.0,97.12678027645157
77330.0,6828136.999999959,2.3330139835577245e-15,51.60000000000013,180.0,0.0,97.767898587403
77340.0,6828136.999999953,2.6200945194554275e-15,51.600000000000115,180.0,0.0,98.40901689835442
77350.0,6828136.999999947,3.0616155414421484e-15,51.600000000000115,180.0,0.0,99.05013520930585
77360.0,6828136.999999924,4.396741945941487e-15,51.600000000000115,180.0,0.0,99.69125352025729
77370.0,6828136.999999966,2.0617012441204892e-15,51.600000000000115,180.0,0.0,100.3323718312087
77380.0,6828137.000000027,2.7852628104300863e-15,51.60000000000013,180.0,0.0,100.97349014216014
77390.0,6828136.999999955,2.677974825946033e-15,51.600000000000115,180.0,0.0,101.61460845311159
77400.0,6828136.999999953,2.6506789100258365e-15,51.600000000000115,180.0,0.0,102.25572676406301
77410.0,6828136.999999943,3.4454108847763954e-15,51.600000000000115,180.0,0.0,102.89684507501443
77420.0,6828136.999999924,4.422207604682006e-15,51.60000000000013,180.0,0.0,103.53796338596585
77430.0,6828136.999999964,2.119020176490679e-15,51.60000000000013,180.0,0.0,104.1790816969173
77440.0,6828137.000000026,2.6433869513207006e-15,51.60000000000013,180.0,0.0,104.82020000786872
77450.0,6828136.999999957,2.5207455066071304e-15,51.600000000000115,180.0,0.0,105.46131831882015
77460.0,6828136.999999952,2.8433053920772365e-15,51.600000000000115,180.0,0.0,106.10243662977159
77470.0,6828136.999999945,3.2966119638432536e-15,51.60000000000013,180.0,0.0,106.74355494072303
77480.0,6828136.9999999255,4.278705173980695e-15,51.60000000000013,180.0,0.0,107.38467325167444
77490.0,6828136.999999967,1.878851370177531e-15,51.600000000000115,180.0,0.0,108.02579156262587
77500.0,6828137.000000028,2.7276073574813216e-15,51.60000000000013,180.0,0.0,108.6669098735773
77510.0,6828136.999999957,2.568089519404747e-15,51.60000000000013,180.0,0.0,109.30802818452874
77520.0,6828136.999999953,2.803187494671269e-15,51.600000000000115,180.0,0.0,109.94914649548016
77530.0,6828136.999999945,3.400065272057347e-15,51.60000000000013,180.0,0.0,110.59026480643159
77540.0,6828136.999999924,4.697180319567702e-15,51.60000000000013,180.0,0.0,111.23138311738303
77550.0,6828136.999999969,2.049554213807923e-15,51.600000000000136,180.0,0.0,111.87250142833446
77560.0,6828137.000000028,2.7662484864018447e-15,51.600000000000115,180.0,0.0,112.5136197392859
77570.0,6828136.999999957,2.799484215847795e-15,51.600000000000115,180.0,0.0,113.15473805023731
77580.0,6828136.999999953,2.964442740704312e-15,51.60000000000013,180.0,0.0,113.79585636118875
77590.0,6828136.999999943,3.684989031468231e-15,51.600000000000115,180.0,0.0,114.43697467214018
77600.0,6828136.999999924,4.821307249090095e-15,51.60000000000013,180.0,0.0,115.0780929830916
77610.0,6828136.999999967,2.179154098431098e-15,51.600000000000115,180.0,0.0,115.71921129404303
77620.0,6828137.00000003,2.8197356087972182e-15,51.60000000000013,180.0,0.0,116.36032960499446
77630.0,6828136.999999957,2.850352735546737e-15,51.600000000000115,180.0,0.0,117.0014479159459
77640.0,6828136.999999953,3.067420708478099e-15,51.600000000000115,180.0,0.0,117.64256622689732
77650.0,6828136.999999943,3.792336458888984e-15,51.600000000000115,180.0,0.0,118.28368453784876
77660.0,6828136.999999923,5.042698840585718e-15,51.600000000000115,180.0,0.0,118.92480284880018
77670.0,6828136.999999966,2.2959287570728362e-15,51.60000000000013,180.0,0.0,119.56592115975162
77680.0,6828137.000000028,2.3990048075501274e-15,51.600000000000115,180.0,0.0,120.20703947070304
77690.0,6828136.999999956,2.919956849218805e-15,51.600000000000115,180.0,0.0,120.84815778165446
77700.0,6828136.999999951,3.2886423608186894e-15,51.600000000000115,180.0,0.0,121.4892760926059
77710.0,6828136.999999942,3.883117544428022e-15,51.600000000000115,180.0,0.0,122.13039440355735
77720.0,6828136.999999919,5.370417144136561e-15,51.60000000000011,180.0,0.0,122.77151271450876
77730.0,6828136.999999963,2.5473718375235904e-15,51.600000000000115,180.0,0.0,123.41263102546019
77740.0,6828137.000000024,1.82317812909784e-15,51.600000000000115,180.0,0.0,124.0537493364116
77750.0,6828136.999999954,3.2127289655997984e-15,51.60000000000013,180.0,0.0,124.69486764736304
77760.0,6828136.999999951,3.3186680886318473e-15,51.600000000000115,180.0,0.0,125.33598595831448
77770.0,6828136.999999942,3.944266961350821e-15,51.600000000000115,180.0,0.0,125.97710426926591
77780.0,6828136.999999921,5.3335398126864e-15,51.600000000000115,180.0,0.0,126.61822258021735
77790.0,6828136.999999965,2.5493515726722127e-15,51.600000000000115,180.0,0.0,127.25934089116879
77800.0,6828137.000000024,1.7676515456302482e-15,51.60000000000013,180.0,0.0,127.90045920212022
77810.0,6828136.999999958,2.993475077172202e-15,51.60000000000011,180.0,0.0,128.54157751307164
77820.0,6828136.999999951,3.447742634589492e-15,51.60000000000011,180.0,0.0,129.18269582402306
77830.0,6828136.999999944,3.8121908119684265e-15,51.60000000000013,180.0,0.0,129.82381413497447
77840.0,6828136.999999921,5.3398047040256034e-15,51.600000000000115,180.0,0.0,130.4649324459259
77850.0,6828136.9999999665,2.2785459675380226e-15,51.600000000000115,180.0,0.0,131.10605075687735
77860.0,6828137.000000024,1.7069784026164864e-15,51.60000000000013,180.0,0.0,131.7471690678288
77870.0,6828136.999999956,3.213128012339225e-15,51.60000000000013,180.0,0.0,132.3882873787802
77880.0,6828136.999999948,3.940235228267925e-15,51.60000000000011,180.0,0.0,133.02940568973165
77890.0,6828136.999999942,4.071613527986433e-15,51.600000000000115,180.0,0.0,133.67052400068306
77900.0,6828136.999999922,5.326177434799575e-15,51.600000000000115,180.0,0.0,134.3116423116345
77910.0,6828136.999999965,2.5246685111551096e-15,51.600000000000115,180.0,0.0,134.9527606225859
77920.0,6828137.000000024,1.6899563366118637e-15,51.600000000000115,180.0,0.0,135.59387893353735
77930.0,6828136.999999956,3.3100132797404665e-15,51.60000000000013,180.0,0.0,136.2349972444888
77940.0,6828136.99999995,3.789379599643991e-15,51.600000000000115,180.0,0.0,136.8761155554402
77950.0,6828136.999999942,4.173827294886444e-15,51.600000000000115,180.0,0.0,137.51723386639168
77960.0,6828136.99999992,5.6847509444303286e-15,51.60000000000011,180.0,0.0,138.1583521773431
77970.0,6828136.999999965,2.5827977728407375e-15,51.600000000000115,180.0,0.0,138.7994704882945
77980.0,6828137.000000025,1.5413675580823735e-15,51.600000000000115,180.0,0.0,139.44058879924592
77990.0,6828136.999999954,3.5202003051253352e-15,51.600000000000115,180.0,0.0,140.08170711019736
78000.0,6828136.999999948,3.883753097008258e-15,51.60000000000011,180.0,0.0,140.7228254211488
78010.0,6828136.99999994,4.390739204912963e-15,51.60000000000011,180.0,0.0,141.3639437321002
78020.0,6828136.99999992,5.6682629435587154e-15,51.600000000000115,180.0,0.0,142.00506204305165
78030.0,6828136.999999965,2.6664521112053414e-15,51.60000000000011,180.0,0.0,142.64618035400306
78040.0,6828137.000000029,1.8638587471368862e-15,51.60000000000013,180.0,0.0,143.2872986649545
78050.0,6828136.999999958,3.1157057633158773e-15,51.60000000000011,180.0,0.0,143.92841697590592
78060.0,6828136.99999995,3.879470464181547e-15,51.600000000000115,180.0,0.0,144.56953528685736
78070.0,6828136.999999942,4.2549429483644475e-15,51.600000000000115,180.0,0.0,145.2106535978088
78080.0,6828136.999999923,5.293242082280902e-15,51.600000000000115,180.0,0.0,145.85177190876024
78090.0,6828136.9999999665,2.5401683577374526e-15,51.600000000000115,180.0,0.0,146.49289021971165
78100.0,6828137.000000027,1.6827368334039709e-15,51.60000000000013,180.0,0.0,147.1340085306631
78110.0,6828136.999999956,3.216778073212477e-15,51.60000000000011,180.0,0.0,147.7751268416145
78120.0,6828136.999999951,3.5994573767214e-15,51.600000000000115,180.0,0.0,148.41624515256592
78130.0,6828136.999999942,4.2361511137355094e-15,51.600000000000115,180.0,0.0,149.05736346351736
78140.0,6828136.99999992,5.639562701054022e-15,51.600000000000115,180.0,0.0,149.6984817744688
78150.0,6828136.999999962,2.9664807786365903e-15,51.600000000000115,180.0,0.0,150.33960008542024
78160.0,6828137.000000025,1.409290842844419e-15,51.600000000000115,180.0,0.0,150.98071839637163
78170.0,6828136.999999956,3.3333806063274885e-15,51.60000000000011,180.0,0.0,151.6218367073231
78180.0,6828136.999999948,3.966232346773305e-15,51.60000000000011,180.0,0.0,152.26295501827454
78190.0,6828136.999999942,4.218909410194964e-15,51.600000000000115,180.0,0.0,152.90407332922592
78200.0,6828136.99999992,5.757055287062268e-15,51.600000000000115,180.0,0.0,153.54519164017734
78210.0,6828136.999999962,2.9431095694960736e-15,51.600000000000115,180.0,0.0,154.1863099511288
78220.0,6828137.000000027,1.5362101961818676e-15,51.600000000000115,180.0,0.0,154.82742826208022
78230.0,6828136.999999956,3.3241376765547273e-15,51.60000000000011,180.0,0.0,155.46854657303166
78240.0,6828136.99999995,3.834389061629039e-15,51.600000000000115,180.0,0.0,156.1096648839831
78250.0,6828136.99999994,4.471314520199817e-15,51.600000000000115,180.0,0.0,156.7507831949345
78260.0,6828136.999999922,5.366609252364209e-15,51.600000000000115,180.0,0.0,157.39190150588595
78270.0,6828136.999999963,2.681696902870833e-15,51.60000000000011,180.0,0.0,158.0330198168374
78280.0,6828137.000000021,1.1660703184341269e-15,51.60000000000013,180.0,0.0,201.3258618722112
78290.0,6828136.999999956,3.1915341143229113e-15,51.60000000000013,180.0,0.0,200.68474356125978
78300.0,6828136.999999948,3.8320668881016896e-15,51.60000000000011,180.0,0.0,200.0436252503083
78310.0,6828136.9999999385,4.595553298512238e-15,51.600000000000115,180.0,0.0,199.40250693935693
78320.0,6828136.99999992,5.615768568849834e-15,51.60000000000011,180.0,0.0,161.23861137159452
78330.0,6828136.999999963,2.6829466950017045e-15,51.600000000000115,180.0,0.0,198.12027031745407
78340.0,6828137.000000023,1.3491619346618245e-15,51.600000000000115,180.0,0.0,197.47915200650263
78350.0,6828136.9999999525,3.582045891463327e-15,51.60000000000011,180.0,0.0,196.8380336955512
78360.0,6828136.999999948,3.964833321071505e-15,51.60000000000011,180.0,0.0,196.19691538459978
78370.0,6828136.99999994,4.347408895965833e-15,51.600000000000115,180.0,0.0,195.55579707364836
78380.0,6828136.999999918,5.743835831324942e-15,51.60000000000011,180.0,0.0,194.9146787626969
78390.0,6828136.999999963,2.680797431403323e-15,51.60000000000013,180.0,0.0,194.27356045174548
78400.0,6828137.000000021,1.2153216766524412e-15,51.60000000000013,180.0,0.0,193.632442140794
78410.0,6828136.9999999525,3.58786561212747e-15,51.600000000000115,180.0,0.0,192.9913238298426
78420.0,6828136.999999948,3.842373089100425e-15,51.600000000000115,180.0,0.0,192.3502055188912
78430.0,6828136.99999994,4.3500901044443426e-15,51.600000000000115,180.0,0.0,191.7090872079398
78440.0,6828136.99999992,5.492766277207529e-15,51.600000000000115,180.0,0.0,191.06796889698833
78450.0,6828136.9999999665,2.18259663174354e-15,51.600000000000115,180.0,0.0,190.4268505860369
78460.0,6828137.000000027,1.7491577504862351e-15,51.600000000000115,180.0,0.0,189.7857322750855
78470.0,6828136.999999956,3.215235821960284e-15,51.60000000000013,180.0,0.0,189.14461396413404
78480.0,6828136.99999995,3.728041048482402e-15,51.60000000000013,180.0,0.0,188.50349565318265
78490.0,6828136.99999994,4.236308297568614e-15,51.600000000000115,180.0,0.0,187.86237734223113
78500.0,6828136.99999992,5.3737691709433356e-15,51.60000000000013,180.0,0.0,187.22125903127974
78510.0,6828136.999999965,2.3409138240420942e-15,51.600000000000115,180.0,0.0,186.5801407203283
78520.0,6828137.000000023,1.5918125164128006e-15,51.60000000000013,180.0,0.0,185.9390224093768
78530.0,6828136.999999954,3.3678530836799595e-15,51.60000000000013,180.0,0.0,185.2979040984255
78540.0,6828136.999999946,4.0068321667040185e-15,51.60000000000013,180.0,0.0,184.65678578747404
78550.0,6828136.999999942,4.010320036453559e-15,51.60000000000013,180.0,0.0,184.01566747652262
78560.0,6828136.99999992,5.3950669885442496e-15,51.600000000000115,180.0,0.0,183.37454916557118
78570.0,6828136.999999965,2.416282176421328e-15,51.60000000000013,180.0,0.0,182.73343085461985
78580.0,6828137.000000024,1.8541427312154048e-15,51.600000000000115,180.0,0.0,182.09231254366847
78590.0,6828136.999999956,3.154715609955498e-15,51.60000000000013,180.0,0.0,181.45119423271709
78600.0,6828136.999999946,4.0346142513729946e-15,51.60000000000013,180.0,0.0,180.8100759217653
78610.0,6828136.99999994,4.153562314123333e-15,51.60000000000013,180.0,0.0,180.168957610813
78620.0,6828136.99999992,5.39324564089118e-15,51.600000000000115,180.0,0.0,180.4721607001385
78630.0,6828136.999999963,2.504317323908771e-15,51.60000000000013,180.0,0.0,181.11327901108882
78640.0,6828137.000000022,1.6856099855027931e-15,51.60000000000013,180.0,0.0,181.7543973220402
78650.0,6828136.999999954,3.1656839388116058e-15,51.60000000000013,180.0,0.0,182.39551563299173
78660.0,6828136.99999995,3.5431944292863155e-15,51.60000000000013,180.0,0.0,183.03663394394306
78670.0,6828136.999999942,3.905114238316882e-15,51.600000000000115,180.0,0.0,183.67775225489447
78680.0,6828136.99999992,5.399095386052377e-15,51.600000000000115,180.0,0.0,184.318870565846
78690.0,6828136.999999963,2.4152768104141487e-15,51.60000000000013,180.0,0.0,184.9599888767974
78700.0,6828137.000000022,1.791278157851762e-15,51.60000000000013,180.0,0.0,185.60110718774882
78710.0,6828136.99999995,3.691669766766918e-15,51.600000000000115,180.0,0.0,186.24222549870024
78720.0,6828136.999999948,3.703163044082444e-15,51.600000000000115,180.0,0.0,186.8833438096517
78730.0,6828136.999999942,3.949089359981504e-15,51.60000000000013,180.0,0.0,187.52446212060312
78740.0,6828136.999999918,5.56537774828431e-15,51.60000000000013,180.0,0.0,188.16558043155447
78750.0,6828136.999999963,2.5061830579688175e-15,51.600000000000136,180.0,0.0,188.80669874250597
78760.0,6828137.000000024,2.1116680862914247e-15,51.60000000000013,180.0,0.0,189.44781705345744
78770.0,6828136.999999951,3.493586872722232e-15,51.60000000000013,180.0,0.0,190.0889353644088
78780.0,6828136.999999948,3.754238085018872e-15,51.60000000000013,180.0,0.0,190.73005367536024
78790.0,6828136.99999994,4.126359520013734e-15,51.60000000000013,180.0,0.0,191.3711719863117
78800.0,6828136.999999917,5.596698864743546e-15,51.60000000000013,180.0,0.0,192.01229029726304
78810.0,6828136.999999965,2.370739592871802e-15,51.60000000000013,180.0,0.0,192.65340860821453
78820.0,6828137.000000024,2.3818128724739844e-15,51.600000000000136,180.0,0.0,193.29452691916592
78830.0,6828136.9999999525,3.3285936454757124e-15,51.600000000000136,180.0,0.0,193.93564523011736
78840.0,6828136.999999948,3.701158618331215e-15,51.60000000000013,180.0,0.0,194.57676354106886
78850.0,6828136.999999942,3.946379658726103e-15,51.60000000000013,180.0,0.0,195.21788185202027
78860.0,6828136.999999919,5.3967923383503856e-15,51.60000000000013,180.0,0.0,195.85900016297165
78870.0,6828136.999999962,2.6771274403276367e-15,51.60000000000013,180.0,0.0,196.50011847392307
78880.0,6828137.0000000205,2.2167630012440656e-15,51.60000000000013,180.0,0.0,197.1412367848745
78890.0,6828136.9999999525,3.3815741661584792e-15,51.60000000000013,180.0,0.0,197.78235509582595
78900.0,6828136.999999948,3.6136697401168495e-15,51.600000000000136,180.0,0.0,198.4234734067774
78910.0,6828136.999999939,4.086230941325308e-15,51.60000000000013,180.0,0.0,199.0645917177288
78920.0,6828136.999999917,5.514073988847458e-15,51.60000000000013,180.0,0.0,199.70571002868027
78930.0,6828136.999999962,2.6547766633248767e-15,51.60000000000013,180.0,0.0,200.34682833963168
78940.0,6828137.000000024,2.505644534604444e-15,51.60000000000013,180.0,0.0,200.98794665058313
78950.0,6828136.999999953,3.1836261000598867e-15,51.60000000000013,180.0,0.0,201.62906496153454
78960.0,6828136.999999947,3.639413630620685e-15,51.60000000000013,180.0,0.0,202.27018327248595
78970.0,6828136.999999941,4.033313228642694e-15,51.60000000000013,180.0,0.0,202.9113015834374
78980.0,6828136.999999919,5.3132739246355886e-15,51.600000000000115,180.0,0.0,203.55241989438883
78990.0,6828136.999999963,2.731932647448976e-15,51.600000000000115,180.0,0.0,204.19353820534027
79000.0,6828137.000000024,2.755011168192932e-15,51.60000000000013,180.0,0.0,204.8346565162917
79010.0,6828136.999999953,3.27941091793198e-15,51.60000000000011,180.0,0.0,205.47577482724313
79020.0,6828136.999999947,3.727093115554626e-15,51.600000000000115,180.0,0.0,206.11689313819454
79030.0,6828136.999999941,3.815689171050125e-15,51.60000000000013,180.0,0.0,206.75801144914598
79040.0,6828136.999999919,5.097673616773764e-15,51.600000000000115,180.0,0.0,207.39912976009742
79050.0,6828136.999999966,2.3598490957015636e-15,51.60000000000013,180.0,0.0,208.04024807104886
79060.0,6828137.000000024,2.9198861693306516e-15,51.600000000000115,180.0,0.0,208.68136638200028
79070.0,6828136.999999953,3.1734454897900478e-15,51.60000000000011,180.0,0.0,209.32248469295172
79080.0,6828136.999999947,3.677583838624036e-15,51.60000000000011,180.0,0.0,209.96360300390313
79090.0,6828136.999999943,3.675441044785301e-15,51.600000000000115,180.0,0.0,210.60472131485454
79100.0,6828136.999999923,4.660771622901562e-15,51.600000000000115,180.0,0.0,211.24583962580598
79110.0,6828136.999999964,2.423605757076382e-15,51.600000000000115,180.0,0.0,211.88695793675743
79120.0,6828137.000000024,3.1522075630239658e-15,51.600000000000115,180.0,0.0,212.52807624770884
79130.0,6828136.999999953,3.1403486621023424e-15,51.60000000000013,180.0,0.0,213.1691945586603
79140.0,6828136.99999995,3.2806186629989564e-15,51.600000000000115,180.0,0.0,213.81031286961172
79150.0,6828136.999999943,3.619393400375665e-15,51.60000000000013,180.0,0.0,214.45143118056313
79160.0,6828136.999999923,4.565394175182037e-15,51.600000000000115,180.0,0.0,215.09254949151457
79170.0,6828136.999999966,2.2058360393079113e-15,51.60000000000013,180.0,0.0,215.73366780246602
79180.0,6828137.000000023,3.045028136679016e-15,51.600000000000115,180.0,0.0,216.37478611341743
79190.0,6828136.999999953,3.008709260898522e-15,51.600000000000115,180.0,0.0,217.01590442436887
79200.0,6828136.999999947,3.488137019153877e-15,51.600000000000115,180.0,0.0,217.6570227353203
79210.0,6828136.999999939,3.713885007379517e-15,51.600000000000115,180.0,0.0,218.29814104627175
79220.0,6828136.999999921,4.728200417725594e-15,51.600000000000115,180.0,0.0,218.93925935722314
79230.0,6828136.999999963,2.4048946687700628e-15,51.600000000000115,180.0,0.0,219.58037766817458
79240.0,6828137.000000023,3.2527194438756703e-15,51.600000000000115,180.0,0.0,220.221495979126
79250.0,6828136.999999953,2.9119082550260994e-15,51.600000000000115,180.0,0.0,220.86261429007746
79260.0,6828136.99999995,3.0904880999706487e-15,51.600000000000115,180.0,0.0,221.50373260102887
79270.0,6828136.999999941,3.530415131176166e-15,51.60000000000013,180.0,0.0,222.1448509119803
79280.0,6828136.99999992,4.588521955970271e-15,51.600000000000115,180.0,0.0,222.78596922293175
79290.0,6828136.999999966,2.2726914339098668e-15,51.600000000000115,180.0,0.0,223.42708753388317
79300.0,6828137.000000027,3.753761403365065e-15,51.600000000000115,180.0,0.0,224.0682058448346
79310.0,6828136.999999955,2.8844721332567623e-15,51.60000000000013,180.0,0.0,224.70932415578605
79320.0,6828136.99999995,3.1028241283987747e-15,51.600000000000115,180.0,0.0,225.35044246673746
79330.0,6828136.999999941,3.598920991542514e-15,51.60000000000013,180.0,0.0,225.99156077768887
79340.0,6828136.999999922,4.450901495665401e-15,51.600000000000115,180.0,0.0,226.63267908864032
79350.0,6828136.9999999665,2.2258300479486872e-15,51.60000000000013,180.0,0.0,227.27379739959176
79360.0,6828137.000000025,3.608844604021994e-15,51.60000000000013,180.0,0.0,227.91491571054317
79370.0,6828136.999999957,2.7034746583319766e-15,51.60000000000013,180.0,0.0,228.5560340214946
79380.0,6828136.999999952,3.0424349817874013e-15,51.60000000000013,180.0,0.0,229.19715233244605
79390.0,6828136.999999939,3.649674598580178e-15,51.60000000000013,180.0,0.0,229.8382706433975
79400.0,6828136.999999918,4.6631459085091e-15,51.600000000000115,180.0,0.0,230.47938895434893
79410.0,6828136.999999963,2.3670886674801324e-15,51.600000000000115,180.0,0.0,231.12050726530038
79420.0,6828137.000000029,4.001586614762079e-15,51.60000000000013,180.0,0.0,231.76162557625176
79430.0,6828136.999999953,2.8481046757594745e-15,51.60000000000013,180.0,0.0,232.4027438872032
79440.0,6828136.999999951,2.9238122550016618e-15,51.60000000000013,180.0,0.0,233.0438621981546
79450.0,6828136.99999994,3.3698445281463152e-15,51.60000000000013,180.0,0.0,233.68498050910605
79460.0,6828136.99999992,4.353391888672758e-15,51.600000000000136,180.0,0.0,234.32609882005744
79470.0,6828136.999999965,1.9801663663770134e-15,51.60000000000013,180.0,0.0,234.96721713100888
79480.0,6828137.000000025,3.636783121319541e-15,51.60000000000013,180.0,0.0,235.60833544196032
79490.0,6828136.999999954,2.608768789140294e-15,51.60000000000013,180.0,0.0,236.24945375291176
79500.0,6828136.999999948,2.959536738492879e-15,51.60000000000013,180.0,0.0,236.8905720638632
79510.0,6828136.99999994,3.1972118581886233e-15,51.60000000000013,180.0,0.0,237.53169037481462
79520.0,6828136.999999918,4.319200780297413e-15,51.60000000000013,180.0,0.0,238.17280868576606
79530.0,6828136.999999963,2.0242956890407382e-15,51.60000000000013,180.0,0.0,238.8139269967175
79540.0,6828137.000000023,3.731543355801961e-15,51.60000000000013,180.0,0.0,239.45504530766894
79550.0,6828136.999999956,2.4462592328191374e-15,51.60000000000013,180.0,0.0,240.09616361862038
79560.0,6828136.999999948,2.8738026765352734e-15,51.60000000000013,180.0,0.0,240.73728192957182
79570.0,6828136.999999942,2.928983058192342e-15,51.600000000000115,180.0,0.0,241.37840024052323
79580.0,6828136.99999992,3.997173072124633e-15,51.600000000000115,180.0,0.0,242.01951855147468
79590.0,6828136.999999965,1.989076543449842e-15,51.600000000000115,180.0,0.0,242.66063686242612
79600.0,6828137.000000024,3.976817190331051e-15,51.600000000000115,180.0,0.0,243.30175517337756
79610.0,6828136.999999954,2.4101740299588218e-15,51.60000000000013,180.0,0.0,243.942873484329
79620.0,6828136.99999995,2.6259355419590314e-15,51.600000000000115,180.0,0.0,244.58399179528038
79630.0,6828136.999999942,2.850168571565407e-15,51.60000000000013,180.0,0.0,245.22511010623182
79640.0,6828136.999999923,3.732068080762726e-15,51.600000000000115,180.0,0.0,245.86622841718324
79650.0,6828136.999999968,2.0688490212539897e-15,51.60000000000013,180.0,0.0,246.50734672813468
79660.0,6828137.000000026,4.273135902639567e-15,51.600000000000115,180.0,0.0,247.14846503908606
79670.0,6828136.999999958,2.2273363844433398e-15,51.600000000000115,180.0,0.0,247.78958335003756
79680.0,6828136.999999951,2.4437853607172547e-15,51.600000000000136,180.0,0.0,248.430701660989
79690.0,6828136.999999942,2.8591659301360937e-15,51.60000000000013,180.0,0.0,249.07181997194039
79700.0,6828136.999999923,3.613725167592921e-15,51.60000000000013,180.0,0.0,249.71293828289183
79710.0,6828136.9999999665,1.9435785236230553e-15,51.60000000000013,180.0,0.0,250.35405659384327
79720.0,6828137.000000024,4.276426041750184e-15,51.60000000000013,180.0,0.0,250.99517490479468
79730.0,6828136.999999954,2.3662369618151994e-15,51.60000000000013,180.0,0.0,251.63629321574612
79740.0,6828136.99999995,2.557110613715562e-15,51.600000000000136,180.0,0.0,252.27741152669756
79750.0,6828136.999999945,2.677044093649839e-15,51.60000000000013,180.0,0.0,252.918529837649
79760.0,6828136.999999923,3.674377514331372e-15,51.600000000000115,180.0,0.0,253.55964814860044
79770.0,6828136.999999966,2.0087062432128125e-15,51.60000000000013,180.0,0.0,254.2007664595519
79780.0,6828137.000000022,4.105356294312061e-15,51.60000000000013,180.0,0.0,254.8418847705033
79790.0,6828136.999999955,2.223081215522927e-15,51.60000000000013,180.0,0.0,255.48300308145474
79800.0,6828136.99999995,2.418013862279918e-15,51.600000000000136,180.0,0.0,256.1241213924062
79810.0,6828136.999999941,2.7537710115718195e-15,51.600000000000136,180.0,0.0,256.7652397033576
79820.0,6828136.999999919,3.833564775891619e-15,51.600000000000136,180.0,0.0,257.406358014309
79830.0,6828136.999999964,2.05823420504856e-15,51.600000000000136,180.0,0.0,258.0474763252605
79840.0,6828137.000000026,4.606448155666168e-15,51.60000000000013,180.0,0.0,258.68859463621186
79850.0,6828136.999999953,2.3123824935736226e-15,51.600000000000136,180.0,0.0,259.32971294716333
79860.0,6828136.999999949,2.5034327350521217e-15,51.600000000000136,180.0,0.0,259.97083125811474
79870.0,6828136.999999941,2.7402502084640072e-15,51.600000000000136,180.0,0.0,260.6119495690662
79880.0,6828136.999999921,3.5145572848455826e-15,51.60000000000013,180.0,0.0,261.2530678800176
79890.0,6828136.999999964,2.0368116191892085e-15,51.60000000000013,180.0,0.0,261.89418619096904
79900.0,6828137.000000026,4.7070634480932575e-15,51.600000000000136,180.0,0.0,262.53530450192045
79910.0,6828136.999999957,2.1886978615993814e-15,51.60000000000013,180.0,0.0,263.17642281287186
79920.0,6828136.999999949,2.497134347875638e-15,51.600000000000136,180.0,0.0,263.81754112382333
79930.0,6828136.999999941,2.6985288200207718e-15,51.600000000000136,180.0,0.0,264.45865943477475
79940.0,6828136.999999923,3.3592094545014597e-15,51.60000000000013,180.0,0.0,265.0997777457262
79950.0,6828136.999999966,2.1336315872373504e-15,51.600000000000136,180.0,0.0,265.7408960566776
79960.0,6828137.000000024,4.743013395290682e-15,51.600000000000115,180.0,0.0,266.38201436762904
79970.0,6828136.999999957,2.1563448538887977e-15,51.600000000000115,180.0,0.0,267.0231326785805
79980.0,6828136.99999995,2.317775380937098e-15,51.600000000000136,180.0,0.0,267.6642509895319
79990.0,6828136.999999943,2.4966141498062197e-15,51.60000000000013,180.0,0.0,268.3053693004834
80000.0,6828136.999999923,3.2583837186882604e-15,51.600000000000136,180.0,0.0,268.9464876114348
80010.0,6828136.999999964,2.491198297893812e-15,51.60000000000013,180.0,0.0,269.5876059223863
80020.0,6828137.000000027,5.2735334414433856e-15,51.60000000000013,180.0,0.0,270.2287242333377
80030.0,6828136.999999955,2.4170350736222852e-15,51.600000000000136,180.0,0.0,270.8698425442891
80040.0,6828136.99999995,2.5228864115329805e-15,51.600000000000136,180.0,0.0,271.51096085524057
80050.0,6828136.999999945,2.614629043156506e-15,51.60000000000013,180.0,0.0,272.152079166192
80060.0,6828136.999999921,3.424312836466085e-15,51.600000000000136,180.0,0.0,272.79319747714345
80070.0,6828136.999999966,2.408365672703184e-15,51.60000000000013,180.0,0.0,273.43431578809486
80080.0,6828137.000000025,5.15069222439827e-15,51.60000000000013,180.0,0.0,274.0754340990463
80090.0,6828136.999999953,2.3533151539589835e-15,51.60000000000013,180.0,0.0,274.7165524099977
80100.0,6828136.99999995,2.381624757794631e-15,51.600000000000136,180.0,0.0,275.3576707209491
80110.0,6828136.999999941,2.4594048098627824e-15,51.600000000000136,180.0,0.0,275.99878903190057
80120.0,6828136.99999992,3.304311748431812e-15,51.600000000000136,180.0,0.0,276.639907342852
80130.0,6828136.999999964,2.3315215417259024e-15,51.600000000000136,180.0,0.0,277.28102565380345
80140.0,6828137.000000023,5.099496284611075e-15,51.60000000000013,180.0,0.0,277.92214396475487
80150.0,6828136.999999955,2.449401768687925e-15,51.60000000000013,180.0,0.0,278.5632622757063
80160.0,6828136.99999995,2.502271153367364e-15,51.600000000000136,180.0,0.0,279.20438058665775
80170.0,6828136.999999941,2.6160582417995914e-15,51.600000000000136,180.0,0.0,279.84549889760916
80180.0,6828136.999999918,3.4105611761295985e-15,51.60000000000013,180.0,0.0,280.48661720856063
80190.0,6828136.999999963,2.4281286708104506e-15,51.60000000000013,180.0,0.0,281.12773551951204
80200.0,6828137.000000025,5.4285213406115075e-15,51.60000000000013,180.0,0.0,281.76885383046346
80210.0,6828136.999999953,2.431419947259092e-15,51.60000000000013,180.0,0.0,282.40997214141487
80220.0,6828136.99999995,2.4437467607795024e-15,51.600000000000136,180.0,0.0,283.0510904523663
80230.0,6828136.9999999385,2.6988153745085905e-15,51.600000000000136,180.0,0.0,283.69220876331775
80240.0,6828136.999999916,3.5093001936664914e-15,51.600000000000136,180.0,0.0,284.33332707426916
80250.0,6828136.999999962,2.5558350202048217e-15,51.600000000000136,180.0,0.0,284.97444538522063
80260.0,6828137.000000025,5.6069109557726365e-15,51.60000000000013,180.0,0.0,285.61556369617205
80270.0,6828136.999999954,2.466807521092232e-15,51.600000000000136,180.0,0.0,286.2566820071235
80280.0,6828136.99999995,2.4910979218813806e-15,51.600000000000136,180.0,0.0,286.8978003180749
80290.0,6828136.99999994,2.5781773658942106e-15,51.60000000000013,180.0,0.0,287.53891862902634
80300.0,6828136.999999918,3.1883425749070544e-15,51.600000000000136,180.0,0.0,288.1800369399778
80310.0,6828136.999999962,2.543132830673944e-15,51.600000000000136,180.0,0.0,288.8211552509292
80320.0,6828137.000000025,5.706462078868326e-15,51.600000000000136,180.0,0.0,289.4622735618807
80330.0,6828136.999999951,2.4761429121320693e-15,51.60000000000013,180.0,0.0,290.1033918728321
80340.0,6828136.999999946,2.4726817577197927e-15,51.60000000000013,180.0,0.0,290.7445101837835
80350.0,6828136.9999999385,2.5821494879141544e-15,51.60000000000013,180.0,0.0,291.385628494735
80360.0,6828136.999999918,2.9968160621641925e-15,51.60000000000013,180.0,0.0,292.0267468056864
80370.0,6828136.999999965,2.5729569870841327e-15,51.60000000000013,180.0,0.0,292.66786511663787
80380.0,6828137.000000022,5.617914701620973e-15,51.60000000000013,180.0,0.0,293.3089834275893
80390.0,6828136.999999956,2.4395056202088975e-15,51.60000000000013,180.0,0.0,293.95010173854075
80400.0,6828136.999999948,2.3554440844062322e-15,51.60000000000013,180.0,0.0,294.59122004949216
80410.0,6828136.999999942,2.348043943308438e-15,51.60000000000013,180.0,0.0,295.2323383604436
80420.0,6828136.999999919,2.880602798397336e-15,51.60000000000013,180.0,0.0,295.87345667139505
80430.0,6828136.999999963,2.7837680291641185e-15,51.60000000000013,180.0,0.0,296.51457498234646
80440.0,6828137.0000000205,5.623575027655466e-15,51.60000000000013,180.0,0.0,297.15569329329793
80450.0,6828136.999999956,2.5617532520182707e-15,51.60000000000013,180.0,0.0,297.7968116042493
80460.0,6828136.999999948,2.5012938263242464e-15,51.600000000000136,180.0,0.0,298.43792991520075
80470.0,6828136.9999999385,2.5232283335054475e-15,51.600000000000136,180.0,0.0,299.07904822615217
80480.0,6828136.999999917,2.953262398578069e-15,51.60000000000013,180.0,0.0,299.7201665371036
80490.0,6828136.999999962,2.7374035717947497e-15,51.600000000000136,180.0,0.0,300.36128484805505
80500.0,6828137.000000019,5.517800495988969e-15,51.60000000000013,180.0,0.0,301.00240315900646
80510.0,6828136.999999951,2.4034850220865182e-15,51.600000000000136,180.0,0.0,301.64352146995793
80520.0,6828136.999999948,2.379563821061122e-15,51.600000000000136,180.0,0.0,302.28463978090934
80530.0,6828136.9999999385,2.3738039626518223e-15,51.600000000000136,180.0,0.0,302.9257580918608
80540.0,6828136.999999917,2.7472522294487434e-15,51.60000000000014,180.0,0.0,303.5668764028122
80550.0,6828136.99999996,2.334917033492275e-15,51.600000000000136,180.0,0.0,304.20799471376364
80560.0,6828137.000000019,5.535541791940332e-15,51.60000000000014,180.0,0.0,304.8491130247151
80570.0,6828136.99999995,2.2852496760284863e-15,51.600000000000136,180.0,0.0,305.4902313356665
80580.0,6828136.999999944,2.2627883817798332e-15,51.600000000000136,180.0,0.0,306.131349646618
80590.0,6828136.999999938,2.2254231531571117e-15,51.600000000000136,180.0,0.0,306.77246795756935
80600.0,6828136.999999915,2.757362473968697e-15,51.600000000000136,180.0,0.0,307.4135862685208
80610.0,6828136.999999959,2.528688258277098e-15,51.600000000000136,180.0,0.0,308.05470457947223
80620.0,6828137.000000019,5.682133671842716e-15,51.600000000000136,180.0,0.0,308.69582289042364
80630.0,6828136.999999949,2.2686158171985007e-15,51.600000000000136,180.0,0.0,309.3369412013751
80640.0,6828136.999999943,2.2086526320746013e-15,51.600000000000136,180.0,0.0,309.9780595123265
80650.0,6828136.999999936,2.2467483733832082e-15,51.60000000000013,180.0,0.0,310.619177823278
80660.0,6828136.999999917,2.430643575888443e-15,51.600000000000136,180.0,0.0,311.2602961342294
80670.0,6828136.999999959,2.4073820294345805e-15,51.600000000000136,180.0,0.0,311.9014144451808
80680.0,6828137.000000022,6.038299577076191e-15,51.600000000000136,180.0,0.0,312.5425327561323
80690.0,6828136.999999949,2.157935089333632e-15,51.600000000000136,180.0,0.0,313.1836510670837
80700.0,6828136.999999947,2.02117729080551e-15,51.600000000000136,180.0,0.0,313.82476937803517
80710.0,6828136.999999938,1.9396612708965185e-15,51.600000000000136,180.0,0.0,314.4658876889866
80720.0,6828136.999999915,2.351618072917402e-15,51.600000000000136,180.0,0.0,315.10700599993805
80730.0,6828136.999999955,2.056030273572335e-15,51.600000000000136,180.0,0.0,315.74812431088947
80740.0,6828137.0000000205,5.8458348757911136e-15,51.60000000000014,180.0,0.0,316.3892426218409
80750.0,6828136.999999949,1.905774072938045e-15,51.600000000000136,180.0,0.0,317.03036093279235
80760.0,6828136.999999945,1.8070290962488424e-15,51.600000000000136,180.0,0.0,317.67147924374376
80770.0,6828136.999999939,1.8129065359249646e-15,51.600000000000136,180.0,0.0,318.31259755469523
80780.0,6828136.999999917,2.120799629144408e-15,51.60000000000013,180.0,0.0,318.95371586564664
80790.0,6828136.999999961,2.7875447985112836e-15,51.600000000000136,180.0,0.0,319.59483417659806
80800.0,6828137.00000002,6.031037808040863e-15,51.60000000000014,180.0,0.0,320.2359524875495
80810.0,6828136.999999952,2.174301092745683e-15,51.60000000000014,180.0,0.0,320.87707079850094
80820.0,6828136.999999947,1.981652405030638e-15,51.60000000000014,180.0,0.0,321.5181891094524
80830.0,6828136.999999941,1.9410563232248156e-15,51.60000000000014,180.0,0.0,322.1593074204038
80840.0,6828136.999999918,1.9024335036508425e-15,51.60000000000014,180.0,0.0,322.8004257313553
80850.0,6828136.999999961,2.690047575361988e-15,51.600000000000136,180.0,0.0,323.4415440423067
80860.0,6828137.000000021,6.342136990104252e-15,51.60000000000014,180.0,0.0,324.0826623532581
80870.0,6828136.999999952,2.1308342399394967e-15,51.60000000000014,180.0,0.0,324.7237806642096
80880.0,6828136.999999945,1.856619546511852e-15,51.600000000000136,180.0,0.0,325.364898975161
80890.0,6828136.9999999385,1.907485756132541e-15,51.60000000000014,180.0,0.0,326.00601728611247
80900.0,6828136.999999914,1.955510954286556e-15,51.60000000000014,180.0,0.0,326.6471355970639
80910.0,6828136.99999996,2.7220450266432764e-15,51.600000000000136,180.0,0.0,327.2882539080153
80920.0,6828137.000000021,6.441842178133655e-15,51.60000000000014,180.0,0.0,327.9293722189667
80930.0,6828136.99999995,2.0762762359089237e-15,51.60000000000014,180.0,0.0,328.5704905299182
80940.0,6828136.999999946,2.0465306822029773e-15,51.600000000000136,180.0,0.0,329.2116088408696
80950.0,6828136.999999937,1.7057046970194514e-15,51.600000000000136,180.0,0.0,329.852727151821
80960.0,6828136.999999912,1.9535431370675674e-15,51.600000000000136,180.0,0.0,330.4938454627725
80970.0,6828136.999999958,2.516735986146663e-15,51.600000000000136,180.0,0.0,331.1349637737239
80980.0,6828137.000000021,6.497772402342765e-15,51.600000000000136,180.0,0.0,331.77608208467535
80990.0,6828136.999999951,2.0496630907811996e-15,51.600000000000136,180.0,0.0,332.41720039562676
81000.0,6828136.999999944,1.6658166308079312e-15,51.600000000000136,180.0,0.0,333.05831870657823
81010.0,6828136.999999936,1.450673340432541e-15,51.600000000000136,180.0,0.0,333.69943701752965
81020.0,6828136.999999918,1.312169416625688e-15,51.60000000000014,180.0,0.0,334.34055532848106
81030.0,6828136.999999958,2.4622418767778266e-15,51.600000000000136,180.0,0.0,334.98167363943253
81040.0,6828137.000000023,6.742528603428387e-15,51.600000000000136,180.0,0.0,335.62279195038394
81050.0,6828136.999999951,2.1413495579230622e-15,51.600000000000136,180.0,0.0,336.26391026133535
81060.0,6828136.999999946,1.8394498521740734e-15,51.60000000000014,180.0,0.0,336.9050285722869
81070.0,6828136.99999994,1.7481078839450568e-15,51.600000000000136,180.0,0.0,337.54614688323824
81080.0,6828136.999999918,1.3743652415578553e-15,51.60000000000013,180.0,0.0,338.18726519418976
81090.0,6828136.99999996,2.6597251625747825e-15,51.600000000000136,180.0,0.0,338.8283835051411
81100.0,6828137.000000023,6.8429819751492614e-15,51.600000000000136,180.0,0.0,339.4695018160926
81110.0,6828136.9999999525,2.2536622327326284e-15,51.600000000000136,180.0,0.0,340.110620127044
81120.0,6828136.999999946,1.8471110261560547e-15,51.60000000000013,180.0,0.0,340.7517384379954
81130.0,6828136.9999999385,1.568001944697788e-15,51.60000000000013,180.0,0.0,341.3928567489469
81140.0,6828136.99999992,1.0714257632754123e-15,51.600000000000136,180.0,0.0,342.0339750598983
81150.0,6828136.999999962,2.7632085866414236e-15,51.60000000000013,180.0,0.0,342.67509337084977
81160.0,6828137.000000022,6.752643367012303e-15,51.600000000000136,180.0,0.0,343.31621168180124
81170.0,6828136.999999951,1.9641578365172532e-15,51.600000000000136,180.0,0.0,343.95732999275265
81180.0,6828136.999999948,1.8713005064692362e-15,51.60000000000013,180.0,0.0,344.5984483037041
81190.0,6828136.99999994,1.5450485528777827e-15,51.60000000000013,180.0,0.0,345.2395666146555
81200.0,6828136.999999918,9.105107020085004e-16,51.600000000000136,180.0,0.0,345.88068492560694
81210.0,6828136.999999963,3.0489625360036165e-15,51.600000000000136,180.0,0.0,346.5218032365584
81220.0,6828137.000000022,6.732005979824631e-15,51.60000000000013,180.0,0.0,347.1629215475098
81230.0,6828136.999999954,2.2046480099352554e-15,51.600000000000136,180.0,0.0,347.8040398584612
81240.0,6828136.999999948,1.7151747272856272e-15,51.60000000000013,180.0,0.0,348.4451581694127
81250.0,6828136.9999999385,1.244750635745531e-15,51.600000000000136,180.0,0.0,349.0862764803642
81260.0,6828136.99999992,6.002673372729184e-16,51.600000000000136,180.0,0.0,349.72739479131553
81270.0,6828136.999999963,3.002882060403783e-15,51.600000000000136,180.0,0.0,350.368513102267
81280.0,6828137.000000022,6.6958149186456506e-15,51.60000000000014,180.0,0.0,351.0096314132185
81290.0,6828136.999999951,1.89989714228722e-15,51.600000000000136,180.0,0.0,351.6507497241699
81300.0,6828136.99999995,1.8874299863450224e-15,51.600000000000136,180.0,0.0,352.2918680351213
81310.0,6828136.99999994,1.4128601464483766e-15,51.60000000000013,180.0,0.0,352.93298634607277
81320.0,6828136.99999992,4.605832520419173e-16,51.600000000000136,180.0,0.0,353.5741046570242
81330.0,6828136.999999962,2.7190612552398664e-15,51.600000000000136,180.0,0.0,354.2152229679756
81340.0,6828137.000000024,6.928102731636257e-15,51.600000000000136,180.0,0.0,354.85634127892706
81350.0,6828136.999999954,2.2093987846410006e-15,51.60000000000014,180.0,0.0,355.49745958987853
81360.0,6828136.99999995,1.833659740627942e-15,51.600000000000136,180.0,0.0,356.13857790082983
81370.0,6828136.99999994,1.3295010786642984e-15,51.60000000000013,180.0,0.0,356.7796962117814
81380.0,6828136.99999992,2.510652767453193e-16,51.600000000000136,180.0,0.0,357.4208145227327
81390.0,6828136.999999963,2.952981239263879e-15,51.600000000000136,180.0,0.0,358.06193283368407
81400.0,6828137.000000022,6.662661007867462e-15,51.600000000000136,180.0,0.0,358.7030511446356
81410.0,6828136.999999954,2.1900334794565596e-15,51.60000000000014,180.0,0.0,359.3441694555872
81420.0,6828136.99999995,1.8081642728602588e-15,51.600000000000136,180.0,0.0,359.9852877665419
81430.0,6828136.99999994,1.294679386113468e-15,51.60000000000013,180.0,0.0,359.3735939225108
81440.0,6828136.999999918,2.7242307691613657e-16,51.600000000000136,180.0,0.0,358.73247561155864
81450.0,6828136.999999965,3.069233994081391e-15,51.60000000000013,180.0,0.0,358.09135730060706
81460.0,6828137.000000022,6.6533370749512546e-15,51.600000000000136,180.0,0.0,357.4502389896558
81470.0,6828136.9999999525,1.9194038437271553e-15,51.600000000000136,180.0,0.0,356.8091206787044
81480.0,6828136.999999948,1.536270669637904e-15,51.600000000000136,180.0,0.0,356.1680023677527
81490.0,6828136.999999942,1.4054426409992376e-15,51.600000000000136,180.0,0.0,355.52688405680135
81500.0,6828136.99999992,1.6327652150025172e-16,51.60000000000013,180.0,0.0,5.114234254150078
81510.0,6828136.999999963,2.8113743334606963e-15,51.60000000000013,180.0,0.0,5.755352565101484
81520.0,6828137.000000022,6.63756790101658e-15,51.600000000000136,180.0,0.0,353.60352912394717
81530.0,6828136.999999951,1.789306586189939e-15,51.600000000000136,180.0,0.0,7.037589187004327
81540.0,6828136.999999948,1.5357877230523749e-15,51.600000000000136,180.0,0.0,7.678707497955762
81550.0,6828136.99999994,1.1637803458959818e-15,51.60000000000013,180.0,0.0,8.319825808907256
81560.0,6828136.99999992,4.50582046654503e-16,51.60000000000013,180.0,0.0,8.960944119858622
81570.0,6828136.999999963,2.85106826373245e-15,51.60000000000013,180.0,0.0,9.602062430810086
81580.0,6828137.000000024,6.768522444503807e-15,51.60000000000013,180.0,0.0,10.2431807417615
81590.0,6828136.999999956,2.331751196533904e-15,51.60000000000013,180.0,0.0,10.884299052712981
81600.0,6828136.99999995,1.7200355377021618e-15,51.600000000000136,180.0,0.0,11.525417363664397
81610.0,6828136.99999994,1.266591102200261e-15,51.600000000000136,180.0,0.0,12.166535674615837
81620.0,6828136.99999992,7.36660579963256e-16,51.600000000000136,180.0,0.0,12.807653985567265
81630.0,6828136.999999963,2.9017522148422577e-15,51.600000000000136,180.0,0.0,13.448772296518662
81640.0,6828137.000000022,6.654330485323235e-15,51.600000000000136,180.0,0.0,14.089890607470114
81650.0,6828136.999999954,2.140841749560449e-15,51.60000000000013,180.0,0.0,14.731008918421582
81660.0,6828136.99999995,1.6654205698503752e-15,51.600000000000136,180.0,0.0,15.372127229373017
81670.0,6828136.9999999385,1.145299033159895e-15,51.60000000000013,180.0,0.0,16.013245540324412
81680.0,6828136.99999992,8.359888731435251e-16,51.60000000000013,180.0,0.0,16.654363851275864
81690.0,6828136.999999965,3.0617604926373843e-15,51.600000000000136,180.0,0.0,17.29548216222728
81700.0,6828137.000000026,6.929549101088814e-15,51.600000000000136,180.0,0.0,17.93660047317876
81710.0,6828136.999999954,2.2311113622174622e-15,51.600000000000136,180.0,0.0,18.5777187841302
81720.0,6828136.999999951,2.0185270234201303e-15,51.600000000000136,180.0,0.0,19.218837095081625
81730.0,6828136.999999942,1.6654740191301547e-15,51.600000000000136,180.0,0.0,19.859955406033055
81740.0,6828136.99999992,1.3213553597055944e-15,51.600000000000136,180.0,0.0,20.501073716984486
81750.0,6828136.999999965,3.2796296010939683e-15,51.60000000000014,180.0,0.0,21.14219202793591
81760.0,6828137.000000028,7.11344059567647e-15,51.60000000000014,180.0,0.0,21.783310338887343
81770.0,6828136.999999956,2.5406196612076726e-15,51.60000000000014,180.0,0.0,22.424428649838816
81780.0,6828136.999999951,2.2492209704584454e-15,51.600000000000136,180.0,0.0,23.065546960790225
81790.0,6828136.9999999385,1.6143165296593316e-15,51.600000000000136,180.0,0.0,23.706665271741677
81800.0,6828136.999999925,1.58783413354242e-15,51.60000000000014,180.0,0.0,24.347783582693115
81810.0,6828136.999999963,2.945414911501581e-15,51.60000000000014,180.0,0.0,24.988901893644535
81820.0,6828137.000000029,7.13001894915212e-15,51.60000000000014,180.0,0.0,25.630020204595983
81830.0,6828136.999999956,2.5631575669419622e-15,51.600000000000136,180.0,0.0,26.271138515547403
81840.0,6828136.999999951,2.3390752547682857e-15,51.600000000000136,180.0,0.0,26.912256826498854
81850.0,6828136.999999944,2.076406109055685e-15,51.600000000000136,180.0,0.0,27.55337513745027
81860.0,6828136.999999923,1.6509659736472704e-15,51.600000000000136,180.0,0.0,28.19449344840172
81870.0,6828136.999999965,3.0580281086626493e-15,51.60000000000014,180.0,0.0,28.835611759353128
81880.0,6828137.000000027,6.860600816849879e-15,51.600000000000136,180.0,0.0,29.476730070304583
81890.0,6828136.999999956,2.493992513341409e-15,51.60000000000014,180.0,0.0,30.117848381256028
81900.0,6828136.999999951,2.188244947333251e-15,51.600000000000136,180.0,0.0,30.75896669220747
81910.0,6828136.999999946,2.0165584970892615e-15,51.600000000000136,180.0,0.0,31.400085003158907
81920.0,6828136.999999923,1.6701466971200467e-15,51.60000000000014,180.0,0.0,32.041203314110334
81930.0,6828136.999999963,2.980767004564292e-15,51.600000000000136,180.0,0.0,32.68232162506177
81940.0,6828137.000000027,6.80564166021099e-15,51.600000000000136,180.0,0.0,33.32343993601321
81950.0,6828136.999999956,2.5277300942591533e-15,51.60000000000013,180.0,0.0,33.96455824696465
81960.0,6828136.999999951,2.3563449306931664e-15,51.600000000000136,180.0,0.0,34.605676557916084
81970.0,6828136.999999942,1.9906880189823004e-15,51.60000000000013,180.0,0.0,35.246794868867504
81980.0,6828136.999999922,1.9791657440051132e-15,51.600000000000136,180.0,0.0,35.88791317981895
81990.0,6828136.999999965,3.065169325082752e-15,51.600000000000136,180.0,0.0,36.529031490770386
82000.0,6828137.000000027,6.837649451029036e-15,51.600000000000136,180.0,0.0,37.170149801721806
82010.0,6828136.999999956,2.5781774714963047e-15,51.60000000000013,180.0,0.0,37.811268112673254
82020.0,6828136.999999951,2.3517612469594263e-15,51.600000000000136,180.0,0.0,38.452386423624695
82030.0,6828136.999999944,2.036258615445183e-15,51.600000000000136,180.0,0.0,39.093504734576115
82040.0,6828136.999999922,2.195986497793982e-15,51.600000000000136,180.0,0.0,39.734623045527556
82050.0,6828136.999999965,3.1897028728523996e-15,51.60000000000013,180.0,0.0,40.37574135647899
82060.0,6828137.000000027,6.662639702785864e-15,51.600000000000136,180.0,0.0,41.01685966743042
82070.0,6828136.999999957,2.7459105415664813e-15,51.60000000000013,180.0,0.0,41.657977978381865
82080.0,6828136.999999952,2.5614841862925683e-15,51.60000000000013,180.0,0.0,42.2990962893333
82090.0,6828136.999999943,2.298933906137902e-15,51.600000000000136,180.0,0.0,42.940214600284726
82100.0,6828136.999999922,2.6061787333263455e-15,51.600000000000136,180.0,0.0,43.58133291123616
82110.0,6828136.999999967,3.5022950401220114e-15,51.60000000000013,180.0,0.0,44.22245122218761
82120.0,6828137.000000025,6.399346555260972e-15,51.600000000000136,180.0,0.0,44.863569533139035
82130.0,6828136.999999955,2.845503704405453e-15,51.600000000000136,180.0,0.0,45.504687844090476
82140.0,6828136.99999995,2.601585800818672e-15,51.600000000000136,180.0,0.0,46.14580615504191
82150.0,6828136.999999945,2.495822870025958e-15,51.60000000000013,180.0,0.0,46.78692446599335
82160.0,6828136.999999923,2.8181826761679534e-15,51.600000000000136,180.0,0.0,47.4280427769448
82170.0,6828136.999999967,3.4006682960979883e-15,51.600000000000136,180.0,0.0,48.06916108789623
82180.0,6828137.000000028,6.497997396155527e-15,51.600000000000136,180.0,0.0,48.71027939884765
82190.0,6828136.999999957,2.792428668433604e-15,51.60000000000013,180.0,0.0,49.351397709799095
82200.0,6828136.999999952,2.6435848553944563e-15,51.600000000000136,180.0,0.0,49.99251602075052
82210.0,6828136.999999943,2.5523654804798934e-15,51.600000000000136,180.0,0.0,50.63363433170196
82220.0,6828136.999999923,2.8610465845800022e-15,51.600000000000136,180.0,0.0,51.27475264265339
82230.0,6828136.999999966,3.1567353215564314e-15,51.60000000000013,180.0,0.0,51.91587095360483
82240.0,6828137.000000028,6.37614868050112e-15,51.600000000000136,180.0,0.0,52.55698926455626
82250.0,6828136.999999957,2.6516103289519873e-15,51.60000000000013,180.0,0.0,53.19810757550769
82260.0,6828136.99999995,2.5049800202159648e-15,51.600000000000136,180.0,0.0,53.83922588645912
82270.0,6828136.999999943,2.509309711406392e-15,51.600000000000136,180.0,0.0,54.48034419741056
82280.0,6828136.999999921,3.1588130405922125e-15,51.600000000000136,180.0,0.0,55.12146250836199
82290.0,6828136.999999965,3.1790709231973673e-15,51.600000000000136,180.0,0.0,55.762580819313435
82300.0,6828137.000000024,5.948556008707404e-15,51.600000000000136,180.0,0.0,56.40369913026486
82310.0,6828136.999999958,2.929086680797172e-15,51.600000000000136,180.0,0.0,57.0448174412163
82320.0,6828136.99999995,2.7340682421870567e-15,51.600000000000136,180.0,0.0,57.68593575216773
82330.0,6828136.999999944,2.70177289650335e-15,51.600000000000136,180.0,0.0,58.327054063119164
82340.0,6828136.999999919,3.4080488608456625e-15,51.600000000000136,180.0,0.0,58.968172374070605
82350.0,6828136.999999965,3.2762939511327663e-15,51.600000000000136,180.0,0.0,59.60929068502204
82360.0,6828137.000000022,5.6573182643421726e-15,51.600000000000136,180.0,0.0,60.25040899597347
82370.0,6828136.999999958,2.99846433192318e-15,51.60000000000013,180.0,0.0,60.891527306924914
82380.0,6828136.99999995,2.9659412297745574e-15,51.600000000000136,180.0,0.0,61.532645617876334
82390.0,6828136.999999944,2.9623072444747692e-15,51.600000000000136,180.0,0.0,62.17376392882778
82400.0,6828136.999999922,3.5317716680997633e-15,51.60000000000013,180.0,0.0,62.81488223977922
82410.0,6828136.999999965,3.2786347914326212e-15,51.60000000000013,180.0,0.0,63.45600055073064
82420.0,6828137.000000027,5.8396522793111064e-15,51.60000000000013,180.0,0.0,64.09711886168206
82430.0,6828136.999999956,2.936064739900503e-15,51.60000000000013,180.0,0.0,64.7382371726335
82440.0,6828136.999999951,2.9482268899760486e-15,51.600000000000136,180.0,0.0,65.37935548358494
82450.0,6828136.999999942,2.9410635870872753e-15,51.60000000000013,180.0,0.0,66.02047379453637
82460.0,6828136.999999922,3.4066160979448722e-15,51.60000000000013,180.0,0.0,66.6615921054878
82470.0,6828136.999999965,2.995491721465109e-15,51.60000000000013,180.0,0.0,67.30271041643924
82480.0,6828137.000000027,5.661813585861364e-15,51.600000000000136,180.0,0.0,67.94382872739068
82490.0,6828136.999999956,2.8296993008942254e-15,51.600000000000136,180.0,0.0,68.58494703834211
82500.0,6828136.999999951,2.7769112974012147e-15,51.600000000000136,180.0,0.0,69.22606534929355
82510.0,6828136.99999994,3.013460753473639e-15,51.60000000000013,180.0,0.0,69.86718366024498
82520.0,6828136.999999922,3.6818384008567804e-15,51.60000000000013,180.0,0.0,70.5083019711964
82530.0,6828136.999999965,3.071837281018596e-15,51.60000000000013,180.0,0.0,71.14942028214784
82540.0,6828137.000000029,5.741791157518945e-15,51.60000000000013,180.0,0.0,71.79053859309928
82550.0,6828136.999999955,2.8805612351023604e-15,51.60000000000013,180.0,0.0,72.43165690405071
82560.0,6828136.999999952,2.877490384522199e-15,51.600000000000115,180.0,0.0,73.07277521500215
82570.0,6828136.999999941,3.101960541023558e-15,51.60000000000013,180.0,0.0,73.71389352595358
82580.0,6828136.99999992,3.9281807089154146e-15,51.600000000000115,180.0,0.0,74.355011836905
82590.0,6828136.999999964,2.8005365624458816e-15,51.60000000000013,180.0,0.0,74.99613014785643
82600.0,6828137.000000025,5.0825559245932304e-15,51.600000000000136,180.0,0.0,75.63724845880787
82610.0,6828136.999999955,2.842781642038285e-15,51.60000000000013,180.0,0.0,76.27836676975932
82620.0,6828136.999999949,2.9096490484362545e-15,51.600000000000115,180.0,0.0,76.91948508071074
82630.0,6828136.999999945,3.0491306933411566e-15,51.600000000000136,180.0,0.0,77.56060339166218
82640.0,6828136.999999923,3.8857642728226045e-15,51.600000000000136,180.0,0.0,78.20172170261363
82650.0,6828136.999999966,3.031941748910451e-15,51.60000000000013,180.0,0.0,78.84284001356505
82660.0,6828137.000000025,4.9703051102513605e-15,51.60000000000013,180.0,0.0,79.48395832451648
82670.0,6828136.999999955,2.8450841855622497e-15,51.60000000000013,180.0,0.0,80.12507663546792
82680.0,6828136.99999995,2.9154547988689304e-15,51.600000000000136,180.0,0.0,80.76619494641933
82690.0,6828136.999999945,3.0128800833155746e-15,51.60000000000013,180.0,0.0,81.40731325737077
82700.0,6828136.999999923,3.883936084773466e-15,51.600000000000115,180.0,0.0,82.04843156832221
82710.0,6828136.999999963,2.8192669433035798e-15,51.60000000000013,180.0,0.0,82.68954987927364
82720.0,6828137.000000027,5.011272303937773e-15,51.600000000000115,180.0,0.0,83.33066819022507
82730.0,6828136.999999953,2.8831373510360886e-15,51.60000000000013,180.0,0.0,83.97178650117651
82740.0,6828136.999999949,3.0473776330382546e-15,51.60000000000013,180.0,0.0,84.61290481212794
82750.0,6828136.999999943,3.164833386767232e-15,51.600000000000136,180.0,0.0,85.25402312307936
82760.0,6828136.999999921,4.09090238526384e-15,51.600000000000136,180.0,0.0,85.89514143403079
82770.0,6828136.999999966,2.8040971552025314e-15,51.60000000000013,180.0,0.0,86.53625974498223
82780.0,6828137.000000026,4.711522428223346e-15,51.60000000000013,180.0,0.0,87.17737805593366
82790.0,6828136.999999955,2.8927029200215297e-15,51.60000000000013,180.0,0.0,87.8184963668851
82800.0,6828136.999999949,3.1029826740340727e-15,51.60000000000013,180.0,0.0,88.45961467783654
82810.0,6828136.999999943,3.1951423426391752e-15,51.600000000000115,180.0,0.0,89.10073298878797
82820.0,6828136.999999919,4.337582116423505e-15,51.60000000000013,180.0,0.0,89.7418512997394
82830.0,6828136.999999964,2.7546957233904867e-15,51.60000000000013,180.0,0.0,90.38296961069084
82840.0,6828137.000000022,4.271475763871202e-15,51.60000000000013,180.0,0.0,91.02408792164228
82850.0,6828136.999999954,3.0010629455485847e-15,51.60000000000013,180.0,0.0,91.6652062325937
82860.0,6828136.99999995,3.136814929124904e-15,51.600000000000115,180.0,0.0,92.30632454354513
82870.0,6828136.999999942,3.4042002878346347e-15,51.600000000000136,180.0,0.0,92.94744285449656
82880.0,6828136.999999919,4.630251209958671e-15,51.60000000000013,180.0,0.0,93.58856116544798
82890.0,6828136.999999963,2.9895542130416767e-15,51.60000000000013,180.0,0.0,94.22967947639943
82900.0,6828137.000000022,4.1622124968132266e-15,51.60000000000013,180.0,0.0,94.87079778735085
82910.0,6828136.999999956,3.0997042316489334e-15,51.60000000000013,180.0,0.0,95.5119160983023
82920.0,6828136.99999995,3.2946233471456126e-15,51.60000000000013,180.0,0.0,96.15303440925372
82930.0,6828136.999999942,3.4921914178736836e-15,51.600000000000136,180.0,0.0,96.79415272020515
82940.0,6828136.99999992,4.5636409705123746e-15,51.600000000000136,180.0,0.0,97.43527103115659
82950.0,6828136.999999965,2.754727655590191e-15,51.60000000000013,180.0,0.0,98.07638934210802
82960.0,6828137.000000023,3.97222059412779e-15,51.60000000000013,180.0,0.0,98.71750765305944
82970.0,6828136.999999956,2.9697997832877245e-15,51.60000000000013,180.0,0.0,99.35862596401088
82980.0,6828136.999999948,3.3411337690515683e-15,51.60000000000013,180.0,0.0,99.99974427496231
82990.0,6828136.999999942,3.5255756847938036e-15,51.60000000000013,180.0,0.0,100.64086258591374
83000.0,6828136.99999992,4.64383688801381e-15,51.60000000000013,180.0,0.0,101.28198089686518
83010.0,6828136.999999963,2.8503250314139235e-15,51.60000000000013,180.0,0.0,101.9230992078166
83020.0,6828137.000000027,4.055954544253745e-15,51.600000000000136,180.0,0.0,102.56421751876802
83030.0,6828136.999999954,3.1032759399988973e-15,51.60000000000013,180.0,0.0,103.20533582971946
83040.0,6828136.999999951,3.19350964882001e-15,51.600000000000136,180.0,0.0,103.8464541406709
83050.0,6828136.999999942,3.492391850470255e-15,51.60000000000013,180.0,0.0,104.48757245162233
83060.0,6828136.999999922,4.5292598822161104e-15,51.60000000000013,180.0,0.0,105.12869076257374
83070.0,6828136.999999965,2.691527797565987e-15,51.60000000000013,180.0,0.0,105.76980907352518
83080.0,6828137.000000027,3.899103969803671e-15,51.60000000000013,180.0,0.0,106.41092738447661
83090.0,6828136.999999956,3.007797772549065e-15,51.60000000000013,180.0,0.0,107.05204569542805
83100.0,6828136.999999951,3.2308690258164743e-15,51.600000000000136,180.0,0.0,107.69316400637948
83110.0,6828136.999999942,3.688697352251828e-15,51.60000000000013,180.0,0.0,108.3342823173309
83120.0,6828136.99999992,4.88745274847429e-15,51.60000000000013,180.0,0.0,108.97540062828234
83130.0,6828136.999999965,2.906147527971393e-15,51.60000000000013,180.0,0.0,109.61651893923377
83140.0,6828137.000000025,3.6684938984012754e-15,51.60000000000013,180.0,0.0,110.2576372501852
83150.0,6828136.999999955,3.1614615199721114e-15,51.60000000000013,180.0,0.0,110.89875556113664
83160.0,6828136.99999995,3.4492201560704346e-15,51.60000000000013,180.0,0.0,111.53987387208805
83170.0,6828136.999999941,3.806402156063282e-15,51.60000000000013,180.0,0.0,112.18099218303949
83180.0,6828136.999999918,5.2592154448096695e-15,51.60000000000013,180.0,0.0,112.82211049399093
83190.0,6828136.999999966,3.010613153870506e-15,51.60000000000013,180.0,0.0,113.46322880494236
83200.0,6828137.000000023,3.5090799249799237e-15,51.600000000000136,180.0,0.0,114.10434711589379
83210.0,6828136.999999955,3.3655588714326523e-15,51.60000000000013,180.0,0.0,114.74546542684521
83220.0,6828136.999999949,3.712681175893087e-15,51.600000000000115,180.0,0.0,115.38658373779666
83230.0,6828136.999999941,3.914072373415503e-15,51.60000000000013,180.0,0.0,116.02770204874808
83240.0,6828136.999999921,5.0541139627551074e-15,51.60000000000013,180.0,0.0,116.6688203596995
83250.0,6828136.999999964,2.82402880672297e-15,51.60000000000013,180.0,0.0,117.30993867065094
83260.0,6828137.000000023,3.2273492219789684e-15,51.60000000000013,180.0,0.0,117.95105698160238
83270.0,6828136.999999955,3.3202955460486055e-15,51.60000000000013,180.0,0.0,118.5921752925538
83280.0,6828136.99999995,3.6734435425520346e-15,51.600000000000115,180.0,0.0,119.23329360350525
83290.0,6828136.999999941,4.117453272619089e-15,51.60000000000013,180.0,0.0,119.87441191445666
83300.0,6828136.999999921,5.109768284613662e-15,51.600000000000115,180.0,0.0,120.51553022540809
83310.0,6828136.999999964,2.8172382212112884e-15,51.600000000000115,180.0,0.0,121.15664853635953
83320.0,6828137.000000025,3.1755701978021878e-15,51.600000000000115,180.0,0.0,121.79776684731094
83330.0,6828136.999999955,3.332349681065436e-15,51.60000000000013,180.0,0.0,122.43888515826238
83340.0,6828136.99999995,3.606487588597469e-15,51.600000000000115,180.0,0.0,123.0800034692138
83350.0,6828136.999999941,4.079698248730395e-15,51.60000000000013,180.0,0.0,123.72112178016525
83360.0,6828136.999999921,5.163645274604337e-15,51.600000000000115,180.0,0.0,124.36224009111669
83370.0,6828136.999999963,3.0057511041050738e-15,51.600000000000115,180.0,0.0,125.0033584020681
83380.0,6828137.000000024,2.796531071532216e-15,51.600000000000115,180.0,0.0,125.6444767130195
83390.0,6828136.999999953,3.4811526682363655e-15,51.60000000000013,180.0,0.0,126.28559502397097
83400.0,6828136.99999995,3.6081010452228345e-15,51.60000000000011,180.0,0.0,126.92671333492241
83410.0,6828136.999999943,3.9733118539186306e-15,51.60000000000013,180.0,0.0,127.56783164587381
83420.0,6828136.999999919,5.437975599542459e-15,51.600000000000115,180.0,0.0,128.20894995682525
83430.0,6828136.999999964,2.8520333687835577e-15,51.600000000000115,180.0,0.0,128.85006826777666
83440.0,6828137.000000026,2.823857532831389e-15,51.600000000000115,180.0,0.0,129.4911865787281
83450.0,6828136.999999955,3.2920750500194286e-15,51.60000000000011,180.0,0.0,130.13230488967955
83460.0,6828136.999999949,3.730121740932846e-15,51.600000000000115,180.0,0.0,130.773423200631
83470.0,6828136.999999941,4.217437239578072e-15,51.60000000000013,180.0,0.0,131.41454151158237
83480.0,6828136.999999921,5.454299170997468e-15,51.60000000000011,180.0,0.0,132.0556598225338
83490.0,6828136.999999964,3.025280891579091e-15,51.60000000000011,180.0,0.0,132.69677813348525
83500.0,6828137.000000026,2.9226620872928302e-15,51.600000000000115,180.0,0.0,133.3378964444367
83510.0,6828136.999999955,3.4128052118229692e-15,51.600000000000115,180.0,0.0,133.9790147553881
83520.0,6828136.99999995,3.805273667428536e-15,51.60000000000011,180.0,0.0,134.62013306633958
83530.0,6828136.999999941,4.1983801053346326e-15,51.60000000000011,180.0,0.0,135.261251377291
83540.0,6828136.999999921,5.367536737900462e-15,51.60000000000011,180.0,0.0,135.9023696882424
83550.0,6828136.999999965,2.7468874370285594e-15,51.60000000000011,180.0,0.0,136.54348799919381
83560.0,6828137.000000024,2.3981385011993548e-15,51.600000000000115,180.0,0.0,137.18460631014523
83570.0,6828136.999999956,3.2906595811205842e-15,51.60000000000011,180.0,0.0,137.8257246210967
83580.0,6828136.999999951,3.697094213844437e-15,51.60000000000011,180.0,0.0,138.46684293204814
83590.0,6828136.999999942,4.13235715045823e-15,51.600000000000115,180.0,0.0,139.10796124299958
83600.0,6828136.999999919,5.7150402107772755e-15,51.600000000000115,180.0,0.0,139.749079553951
83610.0,6828136.999999965,3.1119629620661033e-15,51.60000000000011,180.0,0.0,140.3901978649024
83620.0,6828137.000000024,2.5013236837488358e-15,51.60000000000011,180.0,0.0,141.03131617585382
83630.0,6828136.999999954,3.679214733263512e-15,51.60000000000011,180.0,0.0,141.6724344868053
83640.0,6828136.999999951,3.711622355121776e-15,51.600000000000115,180.0,0.0,142.3135527977567
83650.0,6828136.999999944,4.2090367183026025e-15,51.600000000000115,180.0,0.0,142.95467110870814
83660.0,6828136.999999923,5.504242137633885e-15,51.600000000000115,180.0,0.0,143.59578941965958
83670.0,6828136.9999999665,2.8721721594778564e-15,51.60000000000011,180.0,0.0,144.236907730611
83680.0,6828137.000000025,2.2049360388599136e-15,51.600000000000115,180.0,0.0,144.8780260415624
83690.0,6828136.999999958,3.4352958089667815e-15,51.60000000000011,180.0,0.0,145.51914435251382
83700.0,6828136.99999995,4.072443249135318e-15,51.60000000000011,180.0,0.0,146.1602626634653
83710.0,6828136.999999942,4.452825287989715e-15,51.600000000000115,180.0,0.0,146.8013809744167
83720.0,6828136.999999922,5.667183105558923e-15,51.600000000000115,180.0,0.0,147.44249928536814
83730.0,6828136.999999965,3.180508680437501e-15,51.60000000000011,180.0,0.0,148.08361759631956
83740.0,6828137.000000027,2.2874688732132276e-15,51.60000000000011,180.0,0.0,148.72473590727097
83750.0,6828136.999999954,3.836825281516488e-15,51.60000000000011,180.0,0.0,149.36585421822244
83760.0,6828136.999999951,3.926586800274708e-15,51.600000000000115,180.0,0.0,150.00697252917385
83770.0,6828136.999999942,4.558939047788444e-15,51.600000000000115,180.0,0.0,150.64809084012526
83780.0,6828136.999999922,5.790699196616444e-15,51.600000000000115,180.0,0.0,151.2892091510767
83790.0,6828136.9999999665,3.0392780214893673e-15,51.600000000000115,180.0,0.0,151.93032746202815
83800.0,6828137.000000025,2.0584864119143665e-15,51.600000000000115,180.0,0.0,152.5714457729796
83810.0,6828136.999999956,3.735264916610552e-15,51.600000000000115,180.0,0.0,153.21256408393103
83820.0,6828136.99999995,4.157897631841346e-15,51.600000000000115,180.0,0.0,153.85368239488244
83830.0,6828136.999999944,4.544732658417597e-15,51.600000000000115,180.0,0.0,154.49480070583385
83840.0,6828136.999999922,5.74193616538838e-15,51.600000000000115,180.0,0.0,155.1359190167853
83850.0,6828136.999999965,3.1130930536563136e-15,51.600000000000115,180.0,0.0,155.77703732773674
83860.0,6828137.000000025,1.83535868261616e-15,51.600000000000115,180.0,0.0,156.41815563868818
83870.0,6828136.999999956,3.760024407431686e-15,51.60000000000011,180.0,0.0,157.0592739496396
83880.0,6828136.999999951,4.092226337643039e-15,51.600000000000115,180.0,0.0,157.70039226059103
83890.0,6828136.999999944,4.478428619548288e-15,51.600000000000115,180.0,0.0,158.34151057154247
83900.0,6828136.99999992,6.059388333933777e-15,51.60000000000013,180.0,0.0,158.98262888249386
83910.0,6828136.999999965,3.1235165364263983e-15,51.60000000000013,180.0,0.0,159.62374719344533
83920.0,6828137.000000025,1.6079049118100876e-15,51.60000000000013,180.0,0.0,160.26486550439674
83930.0,6828136.999999958,3.549218524602276e-15,51.60000000000013,180.0,0.0,160.90598381534815
83940.0,6828136.999999952,4.005187224328321e-15,51.60000000000013,180.0,0.0,161.54710212629956
83950.0,6828136.999999942,4.626350618233131e-15,51.600000000000115,180.0,0.0,162.18822043725103
83960.0,6828136.999999922,5.8744553371821286e-15,51.600000000000115,180.0,0.0,162.82933874820245
83970.0,6828136.999999965,3.0188398412305926e-15,51.600000000000115,180.0,0.0,163.4704570591539
83980.0,6828137.000000029,1.6014781688300346e-15,51.600000000000115,180.0,0.0,164.11157537010527
83990.0,6828136.999999958,3.4722612196645376e-15,51.60000000000013,180.0,0.0,164.7526936810567
84000.0,6828136.999999952,3.9543447261880216e-15,51.600000000000115,180.0,0.0,165.39381199200812
84010.0,6828136.999999944,4.427941323833756e-15,51.600000000000115,180.0,0.0,166.03493030295954
84020.0,6828136.999999922,5.810690746307408e-15,51.60000000000013,180.0,0.0,166.67604861391104
84030.0,6828136.999999964,3.046347773526433e-15,51.600000000000115,180.0,0.0,167.31716692486248
84040.0,6828137.000000027,1.303111847393635e-15,51.600000000000115,180.0,0.0,167.95828523581386
84050.0,6828136.999999957,3.550060944855888e-15,51.600000000000115,180.0,0.0,168.59940354676533
84060.0,6828136.999999952,4.042177454054953e-15,51.60000000000011,180.0,0.0,169.24052185771671
84070.0,6828136.999999941,4.660449434953018e-15,51.60000000000011,180.0,0.0,169.88164016866813
84080.0,6828136.99999992,6.063933419401896e-15,51.60000000000011,180.0,0.0,170.52275847961954
84090.0,6828136.999999963,3.3284770191207007e-15,51.60000000000011,180.0,0.0,171.16387679057107
84100.0,6828137.000000025,1.1478314752415467e-15,51.60000000000011,180.0,0.0,171.80499510152242
84110.0,6828136.999999953,4.049661627417252e-15,51.60000000000011,180.0,0.0,172.4461134124739
84120.0,6828136.999999952,4.0431970824644256e-15,51.600000000000115,180.0,0.0,173.08723172342525
84130.0,6828136.999999943,4.539933882378407e-15,51.60000000000011,180.0,0.0,173.72835003437672
84140.0,6828136.99999992,6.063216307465319e-15,51.60000000000011,180.0,0.0,174.36946834532807
84150.0,6828136.999999964,3.1465625412676327e-15,51.60000000000011,180.0,0.0,175.01058665627966
84160.0,6828137.000000025,9.50251108335285e-16,51.60000000000011,180.0,0.0,175.65170496723104
84170.0,6828136.999999957,3.615281105795793e-15,51.60000000000011,180.0,0.0,176.29282327818237
84180.0,6828136.999999952,3.988887120749398e-15,51.600000000000115,180.0,0.0,176.93394158913387
84190.0,6828136.999999943,4.492178499431869e-15,51.600000000000115,180.0,0.0,177.57505990008514
84200.0,6828136.999999922,5.89799220993409e-15,51.60000000000011,180.0,0.0,178.2161782110369
84210.0,6828136.999999966,2.980162343536879e-15,51.600000000000115,180.0,0.0,178.8572965219883
84220.0,6828137.000000027,1.0453974049499748e-15,51.60000000000011,180.0,0.0,179.49841483293952
84230.0,6828136.999999957,3.594742218991509e-15,51.60000000000011,180.0,0.0,179.86046685611095
84240.0,6828136.999999952,3.9716733974008345e-15,51.60000000000011,180.0,0.0,179.21934854515746
84250.0,6828136.999999943,4.605511728185993e-15,51.60000000000011,180.0,0.0,178.57823023420613
84260.0,6828136.999999922,5.8855857740759215e-15,51.60000000000011,180.0,0.0,177.93711192325486
84270.0,6828136.999999967,2.8304339841103824e-15,51.600000000000115,180.0,0.0,177.2959936123031
84280.0,6828137.000000027,1.0224870064575749e-15,51.60000000000011,180.0,0.0,176.6548753013521
84290.0,6828136.999999957,3.582112134676628e-15,51.60000000000011,180.0,0.0,176.01375699040045
84300.0,6828136.999999955,3.70594124708486e-15,51.60000000000011,180.0,0.0,175.3726386794488
84310.0,6828136.999999945,4.469210825628322e-15,51.60000000000011,180.0,0.0,174.7315203684975
84320.0,6828136.999999922,6.002425163604116e-15,51.60000000000011,180.0,0.0,174.09040205754613
84330.0,6828136.999999966,2.9397870052482835e-15,51.60000000000011,180.0,0.0,173.44928374659483
84340.0,6828137.000000027,1.0287487253830342e-15,51.60000000000011,180.0,0.0,187.19183456435672
84350.0,6828136.999999961,3.319472417317159e-15,51.60000000000011,180.0,0.0,172.16704712469178
84360.0,6828136.999999952,4.084411220881471e-15,51.60000000000011,180.0,0.0,171.52592881374042
84370.0,6828136.999999945,4.467120118072129e-15,51.60000000000011,180.0,0.0,189.115189497211
84380.0,6828136.999999925,5.743374950785208e-15,51.60000000000011,180.0,0.0,170.24369219183757
84390.0,6828136.999999967,2.8091884511148112e-15,51.60000000000011,180.0,0.0,190.39742611911385
84400.0,6828137.000000025,8.574807399780158e-16,51.60000000000011,180.0,0.0,191.03854443006526
84410.0,6828136.999999955,3.831015491989239e-15,51.6000000000001,180.0,0.0,191.67966274101667
84420.0,6828136.999999953,3.8351820306485775e-15,51.60000000000011,180.0,0.0,192.32078105196814
84430.0,6828136.999999945,4.473085575848138e-15,51.60000000000011,180.0,0.0,192.96189936291958
84440.0,6828136.999999919,6.25482764152025e-15,51.60000000000011,180.0,0.0,193.60301767387097
84450.0,6828136.999999963,3.320344991747139e-15,51.60000000000011,180.0,0.0,194.2441359848224
84460.0,6828137.000000025,8.343083147079984e-16,51.60000000000011,180.0,0.0,194.88525429577385
84470.0,6828136.999999955,3.835510447341213e-15,51.6000000000001,180.0,0.0,195.52637260672526
84480.0,6828136.99999995,4.219904657885354e-15,51.6000000000001,180.0,0.0,196.1674909176767
84490.0,6828136.999999941,4.733951703851374e-15,51.6000000000001,180.0,0.0,196.80860922862811
84500.0,6828136.99999992,6.1298738317095614e-15,51.60000000000011,180.0,0.0,197.44972753957956
84510.0,6828136.999999966,2.9458150229531035e-15,51.60000000000011,180.0,0.0,198.09084585053097
84520.0,6828137.000000027,1.1485635117491516e-15,51.60000000000011,180.0,0.0,198.73196416148238
84530.0,6828136.999999957,3.593510844372495e-15,51.6000000000001,180.0,0.0,199.37308247243382
84540.0,6828136.999999952,3.978458386077039e-15,51.60000000000011,180.0,0.0,200.01420078338526
84550.0,6828136.999999943,4.607829415945396e-15,51.6000000000001,180.0,0.0,200.65531909433673
84560.0,6828136.99999992,6.128524887675731e-15,51.60000000000011,180.0,0.0,201.29643740528812
84570.0,6828136.999999966,2.9450710055042894e-15,51.60000000000011,180.0,0.0,201.93755571623956
84580.0,6828137.000000025,1.0732085429866089e-15,51.60000000000011,180.0,0.0,202.57867402719097
84590.0,6828136.999999957,3.600894398074062e-15,51.60000000000011,180.0,0.0,203.2197923381424
84600.0,6828136.999999952,3.983092834417149e-15,51.60000000000011,180.0,0.0,203.86091064909382
84610.0,6828136.999999943,4.4931700964301965e-15,51.60000000000011,180.0,0.0,204.50202896004527
84620.0,6828136.999999918,6.264314614043284e-15,51.60000000000011,180.0,0.0,205.1431472709967
84630.0,6828136.999999964,3.098261079205731e-15,51.60000000000011,180.0,0.0,205.78426558194815
84640.0,6828137.000000025,1.172177730766829e-15,51.60000000000011,180.0,0.0,206.42538389289956
84650.0,6828136.999999955,3.864814205574784e-15,51.60000000000011,180.0,0.0,207.066502203851
84660.0,6828136.999999952,3.99399002206933e-15,51.60000000000011,180.0,0.0,207.70762051480241
84670.0,6828136.999999943,4.506810266328203e-15,51.60000000000011,180.0,0.0,208.34873882575383
84680.0,6828136.999999922,5.890457619131753e-15,51.60000000000011,180.0,0.0,208.98985713670527
84690.0,6828136.999999967,2.762348274369639e-15,51.60000000000011,180.0,0.0,209.6309754476567
84700.0,6828137.000000025,1.3641762409315218e-15,51.60000000000011,180.0,0.0,210.27209375860812
84710.0,6828136.999999955,3.779788738314854e-15,51.60000000000011,180.0,0.0,210.91321206955956
84720.0,6828136.999999952,4.043282486280632e-15,51.60000000000011,180.0,0.0,211.554330380511
84730.0,6828136.999999941,4.790818331123475e-15,51.6000000000001,180.0,0.0,212.19544869146245
84740.0,6828136.999999918,6.307103464160423e-15,51.60000000000011,180.0,0.0,212.83656700241383
84750.0,6828136.999999963,3.362120076326012e-15,51.60000000000011,180.0,0.0,213.47768531336524
84760.0,6828137.000000025,1.7370739000858063e-15,51.60000000000011,180.0,0.0,214.11880362431668
84770.0,6828136.999999955,3.874566688410399e-15,51.60000000000011,180.0,0.0,214.75992193526812
84780.0,6828136.99999995,4.256703240573783e-15,51.6000000000001,180.0,0.0,215.40104024621954
84790.0,6828136.999999941,4.759924279307705e-15,51.60000000000011,180.0,0.0,216.04215855717098
84800.0,6828136.99999992,6.104574101912375e-15,51.60000000000011,180.0,0.0,216.68327686812242
84810.0,6828136.999999966,3.0896599640078293e-15,51.60000000000011,180.0,0.0,217.32439517907386
84820.0,6828137.000000027,1.997367336200159e-15,51.60000000000011,180.0,0.0,217.96551349002527
84830.0,6828136.999999957,3.693700153090278e-15,51.60000000000011,180.0,0.0,218.6066318009767
84840.0,6828136.99999995,4.2011181082041166e-15,51.60000000000011,180.0,0.0,219.24775011192813
84850.0,6828136.999999944,4.5854311565251125e-15,51.60000000000011,180.0,0.0,219.88886842287957
84860.0,6828136.999999922,5.910802677304461e-15,51.60000000000011,180.0,0.0,220.529986733831
84870.0,6828136.999999965,3.2171551498253625e-15,51.60000000000011,180.0,0.0,221.17110504478242
84880.0,6828137.000000029,2.377014878225945e-15,51.60000000000011,180.0,0.0,221.81222335573386
84890.0,6828136.999999958,3.6617005877849206e-15,51.60000000000011,180.0,0.0,222.45334166668528
84900.0,6828136.999999951,4.175740152582112e-15,51.60000000000011,180.0,0.0,223.0944599776367
84910.0,6828136.999999944,4.553018374924573e-15,51.60000000000011,180.0,0.0,223.73557828858813
84920.0,6828136.99999992,5.9460311870482875e-15,51.60000000000011,180.0,0.0,224.37669659953954
84930.0,6828136.999999965,3.156626828928967e-15,51.60000000000011,180.0,0.0,225.01781491049098
84940.0,6828137.000000025,2.223565749110521e-15,51.60000000000011,180.0,0.0,225.65893322144242
84950.0,6828136.999999954,3.903024760659584e-15,51.60000000000011,180.0,0.0,226.30005153239387
84960.0,6828136.999999948,4.41205840930987e-15,51.60000000000011,180.0,0.0,226.94116984334528
84970.0,6828136.99999994,4.800763976112014e-15,51.6000000000001,180.0,0.0,227.5822881542967
84980.0,6828136.999999922,5.7222660362380996e-15,51.60000000000011,180.0,0.0,228.22340646524813
84990.0,6828136.999999965,3.0629293473601038e-15,51.60000000000011,180.0,0.0,228.86452477619957
85000.0,6828137.000000025,2.4572548274196247e-15,51.60000000000011,180.0,0.0,229.505643087151
85010.0,6828136.999999954,3.890793721640017e-15,51.60000000000011,180.0,0.0,230.14676139810243
85020.0,6828136.999999948,4.382585553477885e-15,51.60000000000011,180.0,0.0,230.78787970905387
85030.0,6828136.99999994,4.740014011020803e-15,51.60000000000011,180.0,0.0,231.4289980200053
85040.0,6828136.999999922,5.6204817255914886e-15,51.60000000000011,180.0,0.0,232.07011633095672
85050.0,6828136.999999965,3.0664332106253283e-15,51.60000000000011,180.0,0.0,232.7112346419081
85060.0,6828137.000000025,2.6122976662218843e-15,51.60000000000011,180.0,0.0,233.35235295285955
85070.0,6828136.9999999525,4.0446359227048724e-15,51.60000000000011,180.0,0.0,233.993471263811
85080.0,6828136.99999995,4.07348900417083e-15,51.60000000000011,180.0,0.0,234.63458957476243
85090.0,6828136.9999999385,4.906727663622177e-15,51.60000000000011,180.0,0.0,235.27570788571387
85100.0,6828136.99999992,5.779845610967749e-15,51.60000000000011,180.0,0.0,235.9168261966653
85110.0,6828136.999999965,2.9923867231439096e-15,51.60000000000011,180.0,0.0,236.55794450761672
85120.0,6828137.000000023,2.579428517806304e-15,51.60000000000011,180.0,0.0,237.1990628185681
85130.0,6828136.999999954,3.6596101505934935e-15,51.60000000000011,180.0,0.0,237.84018112951955
85140.0,6828136.99999995,4.000017966152171e-15,51.60000000000011,180.0,0.0,238.481299440471
85150.0,6828136.999999944,4.217633654454702e-15,51.60000000000011,180.0,0.0,239.12241775142243
85160.0,6828136.99999992,5.706710436151396e-15,51.60000000000011,180.0,0.0,239.76353606237387
85170.0,6828136.999999965,2.9551900840394342e-15,51.60000000000011,180.0,0.0,240.40465437332531
85180.0,6828137.000000024,2.7485908551702884e-15,51.60000000000011,180.0,0.0,241.04577268427673
85190.0,6828136.999999954,3.578664430674393e-15,51.60000000000011,180.0,0.0,241.68689099522817
85200.0,6828136.99999995,3.899614958823777e-15,51.6000000000001,180.0,0.0,242.3280093061796
85210.0,6828136.999999942,4.291357034659289e-15,51.6000000000001,180.0,0.0,242.969127617131
85220.0,6828136.999999919,5.657290692812634e-15,51.60000000000011,180.0,0.0,243.61024592808243
85230.0,6828136.999999965,3.026583928601383e-15,51.60000000000011,180.0,0.0,244.25136423903388
85240.0,6828137.000000024,3.073019666731621e-15,51.60000000000011,180.0,0.0,244.89248254998526
85250.0,6828136.999999955,3.511012583011772e-15,51.60000000000011,180.0,0.0,245.53360086093676
85260.0,6828136.99999995,3.831074730650335e-15,51.60000000000011,180.0,0.0,246.17471917188814
85270.0,6828136.999999941,4.347933110953033e-15,51.60000000000011,180.0,0.0,246.81583748283956
85280.0,6828136.999999921,5.3322932871116275e-15,51.60000000000011,180.0,0.0,247.456955793791
85290.0,6828136.999999964,3.0552062615512797e-15,51.60000000000011,180.0,0.0,248.09807410474244
85300.0,6828137.000000024,3.3471583723610844e-15,51.60000000000011,180.0,0.0,248.73919241569388
85310.0,6828136.999999953,3.772872124939597e-15,51.60000000000011,180.0,0.0,249.38031072664532
85320.0,6828136.99999995,3.867930017148753e-15,51.60000000000011,180.0,0.0,250.02142903759676
85330.0,6828136.999999941,4.4366556072165435e-15,51.60000000000011,180.0,0.0,250.66254734854817
85340.0,6828136.999999917,5.705044866989971e-15,51.60000000000011,180.0,0.0,251.30366565949961
85350.0,6828136.999999964,3.088781610655918e-15,51.60000000000011,180.0,0.0,251.94478397045106
85360.0,6828137.000000024,3.593121241748135e-15,51.60000000000011,180.0,0.0,252.58590228140244
85370.0,6828136.999999953,3.6702916863928535e-15,51.60000000000011,180.0,0.0,253.22702059235388
85380.0,6828136.999999949,3.945488312887479e-15,51.60000000000011,180.0,0.0,253.86813890330532
85390.0,6828136.999999941,4.26066080881168e-15,51.60000000000011,180.0,0.0,254.50925721425676
85400.0,6828136.999999924,4.79656144881894e-15,51.60000000000011,180.0,0.0,255.15037552520818
85410.0,6828136.999999963,3.1155276332146894e-15,51.60000000000011,180.0,0.0,255.79149383615962
85420.0,6828137.000000025,3.6971446819647866e-15,51.60000000000011,180.0,0.0,256.432612147111
85430.0,6828136.999999957,3.348274134685665e-15,51.60000000000011,180.0,0.0,257.07373045806247
85440.0,6828136.999999949,3.7820975321477536e-15,51.60000000000011,180.0,0.0,257.7148487690139
85450.0,6828136.999999941,4.061992777480354e-15,51.60000000000011,180.0,0.0,258.3559670799653
85460.0,6828136.999999921,5.009467913018129e-15,51.60000000000011,180.0,0.0,258.99708539091677
85470.0,6828136.999999964,2.806839050214875e-15,51.60000000000011,180.0,0.0,259.6382037018682
85480.0,6828137.000000023,3.686409486625563e-15,51.60000000000011,180.0,0.0,260.27932201281965
85490.0,6828136.999999953,3.4231600923825565e-15,51.60000000000011,180.0,0.0,260.92044032377106
85500.0,6828136.99999995,3.59976237753554e-15,51.60000000000011,180.0,0.0,261.56155863472253
85510.0,6828136.999999943,3.809989666486567e-15,51.60000000000011,180.0,0.0,262.20267694567394
85520.0,6828136.999999923,4.744111175548313e-15,51.60000000000011,180.0,0.0,262.84379525662536
85530.0,6828136.999999966,2.825787826181561e-15,51.60000000000011,180.0,0.0,263.48491356757677
85540.0,6828137.000000025,4.035700781394891e-15,51.60000000000011,180.0,0.0,264.1260318785282
85550.0,6828136.999999957,3.1208376030642782e-15,51.60000000000011,180.0,0.0,264.76715018947965
85560.0,6828136.9999999525,3.2913136298077767e-15,51.60000000000011,180.0,0.0,265.40826850043106
85570.0,6828136.999999942,3.7707705857746656e-15,51.60000000000011,180.0,0.0,266.04938681138253
85580.0,6828136.99999992,4.767196169052037e-15,51.60000000000011,180.0,0.0,266.69050512233395
85590.0,6828136.999999963,2.6359025288038786e-15,51.60000000000011,180.0,0.0,267.33162343328536
85600.0,6828137.000000029,4.3226870746124805e-15,51.60000000000011,180.0,0.0,267.97274174423677
85610.0,6828136.999999956,3.0002931297954755e-15,51.60000000000011,180.0,0.0,268.6138600551882
85620.0,6828136.9999999525,3.083991387795694e-15,51.60000000000011,180.0,0.0,269.25497836613965
85630.0,6828136.99999994,3.65843348311481e-15,51.60000000000011,180.0,0.0,269.89609667709107
85640.0,6828136.999999922,4.377371887123733e-15,51.60000000000011,180.0,0.0,270.53721498804254
85650.0,6828136.999999965,2.4636242740598024e-15,51.60000000000011,180.0,0.0,271.17833329899395
85660.0,6828137.000000023,4.022610669547952e-15,51.60000000000011,180.0,0.0,271.81945160994536
85670.0,6828136.999999956,2.8685528551778305e-15,51.60000000000011,180.0,0.0,272.46056992089683
85680.0,6828136.99999995,3.1147993763789823e-15,51.60000000000011,180.0,0.0,273.10168823184824
85690.0,6828136.999999942,3.4217898272930936e-15,51.6000000000001,180.0,0.0,273.7428065427997
85700.0,6828136.999999923,4.1424113228028575e-15,51.60000000000011,180.0,0.0,274.3839248537511
85710.0,6828136.9999999665,2.5320678165531907e-15,51.60000000000011,180.0,0.0,275.02504316470254
85720.0,6828137.000000024,4.274379442827954e-15,51.60000000000011,180.0,0.0,275.66616147565395
85730.0,6828136.999999956,2.7411545306457445e-15,51.60000000000011,180.0,0.0,276.30727978660536
85740.0,6828136.999999951,2.8990656649377912e-15,51.60000000000011,180.0,0.0,276.94839809755683
85750.0,6828136.999999946,3.030831228161375e-15,51.60000000000011,180.0,0.0,277.58951640850825
85760.0,6828136.999999922,4.1605147151129185e-15,51.60000000000011,180.0,0.0,278.2306347194597
85770.0,6828136.9999999665,2.399747896240848e-15,51.60000000000011,180.0,0.0,278.8717530304111
85780.0,6828137.000000026,4.4294558062586315e-15,51.60000000000011,180.0,0.0,279.5128713413626
85790.0,6828136.99999996,2.5598725519037693e-15,51.60000000000011,180.0,0.0,280.153989652314
85800.0,6828136.999999951,2.8525180199268908e-15,51.60000000000011,180.0,0.0,280.79510796326537
85810.0,6828136.999999942,3.1912514539369615e-15,51.6000000000001,180.0,0.0,281.43622627421684
85820.0,6828136.999999919,4.300238072844776e-15,51.60000000000011,180.0,0.0,282.07734458516825
85830.0,6828136.999999965,2.4296798774771464e-15,51.60000000000011,180.0,0.0,282.7184628961197
85840.0,6828137.000000024,4.465114121187831e-15,51.60000000000011,180.0,0.0,283.35958120707113
85850.0,6828136.99999996,2.518597508550748e-15,51.60000000000011,180.0,0.0,284.0006995180226
85860.0,6828136.999999951,2.7510787223241317e-15,51.60000000000011,180.0,0.0,284.641817828974
85870.0,6828136.999999943,3.0742447890000572e-15,51.60000000000011,180.0,0.0,285.2829361399254
85880.0,6828136.999999919,4.196547969300447e-15,51.60000000000011,180.0,0.0,285.9240544508769
85890.0,6828136.999999964,2.3987755164851347e-15,51.60000000000011,180.0,0.0,286.5651727618283
85900.0,6828137.000000026,4.771183166726001e-15,51.60000000000011,180.0,0.0,287.2062910727798
85910.0,6828136.999999955,2.550573474566388e-15,51.60000000000011,180.0,0.0,287.8474093837312
85920.0,6828136.99999995,2.697356152118305e-15,51.60000000000011,180.0,0.0,288.4885276946826
85930.0,6828136.999999943,2.897506847870286e-15,51.6000000000001,180.0,0.0,289.1296460056341
85940.0,6828136.999999923,3.666615077469496e-15,51.60000000000011,180.0,0.0,289.7707643165854
85950.0,6828136.999999966,2.292593179720757e-15,51.60000000000011,180.0,0.0,290.4118826275369
85960.0,6828137.000000026,4.781143272076526e-15,51.60000000000011,180.0,0.0,291.0530009384883
85970.0,6828136.999999953,2.510139043497546e-15,51.60000000000011,180.0,0.0,291.6941192494398
85980.0,6828136.99999995,2.5161371678357688e-15,51.60000000000011,180.0,0.0,292.3352375603912
85990.0,6828136.999999941,2.848205297264392e-15,51.60000000000011,180.0,0.0,292.9763558713426
86000.0,6828136.999999921,3.5384883117502267e-15,51.60000000000011,180.0,0.0,293.6174741822941
86010.0,6828136.999999966,2.314576216441938e-15,51.60000000000011,180.0,0.0,294.2585924932455
86020.0,6828137.000000024,4.835977447433576e-15,51.60000000000011,180.0,0.0,294.89971080419696
86030.0,6828136.999999953,2.431697775216942e-15,51.60000000000011,180.0,0.0,295.54082911514837
86040.0,6828136.999999949,2.6236641937990186e-15,51.6000000000001,180.0,0.0,296.1819474260998
86050.0,6828136.999999943,2.6914068321507704e-15,51.60000000000011,180.0,0.0,296.8230657370512
86060.0,6828136.999999919,3.764820760548712e-15,51.60000000000011,180.0,0.0,297.46418404800266
86070.0,6828136.999999964,2.512457437239149e-15,51.60000000000011,180.0,0.0,298.1053023589541
86080.0,6828137.000000025,5.04078503294131e-15,51.60000000000011,180.0,0.0,298.7464206699055
86090.0,6828136.999999955,2.4943701262552626e-15,51.60000000000011,180.0,0.0,299.38753898085696
86100.0,6828136.99999995,2.5822331189560163e-15,51.60000000000011,180.0,0.0,300.0286572918084
86110.0,6828136.999999943,2.6990147515138915e-15,51.600000000000115,180.0,0.0,300.66977560275984
86120.0,6828136.999999921,3.5209855630274336e-15,51.60000000000011,180.0,0.0,301.31089391371125
86130.0,6828136.999999963,2.4310922249110767e-15,51.60000000000011,180.0,0.0,301.95201222466267
86140.0,6828137.000000023,5.004157518455969e-15,51.60000000000011,180.0,0.0,302.59313053561414
86150.0,6828136.999999955,2.473597848082668e-15,51.60000000000011,180.0,0.0,303.23424884656555
86160.0,6828136.99999995,2.564348282180567e-15,51.60000000000011,180.0,0.0,303.875367157517
86170.0,6828136.999999941,2.551132661392937e-15,51.60000000000011,180.0,0.0,304.51648546846843
86180.0,6828136.999999922,3.3076982915199626e-15,51.60000000000011,180.0,0.0,305.1576037794199
86190.0,6828136.999999966,2.5703672632130665e-15,51.60000000000011,180.0,0.0,305.7987220903713
86200.0,6828137.000000025,5.375387239491401e-15,51.60000000000011,180.0,0.0,306.4398404013227
86210.0,6828136.999999955,2.4581076759046216e-15,51.60000000000011,180.0,0.0,307.0809587122742
86220.0,6828136.99999995,2.4636923045131233e-15,51.6000000000001,180.0,0.0,307.7220770232256
86230.0,6828136.99999994,2.586422416287398e-15,51.6000000000001,180.0,0.0,308.363195334177
86240.0,6828136.99999992,3.1621997161929806e-15,51.60000000000011,180.0,0.0,309.00431364512843
86250.0,6828136.999999963,2.2616422141121716e-15,51.60000000000011,180.0,0.0,309.6454319560799
86260.0,6828137.000000025,5.264378902778097e-15,51.60000000000011,180.0,0.0,310.2865502670313
86270.0,6828136.999999953,2.271430070215361e-15,51.60000000000011,180.0,0.0,310.92766857798273
86280.0,6828136.999999949,2.3818146707668752e-15,51.6000000000001,180.0,0.0,311.5687868889342
86290.0,6828136.9999999385,2.5501551449003713e-15,51.60000000000011,180.0,0.0,312.2099051998856
86300.0,6828136.99999992,3.1451091246715224e-15,51.60000000000011,180.0,0.0,312.8510235108371
86310.0,6828136.999999962,2.4994163669549036e-15,51.60000000000011,180.0,0.0,313.4921418217885
86320.0,6828137.000000023,5.348124558424027e-15,51.60000000000011,180.0,0.0,314.1332601327399
86330.0,6828136.9999999525,2.3918685702457738e-15,51.60000000000011,180.0,0.0,314.7743784436914
86340.0,6828136.999999949,2.355438743974616e-15,51.60000000000011,180.0,0.0,315.41549675464273
86350.0,6828136.9999999385,2.5359293923462395e-15,51.60000000000011,180.0,0.0,316.05661506559426
86360.0,6828136.99999992,3.0127120581073133e-15,51.60000000000011,180.0,0.0,316.69773337654567
86370.0,6828136.999999963,2.2375024013854154e-15,51.60000000000011,180.0,0.0,317.3388516874971
86380.0,6828137.000000023,5.373872042480817e-15,51.60000000000011,180.0,0.0,317.9799699984485
86390.0,6828136.999999954,2.3422669564332544e-15,51.60000000000011,180.0,0.0,318.6210883093999
86400.0,6828136.9999999525,2.3641479008715465e-15,51.60000000000011,180.0,0.0,319.2622066203514
