time_s,energy_Jkg,dE_rel,h_mag_m2s
0.0,-29218622.034892246,0.0,52142627604.65568
10.0,-29218622.03489226,-5.099884989803082e-16,52142627604.65566
20.0,-29218622.034892246,0.0,52142627604.65568
30.0,-29218622.034892283,-1.2749712474507706e-15,52142627604.65565
40.0,-29218622.034892254,-2.549942494901541e-16,52142627604.65567
50.0,-29218622.0348922,1.5299654969409247e-15,52142627604.655716
60.0,-29218622.03489226,-5.099884989803082e-16,52142627604.65566
70.0,-29218622.03489226,-5.099884989803082e-16,52142627604.655655
80.0,-29218622.034892336,-3.0599309938818494e-15,52142627604.65559
90.0,-29218622.034892365,-4.079907991842466e-15,52142627604.65557
100.0,-29218622.034892067,6.119861987763699e-15,52142627604.65584
110.0,-29218622.034892,8.414810233175085e-15,52142627604.65588
120.0,-29218622.03489226,-5.099884989803082e-16,52142627604.65566
130.0,-29218622.03489226,-5.099884989803082e-16,52142627604.65566
140.0,-29218622.034892328,-2.8049367443916955e-15,52142627604.655594
150.0,-29218622.034892365,-4.079907991842466e-15,52142627604.65557
160.0,-29218622.034892075,5.8648677382735446e-15,52142627604.65583
170.0,-29218622.034892,8.414810233175085e-15,52142627604.6559
180.0,-29218622.034892254,-2.549942494901541e-16,52142627604.65566
190.0,-29218622.03489226,-5.099884989803082e-16,52142627604.65566
200.0,-29218622.034892343,-3.3149252433720038e-15,52142627604.65559
210.0,-29218622.034892365,-4.079907991842466e-15,52142627604.65556
220.0,-29218622.034892075,5.8648677382735446e-15,52142627604.65582
230.0,-29218622.034892,8.414810233175085e-15,52142627604.6559
240.0,-29218622.03489227,-7.649827484704624e-16,52142627604.65566
250.0,-29218622.03489226,-5.099884989803082e-16,52142627604.65566
260.0,-29218622.034892328,-2.8049367443916955e-15,52142627604.65559
270.0,-29218622.034892365,-4.079907991842466e-15,52142627604.65557
280.0,-29218622.034892082,5.609873488783391e-15,52142627604.65583
290.0,-29218622.034891985,8.924798732155394e-15,52142627604.65591
300.0,-29218622.03489226,-5.099884989803082e-16,52142627604.65567
310.0,-29218622.034892254,-2.549942494901541e-16,52142627604.65566
320.0,-29218622.034892328,-2.8049367443916955e-15,52142627604.655594
330.0,-29218622.034892365,-4.079907991842466e-15,52142627604.65557
340.0,-29218622.034892075,5.8648677382735446e-15,52142627604.65584
350.0,-29218622.034891997,8.542307357920164e-15,52142627604.65589
360.0,-29218622.034892254,-2.549942494901541e-16,52142627604.65566
370.0,-29218622.03489226,-5.099884989803082e-16,52142627604.65566
380.0,-29218622.034892336,-3.0599309938818494e-15,52142627604.65559
390.0,-29218622.034892365,-4.079907991842466e-15,52142627604.65557
400.0,-29218622.034892075,5.8648677382735446e-15,52142627604.65583
410.0,-29218622.034892,8.414810233175085e-15,52142627604.6559
420.0,-29218622.03489226,-5.099884989803082e-16,52142627604.65566
430.0,-29218622.03489226,-5.099884989803082e-16,52142627604.65566
440.0,-29218622.034892328,-2.8049367443916955e-15,52142627604.6556
450.0,-29218622.034892373,-4.33490224133262e-15,52142627604.65557
460.0,-29218622.034892075,5.8648677382735446e-15,52142627604.65583
470.0,-29218622.034891993,8.66980448266524e-15,52142627604.6559
480.0,-29218622.03489227,-7.649827484704624e-16,52142627604.65566
490.0,-29218622.034892276,-1.0199769979606165e-15,52142627604.655655
500.0,-29218622.034892336,-3.0599309938818494e-15,52142627604.65559
510.0,-29218622.034892373,-4.33490224133262e-15,52142627604.65556
520.0,-29218622.034892067,6.119861987763699e-15,52142627604.65584
530.0,-29218622.03489199,8.797301607410317e-15,52142627604.6559
540.0,-29218622.034892254,-2.549942494901541e-16,52142627604.65568
550.0,-29218622.03489226,-5.099884989803082e-16,52142627604.65566
560.0,-29218622.034892328,-2.8049367443916955e-15,52142627604.655594
570.0,-29218622.034892365,-4.079907991842466e-15,52142627604.65556
580.0,-29218622.034892075,5.8648677382735446e-15,52142627604.65584
590.0,-29218622.034891997,8.542307357920164e-15,52142627604.6559
600.0,-29218622.034892254,-2.549942494901541e-16,52142627604.65567
610.0,-29218622.034892254,-2.549942494901541e-16,52142627604.65567
620.0,-29218622.034892336,-3.0599309938818494e-15,52142627604.655594
630.0,-29218622.03489235,-3.569919492862158e-15,52142627604.65557
640.0,-29218622.034892067,6.119861987763699e-15,52142627604.65584
650.0,-29218622.034891985,8.924798732155394e-15,52142627604.65591
660.0,-29218622.03489226,-5.099884989803082e-16,52142627604.65567
670.0,-29218622.03489226,-5.099884989803082e-16,52142627604.65567
680.0,-29218622.034892336,-3.0599309938818494e-15,52142627604.65559
690.0,-29218622.034892365,-4.079907991842466e-15,52142627604.65556
700.0,-29218622.034892067,6.119861987763699e-15,52142627604.65583
710.0,-29218622.034891997,8.542307357920164e-15,52142627604.6559
720.0,-29218622.03489226,-5.099884989803082e-16,52142627604.65566
730.0,-29218622.03489227,-7.649827484704624e-16,52142627604.65565
740.0,-29218622.034892336,-3.0599309938818494e-15,52142627604.655594
750.0,-29218622.034892373,-4.33490224133262e-15,52142627604.655556
760.0,-29218622.03489208,5.737370613528468e-15,52142627604.65582
770.0,-29218622.03489199,8.797301607410317e-15,52142627604.6559
780.0,-29218622.03489226,-5.099884989803082e-16,52142627604.65566
790.0,-29218622.03489227,-7.649827484704624e-16,52142627604.65566
800.0,-29218622.034892328,-2.8049367443916955e-15,52142627604.655594
810.0,-29218622.034892365,-4.079907991842466e-15,52142627604.65557
820.0,-29218622.034892075,5.8648677382735446e-15,52142627604.65584
830.0,-29218622.03489199,8.797301607410317e-15,52142627604.6559
840.0,-29218622.03489226,-5.099884989803082e-16,52142627604.65566
850.0,-29218622.03489226,-5.099884989803082e-16,52142627604.65566
860.0,-29218622.034892343,-3.3149252433720038e-15,52142627604.65559
870.0,-29218622.034892365,-4.079907991842466e-15,52142627604.655556
880.0,-29218622.03489207,5.992364863018622e-15,52142627604.65583
890.0,-29218622.034891997,8.542307357920164e-15,52142627604.65589
900.0,-29218622.03489226,-5.099884989803082e-16,52142627604.655655
910.0,-29218622.03489227,-7.649827484704624e-16,52142627604.65565
920.0,-29218622.034892336,-3.0599309938818494e-15,52142627604.655594
930.0,-29218622.034892365,-4.079907991842466e-15,52142627604.65557
940.0,-29218622.034892067,6.119861987763699e-15,52142627604.65584
950.0,-29218622.034892004,8.287313108430009e-15,52142627604.6559
960.0,-29218622.03489227,-7.649827484704624e-16,52142627604.65566
970.0,-29218622.03489226,-5.099884989803082e-16,52142627604.655655
980.0,-29218622.034892336,-3.0599309938818494e-15,52142627604.655594
990.0,-29218622.034892358,-3.824913742352312e-15,52142627604.65557
1000.0,-29218622.034892067,6.119861987763699e-15,52142627604.65584
1010.0,-29218622.03489199,8.797301607410317e-15,52142627604.6559
1020.0,-29218622.034892246,0.0,52142627604.65567
1030.0,-29218622.03489227,-7.649827484704624e-16,52142627604.65566
1040.0,-29218622.034892336,-3.0599309938818494e-15,52142627604.655594
1050.0,-29218622.034892373,-4.33490224133262e-15,52142627604.65557
1060.0,-29218622.034892064,6.247359112508776e-15,52142627604.65584
1070.0,-29218622.03489199,8.797301607410317e-15,52142627604.6559
1080.0,-29218622.034892254,-2.549942494901541e-16,52142627604.65567
1090.0,-29218622.034892257,-3.824913742352312e-16,52142627604.65566
1100.0,-29218622.034892328,-2.8049367443916955e-15,52142627604.655594
1110.0,-29218622.034892358,-3.824913742352312e-15,52142627604.65557
1120.0,-29218622.03489207,5.992364863018622e-15,52142627604.65584
1130.0,-29218622.034891997,8.542307357920164e-15,52142627604.6559
1140.0,-29218622.03489225,-1.2749712474507706e-16,52142627604.65567
1150.0,-29218622.034892254,-2.549942494901541e-16,52142627604.65567
1160.0,-29218622.034892336,-3.0599309938818494e-15,52142627604.655594
1170.0,-29218622.034892358,-3.824913742352312e-15,52142627604.65557
1180.0,-29218622.034892064,6.247359112508776e-15,52142627604.65584
1190.0,-29218622.03489199,8.797301607410317e-15,52142627604.6559
1200.0,-29218622.034892242,1.2749712474507706e-16,52142627604.65567
1210.0,-29218622.034892257,-3.824913742352312e-16,52142627604.65566
1220.0,-29218622.034892336,-3.0599309938818494e-15,52142627604.655594
1230.0,-29218622.034892373,-4.33490224133262e-15,52142627604.65557
1240.0,-29218622.034892056,6.50235336199893e-15,52142627604.65584
1250.0,-29218622.03489199,8.797301607410317e-15,52142627604.6559
1260.0,-29218622.034892242,1.2749712474507706e-16,52142627604.65566
1270.0,-29218622.034892257,-3.824913742352312e-16,52142627604.65566
1280.0,-29218622.034892328,-2.8049367443916955e-15,52142627604.6556
1290.0,-29218622.034892358,-3.824913742352312e-15,52142627604.65557
1300.0,-29218622.03489205,6.757347611489084e-15,52142627604.655846
1310.0,-29218622.034891997,8.542307357920164e-15,52142627604.6559
1320.0,-29218622.03489225,-1.2749712474507706e-16,52142627604.65566
1330.0,-29218622.03489225,-1.2749712474507706e-16,52142627604.65566
1340.0,-29218622.034892328,-2.8049367443916955e-15,52142627604.6556
1350.0,-29218622.034892365,-4.079907991842466e-15,52142627604.65556
1360.0,-29218622.034892056,6.50235336199893e-15,52142627604.65584
1370.0,-29218622.034891997,8.542307357920164e-15,52142627604.6559
1380.0,-29218622.034892242,1.2749712474507706e-16,52142627604.65567
1390.0,-29218622.03489225,-1.2749712474507706e-16,52142627604.65568
1400.0,-29218622.034892324,-2.6774396196466184e-15,52142627604.6556
1410.0,-29218622.034892365,-4.079907991842466e-15,52142627604.65557
1420.0,-29218622.034892064,6.247359112508776e-15,52142627604.65584
1430.0,-29218622.034891997,8.542307357920164e-15,52142627604.6559
1440.0,-29218622.03489225,-1.2749712474507706e-16,52142627604.65568
1450.0,-29218622.03489225,-1.2749712474507706e-16,52142627604.65567
1460.0,-29218622.034892324,-2.6774396196466184e-15,52142627604.6556
1470.0,-29218622.034892354,-3.697416617607235e-15,52142627604.65558
1480.0,-29218622.03489205,6.757347611489084e-15,52142627604.65585
1490.0,-29218622.03489199,8.797301607410317e-15,52142627604.655914
1500.0,-29218622.034892235,3.824913742352312e-16,52142627604.65568
1510.0,-29218622.034892242,1.2749712474507706e-16,52142627604.65568
1520.0,-29218622.034892324,-2.6774396196466184e-15,52142627604.6556
1530.0,-29218622.034892354,-3.697416617607235e-15,52142627604.65558
1540.0,-29218622.03489205,6.757347611489084e-15,52142627604.65584
1550.0,-29218622.03489199,8.797301607410317e-15,52142627604.655914
1560.0,-29218622.034892235,3.824913742352312e-16,52142627604.65568
1570.0,-29218622.034892242,1.2749712474507706e-16,52142627604.65568
1580.0,-29218622.034892317,-2.422445370156464e-15,52142627604.6556
1590.0,-29218622.034892347,-3.4424223681170805e-15,52142627604.65558
1600.0,-29218622.03489205,6.757347611489084e-15,52142627604.65585
1610.0,-29218622.034891993,8.66980448266524e-15,52142627604.655914
1620.0,-29218622.03489225,-1.2749712474507706e-16,52142627604.65568
1630.0,-29218622.034892242,1.2749712474507706e-16,52142627604.65568
1640.0,-29218622.03489233,-2.9324338691367723e-15,52142627604.6556
1650.0,-29218622.034892354,-3.697416617607235e-15,52142627604.65557
1660.0,-29218622.034892056,6.50235336199893e-15,52142627604.65584
1670.0,-29218622.034891993,8.66980448266524e-15,52142627604.6559
1680.0,-29218622.03489225,-1.2749712474507706e-16,52142627604.65568
1690.0,-29218622.034892257,-3.824913742352312e-16,52142627604.65568
1700.0,-29218622.03489234,-3.1874281186269266e-15,52142627604.6556
1710.0,-29218622.034892354,-3.697416617607235e-15,52142627604.65557
1720.0,-29218622.03489206,6.374856237253853e-15,52142627604.65584
1730.0,-29218622.034892,8.414810233175085e-15,52142627604.65589
1740.0,-29218622.034892242,1.2749712474507706e-16,52142627604.65568
1750.0,-29218622.034892257,-3.824913742352312e-16,52142627604.65566
1760.0,-29218622.03489234,-3.1874281186269266e-15,52142627604.6556
1770.0,-29218622.03489236,-3.952410867097389e-15,52142627604.65556
1780.0,-29218622.03489206,6.374856237253853e-15,52142627604.65584
1790.0,-29218622.034891985,8.924798732155394e-15,52142627604.6559
1800.0,-29218622.034892254,-2.549942494901541e-16,52142627604.65566
1810.0,-29218622.03489226,-5.099884989803082e-16,52142627604.65566
1820.0,-29218622.034892347,-3.4424223681170805e-15,52142627604.65559
1830.0,-29218622.03489237,-4.207405116587543e-15,52142627604.65557
1840.0,-29218622.034892067,6.119861987763699e-15,52142627604.65584
1850.0,-29218622.034891993,8.66980448266524e-15,52142627604.65589
1860.0,-29218622.034892254,-2.549942494901541e-16,52142627604.65567
1870.0,-29218622.03489226,-5.099884989803082e-16,52142627604.65566
1880.0,-29218622.034892343,-3.3149252433720038e-15,52142627604.65559
1890.0,-29218622.03489237,-4.207405116587543e-15,52142627604.65557
1900.0,-29218622.03489206,6.374856237253853e-15,52142627604.65584
1910.0,-29218622.034891985,8.924798732155394e-15,52142627604.65589
1920.0,-29218622.034892246,0.0,52142627604.65567
1930.0,-29218622.034892254,-2.549942494901541e-16,52142627604.65566
1940.0,-29218622.03489234,-3.1874281186269266e-15,52142627604.6556
1950.0,-29218622.03489237,-4.207405116587543e-15,52142627604.65556
1960.0,-29218622.034892067,6.119861987763699e-15,52142627604.65584
1970.0,-29218622.034891985,8.924798732155394e-15,52142627604.6559
1980.0,-29218622.03489224,2.549942494901541e-16,52142627604.65568
1990.0,-29218622.034892254,-2.549942494901541e-16,52142627604.65566
2000.0,-29218622.034892328,-2.8049367443916955e-15,52142627604.6556
2010.0,-29218622.034892354,-3.697416617607235e-15,52142627604.65558
2020.0,-29218622.034892052,6.6298504867440075e-15,52142627604.655846
2030.0,-29218622.034891985,8.924798732155394e-15,52142627604.6559
2040.0,-29218622.034892246,0.0,52142627604.65568
2050.0,-29218622.034892246,0.0,52142627604.65568
2060.0,-29218622.034892328,-2.8049367443916955e-15,52142627604.6556
2070.0,-29218622.034892358,-3.824913742352312e-15,52142627604.65558
2080.0,-29218622.034892052,6.6298504867440075e-15,52142627604.65585
2090.0,-29218622.034891993,8.66980448266524e-15,52142627604.65591
2100.0,-29218622.034892246,0.0,52142627604.65568
2110.0,-29218622.034892254,-2.549942494901541e-16,52142627604.65566
2120.0,-29218622.034892328,-2.8049367443916955e-15,52142627604.6556
2130.0,-29218622.03489235,-3.569919492862158e-15,52142627604.65558
2140.0,-29218622.034892052,6.6298504867440075e-15,52142627604.65585
2150.0,-29218622.034891978,9.179792981645549e-15,52142627604.65591
2160.0,-29218622.034892246,0.0,52142627604.65568
2170.0,-29218622.034892246,0.0,52142627604.65566
2180.0,-29218622.034892343,-3.3149252433720038e-15,52142627604.6556
2190.0,-29218622.034892358,-3.824913742352312e-15,52142627604.65557
2200.0,-29218622.034892067,6.119861987763699e-15,52142627604.65584
2210.0,-29218622.034891997,8.542307357920164e-15,52142627604.65589
2220.0,-29218622.034892246,0.0,52142627604.65568
2230.0,-29218622.034892254,-2.549942494901541e-16,52142627604.65566
2240.0,-29218622.03489232,-2.5499424949015412e-15,52142627604.6556
2250.0,-29218622.03489235,-3.569919492862158e-15,52142627604.65557
2260.0,-29218622.03489206,6.374856237253853e-15,52142627604.65585
2270.0,-29218622.03489199,8.797301607410317e-15,52142627604.6559
2280.0,-29218622.034892254,-2.549942494901541e-16,52142627604.65568
2290.0,-29218622.034892254,-2.549942494901541e-16,52142627604.65566
2300.0,-29218622.034892343,-3.3149252433720038e-15,52142627604.65559
2310.0,-29218622.034892358,-3.824913742352312e-15,52142627604.65557
2320.0,-29218622.034892075,5.8648677382735446e-15,52142627604.65583
2330.0,-29218622.03489199,8.797301607410317e-15,52142627604.65589
2340.0,-29218622.03489226,-5.099884989803082e-16,52142627604.65566
2350.0,-29218622.03489226,-5.099884989803082e-16,52142627604.65566
2360.0,-29218622.034892336,-3.0599309938818494e-15,52142627604.65559
2370.0,-29218622.034892358,-3.824913742352312e-15,52142627604.65557
2380.0,-29218622.034892067,6.119861987763699e-15,52142627604.65582
2390.0,-29218622.034891997,8.542307357920164e-15,52142627604.65589
2400.0,-29218622.03489226,-5.099884989803082e-16,52142627604.65566
2410.0,-29218622.03489226,-5.099884989803082e-16,52142627604.655655
2420.0,-29218622.034892358,-3.824913742352312e-15,52142627604.65559
2430.0,-29218622.034892358,-3.824913742352312e-15,52142627604.65557
2440.0,-29218622.03489207,5.992364863018622e-15,52142627604.65583
2450.0,-29218622.034891997,8.542307357920164e-15,52142627604.6559
2460.0,-29218622.03489226,-5.099884989803082e-16,52142627604.65566
2470.0,-29218622.034892276,-1.0199769979606165e-15,52142627604.655655
2480.0,-29218622.034892343,-3.3149252433720038e-15,52142627604.65559
2490.0,-29218622.034892373,-4.33490224133262e-15,52142627604.655556
2500.0,-29218622.03489208,5.737370613528468e-15,52142627604.65583
2510.0,-29218622.03489199,8.797301607410317e-15,52142627604.65589
2520.0,-29218622.03489227,-7.649827484704624e-16,52142627604.655655
2530.0,-29218622.03489227,-7.649827484704624e-16,52142627604.655655
2540.0,-29218622.03489235,-3.569919492862158e-15,52142627604.65559
2550.0,-29218622.034892373,-4.33490224133262e-15,52142627604.655556
2560.0,-29218622.03489207,5.992364863018622e-15,52142627604.65583
2570.0,-29218622.034892004,8.287313108430009e-15,52142627604.65588
2580.0,-29218622.03489227,-7.649827484704624e-16,52142627604.655655
2590.0,-29218622.03489227,-7.649827484704624e-16,52142627604.655655
2600.0,-29218622.034892343,-3.3149252433720038e-15,52142627604.65559
2610.0,-29218622.034892373,-4.33490224133262e-15,52142627604.65556
2620.0,-29218622.03489208,5.737370613528468e-15,52142627604.65582
2630.0,-29218622.034892004,8.287313108430009e-15,52142627604.65588
2640.0,-29218622.03489227,-7.649827484704624e-16,52142627604.655655
2650.0,-29218622.034892276,-1.0199769979606165e-15,52142627604.65566
2660.0,-29218622.034892343,-3.3149252433720038e-15,52142627604.65559
2670.0,-29218622.034892365,-4.079907991842466e-15,52142627604.655556
2680.0,-29218622.03489208,5.737370613528468e-15,52142627604.65582
2690.0,-29218622.034892004,8.287313108430009e-15,52142627604.65588
2700.0,-29218622.03489226,-5.099884989803082e-16,52142627604.65566
2710.0,-29218622.034892276,-1.0199769979606165e-15,52142627604.655655
2720.0,-29218622.034892343,-3.3149252433720038e-15,52142627604.65559
2730.0,-29218622.03489238,-4.5898964908227746e-15,52142627604.655556
2740.0,-29218622.03489207,5.992364863018622e-15,52142627604.65583
2750.0,-29218622.034892004,8.287313108430009e-15,52142627604.65588
2760.0,-29218622.03489226,-5.099884989803082e-16,52142627604.65566
2770.0,-29218622.034892283,-1.2749712474507706e-15,52142627604.65565
2780.0,-29218622.034892358,-3.824913742352312e-15,52142627604.65559
2790.0,-29218622.034892365,-4.079907991842466e-15,52142627604.655556
2800.0,-29218622.034892075,5.8648677382735446e-15,52142627604.65583
2810.0,-29218622.034891997,8.542307357920164e-15,52142627604.6559
2820.0,-29218622.034892254,-2.549942494901541e-16,52142627604.65566
2830.0,-29218622.034892283,-1.2749712474507706e-15,52142627604.65565
2840.0,-29218622.034892336,-3.0599309938818494e-15,52142627604.65559
2850.0,-29218622.034892373,-4.33490224133262e-15,52142627604.65556
2860.0,-29218622.034892067,6.119861987763699e-15,52142627604.65584
2870.0,-29218622.034891997,8.542307357920164e-15,52142627604.6559
2880.0,-29218622.03489226,-5.099884989803082e-16,52142627604.65566
2890.0,-29218622.03489227,-7.649827484704624e-16,52142627604.655655
2900.0,-29218622.034892343,-3.3149252433720038e-15,52142627604.65559
2910.0,-29218622.034892365,-4.079907991842466e-15,52142627604.65556
2920.0,-29218622.034892075,5.8648677382735446e-15,52142627604.65584
2930.0,-29218622.03489199,8.797301607410317e-15,52142627604.6559
2940.0,-29218622.03489227,-7.649827484704624e-16,52142627604.65566
2950.0,-29218622.03489226,-5.099884989803082e-16,52142627604.65566
2960.0,-29218622.034892336,-3.0599309938818494e-15,52142627604.655594
2970.0,-29218622.034892358,-3.824913742352312e-15,52142627604.65557
2980.0,-29218622.034892075,5.8648677382735446e-15,52142627604.65582
2990.0,-29218622.034891997,8.542307357920164e-15,52142627604.6559
3000.0,-29218622.03489226,-5.099884989803082e-16,52142627604.65566
3010.0,-29218622.03489227,-7.649827484704624e-16,52142627604.65566
3020.0,-29218622.034892336,-3.0599309938818494e-15,52142627604.655594
3030.0,-29218622.034892365,-4.079907991842466e-15,52142627604.65556
3040.0,-29218622.034892067,6.119861987763699e-15,52142627604.65584
3050.0,-29218622.03489199,8.797301607410317e-15,52142627604.6559
3060.0,-29218622.034892254,-2.549942494901541e-16,52142627604.65566
3070.0,-29218622.03489226,-5.099884989803082e-16,52142627604.65566
3080.0,-29218622.034892343,-3.3149252433720038e-15,52142627604.655594
3090.0,-29218622.03489235,-3.569919492862158e-15,52142627604.65558
3100.0,-29218622.034892067,6.119861987763699e-15,52142627604.65584
3110.0,-29218622.034891997,8.542307357920164e-15,52142627604.65589
3120.0,-29218622.03489226,-5.099884989803082e-16,52142627604.65566
3130.0,-29218622.03489227,-7.649827484704624e-16,52142627604.65566
3140.0,-29218622.034892343,-3.3149252433720038e-15,52142627604.655594
3150.0,-29218622.034892365,-4.079907991842466e-15,52142627604.65556
3160.0,-29218622.034892067,6.119861987763699e-15,52142627604.65584
3170.0,-29218622.034892004,8.287313108430009e-15,52142627604.6559
3180.0,-29218622.03489226,-5.099884989803082e-16,52142627604.65566
3190.0,-29218622.03489226,-5.099884989803082e-16,52142627604.65566
3200.0,-29218622.034892343,-3.3149252433720038e-15,52142627604.65559
3210.0,-29218622.034892358,-3.824913742352312e-15,52142627604.65556
3220.0,-29218622.034892067,6.119861987763699e-15,52142627604.65584
3230.0,-29218622.034892,8.414810233175085e-15,52142627604.65589
3240.0,-29218622.03489226,-5.099884989803082e-16,52142627604.65566
3250.0,-29218622.034892254,-2.549942494901541e-16,52142627604.65566
3260.0,-29218622.034892328,-2.8049367443916955e-15,52142627604.6556
3270.0,-29218622.034892358,-3.824913742352312e-15,52142627604.65558
3280.0,-29218622.034892067,6.119861987763699e-15,52142627604.65584
3290.0,-29218622.034892,8.414810233175085e-15,52142627604.6559
3300.0,-29218622.034892254,-2.549942494901541e-16,52142627604.65566
3310.0,-29218622.03489226,-5.099884989803082e-16,52142627604.65566
3320.0,-29218622.034892343,-3.3149252433720038e-15,52142627604.65559
3330.0,-29218622.034892358,-3.824913742352312e-15,52142627604.65557
3340.0,-29218622.03489206,6.374856237253853e-15,52142627604.65584
3350.0,-29218622.034891993,8.66980448266524e-15,52142627604.6559
3360.0,-29218622.034892254,-2.549942494901541e-16,52142627604.65566
3370.0,-29218622.03489226,-5.099884989803082e-16,52142627604.65566
3380.0,-29218622.034892343,-3.3149252433720038e-15,52142627604.65559
3390.0,-29218622.034892365,-4.079907991842466e-15,52142627604.65556
3400.0,-29218622.03489206,6.374856237253853e-15,52142627604.65584
3410.0,-29218622.034891993,8.66980448266524e-15,52142627604.6559
3420.0,-29218622.034892254,-2.549942494901541e-16,52142627604.65567
3430.0,-29218622.034892254,-2.549942494901541e-16,52142627604.65566
3440.0,-29218622.034892336,-3.0599309938818494e-15,52142627604.65559
3450.0,-29218622.03489236,-3.952410867097389e-15,52142627604.65557
3460.0,-29218622.03489206,6.374856237253853e-15,52142627604.65584
3470.0,-29218622.034891993,8.66980448266524e-15,52142627604.6559
3480.0,-29218622.034892254,-2.549942494901541e-16,52142627604.65566
3490.0,-29218622.03489226,-5.099884989803082e-16,52142627604.65566
3500.0,-29218622.034892336,-3.0599309938818494e-15,52142627604.65559
3510.0,-29218622.03489236,-3.952410867097389e-15,52142627604.65557
3520.0,-29218622.03489206,6.374856237253853e-15,52142627604.65584
3530.0,-29218622.034891993,8.66980448266524e-15,52142627604.6559
3540.0,-29218622.034892246,0.0,52142627604.65566
3550.0,-29218622.034892254,-2.549942494901541e-16,52142627604.65566
3560.0,-29218622.03489234,-3.1874281186269266e-15,52142627604.65559
3570.0,-29218622.03489237,-4.207405116587543e-15,52142627604.65556
3580.0,-29218622.03489206,6.374856237253853e-15,52142627604.65584
3590.0,-29218622.034891993,8.66980448266524e-15,52142627604.6559
3600.0,-29218622.034892254,-2.549942494901541e-16,52142627604.65567
3610.0,-29218622.034892254,-2.549942494901541e-16,52142627604.65566
3620.0,-29218622.03489234,-3.1874281186269266e-15,52142627604.655594
3630.0,-29218622.03489236,-3.952410867097389e-15,52142627604.65557
3640.0,-29218622.03489206,6.374856237253853e-15,52142627604.65584
3650.0,-29218622.034891993,8.66980448266524e-15,52142627604.6559
3660.0,-29218622.03489225,-1.2749712474507706e-16,52142627604.65567
3670.0,-29218622.034892257,-3.824913742352312e-16,52142627604.65566
3680.0,-29218622.034892347,-3.4424223681170805e-15,52142627604.655594
3690.0,-29218622.034892354,-3.697416617607235e-15,52142627604.65557
3700.0,-29218622.03489206,6.374856237253853e-15,52142627604.65584
3710.0,-29218622.034891993,8.66980448266524e-15,52142627604.6559
3720.0,-29218622.034892257,-3.824913742352312e-16,52142627604.65566
3730.0,-29218622.034892257,-3.824913742352312e-16,52142627604.65566
3740.0,-29218622.03489234,-3.1874281186269266e-15,52142627604.655594
3750.0,-29218622.03489236,-3.952410867097389e-15,52142627604.65557
3760.0,-29218622.034892067,6.119861987763699e-15,52142627604.65583
3770.0,-29218622.034892008,8.159815983684932e-15,52142627604.6559
3780.0,-29218622.034892265,-6.374856237253853e-16,52142627604.65566
3790.0,-29218622.034892265,-6.374856237253853e-16,52142627604.655655
3800.0,-29218622.034892347,-3.4424223681170805e-15,52142627604.65559
3810.0,-29218622.03489237,-4.207405116587543e-15,52142627604.65556
3820.0,-29218622.034892064,6.247359112508776e-15,52142627604.65583
3830.0,-29218622.034892008,8.159815983684932e-15,52142627604.65588
3840.0,-29218622.034892272,-8.924798732155395e-16,52142627604.65566
3850.0,-29218622.034892265,-6.374856237253853e-16,52142627604.655655
3860.0,-29218622.034892354,-3.697416617607235e-15,52142627604.65559
3870.0,-29218622.034892377,-4.462399366077697e-15,52142627604.655556
3880.0,-29218622.034892075,5.8648677382735446e-15,52142627604.65583
3890.0,-29218622.034892008,8.159815983684932e-15,52142627604.65588
3900.0,-29218622.03489225,-1.2749712474507706e-16,52142627604.65566
3910.0,-29218622.034892265,-6.374856237253853e-16,52142627604.65566
3920.0,-29218622.034892354,-3.697416617607235e-15,52142627604.65559
3930.0,-29218622.03489237,-4.207405116587543e-15,52142627604.65556
3940.0,-29218622.034892064,6.247359112508776e-15,52142627604.65584
3950.0,-29218622.034892,8.414810233175085e-15,52142627604.6559
3960.0,-29218622.034892257,-3.824913742352312e-16,52142627604.65566
3970.0,-29218622.034892257,-3.824913742352312e-16,52142627604.65566
3980.0,-29218622.03489234,-3.1874281186269266e-15,52142627604.65559
3990.0,-29218622.03489236,-3.952410867097389e-15,52142627604.65557
4000.0,-29218622.034892064,6.247359112508776e-15,52142627604.65584
4010.0,-29218622.034891997,8.542307357920164e-15,52142627604.6559
4020.0,-29218622.034892257,-3.824913742352312e-16,52142627604.65566
4030.0,-29218622.034892257,-3.824913742352312e-16,52142627604.65566
4040.0,-29218622.03489234,-3.1874281186269266e-15,52142627604.65559
4050.0,-29218622.03489236,-3.952410867097389e-15,52142627604.65556
4060.0,-29218622.034892064,6.247359112508776e-15,52142627604.65582
4070.0,-29218622.034892004,8.287313108430009e-15,52142627604.6559
4080.0,-29218622.034892242,1.2749712474507706e-16,52142627604.65567
4090.0,-29218622.034892257,-3.824913742352312e-16,52142627604.65566
4100.0,-29218622.03489234,-3.1874281186269266e-15,52142627604.65559
4110.0,-29218622.034892358,-3.824913742352312e-15,52142627604.65557
4120.0,-29218622.03489205,6.757347611489084e-15,52142627604.65584
4130.0,-29218622.034892004,8.287313108430009e-15,52142627604.65589
4140.0,-29218622.03489225,-1.2749712474507706e-16,52142627604.65566
4150.0,-29218622.03489225,-1.2749712474507706e-16,52142627604.65566
4160.0,-29218622.034892336,-3.0599309938818494e-15,52142627604.655594
4170.0,-29218622.034892358,-3.824913742352312e-15,52142627604.65556
4180.0,-29218622.03489207,5.992364863018622e-15,52142627604.65582
4190.0,-29218622.03489199,8.797301607410317e-15,52142627604.6559
4200.0,-29218622.034892242,1.2749712474507706e-16,52142627604.65567
4210.0,-29218622.034892257,-3.824913742352312e-16,52142627604.65566
4220.0,-29218622.034892343,-3.3149252433720038e-15,52142627604.6556
4230.0,-29218622.034892358,-3.824913742352312e-15,52142627604.65557
4240.0,-29218622.034892056,6.50235336199893e-15,52142627604.65584
4250.0,-29218622.03489198,9.05229585690047e-15,52142627604.6559
4260.0,-29218622.03489224,2.549942494901541e-16,52142627604.65568
4270.0,-29218622.034892254,-2.549942494901541e-16,52142627604.65567
4280.0,-29218622.034892343,-3.3149252433720038e-15,52142627604.65559
4290.0,-29218622.034892365,-4.079907991842466e-15,52142627604.65557
4300.0,-29218622.034892064,6.247359112508776e-15,52142627604.65584
4310.0,-29218622.034891997,8.542307357920164e-15,52142627604.6559
4320.0,-29218622.034892254,-2.549942494901541e-16,52142627604.65566
4330.0,-29218622.034892254,-2.549942494901541e-16,52142627604.65566
4340.0,-29218622.034892336,-3.0599309938818494e-15,52142627604.655594
4350.0,-29218622.034892373,-4.33490224133262e-15,52142627604.65557
4360.0,-29218622.03489208,5.737370613528468e-15,52142627604.65584
4370.0,-29218622.034892004,8.287313108430009e-15,52142627604.6559
4380.0,-29218622.034892246,0.0,52142627604.65567
4390.0,-29218622.03489227,-7.649827484704624e-16,52142627604.65566
4400.0,-29218622.034892336,-3.0599309938818494e-15,52142627604.65559
4410.0,-29218622.034892373,-4.33490224133262e-15,52142627604.65556
4420.0,-29218622.034892067,6.119861987763699e-15,52142627604.65584
4430.0,-29218622.03489199,8.797301607410317e-15,52142627604.65591
4440.0,-29218622.03489226,-5.099884989803082e-16,52142627604.65567
4450.0,-29218622.03489226,-5.099884989803082e-16,52142627604.65567
4460.0,-29218622.034892336,-3.0599309938818494e-15,52142627604.655594
4470.0,-29218622.034892373,-4.33490224133262e-15,52142627604.65557
4480.0,-29218622.03489207,5.992364863018622e-15,52142627604.65583
4490.0,-29218622.034891997,8.542307357920164e-15,52142627604.6559
4500.0,-29218622.03489226,-5.099884989803082e-16,52142627604.65567
4510.0,-29218622.03489227,-7.649827484704624e-16,52142627604.65566
4520.0,-29218622.034892336,-3.0599309938818494e-15,52142627604.655594
4530.0,-29218622.034892365,-4.079907991842466e-15,52142627604.65557
4540.0,-29218622.03489207,5.992364863018622e-15,52142627604.65584
4550.0,-29218622.034892004,8.287313108430009e-15,52142627604.65588
4560.0,-29218622.03489227,-7.649827484704624e-16,52142627604.65566
4570.0,-29218622.03489227,-7.649827484704624e-16,52142627604.655655
4580.0,-29218622.034892343,-3.3149252433720038e-15,52142627604.65559
4590.0,-29218622.034892365,-4.079907991842466e-15,52142627604.65556
4600.0,-29218622.034892075,5.8648677382735446e-15,52142627604.65583
4610.0,-29218622.034891997,8.542307357920164e-15,52142627604.65589
4620.0,-29218622.03489226,-5.099884989803082e-16,52142627604.65566
4630.0,-29218622.034892276,-1.0199769979606165e-15,52142627604.655655
4640.0,-29218622.03489235,-3.569919492862158e-15,52142627604.65558
4650.0,-29218622.034892373,-4.33490224133262e-15,52142627604.65556
4660.0,-29218622.034892075,5.8648677382735446e-15,52142627604.65582
4670.0,-29218622.034892004,8.287313108430009e-15,52142627604.65588
4680.0,-29218622.03489227,-7.649827484704624e-16,52142627604.655655
4690.0,-29218622.03489227,-7.649827484704624e-16,52142627604.655655
4700.0,-29218622.034892343,-3.3149252433720038e-15,52142627604.65559
4710.0,-29218622.034892373,-4.33490224133262e-15,52142627604.65557
4720.0,-29218622.034892082,5.609873488783391e-15,52142627604.65582
4730.0,-29218622.034892004,8.287313108430009e-15,52142627604.65588
4740.0,-29218622.03489227,-7.649827484704624e-16,52142627604.655655
4750.0,-29218622.03489227,-7.649827484704624e-16,52142627604.655655
4760.0,-29218622.034892358,-3.824913742352312e-15,52142627604.65558
4770.0,-29218622.034892373,-4.33490224133262e-15,52142627604.655556
4780.0,-29218622.034892082,5.609873488783391e-15,52142627604.65582
4790.0,-29218622.03489201,8.032318858939855e-15,52142627604.65588
4800.0,-29218622.034892276,-1.0199769979606165e-15,52142627604.655655
4810.0,-29218622.034892283,-1.2749712474507706e-15,52142627604.65565
4820.0,-29218622.034892358,-3.824913742352312e-15,52142627604.65559
4830.0,-29218622.03489238,-4.5898964908227746e-15,52142627604.655556
4840.0,-29218622.034892082,5.609873488783391e-15,52142627604.65582
4850.0,-29218622.03489201,8.032318858939855e-15,52142627604.65588
4860.0,-29218622.03489227,-7.649827484704624e-16,52142627604.655655
4870.0,-29218622.034892276,-1.0199769979606165e-15,52142627604.65565
4880.0,-29218622.034892365,-4.079907991842466e-15,52142627604.65557
4890.0,-29218622.03489238,-4.5898964908227746e-15,52142627604.655556
4900.0,-29218622.034892082,5.609873488783391e-15,52142627604.65582
4910.0,-29218622.03489201,8.032318858939855e-15,52142627604.65588
4920.0,-29218622.03489227,-7.649827484704624e-16,52142627604.655655
4930.0,-29218622.03489227,-7.649827484704624e-16,52142627604.655655
4940.0,-29218622.03489235,-3.569919492862158e-15,52142627604.65559
4950.0,-29218622.034892373,-4.33490224133262e-15,52142627604.655556
4960.0,-29218622.034892075,5.8648677382735446e-15,52142627604.65582
4970.0,-29218622.034892008,8.159815983684932e-15,52142627604.65588
4980.0,-29218622.03489226,-5.099884989803082e-16,52142627604.655655
4990.0,-29218622.034892276,-1.0199769979606165e-15,52142627604.65565
5000.0,-29218622.03489235,-3.569919492862158e-15,52142627604.65559
5010.0,-29218622.03489238,-4.5898964908227746e-15,52142627604.655556
5020.0,-29218622.034892082,5.609873488783391e-15,52142627604.65582
5030.0,-29218622.034892008,8.159815983684932e-15,52142627604.65588
5040.0,-29218622.034892283,-1.2749712474507706e-15,52142627604.655655
5050.0,-29218622.034892276,-1.0199769979606165e-15,52142627604.65565
5060.0,-29218622.03489235,-3.569919492862158e-15,52142627604.65557
5070.0,-29218622.034892373,-4.33490224133262e-15,52142627604.655556
5080.0,-29218622.034892082,5.609873488783391e-15,52142627604.65582
5090.0,-29218622.034892,8.414810233175085e-15,52142627604.65588
5100.0,-29218622.03489226,-5.099884989803082e-16,52142627604.65566
5110.0,-29218622.03489226,-5.099884989803082e-16,52142627604.65565
5120.0,-29218622.034892343,-3.3149252433720038e-15,52142627604.65559
5130.0,-29218622.03489237,-4.207405116587543e-15,52142627604.65556
5140.0,-29218622.034892082,5.609873488783391e-15,52142627604.65582
5150.0,-29218622.034892008,8.159815983684932e-15,52142627604.6559
5160.0,-29218622.03489226,-5.099884989803082e-16,52142627604.65566
5170.0,-29218622.03489227,-7.649827484704624e-16,52142627604.655655
5180.0,-29218622.034892343,-3.3149252433720038e-15,52142627604.65559
5190.0,-29218622.03489238,-4.5898964908227746e-15,52142627604.655556
5200.0,-29218622.034892075,5.8648677382735446e-15,52142627604.65582
5210.0,-29218622.034892,8.414810233175085e-15,52142627604.65589
5220.0,-29218622.034892254,-2.549942494901541e-16,52142627604.65566
5230.0,-29218622.03489226,-5.099884989803082e-16,52142627604.65566
5240.0,-29218622.03489235,-3.569919492862158e-15,52142627604.65559
5250.0,-29218622.034892377,-4.462399366077697e-15,52142627604.655556
5260.0,-29218622.034892082,5.609873488783391e-15,52142627604.65582
5270.0,-29218622.034892,8.414810233175085e-15,52142627604.65588
5280.0,-29218622.03489226,-5.099884989803082e-16,52142627604.65566
5290.0,-29218622.03489226,-5.099884989803082e-16,52142627604.655655
5300.0,-29218622.034892343,-3.3149252433720038e-15,52142627604.655594
5310.0,-29218622.03489237,-4.207405116587543e-15,52142627604.65557
5320.0,-29218622.034892075,5.8648677382735446e-15,52142627604.65582
5330.0,-29218622.034892,8.414810233175085e-15,52142627604.6559
5340.0,-29218622.03489226,-5.099884989803082e-16,52142627604.65566
5350.0,-29218622.03489227,-7.649827484704624e-16,52142627604.655655
5360.0,-29218622.034892343,-3.3149252433720038e-15,52142627604.65558
5370.0,-29218622.03489237,-4.207405116587543e-15,52142627604.65556
5380.0,-29218622.034892067,6.119861987763699e-15,52142627604.65582
5390.0,-29218622.034892,8.414810233175085e-15,52142627604.6559
5400.0,-29218622.03489226,-5.099884989803082e-16,52142627604.65566
5410.0,-29218622.03489226,-5.099884989803082e-16,52142627604.65566
5420.0,-29218622.034892343,-3.3149252433720038e-15,52142627604.655594
5430.0,-29218622.034892373,-4.33490224133262e-15,52142627604.655556
5440.0,-29218622.034892067,6.119861987763699e-15,52142627604.65582
5450.0,-29218622.034891993,8.66980448266524e-15,52142627604.6559
5460.0,-29218622.03489226,-5.099884989803082e-16,52142627604.65566
5470.0,-29218622.03489226,-5.099884989803082e-16,52142627604.655655
5480.0,-29218622.034892328,-2.8049367443916955e-15,52142627604.65559
5490.0,-29218622.03489237,-4.207405116587543e-15,52142627604.65556
5500.0,-29218622.034892067,6.119861987763699e-15,52142627604.65582
5510.0,-29218622.034892,8.414810233175085e-15,52142627604.6559
5520.0,-29218622.034892254,-2.549942494901541e-16,52142627604.65566
5530.0,-29218622.03489226,-5.099884989803082e-16,52142627604.65566
5540.0,-29218622.034892343,-3.3149252433720038e-15,52142627604.655594
5550.0,-29218622.03489237,-4.207405116587543e-15,52142627604.65557
5560.0,-29218622.03489206,6.374856237253853e-15,52142627604.65584
5570.0,-29218622.034891993,8.66980448266524e-15,52142627604.65591
5580.0,-29218622.034892246,0.0,52142627604.65566
5590.0,-29218622.034892246,0.0,52142627604.65566
5600.0,-29218622.034892343,-3.3149252433720038e-15,52142627604.6556
5610.0,-29218622.03489236,-3.952410867097389e-15,52142627604.65557
5620.0,-29218622.034892052,6.6298504867440075e-15,52142627604.655846
5630.0,-29218622.034891993,8.66980448266524e-15,52142627604.6559
5640.0,-29218622.034892254,-2.549942494901541e-16,52142627604.65566
5650.0,-29218622.03489226,-5.099884989803082e-16,52142627604.65566
5660.0,-29218622.03489234,-3.1874281186269266e-15,52142627604.6556
5670.0,-29218622.03489236,-3.952410867097389e-15,52142627604.65557
5680.0,-29218622.03489206,6.374856237253853e-15,52142627604.655846
5690.0,-29218622.034891993,8.66980448266524e-15,52142627604.6559
5700.0,-29218622.034892246,0.0,52142627604.65567
5710.0,-29218622.034892254,-2.549942494901541e-16,52142627604.65566
5720.0,-29218622.034892328,-2.8049367443916955e-15,52142627604.655594
5730.0,-29218622.03489237,-4.207405116587543e-15,52142627604.65557
5740.0,-29218622.034892067,6.119861987763699e-15,52142627604.65584
5750.0,-29218622.034891993,8.66980448266524e-15,52142627604.6559
5760.0,-29218622.034892254,-2.549942494901541e-16,52142627604.65567
5770.0,-29218622.034892254,-2.549942494901541e-16,52142627604.65566
5780.0,-29218622.034892328,-2.8049367443916955e-15,52142627604.65559
5790.0,-29218622.034892365,-4.079907991842466e-15,52142627604.65556
5800.0,-29218622.034892075,5.8648677382735446e-15,52142627604.65584
5810.0,-29218622.034892,8.414810233175085e-15,52142627604.6559
5820.0,-29218622.034892254,-2.549942494901541e-16,52142627604.65567
5830.0,-29218622.034892254,-2.549942494901541e-16,52142627604.65566
5840.0,-29218622.034892328,-2.8049367443916955e-15,52142627604.655594
5850.0,-29218622.034892365,-4.079907991842466e-15,52142627604.65557
5860.0,-29218622.034892067,6.119861987763699e-15,52142627604.65584
5870.0,-29218622.034892,8.414810233175085e-15,52142627604.65591
5880.0,-29218622.034892246,0.0,52142627604.65567
5890.0,-29218622.034892254,-2.549942494901541e-16,52142627604.65566
5900.0,-29218622.034892328,-2.8049367443916955e-15,52142627604.6556
5910.0,-29218622.034892358,-3.824913742352312e-15,52142627604.65558
5920.0,-29218622.03489206,6.374856237253853e-15,52142627604.65583
5930.0,-29218622.034891993,8.66980448266524e-15,52142627604.6559
5940.0,-29218622.03489226,-5.099884989803082e-16,52142627604.65566
5950.0,-29218622.03489227,-7.649827484704624e-16,52142627604.655655
5960.0,-29218622.034892336,-3.0599309938818494e-15,52142627604.655594
5970.0,-29218622.034892365,-4.079907991842466e-15,52142627604.65557
5980.0,-29218622.034892067,6.119861987763699e-15,52142627604.65583
5990.0,-29218622.03489199,8.797301607410317e-15,52142627604.65591
6000.0,-29218622.03489226,-5.099884989803082e-16,52142627604.65567
6010.0,-29218622.03489226,-5.099884989803082e-16,52142627604.65566
6020.0,-29218622.034892336,-3.0599309938818494e-15,52142627604.655594
6030.0,-29218622.034892365,-4.079907991842466e-15,52142627604.65557
6040.0,-29218622.034892075,5.8648677382735446e-15,52142627604.65582
6050.0,-29218622.034891997,8.542307357920164e-15,52142627604.65588
6060.0,-29218622.03489226,-5.099884989803082e-16,52142627604.65567
6070.0,-29218622.03489227,-7.649827484704624e-16,52142627604.65566
6080.0,-29218622.034892343,-3.3149252433720038e-15,52142627604.655594
6090.0,-29218622.034892358,-3.824913742352312e-15,52142627604.65557
6100.0,-29218622.034892075,5.8648677382735446e-15,52142627604.65582
6110.0,-29218622.034891997,8.542307357920164e-15,52142627604.6559
6120.0,-29218622.03489226,-5.099884989803082e-16,52142627604.65566
6130.0,-29218622.03489227,-7.649827484704624e-16,52142627604.65566
6140.0,-29218622.034892343,-3.3149252433720038e-15,52142627604.65559
6150.0,-29218622.034892365,-4.079907991842466e-15,52142627604.65557
6160.0,-29218622.034892075,5.8648677382735446e-15,52142627604.65582
6170.0,-29218622.034891997,8.542307357920164e-15,52142627604.6559
6180.0,-29218622.03489227,-7.649827484704624e-16,52142627604.655655
6190.0,-29218622.034892276,-1.0199769979606165e-15,52142627604.655655
6200.0,-29218622.03489235,-3.569919492862158e-15,52142627604.65559
6210.0,-29218622.034892373,-4.33490224133262e-15,52142627604.65556
6220.0,-29218622.034892067,6.119861987763699e-15,52142627604.65582
6230.0,-29218622.034892004,8.287313108430009e-15,52142627604.65588
6240.0,-29218622.034892254,-2.549942494901541e-16,52142627604.65566
6250.0,-29218622.03489227,-7.649827484704624e-16,52142627604.65566
6260.0,-29218622.034892343,-3.3149252433720038e-15,52142627604.65559
6270.0,-29218622.03489238,-4.5898964908227746e-15,52142627604.65556
6280.0,-29218622.03489208,5.737370613528468e-15,52142627604.65582
6290.0,-29218622.03489201,8.032318858939855e-15,52142627604.65588
6300.0,-29218622.034892257,-3.824913742352312e-16,52142627604.655655
6310.0,-29218622.034892272,-8.924798732155395e-16,52142627604.655655
6320.0,-29218622.03489235,-3.569919492862158e-15,52142627604.65558
6330.0,-29218622.034892388,-4.844890740312928e-15,52142627604.655556
6340.0,-29218622.03489208,5.737370613528468e-15,52142627604.65582
6350.0,-29218622.03489202,7.7773246094497e-15,52142627604.65588
6360.0,-29218622.034892257,-3.824913742352312e-16,52142627604.655655
6370.0,-29218622.034892272,-8.924798732155395e-16,52142627604.65565
6380.0,-29218622.03489235,-3.569919492862158e-15,52142627604.65557
6390.0,-29218622.03489238,-4.5898964908227746e-15,52142627604.655556
6400.0,-29218622.03489208,5.737370613528468e-15,52142627604.65582
6410.0,-29218622.034892004,8.287313108430009e-15,52142627604.65588
6420.0,-29218622.034892265,-6.374856237253853e-16,52142627604.655655
6430.0,-29218622.034892265,-6.374856237253853e-16,52142627604.655655
6440.0,-29218622.034892343,-3.3149252433720038e-15,52142627604.65559
6450.0,-29218622.03489238,-4.5898964908227746e-15,52142627604.655556
6460.0,-29218622.03489207,5.992364863018622e-15,52142627604.65582
6470.0,-29218622.03489201,8.032318858939855e-15,52142627604.65588
6480.0,-29218622.034892257,-3.824913742352312e-16,52142627604.655655
6490.0,-29218622.034892272,-8.924798732155395e-16,52142627604.65565
6500.0,-29218622.034892354,-3.697416617607235e-15,52142627604.65557
6510.0,-29218622.034892373,-4.33490224133262e-15,52142627604.655556
6520.0,-29218622.034892086,5.4823763640383135e-15,52142627604.65581
6530.0,-29218622.03489202,7.7773246094497e-15,52142627604.65588
6540.0,-29218622.034892272,-8.924798732155395e-16,52142627604.655655
6550.0,-29218622.034892287,-1.4024683721958478e-15,52142627604.65565
6560.0,-29218622.034892354,-3.697416617607235e-15,52142627604.65557
6570.0,-29218622.034892377,-4.462399366077697e-15,52142627604.655556
6580.0,-29218622.034892086,5.4823763640383135e-15,52142627604.65581
6590.0,-29218622.03489202,7.7773246094497e-15,52142627604.655876
6600.0,-29218622.03489228,-1.1474741227056936e-15,52142627604.65565
6610.0,-29218622.034892272,-8.924798732155395e-16,52142627604.65565
6620.0,-29218622.03489236,-3.952410867097389e-15,52142627604.65557
6630.0,-29218622.034892384,-4.717393615567851e-15,52142627604.65554
6640.0,-29218622.034892093,5.227382114548159e-15,52142627604.65582
6650.0,-29218622.034892015,7.904821734194778e-15,52142627604.65588
6660.0,-29218622.034892272,-8.924798732155395e-16,52142627604.65565
6670.0,-29218622.03489228,-1.1474741227056936e-15,52142627604.65564
6680.0,-29218622.034892347,-3.4424223681170805e-15,52142627604.65557
6690.0,-29218622.034892377,-4.462399366077697e-15,52142627604.65556
6700.0,-29218622.034892086,5.4823763640383135e-15,52142627604.65582
6710.0,-29218622.034892015,7.904821734194778e-15,52142627604.65588
6720.0,-29218622.034892265,-6.374856237253853e-16,52142627604.655655
6730.0,-29218622.034892265,-6.374856237253853e-16,52142627604.655655
6740.0,-29218622.034892347,-3.4424223681170805e-15,52142627604.65559
6750.0,-29218622.03489237,-4.207405116587543e-15,52142627604.655556
6760.0,-29218622.03489207,5.992364863018622e-15,52142627604.65582
6770.0,-29218622.034892008,8.159815983684932e-15,52142627604.65588
6780.0,-29218622.034892257,-3.824913742352312e-16,52142627604.65566
6790.0,-29218622.034892272,-8.924798732155395e-16,52142627604.65565
6800.0,-29218622.034892347,-3.4424223681170805e-15,52142627604.65558
6810.0,-29218622.03489236,-3.952410867097389e-15,52142627604.65556
6820.0,-29218622.034892086,5.4823763640383135e-15,52142627604.65582
6830.0,-29218622.034892015,7.904821734194778e-15,52142627604.655876
6840.0,-29218622.034892265,-6.374856237253853e-16,52142627604.65566
6850.0,-29218622.034892272,-8.924798732155395e-16,52142627604.65565
6860.0,-29218622.034892354,-3.697416617607235e-15,52142627604.65558
6870.0,-29218622.03489237,-4.207405116587543e-15,52142627604.65556
6880.0,-29218622.03489208,5.737370613528468e-15,52142627604.65582
6890.0,-29218622.034892008,8.159815983684932e-15,52142627604.65588
6900.0,-29218622.034892265,-6.374856237253853e-16,52142627604.655655
6910.0,-29218622.03489228,-1.1474741227056936e-15,52142627604.65565
6920.0,-29218622.034892354,-3.697416617607235e-15,52142627604.65558
6930.0,-29218622.034892377,-4.462399366077697e-15,52142627604.65555
6940.0,-29218622.03489207,5.992364863018622e-15,52142627604.65582
6950.0,-29218622.034892015,7.904821734194778e-15,52142627604.65588
6960.0,-29218622.034892265,-6.374856237253853e-16,52142627604.65566
6970.0,-29218622.034892272,-8.924798732155395e-16,52142627604.655655
6980.0,-29218622.034892347,-3.4424223681170805e-15,52142627604.65558
6990.0,-29218622.034892377,-4.462399366077697e-15,52142627604.655556
7000.0,-29218622.03489208,5.737370613528468e-15,52142627604.65582
7010.0,-29218622.034892008,8.159815983684932e-15,52142627604.655876
7020.0,-29218622.034892265,-6.374856237253853e-16,52142627604.655655
7030.0,-29218622.03489228,-1.1474741227056936e-15,52142627604.65564
7040.0,-29218622.034892354,-3.697416617607235e-15,52142627604.65558
7050.0,-29218622.03489237,-4.207405116587543e-15,52142627604.655556
7060.0,-29218622.03489209,5.354879239293237e-15,52142627604.655815
7070.0,-29218622.034892015,7.904821734194778e-15,52142627604.65588
7080.0,-29218622.034892272,-8.924798732155395e-16,52142627604.65565
7090.0,-29218622.034892272,-8.924798732155395e-16,52142627604.65565
7100.0,-29218622.034892354,-3.697416617607235e-15,52142627604.65557
7110.0,-29218622.034892377,-4.462399366077697e-15,52142627604.655556
7120.0,-29218622.034892075,5.8648677382735446e-15,52142627604.655815
7130.0,-29218622.034892015,7.904821734194778e-15,52142627604.65588
7140.0,-29218622.034892265,-6.374856237253853e-16,52142627604.65566
7150.0,-29218622.034892265,-6.374856237253853e-16,52142627604.65565
7160.0,-29218622.034892354,-3.697416617607235e-15,52142627604.65558
7170.0,-29218622.034892377,-4.462399366077697e-15,52142627604.655556
7180.0,-29218622.034892075,5.8648677382735446e-15,52142627604.65582
7190.0,-29218622.034892008,8.159815983684932e-15,52142627604.65588
7200.0,-29218622.034892265,-6.374856237253853e-16,52142627604.65566
7210.0,-29218622.03489227,-7.649827484704624e-16,52142627604.655655
7220.0,-29218622.034892354,-3.697416617607235e-15,52142627604.65558
7230.0,-29218622.034892377,-4.462399366077697e-15,52142627604.655556
7240.0,-29218622.034892075,5.8648677382735446e-15,52142627604.65583
7250.0,-29218622.034892015,7.904821734194778e-15,52142627604.65588
7260.0,-29218622.03489227,-7.649827484704624e-16,52142627604.655655
7270.0,-29218622.03489227,-7.649827484704624e-16,52142627604.65565
7280.0,-29218622.034892354,-3.697416617607235e-15,52142627604.65557
7290.0,-29218622.034892377,-4.462399366077697e-15,52142627604.655556
7300.0,-29218622.034892075,5.8648677382735446e-15,52142627604.65582
7310.0,-29218622.034892023,7.649827484704623e-15,52142627604.65588
7320.0,-29218622.03489226,-5.099884989803082e-16,52142627604.655655
7330.0,-29218622.03489226,-5.099884989803082e-16,52142627604.655655
7340.0,-29218622.034892358,-3.824913742352312e-15,52142627604.65558
7350.0,-29218622.03489237,-4.207405116587543e-15,52142627604.65556
7360.0,-29218622.034892075,5.8648677382735446e-15,52142627604.65582
7370.0,-29218622.034891993,8.66980448266524e-15,52142627604.65589
7380.0,-29218622.03489227,-7.649827484704624e-16,52142627604.65566
7390.0,-29218622.03489227,-7.649827484704624e-16,52142627604.65565
7400.0,-29218622.034892347,-3.4424223681170805e-15,52142627604.65559
7410.0,-29218622.034892377,-4.462399366077697e-15,52142627604.655556
7420.0,-29218622.034892075,5.8648677382735446e-15,52142627604.65582
7430.0,-29218622.034892008,8.159815983684932e-15,52142627604.65588
7440.0,-29218622.03489227,-7.649827484704624e-16,52142627604.655655
7450.0,-29218622.034892276,-1.0199769979606165e-15,52142627604.65565
7460.0,-29218622.03489235,-3.569919492862158e-15,52142627604.65558
7470.0,-29218622.034892377,-4.462399366077697e-15,52142627604.65556
7480.0,-29218622.034892075,5.8648677382735446e-15,52142627604.65582
7490.0,-29218622.034892008,8.159815983684932e-15,52142627604.65588
7500.0,-29218622.034892254,-2.549942494901541e-16,52142627604.65566
7510.0,-29218622.03489227,-7.649827484704624e-16,52142627604.65565
7520.0,-29218622.03489235,-3.569919492862158e-15,52142627604.65558
7530.0,-29218622.03489238,-4.5898964908227746e-15,52142627604.655556
7540.0,-29218622.034892082,5.609873488783391e-15,52142627604.65582
7550.0,-29218622.034892015,7.904821734194778e-15,52142627604.65588
7560.0,-29218622.03489227,-7.649827484704624e-16,52142627604.655655
7570.0,-29218622.03489227,-7.649827484704624e-16,52142627604.65565
7580.0,-29218622.034892343,-3.3149252433720038e-15,52142627604.65558
7590.0,-29218622.034892377,-4.462399366077697e-15,52142627604.655556
7600.0,-29218622.034892075,5.8648677382735446e-15,52142627604.65582
7610.0,-29218622.034892008,8.159815983684932e-15,52142627604.65588
7620.0,-29218622.03489227,-7.649827484704624e-16,52142627604.655655
7630.0,-29218622.03489227,-7.649827484704624e-16,52142627604.65565
7640.0,-29218622.03489235,-3.569919492862158e-15,52142627604.65558
7650.0,-29218622.03489238,-4.5898964908227746e-15,52142627604.65555
7660.0,-29218622.034892075,5.8648677382735446e-15,52142627604.65582
7670.0,-29218622.034892008,8.159815983684932e-15,52142627604.65588
7680.0,-29218622.03489226,-5.099884989803082e-16,52142627604.65566
7690.0,-29218622.03489227,-7.649827484704624e-16,52142627604.65565
7700.0,-29218622.03489235,-3.569919492862158e-15,52142627604.65559
7710.0,-29218622.03489238,-4.5898964908227746e-15,52142627604.655556
7720.0,-29218622.034892082,5.609873488783391e-15,52142627604.65582
7730.0,-29218622.034892008,8.159815983684932e-15,52142627604.65588
7740.0,-29218622.03489227,-7.649827484704624e-16,52142627604.65566
7750.0,-29218622.034892276,-1.0199769979606165e-15,52142627604.655655
7760.0,-29218622.03489235,-3.569919492862158e-15,52142627604.65558
7770.0,-29218622.034892377,-4.462399366077697e-15,52142627604.655556
7780.0,-29218622.034892075,5.8648677382735446e-15,52142627604.65582
7790.0,-29218622.034892015,7.904821734194778e-15,52142627604.65588
7800.0,-29218622.03489227,-7.649827484704624e-16,52142627604.655655
7810.0,-29218622.03489227,-7.649827484704624e-16,52142627604.655655
7820.0,-29218622.03489235,-3.569919492862158e-15,52142627604.65558
7830.0,-29218622.03489238,-4.5898964908227746e-15,52142627604.655556
7840.0,-29218622.034892075,5.8648677382735446e-15,52142627604.65582
7850.0,-29218622.034892015,7.904821734194778e-15,52142627604.65588
7860.0,-29218622.03489227,-7.649827484704624e-16,52142627604.65565
7870.0,-29218622.034892276,-1.0199769979606165e-15,52142627604.65565
7880.0,-29218622.03489235,-3.569919492862158e-15,52142627604.65558
7890.0,-29218622.034892377,-4.462399366077697e-15,52142627604.655556
7900.0,-29218622.034892075,5.8648677382735446e-15,52142627604.65582
7910.0,-29218622.034892015,7.904821734194778e-15,52142627604.655876
7920.0,-29218622.034892276,-1.0199769979606165e-15,52142627604.65565
7930.0,-29218622.034892276,-1.0199769979606165e-15,52142627604.65565
7940.0,-29218622.034892358,-3.824913742352312e-15,52142627604.65558
7950.0,-29218622.03489238,-4.5898964908227746e-15,52142627604.65554
7960.0,-29218622.034892082,5.609873488783391e-15,52142627604.655815
7970.0,-29218622.034892008,8.159815983684932e-15,52142627604.65588
7980.0,-29218622.03489227,-7.649827484704624e-16,52142627604.655655
7990.0,-29218622.03489227,-7.649827484704624e-16,52142627604.655655
8000.0,-29218622.03489235,-3.569919492862158e-15,52142627604.65559
8010.0,-29218622.034892373,-4.33490224133262e-15,52142627604.655556
8020.0,-29218622.034892075,5.8648677382735446e-15,52142627604.65582
8030.0,-29218622.034892008,8.159815983684932e-15,52142627604.65588
8040.0,-29218622.03489227,-7.649827484704624e-16,52142627604.655655
8050.0,-29218622.03489226,-5.099884989803082e-16,52142627604.655655
8060.0,-29218622.034892343,-3.3149252433720038e-15,52142627604.65558
8070.0,-29218622.034892377,-4.462399366077697e-15,52142627604.65556
8080.0,-29218622.034892075,5.8648677382735446e-15,52142627604.65582
8090.0,-29218622.034892,8.414810233175085e-15,52142627604.65588
8100.0,-29218622.03489226,-5.099884989803082e-16,52142627604.655655
8110.0,-29218622.034892276,-1.0199769979606165e-15,52142627604.65565
8120.0,-29218622.03489235,-3.569919492862158e-15,52142627604.65557
8130.0,-29218622.03489238,-4.5898964908227746e-15,52142627604.65555
8140.0,-29218622.034892075,5.8648677382735446e-15,52142627604.65582
8150.0,-29218622.034892015,7.904821734194778e-15,52142627604.65588
8160.0,-29218622.03489227,-7.649827484704624e-16,52142627604.655655
8170.0,-29218622.03489227,-7.649827484704624e-16,52142627604.655655
8180.0,-29218622.03489235,-3.569919492862158e-15,52142627604.65559
8190.0,-29218622.03489238,-4.5898964908227746e-15,52142627604.65555
8200.0,-29218622.03489209,5.354879239293237e-15,52142627604.65581
8210.0,-29218622.034892015,7.904821734194778e-15,52142627604.65588
8220.0,-29218622.03489227,-7.649827484704624e-16,52142627604.65565
8230.0,-29218622.034892283,-1.2749712474507706e-15,52142627604.65565
8240.0,-29218622.034892358,-3.824913742352312e-15,52142627604.65557
8250.0,-29218622.034892384,-4.717393615567851e-15,52142627604.655556
8260.0,-29218622.034892075,5.8648677382735446e-15,52142627604.65582
8270.0,-29218622.034892008,8.159815983684932e-15,52142627604.655876
8280.0,-29218622.03489227,-7.649827484704624e-16,52142627604.65565
8290.0,-29218622.034892276,-1.0199769979606165e-15,52142627604.65565
8300.0,-29218622.034892343,-3.3149252433720038e-15,52142627604.65558
8310.0,-29218622.03489238,-4.5898964908227746e-15,52142627604.655556
8320.0,-29218622.034892082,5.609873488783391e-15,52142627604.655815
8330.0,-29218622.034892015,7.904821734194778e-15,52142627604.65588
8340.0,-29218622.03489227,-7.649827484704624e-16,52142627604.65565
8350.0,-29218622.03489227,-7.649827484704624e-16,52142627604.65565
8360.0,-29218622.034892365,-4.079907991842466e-15,52142627604.65557
8370.0,-29218622.034892377,-4.462399366077697e-15,52142627604.65555
8380.0,-29218622.034892082,5.609873488783391e-15,52142627604.655815
8390.0,-29218622.034892023,7.649827484704623e-15,52142627604.65588
8400.0,-29218622.034892276,-1.0199769979606165e-15,52142627604.65565
8410.0,-29218622.034892276,-1.0199769979606165e-15,52142627604.65565
8420.0,-29218622.034892365,-4.079907991842466e-15,52142627604.65557
8430.0,-29218622.034892377,-4.462399366077697e-15,52142627604.65555
8440.0,-29218622.034892082,5.609873488783391e-15,52142627604.655815
8450.0,-29218622.03489203,7.39483323521447e-15,52142627604.655876
8460.0,-29218622.03489227,-7.649827484704624e-16,52142627604.65565
8470.0,-29218622.034892283,-1.2749712474507706e-15,52142627604.65565
8480.0,-29218622.034892365,-4.079907991842466e-15,52142627604.65557
8490.0,-29218622.03489239,-4.972387865058006e-15,52142627604.65555
8500.0,-29218622.03489209,5.354879239293237e-15,52142627604.655815
8510.0,-29218622.034892023,7.649827484704623e-15,52142627604.655876
8520.0,-29218622.034892276,-1.0199769979606165e-15,52142627604.65565
8530.0,-29218622.034892283,-1.2749712474507706e-15,52142627604.65564
8540.0,-29218622.034892358,-3.824913742352312e-15,52142627604.65557
8550.0,-29218622.03489239,-4.972387865058006e-15,52142627604.65554
8560.0,-29218622.03489209,5.354879239293237e-15,52142627604.65581
8570.0,-29218622.034892023,7.649827484704623e-15,52142627604.655876
8580.0,-29218622.034892276,-1.0199769979606165e-15,52142627604.65565
8590.0,-29218622.034892276,-1.0199769979606165e-15,52142627604.65564
8600.0,-29218622.034892358,-3.824913742352312e-15,52142627604.65557
8610.0,-29218622.03489239,-4.972387865058006e-15,52142627604.65554
8620.0,-29218622.03489209,5.354879239293237e-15,52142627604.65581
8630.0,-29218622.03489203,7.39483323521447e-15,52142627604.655876
8640.0,-29218622.03489226,-5.099884989803082e-16,52142627604.655655
8650.0,-29218622.034892283,-1.2749712474507706e-15,52142627604.65564
8660.0,-29218622.03489236,-3.952410867097389e-15,52142627604.65557
8670.0,-29218622.03489239,-4.972387865058006e-15,52142627604.65554
8680.0,-29218622.034892082,5.609873488783391e-15,52142627604.65582
8690.0,-29218622.03489203,7.39483323521447e-15,52142627604.655876
8700.0,-29218622.034892276,-1.0199769979606165e-15,52142627604.65565
8710.0,-29218622.034892276,-1.0199769979606165e-15,52142627604.65565
8720.0,-29218622.034892358,-3.824913742352312e-15,52142627604.65558
8730.0,-29218622.034892384,-4.717393615567851e-15,52142627604.65555
8740.0,-29218622.034892082,5.609873488783391e-15,52142627604.65581
8750.0,-29218622.03489203,7.39483323521447e-15,52142627604.655876
8760.0,-29218622.03489227,-7.649827484704624e-16,52142627604.655655
8770.0,-29218622.034892283,-1.2749712474507706e-15,52142627604.65565
8780.0,-29218622.034892358,-3.824913742352312e-15,52142627604.65557
8790.0,-29218622.03489239,-4.972387865058006e-15,52142627604.65554
8800.0,-29218622.03489209,5.354879239293237e-15,52142627604.65581
8810.0,-29218622.034892023,7.649827484704623e-15,52142627604.655876
8820.0,-29218622.034892276,-1.0199769979606165e-15,52142627604.65565
8830.0,-29218622.034892276,-1.0199769979606165e-15,52142627604.65565
8840.0,-29218622.034892354,-3.697416617607235e-15,52142627604.65557
8850.0,-29218622.034892384,-4.717393615567851e-15,52142627604.65554
8860.0,-29218622.034892075,5.8648677382735446e-15,52142627604.65582
8870.0,-29218622.03489203,7.39483323521447e-15,52142627604.655876
8880.0,-29218622.034892276,-1.0199769979606165e-15,52142627604.655655
8890.0,-29218622.034892276,-1.0199769979606165e-15,52142627604.65564
8900.0,-29218622.034892358,-3.824913742352312e-15,52142627604.65557
8910.0,-29218622.03489239,-4.972387865058006e-15,52142627604.65555
8920.0,-29218622.034892097,5.0998849898030824e-15,52142627604.65581
8930.0,-29218622.034892038,7.139838985724316e-15,52142627604.65586
8940.0,-29218622.034892283,-1.2749712474507706e-15,52142627604.65564
8950.0,-29218622.03489229,-1.5299654969409247e-15,52142627604.65563
8960.0,-29218622.034892365,-4.079907991842466e-15,52142627604.65557
8970.0,-29218622.03489239,-4.972387865058006e-15,52142627604.65554
8980.0,-29218622.03489209,5.354879239293237e-15,52142627604.65581
8990.0,-29218622.03489203,7.39483323521447e-15,52142627604.65587
9000.0,-29218622.034892283,-1.2749712474507706e-15,52142627604.65564
9010.0,-29218622.03489229,-1.5299654969409247e-15,52142627604.65564
9020.0,-29218622.034892373,-4.33490224133262e-15,52142627604.65556
9030.0,-29218622.0348924,-5.227382114548159e-15,52142627604.65554
9040.0,-29218622.034892097,5.0998849898030824e-15,52142627604.65581
9050.0,-29218622.03489203,7.39483323521447e-15,52142627604.65587
9060.0,-29218622.034892276,-1.0199769979606165e-15,52142627604.65565
9070.0,-29218622.034892283,-1.2749712474507706e-15,52142627604.65564
9080.0,-29218622.034892373,-4.33490224133262e-15,52142627604.655556
9090.0,-29218622.0348924,-5.227382114548159e-15,52142627604.65553
9100.0,-29218622.034892105,4.844890740312928e-15,52142627604.65581
9110.0,-29218622.03489203,7.39483323521447e-15,52142627604.65587
9120.0,-29218622.034892283,-1.2749712474507706e-15,52142627604.65564
9130.0,-29218622.034892283,-1.2749712474507706e-15,52142627604.65563
9140.0,-29218622.034892373,-4.33490224133262e-15,52142627604.655556
9150.0,-29218622.03489239,-4.972387865058006e-15,52142627604.65554
9160.0,-29218622.03489209,5.354879239293237e-15,52142627604.65581
9170.0,-29218622.03489203,7.39483323521447e-15,52142627604.65587
9180.0,-29218622.034892276,-1.0199769979606165e-15,52142627604.65564
9190.0,-29218622.034892276,-1.0199769979606165e-15,52142627604.65564
9200.0,-29218622.03489237,-4.207405116587543e-15,52142627604.65556
9210.0,-29218622.03489239,-4.972387865058006e-15,52142627604.65554
9220.0,-29218622.03489209,5.354879239293237e-15,52142627604.65581
9230.0,-29218622.03489203,7.39483323521447e-15,52142627604.65587
9240.0,-29218622.034892276,-1.0199769979606165e-15,52142627604.65564
9250.0,-29218622.034892283,-1.2749712474507706e-15,52142627604.65564
9260.0,-29218622.03489237,-4.207405116587543e-15,52142627604.65556
9270.0,-29218622.03489239,-4.972387865058006e-15,52142627604.65554
9280.0,-29218622.03489209,5.354879239293237e-15,52142627604.65581
9290.0,-29218622.034892023,7.649827484704623e-15,52142627604.65587
9300.0,-29218622.034892287,-1.4024683721958478e-15,52142627604.65564
9310.0,-29218622.034892287,-1.4024683721958478e-15,52142627604.65563
9320.0,-29218622.03489237,-4.207405116587543e-15,52142627604.65556
9330.0,-29218622.03489239,-4.972387865058006e-15,52142627604.65554
9340.0,-29218622.034892093,5.227382114548159e-15,52142627604.65581
9350.0,-29218622.03489203,7.39483323521447e-15,52142627604.655876
9360.0,-29218622.03489228,-1.1474741227056936e-15,52142627604.65565
9370.0,-29218622.034892287,-1.4024683721958478e-15,52142627604.65564
9380.0,-29218622.03489236,-3.952410867097389e-15,52142627604.65557
9390.0,-29218622.034892384,-4.717393615567851e-15,52142627604.65554
9400.0,-29218622.0348921,4.972387865058006e-15,52142627604.655815
9410.0,-29218622.034892015,7.904821734194778e-15,52142627604.655876
9420.0,-29218622.034892272,-8.924798732155395e-16,52142627604.65565
9430.0,-29218622.034892287,-1.4024683721958478e-15,52142627604.65564
9440.0,-29218622.034892354,-3.697416617607235e-15,52142627604.65557
9450.0,-29218622.034892384,-4.717393615567851e-15,52142627604.65554
9460.0,-29218622.034892093,5.227382114548159e-15,52142627604.655815
9470.0,-29218622.034892015,7.904821734194778e-15,52142627604.655876
9480.0,-29218622.034892272,-8.924798732155395e-16,52142627604.65565
9490.0,-29218622.034892287,-1.4024683721958478e-15,52142627604.65564
9500.0,-29218622.034892354,-3.697416617607235e-15,52142627604.65557
9510.0,-29218622.03489237,-4.207405116587543e-15,52142627604.655556
9520.0,-29218622.034892093,5.227382114548159e-15,52142627604.655815
9530.0,-29218622.03489201,8.032318858939855e-15,52142627604.65588
9540.0,-29218622.034892272,-8.924798732155395e-16,52142627604.65565
9550.0,-29218622.034892272,-8.924798732155395e-16,52142627604.65565
9560.0,-29218622.034892354,-3.697416617607235e-15,52142627604.65558
9570.0,-29218622.034892373,-4.33490224133262e-15,52142627604.655556
9580.0,-29218622.03489208,5.737370613528468e-15,52142627604.65582
9590.0,-29218622.03489201,8.032318858939855e-15,52142627604.65588
9600.0,-29218622.034892265,-6.374856237253853e-16,52142627604.655655
9610.0,-29218622.03489228,-1.1474741227056936e-15,52142627604.65565
9620.0,-29218622.034892354,-3.697416617607235e-15,52142627604.65557
9630.0,-29218622.034892388,-4.844890740312928e-15,52142627604.655556
9640.0,-29218622.034892086,5.4823763640383135e-15,52142627604.65582
9650.0,-29218622.03489201,8.032318858939855e-15,52142627604.65588
9660.0,-29218622.034892257,-3.824913742352312e-16,52142627604.655655
9670.0,-29218622.034892272,-8.924798732155395e-16,52142627604.65565
9680.0,-29218622.03489235,-3.569919492862158e-15,52142627604.65558
9690.0,-29218622.03489238,-4.5898964908227746e-15,52142627604.655556
9700.0,-29218622.034892093,5.227382114548159e-15,52142627604.655815
9710.0,-29218622.03489201,8.032318858939855e-15,52142627604.65588
9720.0,-29218622.034892272,-8.924798732155395e-16,52142627604.655655
9730.0,-29218622.034892272,-8.924798732155395e-16,52142627604.65565
9740.0,-29218622.034892343,-3.3149252433720038e-15,52142627604.65558
9750.0,-29218622.03489238,-4.5898964908227746e-15,52142627604.65555
9760.0,-29218622.034892086,5.4823763640383135e-15,52142627604.655815
9770.0,-29218622.034892004,8.287313108430009e-15,52142627604.65588
9780.0,-29218622.03489228,-1.1474741227056936e-15,52142627604.65565
9790.0,-29218622.034892276,-1.0199769979606165e-15,52142627604.65565
9800.0,-29218622.03489235,-3.569919492862158e-15,52142627604.65558
9810.0,-29218622.034892388,-4.844890740312928e-15,52142627604.65555
9820.0,-29218622.034892075,5.8648677382735446e-15,52142627604.655815
9830.0,-29218622.034892004,8.287313108430009e-15,52142627604.65589
9840.0,-29218622.034892276,-1.0199769979606165e-15,52142627604.655655
9850.0,-29218622.034892283,-1.2749712474507706e-15,52142627604.65565
9860.0,-29218622.034892358,-3.824913742352312e-15,52142627604.65558
9870.0,-29218622.03489238,-4.5898964908227746e-15,52142627604.655556
9880.0,-29218622.034892082,5.609873488783391e-15,52142627604.65582
9890.0,-29218622.03489201,8.032318858939855e-15,52142627604.65588
9900.0,-29218622.03489227,-7.649827484704624e-16,52142627604.65566
9910.0,-29218622.034892283,-1.2749712474507706e-15,52142627604.65565
9920.0,-29218622.034892358,-3.824913742352312e-15,52142627604.65557
9930.0,-29218622.034892373,-4.33490224133262e-15,52142627604.655556
9940.0,-29218622.03489209,5.354879239293237e-15,52142627604.65582
9950.0,-29218622.034892004,8.287313108430009e-15,52142627604.65588
9960.0,-29218622.034892283,-1.2749712474507706e-15,52142627604.65565
9970.0,-29218622.034892276,-1.0199769979606165e-15,52142627604.65565
9980.0,-29218622.034892365,-4.079907991842466e-15,52142627604.65557
9990.0,-29218622.034892388,-4.844890740312928e-15,52142627604.655556
10000.0,-29218622.03489209,5.354879239293237e-15,52142627604.655815
10010.0,-29218622.03489201,8.032318858939855e-15,52142627604.65588
10020.0,-29218622.03489227,-7.649827484704624e-16,52142627604.655655
10030.0,-29218622.034892276,-1.0199769979606165e-15,52142627604.65565
10040.0,-29218622.034892358,-3.824913742352312e-15,52142627604.65558
10050.0,-29218622.03489238,-4.5898964908227746e-15,52142627604.65555
10060.0,-29218622.034892082,5.609873488783391e-15,52142627604.655815
10070.0,-29218622.034892004,8.287313108430009e-15,52142627604.65588
10080.0,-29218622.034892276,-1.0199769979606165e-15,52142627604.65566
10090.0,-29218622.034892276,-1.0199769979606165e-15,52142627604.65565
10100.0,-29218622.034892358,-3.824913742352312e-15,52142627604.65559
10110.0,-29218622.03489238,-4.5898964908227746e-15,52142627604.65555
10120.0,-29218622.034892082,5.609873488783391e-15,52142627604.65582
10130.0,-29218622.034892008,8.159815983684932e-15,52142627604.65588
10140.0,-29218622.03489226,-5.099884989803082e-16,52142627604.65566
10150.0,-29218622.034892276,-1.0199769979606165e-15,52142627604.655655
10160.0,-29218622.034892358,-3.824913742352312e-15,52142627604.65557
10170.0,-29218622.03489238,-4.5898964908227746e-15,52142627604.655556
10180.0,-29218622.03489209,5.354879239293237e-15,52142627604.65581
10190.0,-29218622.034892015,7.904821734194778e-15,52142627604.65588
10200.0,-29218622.03489226,-5.099884989803082e-16,52142627604.65565
10210.0,-29218622.034892276,-1.0199769979606165e-15,52142627604.65565
10220.0,-29218622.034892358,-3.824913742352312e-15,52142627604.65558
10230.0,-29218622.034892388,-4.844890740312928e-15,52142627604.655556
10240.0,-29218622.034892082,5.609873488783391e-15,52142627604.65582
10250.0,-29218622.034892,8.414810233175085e-15,52142627604.65588
10260.0,-29218622.034892254,-2.549942494901541e-16,52142627604.65566
10270.0,-29218622.034892276,-1.0199769979606165e-15,52142627604.65565
10280.0,-29218622.034892358,-3.824913742352312e-15,52142627604.65557
10290.0,-29218622.034892388,-4.844890740312928e-15,52142627604.655556
10300.0,-29218622.034892082,5.609873488783391e-15,52142627604.65581
10310.0,-29218622.034892008,8.159815983684932e-15,52142627604.65588
10320.0,-29218622.03489226,-5.099884989803082e-16,52142627604.655655
10330.0,-29218622.03489227,-7.649827484704624e-16,52142627604.65565
10340.0,-29218622.034892358,-3.824913742352312e-15,52142627604.65558
10350.0,-29218622.034892384,-4.717393615567851e-15,52142627604.65555
10360.0,-29218622.034892075,5.8648677382735446e-15,52142627604.65582
10370.0,-29218622.034892008,8.159815983684932e-15,52142627604.65588
10380.0,-29218622.03489227,-7.649827484704624e-16,52142627604.65565
10390.0,-29218622.03489227,-7.649827484704624e-16,52142627604.65565
10400.0,-29218622.034892354,-3.697416617607235e-15,52142627604.65557
10410.0,-29218622.034892384,-4.717393615567851e-15,52142627604.65555
10420.0,-29218622.034892075,5.8648677382735446e-15,52142627604.65582
10430.0,-29218622.034892008,8.159815983684932e-15,52142627604.65588
10440.0,-29218622.03489227,-7.649827484704624e-16,52142627604.655655
10450.0,-29218622.03489227,-7.649827484704624e-16,52142627604.65565
10460.0,-29218622.03489236,-3.952410867097389e-15,52142627604.65557
10470.0,-29218622.034892384,-4.717393615567851e-15,52142627604.655556
10480.0,-29218622.034892075,5.8648677382735446e-15,52142627604.655815
10490.0,-29218622.034892008,8.159815983684932e-15,52142627604.65588
10500.0,-29218622.03489227,-7.649827484704624e-16,52142627604.655655
10510.0,-29218622.034892276,-1.0199769979606165e-15,52142627604.65565
10520.0,-29218622.034892354,-3.697416617607235e-15,52142627604.65559
10530.0,-29218622.03489236,-3.952410867097389e-15,52142627604.65557
10540.0,-29218622.034892067,6.119861987763699e-15,52142627604.65583
10550.0,-29218622.034892,8.414810233175085e-15,52142627604.65588
10560.0,-29218622.034892272,-8.924798732155395e-16,52142627604.655655
10570.0,-29218622.034892272,-8.924798732155395e-16,52142627604.655655
10580.0,-29218622.034892354,-3.697416617607235e-15,52142627604.65559
10590.0,-29218622.034892377,-4.462399366077697e-15,52142627604.655556
10600.0,-29218622.034892075,5.8648677382735446e-15,52142627604.65582
10610.0,-29218622.034892015,7.904821734194778e-15,52142627604.65588
10620.0,-29218622.034892272,-8.924798732155395e-16,52142627604.65566
10630.0,-29218622.034892272,-8.924798732155395e-16,52142627604.65565
10640.0,-29218622.034892354,-3.697416617607235e-15,52142627604.65559
10650.0,-29218622.034892377,-4.462399366077697e-15,52142627604.655556
10660.0,-29218622.034892075,5.8648677382735446e-15,52142627604.65582
10670.0,-29218622.034892015,7.904821734194778e-15,52142627604.65588
10680.0,-29218622.034892272,-8.924798732155395e-16,52142627604.65565
10690.0,-29218622.03489228,-1.1474741227056936e-15,52142627604.65565
10700.0,-29218622.034892354,-3.697416617607235e-15,52142627604.65558
10710.0,-29218622.034892384,-4.717393615567851e-15,52142627604.655556
10720.0,-29218622.034892082,5.609873488783391e-15,52142627604.655815
10730.0,-29218622.034892015,7.904821734194778e-15,52142627604.65588
10740.0,-29218622.03489228,-1.1474741227056936e-15,52142627604.65565
10750.0,-29218622.034892272,-8.924798732155395e-16,52142627604.65565
10760.0,-29218622.03489237,-4.207405116587543e-15,52142627604.65557
10770.0,-29218622.034892384,-4.717393615567851e-15,52142627604.65555
10780.0,-29218622.03489209,5.354879239293237e-15,52142627604.65581
10790.0,-29218622.03489203,7.39483323521447e-15,52142627604.65587
10800.0,-29218622.034892287,-1.4024683721958478e-15,52142627604.65565
10810.0,-29218622.034892287,-1.4024683721958478e-15,52142627604.65564
10820.0,-29218622.03489237,-4.207405116587543e-15,52142627604.65557
10830.0,-29218622.034892384,-4.717393615567851e-15,52142627604.65554
10840.0,-29218622.034892097,5.0998849898030824e-15,52142627604.65581
10850.0,-29218622.03489203,7.39483323521447e-15,52142627604.65586
10860.0,-29218622.034892287,-1.4024683721958478e-15,52142627604.65564
10870.0,-29218622.0348923,-1.784959746431079e-15,52142627604.65562
10880.0,-29218622.034892377,-4.462399366077697e-15,52142627604.65556
10890.0,-29218622.0348924,-5.227382114548159e-15,52142627604.65553
10900.0,-29218622.034892097,5.0998849898030824e-15,52142627604.65579
10910.0,-29218622.034892038,7.139838985724316e-15,52142627604.65587
10920.0,-29218622.03489228,-1.1474741227056936e-15,52142627604.65564
10930.0,-29218622.034892295,-1.6574626216860019e-15,52142627604.65563
10940.0,-29218622.034892377,-4.462399366077697e-15,52142627604.655556
10950.0,-29218622.034892406,-5.4823763640383135e-15,52142627604.65554
10960.0,-29218622.034892105,4.844890740312928e-15,52142627604.65579
10970.0,-29218622.034892038,7.139838985724316e-15,52142627604.65587
10980.0,-29218622.034892287,-1.4024683721958478e-15,52142627604.65564
10990.0,-29218622.034892295,-1.6574626216860019e-15,52142627604.65563
11000.0,-29218622.034892377,-4.462399366077697e-15,52142627604.65556
11010.0,-29218622.0348924,-5.227382114548159e-15,52142627604.65554
11020.0,-29218622.034892097,5.0998849898030824e-15,52142627604.65581
11030.0,-29218622.03489203,7.39483323521447e-15,52142627604.65587
11040.0,-29218622.034892283,-1.2749712474507706e-15,52142627604.65564
11050.0,-29218622.0348923,-1.784959746431079e-15,52142627604.655624
11060.0,-29218622.034892377,-4.462399366077697e-15,52142627604.655556
11070.0,-29218622.034892406,-5.4823763640383135e-15,52142627604.65553
11080.0,-29218622.034892097,5.0998849898030824e-15,52142627604.65581
11090.0,-29218622.034892038,7.139838985724316e-15,52142627604.65586
11100.0,-29218622.03489228,-1.1474741227056936e-15,52142627604.65563
11110.0,-29218622.0348923,-1.784959746431079e-15,52142627604.65563
11120.0,-29218622.034892377,-4.462399366077697e-15,52142627604.65556
11130.0,-29218622.034892406,-5.4823763640383135e-15,52142627604.65553
11140.0,-29218622.03489209,5.354879239293237e-15,52142627604.6558
11150.0,-29218622.03489203,7.39483323521447e-15,52142627604.65587
11160.0,-29218622.034892287,-1.4024683721958478e-15,52142627604.65563
11170.0,-29218622.0348923,-1.784959746431079e-15,52142627604.65563
11180.0,-29218622.034892377,-4.462399366077697e-15,52142627604.655556
11190.0,-29218622.034892406,-5.4823763640383135e-15,52142627604.65553
11200.0,-29218622.034892097,5.0998849898030824e-15,52142627604.65581
11210.0,-29218622.034892023,7.649827484704623e-15,52142627604.65587
11220.0,-29218622.03489228,-1.1474741227056936e-15,52142627604.65565
11230.0,-29218622.034892295,-1.6574626216860019e-15,52142627604.65563
11240.0,-29218622.034892377,-4.462399366077697e-15,52142627604.65557
11250.0,-29218622.03489239,-4.972387865058006e-15,52142627604.65555
11260.0,-29218622.03489209,5.354879239293237e-15,52142627604.65581
11270.0,-29218622.034892023,7.649827484704623e-15,52142627604.65587
11280.0,-29218622.03489228,-1.1474741227056936e-15,52142627604.65565
11290.0,-29218622.034892283,-1.2749712474507706e-15,52142627604.65564
11300.0,-29218622.03489237,-4.207405116587543e-15,52142627604.65557
11310.0,-29218622.03489239,-4.972387865058006e-15,52142627604.65554
11320.0,-29218622.034892082,5.609873488783391e-15,52142627604.655815
11330.0,-29218622.034892023,7.649827484704623e-15,52142627604.655876
11340.0,-29218622.03489228,-1.1474741227056936e-15,52142627604.65565
11350.0,-29218622.03489228,-1.1474741227056936e-15,52142627604.65565
11360.0,-29218622.03489236,-3.952410867097389e-15,52142627604.65556
11370.0,-29218622.03489239,-4.972387865058006e-15,52142627604.65554
11380.0,-29218622.03489209,5.354879239293237e-15,52142627604.65581
11390.0,-29218622.034892023,7.649827484704623e-15,52142627604.65587
11400.0,-29218622.034892276,-1.0199769979606165e-15,52142627604.65564
11410.0,-29218622.034892283,-1.2749712474507706e-15,52142627604.65563
11420.0,-29218622.03489237,-4.207405116587543e-15,52142627604.65556
11430.0,-29218622.03489239,-4.972387865058006e-15,52142627604.65555
11440.0,-29218622.03489209,5.354879239293237e-15,52142627604.65581
11450.0,-29218622.03489203,7.39483323521447e-15,52142627604.65587
11460.0,-29218622.034892283,-1.2749712474507706e-15,52142627604.65563
11470.0,-29218622.034892283,-1.2749712474507706e-15,52142627604.65563
11480.0,-29218622.034892377,-4.462399366077697e-15,52142627604.655556
11490.0,-29218622.0348924,-5.227382114548159e-15,52142627604.65553
11500.0,-29218622.03489209,5.354879239293237e-15,52142627604.65581
11510.0,-29218622.034892038,7.139838985724316e-15,52142627604.65587
11520.0,-29218622.03489229,-1.5299654969409247e-15,52142627604.65563
11530.0,-29218622.034892283,-1.2749712474507706e-15,52142627604.65563
11540.0,-29218622.034892377,-4.462399366077697e-15,52142627604.655556
11550.0,-29218622.0348924,-5.227382114548159e-15,52142627604.65553
11560.0,-29218622.034892097,5.0998849898030824e-15,52142627604.65581
11570.0,-29218622.034892038,7.139838985724316e-15,52142627604.65587
11580.0,-29218622.034892283,-1.2749712474507706e-15,52142627604.65563
11590.0,-29218622.03489229,-1.5299654969409247e-15,52142627604.65563
11600.0,-29218622.03489237,-4.207405116587543e-15,52142627604.65557
11610.0,-29218622.03489239,-4.972387865058006e-15,52142627604.65554
11620.0,-29218622.03489209,5.354879239293237e-15,52142627604.65581
11630.0,-29218622.034892038,7.139838985724316e-15,52142627604.65587
11640.0,-29218622.03489229,-1.5299654969409247e-15,52142627604.65563
11650.0,-29218622.03489229,-1.5299654969409247e-15,52142627604.65563
11660.0,-29218622.03489237,-4.207405116587543e-15,52142627604.65557
11670.0,-29218622.0348924,-5.227382114548159e-15,52142627604.65554
11680.0,-29218622.03489209,5.354879239293237e-15,52142627604.65581
11690.0,-29218622.03489203,7.39483323521447e-15,52142627604.65587
11700.0,-29218622.034892283,-1.2749712474507706e-15,52142627604.65563
11710.0,-29218622.034892283,-1.2749712474507706e-15,52142627604.65563
11720.0,-29218622.03489237,-4.207405116587543e-15,52142627604.65556
11730.0,-29218622.03489239,-4.972387865058006e-15,52142627604.65554
11740.0,-29218622.03489209,5.354879239293237e-15,52142627604.65581
11750.0,-29218622.034892023,7.649827484704623e-15,52142627604.65588
11760.0,-29218622.034892276,-1.0199769979606165e-15,52142627604.65564
11770.0,-29218622.034892283,-1.2749712474507706e-15,52142627604.65564
11780.0,-29218622.03489237,-4.207405116587543e-15,52142627604.65556
11790.0,-29218622.034892384,-4.717393615567851e-15,52142627604.65555
11800.0,-29218622.034892082,5.609873488783391e-15,52142627604.65582
11810.0,-29218622.034892023,7.649827484704623e-15,52142627604.65588
11820.0,-29218622.03489227,-7.649827484704624e-16,52142627604.65566
11830.0,-29218622.034892276,-1.0199769979606165e-15,52142627604.65565
11840.0,-29218622.034892354,-3.697416617607235e-15,52142627604.65558
11850.0,-29218622.034892384,-4.717393615567851e-15,52142627604.65555
11860.0,-29218622.034892075,5.8648677382735446e-15,52142627604.65582
11870.0,-29218622.034892015,7.904821734194778e-15,52142627604.65588
11880.0,-29218622.034892272,-8.924798732155395e-16,52142627604.655655
11890.0,-29218622.034892283,-1.2749712474507706e-15,52142627604.65565
11900.0,-29218622.03489236,-3.952410867097389e-15,52142627604.65557
11910.0,-29218622.034892384,-4.717393615567851e-15,52142627604.65555
11920.0,-29218622.03489209,5.354879239293237e-15,52142627604.65581
11930.0,-29218622.034892023,7.649827484704623e-15,52142627604.65588
11940.0,-29218622.034892272,-8.924798732155395e-16,52142627604.65566
11950.0,-29218622.034892272,-8.924798732155395e-16,52142627604.65565
11960.0,-29218622.034892354,-3.697416617607235e-15,52142627604.65558
11970.0,-29218622.034892377,-4.462399366077697e-15,52142627604.655556
11980.0,-29218622.034892082,5.609873488783391e-15,52142627604.655815
11990.0,-29218622.034892023,7.649827484704623e-15,52142627604.65588
12000.0,-29218622.03489228,-1.1474741227056936e-15,52142627604.65565
12010.0,-29218622.03489228,-1.1474741227056936e-15,52142627604.65565
12020.0,-29218622.034892354,-3.697416617607235e-15,52142627604.65557
12030.0,-29218622.03489239,-4.972387865058006e-15,52142627604.65555
12040.0,-29218622.034892082,5.609873488783391e-15,52142627604.655815
12050.0,-29218622.034892023,7.649827484704623e-15,52142627604.65587
12060.0,-29218622.034892272,-8.924798732155395e-16,52142627604.65565
12070.0,-29218622.034892287,-1.4024683721958478e-15,52142627604.65564
12080.0,-29218622.03489236,-3.952410867097389e-15,52142627604.65557
12090.0,-29218622.03489239,-4.972387865058006e-15,52142627604.65554
12100.0,-29218622.03489209,5.354879239293237e-15,52142627604.65581
12110.0,-29218622.03489203,7.39483323521447e-15,52142627604.655876
12120.0,-29218622.03489228,-1.1474741227056936e-15,52142627604.65565
12130.0,-29218622.03489228,-1.1474741227056936e-15,52142627604.65565
12140.0,-29218622.03489236,-3.952410867097389e-15,52142627604.65557
12150.0,-29218622.034892384,-4.717393615567851e-15,52142627604.655556
12160.0,-29218622.034892082,5.609873488783391e-15,52142627604.65582
12170.0,-29218622.034892023,7.649827484704623e-15,52142627604.65588
12180.0,-29218622.034892265,-6.374856237253853e-16,52142627604.65565
12190.0,-29218622.034892272,-8.924798732155395e-16,52142627604.65565
12200.0,-29218622.03489236,-3.952410867097389e-15,52142627604.65558
12210.0,-29218622.03489239,-4.972387865058006e-15,52142627604.65555
12220.0,-29218622.03489209,5.354879239293237e-15,52142627604.655815
12230.0,-29218622.034892023,7.649827484704623e-15,52142627604.65587
12240.0,-29218622.034892272,-8.924798732155395e-16,52142627604.65565
12250.0,-29218622.034892287,-1.4024683721958478e-15,52142627604.65564
12260.0,-29218622.03489237,-4.207405116587543e-15,52142627604.65557
12270.0,-29218622.03489239,-4.972387865058006e-15,52142627604.65555
12280.0,-29218622.034892086,5.4823763640383135e-15,52142627604.65581
12290.0,-29218622.034892023,7.649827484704623e-15,52142627604.65588
12300.0,-29218622.03489228,-1.1474741227056936e-15,52142627604.65565
12310.0,-29218622.034892287,-1.4024683721958478e-15,52142627604.65565
12320.0,-29218622.03489236,-3.952410867097389e-15,52142627604.65557
12330.0,-29218622.034892377,-4.462399366077697e-15,52142627604.65555
12340.0,-29218622.034892086,5.4823763640383135e-15,52142627604.655815
12350.0,-29218622.034892008,8.159815983684932e-15,52142627604.65588
12360.0,-29218622.034892272,-8.924798732155395e-16,52142627604.65565
12370.0,-29218622.034892287,-1.4024683721958478e-15,52142627604.65565
12380.0,-29218622.03489236,-3.952410867097389e-15,52142627604.65558
12390.0,-29218622.03489237,-4.207405116587543e-15,52142627604.65556
12400.0,-29218622.03489208,5.737370613528468e-15,52142627604.655815
12410.0,-29218622.034892015,7.904821734194778e-15,52142627604.65588
12420.0,-29218622.034892265,-6.374856237253853e-16,52142627604.655655
12430.0,-29218622.034892272,-8.924798732155395e-16,52142627604.65565
12440.0,-29218622.034892354,-3.697416617607235e-15,52142627604.65557
12450.0,-29218622.034892384,-4.717393615567851e-15,52142627604.65555
12460.0,-29218622.034892086,5.4823763640383135e-15,52142627604.65582
12470.0,-29218622.034892023,7.649827484704623e-15,52142627604.65588
12480.0,-29218622.03489228,-1.1474741227056936e-15,52142627604.65565
12490.0,-29218622.034892272,-8.924798732155395e-16,52142627604.65565
12500.0,-29218622.034892347,-3.4424223681170805e-15,52142627604.65557
12510.0,-29218622.034892384,-4.717393615567851e-15,52142627604.65555
12520.0,-29218622.03489208,5.737370613528468e-15,52142627604.655815
12530.0,-29218622.034892023,7.649827484704623e-15,52142627604.655876
12540.0,-29218622.03489228,-1.1474741227056936e-15,52142627604.65565
12550.0,-29218622.03489228,-1.1474741227056936e-15,52142627604.65565
12560.0,-29218622.03489236,-3.952410867097389e-15,52142627604.65557
12570.0,-29218622.034892384,-4.717393615567851e-15,52142627604.65554
12580.0,-29218622.03489208,5.737370613528468e-15,52142627604.655815
12590.0,-29218622.034892023,7.649827484704623e-15,52142627604.65588
12600.0,-29218622.03489228,-1.1474741227056936e-15,52142627604.65565
12610.0,-29218622.03489228,-1.1474741227056936e-15,52142627604.65565
12620.0,-29218622.034892354,-3.697416617607235e-15,52142627604.65557
12630.0,-29218622.034892384,-4.717393615567851e-15,52142627604.65555
12640.0,-29218622.034892086,5.4823763640383135e-15,52142627604.655815
12650.0,-29218622.034892023,7.649827484704623e-15,52142627604.65588
12660.0,-29218622.034892272,-8.924798732155395e-16,52142627604.65565
12670.0,-29218622.03489228,-1.1474741227056936e-15,52142627604.65565
12680.0,-29218622.03489236,-3.952410867097389e-15,52142627604.65556
12690.0,-29218622.034892384,-4.717393615567851e-15,52142627604.65555
12700.0,-29218622.034892086,5.4823763640383135e-15,52142627604.655815
12710.0,-29218622.034892023,7.649827484704623e-15,52142627604.65588
12720.0,-29218622.03489228,-1.1474741227056936e-15,52142627604.65565
12730.0,-29218622.03489228,-1.1474741227056936e-15,52142627604.65565
12740.0,-29218622.03489236,-3.952410867097389e-15,52142627604.65557
12750.0,-29218622.034892384,-4.717393615567851e-15,52142627604.65554
12760.0,-29218622.03489207,5.992364863018622e-15,52142627604.655815
12770.0,-29218622.034892023,7.649827484704623e-15,52142627604.655876
12780.0,-29218622.034892272,-8.924798732155395e-16,52142627604.65565
12790.0,-29218622.034892287,-1.4024683721958478e-15,52142627604.65563
12800.0,-29218622.03489236,-3.952410867097389e-15,52142627604.65557
12810.0,-29218622.034892384,-4.717393615567851e-15,52142627604.655556
12820.0,-29218622.034892086,5.4823763640383135e-15,52142627604.655815
12830.0,-29218622.034892023,7.649827484704623e-15,52142627604.65587
12840.0,-29218622.03489228,-1.1474741227056936e-15,52142627604.65564
12850.0,-29218622.03489228,-1.1474741227056936e-15,52142627604.65565
12860.0,-29218622.034892354,-3.697416617607235e-15,52142627604.65557
12870.0,-29218622.034892377,-4.462399366077697e-15,52142627604.655556
12880.0,-29218622.03489208,5.737370613528468e-15,52142627604.655815
12890.0,-29218622.034892023,7.649827484704623e-15,52142627604.65588
12900.0,-29218622.03489228,-1.1474741227056936e-15,52142627604.65565
12910.0,-29218622.03489228,-1.1474741227056936e-15,52142627604.65565
12920.0,-29218622.03489236,-3.952410867097389e-15,52142627604.65556
12930.0,-29218622.034892384,-4.717393615567851e-15,52142627604.65555
12940.0,-29218622.034892093,5.227382114548159e-15,52142627604.655815
12950.0,-29218622.034892026,7.522330359959546e-15,52142627604.655876
12960.0,-29218622.03489228,-1.1474741227056936e-15,52142627604.65564
12970.0,-29218622.03489228,-1.1474741227056936e-15,52142627604.65564
12980.0,-29218622.034892354,-3.697416617607235e-15,52142627604.65557
12990.0,-29218622.034892377,-4.462399366077697e-15,52142627604.65555
13000.0,-29218622.034892093,5.227382114548159e-15,52142627604.655815
13010.0,-29218622.03489202,7.7773246094497e-15,52142627604.65588
13020.0,-29218622.03489228,-1.1474741227056936e-15,52142627604.65565
13030.0,-29218622.034892272,-8.924798732155395e-16,52142627604.65565
13040.0,-29218622.03489236,-3.952410867097389e-15,52142627604.65557
13050.0,-29218622.034892384,-4.717393615567851e-15,52142627604.65555
13060.0,-29218622.034892093,5.227382114548159e-15,52142627604.655815
13070.0,-29218622.03489202,7.7773246094497e-15,52142627604.65588
13080.0,-29218622.03489228,-1.1474741227056936e-15,52142627604.65565
13090.0,-29218622.03489228,-1.1474741227056936e-15,52142627604.65564
13100.0,-29218622.034892354,-3.697416617607235e-15,52142627604.65557
13110.0,-29218622.034892377,-4.462399366077697e-15,52142627604.65555
13120.0,-29218622.034892086,5.4823763640383135e-15,52142627604.65582
13130.0,-29218622.03489201,8.032318858939855e-15,52142627604.65588
13140.0,-29218622.034892265,-6.374856237253853e-16,52142627604.65565
13150.0,-29218622.034892265,-6.374856237253853e-16,52142627604.65565
13160.0,-29218622.034892354,-3.697416617607235e-15,52142627604.65558
13170.0,-29218622.034892377,-4.462399366077697e-15,52142627604.65555
13180.0,-29218622.034892093,5.227382114548159e-15,52142627604.65582
13190.0,-29218622.03489202,7.7773246094497e-15,52142627604.65588
13200.0,-29218622.034892257,-3.824913742352312e-16,52142627604.655655
13210.0,-29218622.034892265,-6.374856237253853e-16,52142627604.65565
13220.0,-29218622.034892354,-3.697416617607235e-15,52142627604.65558
13230.0,-29218622.034892373,-4.33490224133262e-15,52142627604.655556
13240.0,-29218622.034892086,5.4823763640383135e-15,52142627604.65582
13250.0,-29218622.03489201,8.032318858939855e-15,52142627604.65588
13260.0,-29218622.034892265,-6.374856237253853e-16,52142627604.65565
13270.0,-29218622.034892265,-6.374856237253853e-16,52142627604.65565
13280.0,-29218622.034892354,-3.697416617607235e-15,52142627604.65558
13290.0,-29218622.034892373,-4.33490224133262e-15,52142627604.655556
13300.0,-29218622.03489208,5.737370613528468e-15,52142627604.65582
13310.0,-29218622.03489201,8.032318858939855e-15,52142627604.65588
13320.0,-29218622.034892265,-6.374856237253853e-16,52142627604.65565
13330.0,-29218622.034892265,-6.374856237253853e-16,52142627604.65565
13340.0,-29218622.034892354,-3.697416617607235e-15,52142627604.65557
13350.0,-29218622.034892373,-4.33490224133262e-15,52142627604.655556
13360.0,-29218622.03489208,5.737370613528468e-15,52142627604.65582
13370.0,-29218622.03489201,8.032318858939855e-15,52142627604.65588
13380.0,-29218622.034892265,-6.374856237253853e-16,52142627604.65565
13390.0,-29218622.034892265,-6.374856237253853e-16,52142627604.65565
13400.0,-29218622.034892354,-3.697416617607235e-15,52142627604.65559
13410.0,-29218622.034892373,-4.33490224133262e-15,52142627604.655556
13420.0,-29218622.034892086,5.4823763640383135e-15,52142627604.65582
13430.0,-29218622.03489201,8.032318858939855e-15,52142627604.65588
13440.0,-29218622.034892257,-3.824913742352312e-16,52142627604.65566
13450.0,-29218622.034892265,-6.374856237253853e-16,52142627604.65565
13460.0,-29218622.034892347,-3.4424223681170805e-15,52142627604.65559
13470.0,-29218622.034892365,-4.079907991842466e-15,52142627604.655556
13480.0,-29218622.03489208,5.737370613528468e-15,52142627604.65582
13490.0,-29218622.03489202,7.7773246094497e-15,52142627604.65588
13500.0,-29218622.034892257,-3.824913742352312e-16,52142627604.655655
13510.0,-29218622.034892265,-6.374856237253853e-16,52142627604.65565
13520.0,-29218622.034892347,-3.4424223681170805e-15,52142627604.65558
13530.0,-29218622.034892373,-4.33490224133262e-15,52142627604.65555
13540.0,-29218622.034892093,5.227382114548159e-15,52142627604.65582
13550.0,-29218622.03489202,7.7773246094497e-15,52142627604.65588
13560.0,-29218622.034892272,-8.924798732155395e-16,52142627604.65565
13570.0,-29218622.034892265,-6.374856237253853e-16,52142627604.65565
13580.0,-29218622.034892347,-3.4424223681170805e-15,52142627604.65558
13590.0,-29218622.034892373,-4.33490224133262e-15,52142627604.655556
13600.0,-29218622.03489208,5.737370613528468e-15,52142627604.65582
13610.0,-29218622.034892004,8.287313108430009e-15,52142627604.65588
13620.0,-29218622.034892257,-3.824913742352312e-16,52142627604.655655
13630.0,-29218622.034892272,-8.924798732155395e-16,52142627604.65565
13640.0,-29218622.034892354,-3.697416617607235e-15,52142627604.65558
13650.0,-29218622.034892373,-4.33490224133262e-15,52142627604.655556
13660.0,-29218622.034892086,5.4823763640383135e-15,52142627604.65582
13670.0,-29218622.03489201,8.032318858939855e-15,52142627604.65588
13680.0,-29218622.034892257,-3.824913742352312e-16,52142627604.655655
13690.0,-29218622.03489228,-1.1474741227056936e-15,52142627604.65565
13700.0,-29218622.034892347,-3.4424223681170805e-15,52142627604.65558
13710.0,-29218622.03489238,-4.5898964908227746e-15,52142627604.65555
13720.0,-29218622.034892093,5.227382114548159e-15,52142627604.65582
13730.0,-29218622.034892026,7.522330359959546e-15,52142627604.65587
13740.0,-29218622.034892272,-8.924798732155395e-16,52142627604.655655
13750.0,-29218622.034892272,-8.924798732155395e-16,52142627604.65564
13760.0,-29218622.034892354,-3.697416617607235e-15,52142627604.65557
13770.0,-29218622.034892395,-5.0998849898030824e-15,52142627604.655556
13780.0,-29218622.034892086,5.4823763640383135e-15,52142627604.65581
13790.0,-29218622.034892026,7.522330359959546e-15,52142627604.65587
13800.0,-29218622.03489228,-1.1474741227056936e-15,52142627604.65565
13810.0,-29218622.03489228,-1.1474741227056936e-15,52142627604.65565
13820.0,-29218622.034892354,-3.697416617607235e-15,52142627604.65558
13830.0,-29218622.034892395,-5.0998849898030824e-15,52142627604.65554
13840.0,-29218622.034892093,5.227382114548159e-15,52142627604.65581
13850.0,-29218622.034892026,7.522330359959546e-15,52142627604.65587
13860.0,-29218622.034892257,-3.824913742352312e-16,52142627604.65565
13870.0,-29218622.034892272,-8.924798732155395e-16,52142627604.65565
13880.0,-29218622.034892354,-3.697416617607235e-15,52142627604.65557
13890.0,-29218622.034892395,-5.0998849898030824e-15,52142627604.655556
13900.0,-29218622.034892086,5.4823763640383135e-15,52142627604.655815
13910.0,-29218622.03489202,7.7773246094497e-15,52142627604.65588
13920.0,-29218622.03489228,-1.1474741227056936e-15,52142627604.65565
13930.0,-29218622.03489228,-1.1474741227056936e-15,52142627604.65565
13940.0,-29218622.034892354,-3.697416617607235e-15,52142627604.65557
13950.0,-29218622.034892395,-5.0998849898030824e-15,52142627604.65554
13960.0,-29218622.034892086,5.4823763640383135e-15,52142627604.655815
13970.0,-29218622.034892026,7.522330359959546e-15,52142627604.655876
13980.0,-29218622.034892265,-6.374856237253853e-16,52142627604.65565
13990.0,-29218622.034892287,-1.4024683721958478e-15,52142627604.65564
14000.0,-29218622.034892354,-3.697416617607235e-15,52142627604.65557
14010.0,-29218622.03489238,-4.5898964908227746e-15,52142627604.65555
14020.0,-29218622.0348921,4.972387865058006e-15,52142627604.65581
14030.0,-29218622.034892026,7.522330359959546e-15,52142627604.65588
14040.0,-29218622.03489228,-1.1474741227056936e-15,52142627604.65564
14050.0,-29218622.034892272,-8.924798732155395e-16,52142627604.65564
14060.0,-29218622.03489235,-3.569919492862158e-15,52142627604.65558
14070.0,-29218622.034892395,-5.0998849898030824e-15,52142627604.65555
14080.0,-29218622.034892093,5.227382114548159e-15,52142627604.65581
14090.0,-29218622.034892026,7.522330359959546e-15,52142627604.65588
14100.0,-29218622.034892265,-6.374856237253853e-16,52142627604.65565
14110.0,-29218622.034892272,-8.924798732155395e-16,52142627604.65564
14120.0,-29218622.03489236,-3.952410867097389e-15,52142627604.65557
14130.0,-29218622.034892388,-4.844890740312928e-15,52142627604.65555
14140.0,-29218622.034892086,5.4823763640383135e-15,52142627604.65582
14150.0,-29218622.034892034,7.267336110469393e-15,52142627604.65587
14160.0,-29218622.034892272,-8.924798732155395e-16,52142627604.65564
14170.0,-29218622.03489228,-1.1474741227056936e-15,52142627604.65564
14180.0,-29218622.034892358,-3.824913742352312e-15,52142627604.65557
14190.0,-29218622.034892373,-4.33490224133262e-15,52142627604.655556
14200.0,-29218622.034892086,5.4823763640383135e-15,52142627604.65581
14210.0,-29218622.034892026,7.522330359959546e-15,52142627604.65587
14220.0,-29218622.034892272,-8.924798732155395e-16,52142627604.65565
14230.0,-29218622.034892272,-8.924798732155395e-16,52142627604.65564
14240.0,-29218622.034892354,-3.697416617607235e-15,52142627604.65557
14250.0,-29218622.034892388,-4.844890740312928e-15,52142627604.655556
14260.0,-29218622.034892086,5.4823763640383135e-15,52142627604.655815
14270.0,-29218622.03489202,7.7773246094497e-15,52142627604.65588
14280.0,-29218622.034892272,-8.924798732155395e-16,52142627604.655655
14290.0,-29218622.034892272,-8.924798732155395e-16,52142627604.65564
14300.0,-29218622.034892354,-3.697416617607235e-15,52142627604.65557
14310.0,-29218622.034892388,-4.844890740312928e-15,52142627604.655556
14320.0,-29218622.03489208,5.737370613528468e-15,52142627604.65582
14330.0,-29218622.034892026,7.522330359959546e-15,52142627604.65588
14340.0,-29218622.034892257,-3.824913742352312e-16,52142627604.655655
14350.0,-29218622.034892272,-8.924798732155395e-16,52142627604.65565
14360.0,-29218622.03489235,-3.569919492862158e-15,52142627604.65558
14370.0,-29218622.034892388,-4.844890740312928e-15,52142627604.65556
14380.0,-29218622.03489208,5.737370613528468e-15,52142627604.655815
14390.0,-29218622.03489201,8.032318858939855e-15,52142627604.65588
14400.0,-29218622.034892265,-6.374856237253853e-16,52142627604.655655
14410.0,-29218622.034892257,-3.824913742352312e-16,52142627604.65566
14420.0,-29218622.03489235,-3.569919492862158e-15,52142627604.65559
14430.0,-29218622.034892365,-4.079907991842466e-15,52142627604.65556
14440.0,-29218622.03489208,5.737370613528468e-15,52142627604.65582
14450.0,-29218622.034892004,8.287313108430009e-15,52142627604.6559
14460.0,-29218622.03489225,-1.2749712474507706e-16,52142627604.65566
14470.0,-29218622.034892272,-8.924798732155395e-16,52142627604.65565
14480.0,-29218622.03489235,-3.569919492862158e-15,52142627604.65558
14490.0,-29218622.034892388,-4.844890740312928e-15,52142627604.655556
14500.0,-29218622.034892093,5.227382114548159e-15,52142627604.655815
14510.0,-29218622.03489201,8.032318858939855e-15,52142627604.65588
14520.0,-29218622.034892265,-6.374856237253853e-16,52142627604.655655
14530.0,-29218622.034892272,-8.924798732155395e-16,52142627604.655655
14540.0,-29218622.03489235,-3.569919492862158e-15,52142627604.65558
14550.0,-29218622.034892388,-4.844890740312928e-15,52142627604.655556
14560.0,-29218622.03489207,5.992364863018622e-15,52142627604.65582
14570.0,-29218622.03489201,8.032318858939855e-15,52142627604.65589
14580.0,-29218622.034892265,-6.374856237253853e-16,52142627604.655655
14590.0,-29218622.034892265,-6.374856237253853e-16,52142627604.65565
14600.0,-29218622.03489235,-3.569919492862158e-15,52142627604.65558
14610.0,-29218622.034892373,-4.33490224133262e-15,52142627604.65556
14620.0,-29218622.03489207,5.992364863018622e-15,52142627604.65582
14630.0,-29218622.034892004,8.287313108430009e-15,52142627604.65589
14640.0,-29218622.034892257,-3.824913742352312e-16,52142627604.65566
14650.0,-29218622.034892272,-8.924798732155395e-16,52142627604.655655
14660.0,-29218622.03489235,-3.569919492862158e-15,52142627604.65558
14670.0,-29218622.034892373,-4.33490224133262e-15,52142627604.655556
14680.0,-29218622.03489207,5.992364863018622e-15,52142627604.65582
14690.0,-29218622.03489201,8.032318858939855e-15,52142627604.65588
14700.0,-29218622.034892257,-3.824913742352312e-16,52142627604.655655
14710.0,-29218622.034892265,-6.374856237253853e-16,52142627604.65566
14720.0,-29218622.034892343,-3.3149252433720038e-15,52142627604.65559
14730.0,-29218622.034892365,-4.079907991842466e-15,52142627604.65557
14740.0,-29218622.03489207,5.992364863018622e-15,52142627604.65582
14750.0,-29218622.034891997,8.542307357920164e-15,52142627604.65589
14760.0,-29218622.034892246,0.0,52142627604.65567
14770.0,-29218622.03489226,-5.099884989803082e-16,52142627604.65566
14780.0,-29218622.034892343,-3.3149252433720038e-15,52142627604.65559
14790.0,-29218622.034892365,-4.079907991842466e-15,52142627604.655556
14800.0,-29218622.03489207,5.992364863018622e-15,52142627604.65582
14810.0,-29218622.03489202,7.7773246094497e-15,52142627604.65588
14820.0,-29218622.034892272,-8.924798732155395e-16,52142627604.65565
14830.0,-29218622.034892265,-6.374856237253853e-16,52142627604.65565
14840.0,-29218622.03489235,-3.569919492862158e-15,52142627604.65557
14850.0,-29218622.034892388,-4.844890740312928e-15,52142627604.655556
14860.0,-29218622.03489208,5.737370613528468e-15,52142627604.65582
14870.0,-29218622.03489202,7.7773246094497e-15,52142627604.65588
14880.0,-29218622.034892272,-8.924798732155395e-16,52142627604.65565
14890.0,-29218622.034892265,-6.374856237253853e-16,52142627604.65565
14900.0,-29218622.034892358,-3.824913742352312e-15,52142627604.65557
14910.0,-29218622.034892395,-5.0998849898030824e-15,52142627604.65554
14920.0,-29218622.034892093,5.227382114548159e-15,52142627604.65581
14930.0,-29218622.03489202,7.7773246094497e-15,52142627604.655876
14940.0,-29218622.034892272,-8.924798732155395e-16,52142627604.65565
14950.0,-29218622.03489228,-1.1474741227056936e-15,52142627604.65565
14960.0,-29218622.034892358,-3.824913742352312e-15,52142627604.65559
14970.0,-29218622.034892388,-4.844890740312928e-15,52142627604.655556
14980.0,-29218622.03489208,5.737370613528468e-15,52142627604.65582
14990.0,-29218622.034892026,7.522330359959546e-15,52142627604.655876
15000.0,-29218622.034892265,-6.374856237253853e-16,52142627604.65565
15010.0,-29218622.034892272,-8.924798732155395e-16,52142627604.65565
15020.0,-29218622.03489235,-3.569919492862158e-15,52142627604.65557
15030.0,-29218622.034892395,-5.0998849898030824e-15,52142627604.65555
15040.0,-29218622.034892086,5.4823763640383135e-15,52142627604.65581
15050.0,-29218622.034892026,7.522330359959546e-15,52142627604.65587
15060.0,-29218622.034892272,-8.924798732155395e-16,52142627604.65565
15070.0,-29218622.034892272,-8.924798732155395e-16,52142627604.65565
15080.0,-29218622.034892365,-4.079907991842466e-15,52142627604.65558
15090.0,-29218622.034892395,-5.0998849898030824e-15,52142627604.65555
15100.0,-29218622.034892093,5.227382114548159e-15,52142627604.65581
15110.0,-29218622.03489202,7.7773246094497e-15,52142627604.65588
15120.0,-29218622.034892265,-6.374856237253853e-16,52142627604.65565
15130.0,-29218622.034892287,-1.4024683721958478e-15,52142627604.65564
15140.0,-29218622.034892365,-4.079907991842466e-15,52142627604.65557
15150.0,-29218622.034892395,-5.0998849898030824e-15,52142627604.65554
15160.0,-29218622.034892093,5.227382114548159e-15,52142627604.65581
15170.0,-29218622.034892026,7.522330359959546e-15,52142627604.655876
15180.0,-29218622.03489228,-1.1474741227056936e-15,52142627604.65565
15190.0,-29218622.034892295,-1.6574626216860019e-15,52142627604.65564
15200.0,-29218622.034892365,-4.079907991842466e-15,52142627604.65556
15210.0,-29218622.034892403,-5.354879239293237e-15,52142627604.65554
15220.0,-29218622.034892093,5.227382114548159e-15,52142627604.65581
15230.0,-29218622.034892026,7.522330359959546e-15,52142627604.65587
15240.0,-29218622.03489228,-1.1474741227056936e-15,52142627604.65564
15250.0,-29218622.03489228,-1.1474741227056936e-15,52142627604.65565
15260.0,-29218622.03489235,-3.569919492862158e-15,52142627604.65557
15270.0,-29218622.034892388,-4.844890740312928e-15,52142627604.655556
15280.0,-29218622.034892086,5.4823763640383135e-15,52142627604.655815
15290.0,-29218622.03489202,7.7773246094497e-15,52142627604.655876
15300.0,-29218622.034892272,-8.924798732155395e-16,52142627604.65565
15310.0,-29218622.03489228,-1.1474741227056936e-15,52142627604.65564
15320.0,-29218622.034892354,-3.697416617607235e-15,52142627604.65557
15330.0,-29218622.034892388,-4.844890740312928e-15,52142627604.65555
15340.0,-29218622.03489208,5.737370613528468e-15,52142627604.655815
15350.0,-29218622.03489202,7.7773246094497e-15,52142627604.65587
15360.0,-29218622.034892272,-8.924798732155395e-16,52142627604.655655
15370.0,-29218622.03489228,-1.1474741227056936e-15,52142627604.65565
15380.0,-29218622.034892358,-3.824913742352312e-15,52142627604.65556
15390.0,-29218622.034892388,-4.844890740312928e-15,52142627604.65555
15400.0,-29218622.034892093,5.227382114548159e-15,52142627604.65581
15410.0,-29218622.03489202,7.7773246094497e-15,52142627604.65587
15420.0,-29218622.034892272,-8.924798732155395e-16,52142627604.65565
15430.0,-29218622.03489228,-1.1474741227056936e-15,52142627604.65563
15440.0,-29218622.03489236,-3.952410867097389e-15,52142627604.65556
15450.0,-29218622.034892403,-5.354879239293237e-15,52142627604.65555
15460.0,-29218622.034892086,5.4823763640383135e-15,52142627604.65581
15470.0,-29218622.034892026,7.522330359959546e-15,52142627604.65588
15480.0,-29218622.034892272,-8.924798732155395e-16,52142627604.65565
15490.0,-29218622.03489228,-1.1474741227056936e-15,52142627604.65564
15500.0,-29218622.03489236,-3.952410867097389e-15,52142627604.65557
15510.0,-29218622.034892395,-5.0998849898030824e-15,52142627604.65554
15520.0,-29218622.034892093,5.227382114548159e-15,52142627604.65581
15530.0,-29218622.034892026,7.522330359959546e-15,52142627604.65587
15540.0,-29218622.034892272,-8.924798732155395e-16,52142627604.65564
15550.0,-29218622.03489228,-1.1474741227056936e-15,52142627604.65563
15560.0,-29218622.03489236,-3.952410867097389e-15,52142627604.65557
15570.0,-29218622.034892395,-5.0998849898030824e-15,52142627604.65555
15580.0,-29218622.034892093,5.227382114548159e-15,52142627604.65581
15590.0,-29218622.034892034,7.267336110469393e-15,52142627604.65587
15600.0,-29218622.03489228,-1.1474741227056936e-15,52142627604.65565
15610.0,-29218622.03489228,-1.1474741227056936e-15,52142627604.65563
15620.0,-29218622.034892354,-3.697416617607235e-15,52142627604.65558
15630.0,-29218622.0348924,-5.227382114548159e-15,52142627604.65555
15640.0,-29218622.03489208,5.737370613528468e-15,52142627604.65582
15650.0,-29218622.034892034,7.267336110469393e-15,52142627604.65587
15660.0,-29218622.03489228,-1.1474741227056936e-15,52142627604.65564
15670.0,-29218622.03489228,-1.1474741227056936e-15,52142627604.65564
15680.0,-29218622.034892354,-3.697416617607235e-15,52142627604.65557
15690.0,-29218622.034892395,-5.0998849898030824e-15,52142627604.65554
15700.0,-29218622.034892093,5.227382114548159e-15,52142627604.65581
15710.0,-29218622.034892026,7.522330359959546e-15,52142627604.65588
15720.0,-29218622.034892272,-8.924798732155395e-16,52142627604.65565
15730.0,-29218622.03489228,-1.1474741227056936e-15,52142627604.65564
15740.0,-29218622.034892354,-3.697416617607235e-15,52142627604.65557
15750.0,-29218622.034892395,-5.0998849898030824e-15,52142627604.65554
15760.0,-29218622.034892093,5.227382114548159e-15,52142627604.65581
15770.0,-29218622.034892034,7.267336110469393e-15,52142627604.65587
15780.0,-29218622.03489228,-1.1474741227056936e-15,52142627604.65564
15790.0,-29218622.03489228,-1.1474741227056936e-15,52142627604.65564
15800.0,-29218622.03489237,-4.207405116587543e-15,52142627604.655556
15810.0,-29218622.0348924,-5.227382114548159e-15,52142627604.65554
15820.0,-29218622.034892093,5.227382114548159e-15,52142627604.65581
15830.0,-29218622.034892034,7.267336110469393e-15,52142627604.65587
15840.0,-29218622.034892287,-1.4024683721958478e-15,52142627604.65563
15850.0,-29218622.034892287,-1.4024683721958478e-15,52142627604.65563
15860.0,-29218622.03489237,-4.207405116587543e-15,52142627604.65557
15870.0,-29218622.0348924,-5.227382114548159e-15,52142627604.65554
15880.0,-29218622.034892093,5.227382114548159e-15,52142627604.65581
15890.0,-29218622.034892026,7.522330359959546e-15,52142627604.65587
15900.0,-29218622.034892265,-6.374856237253853e-16,52142627604.65565
15910.0,-29218622.034892287,-1.4024683721958478e-15,52142627604.65563
15920.0,-29218622.03489236,-3.952410867097389e-15,52142627604.65557
15930.0,-29218622.03489239,-4.972387865058006e-15,52142627604.65554
15940.0,-29218622.034892093,5.227382114548159e-15,52142627604.65581
15950.0,-29218622.03489202,7.7773246094497e-15,52142627604.65587
15960.0,-29218622.034892272,-8.924798732155395e-16,52142627604.65565
15970.0,-29218622.034892287,-1.4024683721958478e-15,52142627604.65563
15980.0,-29218622.034892354,-3.697416617607235e-15,52142627604.65557
15990.0,-29218622.034892377,-4.462399366077697e-15,52142627604.655556
16000.0,-29218622.034892093,5.227382114548159e-15,52142627604.655815
16010.0,-29218622.034892034,7.267336110469393e-15,52142627604.65587
16020.0,-29218622.03489228,-1.1474741227056936e-15,52142627604.65564
16030.0,-29218622.03489228,-1.1474741227056936e-15,52142627604.65564
16040.0,-29218622.03489236,-3.952410867097389e-15,52142627604.65557
16050.0,-29218622.034892384,-4.717393615567851e-15,52142627604.65555
16060.0,-29218622.0348921,4.972387865058006e-15,52142627604.65581
16070.0,-29218622.034892026,7.522330359959546e-15,52142627604.655876
16080.0,-29218622.03489228,-1.1474741227056936e-15,52142627604.65565
16090.0,-29218622.034892287,-1.4024683721958478e-15,52142627604.65564
16100.0,-29218622.03489236,-3.952410867097389e-15,52142627604.65557
16110.0,-29218622.034892384,-4.717393615567851e-15,52142627604.65554
16120.0,-29218622.03489211,4.717393615567851e-15,52142627604.65581
16130.0,-29218622.034892026,7.522330359959546e-15,52142627604.65587
16140.0,-29218622.03489228,-1.1474741227056936e-15,52142627604.65564
16150.0,-29218622.034892302,-1.912456871176156e-15,52142627604.65563
16160.0,-29218622.03489237,-4.207405116587543e-15,52142627604.65556
16170.0,-29218622.034892384,-4.717393615567851e-15,52142627604.65554
16180.0,-29218622.0348921,4.972387865058006e-15,52142627604.65581
16190.0,-29218622.034892026,7.522330359959546e-15,52142627604.65587
16200.0,-29218622.034892272,-8.924798732155395e-16,52142627604.65564
16210.0,-29218622.034892287,-1.4024683721958478e-15,52142627604.65563
16220.0,-29218622.03489237,-4.207405116587543e-15,52142627604.65556
16230.0,-29218622.03489239,-4.972387865058006e-15,52142627604.65554
16240.0,-29218622.03489211,4.717393615567851e-15,52142627604.65579
16250.0,-29218622.03489203,7.39483323521447e-15,52142627604.65587
16260.0,-29218622.034892287,-1.4024683721958478e-15,52142627604.65563
16270.0,-29218622.034892287,-1.4024683721958478e-15,52142627604.65564
16280.0,-29218622.034892377,-4.462399366077697e-15,52142627604.65556
16290.0,-29218622.0348924,-5.227382114548159e-15,52142627604.65554
16300.0,-29218622.034892086,5.4823763640383135e-15,52142627604.65581
16310.0,-29218622.034892023,7.649827484704623e-15,52142627604.655876
16320.0,-29218622.034892272,-8.924798732155395e-16,52142627604.65565
16330.0,-29218622.03489228,-1.1474741227056936e-15,52142627604.65564
16340.0,-29218622.03489236,-3.952410867097389e-15,52142627604.65557
16350.0,-29218622.03489239,-4.972387865058006e-15,52142627604.65554
16360.0,-29218622.03489208,5.737370613528468e-15,52142627604.655815
16370.0,-29218622.034892023,7.649827484704623e-15,52142627604.655876
16380.0,-29218622.034892272,-8.924798732155395e-16,52142627604.655655
16390.0,-29218622.034892272,-8.924798732155395e-16,52142627604.65565
16400.0,-29218622.03489236,-3.952410867097389e-15,52142627604.65558
16410.0,-29218622.034892377,-4.462399366077697e-15,52142627604.655556
16420.0,-29218622.03489208,5.737370613528468e-15,52142627604.65582
16430.0,-29218622.034892015,7.904821734194778e-15,52142627604.65588
16440.0,-29218622.034892272,-8.924798732155395e-16,52142627604.655655
16450.0,-29218622.034892272,-8.924798732155395e-16,52142627604.655655
16460.0,-29218622.03489236,-3.952410867097389e-15,52142627604.65557
16470.0,-29218622.03489239,-4.972387865058006e-15,52142627604.65554
16480.0,-29218622.03489208,5.737370613528468e-15,52142627604.655815
16490.0,-29218622.034892015,7.904821734194778e-15,52142627604.65588
16500.0,-29218622.034892272,-8.924798732155395e-16,52142627604.655655
16510.0,-29218622.034892272,-8.924798732155395e-16,52142627604.65565
16520.0,-29218622.034892354,-3.697416617607235e-15,52142627604.65557
16530.0,-29218622.034892377,-4.462399366077697e-15,52142627604.655556
16540.0,-29218622.034892082,5.609873488783391e-15,52142627604.65581
16550.0,-29218622.034892015,7.904821734194778e-15,52142627604.655876
16560.0,-29218622.034892272,-8.924798732155395e-16,52142627604.65565
16570.0,-29218622.03489228,-1.1474741227056936e-15,52142627604.65565
16580.0,-29218622.03489236,-3.952410867097389e-15,52142627604.65557
16590.0,-29218622.034892384,-4.717393615567851e-15,52142627604.65555
16600.0,-29218622.034892082,5.609873488783391e-15,52142627604.655815
16610.0,-29218622.034892015,7.904821734194778e-15,52142627604.65587
16620.0,-29218622.034892272,-8.924798732155395e-16,52142627604.65565
16630.0,-29218622.03489228,-1.1474741227056936e-15,52142627604.65565
16640.0,-29218622.034892354,-3.697416617607235e-15,52142627604.65557
16650.0,-29218622.034892384,-4.717393615567851e-15,52142627604.65555
16660.0,-29218622.03489209,5.354879239293237e-15,52142627604.655815
16670.0,-29218622.034892008,8.159815983684932e-15,52142627604.65589
16680.0,-29218622.034892265,-6.374856237253853e-16,52142627604.655655
16690.0,-29218622.034892272,-8.924798732155395e-16,52142627604.655655
16700.0,-29218622.034892354,-3.697416617607235e-15,52142627604.65559
16710.0,-29218622.034892377,-4.462399366077697e-15,52142627604.655556
16720.0,-29218622.034892075,5.8648677382735446e-15,52142627604.65582
16730.0,-29218622.034891993,8.66980448266524e-15,52142627604.65588
16740.0,-29218622.034892265,-6.374856237253853e-16,52142627604.655655
16750.0,-29218622.034892272,-8.924798732155395e-16,52142627604.655655
16760.0,-29218622.034892354,-3.697416617607235e-15,52142627604.65558
16770.0,-29218622.034892377,-4.462399366077697e-15,52142627604.655556
16780.0,-29218622.03489208,5.737370613528468e-15,52142627604.65582
16790.0,-29218622.034891985,8.924798732155394e-15,52142627604.6559
16800.0,-29218622.034892257,-3.824913742352312e-16,52142627604.65566
16810.0,-29218622.034892265,-6.374856237253853e-16,52142627604.655655
16820.0,-29218622.034892347,-3.4424223681170805e-15,52142627604.65559
16830.0,-29218622.03489237,-4.207405116587543e-15,52142627604.655556
16840.0,-29218622.034892075,5.8648677382735446e-15,52142627604.65582
16850.0,-29218622.034891993,8.66980448266524e-15,52142627604.6559
16860.0,-29218622.034892265,-6.374856237253853e-16,52142627604.65566
16870.0,-29218622.034892272,-8.924798732155395e-16,52142627604.65566
16880.0,-29218622.034892354,-3.697416617607235e-15,52142627604.65559
16890.0,-29218622.03489236,-3.952410867097389e-15,52142627604.65556
16900.0,-29218622.03489207,5.992364863018622e-15,52142627604.65582
16910.0,-29218622.034891993,8.66980448266524e-15,52142627604.65589
16920.0,-29218622.034892265,-6.374856237253853e-16,52142627604.65566
16930.0,-29218622.034892265,-6.374856237253853e-16,52142627604.65566
16940.0,-29218622.034892347,-3.4424223681170805e-15,52142627604.65559
16950.0,-29218622.03489237,-4.207405116587543e-15,52142627604.65556
16960.0,-29218622.034892064,6.247359112508776e-15,52142627604.65583
16970.0,-29218622.034892008,8.159815983684932e-15,52142627604.65589
16980.0,-29218622.034892272,-8.924798732155395e-16,52142627604.65566
16990.0,-29218622.034892265,-6.374856237253853e-16,52142627604.655655
17000.0,-29218622.034892354,-3.697416617607235e-15,52142627604.65559
17010.0,-29218622.034892377,-4.462399366077697e-15,52142627604.655556
17020.0,-29218622.034892082,5.609873488783391e-15,52142627604.65582
17030.0,-29218622.034892008,8.159815983684932e-15,52142627604.65588
17040.0,-29218622.034892265,-6.374856237253853e-16,52142627604.65566
17050.0,-29218622.034892272,-8.924798732155395e-16,52142627604.65566
17060.0,-29218622.034892354,-3.697416617607235e-15,52142627604.65559
17070.0,-29218622.034892377,-4.462399366077697e-15,52142627604.65556
17080.0,-29218622.034892082,5.609873488783391e-15,52142627604.65582
17090.0,-29218622.034892015,7.904821734194778e-15,52142627604.65588
17100.0,-29218622.034892272,-8.924798732155395e-16,52142627604.65566
17110.0,-29218622.034892272,-8.924798732155395e-16,52142627604.655655
17120.0,-29218622.034892354,-3.697416617607235e-15,52142627604.65558
17130.0,-29218622.034892377,-4.462399366077697e-15,52142627604.655556
17140.0,-29218622.034892064,6.247359112508776e-15,52142627604.65583
17150.0,-29218622.034891993,8.66980448266524e-15,52142627604.65589
17160.0,-29218622.034892272,-8.924798732155395e-16,52142627604.65566
17170.0,-29218622.034892272,-8.924798732155395e-16,52142627604.655655
17180.0,-29218622.034892347,-3.4424223681170805e-15,52142627604.65559
17190.0,-29218622.03489237,-4.207405116587543e-15,52142627604.65556
17200.0,-29218622.034892067,6.119861987763699e-15,52142627604.65583
17210.0,-29218622.034892,8.414810233175085e-15,52142627604.6559
17220.0,-29218622.034892265,-6.374856237253853e-16,52142627604.65566
17230.0,-29218622.034892265,-6.374856237253853e-16,52142627604.65566
17240.0,-29218622.034892354,-3.697416617607235e-15,52142627604.65559
17250.0,-29218622.03489237,-4.207405116587543e-15,52142627604.65556
17260.0,-29218622.034892075,5.8648677382735446e-15,52142627604.65582
17270.0,-29218622.034891993,8.66980448266524e-15,52142627604.6559
17280.0,-29218622.03489226,-5.099884989803082e-16,52142627604.65567
17290.0,-29218622.034892272,-8.924798732155395e-16,52142627604.65566
17300.0,-29218622.034892347,-3.4424223681170805e-15,52142627604.65559
17310.0,-29218622.03489237,-4.207405116587543e-15,52142627604.65557
17320.0,-29218622.034892067,6.119861987763699e-15,52142627604.65583
17330.0,-29218622.034892,8.414810233175085e-15,52142627604.65589
17340.0,-29218622.034892257,-3.824913742352312e-16,52142627604.65567
17350.0,-29218622.03489226,-5.099884989803082e-16,52142627604.65566
17360.0,-29218622.03489234,-3.1874281186269266e-15,52142627604.65559
17370.0,-29218622.03489237,-4.207405116587543e-15,52142627604.65556
17380.0,-29218622.034892067,6.119861987763699e-15,52142627604.65582
17390.0,-29218622.034892008,8.159815983684932e-15,52142627604.65589
17400.0,-29218622.03489226,-5.099884989803082e-16,52142627604.65566
17410.0,-29218622.03489227,-7.649827484704624e-16,52142627604.655655
17420.0,-29218622.034892347,-3.4424223681170805e-15,52142627604.65559
17430.0,-29218622.03489237,-4.207405116587543e-15,52142627604.655556
17440.0,-29218622.034892067,6.119861987763699e-15,52142627604.65582
17450.0,-29218622.034892015,7.904821734194778e-15,52142627604.65588
17460.0,-29218622.03489227,-7.649827484704624e-16,52142627604.655655
17470.0,-29218622.034892276,-1.0199769979606165e-15,52142627604.655655
17480.0,-29218622.03489235,-3.569919492862158e-15,52142627604.65558
17490.0,-29218622.034892384,-4.717393615567851e-15,52142627604.655556
17500.0,-29218622.034892075,5.8648677382735446e-15,52142627604.65582
17510.0,-29218622.034892023,7.649827484704623e-15,52142627604.65588
17520.0,-29218622.034892276,-1.0199769979606165e-15,52142627604.655655
17530.0,-29218622.03489227,-7.649827484704624e-16,52142627604.655655
17540.0,-29218622.034892358,-3.824913742352312e-15,52142627604.65557
17550.0,-29218622.03489238,-4.5898964908227746e-15,52142627604.655556
17560.0,-29218622.034892082,5.609873488783391e-15,52142627604.65582
17570.0,-29218622.034892008,8.159815983684932e-15,52142627604.65588
17580.0,-29218622.03489226,-5.099884989803082e-16,52142627604.655655
17590.0,-29218622.034892276,-1.0199769979606165e-15,52142627604.655655
17600.0,-29218622.034892358,-3.824913742352312e-15,52142627604.65558
17610.0,-29218622.034892373,-4.33490224133262e-15,52142627604.655556
17620.0,-29218622.03489209,5.354879239293237e-15,52142627604.65581
17630.0,-29218622.03489201,8.032318858939855e-15,52142627604.65588
17640.0,-29218622.034892283,-1.2749712474507706e-15,52142627604.65565
17650.0,-29218622.03489229,-1.5299654969409247e-15,52142627604.65564
17660.0,-29218622.034892373,-4.33490224133262e-15,52142627604.65556
17670.0,-29218622.034892395,-5.0998849898030824e-15,52142627604.65553
17680.0,-29218622.034892097,5.0998849898030824e-15,52142627604.65581
17690.0,-29218622.03489201,8.032318858939855e-15,52142627604.65587
17700.0,-29218622.034892276,-1.0199769979606165e-15,52142627604.655655
17710.0,-29218622.034892283,-1.2749712474507706e-15,52142627604.65565
17720.0,-29218622.034892373,-4.33490224133262e-15,52142627604.65557
17730.0,-29218622.034892388,-4.844890740312928e-15,52142627604.65554
17740.0,-29218622.034892093,5.227382114548159e-15,52142627604.655815
17750.0,-29218622.03489201,8.032318858939855e-15,52142627604.655876
17760.0,-29218622.034892276,-1.0199769979606165e-15,52142627604.65565
17770.0,-29218622.03489229,-1.5299654969409247e-15,52142627604.65565
17780.0,-29218622.034892373,-4.33490224133262e-15,52142627604.65557
17790.0,-29218622.034892403,-5.354879239293237e-15,52142627604.65554
17800.0,-29218622.0348921,4.972387865058006e-15,52142627604.65581
17810.0,-29218622.03489202,7.7773246094497e-15,52142627604.65587
17820.0,-29218622.034892287,-1.4024683721958478e-15,52142627604.65564
17830.0,-29218622.034892295,-1.6574626216860019e-15,52142627604.65563
17840.0,-29218622.034892365,-4.079907991842466e-15,52142627604.65556
17850.0,-29218622.034892395,-5.0998849898030824e-15,52142627604.65554
17860.0,-29218622.034892093,5.227382114548159e-15,52142627604.65581
17870.0,-29218622.034892026,7.522330359959546e-15,52142627604.65586
17880.0,-29218622.034892287,-1.4024683721958478e-15,52142627604.65563
17890.0,-29218622.034892287,-1.4024683721958478e-15,52142627604.65564
17900.0,-29218622.034892365,-4.079907991842466e-15,52142627604.65556
17910.0,-29218622.03489241,-5.609873488783391e-15,52142627604.65553
17920.0,-29218622.034892093,5.227382114548159e-15,52142627604.65581
17930.0,-29218622.034892034,7.267336110469393e-15,52142627604.65587
17940.0,-29218622.034892287,-1.4024683721958478e-15,52142627604.65564
17950.0,-29218622.034892295,-1.6574626216860019e-15,52142627604.65564
17960.0,-29218622.03489236,-3.952410867097389e-15,52142627604.65556
17970.0,-29218622.034892395,-5.0998849898030824e-15,52142627604.65554
17980.0,-29218622.0348921,4.972387865058006e-15,52142627604.6558
17990.0,-29218622.03489202,7.7773246094497e-15,52142627604.655876
18000.0,-29218622.034892287,-1.4024683721958478e-15,52142627604.65563
18010.0,-29218622.034892295,-1.6574626216860019e-15,52142627604.65563
18020.0,-29218622.034892354,-3.697416617607235e-15,52142627604.65556
18030.0,-29218622.034892395,-5.0998849898030824e-15,52142627604.65554
18040.0,-29218622.0348921,4.972387865058006e-15,52142627604.65581
18050.0,-29218622.034892034,7.267336110469393e-15,52142627604.65587
18060.0,-29218622.034892295,-1.6574626216860019e-15,52142627604.65564
18070.0,-29218622.034892287,-1.4024683721958478e-15,52142627604.65563
18080.0,-29218622.03489236,-3.952410867097389e-15,52142627604.65556
18090.0,-29218622.03489239,-4.972387865058006e-15,52142627604.65554
18100.0,-29218622.034892093,5.227382114548159e-15,52142627604.65581
18110.0,-29218622.03489203,7.39483323521447e-15,52142627604.65587
18120.0,-29218622.034892287,-1.4024683721958478e-15,52142627604.65564
18130.0,-29218622.034892295,-1.6574626216860019e-15,52142627604.65563
18140.0,-29218622.03489237,-4.207405116587543e-15,52142627604.65556
18150.0,-29218622.0348924,-5.227382114548159e-15,52142627604.65554
18160.0,-29218622.0348921,4.972387865058006e-15,52142627604.6558
18170.0,-29218622.034892023,7.649827484704623e-15,52142627604.65587
18180.0,-29218622.034892287,-1.4024683721958478e-15,52142627604.65564
18190.0,-29218622.034892287,-1.4024683721958478e-15,52142627604.65563
18200.0,-29218622.03489237,-4.207405116587543e-15,52142627604.655556
18210.0,-29218622.0348924,-5.227382114548159e-15,52142627604.65554
18220.0,-29218622.0348921,4.972387865058006e-15,52142627604.65581
18230.0,-29218622.034892023,7.649827484704623e-15,52142627604.65587
18240.0,-29218622.034892287,-1.4024683721958478e-15,52142627604.65564
18250.0,-29218622.034892295,-1.6574626216860019e-15,52142627604.65563
18260.0,-29218622.03489237,-4.207405116587543e-15,52142627604.65556
18270.0,-29218622.03489239,-4.972387865058006e-15,52142627604.65554
18280.0,-29218622.0348921,4.972387865058006e-15,52142627604.65581
18290.0,-29218622.03489203,7.39483323521447e-15,52142627604.65587
18300.0,-29218622.034892287,-1.4024683721958478e-15,52142627604.65563
18310.0,-29218622.034892295,-1.6574626216860019e-15,52142627604.65563
18320.0,-29218622.03489237,-4.207405116587543e-15,52142627604.65556
18330.0,-29218622.03489239,-4.972387865058006e-15,52142627604.65554
18340.0,-29218622.034892097,5.0998849898030824e-15,52142627604.6558
18350.0,-29218622.034892038,7.139838985724316e-15,52142627604.65587
18360.0,-29218622.03489229,-1.5299654969409247e-15,52142627604.655624
18370.0,-29218622.03489229,-1.5299654969409247e-15,52142627604.65563
18380.0,-29218622.034892377,-4.462399366077697e-15,52142627604.655556
18390.0,-29218622.0348924,-5.227382114548159e-15,52142627604.655525
18400.0,-29218622.034892097,5.0998849898030824e-15,52142627604.65579
18410.0,-29218622.03489203,7.39483323521447e-15,52142627604.65587
18420.0,-29218622.03489229,-1.5299654969409247e-15,52142627604.65563
18430.0,-29218622.0348923,-1.784959746431079e-15,52142627604.65563
18440.0,-29218622.03489238,-4.5898964908227746e-15,52142627604.655556
18450.0,-29218622.034892406,-5.4823763640383135e-15,52142627604.655525
18460.0,-29218622.034892097,5.0998849898030824e-15,52142627604.65579
18470.0,-29218622.034892045,6.884844736234161e-15,52142627604.65585
18480.0,-29218622.034892306,-2.039953995921233e-15,52142627604.655624
18490.0,-29218622.03489229,-1.5299654969409247e-15,52142627604.655624
18500.0,-29218622.03489238,-4.5898964908227746e-15,52142627604.655556
18510.0,-29218622.0348924,-5.227382114548159e-15,52142627604.65553
18520.0,-29218622.034892105,4.844890740312928e-15,52142627604.6558
18530.0,-29218622.034892038,7.139838985724316e-15,52142627604.65587
18540.0,-29218622.03489229,-1.5299654969409247e-15,52142627604.655624
18550.0,-29218622.03489229,-1.5299654969409247e-15,52142627604.65563
18560.0,-29218622.03489238,-4.5898964908227746e-15,52142627604.65555
18570.0,-29218622.034892403,-5.354879239293237e-15,52142627604.65554
18580.0,-29218622.034892105,4.844890740312928e-15,52142627604.6558
18590.0,-29218622.034892038,7.139838985724316e-15,52142627604.65587
18600.0,-29218622.03489229,-1.5299654969409247e-15,52142627604.65563
18610.0,-29218622.0348923,-1.784959746431079e-15,52142627604.65562
18620.0,-29218622.03489238,-4.5898964908227746e-15,52142627604.655556
18630.0,-29218622.0348924,-5.227382114548159e-15,52142627604.65553
18640.0,-29218622.034892105,4.844890740312928e-15,52142627604.65579
18650.0,-29218622.034892038,7.139838985724316e-15,52142627604.65587
18660.0,-29218622.034892283,-1.2749712474507706e-15,52142627604.65564
18670.0,-29218622.0348923,-1.784959746431079e-15,52142627604.655624
18680.0,-29218622.034892365,-4.079907991842466e-15,52142627604.655556
18690.0,-29218622.034892403,-5.354879239293237e-15,52142627604.65554
18700.0,-29218622.034892097,5.0998849898030824e-15,52142627604.6558
18710.0,-29218622.034892045,6.884844736234161e-15,52142627604.65587
18720.0,-29218622.03489229,-1.5299654969409247e-15,52142627604.65563
18730.0,-29218622.0348923,-1.784959746431079e-15,52142627604.65563
18740.0,-29218622.034892373,-4.33490224133262e-15,52142627604.655556
18750.0,-29218622.034892403,-5.354879239293237e-15,52142627604.65553
18760.0,-29218622.034892105,4.844890740312928e-15,52142627604.65579
18770.0,-29218622.034892045,6.884844736234161e-15,52142627604.65587
18780.0,-29218622.03489229,-1.5299654969409247e-15,52142627604.65563
18790.0,-29218622.0348923,-1.784959746431079e-15,52142627604.655624
18800.0,-29218622.034892373,-4.33490224133262e-15,52142627604.655556
18810.0,-29218622.034892395,-5.0998849898030824e-15,52142627604.65554
18820.0,-29218622.034892097,5.0998849898030824e-15,52142627604.65581
18830.0,-29218622.03489203,7.39483323521447e-15,52142627604.65587
18840.0,-29218622.034892283,-1.2749712474507706e-15,52142627604.65564
18850.0,-29218622.03489229,-1.5299654969409247e-15,52142627604.65563
18860.0,-29218622.034892373,-4.33490224133262e-15,52142627604.655556
18870.0,-29218622.034892403,-5.354879239293237e-15,52142627604.65554
18880.0,-29218622.034892112,4.5898964908227746e-15,52142627604.65579
18890.0,-29218622.034892045,6.884844736234161e-15,52142627604.65587
18900.0,-29218622.03489229,-1.5299654969409247e-15,52142627604.65563
18910.0,-29218622.034892306,-2.039953995921233e-15,52142627604.65563
18920.0,-29218622.034892373,-4.33490224133262e-15,52142627604.655556
18930.0,-29218622.034892403,-5.354879239293237e-15,52142627604.65553
18940.0,-29218622.034892105,4.844890740312928e-15,52142627604.65579
18950.0,-29218622.03489205,6.757347611489084e-15,52142627604.65586
18960.0,-29218622.0348923,-1.784959746431079e-15,52142627604.65563
18970.0,-29218622.0348923,-1.784959746431079e-15,52142627604.655624
18980.0,-29218622.034892373,-4.33490224133262e-15,52142627604.655556
18990.0,-29218622.034892403,-5.354879239293237e-15,52142627604.655525
19000.0,-29218622.034892105,4.844890740312928e-15,52142627604.65579
19010.0,-29218622.034892045,6.884844736234161e-15,52142627604.65586
19020.0,-29218622.0348923,-1.784959746431079e-15,52142627604.65563
19030.0,-29218622.034892306,-2.039953995921233e-15,52142627604.655624
19040.0,-29218622.034892395,-5.0998849898030824e-15,52142627604.65555
19050.0,-29218622.034892403,-5.354879239293237e-15,52142627604.65553
19060.0,-29218622.034892105,4.844890740312928e-15,52142627604.65579
19070.0,-29218622.034892038,7.139838985724316e-15,52142627604.65587
19080.0,-29218622.0348923,-1.784959746431079e-15,52142627604.65563
19090.0,-29218622.034892306,-2.039953995921233e-15,52142627604.655624
19100.0,-29218622.03489238,-4.5898964908227746e-15,52142627604.655556
19110.0,-29218622.034892403,-5.354879239293237e-15,52142627604.65554
19120.0,-29218622.034892112,4.5898964908227746e-15,52142627604.65579
19130.0,-29218622.034892038,7.139838985724316e-15,52142627604.65586
19140.0,-29218622.03489229,-1.5299654969409247e-15,52142627604.65563
19150.0,-29218622.034892306,-2.039953995921233e-15,52142627604.65563
19160.0,-29218622.034892373,-4.33490224133262e-15,52142627604.655556
19170.0,-29218622.034892403,-5.354879239293237e-15,52142627604.65553
19180.0,-29218622.034892112,4.5898964908227746e-15,52142627604.65579
19190.0,-29218622.034892045,6.884844736234161e-15,52142627604.65586
19200.0,-29218622.0348923,-1.784959746431079e-15,52142627604.655624
19210.0,-29218622.0348923,-1.784959746431079e-15,52142627604.655624
19220.0,-29218622.03489238,-4.5898964908227746e-15,52142627604.65555
19230.0,-29218622.034892403,-5.354879239293237e-15,52142627604.655525
19240.0,-29218622.034892112,4.5898964908227746e-15,52142627604.65579
19250.0,-29218622.03489205,6.757347611489084e-15,52142627604.65585
19260.0,-29218622.034892306,-2.039953995921233e-15,52142627604.65562
19270.0,-29218622.034892313,-2.2949482454113873e-15,52142627604.65562
19280.0,-29218622.034892395,-5.0998849898030824e-15,52142627604.65555
19290.0,-29218622.034892403,-5.354879239293237e-15,52142627604.655525
19300.0,-29218622.03489212,4.33490224133262e-15,52142627604.65579
19310.0,-29218622.034892038,7.139838985724316e-15,52142627604.65587
19320.0,-29218622.0348923,-1.784959746431079e-15,52142627604.65563
19330.0,-29218622.0348923,-1.784959746431079e-15,52142627604.655624
19340.0,-29218622.034892388,-4.844890740312928e-15,52142627604.65555
19350.0,-29218622.03489241,-5.609873488783391e-15,52142627604.655525
19360.0,-29218622.034892105,4.844890740312928e-15,52142627604.65579
19370.0,-29218622.034892045,6.884844736234161e-15,52142627604.65585
19380.0,-29218622.0348923,-1.784959746431079e-15,52142627604.65563
19390.0,-29218622.034892306,-2.039953995921233e-15,52142627604.65563
19400.0,-29218622.03489238,-4.5898964908227746e-15,52142627604.655556
19410.0,-29218622.034892403,-5.354879239293237e-15,52142627604.655525
19420.0,-29218622.034892112,4.5898964908227746e-15,52142627604.65579
19430.0,-29218622.03489205,6.757347611489084e-15,52142627604.65586
19440.0,-29218622.034892306,-2.039953995921233e-15,52142627604.65563
19450.0,-29218622.034892313,-2.2949482454113873e-15,52142627604.65562
19460.0,-29218622.034892373,-4.33490224133262e-15,52142627604.655556
19470.0,-29218622.03489241,-5.609873488783391e-15,52142627604.655525
19480.0,-29218622.034892112,4.5898964908227746e-15,52142627604.65579
19490.0,-29218622.03489204,7.012341860979239e-15,52142627604.65586
19500.0,-29218622.0348923,-1.784959746431079e-15,52142627604.655624
19510.0,-29218622.034892306,-2.039953995921233e-15,52142627604.655624
19520.0,-29218622.03489238,-4.5898964908227746e-15,52142627604.65555
19530.0,-29218622.03489241,-5.609873488783391e-15,52142627604.65553
19540.0,-29218622.034892112,4.5898964908227746e-15,52142627604.65579
19550.0,-29218622.03489205,6.757347611489084e-15,52142627604.65585
19560.0,-29218622.0348923,-1.784959746431079e-15,52142627604.655624
19570.0,-29218622.034892313,-2.2949482454113873e-15,52142627604.65562
19580.0,-29218622.03489238,-4.5898964908227746e-15,52142627604.65555
19590.0,-29218622.034892403,-5.354879239293237e-15,52142627604.65553
19600.0,-29218622.034892112,4.5898964908227746e-15,52142627604.65579
19610.0,-29218622.034892045,6.884844736234161e-15,52142627604.65586
19620.0,-29218622.03489229,-1.5299654969409247e-15,52142627604.65563
19630.0,-29218622.03489229,-1.5299654969409247e-15,52142627604.655624
19640.0,-29218622.03489238,-4.5898964908227746e-15,52142627604.655556
19650.0,-29218622.034892403,-5.354879239293237e-15,52142627604.655525
19660.0,-29218622.034892105,4.844890740312928e-15,52142627604.65579
19670.0,-29218622.034892038,7.139838985724316e-15,52142627604.65587
19680.0,-29218622.03489229,-1.5299654969409247e-15,52142627604.65563
19690.0,-29218622.03489229,-1.5299654969409247e-15,52142627604.65562
19700.0,-29218622.03489238,-4.5898964908227746e-15,52142627604.655556
19710.0,-29218622.034892395,-5.0998849898030824e-15,52142627604.65553
19720.0,-29218622.034892097,5.0998849898030824e-15,52142627604.65581
19730.0,-29218622.03489203,7.39483323521447e-15,52142627604.65586
19740.0,-29218622.034892283,-1.2749712474507706e-15,52142627604.65563
19750.0,-29218622.0348923,-1.784959746431079e-15,52142627604.65563
19760.0,-29218622.034892373,-4.33490224133262e-15,52142627604.655556
19770.0,-29218622.0348924,-5.227382114548159e-15,52142627604.65555
19780.0,-29218622.03489209,5.354879239293237e-15,52142627604.65581
19790.0,-29218622.034892038,7.139838985724316e-15,52142627604.65586
19800.0,-29218622.034892283,-1.2749712474507706e-15,52142627604.65563
19810.0,-29218622.034892276,-1.0199769979606165e-15,52142627604.65563
19820.0,-29218622.03489237,-4.207405116587543e-15,52142627604.65557
19830.0,-29218622.03489239,-4.972387865058006e-15,52142627604.65554
19840.0,-29218622.03489209,5.354879239293237e-15,52142627604.65581
19850.0,-29218622.034892015,7.904821734194778e-15,52142627604.65588
19860.0,-29218622.034892272,-8.924798732155395e-16,52142627604.65564
19870.0,-29218622.034892283,-1.2749712474507706e-15,52142627604.65563
19880.0,-29218622.034892377,-4.462399366077697e-15,52142627604.655556
19890.0,-29218622.034892406,-5.4823763640383135e-15,52142627604.65554
19900.0,-29218622.034892082,5.609873488783391e-15,52142627604.65581
19910.0,-29218622.034892023,7.649827484704623e-15,52142627604.65587
19920.0,-29218622.034892283,-1.2749712474507706e-15,52142627604.65563
19930.0,-29218622.034892287,-1.4024683721958478e-15,52142627604.65563
19940.0,-29218622.03489237,-4.207405116587543e-15,52142627604.655556
19950.0,-29218622.0348924,-5.227382114548159e-15,52142627604.65554
19960.0,-29218622.034892097,5.0998849898030824e-15,52142627604.65581
19970.0,-29218622.034892038,7.139838985724316e-15,52142627604.65586
19980.0,-29218622.034892287,-1.4024683721958478e-15,52142627604.65563
19990.0,-29218622.034892302,-1.912456871176156e-15,52142627604.655624
20000.0,-29218622.034892377,-4.462399366077697e-15,52142627604.655556
20010.0,-29218622.034892406,-5.4823763640383135e-15,52142627604.65554
20020.0,-29218622.0348921,4.972387865058006e-15,52142627604.65581
20030.0,-29218622.03489203,7.39483323521447e-15,52142627604.65587
20040.0,-29218622.034892287,-1.4024683721958478e-15,52142627604.65563
20050.0,-29218622.034892295,-1.6574626216860019e-15,52142627604.655624
20060.0,-29218622.03489237,-4.207405116587543e-15,52142627604.655556
20070.0,-29218622.034892406,-5.4823763640383135e-15,52142627604.655525
20080.0,-29218622.0348921,4.972387865058006e-15,52142627604.6558
20090.0,-29218622.034892038,7.139838985724316e-15,52142627604.65586
20100.0,-29218622.034892287,-1.4024683721958478e-15,52142627604.65563
20110.0,-29218622.034892302,-1.912456871176156e-15,52142627604.655624
20120.0,-29218622.03489237,-4.207405116587543e-15,52142627604.655556
20130.0,-29218622.0348924,-5.227382114548159e-15,52142627604.65553
20140.0,-29218622.0348921,4.972387865058006e-15,52142627604.6558
20150.0,-29218622.034892034,7.267336110469393e-15,52142627604.65587
20160.0,-29218622.034892287,-1.4024683721958478e-15,52142627604.65565
20170.0,-29218622.034892295,-1.6574626216860019e-15,52142627604.655624
20180.0,-29218622.03489237,-4.207405116587543e-15,52142627604.65556
20190.0,-29218622.034892403,-5.354879239293237e-15,52142627604.65553
20200.0,-29218622.03489211,4.717393615567851e-15,52142627604.6558
20210.0,-29218622.034892034,7.267336110469393e-15,52142627604.65587
20220.0,-29218622.034892287,-1.4024683721958478e-15,52142627604.65563
20230.0,-29218622.034892302,-1.912456871176156e-15,52142627604.655624
20240.0,-29218622.03489237,-4.207405116587543e-15,52142627604.655556
20250.0,-29218622.03489241,-5.609873488783391e-15,52142627604.65554
20260.0,-29218622.03489211,4.717393615567851e-15,52142627604.6558
20270.0,-29218622.03489204,7.012341860979239e-15,52142627604.65586
20280.0,-29218622.034892295,-1.6574626216860019e-15,52142627604.65563
20290.0,-29218622.034892302,-1.912456871176156e-15,52142627604.655624
20300.0,-29218622.034892373,-4.33490224133262e-15,52142627604.655556
20310.0,-29218622.03489241,-5.609873488783391e-15,52142627604.655525
20320.0,-29218622.03489211,4.717393615567851e-15,52142627604.6558
20330.0,-29218622.03489205,6.757347611489084e-15,52142627604.65585
20340.0,-29218622.034892302,-1.912456871176156e-15,52142627604.655624
20350.0,-29218622.03489231,-2.16745112066631e-15,52142627604.65561
20360.0,-29218622.034892395,-5.0998849898030824e-15,52142627604.65555
20370.0,-29218622.034892425,-6.119861987763699e-15,52142627604.65552
20380.0,-29218622.034892116,4.462399366077697e-15,52142627604.65579
20390.0,-29218622.034892056,6.50235336199893e-15,52142627604.65585
20400.0,-29218622.034892302,-1.912456871176156e-15,52142627604.655624
20410.0,-29218622.03489231,-2.16745112066631e-15,52142627604.65562
20420.0,-29218622.034892388,-4.844890740312928e-15,52142627604.65555
20430.0,-29218622.034892417,-5.8648677382735446e-15,52142627604.65552
20440.0,-29218622.034892116,4.462399366077697e-15,52142627604.655785
20450.0,-29218622.03489205,6.757347611489084e-15,52142627604.65585
20460.0,-29218622.03489231,-2.16745112066631e-15,52142627604.65562
20470.0,-29218622.034892313,-2.2949482454113873e-15,52142627604.65562
20480.0,-29218622.034892403,-5.354879239293237e-15,52142627604.65554
20490.0,-29218622.03489241,-5.609873488783391e-15,52142627604.655525
20500.0,-29218622.034892112,4.5898964908227746e-15,52142627604.65579
20510.0,-29218622.034892034,7.267336110469393e-15,52142627604.65585
20520.0,-29218622.0348923,-1.784959746431079e-15,52142627604.65563
20530.0,-29218622.034892313,-2.2949482454113873e-15,52142627604.65562
20540.0,-29218622.03489238,-4.5898964908227746e-15,52142627604.65555
20550.0,-29218622.03489241,-5.609873488783391e-15,52142627604.655525
20560.0,-29218622.034892112,4.5898964908227746e-15,52142627604.65579
20570.0,-29218622.03489205,6.757347611489084e-15,52142627604.65585
20580.0,-29218622.034892306,-2.039953995921233e-15,52142627604.65562
20590.0,-29218622.034892313,-2.2949482454113873e-15,52142627604.65562
20600.0,-29218622.034892388,-4.844890740312928e-15,52142627604.65554
20610.0,-29218622.03489241,-5.609873488783391e-15,52142627604.655525
20620.0,-29218622.034892112,4.5898964908227746e-15,52142627604.65579
20630.0,-29218622.034892045,6.884844736234161e-15,52142627604.65585
20640.0,-29218622.0348923,-1.784959746431079e-15,52142627604.655624
20650.0,-29218622.034892306,-2.039953995921233e-15,52142627604.65562
20660.0,-29218622.034892388,-4.844890740312928e-15,52142627604.65555
20670.0,-29218622.034892406,-5.4823763640383135e-15,52142627604.655525
20680.0,-29218622.034892105,4.844890740312928e-15,52142627604.65579
20690.0,-29218622.034892052,6.6298504867440075e-15,52142627604.65585
20700.0,-29218622.0348923,-1.784959746431079e-15,52142627604.655624
20710.0,-29218622.034892306,-2.039953995921233e-15,52142627604.65562
20720.0,-29218622.034892384,-4.717393615567851e-15,52142627604.65555
20730.0,-29218622.03489242,-5.992364863018622e-15,52142627604.65552
20740.0,-29218622.034892127,4.079907991842466e-15,52142627604.65579
20750.0,-29218622.034892052,6.6298504867440075e-15,52142627604.65585
20760.0,-29218622.0348923,-1.784959746431079e-15,52142627604.65562
20770.0,-29218622.034892306,-2.039953995921233e-15,52142627604.65562
20780.0,-29218622.03489239,-4.972387865058006e-15,52142627604.65554
20790.0,-29218622.034892414,-5.737370613528468e-15,52142627604.655525
20800.0,-29218622.03489212,4.33490224133262e-15,52142627604.655785
20810.0,-29218622.034892045,6.884844736234161e-15,52142627604.655846
20820.0,-29218622.03489231,-2.16745112066631e-15,52142627604.65562
20830.0,-29218622.034892302,-1.912456871176156e-15,52142627604.65562
20840.0,-29218622.034892384,-4.717393615567851e-15,52142627604.65555
20850.0,-29218622.0348924,-5.227382114548159e-15,52142627604.655525
20860.0,-29218622.03489212,4.33490224133262e-15,52142627604.65579
20870.0,-29218622.034892045,6.884844736234161e-15,52142627604.65585
20880.0,-29218622.03489231,-2.16745112066631e-15,52142627604.65562
20890.0,-29218622.034892302,-1.912456871176156e-15,52142627604.65562
20900.0,-29218622.03489239,-4.972387865058006e-15,52142627604.65554
20910.0,-29218622.034892414,-5.737370613528468e-15,52142627604.65552
20920.0,-29218622.034892123,4.207405116587543e-15,52142627604.65579
20930.0,-29218622.03489205,6.757347611489084e-15,52142627604.65585
20940.0,-29218622.034892302,-1.912456871176156e-15,52142627604.65562
20950.0,-29218622.034892317,-2.422445370156464e-15,52142627604.65562
20960.0,-29218622.034892377,-4.462399366077697e-15,52142627604.65555
20970.0,-29218622.034892414,-5.737370613528468e-15,52142627604.655525
20980.0,-29218622.03489213,3.952410867097389e-15,52142627604.655785
20990.0,-29218622.03489205,6.757347611489084e-15,52142627604.65585
21000.0,-29218622.034892302,-1.912456871176156e-15,52142627604.655624
21010.0,-29218622.03489231,-2.16745112066631e-15,52142627604.65562
21020.0,-29218622.034892384,-4.717393615567851e-15,52142627604.65555
21030.0,-29218622.034892425,-6.119861987763699e-15,52142627604.655525
21040.0,-29218622.034892123,4.207405116587543e-15,52142627604.65579
21050.0,-29218622.03489204,7.012341860979239e-15,52142627604.65585
21060.0,-29218622.03489231,-2.16745112066631e-15,52142627604.65562
21070.0,-29218622.034892317,-2.422445370156464e-15,52142627604.65562
21080.0,-29218622.034892395,-5.0998849898030824e-15,52142627604.65554
21090.0,-29218622.034892417,-5.8648677382735446e-15,52142627604.655525
21100.0,-29218622.034892116,4.462399366077697e-15,52142627604.655785
21110.0,-29218622.03489205,6.757347611489084e-15,52142627604.65585
21120.0,-29218622.03489231,-2.16745112066631e-15,52142627604.65562
21130.0,-29218622.034892317,-2.422445370156464e-15,52142627604.6556
21140.0,-29218622.034892395,-5.0998849898030824e-15,52142627604.65554
21150.0,-29218622.034892417,-5.8648677382735446e-15,52142627604.65552
21160.0,-29218622.034892116,4.462399366077697e-15,52142627604.65579
21170.0,-29218622.03489204,7.012341860979239e-15,52142627604.65585
21180.0,-29218622.034892306,-2.039953995921233e-15,52142627604.65562
21190.0,-29218622.034892328,-2.8049367443916955e-15,52142627604.65561
21200.0,-29218622.034892403,-5.354879239293237e-15,52142627604.65554
21210.0,-29218622.03489241,-5.609873488783391e-15,52142627604.655525
21220.0,-29218622.03489212,4.33490224133262e-15,52142627604.655785
21230.0,-29218622.034892056,6.50235336199893e-15,52142627604.655846
21240.0,-29218622.034892306,-2.039953995921233e-15,52142627604.65562
21250.0,-29218622.034892313,-2.2949482454113873e-15,52142627604.65562
21260.0,-29218622.034892388,-4.844890740312928e-15,52142627604.65553
21270.0,-29218622.034892417,-5.8648677382735446e-15,52142627604.65551
21280.0,-29218622.034892127,4.079907991842466e-15,52142627604.65578
21290.0,-29218622.03489206,6.374856237253853e-15,52142627604.65584
21300.0,-29218622.034892306,-2.039953995921233e-15,52142627604.65562
21310.0,-29218622.034892313,-2.2949482454113873e-15,52142627604.65561
21320.0,-29218622.034892395,-5.0998849898030824e-15,52142627604.65554
21330.0,-29218622.034892425,-6.119861987763699e-15,52142627604.65552
21340.0,-29218622.034892127,4.079907991842466e-15,52142627604.65578
21350.0,-29218622.03489206,6.374856237253853e-15,52142627604.65584
21360.0,-29218622.034892313,-2.2949482454113873e-15,52142627604.65561
21370.0,-29218622.034892313,-2.2949482454113873e-15,52142627604.65561
21380.0,-29218622.034892395,-5.0998849898030824e-15,52142627604.65553
21390.0,-29218622.03489243,-6.247359112508776e-15,52142627604.65551
21400.0,-29218622.03489212,4.33490224133262e-15,52142627604.65578
21410.0,-29218622.03489206,6.374856237253853e-15,52142627604.655846
21420.0,-29218622.034892306,-2.039953995921233e-15,52142627604.65561
21430.0,-29218622.03489232,-2.5499424949015412e-15,52142627604.6556
21440.0,-29218622.0348924,-5.227382114548159e-15,52142627604.65554
21450.0,-29218622.03489242,-5.992364863018622e-15,52142627604.65551
21460.0,-29218622.034892134,3.824913742352312e-15,52142627604.655785
21470.0,-29218622.034892052,6.6298504867440075e-15,52142627604.65585
21480.0,-29218622.03489231,-2.16745112066631e-15,52142627604.65562
21490.0,-29218622.034892324,-2.6774396196466184e-15,52142627604.6556
21500.0,-29218622.0348924,-5.227382114548159e-15,52142627604.65554
21510.0,-29218622.03489242,-5.992364863018622e-15,52142627604.65552
21520.0,-29218622.034892123,4.207405116587543e-15,52142627604.65579
21530.0,-29218622.034892045,6.884844736234161e-15,52142627604.65585
21540.0,-29218622.03489231,-2.16745112066631e-15,52142627604.65562
21550.0,-29218622.034892317,-2.422445370156464e-15,52142627604.65562
21560.0,-29218622.03489239,-4.972387865058006e-15,52142627604.65554
21570.0,-29218622.034892406,-5.4823763640383135e-15,52142627604.655525
21580.0,-29218622.034892123,4.207405116587543e-15,52142627604.65579
21590.0,-29218622.03489204,7.012341860979239e-15,52142627604.65585
21600.0,-29218622.034892302,-1.912456871176156e-15,52142627604.65562
21610.0,-29218622.03489231,-2.16745112066631e-15,52142627604.65562
21620.0,-29218622.034892384,-4.717393615567851e-15,52142627604.65554
21630.0,-29218622.03489242,-5.992364863018622e-15,52142627604.655525
21640.0,-29218622.034892123,4.207405116587543e-15,52142627604.65579
21650.0,-29218622.03489205,6.757347611489084e-15,52142627604.65585
21660.0,-29218622.034892295,-1.6574626216860019e-15,52142627604.655624
21670.0,-29218622.03489231,-2.16745112066631e-15,52142627604.65562
21680.0,-29218622.034892384,-4.717393615567851e-15,52142627604.65554
21690.0,-29218622.03489242,-5.992364863018622e-15,52142627604.65552
21700.0,-29218622.034892123,4.207405116587543e-15,52142627604.655785
21710.0,-29218622.03489205,6.757347611489084e-15,52142627604.65585
21720.0,-29218622.034892302,-1.912456871176156e-15,52142627604.655624
21730.0,-29218622.034892317,-2.422445370156464e-15,52142627604.65562
21740.0,-29218622.034892384,-4.717393615567851e-15,52142627604.65554
21750.0,-29218622.034892417,-5.8648677382735446e-15,52142627604.655525
21760.0,-29218622.034892116,4.462399366077697e-15,52142627604.6558
21770.0,-29218622.03489205,6.757347611489084e-15,52142627604.65585
21780.0,-29218622.034892295,-1.6574626216860019e-15,52142627604.655624
21790.0,-29218622.034892317,-2.422445370156464e-15,52142627604.65562
21800.0,-29218622.034892384,-4.717393615567851e-15,52142627604.65554
21810.0,-29218622.034892414,-5.737370613528468e-15,52142627604.655525
21820.0,-29218622.03489211,4.717393615567851e-15,52142627604.65579
21830.0,-29218622.034892026,7.522330359959546e-15,52142627604.65585
21840.0,-29218622.034892287,-1.4024683721958478e-15,52142627604.65563
21850.0,-29218622.03489231,-2.16745112066631e-15,52142627604.65562
21860.0,-29218622.034892377,-4.462399366077697e-15,52142627604.65555
21870.0,-29218622.03489241,-5.609873488783391e-15,52142627604.655525
21880.0,-29218622.034892116,4.462399366077697e-15,52142627604.65579
21890.0,-29218622.03489205,6.757347611489084e-15,52142627604.65585
21900.0,-29218622.03489231,-2.16745112066631e-15,52142627604.655624
21910.0,-29218622.034892317,-2.422445370156464e-15,52142627604.65562
21920.0,-29218622.034892384,-4.717393615567851e-15,52142627604.65554
21930.0,-29218622.034892417,-5.8648677382735446e-15,52142627604.655525
21940.0,-29218622.03489211,4.717393615567851e-15,52142627604.65579
21950.0,-29218622.03489205,6.757347611489084e-15,52142627604.65585
21960.0,-29218622.034892302,-1.912456871176156e-15,52142627604.655624
21970.0,-29218622.034892302,-1.912456871176156e-15,52142627604.655624
21980.0,-29218622.034892377,-4.462399366077697e-15,52142627604.655556
21990.0,-29218622.03489241,-5.609873488783391e-15,52142627604.655525
22000.0,-29218622.03489211,4.717393615567851e-15,52142627604.6558
22010.0,-29218622.034892034,7.267336110469393e-15,52142627604.65586
22020.0,-29218622.034892302,-1.912456871176156e-15,52142627604.65563
22030.0,-29218622.034892287,-1.4024683721958478e-15,52142627604.65563
22040.0,-29218622.034892377,-4.462399366077697e-15,52142627604.65556
22050.0,-29218622.03489241,-5.609873488783391e-15,52142627604.655525
22060.0,-29218622.03489211,4.717393615567851e-15,52142627604.6558
22070.0,-29218622.034892034,7.267336110469393e-15,52142627604.65587
22080.0,-29218622.034892287,-1.4024683721958478e-15,52142627604.65563
22090.0,-29218622.03489231,-2.16745112066631e-15,52142627604.655624
22100.0,-29218622.034892377,-4.462399366077697e-15,52142627604.65555
22110.0,-29218622.034892403,-5.354879239293237e-15,52142627604.65554
22120.0,-29218622.0348921,4.972387865058006e-15,52142627604.65581
22130.0,-29218622.034892034,7.267336110469393e-15,52142627604.65587
22140.0,-29218622.03489228,-1.1474741227056936e-15,52142627604.65565
22150.0,-29218622.034892295,-1.6574626216860019e-15,52142627604.65563
22160.0,-29218622.034892377,-4.462399366077697e-15,52142627604.655556
22170.0,-29218622.034892403,-5.354879239293237e-15,52142627604.65554
22180.0,-29218622.03489211,4.717393615567851e-15,52142627604.6558
22190.0,-29218622.03489204,7.012341860979239e-15,52142627604.65586
22200.0,-29218622.034892295,-1.6574626216860019e-15,52142627604.65563
22210.0,-29218622.034892295,-1.6574626216860019e-15,52142627604.65563
22220.0,-29218622.03489236,-3.952410867097389e-15,52142627604.655556
22230.0,-29218622.034892406,-5.4823763640383135e-15,52142627604.655525
22240.0,-29218622.03489211,4.717393615567851e-15,52142627604.65581
22250.0,-29218622.034892034,7.267336110469393e-15,52142627604.65586
22260.0,-29218622.034892287,-1.4024683721958478e-15,52142627604.65563
22270.0,-29218622.034892287,-1.4024683721958478e-15,52142627604.65563
22280.0,-29218622.034892377,-4.462399366077697e-15,52142627604.655556
22290.0,-29218622.03489239,-4.972387865058006e-15,52142627604.65554
22300.0,-29218622.034892116,4.462399366077697e-15,52142627604.65579
22310.0,-29218622.03489204,7.012341860979239e-15,52142627604.65587
22320.0,-29218622.034892302,-1.912456871176156e-15,52142627604.65563
22330.0,-29218622.034892302,-1.912456871176156e-15,52142627604.65563
22340.0,-29218622.034892377,-4.462399366077697e-15,52142627604.655556
22350.0,-29218622.03489239,-4.972387865058006e-15,52142627604.65553
22360.0,-29218622.03489211,4.717393615567851e-15,52142627604.6558
22370.0,-29218622.034892038,7.139838985724316e-15,52142627604.65586
22380.0,-29218622.034892295,-1.6574626216860019e-15,52142627604.65563
22390.0,-29218622.034892302,-1.912456871176156e-15,52142627604.655624
22400.0,-29218622.03489239,-4.972387865058006e-15,52142627604.65555
22410.0,-29218622.034892414,-5.737370613528468e-15,52142627604.655525
22420.0,-29218622.0348921,4.972387865058006e-15,52142627604.65579
22430.0,-29218622.034892045,6.884844736234161e-15,52142627604.65585
22440.0,-29218622.034892295,-1.6574626216860019e-15,52142627604.65563
22450.0,-29218622.034892302,-1.912456871176156e-15,52142627604.65562
22460.0,-29218622.034892384,-4.717393615567851e-15,52142627604.655556
22470.0,-29218622.034892406,-5.4823763640383135e-15,52142627604.655525
22480.0,-29218622.034892105,4.844890740312928e-15,52142627604.65581
22490.0,-29218622.034892045,6.884844736234161e-15,52142627604.65585
22500.0,-29218622.03489229,-1.5299654969409247e-15,52142627604.65563
22510.0,-29218622.034892295,-1.6574626216860019e-15,52142627604.655624
22520.0,-29218622.034892377,-4.462399366077697e-15,52142627604.655556
22530.0,-29218622.034892406,-5.4823763640383135e-15,52142627604.655525
22540.0,-29218622.034892097,5.0998849898030824e-15,52142627604.65579
22550.0,-29218622.03489203,7.39483323521447e-15,52142627604.65587
22560.0,-29218622.03489229,-1.5299654969409247e-15,52142627604.65563
22570.0,-29218622.03489229,-1.5299654969409247e-15,52142627604.65563
22580.0,-29218622.034892377,-4.462399366077697e-15,52142627604.655556
22590.0,-29218622.0348924,-5.227382114548159e-15,52142627604.65553
22600.0,-29218622.034892105,4.844890740312928e-15,52142627604.65581
22610.0,-29218622.034892038,7.139838985724316e-15,52142627604.65587
22620.0,-29218622.034892283,-1.2749712474507706e-15,52142627604.65563
22630.0,-29218622.0348923,-1.784959746431079e-15,52142627604.65563
22640.0,-29218622.034892373,-4.33490224133262e-15,52142627604.655556
22650.0,-29218622.03489241,-5.609873488783391e-15,52142627604.655525
22660.0,-29218622.034892105,4.844890740312928e-15,52142627604.65581
22670.0,-29218622.034892023,7.649827484704623e-15,52142627604.65587
22680.0,-29218622.03489229,-1.5299654969409247e-15,52142627604.65563
22690.0,-29218622.0348923,-1.784959746431079e-15,52142627604.65563
22700.0,-29218622.034892373,-4.33490224133262e-15,52142627604.65557
22710.0,-29218622.034892395,-5.0998849898030824e-15,52142627604.65554
22720.0,-29218622.034892112,4.5898964908227746e-15,52142627604.65581
22730.0,-29218622.03489203,7.39483323521447e-15,52142627604.65587
22740.0,-29218622.0348923,-1.784959746431079e-15,52142627604.65563
22750.0,-29218622.03489229,-1.5299654969409247e-15,52142627604.65563
22760.0,-29218622.03489238,-4.5898964908227746e-15,52142627604.655556
22770.0,-29218622.034892395,-5.0998849898030824e-15,52142627604.65554
22780.0,-29218622.0348921,4.972387865058006e-15,52142627604.65581
22790.0,-29218622.034892034,7.267336110469393e-15,52142627604.65586
22800.0,-29218622.03489229,-1.5299654969409247e-15,52142627604.65563
22810.0,-29218622.034892306,-2.039953995921233e-15,52142627604.65563
22820.0,-29218622.034892373,-4.33490224133262e-15,52142627604.655556
22830.0,-29218622.034892395,-5.0998849898030824e-15,52142627604.65554
22840.0,-29218622.0348921,4.972387865058006e-15,52142627604.65581
22850.0,-29218622.03489204,7.012341860979239e-15,52142627604.65586
22860.0,-29218622.034892287,-1.4024683721958478e-15,52142627604.65563
22870.0,-29218622.034892295,-1.6574626216860019e-15,52142627604.65563
22880.0,-29218622.034892373,-4.33490224133262e-15,52142627604.655556
22890.0,-29218622.03489241,-5.609873488783391e-15,52142627604.65553
22900.0,-29218622.034892093,5.227382114548159e-15,52142627604.65581
22910.0,-29218622.034892034,7.267336110469393e-15,52142627604.65587
22920.0,-29218622.034892302,-1.912456871176156e-15,52142627604.65563
22930.0,-29218622.03489228,-1.1474741227056936e-15,52142627604.65563
22940.0,-29218622.034892377,-4.462399366077697e-15,52142627604.655556
22950.0,-29218622.034892406,-5.4823763640383135e-15,52142627604.65553
22960.0,-29218622.0348921,4.972387865058006e-15,52142627604.65579
22970.0,-29218622.034892034,7.267336110469393e-15,52142627604.65587
22980.0,-29218622.03489228,-1.1474741227056936e-15,52142627604.65564
22990.0,-29218622.034892295,-1.6574626216860019e-15,52142627604.65563
23000.0,-29218622.03489237,-4.207405116587543e-15,52142627604.65556
23010.0,-29218622.034892384,-4.717393615567851e-15,52142627604.65554
23020.0,-29218622.0348921,4.972387865058006e-15,52142627604.65581
23030.0,-29218622.034892026,7.522330359959546e-15,52142627604.65587
23040.0,-29218622.034892287,-1.4024683721958478e-15,52142627604.65563
23050.0,-29218622.034892287,-1.4024683721958478e-15,52142627604.65563
23060.0,-29218622.03489237,-4.207405116587543e-15,52142627604.65556
23070.0,-29218622.03489239,-4.972387865058006e-15,52142627604.65554
23080.0,-29218622.0348921,4.972387865058006e-15,52142627604.65581
23090.0,-29218622.034892023,7.649827484704623e-15,52142627604.65587
23100.0,-29218622.034892287,-1.4024683721958478e-15,52142627604.65563
23110.0,-29218622.034892295,-1.6574626216860019e-15,52142627604.65563
23120.0,-29218622.034892377,-4.462399366077697e-15,52142627604.65556
23130.0,-29218622.0348924,-5.227382114548159e-15,52142627604.65554
23140.0,-29218622.03489209,5.354879239293237e-15,52142627604.65581
23150.0,-29218622.034892038,7.139838985724316e-15,52142627604.65587
23160.0,-29218622.034892287,-1.4024683721958478e-15,52142627604.65563
23170.0,-29218622.034892295,-1.6574626216860019e-15,52142627604.65563
23180.0,-29218622.03489237,-4.207405116587543e-15,52142627604.65557
23190.0,-29218622.0348924,-5.227382114548159e-15,52142627604.65554
23200.0,-29218622.03489209,5.354879239293237e-15,52142627604.65581
23210.0,-29218622.034892038,7.139838985724316e-15,52142627604.65587
23220.0,-29218622.034892283,-1.2749712474507706e-15,52142627604.65564
23230.0,-29218622.034892283,-1.2749712474507706e-15,52142627604.65564
23240.0,-29218622.034892373,-4.33490224133262e-15,52142627604.65556
23250.0,-29218622.03489239,-4.972387865058006e-15,52142627604.65554
23260.0,-29218622.034892097,5.0998849898030824e-15,52142627604.65581
23270.0,-29218622.03489203,7.39483323521447e-15,52142627604.65587
23280.0,-29218622.034892276,-1.0199769979606165e-15,52142627604.65565
23290.0,-29218622.034892283,-1.2749712474507706e-15,52142627604.65564
23300.0,-29218622.034892365,-4.079907991842466e-15,52142627604.65556
23310.0,-29218622.03489239,-4.972387865058006e-15,52142627604.65554
23320.0,-29218622.034892097,5.0998849898030824e-15,52142627604.65581
23330.0,-29218622.03489203,7.39483323521447e-15,52142627604.65587
23340.0,-29218622.03489229,-1.5299654969409247e-15,52142627604.65563
23350.0,-29218622.03489229,-1.5299654969409247e-15,52142627604.65563
23360.0,-29218622.034892373,-4.33490224133262e-15,52142627604.655556
23370.0,-29218622.034892395,-5.0998849898030824e-15,52142627604.65554
23380.0,-29218622.034892097,5.0998849898030824e-15,52142627604.65581
23390.0,-29218622.034892026,7.522330359959546e-15,52142627604.65587
23400.0,-29218622.0348923,-1.784959746431079e-15,52142627604.65563
23410.0,-29218622.0348923,-1.784959746431079e-15,52142627604.65563
23420.0,-29218622.03489238,-4.5898964908227746e-15,52142627604.655556
23430.0,-29218622.034892403,-5.354879239293237e-15,52142627604.65554
23440.0,-29218622.0348921,4.972387865058006e-15,52142627604.6558
23450.0,-29218622.034892026,7.522330359959546e-15,52142627604.65587
23460.0,-29218622.0348923,-1.784959746431079e-15,52142627604.655624
23470.0,-29218622.03489229,-1.5299654969409247e-15,52142627604.65563
23480.0,-29218622.03489238,-4.5898964908227746e-15,52142627604.655556
23490.0,-29218622.034892403,-5.354879239293237e-15,52142627604.65553
23500.0,-29218622.0348921,4.972387865058006e-15,52142627604.65579
23510.0,-29218622.03489204,7.012341860979239e-15,52142627604.65587
23520.0,-29218622.034892295,-1.6574626216860019e-15,52142627604.65563
23530.0,-29218622.034892302,-1.912456871176156e-15,52142627604.65563
23540.0,-29218622.034892373,-4.33490224133262e-15,52142627604.655556
23550.0,-29218622.03489241,-5.609873488783391e-15,52142627604.65553
23560.0,-29218622.0348921,4.972387865058006e-15,52142627604.6558
23570.0,-29218622.034892026,7.522330359959546e-15,52142627604.65587
23580.0,-29218622.034892287,-1.4024683721958478e-15,52142627604.65563
23590.0,-29218622.034892295,-1.6574626216860019e-15,52142627604.65563
23600.0,-29218622.034892377,-4.462399366077697e-15,52142627604.655556
23610.0,-29218622.034892395,-5.0998849898030824e-15,52142627604.65554
23620.0,-29218622.03489211,4.717393615567851e-15,52142627604.65581
23630.0,-29218622.034892026,7.522330359959546e-15,52142627604.655876
23640.0,-29218622.034892295,-1.6574626216860019e-15,52142627604.65563
23650.0,-29218622.03489231,-2.16745112066631e-15,52142627604.65563
23660.0,-29218622.03489236,-3.952410867097389e-15,52142627604.65556
23670.0,-29218622.034892406,-5.4823763640383135e-15,52142627604.65554
23680.0,-29218622.034892116,4.462399366077697e-15,52142627604.65579
23690.0,-29218622.034892038,7.139838985724316e-15,52142627604.65587
23700.0,-29218622.034892287,-1.4024683721958478e-15,52142627604.65563
23710.0,-29218622.034892287,-1.4024683721958478e-15,52142627604.65563
23720.0,-29218622.034892377,-4.462399366077697e-15,52142627604.65556
23730.0,-29218622.0348924,-5.227382114548159e-15,52142627604.65554
23740.0,-29218622.034892105,4.844890740312928e-15,52142627604.6558
23750.0,-29218622.03489203,7.39483323521447e-15,52142627604.65587
23760.0,-29218622.03489228,-1.1474741227056936e-15,52142627604.65565
23770.0,-29218622.034892295,-1.6574626216860019e-15,52142627604.65563
23780.0,-29218622.034892377,-4.462399366077697e-15,52142627604.65556
23790.0,-29218622.0348924,-5.227382114548159e-15,52142627604.65553
23800.0,-29218622.034892105,4.844890740312928e-15,52142627604.6558
23810.0,-29218622.034892038,7.139838985724316e-15,52142627604.65587
23820.0,-29218622.03489229,-1.5299654969409247e-15,52142627604.655624
23830.0,-29218622.0348923,-1.784959746431079e-15,52142627604.65562
23840.0,-29218622.034892377,-4.462399366077697e-15,52142627604.655556
23850.0,-29218622.034892406,-5.4823763640383135e-15,52142627604.65553
23860.0,-29218622.034892097,5.0998849898030824e-15,52142627604.6558
23870.0,-29218622.034892038,7.139838985724316e-15,52142627604.65586
23880.0,-29218622.03489229,-1.5299654969409247e-15,52142627604.65563
23890.0,-29218622.03489229,-1.5299654969409247e-15,52142627604.65563
23900.0,-29218622.034892373,-4.33490224133262e-15,52142627604.65556
23910.0,-29218622.0348924,-5.227382114548159e-15,52142627604.65553
23920.0,-29218622.034892105,4.844890740312928e-15,52142627604.65579
23930.0,-29218622.034892045,6.884844736234161e-15,52142627604.65586
23940.0,-29218622.03489229,-1.5299654969409247e-15,52142627604.65563
23950.0,-29218622.03489229,-1.5299654969409247e-15,52142627604.65563
23960.0,-29218622.034892373,-4.33490224133262e-15,52142627604.655556
23970.0,-29218622.03489241,-5.609873488783391e-15,52142627604.65553
23980.0,-29218622.034892105,4.844890740312928e-15,52142627604.65581
23990.0,-29218622.03489204,7.012341860979239e-15,52142627604.65585
24000.0,-29218622.0348923,-1.784959746431079e-15,52142627604.655624
24010.0,-29218622.0348923,-1.784959746431079e-15,52142627604.655624
24020.0,-29218622.034892365,-4.079907991842466e-15,52142627604.65556
24030.0,-29218622.034892403,-5.354879239293237e-15,52142627604.65553
24040.0,-29218622.034892105,4.844890740312928e-15,52142627604.6558
24050.0,-29218622.034892026,7.522330359959546e-15,52142627604.65587
24060.0,-29218622.03489229,-1.5299654969409247e-15,52142627604.65563
24070.0,-29218622.0348923,-1.784959746431079e-15,52142627604.65563
24080.0,-29218622.034892388,-4.844890740312928e-15,52142627604.655556
24090.0,-29218622.03489241,-5.609873488783391e-15,52142627604.655525
24100.0,-29218622.03489211,4.717393615567851e-15,52142627604.6558
24110.0,-29218622.034892026,7.522330359959546e-15,52142627604.65587
24120.0,-29218622.034892302,-1.912456871176156e-15,52142627604.65563
24130.0,-29218622.034892302,-1.912456871176156e-15,52142627604.655624
24140.0,-29218622.03489238,-4.5898964908227746e-15,52142627604.655556
24150.0,-29218622.03489241,-5.609873488783391e-15,52142627604.655525
24160.0,-29218622.03489211,4.717393615567851e-15,52142627604.65579
24170.0,-29218622.03489204,7.012341860979239e-15,52142627604.65587
24180.0,-29218622.034892295,-1.6574626216860019e-15,52142627604.65563
24190.0,-29218622.034892302,-1.912456871176156e-15,52142627604.65563
24200.0,-29218622.034892384,-4.717393615567851e-15,52142627604.655556
24210.0,-29218622.03489241,-5.609873488783391e-15,52142627604.655525
24220.0,-29218622.034892116,4.462399366077697e-15,52142627604.65579
24230.0,-29218622.03489204,7.012341860979239e-15,52142627604.65585
24240.0,-29218622.034892302,-1.912456871176156e-15,52142627604.655624
24250.0,-29218622.03489231,-2.16745112066631e-15,52142627604.65562
24260.0,-29218622.03489239,-4.972387865058006e-15,52142627604.65555
24270.0,-29218622.034892406,-5.4823763640383135e-15,52142627604.655525
24280.0,-29218622.034892116,4.462399366077697e-15,52142627604.65579
24290.0,-29218622.034892034,7.267336110469393e-15,52142627604.65585
24300.0,-29218622.034892302,-1.912456871176156e-15,52142627604.655624
24310.0,-29218622.034892302,-1.912456871176156e-15,52142627604.655624
24320.0,-29218622.034892377,-4.462399366077697e-15,52142627604.65555
24330.0,-29218622.034892406,-5.4823763640383135e-15,52142627604.655525
24340.0,-29218622.03489212,4.33490224133262e-15,52142627604.65579
24350.0,-29218622.034892038,7.139838985724316e-15,52142627604.65585
24360.0,-29218622.034892317,-2.422445370156464e-15,52142627604.65562
24370.0,-29218622.034892317,-2.422445370156464e-15,52142627604.65562
24380.0,-29218622.0348924,-5.227382114548159e-15,52142627604.65554
24390.0,-29218622.03489242,-5.992364863018622e-15,52142627604.65552
24400.0,-29218622.034892127,4.079907991842466e-15,52142627604.65578
24410.0,-29218622.034892045,6.884844736234161e-15,52142627604.65585
24420.0,-29218622.03489231,-2.16745112066631e-15,52142627604.65562
24430.0,-29218622.03489231,-2.16745112066631e-15,52142627604.65562
24440.0,-29218622.034892384,-4.717393615567851e-15,52142627604.65555
24450.0,-29218622.03489242,-5.992364863018622e-15,52142627604.655525
24460.0,-29218622.034892112,4.5898964908227746e-15,52142627604.65579
24470.0,-29218622.034892045,6.884844736234161e-15,52142627604.65585
24480.0,-29218622.0348923,-1.784959746431079e-15,52142627604.65562
24490.0,-29218622.034892313,-2.2949482454113873e-15,52142627604.65562
24500.0,-29218622.034892384,-4.717393615567851e-15,52142627604.65555
24510.0,-29218622.034892406,-5.4823763640383135e-15,52142627604.65553
24520.0,-29218622.03489212,4.33490224133262e-15,52142627604.65579
24530.0,-29218622.034892038,7.139838985724316e-15,52142627604.65585
24540.0,-29218622.0348923,-1.784959746431079e-15,52142627604.655624
24550.0,-29218622.034892313,-2.2949482454113873e-15,52142627604.65562
24560.0,-29218622.03489239,-4.972387865058006e-15,52142627604.65555
24570.0,-29218622.034892414,-5.737370613528468e-15,52142627604.655525
24580.0,-29218622.034892112,4.5898964908227746e-15,52142627604.65579
24590.0,-29218622.034892052,6.6298504867440075e-15,52142627604.65585
24600.0,-29218622.0348923,-1.784959746431079e-15,52142627604.655624
24610.0,-29218622.034892306,-2.039953995921233e-15,52142627604.65562
24620.0,-29218622.034892395,-5.0998849898030824e-15,52142627604.65554
24630.0,-29218622.03489242,-5.992364863018622e-15,52142627604.655525
24640.0,-29218622.03489212,4.33490224133262e-15,52142627604.65578
24650.0,-29218622.034892052,6.6298504867440075e-15,52142627604.655846
24660.0,-29218622.034892313,-2.2949482454113873e-15,52142627604.65562
24670.0,-29218622.034892313,-2.2949482454113873e-15,52142627604.6556
24680.0,-29218622.034892388,-4.844890740312928e-15,52142627604.65555
24690.0,-29218622.03489242,-5.992364863018622e-15,52142627604.65552
24700.0,-29218622.03489212,4.33490224133262e-15,52142627604.655785
24710.0,-29218622.03489206,6.374856237253853e-15,52142627604.65585
24720.0,-29218622.034892306,-2.039953995921233e-15,52142627604.65562
24730.0,-29218622.034892306,-2.039953995921233e-15,52142627604.65562
24740.0,-29218622.03489238,-4.5898964908227746e-15,52142627604.65555
24750.0,-29218622.034892406,-5.4823763640383135e-15,52142627604.655525
24760.0,-29218622.03489212,4.33490224133262e-15,52142627604.655785
24770.0,-29218622.034892045,6.884844736234161e-15,52142627604.65585
24780.0,-29218622.034892306,-2.039953995921233e-15,52142627604.655624
24790.0,-29218622.034892306,-2.039953995921233e-15,52142627604.65562
24800.0,-29218622.03489238,-4.5898964908227746e-15,52142627604.65555
24810.0,-29218622.034892425,-6.119861987763699e-15,52142627604.65551
24820.0,-29218622.03489212,4.33490224133262e-15,52142627604.65578
24830.0,-29218622.034892052,6.6298504867440075e-15,52142627604.65585
24840.0,-29218622.034892306,-2.039953995921233e-15,52142627604.65562
24850.0,-29218622.034892313,-2.2949482454113873e-15,52142627604.6556
24860.0,-29218622.034892395,-5.0998849898030824e-15,52142627604.65554
24870.0,-29218622.03489241,-5.609873488783391e-15,52142627604.655525
24880.0,-29218622.03489212,4.33490224133262e-15,52142627604.65579
24890.0,-29218622.034892052,6.6298504867440075e-15,52142627604.65585
24900.0,-29218622.0348923,-1.784959746431079e-15,52142627604.655624
24910.0,-29218622.034892306,-2.039953995921233e-15,52142627604.65562
24920.0,-29218622.034892388,-4.844890740312928e-15,52142627604.65555
24930.0,-29218622.03489241,-5.609873488783391e-15,52142627604.655525
24940.0,-29218622.03489212,4.33490224133262e-15,52142627604.65579
24950.0,-29218622.034892052,6.6298504867440075e-15,52142627604.65585
24960.0,-29218622.03489229,-1.5299654969409247e-15,52142627604.65563
24970.0,-29218622.034892306,-2.039953995921233e-15,52142627604.655624
24980.0,-29218622.03489238,-4.5898964908227746e-15,52142627604.65555
24990.0,-29218622.034892417,-5.8648677382735446e-15,52142627604.65552
25000.0,-29218622.034892127,4.079907991842466e-15,52142627604.65579
25010.0,-29218622.03489206,6.374856237253853e-15,52142627604.65585
25020.0,-29218622.034892306,-2.039953995921233e-15,52142627604.65562
25030.0,-29218622.034892306,-2.039953995921233e-15,52142627604.65562
25040.0,-29218622.034892388,-4.844890740312928e-15,52142627604.65555
25050.0,-29218622.03489241,-5.609873488783391e-15,52142627604.655525
25060.0,-29218622.034892097,5.0998849898030824e-15,52142627604.65579
25070.0,-29218622.034892052,6.6298504867440075e-15,52142627604.65585
25080.0,-29218622.0348923,-1.784959746431079e-15,52142627604.655624
25090.0,-29218622.0348923,-1.784959746431079e-15,52142627604.65562
25100.0,-29218622.034892388,-4.844890740312928e-15,52142627604.65554
25110.0,-29218622.034892417,-5.8648677382735446e-15,52142627604.65552
25120.0,-29218622.034892127,4.079907991842466e-15,52142627604.65578
25130.0,-29218622.03489206,6.374856237253853e-15,52142627604.65584
25140.0,-29218622.034892306,-2.039953995921233e-15,52142627604.65562
25150.0,-29218622.034892313,-2.2949482454113873e-15,52142627604.65561
25160.0,-29218622.034892395,-5.0998849898030824e-15,52142627604.65554
25170.0,-29218622.034892432,-6.374856237253853e-15,52142627604.65551
25180.0,-29218622.034892127,4.079907991842466e-15,52142627604.655785
25190.0,-29218622.034892052,6.6298504867440075e-15,52142627604.65585
25200.0,-29218622.034892306,-2.039953995921233e-15,52142627604.65562
25210.0,-29218622.034892313,-2.2949482454113873e-15,52142627604.65562
25220.0,-29218622.034892395,-5.0998849898030824e-15,52142627604.65555
25230.0,-29218622.03489241,-5.609873488783391e-15,52142627604.65552
25240.0,-29218622.034892127,4.079907991842466e-15,52142627604.65578
25250.0,-29218622.03489206,6.374856237253853e-15,52142627604.655846
25260.0,-29218622.034892306,-2.039953995921233e-15,52142627604.65562
25270.0,-29218622.034892306,-2.039953995921233e-15,52142627604.65562
25280.0,-29218622.034892388,-4.844890740312928e-15,52142627604.65554
25290.0,-29218622.034892425,-6.119861987763699e-15,52142627604.65552
25300.0,-29218622.034892112,4.5898964908227746e-15,52142627604.65579
25310.0,-29218622.034892052,6.6298504867440075e-15,52142627604.65585
25320.0,-29218622.034892306,-2.039953995921233e-15,52142627604.65561
25330.0,-29218622.034892306,-2.039953995921233e-15,52142627604.65562
25340.0,-29218622.034892388,-4.844890740312928e-15,52142627604.65555
25350.0,-29218622.034892425,-6.119861987763699e-15,52142627604.65552
25360.0,-29218622.034892112,4.5898964908227746e-15,52142627604.65579
25370.0,-29218622.034892052,6.6298504867440075e-15,52142627604.65585
25380.0,-29218622.034892306,-2.039953995921233e-15,52142627604.65562
25390.0,-29218622.034892306,-2.039953995921233e-15,52142627604.65562
25400.0,-29218622.034892395,-5.0998849898030824e-15,52142627604.65554
25410.0,-29218622.03489242,-5.992364863018622e-15,52142627604.65552
25420.0,-29218622.034892112,4.5898964908227746e-15,52142627604.6558
25430.0,-29218622.034892045,6.884844736234161e-15,52142627604.65585
25440.0,-29218622.034892306,-2.039953995921233e-15,52142627604.65562
25450.0,-29218622.03489232,-2.5499424949015412e-15,52142627604.65562
25460.0,-29218622.0348924,-5.227382114548159e-15,52142627604.65554
25470.0,-29218622.03489243,-6.247359112508776e-15,52142627604.65551
25480.0,-29218622.034892127,4.079907991842466e-15,52142627604.65578
25490.0,-29218622.034892045,6.884844736234161e-15,52142627604.65585
25500.0,-29218622.034892313,-2.2949482454113873e-15,52142627604.65562
25510.0,-29218622.03489231,-2.16745112066631e-15,52142627604.65562
25520.0,-29218622.0348924,-5.227382114548159e-15,52142627604.65554
25530.0,-29218622.03489242,-5.992364863018622e-15,52142627604.65552
25540.0,-29218622.03489212,4.33490224133262e-15,52142627604.65579
25550.0,-29218622.034892052,6.6298504867440075e-15,52142627604.655846
25560.0,-29218622.034892317,-2.422445370156464e-15,52142627604.65562
25570.0,-29218622.034892317,-2.422445370156464e-15,52142627604.65562
25580.0,-29218622.03489239,-4.972387865058006e-15,52142627604.65555
25590.0,-29218622.03489242,-5.992364863018622e-15,52142627604.655525
25600.0,-29218622.03489212,4.33490224133262e-15,52142627604.655785
25610.0,-29218622.034892045,6.884844736234161e-15,52142627604.655846
25620.0,-29218622.03489231,-2.16745112066631e-15,52142627604.65562
25630.0,-29218622.034892317,-2.422445370156464e-15,52142627604.65561
25640.0,-29218622.0348924,-5.227382114548159e-15,52142627604.65554
25650.0,-29218622.03489242,-5.992364863018622e-15,52142627604.65551
25660.0,-29218622.034892123,4.207405116587543e-15,52142627604.65578
25670.0,-29218622.034892038,7.139838985724316e-15,52142627604.65585
25680.0,-29218622.03489231,-2.16745112066631e-15,52142627604.65562
25690.0,-29218622.03489231,-2.16745112066631e-15,52142627604.65562
25700.0,-29218622.034892384,-4.717393615567851e-15,52142627604.65555
25710.0,-29218622.034892414,-5.737370613528468e-15,52142627604.655525
25720.0,-29218622.034892116,4.462399366077697e-15,52142627604.655785
25730.0,-29218622.03489205,6.757347611489084e-15,52142627604.65585
25740.0,-29218622.034892302,-1.912456871176156e-15,52142627604.655624
25750.0,-29218622.034892302,-1.912456871176156e-15,52142627604.65562
25760.0,-29218622.0348924,-5.227382114548159e-15,52142627604.65555
25770.0,-29218622.034892425,-6.119861987763699e-15,52142627604.65552
25780.0,-29218622.03489211,4.717393615567851e-15,52142627604.65579
25790.0,-29218622.03489204,7.012341860979239e-15,52142627604.65585
25800.0,-29218622.03489231,-2.16745112066631e-15,52142627604.65563
25810.0,-29218622.034892302,-1.912456871176156e-15,52142627604.65562
25820.0,-29218622.034892388,-4.844890740312928e-15,52142627604.655556
25830.0,-29218622.03489241,-5.609873488783391e-15,52142627604.65553
25840.0,-29218622.03489211,4.717393615567851e-15,52142627604.65579
25850.0,-29218622.034892026,7.522330359959546e-15,52142627604.65587
25860.0,-29218622.03489229,-1.5299654969409247e-15,52142627604.65563
25870.0,-29218622.0348923,-1.784959746431079e-15,52142627604.65563
25880.0,-29218622.03489238,-4.5898964908227746e-15,52142627604.655556
25890.0,-29218622.03489241,-5.609873488783391e-15,52142627604.655525
25900.0,-29218622.034892112,4.5898964908227746e-15,52142627604.655785
25910.0,-29218622.03489204,7.012341860979239e-15,52142627604.65587
25920.0,-29218622.0348923,-1.784959746431079e-15,52142627604.65563
25930.0,-29218622.034892306,-2.039953995921233e-15,52142627604.65563
25940.0,-29218622.03489238,-4.5898964908227746e-15,52142627604.655556
25950.0,-29218622.034892403,-5.354879239293237e-15,52142627604.655525
25960.0,-29218622.034892105,4.844890740312928e-15,52142627604.6558
25970.0,-29218622.034892045,6.884844736234161e-15,52142627604.65587
25980.0,-29218622.034892283,-1.2749712474507706e-15,52142627604.65565
25990.0,-29218622.0348923,-1.784959746431079e-15,52142627604.65563
26000.0,-29218622.034892373,-4.33490224133262e-15,52142627604.65557
26010.0,-29218622.03489239,-4.972387865058006e-15,52142627604.65554
26020.0,-29218622.034892097,5.0998849898030824e-15,52142627604.6558
26030.0,-29218622.034892038,7.139838985724316e-15,52142627604.65587
26040.0,-29218622.034892283,-1.2749712474507706e-15,52142627604.65564
26050.0,-29218622.03489229,-1.5299654969409247e-15,52142627604.65563
26060.0,-29218622.03489237,-4.207405116587543e-15,52142627604.655556
26070.0,-29218622.03489239,-4.972387865058006e-15,52142627604.65554
26080.0,-29218622.03489209,5.354879239293237e-15,52142627604.65581
26090.0,-29218622.034892023,7.649827484704623e-15,52142627604.65587
26100.0,-29218622.034892287,-1.4024683721958478e-15,52142627604.65564
26110.0,-29218622.034892287,-1.4024683721958478e-15,52142627604.65563
26120.0,-29218622.03489236,-3.952410867097389e-15,52142627604.65557
26130.0,-29218622.034892384,-4.717393615567851e-15,52142627604.65555
26140.0,-29218622.0348921,4.972387865058006e-15,52142627604.65581
26150.0,-29218622.03489203,7.39483323521447e-15,52142627604.65587
26160.0,-29218622.034892287,-1.4024683721958478e-15,52142627604.65565
26170.0,-29218622.03489231,-2.16745112066631e-15,52142627604.65563
26180.0,-29218622.03489236,-3.952410867097389e-15,52142627604.65556
26190.0,-29218622.034892406,-5.4823763640383135e-15,52142627604.655525
26200.0,-29218622.03489211,4.717393615567851e-15,52142627604.6558
26210.0,-29218622.034892034,7.267336110469393e-15,52142627604.65587
26220.0,-29218622.034892295,-1.6574626216860019e-15,52142627604.65563
26230.0,-29218622.034892287,-1.4024683721958478e-15,52142627604.655624
26240.0,-29218622.03489237,-4.207405116587543e-15,52142627604.655556
26250.0,-29218622.034892403,-5.354879239293237e-15,52142627604.65553
26260.0,-29218622.0348921,4.972387865058006e-15,52142627604.65581
26270.0,-29218622.034892034,7.267336110469393e-15,52142627604.65587
26280.0,-29218622.034892287,-1.4024683721958478e-15,52142627604.65563
26290.0,-29218622.034892295,-1.6574626216860019e-15,52142627604.65563
26300.0,-29218622.034892365,-4.079907991842466e-15,52142627604.65556
26310.0,-29218622.034892403,-5.354879239293237e-15,52142627604.65554
26320.0,-29218622.0348921,4.972387865058006e-15,52142627604.6558
26330.0,-29218622.03489204,7.012341860979239e-15,52142627604.65586
26340.0,-29218622.034892283,-1.2749712474507706e-15,52142627604.65563
26350.0,-29218622.03489229,-1.5299654969409247e-15,52142627604.65563
26360.0,-29218622.034892373,-4.33490224133262e-15,52142627604.65556
26370.0,-29218622.034892403,-5.354879239293237e-15,52142627604.65554
26380.0,-29218622.0348921,4.972387865058006e-15,52142627604.6558
26390.0,-29218622.034892026,7.522330359959546e-15,52142627604.65587
26400.0,-29218622.03489229,-1.5299654969409247e-15,52142627604.65564
26410.0,-29218622.0348923,-1.784959746431079e-15,52142627604.65563
26420.0,-29218622.034892373,-4.33490224133262e-15,52142627604.65556
26430.0,-29218622.034892395,-5.0998849898030824e-15,52142627604.65554
26440.0,-29218622.034892097,5.0998849898030824e-15,52142627604.6558
26450.0,-29218622.034892026,7.522330359959546e-15,52142627604.65587
26460.0,-29218622.03489229,-1.5299654969409247e-15,52142627604.65564
26470.0,-29218622.0348923,-1.784959746431079e-15,52142627604.65563
26480.0,-29218622.03489238,-4.5898964908227746e-15,52142627604.65556
26490.0,-29218622.034892403,-5.354879239293237e-15,52142627604.655525
26500.0,-29218622.034892105,4.844890740312928e-15,52142627604.65579
26510.0,-29218622.034892023,7.649827484704623e-15,52142627604.65587
26520.0,-29218622.03489229,-1.5299654969409247e-15,52142627604.655624
26530.0,-29218622.03489229,-1.5299654969409247e-15,52142627604.65563
26540.0,-29218622.03489238,-4.5898964908227746e-15,52142627604.655556
26550.0,-29218622.0348924,-5.227382114548159e-15,52142627604.65554
26560.0,-29218622.034892097,5.0998849898030824e-15,52142627604.6558
26570.0,-29218622.034892038,7.139838985724316e-15,52142627604.65587
26580.0,-29218622.03489229,-1.5299654969409247e-15,52142627604.655624
26590.0,-29218622.0348923,-1.784959746431079e-15,52142627604.65563
26600.0,-29218622.034892384,-4.717393615567851e-15,52142627604.655556
26610.0,-29218622.034892406,-5.4823763640383135e-15,52142627604.65554
26620.0,-29218622.034892097,5.0998849898030824e-15,52142627604.6558
26630.0,-29218622.034892038,7.139838985724316e-15,52142627604.65587
26640.0,-29218622.034892287,-1.4024683721958478e-15,52142627604.65563
26650.0,-29218622.034892302,-1.912456871176156e-15,52142627604.655624
26660.0,-29218622.034892377,-4.462399366077697e-15,52142627604.65556
26670.0,-29218622.034892406,-5.4823763640383135e-15,52142627604.65553
26680.0,-29218622.03489211,4.717393615567851e-15,52142627604.6558
26690.0,-29218622.03489203,7.39483323521447e-15,52142627604.65585
26700.0,-29218622.034892287,-1.4024683721958478e-15,52142627604.65563
26710.0,-29218622.034892287,-1.4024683721958478e-15,52142627604.65563
26720.0,-29218622.034892384,-4.717393615567851e-15,52142627604.655556
26730.0,-29218622.0348924,-5.227382114548159e-15,52142627604.65553
26740.0,-29218622.034892116,4.462399366077697e-15,52142627604.6558
26750.0,-29218622.034892038,7.139838985724316e-15,52142627604.65586
26760.0,-29218622.034892295,-1.6574626216860019e-15,52142627604.65563
26770.0,-29218622.034892302,-1.912456871176156e-15,52142627604.65562
26780.0,-29218622.034892377,-4.462399366077697e-15,52142627604.655556
26790.0,-29218622.034892406,-5.4823763640383135e-15,52142627604.65553
26800.0,-29218622.034892116,4.462399366077697e-15,52142627604.65579
26810.0,-29218622.034892026,7.522330359959546e-15,52142627604.65587
26820.0,-29218622.03489228,-1.1474741227056936e-15,52142627604.65563
26830.0,-29218622.034892302,-1.912456871176156e-15,52142627604.655624
26840.0,-29218622.034892377,-4.462399366077697e-15,52142627604.655556
26850.0,-29218622.03489241,-5.609873488783391e-15,52142627604.65553
26860.0,-29218622.034892116,4.462399366077697e-15,52142627604.65579
26870.0,-29218622.03489204,7.012341860979239e-15,52142627604.65585
26880.0,-29218622.034892295,-1.6574626216860019e-15,52142627604.65563
26890.0,-29218622.034892295,-1.6574626216860019e-15,52142627604.65563
26900.0,-29218622.034892373,-4.33490224133262e-15,52142627604.65557
26910.0,-29218622.03489241,-5.609873488783391e-15,52142627604.65553
26920.0,-29218622.03489211,4.717393615567851e-15,52142627604.65579
26930.0,-29218622.034892026,7.522330359959546e-15,52142627604.65587
26940.0,-29218622.03489229,-1.5299654969409247e-15,52142627604.65563
26950.0,-29218622.034892306,-2.039953995921233e-15,52142627604.655624
26960.0,-29218622.03489238,-4.5898964908227746e-15,52142627604.655556
26970.0,-29218622.034892395,-5.0998849898030824e-15,52142627604.65554
26980.0,-29218622.034892097,5.0998849898030824e-15,52142627604.6558
26990.0,-29218622.034892026,7.522330359959546e-15,52142627604.65587
27000.0,-29218622.03489229,-1.5299654969409247e-15,52142627604.65563
27010.0,-29218622.0348923,-1.784959746431079e-15,52142627604.65563
27020.0,-29218622.034892373,-4.33490224133262e-15,52142627604.655556
27030.0,-29218622.034892403,-5.354879239293237e-15,52142627604.65554
27040.0,-29218622.034892097,5.0998849898030824e-15,52142627604.65581
27050.0,-29218622.034892026,7.522330359959546e-15,52142627604.65587
27060.0,-29218622.03489229,-1.5299654969409247e-15,52142627604.65564
27070.0,-29218622.034892283,-1.2749712474507706e-15,52142627604.65565
27080.0,-29218622.034892365,-4.079907991842466e-15,52142627604.65557
27090.0,-29218622.03489239,-4.972387865058006e-15,52142627604.65554
27100.0,-29218622.03489209,5.354879239293237e-15,52142627604.655815
27110.0,-29218622.034892023,7.649827484704623e-15,52142627604.655876
27120.0,-29218622.034892276,-1.0199769979606165e-15,52142627604.65565
27130.0,-29218622.03489229,-1.5299654969409247e-15,52142627604.65563
27140.0,-29218622.03489236,-3.952410867097389e-15,52142627604.65557
27150.0,-29218622.0348924,-5.227382114548159e-15,52142627604.65554
27160.0,-29218622.03489209,5.354879239293237e-15,52142627604.65581
27170.0,-29218622.034892023,7.649827484704623e-15,52142627604.65588
27180.0,-29218622.03489227,-7.649827484704624e-16,52142627604.655655
27190.0,-29218622.03489228,-1.1474741227056936e-15,52142627604.65565
27200.0,-29218622.03489236,-3.952410867097389e-15,52142627604.65557
27210.0,-29218622.034892384,-4.717393615567851e-15,52142627604.65554
27220.0,-29218622.034892097,5.0998849898030824e-15,52142627604.65581
27230.0,-29218622.03489203,7.39483323521447e-15,52142627604.65587
27240.0,-29218622.03489228,-1.1474741227056936e-15,52142627604.65565
27250.0,-29218622.034892287,-1.4024683721958478e-15,52142627604.65564
27260.0,-29218622.034892377,-4.462399366077697e-15,52142627604.655556
27270.0,-29218622.0348924,-5.227382114548159e-15,52142627604.65554
27280.0,-29218622.034892097,5.0998849898030824e-15,52142627604.65581
27290.0,-29218622.034892023,7.649827484704623e-15,52142627604.65587
27300.0,-29218622.034892295,-1.6574626216860019e-15,52142627604.65564
27310.0,-29218622.034892287,-1.4024683721958478e-15,52142627604.65564
27320.0,-29218622.03489237,-4.207405116587543e-15,52142627604.65556
27330.0,-29218622.034892384,-4.717393615567851e-15,52142627604.655556
27340.0,-29218622.03489209,5.354879239293237e-15,52142627604.655815
27350.0,-29218622.034892023,7.649827484704623e-15,52142627604.655876
27360.0,-29218622.03489228,-1.1474741227056936e-15,52142627604.65565
27370.0,-29218622.034892287,-1.4024683721958478e-15,52142627604.65564
27380.0,-29218622.03489237,-4.207405116587543e-15,52142627604.655556
27390.0,-29218622.0348924,-5.227382114548159e-15,52142627604.65554
27400.0,-29218622.034892093,5.227382114548159e-15,52142627604.65581
27410.0,-29218622.03489203,7.39483323521447e-15,52142627604.655876
27420.0,-29218622.034892295,-1.6574626216860019e-15,52142627604.65564
27430.0,-29218622.034892287,-1.4024683721958478e-15,52142627604.65564
27440.0,-29218622.03489237,-4.207405116587543e-15,52142627604.65557
27450.0,-29218622.03489239,-4.972387865058006e-15,52142627604.65554
27460.0,-29218622.034892086,5.4823763640383135e-15,52142627604.65581
27470.0,-29218622.034892023,7.649827484704623e-15,52142627604.65587
27480.0,-29218622.034892287,-1.4024683721958478e-15,52142627604.65563
27490.0,-29218622.034892287,-1.4024683721958478e-15,52142627604.65563
27500.0,-29218622.03489237,-4.207405116587543e-15,52142627604.655556
27510.0,-29218622.03489239,-4.972387865058006e-15,52142627604.65554
27520.0,-29218622.034892086,5.4823763640383135e-15,52142627604.65581
27530.0,-29218622.034892026,7.522330359959546e-15,52142627604.65587
27540.0,-29218622.03489228,-1.1474741227056936e-15,52142627604.65565
27550.0,-29218622.034892287,-1.4024683721958478e-15,52142627604.65563
27560.0,-29218622.034892354,-3.697416617607235e-15,52142627604.65557
27570.0,-29218622.034892384,-4.717393615567851e-15,52142627604.65555
27580.0,-29218622.034892086,5.4823763640383135e-15,52142627604.65581
27590.0,-29218622.034892026,7.522330359959546e-15,52142627604.655876
27600.0,-29218622.03489228,-1.1474741227056936e-15,52142627604.65565
27610.0,-29218622.03489228,-1.1474741227056936e-15,52142627604.65565
27620.0,-29218622.034892354,-3.697416617607235e-15,52142627604.65557
27630.0,-29218622.034892384,-4.717393615567851e-15,52142627604.65554
27640.0,-29218622.03489208,5.737370613528468e-15,52142627604.65582
27650.0,-29218622.03489202,7.7773246094497e-15,52142627604.65588
27660.0,-29218622.03489228,-1.1474741227056936e-15,52142627604.65565
27670.0,-29218622.03489228,-1.1474741227056936e-15,52142627604.65565
27680.0,-29218622.03489237,-4.207405116587543e-15,52142627604.65557
27690.0,-29218622.03489239,-4.972387865058006e-15,52142627604.65554
27700.0,-29218622.034892086,5.4823763640383135e-15,52142627604.655815
27710.0,-29218622.03489202,7.7773246094497e-15,52142627604.655876
27720.0,-29218622.03489228,-1.1474741227056936e-15,52142627604.65565
27730.0,-29218622.03489228,-1.1474741227056936e-15,52142627604.65565
27740.0,-29218622.03489236,-3.952410867097389e-15,52142627604.65557
27750.0,-29218622.03489239,-4.972387865058006e-15,52142627604.65554
27760.0,-29218622.03489211,4.717393615567851e-15,52142627604.65581
27770.0,-29218622.034892026,7.522330359959546e-15,52142627604.655876
27780.0,-29218622.03489228,-1.1474741227056936e-15,52142627604.65565
27790.0,-29218622.034892287,-1.4024683721958478e-15,52142627604.65563
27800.0,-29218622.03489236,-3.952410867097389e-15,52142627604.65557
27810.0,-29218622.034892384,-4.717393615567851e-15,52142627604.65554
27820.0,-29218622.034892093,5.227382114548159e-15,52142627604.65581
27830.0,-29218622.03489202,7.7773246094497e-15,52142627604.655876
27840.0,-29218622.03489228,-1.1474741227056936e-15,52142627604.65565
27850.0,-29218622.03489228,-1.1474741227056936e-15,52142627604.65564
27860.0,-29218622.034892354,-3.697416617607235e-15,52142627604.65557
27870.0,-29218622.03489239,-4.972387865058006e-15,52142627604.65554
27880.0,-29218622.034892093,5.227382114548159e-15,52142627604.65581
27890.0,-29218622.034892026,7.522330359959546e-15,52142627604.65588
27900.0,-29218622.034892272,-8.924798732155395e-16,52142627604.65565
27910.0,-29218622.034892287,-1.4024683721958478e-15,52142627604.65565
27920.0,-29218622.03489236,-3.952410867097389e-15,52142627604.65558
27930.0,-29218622.03489239,-4.972387865058006e-15,52142627604.65554
27940.0,-29218622.034892093,5.227382114548159e-15,52142627604.65581
27950.0,-29218622.03489203,7.39483323521447e-15,52142627604.65587
27960.0,-29218622.034892287,-1.4024683721958478e-15,52142627604.65563
27970.0,-29218622.034892295,-1.6574626216860019e-15,52142627604.65563
27980.0,-29218622.03489237,-4.207405116587543e-15,52142627604.65556
27990.0,-29218622.03489239,-4.972387865058006e-15,52142627604.65554
28000.0,-29218622.034892086,5.4823763640383135e-15,52142627604.65581
28010.0,-29218622.034892038,7.139838985724316e-15,52142627604.65587
28020.0,-29218622.034892295,-1.6574626216860019e-15,52142627604.65564
28030.0,-29218622.034892295,-1.6574626216860019e-15,52142627604.65563
28040.0,-29218622.03489237,-4.207405116587543e-15,52142627604.65556
28050.0,-29218622.0348924,-5.227382114548159e-15,52142627604.65553
28060.0,-29218622.03489209,5.354879239293237e-15,52142627604.65581
28070.0,-29218622.03489203,7.39483323521447e-15,52142627604.65587
28080.0,-29218622.034892287,-1.4024683721958478e-15,52142627604.65564
28090.0,-29218622.034892295,-1.6574626216860019e-15,52142627604.65563
28100.0,-29218622.034892377,-4.462399366077697e-15,52142627604.65556
28110.0,-29218622.034892406,-5.4823763640383135e-15,52142627604.65554
28120.0,-29218622.03489209,5.354879239293237e-15,52142627604.6558
28130.0,-29218622.03489203,7.39483323521447e-15,52142627604.65587
28140.0,-29218622.034892287,-1.4024683721958478e-15,52142627604.65564
28150.0,-29218622.034892283,-1.2749712474507706e-15,52142627604.65563
28160.0,-29218622.03489236,-3.952410867097389e-15,52142627604.65558
28170.0,-29218622.03489239,-4.972387865058006e-15,52142627604.65554
28180.0,-29218622.03489209,5.354879239293237e-15,52142627604.6558
28190.0,-29218622.03489203,7.39483323521447e-15,52142627604.65587
28200.0,-29218622.03489229,-1.5299654969409247e-15,52142627604.65563
28210.0,-29218622.03489229,-1.5299654969409247e-15,52142627604.65564
28220.0,-29218622.03489237,-4.207405116587543e-15,52142627604.65557
28230.0,-29218622.034892384,-4.717393615567851e-15,52142627604.65555
28240.0,-29218622.034892082,5.609873488783391e-15,52142627604.65582
28250.0,-29218622.034892015,7.904821734194778e-15,52142627604.65587
28260.0,-29218622.034892283,-1.2749712474507706e-15,52142627604.65564
28270.0,-29218622.03489229,-1.5299654969409247e-15,52142627604.65564
28280.0,-29218622.034892365,-4.079907991842466e-15,52142627604.65557
28290.0,-29218622.03489239,-4.972387865058006e-15,52142627604.65554
28300.0,-29218622.034892097,5.0998849898030824e-15,52142627604.65581
28310.0,-29218622.034892023,7.649827484704623e-15,52142627604.65587
28320.0,-29218622.034892276,-1.0199769979606165e-15,52142627604.65565
28330.0,-29218622.034892283,-1.2749712474507706e-15,52142627604.65564
28340.0,-29218622.034892373,-4.33490224133262e-15,52142627604.65557
28350.0,-29218622.034892395,-5.0998849898030824e-15,52142627604.65554
28360.0,-29218622.03489209,5.354879239293237e-15,52142627604.655815
28370.0,-29218622.034892026,7.522330359959546e-15,52142627604.65587
28380.0,-29218622.034892283,-1.2749712474507706e-15,52142627604.65565
28390.0,-29218622.03489229,-1.5299654969409247e-15,52142627604.65563
28400.0,-29218622.034892358,-3.824913742352312e-15,52142627604.65557
28410.0,-29218622.034892395,-5.0998849898030824e-15,52142627604.65554
28420.0,-29218622.034892097,5.0998849898030824e-15,52142627604.6558
28430.0,-29218622.034892026,7.522330359959546e-15,52142627604.65587
28440.0,-29218622.03489229,-1.5299654969409247e-15,52142627604.65564
28450.0,-29218622.03489229,-1.5299654969409247e-15,52142627604.65563
28460.0,-29218622.034892365,-4.079907991842466e-15,52142627604.655556
28470.0,-29218622.034892395,-5.0998849898030824e-15,52142627604.65554
28480.0,-29218622.0348921,4.972387865058006e-15,52142627604.65581
28490.0,-29218622.034892034,7.267336110469393e-15,52142627604.65587
28500.0,-29218622.034892283,-1.2749712474507706e-15,52142627604.65564
28510.0,-29218622.034892295,-1.6574626216860019e-15,52142627604.65563
28520.0,-29218622.034892373,-4.33490224133262e-15,52142627604.65556
28530.0,-29218622.034892403,-5.354879239293237e-15,52142627604.65554
28540.0,-29218622.0348921,4.972387865058006e-15,52142627604.65581
28550.0,-29218622.034892034,7.267336110469393e-15,52142627604.65587
28560.0,-29218622.03489228,-1.1474741227056936e-15,52142627604.65563
28570.0,-29218622.034892302,-1.912456871176156e-15,52142627604.655624
28580.0,-29218622.034892377,-4.462399366077697e-15,52142627604.655556
28590.0,-29218622.034892403,-5.354879239293237e-15,52142627604.65554
28600.0,-29218622.0348921,4.972387865058006e-15,52142627604.65581
28610.0,-29218622.034892034,7.267336110469393e-15,52142627604.65587
28620.0,-29218622.03489228,-1.1474741227056936e-15,52142627604.65565
28630.0,-29218622.034892287,-1.4024683721958478e-15,52142627604.65563
28640.0,-29218622.03489237,-4.207405116587543e-15,52142627604.655556
28650.0,-29218622.0348924,-5.227382114548159e-15,52142627604.65553
28660.0,-29218622.034892116,4.462399366077697e-15,52142627604.65579
28670.0,-29218622.034892034,7.267336110469393e-15,52142627604.65587
28680.0,-29218622.034892295,-1.6574626216860019e-15,52142627604.65563
28690.0,-29218622.034892302,-1.912456871176156e-15,52142627604.65563
28700.0,-29218622.03489237,-4.207405116587543e-15,52142627604.655556
28710.0,-29218622.034892384,-4.717393615567851e-15,52142627604.65554
28720.0,-29218622.03489211,4.717393615567851e-15,52142627604.6558
28730.0,-29218622.034892045,6.884844736234161e-15,52142627604.65585
28740.0,-29218622.034892287,-1.4024683721958478e-15,52142627604.65564
28750.0,-29218622.034892287,-1.4024683721958478e-15,52142627604.65563
28760.0,-29218622.034892377,-4.462399366077697e-15,52142627604.655556
28770.0,-29218622.03489239,-4.972387865058006e-15,52142627604.65554
28780.0,-29218622.03489211,4.717393615567851e-15,52142627604.65579
28790.0,-29218622.034892038,7.139838985724316e-15,52142627604.65587
28800.0,-29218622.034892287,-1.4024683721958478e-15,52142627604.65563
28810.0,-29218622.034892295,-1.6574626216860019e-15,52142627604.65563
28820.0,-29218622.03489237,-4.207405116587543e-15,52142627604.655556
28830.0,-29218622.0348924,-5.227382114548159e-15,52142627604.65554
28840.0,-29218622.03489209,5.354879239293237e-15,52142627604.65581
28850.0,-29218622.034892038,7.139838985724316e-15,52142627604.65587
28860.0,-29218622.034892283,-1.2749712474507706e-15,52142627604.65564
28870.0,-29218622.03489229,-1.5299654969409247e-15,52142627604.65563
28880.0,-29218622.034892377,-4.462399366077697e-15,52142627604.655556
28890.0,-29218622.0348924,-5.227382114548159e-15,52142627604.65553
28900.0,-29218622.034892105,4.844890740312928e-15,52142627604.65579
28910.0,-29218622.034892045,6.884844736234161e-15,52142627604.65585
28920.0,-29218622.03489229,-1.5299654969409247e-15,52142627604.65563
28930.0,-29218622.0348923,-1.784959746431079e-15,52142627604.65563
28940.0,-29218622.034892373,-4.33490224133262e-15,52142627604.65556
28950.0,-29218622.034892406,-5.4823763640383135e-15,52142627604.65554
28960.0,-29218622.03489209,5.354879239293237e-15,52142627604.65581
28970.0,-29218622.034892045,6.884844736234161e-15,52142627604.65586
28980.0,-29218622.0348923,-1.784959746431079e-15,52142627604.655624
28990.0,-29218622.0348923,-1.784959746431079e-15,52142627604.65563
29000.0,-29218622.03489238,-4.5898964908227746e-15,52142627604.65555
29010.0,-29218622.03489241,-5.609873488783391e-15,52142627604.655525
29020.0,-29218622.03489212,4.33490224133262e-15,52142627604.65579
29030.0,-29218622.034892045,6.884844736234161e-15,52142627604.65586
29040.0,-29218622.0348923,-1.784959746431079e-15,52142627604.65563
29050.0,-29218622.0348923,-1.784959746431079e-15,52142627604.655624
29060.0,-29218622.03489238,-4.5898964908227746e-15,52142627604.65555
29070.0,-29218622.034892403,-5.354879239293237e-15,52142627604.65553
29080.0,-29218622.034892112,4.5898964908227746e-15,52142627604.65579
29090.0,-29218622.034892026,7.522330359959546e-15,52142627604.65585
29100.0,-29218622.0348923,-1.784959746431079e-15,52142627604.65563
29110.0,-29218622.034892306,-2.039953995921233e-15,52142627604.655624
29120.0,-29218622.03489238,-4.5898964908227746e-15,52142627604.655556
29130.0,-29218622.03489241,-5.609873488783391e-15,52142627604.655525
29140.0,-29218622.03489211,4.717393615567851e-15,52142627604.65579
29150.0,-29218622.03489204,7.012341860979239e-15,52142627604.65585
29160.0,-29218622.03489231,-2.16745112066631e-15,52142627604.655624
29170.0,-29218622.03489231,-2.16745112066631e-15,52142627604.65562
29180.0,-29218622.034892388,-4.844890740312928e-15,52142627604.65555
29190.0,-29218622.03489241,-5.609873488783391e-15,52142627604.655525
29200.0,-29218622.03489211,4.717393615567851e-15,52142627604.65579
29210.0,-29218622.03489204,7.012341860979239e-15,52142627604.65585
29220.0,-29218622.03489231,-2.16745112066631e-15,52142627604.65562
29230.0,-29218622.03489231,-2.16745112066631e-15,52142627604.65562
29240.0,-29218622.034892384,-4.717393615567851e-15,52142627604.65555
29250.0,-29218622.034892414,-5.737370613528468e-15,52142627604.655525
29260.0,-29218622.034892116,4.462399366077697e-15,52142627604.65579
29270.0,-29218622.034892034,7.267336110469393e-15,52142627604.65587
29280.0,-29218622.034892295,-1.6574626216860019e-15,52142627604.65564
29290.0,-29218622.034892302,-1.912456871176156e-15,52142627604.655624
29300.0,-29218622.034892377,-4.462399366077697e-15,52142627604.655556
29310.0,-29218622.034892406,-5.4823763640383135e-15,52142627604.655525
29320.0,-29218622.034892116,4.462399366077697e-15,52142627604.65579
29330.0,-29218622.034892045,6.884844736234161e-15,52142627604.65585
29340.0,-29218622.034892295,-1.6574626216860019e-15,52142627604.655624
29350.0,-29218622.03489231,-2.16745112066631e-15,52142627604.655624
29360.0,-29218622.034892384,-4.717393615567851e-15,52142627604.655556
29370.0,-29218622.034892414,-5.737370613528468e-15,52142627604.65553
29380.0,-29218622.034892112,4.5898964908227746e-15,52142627604.65579
29390.0,-29218622.034892038,7.139838985724316e-15,52142627604.65585
29400.0,-29218622.034892295,-1.6574626216860019e-15,52142627604.655624
29410.0,-29218622.034892306,-2.039953995921233e-15,52142627604.65562
29420.0,-29218622.034892384,-4.717393615567851e-15,52142627604.65555
29430.0,-29218622.034892406,-5.4823763640383135e-15,52142627604.655525
29440.0,-29218622.034892112,4.5898964908227746e-15,52142627604.65579
29450.0,-29218622.034892038,7.139838985724316e-15,52142627604.65587
29460.0,-29218622.0348923,-1.784959746431079e-15,52142627604.655624
29470.0,-29218622.0348923,-1.784959746431079e-15,52142627604.655624
29480.0,-29218622.034892377,-4.462399366077697e-15,52142627604.655556
29490.0,-29218622.034892406,-5.4823763640383135e-15,52142627604.655525
29500.0,-29218622.03489212,4.33490224133262e-15,52142627604.65579
29510.0,-29218622.034892052,6.6298504867440075e-15,52142627604.655846
29520.0,-29218622.0348923,-1.784959746431079e-15,52142627604.655624
29530.0,-29218622.034892306,-2.039953995921233e-15,52142627604.65562
29540.0,-29218622.03489238,-4.5898964908227746e-15,52142627604.655556
29550.0,-29218622.034892403,-5.354879239293237e-15,52142627604.65553
29560.0,-29218622.034892105,4.844890740312928e-15,52142627604.65579
29570.0,-29218622.034892045,6.884844736234161e-15,52142627604.65585
29580.0,-29218622.0348923,-1.784959746431079e-15,52142627604.655624
29590.0,-29218622.0348923,-1.784959746431079e-15,52142627604.655624
29600.0,-29218622.03489238,-4.5898964908227746e-15,52142627604.655556
29610.0,-29218622.034892403,-5.354879239293237e-15,52142627604.65553
29620.0,-29218622.034892105,4.844890740312928e-15,52142627604.6558
29630.0,-29218622.03489205,6.757347611489084e-15,52142627604.65585
29640.0,-29218622.0348923,-1.784959746431079e-15,52142627604.65563
29650.0,-29218622.034892306,-2.039953995921233e-15,52142627604.655624
29660.0,-29218622.03489238,-4.5898964908227746e-15,52142627604.655556
29670.0,-29218622.03489241,-5.609873488783391e-15,52142627604.65553
29680.0,-29218622.034892105,4.844890740312928e-15,52142627604.65579
29690.0,-29218622.034892026,7.522330359959546e-15,52142627604.65587
29700.0,-29218622.0348923,-1.784959746431079e-15,52142627604.65563
29710.0,-29218622.034892306,-2.039953995921233e-15,52142627604.65562
29720.0,-29218622.034892373,-4.33490224133262e-15,52142627604.655556
29730.0,-29218622.034892403,-5.354879239293237e-15,52142627604.65553
29740.0,-29218622.034892105,4.844890740312928e-15,52142627604.6558
29750.0,-29218622.03489204,7.012341860979239e-15,52142627604.65585
29760.0,-29218622.034892306,-2.039953995921233e-15,52142627604.655624
29770.0,-29218622.03489231,-2.16745112066631e-15,52142627604.65562
29780.0,-29218622.03489238,-4.5898964908227746e-15,52142627604.655556
29790.0,-29218622.03489241,-5.609873488783391e-15,52142627604.65553
29800.0,-29218622.0348921,4.972387865058006e-15,52142627604.65579
29810.0,-29218622.034892026,7.522330359959546e-15,52142627604.65587
29820.0,-29218622.034892295,-1.6574626216860019e-15,52142627604.65563
29830.0,-29218622.03489231,-2.16745112066631e-15,52142627604.65562
29840.0,-29218622.03489239,-4.972387865058006e-15,52142627604.65554
29850.0,-29218622.034892417,-5.8648677382735446e-15,52142627604.655525
29860.0,-29218622.034892123,4.207405116587543e-15,52142627604.655785
29870.0,-29218622.03489204,7.012341860979239e-15,52142627604.65585
29880.0,-29218622.034892317,-2.422445370156464e-15,52142627604.65562
29890.0,-29218622.03489231,-2.16745112066631e-15,52142627604.65562
29900.0,-29218622.03489239,-4.972387865058006e-15,52142627604.65554
29910.0,-29218622.034892414,-5.737370613528468e-15,52142627604.655525
29920.0,-29218622.034892116,4.462399366077697e-15,52142627604.65579
29930.0,-29218622.03489204,7.012341860979239e-15,52142627604.65585
29940.0,-29218622.03489231,-2.16745112066631e-15,52142627604.65562
29950.0,-29218622.034892317,-2.422445370156464e-15,52142627604.65562
29960.0,-29218622.034892384,-4.717393615567851e-15,52142627604.65554
29970.0,-29218622.03489242,-5.992364863018622e-15,52142627604.65552
29980.0,-29218622.034892123,4.207405116587543e-15,52142627604.655785
29990.0,-29218622.034892045,6.884844736234161e-15,52142627604.65585
30000.0,-29218622.034892302,-1.912456871176156e-15,52142627604.655624
30010.0,-29218622.03489231,-2.16745112066631e-15,52142627604.65562
30020.0,-29218622.03489239,-4.972387865058006e-15,52142627604.65555
30030.0,-29218622.034892406,-5.4823763640383135e-15,52142627604.655525
30040.0,-29218622.03489212,4.33490224133262e-15,52142627604.655785
30050.0,-29218622.034892052,6.6298504867440075e-15,52142627604.655846
30060.0,-29218622.034892317,-2.422445370156464e-15,52142627604.65562
30070.0,-29218622.034892317,-2.422445370156464e-15,52142627604.65562
30080.0,-29218622.0348924,-5.227382114548159e-15,52142627604.65554
30090.0,-29218622.03489242,-5.992364863018622e-15,52142627604.655525
30100.0,-29218622.034892127,4.079907991842466e-15,52142627604.65578
30110.0,-29218622.034892052,6.6298504867440075e-15,52142627604.65585
30120.0,-29218622.034892313,-2.2949482454113873e-15,52142627604.65562
30130.0,-29218622.034892313,-2.2949482454113873e-15,52142627604.65562
30140.0,-29218622.034892384,-4.717393615567851e-15,52142627604.65554
30150.0,-29218622.03489242,-5.992364863018622e-15,52142627604.65552
30160.0,-29218622.034892134,3.824913742352312e-15,52142627604.65578
30170.0,-29218622.034892052,6.6298504867440075e-15,52142627604.655846
30180.0,-29218622.03489232,-2.5499424949015412e-15,52142627604.65562
30190.0,-29218622.034892313,-2.2949482454113873e-15,52142627604.65561
30200.0,-29218622.03489239,-4.972387865058006e-15,52142627604.65554
30210.0,-29218622.03489242,-5.992364863018622e-15,52142627604.65552
30220.0,-29218622.034892127,4.079907991842466e-15,52142627604.65578
30230.0,-29218622.034892067,6.119861987763699e-15,52142627604.65584
30240.0,-29218622.034892306,-2.039953995921233e-15,52142627604.65562
30250.0,-29218622.034892306,-2.039953995921233e-15,52142627604.65562
30260.0,-29218622.03489239,-4.972387865058006e-15,52142627604.65554
30270.0,-29218622.03489242,-5.992364863018622e-15,52142627604.65551
30280.0,-29218622.034892127,4.079907991842466e-15,52142627604.655785
30290.0,-29218622.03489206,6.374856237253853e-15,52142627604.65585
30300.0,-29218622.0348923,-1.784959746431079e-15,52142627604.655624
30310.0,-29218622.034892306,-2.039953995921233e-15,52142627604.65562
30320.0,-29218622.034892395,-5.0998849898030824e-15,52142627604.65555
30330.0,-29218622.034892406,-5.4823763640383135e-15,52142627604.655525
30340.0,-29218622.03489212,4.33490224133262e-15,52142627604.65579
30350.0,-29218622.034892052,6.6298504867440075e-15,52142627604.65585
30360.0,-29218622.034892306,-2.039953995921233e-15,52142627604.65562
30370.0,-29218622.034892313,-2.2949482454113873e-15,52142627604.65562
30380.0,-29218622.034892388,-4.844890740312928e-15,52142627604.65555
30390.0,-29218622.03489242,-5.992364863018622e-15,52142627604.65552
30400.0,-29218622.034892112,4.5898964908227746e-15,52142627604.6558
30410.0,-29218622.034892045,6.884844736234161e-15,52142627604.65585
30420.0,-29218622.0348923,-1.784959746431079e-15,52142627604.65563
30430.0,-29218622.0348923,-1.784959746431079e-15,52142627604.655624
30440.0,-29218622.03489238,-4.5898964908227746e-15,52142627604.655556
30450.0,-29218622.034892406,-5.4823763640383135e-15,52142627604.655525
30460.0,-29218622.034892112,4.5898964908227746e-15,52142627604.6558
30470.0,-29218622.034892045,6.884844736234161e-15,52142627604.65586
30480.0,-29218622.03489229,-1.5299654969409247e-15,52142627604.65563
30490.0,-29218622.034892306,-2.039953995921233e-15,52142627604.65562
30500.0,-29218622.034892373,-4.33490224133262e-15,52142627604.655556
30510.0,-29218622.034892406,-5.4823763640383135e-15,52142627604.65553
30520.0,-29218622.034892097,5.0998849898030824e-15,52142627604.6558
30530.0,-29218622.034892045,6.884844736234161e-15,52142627604.65586
30540.0,-29218622.03489229,-1.5299654969409247e-15,52142627604.65563
30550.0,-29218622.0348923,-1.784959746431079e-15,52142627604.655624
30560.0,-29218622.034892373,-4.33490224133262e-15,52142627604.655556
30570.0,-29218622.034892406,-5.4823763640383135e-15,52142627604.655525
30580.0,-29218622.034892097,5.0998849898030824e-15,52142627604.6558
30590.0,-29218622.034892045,6.884844736234161e-15,52142627604.65585
30600.0,-29218622.0348923,-1.784959746431079e-15,52142627604.65563
30610.0,-29218622.034892306,-2.039953995921233e-15,52142627604.65562
30620.0,-29218622.03489238,-4.5898964908227746e-15,52142627604.65555
30630.0,-29218622.034892406,-5.4823763640383135e-15,52142627604.65554
30640.0,-29218622.034892112,4.5898964908227746e-15,52142627604.65579
30650.0,-29218622.034892038,7.139838985724316e-15,52142627604.65586
30660.0,-29218622.03489229,-1.5299654969409247e-15,52142627604.65563
30670.0,-29218622.0348923,-1.784959746431079e-15,52142627604.65563
30680.0,-29218622.03489238,-4.5898964908227746e-15,52142627604.655556
30690.0,-29218622.0348924,-5.227382114548159e-15,52142627604.655525
30700.0,-29218622.034892112,4.5898964908227746e-15,52142627604.65579
30710.0,-29218622.034892038,7.139838985724316e-15,52142627604.65586
30720.0,-29218622.03489229,-1.5299654969409247e-15,52142627604.65563
30730.0,-29218622.0348923,-1.784959746431079e-15,52142627604.65562
30740.0,-29218622.034892377,-4.462399366077697e-15,52142627604.655556
30750.0,-29218622.034892414,-5.737370613528468e-15,52142627604.655525
30760.0,-29218622.034892112,4.5898964908227746e-15,52142627604.65579
30770.0,-29218622.034892038,7.139838985724316e-15,52142627604.65585
30780.0,-29218622.03489229,-1.5299654969409247e-15,52142627604.655624
30790.0,-29218622.0348923,-1.784959746431079e-15,52142627604.65562
30800.0,-29218622.034892384,-4.717393615567851e-15,52142627604.655556
30810.0,-29218622.034892414,-5.737370613528468e-15,52142627604.655525
30820.0,-29218622.034892112,4.5898964908227746e-15,52142627604.65579
30830.0,-29218622.034892045,6.884844736234161e-15,52142627604.65586
30840.0,-29218622.034892295,-1.6574626216860019e-15,52142627604.65563
30850.0,-29218622.034892313,-2.2949482454113873e-15,52142627604.65562
30860.0,-29218622.034892384,-4.717393615567851e-15,52142627604.655556
30870.0,-29218622.034892406,-5.4823763640383135e-15,52142627604.65553
30880.0,-29218622.034892112,4.5898964908227746e-15,52142627604.65579
30890.0,-29218622.034892038,7.139838985724316e-15,52142627604.65585
30900.0,-29218622.034892295,-1.6574626216860019e-15,52142627604.65563
30910.0,-29218622.03489231,-2.16745112066631e-15,52142627604.65562
30920.0,-29218622.034892377,-4.462399366077697e-15,52142627604.655556
30930.0,-29218622.034892414,-5.737370613528468e-15,52142627604.655525
30940.0,-29218622.034892112,4.5898964908227746e-15,52142627604.65579
30950.0,-29218622.034892045,6.884844736234161e-15,52142627604.65585
30960.0,-29218622.03489231,-2.16745112066631e-15,52142627604.65562
30970.0,-29218622.034892317,-2.422445370156464e-15,52142627604.65562
30980.0,-29218622.03489239,-4.972387865058006e-15,52142627604.65554
30990.0,-29218622.034892414,-5.737370613528468e-15,52142627604.655525
31000.0,-29218622.034892116,4.462399366077697e-15,52142627604.65579
31010.0,-29218622.034892045,6.884844736234161e-15,52142627604.65585
31020.0,-29218622.03489231,-2.16745112066631e-15,52142627604.65562
31030.0,-29218622.034892317,-2.422445370156464e-15,52142627604.65562
31040.0,-29218622.03489239,-4.972387865058006e-15,52142627604.65555
31050.0,-29218622.034892414,-5.737370613528468e-15,52142627604.655525
31060.0,-29218622.03489211,4.717393615567851e-15,52142627604.65579
31070.0,-29218622.034892052,6.6298504867440075e-15,52142627604.655846
31080.0,-29218622.034892317,-2.422445370156464e-15,52142627604.65562
31090.0,-29218622.034892317,-2.422445370156464e-15,52142627604.65561
31100.0,-29218622.03489239,-4.972387865058006e-15,52142627604.65555
31110.0,-29218622.034892406,-5.4823763640383135e-15,52142627604.655525
31120.0,-29218622.034892116,4.462399366077697e-15,52142627604.655785
31130.0,-29218622.03489204,7.012341860979239e-15,52142627604.65585
31140.0,-29218622.034892317,-2.422445370156464e-15,52142627604.65562
31150.0,-29218622.03489231,-2.16745112066631e-15,52142627604.65562
31160.0,-29218622.03489239,-4.972387865058006e-15,52142627604.65554
31170.0,-29218622.03489241,-5.609873488783391e-15,52142627604.655525
31180.0,-29218622.034892123,4.207405116587543e-15,52142627604.65579
31190.0,-29218622.03489204,7.012341860979239e-15,52142627604.65587
31200.0,-29218622.034892295,-1.6574626216860019e-15,52142627604.65563
31210.0,-29218622.03489231,-2.16745112066631e-15,52142627604.65563
31220.0,-29218622.034892388,-4.844890740312928e-15,52142627604.65555
31230.0,-29218622.034892417,-5.8648677382735446e-15,52142627604.655525
31240.0,-29218622.03489211,4.717393615567851e-15,52142627604.65579
31250.0,-29218622.034892026,7.522330359959546e-15,52142627604.65586
31260.0,-29218622.034892295,-1.6574626216860019e-15,52142627604.65563
31270.0,-29218622.034892295,-1.6574626216860019e-15,52142627604.65563
31280.0,-29218622.034892388,-4.844890740312928e-15,52142627604.655556
31290.0,-29218622.03489241,-5.609873488783391e-15,52142627604.655525
31300.0,-29218622.0348921,4.972387865058006e-15,52142627604.65579
31310.0,-29218622.034892026,7.522330359959546e-15,52142627604.65586
31320.0,-29218622.0348923,-1.784959746431079e-15,52142627604.65563
31330.0,-29218622.034892306,-2.039953995921233e-15,52142627604.655624
31340.0,-29218622.03489238,-4.5898964908227746e-15,52142627604.655556
31350.0,-29218622.034892403,-5.354879239293237e-15,52142627604.655525
31360.0,-29218622.034892112,4.5898964908227746e-15,52142627604.65579
31370.0,-29218622.034892034,7.267336110469393e-15,52142627604.65586
31380.0,-29218622.034892306,-2.039953995921233e-15,52142627604.65563
31390.0,-29218622.034892306,-2.039953995921233e-15,52142627604.655624
31400.0,-29218622.03489238,-4.5898964908227746e-15,52142627604.655556
31410.0,-29218622.034892403,-5.354879239293237e-15,52142627604.655525
31420.0,-29218622.034892105,4.844890740312928e-15,52142627604.6558
31430.0,-29218622.034892045,6.884844736234161e-15,52142627604.65586
31440.0,-29218622.0348923,-1.784959746431079e-15,52142627604.65563
31450.0,-29218622.034892306,-2.039953995921233e-15,52142627604.655624
31460.0,-29218622.034892373,-4.33490224133262e-15,52142627604.655556
31470.0,-29218622.03489241,-5.609873488783391e-15,52142627604.655525
31480.0,-29218622.034892112,4.5898964908227746e-15,52142627604.655785
31490.0,-29218622.034892045,6.884844736234161e-15,52142627604.65585
31500.0,-29218622.0348923,-1.784959746431079e-15,52142627604.655624
31510.0,-29218622.034892313,-2.2949482454113873e-15,52142627604.65562
31520.0,-29218622.03489238,-4.5898964908227746e-15,52142627604.655556
31530.0,-29218622.0348924,-5.227382114548159e-15,52142627604.65553
31540.0,-29218622.034892105,4.844890740312928e-15,52142627604.65579
31550.0,-29218622.034892045,6.884844736234161e-15,52142627604.65585
31560.0,-29218622.0348923,-1.784959746431079e-15,52142627604.655624
31570.0,-29218622.034892313,-2.2949482454113873e-15,52142627604.65561
31580.0,-29218622.03489239,-4.972387865058006e-15,52142627604.65555
31590.0,-29218622.034892406,-5.4823763640383135e-15,52142627604.655525
31600.0,-29218622.03489212,4.33490224133262e-15,52142627604.65579
31610.0,-29218622.034892052,6.6298504867440075e-15,52142627604.65585
31620.0,-29218622.0348923,-1.784959746431079e-15,52142627604.65563
31630.0,-29218622.034892302,-1.912456871176156e-15,52142627604.655624
31640.0,-29218622.03489239,-4.972387865058006e-15,52142627604.65555
31650.0,-29218622.03489242,-5.992364863018622e-15,52142627604.65552
31660.0,-29218622.034892112,4.5898964908227746e-15,52142627604.65579
31670.0,-29218622.034892045,6.884844736234161e-15,52142627604.65585
31680.0,-29218622.034892302,-1.912456871176156e-15,52142627604.655624
31690.0,-29218622.034892317,-2.422445370156464e-15,52142627604.65562
31700.0,-29218622.034892384,-4.717393615567851e-15,52142627604.65555
31710.0,-29218622.03489242,-5.992364863018622e-15,52142627604.65552
31720.0,-29218622.03489212,4.33490224133262e-15,52142627604.655785
31730.0,-29218622.034892045,6.884844736234161e-15,52142627604.65585
31740.0,-29218622.03489231,-2.16745112066631e-15,52142627604.655624
31750.0,-29218622.034892317,-2.422445370156464e-15,52142627604.65561
31760.0,-29218622.034892384,-4.717393615567851e-15,52142627604.65554
31770.0,-29218622.03489242,-5.992364863018622e-15,52142627604.655525
31780.0,-29218622.034892123,4.207405116587543e-15,52142627604.655785
31790.0,-29218622.034892052,6.6298504867440075e-15,52142627604.655846
31800.0,-29218622.034892317,-2.422445370156464e-15,52142627604.65562
31810.0,-29218622.034892317,-2.422445370156464e-15,52142627604.65561
31820.0,-29218622.034892406,-5.4823763640383135e-15,52142627604.65553
31830.0,-29218622.03489242,-5.992364863018622e-15,52142627604.65551
31840.0,-29218622.034892123,4.207405116587543e-15,52142627604.65578
31850.0,-29218622.034892056,6.50235336199893e-15,52142627604.655846
31860.0,-29218622.03489231,-2.16745112066631e-15,52142627604.65562
31870.0,-29218622.034892317,-2.422445370156464e-15,52142627604.65562
31880.0,-29218622.03489239,-4.972387865058006e-15,52142627604.65555
31890.0,-29218622.03489241,-5.609873488783391e-15,52142627604.655525
31900.0,-29218622.03489211,4.717393615567851e-15,52142627604.65579
31910.0,-29218622.03489204,7.012341860979239e-15,52142627604.65585
31920.0,-29218622.03489231,-2.16745112066631e-15,52142627604.655624
31930.0,-29218622.03489231,-2.16745112066631e-15,52142627604.65561
31940.0,-29218622.034892395,-5.0998849898030824e-15,52142627604.65554
31950.0,-29218622.034892417,-5.8648677382735446e-15,52142627604.655525
31960.0,-29218622.034892116,4.462399366077697e-15,52142627604.65579
31970.0,-29218622.03489204,7.012341860979239e-15,52142627604.65585
31980.0,-29218622.034892306,-2.039953995921233e-15,52142627604.655624
31990.0,-29218622.034892317,-2.422445370156464e-15,52142627604.65562
32000.0,-29218622.034892403,-5.354879239293237e-15,52142627604.65554
32010.0,-29218622.034892425,-6.119861987763699e-15,52142627604.65552
32020.0,-29218622.034892116,4.462399366077697e-15,52142627604.655785
32030.0,-29218622.03489204,7.012341860979239e-15,52142627604.65585
32040.0,-29218622.034892306,-2.039953995921233e-15,52142627604.65562
32050.0,-29218622.03489232,-2.5499424949015412e-15,52142627604.65562
32060.0,-29218622.034892388,-4.844890740312928e-15,52142627604.65555
32070.0,-29218622.034892417,-5.8648677382735446e-15,52142627604.655525
32080.0,-29218622.03489212,4.33490224133262e-15,52142627604.65579
32090.0,-29218622.034892052,6.6298504867440075e-15,52142627604.65585
32100.0,-29218622.034892306,-2.039953995921233e-15,52142627604.65562
32110.0,-29218622.034892306,-2.039953995921233e-15,52142627604.65562
32120.0,-29218622.034892388,-4.844890740312928e-15,52142627604.65554
32130.0,-29218622.034892414,-5.737370613528468e-15,52142627604.655525
32140.0,-29218622.03489212,4.33490224133262e-15,52142627604.655785
32150.0,-29218622.034892045,6.884844736234161e-15,52142627604.65585
32160.0,-29218622.034892306,-2.039953995921233e-15,52142627604.65562
32170.0,-29218622.034892306,-2.039953995921233e-15,52142627604.65562
32180.0,-29218622.034892384,-4.717393615567851e-15,52142627604.65554
32190.0,-29218622.034892406,-5.4823763640383135e-15,52142627604.655525
32200.0,-29218622.034892105,4.844890740312928e-15,52142627604.65579
32210.0,-29218622.03489206,6.374856237253853e-15,52142627604.65585
32220.0,-29218622.034892306,-2.039953995921233e-15,52142627604.65562
32230.0,-29218622.034892306,-2.039953995921233e-15,52142627604.65561
32240.0,-29218622.0348924,-5.227382114548159e-15,52142627604.65554
32250.0,-29218622.03489242,-5.992364863018622e-15,52142627604.65552
32260.0,-29218622.03489212,4.33490224133262e-15,52142627604.65579
32270.0,-29218622.034892045,6.884844736234161e-15,52142627604.65585
32280.0,-29218622.034892302,-1.912456871176156e-15,52142627604.65562
32290.0,-29218622.03489231,-2.16745112066631e-15,52142627604.65562
32300.0,-29218622.03489239,-4.972387865058006e-15,52142627604.65554
32310.0,-29218622.03489243,-6.247359112508776e-15,52142627604.65551
32320.0,-29218622.03489212,4.33490224133262e-15,52142627604.65578
32330.0,-29218622.034892052,6.6298504867440075e-15,52142627604.65585
32340.0,-29218622.03489231,-2.16745112066631e-15,52142627604.65562
32350.0,-29218622.034892317,-2.422445370156464e-15,52142627604.6556
32360.0,-29218622.03489239,-4.972387865058006e-15,52142627604.65554
32370.0,-29218622.03489243,-6.247359112508776e-15,52142627604.65552
32380.0,-29218622.034892123,4.207405116587543e-15,52142627604.65578
32390.0,-29218622.034892052,6.6298504867440075e-15,52142627604.65584
32400.0,-29218622.034892317,-2.422445370156464e-15,52142627604.65562
32410.0,-29218622.034892324,-2.6774396196466184e-15,52142627604.65562
32420.0,-29218622.034892384,-4.717393615567851e-15,52142627604.65554
32430.0,-29218622.03489243,-6.247359112508776e-15,52142627604.65552
32440.0,-29218622.03489213,3.952410867097389e-15,52142627604.65578
32450.0,-29218622.034892056,6.50235336199893e-15,52142627604.65585
32460.0,-29218622.03489231,-2.16745112066631e-15,52142627604.65562
32470.0,-29218622.03489231,-2.16745112066631e-15,52142627604.65562
32480.0,-29218622.03489239,-4.972387865058006e-15,52142627604.65554
32490.0,-29218622.034892425,-6.119861987763699e-15,52142627604.655525
32500.0,-29218622.03489213,3.952410867097389e-15,52142627604.65578
32510.0,-29218622.03489205,6.757347611489084e-15,52142627604.65584
32520.0,-29218622.034892317,-2.422445370156464e-15,52142627604.65562
32530.0,-29218622.03489231,-2.16745112066631e-15,52142627604.65562
32540.0,-29218622.034892403,-5.354879239293237e-15,52142627604.65554
32550.0,-29218622.034892425,-6.119861987763699e-15,52142627604.65551
32560.0,-29218622.034892116,4.462399366077697e-15,52142627604.65579
32570.0,-29218622.034892056,6.50235336199893e-15,52142627604.65584
32580.0,-29218622.03489231,-2.16745112066631e-15,52142627604.65562
32590.0,-29218622.03489232,-2.5499424949015412e-15,52142627604.65562
32600.0,-29218622.034892395,-5.0998849898030824e-15,52142627604.65554
32610.0,-29218622.034892432,-6.374856237253853e-15,52142627604.65552
32620.0,-29218622.034892123,4.207405116587543e-15,52142627604.65578
32630.0,-29218622.034892056,6.50235336199893e-15,52142627604.65584
32640.0,-29218622.03489232,-2.5499424949015412e-15,52142627604.65562
32650.0,-29218622.03489232,-2.5499424949015412e-15,52142627604.6556
32660.0,-29218622.034892403,-5.354879239293237e-15,52142627604.65554
32670.0,-29218622.034892425,-6.119861987763699e-15,52142627604.65551
32680.0,-29218622.034892134,3.824913742352312e-15,52142627604.65578
32690.0,-29218622.034892064,6.247359112508776e-15,52142627604.655846
32700.0,-29218622.034892313,-2.2949482454113873e-15,52142627604.65561
32710.0,-29218622.03489232,-2.5499424949015412e-15,52142627604.6556
32720.0,-29218622.034892403,-5.354879239293237e-15,52142627604.65553
32730.0,-29218622.034892417,-5.8648677382735446e-15,52142627604.65552
32740.0,-29218622.034892127,4.079907991842466e-15,52142627604.655785
32750.0,-29218622.03489206,6.374856237253853e-15,52142627604.65585
32760.0,-29218622.034892313,-2.2949482454113873e-15,52142627604.65562
32770.0,-29218622.034892306,-2.039953995921233e-15,52142627604.65562
32780.0,-29218622.034892388,-4.844890740312928e-15,52142627604.65554
32790.0,-29218622.034892414,-5.737370613528468e-15,52142627604.655525
32800.0,-29218622.034892112,4.5898964908227746e-15,52142627604.65579
32810.0,-29218622.034892052,6.6298504867440075e-15,52142627604.65585
32820.0,-29218622.0348923,-1.784959746431079e-15,52142627604.655624
32830.0,-29218622.034892306,-2.039953995921233e-15,52142627604.65562
32840.0,-29218622.03489239,-4.972387865058006e-15,52142627604.65554
32850.0,-29218622.034892414,-5.737370613528468e-15,52142627604.655525
32860.0,-29218622.034892112,4.5898964908227746e-15,52142627604.655785
32870.0,-29218622.034892052,6.6298504867440075e-15,52142627604.655846
32880.0,-29218622.034892302,-1.912456871176156e-15,52142627604.655624
32890.0,-29218622.034892302,-1.912456871176156e-15,52142627604.65562
32900.0,-29218622.03489239,-4.972387865058006e-15,52142627604.65554
32910.0,-29218622.03489243,-6.247359112508776e-15,52142627604.65551
32920.0,-29218622.034892116,4.462399366077697e-15,52142627604.65579
32930.0,-29218622.034892045,6.884844736234161e-15,52142627604.65585
32940.0,-29218622.034892302,-1.912456871176156e-15,52142627604.655624
32950.0,-29218622.03489231,-2.16745112066631e-15,52142627604.65562
32960.0,-29218622.03489239,-4.972387865058006e-15,52142627604.65554
32970.0,-29218622.034892406,-5.4823763640383135e-15,52142627604.655525
32980.0,-29218622.03489211,4.717393615567851e-15,52142627604.65579
32990.0,-29218622.03489204,7.012341860979239e-15,52142627604.65585
33000.0,-29218622.034892295,-1.6574626216860019e-15,52142627604.65563
33010.0,-29218622.034892302,-1.912456871176156e-15,52142627604.65562
33020.0,-29218622.034892384,-4.717393615567851e-15,52142627604.655556
33030.0,-29218622.034892406,-5.4823763640383135e-15,52142627604.655525
33040.0,-29218622.034892116,4.462399366077697e-15,52142627604.65579
33050.0,-29218622.03489204,7.012341860979239e-15,52142627604.65585
33060.0,-29218622.034892295,-1.6574626216860019e-15,52142627604.65563
33070.0,-29218622.034892302,-1.912456871176156e-15,52142627604.65562
33080.0,-29218622.034892377,-4.462399366077697e-15,52142627604.655556
33090.0,-29218622.034892403,-5.354879239293237e-15,52142627604.65554
33100.0,-29218622.034892116,4.462399366077697e-15,52142627604.65579
33110.0,-29218622.03489204,7.012341860979239e-15,52142627604.65585
33120.0,-29218622.034892295,-1.6574626216860019e-15,52142627604.65563
33130.0,-29218622.034892287,-1.4024683721958478e-15,52142627604.65563
33140.0,-29218622.034892377,-4.462399366077697e-15,52142627604.655556
33150.0,-29218622.034892403,-5.354879239293237e-15,52142627604.65554
33160.0,-29218622.0348921,4.972387865058006e-15,52142627604.6558
33170.0,-29218622.034892034,7.267336110469393e-15,52142627604.65587
33180.0,-29218622.03489228,-1.1474741227056936e-15,52142627604.65564
33190.0,-29218622.034892302,-1.912456871176156e-15,52142627604.655624
33200.0,-29218622.034892373,-4.33490224133262e-15,52142627604.65556
33210.0,-29218622.03489241,-5.609873488783391e-15,52142627604.65553
33220.0,-29218622.034892093,5.227382114548159e-15,52142627604.65581
33230.0,-29218622.034892026,7.522330359959546e-15,52142627604.65587
33240.0,-29218622.03489229,-1.5299654969409247e-15,52142627604.65563
33250.0,-29218622.034892295,-1.6574626216860019e-15,52142627604.655624
33260.0,-29218622.034892365,-4.079907991842466e-15,52142627604.65556
33270.0,-29218622.034892395,-5.0998849898030824e-15,52142627604.65554
33280.0,-29218622.0348921,4.972387865058006e-15,52142627604.6558
33290.0,-29218622.03489202,7.7773246094497e-15,52142627604.655876
33300.0,-29218622.03489229,-1.5299654969409247e-15,52142627604.65565
33310.0,-29218622.034892306,-2.039953995921233e-15,52142627604.65563
33320.0,-29218622.034892373,-4.33490224133262e-15,52142627604.65556
33330.0,-29218622.034892395,-5.0998849898030824e-15,52142627604.65554
33340.0,-29218622.0348921,4.972387865058006e-15,52142627604.6558
33350.0,-29218622.03489202,7.7773246094497e-15,52142627604.65587
33360.0,-29218622.03489229,-1.5299654969409247e-15,52142627604.65563
33370.0,-29218622.0348923,-1.784959746431079e-15,52142627604.65563
33380.0,-29218622.034892373,-4.33490224133262e-15,52142627604.65556
33390.0,-29218622.034892403,-5.354879239293237e-15,52142627604.65553
33400.0,-29218622.0348921,4.972387865058006e-15,52142627604.6558
33410.0,-29218622.034892034,7.267336110469393e-15,52142627604.65586
33420.0,-29218622.0348923,-1.784959746431079e-15,52142627604.65564
33430.0,-29218622.0348923,-1.784959746431079e-15,52142627604.65563
33440.0,-29218622.034892373,-4.33490224133262e-15,52142627604.655556
33450.0,-29218622.034892403,-5.354879239293237e-15,52142627604.65554
33460.0,-29218622.034892097,5.0998849898030824e-15,52142627604.65581
33470.0,-29218622.034892026,7.522330359959546e-15,52142627604.65587
33480.0,-29218622.0348923,-1.784959746431079e-15,52142627604.65563
33490.0,-29218622.034892306,-2.039953995921233e-15,52142627604.65563
33500.0,-29218622.034892373,-4.33490224133262e-15,52142627604.65556
33510.0,-29218622.03489241,-5.609873488783391e-15,52142627604.655525
33520.0,-29218622.03489211,4.717393615567851e-15,52142627604.6558
33530.0,-29218622.034892026,7.522330359959546e-15,52142627604.65586
33540.0,-29218622.0348923,-1.784959746431079e-15,52142627604.65563
33550.0,-29218622.034892306,-2.039953995921233e-15,52142627604.65563
33560.0,-29218622.034892373,-4.33490224133262e-15,52142627604.65556
33570.0,-29218622.034892395,-5.0998849898030824e-15,52142627604.65554
33580.0,-29218622.03489211,4.717393615567851e-15,52142627604.65579
33590.0,-29218622.034892026,7.522330359959546e-15,52142627604.65587
33600.0,-29218622.03489229,-1.5299654969409247e-15,52142627604.65563
33610.0,-29218622.034892306,-2.039953995921233e-15,52142627604.65563
33620.0,-29218622.034892373,-4.33490224133262e-15,52142627604.655556
33630.0,-29218622.034892395,-5.0998849898030824e-15,52142627604.65554
33640.0,-29218622.0348921,4.972387865058006e-15,52142627604.65581
33650.0,-29218622.034892034,7.267336110469393e-15,52142627604.65586
33660.0,-29218622.034892302,-1.912456871176156e-15,52142627604.65563
33670.0,-29218622.034892302,-1.912456871176156e-15,52142627604.655624
33680.0,-29218622.03489238,-4.5898964908227746e-15,52142627604.655556
33690.0,-29218622.034892403,-5.354879239293237e-15,52142627604.655525
33700.0,-29218622.03489211,4.717393615567851e-15,52142627604.6558
33710.0,-29218622.034892034,7.267336110469393e-15,52142627604.65586
33720.0,-29218622.034892302,-1.912456871176156e-15,52142627604.655624
33730.0,-29218622.03489231,-2.16745112066631e-15,52142627604.65562
33740.0,-29218622.03489238,-4.5898964908227746e-15,52142627604.655556
33750.0,-29218622.03489241,-5.609873488783391e-15,52142627604.655525
33760.0,-29218622.0348921,4.972387865058006e-15,52142627604.6558
33770.0,-29218622.03489204,7.012341860979239e-15,52142627604.65586
33780.0,-29218622.034892287,-1.4024683721958478e-15,52142627604.655624
33790.0,-29218622.03489231,-2.16745112066631e-15,52142627604.65562
33800.0,-29218622.034892377,-4.462399366077697e-15,52142627604.65555
33810.0,-29218622.034892403,-5.354879239293237e-15,52142627604.655525
33820.0,-29218622.034892116,4.462399366077697e-15,52142627604.6558
33830.0,-29218622.03489204,7.012341860979239e-15,52142627604.65585
33840.0,-29218622.034892302,-1.912456871176156e-15,52142627604.655624
33850.0,-29218622.034892302,-1.912456871176156e-15,52142627604.655624
33860.0,-29218622.034892384,-4.717393615567851e-15,52142627604.65555
33870.0,-29218622.034892414,-5.737370613528468e-15,52142627604.655525
33880.0,-29218622.034892116,4.462399366077697e-15,52142627604.65579
33890.0,-29218622.03489204,7.012341860979239e-15,52142627604.65585
33900.0,-29218622.034892302,-1.912456871176156e-15,52142627604.655624
33910.0,-29218622.034892302,-1.912456871176156e-15,52142627604.655624
33920.0,-29218622.03489239,-4.972387865058006e-15,52142627604.65555
33930.0,-29218622.034892406,-5.4823763640383135e-15,52142627604.65552
33940.0,-29218622.034892123,4.207405116587543e-15,52142627604.65579
33950.0,-29218622.034892052,6.6298504867440075e-15,52142627604.65585
33960.0,-29218622.03489231,-2.16745112066631e-15,52142627604.65562
33970.0,-29218622.034892317,-2.422445370156464e-15,52142627604.6556
33980.0,-29218622.03489239,-4.972387865058006e-15,52142627604.65554
33990.0,-29218622.034892414,-5.737370613528468e-15,52142627604.65552
34000.0,-29218622.03489212,4.33490224133262e-15,52142627604.65578
34010.0,-29218622.034892052,6.6298504867440075e-15,52142627604.65585
34020.0,-29218622.034892306,-2.039953995921233e-15,52142627604.65562
34030.0,-29218622.034892313,-2.2949482454113873e-15,52142627604.65561
34040.0,-29218622.0348924,-5.227382114548159e-15,52142627604.65554
34050.0,-29218622.03489242,-5.992364863018622e-15,52142627604.655525
34060.0,-29218622.034892127,4.079907991842466e-15,52142627604.65578
34070.0,-29218622.034892052,6.6298504867440075e-15,52142627604.655846
34080.0,-29218622.034892306,-2.039953995921233e-15,52142627604.65562
34090.0,-29218622.034892313,-2.2949482454113873e-15,52142627604.65561
34100.0,-29218622.034892384,-4.717393615567851e-15,52142627604.65555
34110.0,-29218622.03489242,-5.992364863018622e-15,52142627604.65552
34120.0,-29218622.03489212,4.33490224133262e-15,52142627604.655785
34130.0,-29218622.034892052,6.6298504867440075e-15,52142627604.65585
34140.0,-29218622.034892313,-2.2949482454113873e-15,52142627604.65562
34150.0,-29218622.034892313,-2.2949482454113873e-15,52142627604.65561
34160.0,-29218622.034892395,-5.0998849898030824e-15,52142627604.65554
34170.0,-29218622.034892425,-6.119861987763699e-15,52142627604.65552
34180.0,-29218622.03489212,4.33490224133262e-15,52142627604.65579
34190.0,-29218622.034892052,6.6298504867440075e-15,52142627604.65585
34200.0,-29218622.034892306,-2.039953995921233e-15,52142627604.655624
34210.0,-29218622.03489232,-2.5499424949015412e-15,52142627604.65562
34220.0,-29218622.034892388,-4.844890740312928e-15,52142627604.65555
34230.0,-29218622.034892425,-6.119861987763699e-15,52142627604.65552
34240.0,-29218622.03489212,4.33490224133262e-15,52142627604.655785
34250.0,-29218622.03489205,6.757347611489084e-15,52142627604.655846
34260.0,-29218622.034892306,-2.039953995921233e-15,52142627604.655624
34270.0,-29218622.034892313,-2.2949482454113873e-15,52142627604.65561
34280.0,-29218622.034892395,-5.0998849898030824e-15,52142627604.65555
34290.0,-29218622.034892417,-5.8648677382735446e-15,52142627604.655525
34300.0,-29218622.034892116,4.462399366077697e-15,52142627604.65579
34310.0,-29218622.034892056,6.50235336199893e-15,52142627604.655846
34320.0,-29218622.03489231,-2.16745112066631e-15,52142627604.65562
34330.0,-29218622.034892324,-2.6774396196466184e-15,52142627604.6556
34340.0,-29218622.034892395,-5.0998849898030824e-15,52142627604.65554
34350.0,-29218622.034892425,-6.119861987763699e-15,52142627604.65552
34360.0,-29218622.03489213,3.952410867097389e-15,52142627604.65578
34370.0,-29218622.034892064,6.247359112508776e-15,52142627604.65584
34380.0,-29218622.03489231,-2.16745112066631e-15,52142627604.65562
34390.0,-29218622.034892324,-2.6774396196466184e-15,52142627604.6556
34400.0,-29218622.034892414,-5.737370613528468e-15,52142627604.655525
34410.0,-29218622.03489243,-6.247359112508776e-15,52142627604.65551
34420.0,-29218622.034892138,3.697416617607235e-15,52142627604.65578
34430.0,-29218622.034892064,6.247359112508776e-15,52142627604.65584
34440.0,-29218622.034892317,-2.422445370156464e-15,52142627604.65562
34450.0,-29218622.03489233,-2.9324338691367723e-15,52142627604.6556
34460.0,-29218622.0348924,-5.227382114548159e-15,52142627604.655525
34470.0,-29218622.034892436,-6.50235336199893e-15,52142627604.65551
34480.0,-29218622.03489213,3.952410867097389e-15,52142627604.65578
34490.0,-29218622.03489206,6.374856237253853e-15,52142627604.65584
34500.0,-29218622.03489231,-2.16745112066631e-15,52142627604.65561
34510.0,-29218622.034892317,-2.422445370156464e-15,52142627604.65561
34520.0,-29218622.03489239,-4.972387865058006e-15,52142627604.65554
34530.0,-29218622.03489243,-6.247359112508776e-15,52142627604.65551
34540.0,-29218622.034892127,4.079907991842466e-15,52142627604.65578
34550.0,-29218622.03489206,6.374856237253853e-15,52142627604.65584
34560.0,-29218622.03489231,-2.16745112066631e-15,52142627604.65562
34570.0,-29218622.034892317,-2.422445370156464e-15,52142627604.6556
34580.0,-29218622.0348924,-5.227382114548159e-15,52142627604.65554
34590.0,-29218622.03489242,-5.992364863018622e-15,52142627604.65551
34600.0,-29218622.034892134,3.824913742352312e-15,52142627604.655785
34610.0,-29218622.03489206,6.374856237253853e-15,52142627604.65584
34620.0,-29218622.034892306,-2.039953995921233e-15,52142627604.65562
34630.0,-29218622.034892313,-2.2949482454113873e-15,52142627604.65562
34640.0,-29218622.034892395,-5.0998849898030824e-15,52142627604.65554
34650.0,-29218622.03489242,-5.992364863018622e-15,52142627604.65551
34660.0,-29218622.034892127,4.079907991842466e-15,52142627604.655785
34670.0,-29218622.03489206,6.374856237253853e-15,52142627604.655846
34680.0,-29218622.03489232,-2.5499424949015412e-15,52142627604.65561
34690.0,-29218622.034892328,-2.8049367443916955e-15,52142627604.6556
34700.0,-29218622.034892388,-4.844890740312928e-15,52142627604.65555
34710.0,-29218622.034892425,-6.119861987763699e-15,52142627604.65551
34720.0,-29218622.034892134,3.824913742352312e-15,52142627604.65578
34730.0,-29218622.034892056,6.50235336199893e-15,52142627604.65584
34740.0,-29218622.034892313,-2.2949482454113873e-15,52142627604.65562
34750.0,-29218622.03489232,-2.5499424949015412e-15,52142627604.65562
34760.0,-29218622.034892395,-5.0998849898030824e-15,52142627604.65554
34770.0,-29218622.034892417,-5.8648677382735446e-15,52142627604.65551
34780.0,-29218622.03489213,3.952410867097389e-15,52142627604.65578
34790.0,-29218622.03489205,6.757347611489084e-15,52142627604.65585
34800.0,-29218622.034892313,-2.2949482454113873e-15,52142627604.65562
34810.0,-29218622.03489232,-2.5499424949015412e-15,52142627604.65561
34820.0,-29218622.034892403,-5.354879239293237e-15,52142627604.65554
34830.0,-29218622.034892432,-6.374856237253853e-15,52142627604.65551
34840.0,-29218622.03489213,3.952410867097389e-15,52142627604.65578
34850.0,-29218622.034892064,6.247359112508776e-15,52142627604.65584
34860.0,-29218622.03489231,-2.16745112066631e-15,52142627604.65561
34870.0,-29218622.034892324,-2.6774396196466184e-15,52142627604.6556
34880.0,-29218622.034892406,-5.4823763640383135e-15,52142627604.65553
34890.0,-29218622.034892432,-6.374856237253853e-15,52142627604.65551
34900.0,-29218622.03489213,3.952410867097389e-15,52142627604.65578
34910.0,-29218622.03489207,5.992364863018622e-15,52142627604.65584
34920.0,-29218622.034892317,-2.422445370156464e-15,52142627604.65561
34930.0,-29218622.034892324,-2.6774396196466184e-15,52142627604.6556
34940.0,-29218622.034892406,-5.4823763640383135e-15,52142627604.65554
34950.0,-29218622.03489243,-6.247359112508776e-15,52142627604.6555
34960.0,-29218622.03489213,3.952410867097389e-15,52142627604.65578
34970.0,-29218622.034892056,6.50235336199893e-15,52142627604.65584
34980.0,-29218622.034892324,-2.6774396196466184e-15,52142627604.6556
34990.0,-29218622.03489234,-3.1874281186269266e-15,52142627604.6556
35000.0,-29218622.03489239,-4.972387865058006e-15,52142627604.65554
35010.0,-29218622.034892436,-6.50235336199893e-15,52142627604.65551
35020.0,-29218622.034892123,4.207405116587543e-15,52142627604.65578
35030.0,-29218622.034892052,6.6298504867440075e-15,52142627604.65585
35040.0,-29218622.034892317,-2.422445370156464e-15,52142627604.65561
35050.0,-29218622.034892336,-3.0599309938818494e-15,52142627604.6556
35060.0,-29218622.0348924,-5.227382114548159e-15,52142627604.65554
35070.0,-29218622.034892436,-6.50235336199893e-15,52142627604.65551
35080.0,-29218622.034892134,3.824913742352312e-15,52142627604.65578
35090.0,-29218622.03489206,6.374856237253853e-15,52142627604.65584
35100.0,-29218622.034892328,-2.8049367443916955e-15,52142627604.6556
35110.0,-29218622.034892328,-2.8049367443916955e-15,52142627604.6556
35120.0,-29218622.034892403,-5.354879239293237e-15,52142627604.65553
35130.0,-29218622.03489244,-6.6298504867440075e-15,52142627604.65551
35140.0,-29218622.034892127,4.079907991842466e-15,52142627604.65578
35150.0,-29218622.03489206,6.374856237253853e-15,52142627604.65584
35160.0,-29218622.034892313,-2.2949482454113873e-15,52142627604.65562
35170.0,-29218622.034892328,-2.8049367443916955e-15,52142627604.6556
35180.0,-29218622.034892403,-5.354879239293237e-15,52142627604.65554
35190.0,-29218622.034892417,-5.8648677382735446e-15,52142627604.65551
35200.0,-29218622.034892134,3.824913742352312e-15,52142627604.65578
35210.0,-29218622.03489206,6.374856237253853e-15,52142627604.65584
35220.0,-29218622.034892313,-2.2949482454113873e-15,52142627604.65562
35230.0,-29218622.03489232,-2.5499424949015412e-15,52142627604.6556
35240.0,-29218622.034892395,-5.0998849898030824e-15,52142627604.65554
35250.0,-29218622.034892417,-5.8648677382735446e-15,52142627604.65551
35260.0,-29218622.034892134,3.824913742352312e-15,52142627604.65578
35270.0,-29218622.034892056,6.50235336199893e-15,52142627604.655846
35280.0,-29218622.03489232,-2.5499424949015412e-15,52142627604.65562
35290.0,-29218622.03489232,-2.5499424949015412e-15,52142627604.6556
35300.0,-29218622.034892403,-5.354879239293237e-15,52142627604.65554
35310.0,-29218622.034892425,-6.119861987763699e-15,52142627604.65551
35320.0,-29218622.034892112,4.5898964908227746e-15,52142627604.65578
35330.0,-29218622.034892064,6.247359112508776e-15,52142627604.655846
35340.0,-29218622.034892313,-2.2949482454113873e-15,52142627604.65562
35350.0,-29218622.034892313,-2.2949482454113873e-15,52142627604.65562
35360.0,-29218622.034892403,-5.354879239293237e-15,52142627604.65554
35370.0,-29218622.034892432,-6.374856237253853e-15,52142627604.65552
35380.0,-29218622.03489213,3.952410867097389e-15,52142627604.65578
35390.0,-29218622.034892056,6.50235336199893e-15,52142627604.65584
35400.0,-29218622.03489231,-2.16745112066631e-15,52142627604.65562
35410.0,-29218622.03489231,-2.16745112066631e-15,52142627604.6556
35420.0,-29218622.0348924,-5.227382114548159e-15,52142627604.65554
35430.0,-29218622.034892425,-6.119861987763699e-15,52142627604.65551
35440.0,-29218622.03489213,3.952410867097389e-15,52142627604.65578
35450.0,-29218622.034892056,6.50235336199893e-15,52142627604.65584
35460.0,-29218622.034892317,-2.422445370156464e-15,52142627604.6556
35470.0,-29218622.034892324,-2.6774396196466184e-15,52142627604.6556
35480.0,-29218622.0348924,-5.227382114548159e-15,52142627604.65554
35490.0,-29218622.03489243,-6.247359112508776e-15,52142627604.65551
35500.0,-29218622.03489213,3.952410867097389e-15,52142627604.65578
35510.0,-29218622.03489205,6.757347611489084e-15,52142627604.65584
35520.0,-29218622.034892324,-2.6774396196466184e-15,52142627604.6556
35530.0,-29218622.03489233,-2.9324338691367723e-15,52142627604.6556
35540.0,-29218622.03489239,-4.972387865058006e-15,52142627604.65554
35550.0,-29218622.03489243,-6.247359112508776e-15,52142627604.65551
35560.0,-29218622.03489213,3.952410867097389e-15,52142627604.65578
35570.0,-29218622.03489206,6.374856237253853e-15,52142627604.65584
35580.0,-29218622.034892324,-2.6774396196466184e-15,52142627604.6556
35590.0,-29218622.034892324,-2.6774396196466184e-15,52142627604.6556
35600.0,-29218622.034892414,-5.737370613528468e-15,52142627604.65553
35610.0,-29218622.034892436,-6.50235336199893e-15,52142627604.6555
35620.0,-29218622.034892127,4.079907991842466e-15,52142627604.65578
35630.0,-29218622.03489206,6.374856237253853e-15,52142627604.65584
35640.0,-29218622.034892324,-2.6774396196466184e-15,52142627604.65561
35650.0,-29218622.03489233,-2.9324338691367723e-15,52142627604.6556
35660.0,-29218622.034892414,-5.737370613528468e-15,52142627604.65553
35670.0,-29218622.03489243,-6.247359112508776e-15,52142627604.65551
35680.0,-29218622.034892134,3.824913742352312e-15,52142627604.65578
35690.0,-29218622.03489206,6.374856237253853e-15,52142627604.65584
35700.0,-29218622.03489232,-2.5499424949015412e-15,52142627604.6556
35710.0,-29218622.034892328,-2.8049367443916955e-15,52142627604.655594
35720.0,-29218622.034892406,-5.4823763640383135e-15,52142627604.655525
35730.0,-29218622.034892436,-6.50235336199893e-15,52142627604.65551
35740.0,-29218622.03489214,3.569919492862158e-15,52142627604.65576
35750.0,-29218622.03489206,6.374856237253853e-15,52142627604.65583
35760.0,-29218622.034892328,-2.8049367443916955e-15,52142627604.6556
35770.0,-29218622.034892336,-3.0599309938818494e-15,52142627604.655594
35780.0,-29218622.03489241,-5.609873488783391e-15,52142627604.655525
35790.0,-29218622.034892436,-6.50235336199893e-15,52142627604.65551
35800.0,-29218622.034892134,3.824913742352312e-15,52142627604.65578
35810.0,-29218622.034892067,6.119861987763699e-15,52142627604.65584
35820.0,-29218622.03489232,-2.5499424949015412e-15,52142627604.6556
35830.0,-29218622.034892336,-3.0599309938818494e-15,52142627604.6556
35840.0,-29218622.034892417,-5.8648677382735446e-15,52142627604.655525
35850.0,-29218622.034892436,-6.50235336199893e-15,52142627604.655495
35860.0,-29218622.03489214,3.569919492862158e-15,52142627604.65576
35870.0,-29218622.034892082,5.609873488783391e-15,52142627604.65582
35880.0,-29218622.034892328,-2.8049367443916955e-15,52142627604.6556
35890.0,-29218622.034892343,-3.3149252433720038e-15,52142627604.65559
35900.0,-29218622.034892417,-5.8648677382735446e-15,52142627604.65551
35910.0,-29218622.034892447,-6.884844736234161e-15,52142627604.655495
35920.0,-29218622.03489215,3.3149252433720038e-15,52142627604.65576
35930.0,-29218622.034892082,5.609873488783391e-15,52142627604.65582
35940.0,-29218622.034892328,-2.8049367443916955e-15,52142627604.6556
35950.0,-29218622.034892336,-3.0599309938818494e-15,52142627604.655594
35960.0,-29218622.034892417,-5.8648677382735446e-15,52142627604.65552
35970.0,-29218622.03489244,-6.6298504867440075e-15,52142627604.655495
35980.0,-29218622.03489214,3.569919492862158e-15,52142627604.65576
35990.0,-29218622.034892082,5.609873488783391e-15,52142627604.65582
36000.0,-29218622.034892336,-3.0599309938818494e-15,52142627604.6556
36010.0,-29218622.034892336,-3.0599309938818494e-15,52142627604.655594
36020.0,-29218622.034892403,-5.354879239293237e-15,52142627604.655525
36030.0,-29218622.03489244,-6.6298504867440075e-15,52142627604.6555
36040.0,-29218622.03489214,3.569919492862158e-15,52142627604.65576
36050.0,-29218622.034892075,5.8648677382735446e-15,52142627604.65583
36060.0,-29218622.034892313,-2.2949482454113873e-15,52142627604.6556
36070.0,-29218622.034892336,-3.0599309938818494e-15,52142627604.6556
36080.0,-29218622.034892403,-5.354879239293237e-15,52142627604.65553
36090.0,-29218622.034892436,-6.50235336199893e-15,52142627604.6555
36100.0,-29218622.03489214,3.569919492862158e-15,52142627604.65576
36110.0,-29218622.034892067,6.119861987763699e-15,52142627604.65583
36120.0,-29218622.034892328,-2.8049367443916955e-15,52142627604.6556
36130.0,-29218622.034892328,-2.8049367443916955e-15,52142627604.655594
36140.0,-29218622.034892403,-5.354879239293237e-15,52142627604.65553
36150.0,-29218622.03489244,-6.6298504867440075e-15,52142627604.6555
36160.0,-29218622.03489214,3.569919492862158e-15,52142627604.65576
36170.0,-29218622.034892067,6.119861987763699e-15,52142627604.65584
36180.0,-29218622.034892328,-2.8049367443916955e-15,52142627604.655594
36190.0,-29218622.034892336,-3.0599309938818494e-15,52142627604.655594
36200.0,-29218622.03489241,-5.609873488783391e-15,52142627604.655525
36210.0,-29218622.03489244,-6.6298504867440075e-15,52142627604.655495
36220.0,-29218622.03489215,3.3149252433720038e-15,52142627604.65576
36230.0,-29218622.034892075,5.8648677382735446e-15,52142627604.65582
36240.0,-29218622.034892336,-3.0599309938818494e-15,52142627604.655594
36250.0,-29218622.034892343,-3.3149252433720038e-15,52142627604.655594
36260.0,-29218622.03489241,-5.609873488783391e-15,52142627604.655525
36270.0,-29218622.034892447,-6.884844736234161e-15,52142627604.655495
36280.0,-29218622.03489215,3.3149252433720038e-15,52142627604.65576
36290.0,-29218622.034892082,5.609873488783391e-15,52142627604.65582
36300.0,-29218622.034892336,-3.0599309938818494e-15,52142627604.6556
36310.0,-29218622.034892343,-3.3149252433720038e-15,52142627604.65559
36320.0,-29218622.034892417,-5.8648677382735446e-15,52142627604.65551
36330.0,-29218622.034892444,-6.757347611489084e-15,52142627604.655495
36340.0,-29218622.03489215,3.3149252433720038e-15,52142627604.65576
36350.0,-29218622.034892075,5.8648677382735446e-15,52142627604.65582
36360.0,-29218622.034892328,-2.8049367443916955e-15,52142627604.6556
36370.0,-29218622.034892336,-3.0599309938818494e-15,52142627604.655594
36380.0,-29218622.03489241,-5.609873488783391e-15,52142627604.655525
36390.0,-29218622.03489245,-7.012341860979239e-15,52142627604.655495
36400.0,-29218622.034892134,3.824913742352312e-15,52142627604.65576
36410.0,-29218622.034892082,5.609873488783391e-15,52142627604.65582
36420.0,-29218622.034892336,-3.0599309938818494e-15,52142627604.655594
36430.0,-29218622.034892336,-3.0599309938818494e-15,52142627604.65559
36440.0,-29218622.034892425,-6.119861987763699e-15,52142627604.65551
36450.0,-29218622.034892444,-6.757347611489084e-15,52142627604.6555
36460.0,-29218622.03489214,3.569919492862158e-15,52142627604.65576
36470.0,-29218622.034892075,5.8648677382735446e-15,52142627604.65582
36480.0,-29218622.034892336,-3.0599309938818494e-15,52142627604.65559
36490.0,-29218622.034892336,-3.0599309938818494e-15,52142627604.655594
36500.0,-29218622.03489242,-5.992364863018622e-15,52142627604.65552
36510.0,-29218622.03489245,-7.012341860979239e-15,52142627604.655495
36520.0,-29218622.03489215,3.3149252433720038e-15,52142627604.65576
36530.0,-29218622.034892075,5.8648677382735446e-15,52142627604.65582
36540.0,-29218622.034892347,-3.4424223681170805e-15,52142627604.655594
36550.0,-29218622.03489235,-3.569919492862158e-15,52142627604.65559
36560.0,-29218622.03489243,-6.247359112508776e-15,52142627604.65552
36570.0,-29218622.03489246,-7.267336110469393e-15,52142627604.65549
36580.0,-29218622.03489214,3.569919492862158e-15,52142627604.65576
36590.0,-29218622.034892082,5.609873488783391e-15,52142627604.65582
36600.0,-29218622.034892347,-3.4424223681170805e-15,52142627604.65559
36610.0,-29218622.034892354,-3.697416617607235e-15,52142627604.65559
36620.0,-29218622.03489243,-6.247359112508776e-15,52142627604.65551
36630.0,-29218622.03489245,-7.012341860979239e-15,52142627604.655495
36640.0,-29218622.034892153,3.1874281186269266e-15,52142627604.65576
36650.0,-29218622.034892075,5.8648677382735446e-15,52142627604.655815
36660.0,-29218622.034892347,-3.4424223681170805e-15,52142627604.65559
36670.0,-29218622.034892347,-3.4424223681170805e-15,52142627604.65559
36680.0,-29218622.03489242,-5.992364863018622e-15,52142627604.65551
36690.0,-29218622.03489245,-7.012341860979239e-15,52142627604.65549
36700.0,-29218622.034892153,3.1874281186269266e-15,52142627604.65576
36710.0,-29218622.03489209,5.354879239293237e-15,52142627604.655815
36720.0,-29218622.03489234,-3.1874281186269266e-15,52142627604.65559
36730.0,-29218622.034892347,-3.4424223681170805e-15,52142627604.65559
36740.0,-29218622.03489242,-5.992364863018622e-15,52142627604.65551
36750.0,-29218622.03489245,-7.012341860979239e-15,52142627604.65549
36760.0,-29218622.034892153,3.1874281186269266e-15,52142627604.65576
36770.0,-29218622.0348921,4.972387865058006e-15,52142627604.65581
36780.0,-29218622.03489234,-3.1874281186269266e-15,52142627604.65559
36790.0,-29218622.034892347,-3.4424223681170805e-15,52142627604.65557
36800.0,-29218622.03489243,-6.247359112508776e-15,52142627604.65551
36810.0,-29218622.034892455,-7.139838985724316e-15,52142627604.65548
36820.0,-29218622.034892153,3.1874281186269266e-15,52142627604.655754
36830.0,-29218622.0348921,4.972387865058006e-15,52142627604.65581
36840.0,-29218622.03489234,-3.1874281186269266e-15,52142627604.65559
36850.0,-29218622.034892347,-3.4424223681170805e-15,52142627604.65558
36860.0,-29218622.034892425,-6.119861987763699e-15,52142627604.65551
36870.0,-29218622.034892455,-7.139838985724316e-15,52142627604.65549
36880.0,-29218622.034892146,3.4424223681170805e-15,52142627604.65575
36890.0,-29218622.034892086,5.4823763640383135e-15,52142627604.655815
36900.0,-29218622.034892343,-3.3149252433720038e-15,52142627604.65559
36910.0,-29218622.03489235,-3.569919492862158e-15,52142627604.65557
36920.0,-29218622.034892425,-6.119861987763699e-15,52142627604.65551
36930.0,-29218622.034892455,-7.139838985724316e-15,52142627604.65549
36940.0,-29218622.03489216,2.9324338691367723e-15,52142627604.65575
36950.0,-29218622.034892086,5.4823763640383135e-15,52142627604.65581
36960.0,-29218622.03489235,-3.569919492862158e-15,52142627604.65559
36970.0,-29218622.034892358,-3.824913742352312e-15,52142627604.65557
36980.0,-29218622.034892425,-6.119861987763699e-15,52142627604.65551
36990.0,-29218622.034892455,-7.139838985724316e-15,52142627604.655495
37000.0,-29218622.034892164,2.8049367443916955e-15,52142627604.655754
37010.0,-29218622.03489209,5.354879239293237e-15,52142627604.655815
37020.0,-29218622.03489235,-3.569919492862158e-15,52142627604.65559
37030.0,-29218622.03489235,-3.569919492862158e-15,52142627604.65559
37040.0,-29218622.034892425,-6.119861987763699e-15,52142627604.65551
37050.0,-29218622.03489246,-7.267336110469393e-15,52142627604.65549
37060.0,-29218622.03489215,3.3149252433720038e-15,52142627604.65576
37070.0,-29218622.03489209,5.354879239293237e-15,52142627604.655815
37080.0,-29218622.034892343,-3.3149252433720038e-15,52142627604.655594
37090.0,-29218622.034892343,-3.3149252433720038e-15,52142627604.65559
37100.0,-29218622.03489243,-6.247359112508776e-15,52142627604.65551
37110.0,-29218622.03489245,-7.012341860979239e-15,52142627604.65549
37120.0,-29218622.034892157,3.0599309938818494e-15,52142627604.65575
37130.0,-29218622.03489209,5.354879239293237e-15,52142627604.65581
37140.0,-29218622.034892347,-3.4424223681170805e-15,52142627604.65559
37150.0,-29218622.034892354,-3.697416617607235e-15,52142627604.65558
37160.0,-29218622.034892436,-6.50235336199893e-15,52142627604.65551
37170.0,-29218622.03489246,-7.267336110469393e-15,52142627604.65548
37180.0,-29218622.034892153,3.1874281186269266e-15,52142627604.655754
37190.0,-29218622.03489207,5.992364863018622e-15,52142627604.65582
37200.0,-29218622.03489234,-3.1874281186269266e-15,52142627604.655594
37210.0,-29218622.034892347,-3.4424223681170805e-15,52142627604.65559
37220.0,-29218622.03489243,-6.247359112508776e-15,52142627604.65551
37230.0,-29218622.034892455,-7.139838985724316e-15,52142627604.65549
37240.0,-29218622.034892146,3.4424223681170805e-15,52142627604.65576
37250.0,-29218622.03489208,5.737370613528468e-15,52142627604.65583
37260.0,-29218622.03489233,-2.9324338691367723e-15,52142627604.655594
37270.0,-29218622.03489234,-3.1874281186269266e-15,52142627604.655594
37280.0,-29218622.034892425,-6.119861987763699e-15,52142627604.65552
37290.0,-29218622.034892447,-6.884844736234161e-15,52142627604.655495
37300.0,-29218622.034892146,3.4424223681170805e-15,52142627604.655754
37310.0,-29218622.034892086,5.4823763640383135e-15,52142627604.655815
37320.0,-29218622.034892336,-3.0599309938818494e-15,52142627604.655594
37330.0,-29218622.034892343,-3.3149252433720038e-15,52142627604.65559
37340.0,-29218622.034892417,-5.8648677382735446e-15,52142627604.65552
37350.0,-29218622.03489244,-6.6298504867440075e-15,52142627604.65549
37360.0,-29218622.03489215,3.3149252433720038e-15,52142627604.65576
37370.0,-29218622.03489208,5.737370613528468e-15,52142627604.65583
37380.0,-29218622.034892336,-3.0599309938818494e-15,52142627604.655594
37390.0,-29218622.034892343,-3.3149252433720038e-15,52142627604.65559
37400.0,-29218622.034892417,-5.8648677382735446e-15,52142627604.65552
37410.0,-29218622.03489245,-7.012341860979239e-15,52142627604.65549
37420.0,-29218622.034892157,3.0599309938818494e-15,52142627604.655754
37430.0,-29218622.034892082,5.609873488783391e-15,52142627604.65582
37440.0,-29218622.03489232,-2.5499424949015412e-15,52142627604.6556
37450.0,-29218622.03489235,-3.569919492862158e-15,52142627604.65559
37460.0,-29218622.03489242,-5.992364863018622e-15,52142627604.65551
37470.0,-29218622.03489245,-7.012341860979239e-15,52142627604.655495
37480.0,-29218622.03489215,3.3149252433720038e-15,52142627604.655754
37490.0,-29218622.03489209,5.354879239293237e-15,52142627604.655815
37500.0,-29218622.034892347,-3.4424223681170805e-15,52142627604.65559
37510.0,-29218622.034892354,-3.697416617607235e-15,52142627604.65558
37520.0,-29218622.03489243,-6.247359112508776e-15,52142627604.65551
37530.0,-29218622.03489245,-7.012341860979239e-15,52142627604.655495
37540.0,-29218622.034892153,3.1874281186269266e-15,52142627604.655754
37550.0,-29218622.03489209,5.354879239293237e-15,52142627604.655815
37560.0,-29218622.034892347,-3.4424223681170805e-15,52142627604.65559
37570.0,-29218622.034892354,-3.697416617607235e-15,52142627604.65559
37580.0,-29218622.034892436,-6.50235336199893e-15,52142627604.65551
37590.0,-29218622.03489245,-7.012341860979239e-15,52142627604.65549
37600.0,-29218622.03489216,2.9324338691367723e-15,52142627604.655754
37610.0,-29218622.034892086,5.4823763640383135e-15,52142627604.655815
37620.0,-29218622.034892347,-3.4424223681170805e-15,52142627604.65559
37630.0,-29218622.034892354,-3.697416617607235e-15,52142627604.65558
37640.0,-29218622.03489243,-6.247359112508776e-15,52142627604.65551
37650.0,-29218622.03489246,-7.267336110469393e-15,52142627604.65549
37660.0,-29218622.03489216,2.9324338691367723e-15,52142627604.65575
37670.0,-29218622.0348921,4.972387865058006e-15,52142627604.65581
37680.0,-29218622.034892347,-3.4424223681170805e-15,52142627604.65558
37690.0,-29218622.034892347,-3.4424223681170805e-15,52142627604.65558
37700.0,-29218622.034892432,-6.374856237253853e-15,52142627604.65551
37710.0,-29218622.034892462,-7.39483323521447e-15,52142627604.65548
37720.0,-29218622.034892153,3.1874281186269266e-15,52142627604.655754
37730.0,-29218622.034892086,5.4823763640383135e-15,52142627604.65581
37740.0,-29218622.034892343,-3.3149252433720038e-15,52142627604.65559
37750.0,-29218622.03489235,-3.569919492862158e-15,52142627604.65558
37760.0,-29218622.034892425,-6.119861987763699e-15,52142627604.65551
37770.0,-29218622.034892447,-6.884844736234161e-15,52142627604.65549
37780.0,-29218622.034892164,2.8049367443916955e-15,52142627604.65575
37790.0,-29218622.034892093,5.227382114548159e-15,52142627604.65581
37800.0,-29218622.034892343,-3.3149252433720038e-15,52142627604.65559
37810.0,-29218622.034892358,-3.824913742352312e-15,52142627604.65557
37820.0,-29218622.03489244,-6.6298504867440075e-15,52142627604.6555
37830.0,-29218622.034892462,-7.39483323521447e-15,52142627604.65548
37840.0,-29218622.03489217,2.5499424949015412e-15,52142627604.65575
37850.0,-29218622.034892105,4.844890740312928e-15,52142627604.65581
37860.0,-29218622.034892336,-3.0599309938818494e-15,52142627604.65559
37870.0,-29218622.034892365,-4.079907991842466e-15,52142627604.65557
37880.0,-29218622.03489244,-6.6298504867440075e-15,52142627604.655495
37890.0,-29218622.034892466,-7.522330359959546e-15,52142627604.65548
37900.0,-29218622.034892164,2.8049367443916955e-15,52142627604.65575
37910.0,-29218622.03489209,5.354879239293237e-15,52142627604.65581
37920.0,-29218622.03489236,-3.952410867097389e-15,52142627604.65557
37930.0,-29218622.03489237,-4.207405116587543e-15,52142627604.65557
37940.0,-29218622.03489243,-6.247359112508776e-15,52142627604.655495
37950.0,-29218622.03489246,-7.267336110469393e-15,52142627604.65548
37960.0,-29218622.034892168,2.6774396196466184e-15,52142627604.65575
37970.0,-29218622.03489209,5.354879239293237e-15,52142627604.65581
37980.0,-29218622.03489236,-3.952410867097389e-15,52142627604.65557
37990.0,-29218622.03489237,-4.207405116587543e-15,52142627604.65557
38000.0,-29218622.03489245,-7.012341860979239e-15,52142627604.6555
38010.0,-29218622.034892473,-7.7773246094497e-15,52142627604.65547
38020.0,-29218622.034892168,2.6774396196466184e-15,52142627604.65575
38030.0,-29218622.0348921,4.972387865058006e-15,52142627604.65581
38040.0,-29218622.034892354,-3.697416617607235e-15,52142627604.65559
38050.0,-29218622.03489237,-4.207405116587543e-15,52142627604.65557
38060.0,-29218622.034892436,-6.50235336199893e-15,52142627604.65551
38070.0,-29218622.034892455,-7.139838985724316e-15,52142627604.65549
38080.0,-29218622.03489216,2.9324338691367723e-15,52142627604.65575
38090.0,-29218622.0348921,4.972387865058006e-15,52142627604.6558
38100.0,-29218622.034892354,-3.697416617607235e-15,52142627604.65557
38110.0,-29218622.03489236,-3.952410867097389e-15,52142627604.65557
38120.0,-29218622.034892425,-6.119861987763699e-15,52142627604.65551
38130.0,-29218622.034892455,-7.139838985724316e-15,52142627604.655495
38140.0,-29218622.034892153,3.1874281186269266e-15,52142627604.65575
38150.0,-29218622.034892093,5.227382114548159e-15,52142627604.655815
38160.0,-29218622.03489235,-3.569919492862158e-15,52142627604.65559
38170.0,-29218622.034892358,-3.824913742352312e-15,52142627604.65557
38180.0,-29218622.034892432,-6.374856237253853e-15,52142627604.65551
38190.0,-29218622.034892462,-7.39483323521447e-15,52142627604.65548
38200.0,-29218622.034892157,3.0599309938818494e-15,52142627604.65575
38210.0,-29218622.034892086,5.4823763640383135e-15,52142627604.655815
38220.0,-29218622.034892358,-3.824913742352312e-15,52142627604.65559
38230.0,-29218622.034892358,-3.824913742352312e-15,52142627604.65557
38240.0,-29218622.03489244,-6.6298504867440075e-15,52142627604.6555
38250.0,-29218622.034892462,-7.39483323521447e-15,52142627604.65548
38260.0,-29218622.03489217,2.5499424949015412e-15,52142627604.65575
38270.0,-29218622.0348921,4.972387865058006e-15,52142627604.6558
38280.0,-29218622.03489235,-3.569919492862158e-15,52142627604.65558
38290.0,-29218622.03489235,-3.569919492862158e-15,52142627604.65557
38300.0,-29218622.03489244,-6.6298504867440075e-15,52142627604.655495
38310.0,-29218622.034892455,-7.139838985724316e-15,52142627604.65548
38320.0,-29218622.03489217,2.5499424949015412e-15,52142627604.65575
38330.0,-29218622.034892105,4.844890740312928e-15,52142627604.65581
38340.0,-29218622.03489235,-3.569919492862158e-15,52142627604.65557
38350.0,-29218622.034892358,-3.824913742352312e-15,52142627604.65557
38360.0,-29218622.034892432,-6.374856237253853e-15,52142627604.6555
38370.0,-29218622.034892466,-7.522330359959546e-15,52142627604.65548
38380.0,-29218622.03489217,2.5499424949015412e-15,52142627604.65575
38390.0,-29218622.034892097,5.0998849898030824e-15,52142627604.65581
38400.0,-29218622.03489235,-3.569919492862158e-15,52142627604.65557
38410.0,-29218622.034892358,-3.824913742352312e-15,52142627604.65557
38420.0,-29218622.03489244,-6.6298504867440075e-15,52142627604.6555
38430.0,-29218622.034892466,-7.522330359959546e-15,52142627604.65549
38440.0,-29218622.034892164,2.8049367443916955e-15,52142627604.65575
38450.0,-29218622.03489209,5.354879239293237e-15,52142627604.655815
38460.0,-29218622.034892354,-3.697416617607235e-15,52142627604.65559
38470.0,-29218622.034892358,-3.824913742352312e-15,52142627604.65558
38480.0,-29218622.03489243,-6.247359112508776e-15,52142627604.65551
38490.0,-29218622.03489246,-7.267336110469393e-15,52142627604.65549
38500.0,-29218622.034892153,3.1874281186269266e-15,52142627604.655754
38510.0,-29218622.03489209,5.354879239293237e-15,52142627604.65581
38520.0,-29218622.034892347,-3.4424223681170805e-15,52142627604.65559
38530.0,-29218622.03489236,-3.952410867097389e-15,52142627604.65558
38540.0,-29218622.034892436,-6.50235336199893e-15,52142627604.6555
38550.0,-29218622.034892466,-7.522330359959546e-15,52142627604.65548
38560.0,-29218622.03489216,2.9324338691367723e-15,52142627604.655754
38570.0,-29218622.03489209,5.354879239293237e-15,52142627604.655815
38580.0,-29218622.034892347,-3.4424223681170805e-15,52142627604.65558
38590.0,-29218622.034892354,-3.697416617607235e-15,52142627604.65558
38600.0,-29218622.03489243,-6.247359112508776e-15,52142627604.65551
38610.0,-29218622.03489246,-7.267336110469393e-15,52142627604.65549
38620.0,-29218622.03489216,2.9324338691367723e-15,52142627604.655754
38630.0,-29218622.03489209,5.354879239293237e-15,52142627604.65581
38640.0,-29218622.034892347,-3.4424223681170805e-15,52142627604.65559
38650.0,-29218622.034892354,-3.697416617607235e-15,52142627604.65558
38660.0,-29218622.034892444,-6.757347611489084e-15,52142627604.65551
38670.0,-29218622.03489246,-7.267336110469393e-15,52142627604.65549
38680.0,-29218622.034892168,2.6774396196466184e-15,52142627604.655754
38690.0,-29218622.034892093,5.227382114548159e-15,52142627604.65581
38700.0,-29218622.03489236,-3.952410867097389e-15,52142627604.65558
38710.0,-29218622.03489236,-3.952410867097389e-15,52142627604.65558
38720.0,-29218622.034892436,-6.50235336199893e-15,52142627604.65551
38730.0,-29218622.03489245,-7.012341860979239e-15,52142627604.65548
38740.0,-29218622.03489216,2.9324338691367723e-15,52142627604.65575
38750.0,-29218622.034892093,5.227382114548159e-15,52142627604.65581
38760.0,-29218622.03489236,-3.952410867097389e-15,52142627604.65558
38770.0,-29218622.03489236,-3.952410867097389e-15,52142627604.65557
38780.0,-29218622.034892436,-6.50235336199893e-15,52142627604.6555
38790.0,-29218622.03489246,-7.267336110469393e-15,52142627604.65549
38800.0,-29218622.03489216,2.9324338691367723e-15,52142627604.65575
38810.0,-29218622.0348921,4.972387865058006e-15,52142627604.65581
38820.0,-29218622.03489236,-3.952410867097389e-15,52142627604.65557
38830.0,-29218622.03489237,-4.207405116587543e-15,52142627604.65556
38840.0,-29218622.034892444,-6.757347611489084e-15,52142627604.65549
38850.0,-29218622.034892466,-7.522330359959546e-15,52142627604.65547
38860.0,-29218622.034892168,2.6774396196466184e-15,52142627604.65574
38870.0,-29218622.03489211,4.717393615567851e-15,52142627604.6558
38880.0,-29218622.03489237,-4.207405116587543e-15,52142627604.65556
38890.0,-29218622.03489237,-4.207405116587543e-15,52142627604.65556
38900.0,-29218622.03489245,-7.012341860979239e-15,52142627604.655495
38910.0,-29218622.034892473,-7.7773246094497e-15,52142627604.65547
38920.0,-29218622.034892175,2.422445370156464e-15,52142627604.65574
38930.0,-29218622.0348921,4.972387865058006e-15,52142627604.6558
38940.0,-29218622.03489237,-4.207405116587543e-15,52142627604.65557
38950.0,-29218622.03489236,-3.952410867097389e-15,52142627604.655556
38960.0,-29218622.034892444,-6.757347611489084e-15,52142627604.65549
38970.0,-29218622.034892473,-7.7773246094497e-15,52142627604.65547
38980.0,-29218622.034892175,2.422445370156464e-15,52142627604.65573
38990.0,-29218622.03489211,4.717393615567851e-15,52142627604.65579
39000.0,-29218622.03489237,-4.207405116587543e-15,52142627604.65557
39010.0,-29218622.03489237,-4.207405116587543e-15,52142627604.655556
39020.0,-29218622.03489245,-7.012341860979239e-15,52142627604.65549
39030.0,-29218622.034892473,-7.7773246094497e-15,52142627604.655464
39040.0,-29218622.034892183,2.16745112066631e-15,52142627604.65573
39050.0,-29218622.03489211,4.717393615567851e-15,52142627604.65579
39060.0,-29218622.034892377,-4.462399366077697e-15,52142627604.655556
39070.0,-29218622.034892384,-4.717393615567851e-15,52142627604.65555
39080.0,-29218622.03489246,-7.267336110469393e-15,52142627604.65548
39090.0,-29218622.03489248,-8.032318858939855e-15,52142627604.65546
39100.0,-29218622.034892183,2.16745112066631e-15,52142627604.65573
39110.0,-29218622.03489211,4.717393615567851e-15,52142627604.6558
39120.0,-29218622.03489237,-4.207405116587543e-15,52142627604.65556
39130.0,-29218622.03489237,-4.207405116587543e-15,52142627604.655556
39140.0,-29218622.034892466,-7.522330359959546e-15,52142627604.65548
39150.0,-29218622.03489248,-8.032318858939855e-15,52142627604.655464
39160.0,-29218622.034892175,2.422445370156464e-15,52142627604.65573
39170.0,-29218622.034892112,4.5898964908227746e-15,52142627604.65579
39180.0,-29218622.03489237,-4.207405116587543e-15,52142627604.65556
39190.0,-29218622.034892377,-4.462399366077697e-15,52142627604.65556
39200.0,-29218622.03489245,-7.012341860979239e-15,52142627604.655495
39210.0,-29218622.03489248,-8.032318858939855e-15,52142627604.65546
39220.0,-29218622.034892183,2.16745112066631e-15,52142627604.65573
39230.0,-29218622.034892112,4.5898964908227746e-15,52142627604.6558
39240.0,-29218622.03489237,-4.207405116587543e-15,52142627604.65556
39250.0,-29218622.034892377,-4.462399366077697e-15,52142627604.655556
39260.0,-29218622.034892466,-7.522330359959546e-15,52142627604.65549
39270.0,-29218622.03489249,-8.287313108430009e-15,52142627604.65546
39280.0,-29218622.03489219,1.912456871176156e-15,52142627604.65573
39290.0,-29218622.034892112,4.5898964908227746e-15,52142627604.655785
39300.0,-29218622.034892377,-4.462399366077697e-15,52142627604.655556
39310.0,-29218622.034892384,-4.717393615567851e-15,52142627604.655556
39320.0,-29218622.034892466,-7.522330359959546e-15,52142627604.65549
39330.0,-29218622.03489249,-8.287313108430009e-15,52142627604.65546
39340.0,-29218622.034892194,1.784959746431079e-15,52142627604.655716
39350.0,-29218622.03489212,4.33490224133262e-15,52142627604.65579
39360.0,-29218622.034892377,-4.462399366077697e-15,52142627604.655556
39370.0,-29218622.034892384,-4.717393615567851e-15,52142627604.655556
39380.0,-29218622.034892466,-7.522330359959546e-15,52142627604.65549
39390.0,-29218622.03489249,-8.287313108430009e-15,52142627604.65547
39400.0,-29218622.034892187,2.039953995921233e-15,52142627604.65572
39410.0,-29218622.03489212,4.33490224133262e-15,52142627604.65578
39420.0,-29218622.034892373,-4.33490224133262e-15,52142627604.655556
39430.0,-29218622.03489238,-4.5898964908227746e-15,52142627604.655556
39440.0,-29218622.034892466,-7.522330359959546e-15,52142627604.65548
39450.0,-29218622.03489249,-8.287313108430009e-15,52142627604.655464
39460.0,-29218622.03489217,2.5499424949015412e-15,52142627604.65573
39470.0,-29218622.03489212,4.33490224133262e-15,52142627604.65579
39480.0,-29218622.03489238,-4.5898964908227746e-15,52142627604.655556
39490.0,-29218622.03489238,-4.5898964908227746e-15,52142627604.655556
39500.0,-29218622.034892455,-7.139838985724316e-15,52142627604.65547
39510.0,-29218622.03489249,-8.287313108430009e-15,52142627604.65546
39520.0,-29218622.034892194,1.784959746431079e-15,52142627604.65573
39530.0,-29218622.034892127,4.079907991842466e-15,52142627604.655785
39540.0,-29218622.034892388,-4.844890740312928e-15,52142627604.655556
39550.0,-29218622.034892388,-4.844890740312928e-15,52142627604.65554
39560.0,-29218622.034892447,-6.884844736234161e-15,52142627604.65549
39570.0,-29218622.034892485,-8.159815983684932e-15,52142627604.65546
39580.0,-29218622.034892194,1.784959746431079e-15,52142627604.65572
39590.0,-29218622.034892123,4.207405116587543e-15,52142627604.65578
39600.0,-29218622.034892388,-4.844890740312928e-15,52142627604.655556
39610.0,-29218622.034892395,-5.0998849898030824e-15,52142627604.65554
39620.0,-29218622.034892455,-7.139838985724316e-15,52142627604.65548
39630.0,-29218622.034892492,-8.414810233175085e-15,52142627604.65546
39640.0,-29218622.034892194,1.784959746431079e-15,52142627604.65572
39650.0,-29218622.034892123,4.207405116587543e-15,52142627604.655785
39660.0,-29218622.03489238,-4.5898964908227746e-15,52142627604.655556
39670.0,-29218622.034892395,-5.0998849898030824e-15,52142627604.65555
39680.0,-29218622.034892462,-7.39483323521447e-15,52142627604.65547
39690.0,-29218622.034892485,-8.159815983684932e-15,52142627604.65546
39700.0,-29218622.03489219,1.912456871176156e-15,52142627604.655716
39710.0,-29218622.034892123,4.207405116587543e-15,52142627604.65578
39720.0,-29218622.034892384,-4.717393615567851e-15,52142627604.655556
39730.0,-29218622.034892388,-4.844890740312928e-15,52142627604.65555
39740.0,-29218622.034892462,-7.39483323521447e-15,52142627604.65547
39750.0,-29218622.034892485,-8.159815983684932e-15,52142627604.65546
39760.0,-29218622.03489219,1.912456871176156e-15,52142627604.65572
39770.0,-29218622.034892123,4.207405116587543e-15,52142627604.655785
39780.0,-29218622.03489237,-4.207405116587543e-15,52142627604.655556
39790.0,-29218622.034892384,-4.717393615567851e-15,52142627604.655556
39800.0,-29218622.03489246,-7.267336110469393e-15,52142627604.65547
39810.0,-29218622.034892485,-8.159815983684932e-15,52142627604.65546
39820.0,-29218622.034892198,1.6574626216860019e-15,52142627604.65572
39830.0,-29218622.03489213,3.952410867097389e-15,52142627604.65578
39840.0,-29218622.034892377,-4.462399366077697e-15,52142627604.655556
39850.0,-29218622.034892377,-4.462399366077697e-15,52142627604.655556
39860.0,-29218622.034892473,-7.7773246094497e-15,52142627604.65547
39870.0,-29218622.03489249,-8.287313108430009e-15,52142627604.65546
39880.0,-29218622.03489219,1.912456871176156e-15,52142627604.655716
39890.0,-29218622.03489213,3.952410867097389e-15,52142627604.655785
39900.0,-29218622.034892384,-4.717393615567851e-15,52142627604.655556
39910.0,-29218622.03489239,-4.972387865058006e-15,52142627604.65555
39920.0,-29218622.034892473,-7.7773246094497e-15,52142627604.65548
39930.0,-29218622.03489249,-8.287313108430009e-15,52142627604.65546
39940.0,-29218622.03489219,1.912456871176156e-15,52142627604.65573
39950.0,-29218622.034892127,4.079907991842466e-15,52142627604.655785
39960.0,-29218622.034892384,-4.717393615567851e-15,52142627604.655556
39970.0,-29218622.034892384,-4.717393615567851e-15,52142627604.65555
39980.0,-29218622.03489248,-8.032318858939855e-15,52142627604.65547
39990.0,-29218622.034892496,-8.542307357920164e-15,52142627604.65546
40000.0,-29218622.034892194,1.784959746431079e-15,52142627604.65571
40010.0,-29218622.034892127,4.079907991842466e-15,52142627604.655785
40020.0,-29218622.03489238,-4.5898964908227746e-15,52142627604.65555
40030.0,-29218622.034892395,-5.0998849898030824e-15,52142627604.65554
40040.0,-29218622.034892473,-7.7773246094497e-15,52142627604.65547
40050.0,-29218622.034892503,-8.797301607410317e-15,52142627604.65545
40060.0,-29218622.034892194,1.784959746431079e-15,52142627604.655716
40070.0,-29218622.034892127,4.079907991842466e-15,52142627604.65578
40080.0,-29218622.034892395,-5.0998849898030824e-15,52142627604.65555
40090.0,-29218622.034892395,-5.0998849898030824e-15,52142627604.65554
40100.0,-29218622.03489247,-7.649827484704623e-15,52142627604.65548
40110.0,-29218622.034892496,-8.542307357920164e-15,52142627604.65545
40120.0,-29218622.0348922,1.5299654969409247e-15,52142627604.655716
40130.0,-29218622.034892127,4.079907991842466e-15,52142627604.65577
40140.0,-29218622.034892395,-5.0998849898030824e-15,52142627604.65555
40150.0,-29218622.034892403,-5.354879239293237e-15,52142627604.65554
40160.0,-29218622.034892462,-7.39483323521447e-15,52142627604.65547
40170.0,-29218622.034892485,-8.159815983684932e-15,52142627604.65546
40180.0,-29218622.0348922,1.5299654969409247e-15,52142627604.655716
40190.0,-29218622.034892123,4.207405116587543e-15,52142627604.65578
40200.0,-29218622.034892388,-4.844890740312928e-15,52142627604.65555
40210.0,-29218622.034892395,-5.0998849898030824e-15,52142627604.65554
40220.0,-29218622.034892462,-7.39483323521447e-15,52142627604.65547
40230.0,-29218622.034892507,-8.924798732155394e-15,52142627604.65544
40240.0,-29218622.034892198,1.6574626216860019e-15,52142627604.655716
40250.0,-29218622.03489213,3.952410867097389e-15,52142627604.65578
40260.0,-29218622.034892377,-4.462399366077697e-15,52142627604.65555
40270.0,-29218622.03489239,-4.972387865058006e-15,52142627604.65554
40280.0,-29218622.03489247,-7.649827484704623e-15,52142627604.65547
40290.0,-29218622.034892507,-8.924798732155394e-15,52142627604.65545
40300.0,-29218622.034892198,1.6574626216860019e-15,52142627604.655716
40310.0,-29218622.034892138,3.697416617607235e-15,52142627604.65577
40320.0,-29218622.03489239,-4.972387865058006e-15,52142627604.65555
40330.0,-29218622.034892384,-4.717393615567851e-15,52142627604.65554
40340.0,-29218622.034892466,-7.522330359959546e-15,52142627604.65547
40350.0,-29218622.03489249,-8.287313108430009e-15,52142627604.65545
40360.0,-29218622.034892213,1.1474741227056936e-15,52142627604.65571
40370.0,-29218622.034892123,4.207405116587543e-15,52142627604.65577
40380.0,-29218622.034892377,-4.462399366077697e-15,52142627604.65555
40390.0,-29218622.03489239,-4.972387865058006e-15,52142627604.65555
40400.0,-29218622.034892466,-7.522330359959546e-15,52142627604.65547
40410.0,-29218622.03489249,-8.287313108430009e-15,52142627604.65546
40420.0,-29218622.034892198,1.6574626216860019e-15,52142627604.655716
40430.0,-29218622.03489213,3.952410867097389e-15,52142627604.65578
40440.0,-29218622.034892384,-4.717393615567851e-15,52142627604.65555
40450.0,-29218622.034892384,-4.717393615567851e-15,52142627604.65555
40460.0,-29218622.03489246,-7.267336110469393e-15,52142627604.65548
40470.0,-29218622.03489249,-8.287313108430009e-15,52142627604.65546
40480.0,-29218622.03489219,1.912456871176156e-15,52142627604.655716
40490.0,-29218622.034892112,4.5898964908227746e-15,52142627604.65579
40500.0,-29218622.034892377,-4.462399366077697e-15,52142627604.655556
40510.0,-29218622.034892384,-4.717393615567851e-15,52142627604.655556
40520.0,-29218622.034892466,-7.522330359959546e-15,52142627604.65549
40530.0,-29218622.03489249,-8.287313108430009e-15,52142627604.65546
40540.0,-29218622.034892187,2.039953995921233e-15,52142627604.655716
40550.0,-29218622.034892127,4.079907991842466e-15,52142627604.655785
40560.0,-29218622.03489238,-4.5898964908227746e-15,52142627604.655556
40570.0,-29218622.034892388,-4.844890740312928e-15,52142627604.65555
40580.0,-29218622.034892473,-7.7773246094497e-15,52142627604.65548
40590.0,-29218622.034892496,-8.542307357920164e-15,52142627604.65545
40600.0,-29218622.034892194,1.784959746431079e-15,52142627604.655716
40610.0,-29218622.03489212,4.33490224133262e-15,52142627604.65578
40620.0,-29218622.03489238,-4.5898964908227746e-15,52142627604.65555
40630.0,-29218622.034892395,-5.0998849898030824e-15,52142627604.65554
40640.0,-29218622.034892477,-7.904821734194778e-15,52142627604.65548
40650.0,-29218622.03489249,-8.287313108430009e-15,52142627604.65546
40660.0,-29218622.0348922,1.5299654969409247e-15,52142627604.655716
40670.0,-29218622.034892127,4.079907991842466e-15,52142627604.65578
40680.0,-29218622.03489238,-4.5898964908227746e-15,52142627604.65555
40690.0,-29218622.034892403,-5.354879239293237e-15,52142627604.65555
40700.0,-29218622.03489247,-7.649827484704623e-15,52142627604.65547
40710.0,-29218622.034892492,-8.414810233175085e-15,52142627604.65546
40720.0,-29218622.034892194,1.784959746431079e-15,52142627604.655716
40730.0,-29218622.034892127,4.079907991842466e-15,52142627604.65578
40740.0,-29218622.034892388,-4.844890740312928e-15,52142627604.655556
40750.0,-29218622.034892395,-5.0998849898030824e-15,52142627604.65555
40760.0,-29218622.034892462,-7.39483323521447e-15,52142627604.65548
40770.0,-29218622.034892492,-8.414810233175085e-15,52142627604.65546
40780.0,-29218622.0348922,1.5299654969409247e-15,52142627604.655716
40790.0,-29218622.034892123,4.207405116587543e-15,52142627604.65578
40800.0,-29218622.034892395,-5.0998849898030824e-15,52142627604.65555
40810.0,-29218622.034892395,-5.0998849898030824e-15,52142627604.65555
40820.0,-29218622.034892462,-7.39483323521447e-15,52142627604.65548
40830.0,-29218622.034892485,-8.159815983684932e-15,52142627604.65546
40840.0,-29218622.03489219,1.912456871176156e-15,52142627604.65572
40850.0,-29218622.03489211,4.717393615567851e-15,52142627604.65579
40860.0,-29218622.034892388,-4.844890740312928e-15,52142627604.655556
40870.0,-29218622.034892388,-4.844890740312928e-15,52142627604.655556
40880.0,-29218622.034892462,-7.39483323521447e-15,52142627604.65548
40890.0,-29218622.034892492,-8.414810233175085e-15,52142627604.65546
40900.0,-29218622.03489219,1.912456871176156e-15,52142627604.65573
40910.0,-29218622.034892123,4.207405116587543e-15,52142627604.655785
40920.0,-29218622.03489237,-4.207405116587543e-15,52142627604.655556
40930.0,-29218622.03489237,-4.207405116587543e-15,52142627604.655556
40940.0,-29218622.034892455,-7.139838985724316e-15,52142627604.65549
40950.0,-29218622.034892492,-8.414810233175085e-15,52142627604.655464
40960.0,-29218622.03489219,1.912456871176156e-15,52142627604.65573
40970.0,-29218622.034892116,4.462399366077697e-15,52142627604.65579
40980.0,-29218622.03489237,-4.207405116587543e-15,52142627604.655556
40990.0,-29218622.03489237,-4.207405116587543e-15,52142627604.655556
41000.0,-29218622.034892447,-6.884844736234161e-15,52142627604.65549
41010.0,-29218622.034892485,-8.159815983684932e-15,52142627604.65546
41020.0,-29218622.03489219,1.912456871176156e-15,52142627604.65572
41030.0,-29218622.034892123,4.207405116587543e-15,52142627604.655785
41040.0,-29218622.03489237,-4.207405116587543e-15,52142627604.655556
41050.0,-29218622.03489237,-4.207405116587543e-15,52142627604.655556
41060.0,-29218622.03489245,-7.012341860979239e-15,52142627604.65549
41070.0,-29218622.03489249,-8.287313108430009e-15,52142627604.65546
41080.0,-29218622.03489219,1.912456871176156e-15,52142627604.655716
41090.0,-29218622.034892123,4.207405116587543e-15,52142627604.65579
41100.0,-29218622.034892377,-4.462399366077697e-15,52142627604.655556
41110.0,-29218622.034892384,-4.717393615567851e-15,52142627604.65555
41120.0,-29218622.03489246,-7.267336110469393e-15,52142627604.65549
41130.0,-29218622.03489248,-8.032318858939855e-15,52142627604.65546
41140.0,-29218622.034892198,1.6574626216860019e-15,52142627604.65572
41150.0,-29218622.034892123,4.207405116587543e-15,52142627604.655785
41160.0,-29218622.034892384,-4.717393615567851e-15,52142627604.655556
41170.0,-29218622.034892384,-4.717393615567851e-15,52142627604.65555
41180.0,-29218622.034892466,-7.522330359959546e-15,52142627604.65548
41190.0,-29218622.034892496,-8.542307357920164e-15,52142627604.65546
41200.0,-29218622.034892205,1.4024683721958478e-15,52142627604.655716
41210.0,-29218622.034892127,4.079907991842466e-15,52142627604.65578
41220.0,-29218622.034892384,-4.717393615567851e-15,52142627604.655556
41230.0,-29218622.034892384,-4.717393615567851e-15,52142627604.65555
41240.0,-29218622.034892473,-7.7773246094497e-15,52142627604.65547
41250.0,-29218622.03489249,-8.287313108430009e-15,52142627604.65546
41260.0,-29218622.034892198,1.6574626216860019e-15,52142627604.655716
41270.0,-29218622.034892123,4.207405116587543e-15,52142627604.655785
41280.0,-29218622.034892384,-4.717393615567851e-15,52142627604.65555
41290.0,-29218622.034892384,-4.717393615567851e-15,52142627604.65554
41300.0,-29218622.034892473,-7.7773246094497e-15,52142627604.65547
41310.0,-29218622.034892496,-8.542307357920164e-15,52142627604.65545
41320.0,-29218622.03489221,1.2749712474507706e-15,52142627604.65571
41330.0,-29218622.034892134,3.824913742352312e-15,52142627604.65577
41340.0,-29218622.03489239,-4.972387865058006e-15,52142627604.65555
41350.0,-29218622.0348924,-5.227382114548159e-15,52142627604.65554
41360.0,-29218622.03489248,-8.032318858939855e-15,52142627604.65547
41370.0,-29218622.034892496,-8.542307357920164e-15,52142627604.65544
41380.0,-29218622.03489221,1.2749712474507706e-15,52142627604.655716
41390.0,-29218622.03489214,3.569919492862158e-15,52142627604.65576
41400.0,-29218622.03489239,-4.972387865058006e-15,52142627604.65554
41410.0,-29218622.0348924,-5.227382114548159e-15,52142627604.65554
41420.0,-29218622.03489248,-8.032318858939855e-15,52142627604.655464
41430.0,-29218622.03489249,-8.287313108430009e-15,52142627604.65546
41440.0,-29218622.03489219,1.912456871176156e-15,52142627604.655716
41450.0,-29218622.034892127,4.079907991842466e-15,52142627604.65578
41460.0,-29218622.0348924,-5.227382114548159e-15,52142627604.65554
41470.0,-29218622.0348924,-5.227382114548159e-15,52142627604.65553
41480.0,-29218622.03489248,-8.032318858939855e-15,52142627604.655464
41490.0,-29218622.03489251,-9.05229585690047e-15,52142627604.65543
41500.0,-29218622.034892216,1.0199769979606165e-15,52142627604.65571
41510.0,-29218622.034892134,3.824913742352312e-15,52142627604.65577
41520.0,-29218622.03489239,-4.972387865058006e-15,52142627604.65554
41530.0,-29218622.0348924,-5.227382114548159e-15,52142627604.65553
41540.0,-29218622.03489248,-8.032318858939855e-15,52142627604.655464
41550.0,-29218622.034892503,-8.797301607410317e-15,52142627604.65545
41560.0,-29218622.03489221,1.2749712474507706e-15,52142627604.65571
41570.0,-29218622.034892134,3.824913742352312e-15,52142627604.65578
41580.0,-29218622.03489239,-4.972387865058006e-15,52142627604.65554
41590.0,-29218622.0348924,-5.227382114548159e-15,52142627604.65553
41600.0,-29218622.03489249,-8.287313108430009e-15,52142627604.655464
41610.0,-29218622.034892496,-8.542307357920164e-15,52142627604.65544
41620.0,-29218622.034892205,1.4024683721958478e-15,52142627604.655716
41630.0,-29218622.034892134,3.824913742352312e-15,52142627604.65578
41640.0,-29218622.03489239,-4.972387865058006e-15,52142627604.65554
41650.0,-29218622.0348924,-5.227382114548159e-15,52142627604.65554
41660.0,-29218622.034892473,-7.7773246094497e-15,52142627604.65547
41670.0,-29218622.034892496,-8.542307357920164e-15,52142627604.65545
41680.0,-29218622.034892205,1.4024683721958478e-15,52142627604.655716
41690.0,-29218622.034892134,3.824913742352312e-15,52142627604.65577
41700.0,-29218622.03489239,-4.972387865058006e-15,52142627604.65554
41710.0,-29218622.03489239,-4.972387865058006e-15,52142627604.65554
41720.0,-29218622.03489248,-8.032318858939855e-15,52142627604.65546
41730.0,-29218622.034892496,-8.542307357920164e-15,52142627604.65545
41740.0,-29218622.034892213,1.1474741227056936e-15,52142627604.65571
41750.0,-29218622.03489214,3.569919492862158e-15,52142627604.65577
41760.0,-29218622.0348924,-5.227382114548159e-15,52142627604.65555
41770.0,-29218622.03489239,-4.972387865058006e-15,52142627604.65554
41780.0,-29218622.034892473,-7.7773246094497e-15,52142627604.655464
41790.0,-29218622.034892503,-8.797301607410317e-15,52142627604.65544
41800.0,-29218622.034892213,1.1474741227056936e-15,52142627604.65571
41810.0,-29218622.034892146,3.4424223681170805e-15,52142627604.65576
41820.0,-29218622.034892384,-4.717393615567851e-15,52142627604.65554
41830.0,-29218622.03489239,-4.972387865058006e-15,52142627604.65554
41840.0,-29218622.034892473,-7.7773246094497e-15,52142627604.65547
41850.0,-29218622.034892507,-8.924798732155394e-15,52142627604.65544
41860.0,-29218622.034892205,1.4024683721958478e-15,52142627604.65571
41870.0,-29218622.03489213,3.952410867097389e-15,52142627604.65577
41880.0,-29218622.0348924,-5.227382114548159e-15,52142627604.65553
41890.0,-29218622.034892406,-5.4823763640383135e-15,52142627604.65553
41900.0,-29218622.034892477,-7.904821734194778e-15,52142627604.65547
41910.0,-29218622.034892514,-9.179792981645549e-15,52142627604.65544
41920.0,-29218622.03489222,8.924798732155395e-16,52142627604.65571
41930.0,-29218622.034892146,3.4424223681170805e-15,52142627604.65576
41940.0,-29218622.034892406,-5.4823763640383135e-15,52142627604.65553
41950.0,-29218622.0348924,-5.227382114548159e-15,52142627604.655525
41960.0,-29218622.034892485,-8.159815983684932e-15,52142627604.65546
41970.0,-29218622.03489252,-9.434787231135703e-15,52142627604.655426
41980.0,-29218622.034892213,1.1474741227056936e-15,52142627604.65569
41990.0,-29218622.034892146,3.4424223681170805e-15,52142627604.65576
42000.0,-29218622.034892403,-5.354879239293237e-15,52142627604.65554
42010.0,-29218622.034892414,-5.737370613528468e-15,52142627604.655525
42020.0,-29218622.034892485,-8.159815983684932e-15,52142627604.655464
42030.0,-29218622.034892507,-8.924798732155394e-15,52142627604.65544
42040.0,-29218622.034892216,1.0199769979606165e-15,52142627604.65571
42050.0,-29218622.03489213,3.952410867097389e-15,52142627604.65578
42060.0,-29218622.034892403,-5.354879239293237e-15,52142627604.65554
42070.0,-29218622.034892395,-5.0998849898030824e-15,52142627604.65554
42080.0,-29218622.034892485,-8.159815983684932e-15,52142627604.655464
42090.0,-29218622.034892507,-8.924798732155394e-15,52142627604.65544
42100.0,-29218622.0348922,1.5299654969409247e-15,52142627604.65571
42110.0,-29218622.034892138,3.697416617607235e-15,52142627604.65577
42120.0,-29218622.034892395,-5.0998849898030824e-15,52142627604.65554
42130.0,-29218622.03489241,-5.609873488783391e-15,52142627604.655525
42140.0,-29218622.034892485,-8.159815983684932e-15,52142627604.65546
42150.0,-29218622.034892507,-8.924798732155394e-15,52142627604.65544
42160.0,-29218622.03489221,1.2749712474507706e-15,52142627604.65571
42170.0,-29218622.034892157,3.0599309938818494e-15,52142627604.65576
42180.0,-29218622.034892403,-5.354879239293237e-15,52142627604.655525
42190.0,-29218622.034892403,-5.354879239293237e-15,52142627604.65553
42200.0,-29218622.034892492,-8.414810233175085e-15,52142627604.65546
42210.0,-29218622.034892514,-9.179792981645549e-15,52142627604.65543
42220.0,-29218622.034892216,1.0199769979606165e-15,52142627604.6557
42230.0,-29218622.034892157,3.0599309938818494e-15,52142627604.65576
42240.0,-29218622.034892395,-5.0998849898030824e-15,52142627604.65554
42250.0,-29218622.03489241,-5.609873488783391e-15,52142627604.655525
42260.0,-29218622.03489249,-8.287313108430009e-15,52142627604.65545
42270.0,-29218622.034892518,-9.307290106390626e-15,52142627604.65543
42280.0,-29218622.03489221,1.2749712474507706e-15,52142627604.6557
42290.0,-29218622.034892134,3.824913742352312e-15,52142627604.65577
42300.0,-29218622.0348924,-5.227382114548159e-15,52142627604.65554
42310.0,-29218622.03489241,-5.609873488783391e-15,52142627604.655525
42320.0,-29218622.03489249,-8.287313108430009e-15,52142627604.65546
42330.0,-29218622.034892503,-8.797301607410317e-15,52142627604.65544
42340.0,-29218622.03489221,1.2749712474507706e-15,52142627604.65571
42350.0,-29218622.03489214,3.569919492862158e-15,52142627604.65577
42360.0,-29218622.0348924,-5.227382114548159e-15,52142627604.65553
42370.0,-29218622.0348924,-5.227382114548159e-15,52142627604.65554
42380.0,-29218622.034892473,-7.7773246094497e-15,52142627604.655464
42390.0,-29218622.034892496,-8.542307357920164e-15,52142627604.65545
42400.0,-29218622.034892198,1.6574626216860019e-15,52142627604.655716
42410.0,-29218622.03489213,3.952410867097389e-15,52142627604.65577
42420.0,-29218622.034892384,-4.717393615567851e-15,52142627604.65554
42430.0,-29218622.0348924,-5.227382114548159e-15,52142627604.65553
42440.0,-29218622.034892473,-7.7773246094497e-15,52142627604.65547
42450.0,-29218622.034892496,-8.542307357920164e-15,52142627604.65545
42460.0,-29218622.034892213,1.1474741227056936e-15,52142627604.65571
42470.0,-29218622.034892146,3.4424223681170805e-15,52142627604.65576
42480.0,-29218622.034892384,-4.717393615567851e-15,52142627604.65554
42490.0,-29218622.03489239,-4.972387865058006e-15,52142627604.65554
42500.0,-29218622.03489248,-8.032318858939855e-15,52142627604.65547
42510.0,-29218622.034892507,-8.924798732155394e-15,52142627604.65545
42520.0,-29218622.034892213,1.1474741227056936e-15,52142627604.65571
42530.0,-29218622.034892138,3.697416617607235e-15,52142627604.65578
42540.0,-29218622.03489239,-4.972387865058006e-15,52142627604.65554
42550.0,-29218622.034892414,-5.737370613528468e-15,52142627604.655525
42560.0,-29218622.03489248,-8.032318858939855e-15,52142627604.65546
42570.0,-29218622.03489252,-9.434787231135703e-15,52142627604.655426
42580.0,-29218622.03489222,8.924798732155395e-16,52142627604.6557
42590.0,-29218622.034892153,3.1874281186269266e-15,52142627604.65576
42600.0,-29218622.0348924,-5.227382114548159e-15,52142627604.65553
42610.0,-29218622.034892414,-5.737370613528468e-15,52142627604.655525
42620.0,-29218622.034892496,-8.542307357920164e-15,52142627604.65546
42630.0,-29218622.03489252,-9.434787231135703e-15,52142627604.655426
42640.0,-29218622.034892213,1.1474741227056936e-15,52142627604.6557
42650.0,-29218622.034892146,3.4424223681170805e-15,52142627604.65576
42660.0,-29218622.034892414,-5.737370613528468e-15,52142627604.655525
42670.0,-29218622.034892417,-5.8648677382735446e-15,52142627604.655525
42680.0,-29218622.034892507,-8.924798732155394e-15,52142627604.65546
42690.0,-29218622.034892514,-9.179792981645549e-15,52142627604.655426
42700.0,-29218622.034892224,7.649827484704624e-16,52142627604.65569
42710.0,-29218622.034892153,3.1874281186269266e-15,52142627604.65575
42720.0,-29218622.034892417,-5.8648677382735446e-15,52142627604.655525
42730.0,-29218622.03489241,-5.609873488783391e-15,52142627604.655525
42740.0,-29218622.034892492,-8.414810233175085e-15,52142627604.65546
42750.0,-29218622.034892514,-9.179792981645549e-15,52142627604.655426
42760.0,-29218622.034892216,1.0199769979606165e-15,52142627604.65569
42770.0,-29218622.034892153,3.1874281186269266e-15,52142627604.655754
42780.0,-29218622.034892417,-5.8648677382735446e-15,52142627604.655525
42790.0,-29218622.034892425,-6.119861987763699e-15,52142627604.655525
42800.0,-29218622.034892485,-8.159815983684932e-15,52142627604.65546
42810.0,-29218622.03489251,-9.05229585690047e-15,52142627604.655426
42820.0,-29218622.03489221,1.2749712474507706e-15,52142627604.65571
42830.0,-29218622.03489214,3.569919492862158e-15,52142627604.65576
42840.0,-29218622.034892403,-5.354879239293237e-15,52142627604.65553
42850.0,-29218622.03489241,-5.609873488783391e-15,52142627604.655525
42860.0,-29218622.03489249,-8.287313108430009e-15,52142627604.65546
42870.0,-29218622.03489251,-9.05229585690047e-15,52142627604.65544
42880.0,-29218622.0348922,1.5299654969409247e-15,52142627604.65571
42890.0,-29218622.03489214,3.569919492862158e-15,52142627604.65576
42900.0,-29218622.034892395,-5.0998849898030824e-15,52142627604.65553
42910.0,-29218622.034892403,-5.354879239293237e-15,52142627604.655525
42920.0,-29218622.034892496,-8.542307357920164e-15,52142627604.65546
42930.0,-29218622.03489251,-9.05229585690047e-15,52142627604.65543
42940.0,-29218622.0348922,1.5299654969409247e-15,52142627604.6557
42950.0,-29218622.034892157,3.0599309938818494e-15,52142627604.65576
42960.0,-29218622.034892406,-5.4823763640383135e-15,52142627604.65553
42970.0,-29218622.034892414,-5.737370613528468e-15,52142627604.655525
42980.0,-29218622.03489249,-8.287313108430009e-15,52142627604.65546
42990.0,-29218622.034892518,-9.307290106390626e-15,52142627604.655426
43000.0,-29218622.034892213,1.1474741227056936e-15,52142627604.65571
43010.0,-29218622.03489214,3.569919492862158e-15,52142627604.65576
43020.0,-29218622.0348924,-5.227382114548159e-15,52142627604.65554
43030.0,-29218622.034892406,-5.4823763640383135e-15,52142627604.655525
43040.0,-29218622.03489248,-8.032318858939855e-15,52142627604.65546
43050.0,-29218622.034892503,-8.797301607410317e-15,52142627604.65544
43060.0,-29218622.034892205,1.4024683721958478e-15,52142627604.65571
43070.0,-29218622.034892138,3.697416617607235e-15,52142627604.65577
43080.0,-29218622.0348924,-5.227382114548159e-15,52142627604.65554
43090.0,-29218622.0348924,-5.227382114548159e-15,52142627604.65553
43100.0,-29218622.03489248,-8.032318858939855e-15,52142627604.65547
43110.0,-29218622.03489251,-9.05229585690047e-15,52142627604.65544
43120.0,-29218622.034892213,1.1474741227056936e-15,52142627604.65571
43130.0,-29218622.034892153,3.1874281186269266e-15,52142627604.65576
43140.0,-29218622.03489239,-4.972387865058006e-15,52142627604.65553
43150.0,-29218622.0348924,-5.227382114548159e-15,52142627604.655525
43160.0,-29218622.03489248,-8.032318858939855e-15,52142627604.65546
43170.0,-29218622.034892503,-8.797301607410317e-15,52142627604.65544
43180.0,-29218622.034892213,1.1474741227056936e-15,52142627604.6557
43190.0,-29218622.034892138,3.697416617607235e-15,52142627604.65577
43200.0,-29218622.03489239,-4.972387865058006e-15,52142627604.65554
43210.0,-29218622.034892406,-5.4823763640383135e-15,52142627604.65553
43220.0,-29218622.034892477,-7.904821734194778e-15,52142627604.65546
43230.0,-29218622.034892514,-9.179792981645549e-15,52142627604.65544
43240.0,-29218622.03489222,8.924798732155395e-16,52142627604.65571
43250.0,-29218622.034892138,3.697416617607235e-15,52142627604.65577
43260.0,-29218622.03489239,-4.972387865058006e-15,52142627604.65553
43270.0,-29218622.034892406,-5.4823763640383135e-15,52142627604.65553
43280.0,-29218622.034892477,-7.904821734194778e-15,52142627604.65546
43290.0,-29218622.034892514,-9.179792981645549e-15,52142627604.65543
43300.0,-29218622.03489222,8.924798732155395e-16,52142627604.65571
43310.0,-29218622.034892138,3.697416617607235e-15,52142627604.65577
43320.0,-29218622.034892403,-5.354879239293237e-15,52142627604.655525
43330.0,-29218622.034892417,-5.8648677382735446e-15,52142627604.655525
43340.0,-29218622.034892492,-8.414810233175085e-15,52142627604.65546
43350.0,-29218622.034892507,-8.924798732155394e-15,52142627604.65543
43360.0,-29218622.034892216,1.0199769979606165e-15,52142627604.6557
43370.0,-29218622.034892138,3.697416617607235e-15,52142627604.65576
43380.0,-29218622.034892395,-5.0998849898030824e-15,52142627604.65554
43390.0,-29218622.03489241,-5.609873488783391e-15,52142627604.655525
43400.0,-29218622.034892485,-8.159815983684932e-15,52142627604.65546
43410.0,-29218622.034892507,-8.924798732155394e-15,52142627604.65544
43420.0,-29218622.03489221,1.2749712474507706e-15,52142627604.65571
43430.0,-29218622.034892134,3.824913742352312e-15,52142627604.65577
43440.0,-29218622.034892403,-5.354879239293237e-15,52142627604.65553
43450.0,-29218622.034892417,-5.8648677382735446e-15,52142627604.655525
43460.0,-29218622.034892485,-8.159815983684932e-15,52142627604.655464
43470.0,-29218622.034892503,-8.797301607410317e-15,52142627604.65544
43480.0,-29218622.034892216,1.0199769979606165e-15,52142627604.6557
43490.0,-29218622.034892134,3.824913742352312e-15,52142627604.65576
43500.0,-29218622.034892395,-5.0998849898030824e-15,52142627604.65554
43510.0,-29218622.03489241,-5.609873488783391e-15,52142627604.65553
43520.0,-29218622.034892485,-8.159815983684932e-15,52142627604.65546
43530.0,-29218622.03489251,-9.05229585690047e-15,52142627604.65544
43540.0,-29218622.03489221,1.2749712474507706e-15,52142627604.6557
43550.0,-29218622.03489214,3.569919492862158e-15,52142627604.65576
43560.0,-29218622.034892403,-5.354879239293237e-15,52142627604.65553
43570.0,-29218622.034892403,-5.354879239293237e-15,52142627604.655525
43580.0,-29218622.03489249,-8.287313108430009e-15,52142627604.655464
43590.0,-29218622.03489251,-9.05229585690047e-15,52142627604.65544
43600.0,-29218622.03489221,1.2749712474507706e-15,52142627604.6557
43610.0,-29218622.03489214,3.569919492862158e-15,52142627604.65577
43620.0,-29218622.0348924,-5.227382114548159e-15,52142627604.65554
43630.0,-29218622.034892406,-5.4823763640383135e-15,52142627604.65554
43640.0,-29218622.03489249,-8.287313108430009e-15,52142627604.655464
43650.0,-29218622.03489251,-9.05229585690047e-15,52142627604.65544
43660.0,-29218622.03489221,1.2749712474507706e-15,52142627604.65571
43670.0,-29218622.03489215,3.3149252433720038e-15,52142627604.65577
43680.0,-29218622.0348924,-5.227382114548159e-15,52142627604.65554
43690.0,-29218622.0348924,-5.227382114548159e-15,52142627604.65553
43700.0,-29218622.03489248,-8.032318858939855e-15,52142627604.65546
43710.0,-29218622.03489251,-9.05229585690047e-15,52142627604.65544
43720.0,-29218622.034892216,1.0199769979606165e-15,52142627604.65571
43730.0,-29218622.034892134,3.824913742352312e-15,52142627604.65577
43740.0,-29218622.0348924,-5.227382114548159e-15,52142627604.65554
43750.0,-29218622.0348924,-5.227382114548159e-15,52142627604.65553
43760.0,-29218622.03489248,-8.032318858939855e-15,52142627604.65547
43770.0,-29218622.034892503,-8.797301607410317e-15,52142627604.65544
43780.0,-29218622.034892205,1.4024683721958478e-15,52142627604.65571
43790.0,-29218622.03489214,3.569919492862158e-15,52142627604.65577
43800.0,-29218622.0348924,-5.227382114548159e-15,52142627604.65554
43810.0,-29218622.034892406,-5.4823763640383135e-15,52142627604.65553
43820.0,-29218622.034892466,-7.522330359959546e-15,52142627604.65547
43830.0,-29218622.034892503,-8.797301607410317e-15,52142627604.65544
43840.0,-29218622.034892205,1.4024683721958478e-15,52142627604.65571
43850.0,-29218622.034892138,3.697416617607235e-15,52142627604.65577
43860.0,-29218622.03489239,-4.972387865058006e-15,52142627604.65554
43870.0,-29218622.034892406,-5.4823763640383135e-15,52142627604.65553
43880.0,-29218622.03489248,-8.032318858939855e-15,52142627604.655464
43890.0,-29218622.03489249,-8.287313108430009e-15,52142627604.65544
43900.0,-29218622.034892205,1.4024683721958478e-15,52142627604.65571
43910.0,-29218622.034892146,3.4424223681170805e-15,52142627604.65576
43920.0,-29218622.0348924,-5.227382114548159e-15,52142627604.65553
43930.0,-29218622.034892406,-5.4823763640383135e-15,52142627604.65553
43940.0,-29218622.03489248,-8.032318858939855e-15,52142627604.65547
43950.0,-29218622.034892503,-8.797301607410317e-15,52142627604.65544
43960.0,-29218622.034892198,1.6574626216860019e-15,52142627604.65571
43970.0,-29218622.034892146,3.4424223681170805e-15,52142627604.65578
43980.0,-29218622.0348924,-5.227382114548159e-15,52142627604.65554
43990.0,-29218622.034892406,-5.4823763640383135e-15,52142627604.65553
44000.0,-29218622.03489248,-8.032318858939855e-15,52142627604.65546
44010.0,-29218622.034892503,-8.797301607410317e-15,52142627604.65544
44020.0,-29218622.034892205,1.4024683721958478e-15,52142627604.65571
44030.0,-29218622.034892146,3.4424223681170805e-15,52142627604.65577
44040.0,-29218622.0348924,-5.227382114548159e-15,52142627604.65554
44050.0,-29218622.034892406,-5.4823763640383135e-15,52142627604.65553
44060.0,-29218622.034892473,-7.7773246094497e-15,52142627604.655464
44070.0,-29218622.034892503,-8.797301607410317e-15,52142627604.65543
44080.0,-29218622.034892205,1.4024683721958478e-15,52142627604.65571
44090.0,-29218622.034892146,3.4424223681170805e-15,52142627604.65576
44100.0,-29218622.0348924,-5.227382114548159e-15,52142627604.65553
44110.0,-29218622.034892414,-5.737370613528468e-15,52142627604.65553
44120.0,-29218622.03489248,-8.032318858939855e-15,52142627604.65546
44130.0,-29218622.034892503,-8.797301607410317e-15,52142627604.65544
44140.0,-29218622.034892213,1.1474741227056936e-15,52142627604.65571
44150.0,-29218622.034892146,3.4424223681170805e-15,52142627604.65576
44160.0,-29218622.034892384,-4.717393615567851e-15,52142627604.65554
44170.0,-29218622.0348924,-5.227382114548159e-15,52142627604.65553
44180.0,-29218622.03489248,-8.032318858939855e-15,52142627604.65547
44190.0,-29218622.034892503,-8.797301607410317e-15,52142627604.65544
44200.0,-29218622.034892205,1.4024683721958478e-15,52142627604.65571
44210.0,-29218622.034892146,3.4424223681170805e-15,52142627604.65576
44220.0,-29218622.0348924,-5.227382114548159e-15,52142627604.65554
44230.0,-29218622.034892406,-5.4823763640383135e-15,52142627604.65553
44240.0,-29218622.03489248,-8.032318858939855e-15,52142627604.655464
44250.0,-29218622.03489251,-9.05229585690047e-15,52142627604.65543
44260.0,-29218622.034892213,1.1474741227056936e-15,52142627604.65571
44270.0,-29218622.03489215,3.3149252433720038e-15,52142627604.65576
44280.0,-29218622.034892414,-5.737370613528468e-15,52142627604.65553
44290.0,-29218622.034892406,-5.4823763640383135e-15,52142627604.65553
44300.0,-29218622.03489248,-8.032318858939855e-15,52142627604.65546
44310.0,-29218622.034892503,-8.797301607410317e-15,52142627604.65543
44320.0,-29218622.034892205,1.4024683721958478e-15,52142627604.65571
44330.0,-29218622.03489214,3.569919492862158e-15,52142627604.65576
44340.0,-29218622.03489239,-4.972387865058006e-15,52142627604.65554
44350.0,-29218622.034892406,-5.4823763640383135e-15,52142627604.65553
44360.0,-29218622.03489248,-8.032318858939855e-15,52142627604.655464
44370.0,-29218622.034892503,-8.797301607410317e-15,52142627604.65544
44380.0,-29218622.034892213,1.1474741227056936e-15,52142627604.65571
44390.0,-29218622.034892134,3.824913742352312e-15,52142627604.65577
44400.0,-29218622.0348924,-5.227382114548159e-15,52142627604.65554
44410.0,-29218622.0348924,-5.227382114548159e-15,52142627604.65553
44420.0,-29218622.03489249,-8.287313108430009e-15,52142627604.655464
44430.0,-29218622.03489251,-9.05229585690047e-15,52142627604.65544
44440.0,-29218622.034892205,1.4024683721958478e-15,52142627604.65571
44450.0,-29218622.034892127,4.079907991842466e-15,52142627604.65578
44460.0,-29218622.03489239,-4.972387865058006e-15,52142627604.65554
44470.0,-29218622.0348924,-5.227382114548159e-15,52142627604.65554
44480.0,-29218622.034892473,-7.7773246094497e-15,52142627604.65547
44490.0,-29218622.03489251,-9.05229585690047e-15,52142627604.65544
44500.0,-29218622.034892198,1.6574626216860019e-15,52142627604.655716
44510.0,-29218622.03489212,4.33490224133262e-15,52142627604.65578
44520.0,-29218622.03489239,-4.972387865058006e-15,52142627604.65555
44530.0,-29218622.03489239,-4.972387865058006e-15,52142627604.65554
44540.0,-29218622.034892466,-7.522330359959546e-15,52142627604.65549
44550.0,-29218622.034892496,-8.542307357920164e-15,52142627604.65546
44560.0,-29218622.034892187,2.039953995921233e-15,52142627604.655716
44570.0,-29218622.03489212,4.33490224133262e-15,52142627604.65578
44580.0,-29218622.03489238,-4.5898964908227746e-15,52142627604.655556
44590.0,-29218622.034892388,-4.844890740312928e-15,52142627604.65555
44600.0,-29218622.034892466,-7.522330359959546e-15,52142627604.65547
44610.0,-29218622.034892496,-8.542307357920164e-15,52142627604.65546
44620.0,-29218622.034892194,1.784959746431079e-15,52142627604.655716
44630.0,-29218622.034892127,4.079907991842466e-15,52142627604.655785
44640.0,-29218622.03489238,-4.5898964908227746e-15,52142627604.65554
44650.0,-29218622.034892388,-4.844890740312928e-15,52142627604.65554
44660.0,-29218622.034892477,-7.904821734194778e-15,52142627604.65547
44670.0,-29218622.034892503,-8.797301607410317e-15,52142627604.65546
44680.0,-29218622.0348922,1.5299654969409247e-15,52142627604.655716
44690.0,-29218622.034892127,4.079907991842466e-15,52142627604.65578
44700.0,-29218622.03489238,-4.5898964908227746e-15,52142627604.655556
44710.0,-29218622.034892395,-5.0998849898030824e-15,52142627604.65554
44720.0,-29218622.034892462,-7.39483323521447e-15,52142627604.65547
44730.0,-29218622.0348925,-8.66980448266524e-15,52142627604.65545
44740.0,-29218622.0348922,1.5299654969409247e-15,52142627604.655716
44750.0,-29218622.03489213,3.952410867097389e-15,52142627604.65578
44760.0,-29218622.034892395,-5.0998849898030824e-15,52142627604.65555
44770.0,-29218622.034892395,-5.0998849898030824e-15,52142627604.65554
44780.0,-29218622.03489247,-7.649827484704623e-15,52142627604.65547
44790.0,-29218622.034892507,-8.924798732155394e-15,52142627604.65544
44800.0,-29218622.034892205,1.4024683721958478e-15,52142627604.655716
44810.0,-29218622.03489213,3.952410867097389e-15,52142627604.65578
44820.0,-29218622.03489239,-4.972387865058006e-15,52142627604.65554
44830.0,-29218622.0348924,-5.227382114548159e-15,52142627604.65553
44840.0,-29218622.034892477,-7.904821734194778e-15,52142627604.65547
44850.0,-29218622.034892507,-8.924798732155394e-15,52142627604.65545
44860.0,-29218622.034892205,1.4024683721958478e-15,52142627604.655716
44870.0,-29218622.03489213,3.952410867097389e-15,52142627604.65577
44880.0,-29218622.034892384,-4.717393615567851e-15,52142627604.65554
44890.0,-29218622.03489239,-4.972387865058006e-15,52142627604.65554
44900.0,-29218622.034892466,-7.522330359959546e-15,52142627604.65547
44910.0,-29218622.034892492,-8.414810233175085e-15,52142627604.65546
44920.0,-29218622.03489219,1.912456871176156e-15,52142627604.655716
44930.0,-29218622.03489213,3.952410867097389e-15,52142627604.65578
44940.0,-29218622.034892384,-4.717393615567851e-15,52142627604.65555
44950.0,-29218622.03489239,-4.972387865058006e-15,52142627604.65554
44960.0,-29218622.034892466,-7.522330359959546e-15,52142627604.65548
44970.0,-29218622.03489249,-8.287313108430009e-15,52142627604.65546
44980.0,-29218622.03489219,1.912456871176156e-15,52142627604.655716
44990.0,-29218622.034892123,4.207405116587543e-15,52142627604.65578
45000.0,-29218622.034892384,-4.717393615567851e-15,52142627604.65555
45010.0,-29218622.034892384,-4.717393615567851e-15,52142627604.655556
45020.0,-29218622.034892473,-7.7773246094497e-15,52142627604.65547
45030.0,-29218622.034892496,-8.542307357920164e-15,52142627604.65546
45040.0,-29218622.03489219,1.912456871176156e-15,52142627604.65572
45050.0,-29218622.034892134,3.824913742352312e-15,52142627604.65577
45060.0,-29218622.034892384,-4.717393615567851e-15,52142627604.65555
45070.0,-29218622.034892384,-4.717393615567851e-15,52142627604.65554
45080.0,-29218622.034892466,-7.522330359959546e-15,52142627604.65547
45090.0,-29218622.034892496,-8.542307357920164e-15,52142627604.65546
45100.0,-29218622.034892187,2.039953995921233e-15,52142627604.65572
45110.0,-29218622.034892127,4.079907991842466e-15,52142627604.65578
45120.0,-29218622.034892395,-5.0998849898030824e-15,52142627604.65554
45130.0,-29218622.034892403,-5.354879239293237e-15,52142627604.65554
45140.0,-29218622.034892477,-7.904821734194778e-15,52142627604.65547
45150.0,-29218622.034892503,-8.797301607410317e-15,52142627604.65546
45160.0,-29218622.0348922,1.5299654969409247e-15,52142627604.655716
45170.0,-29218622.034892134,3.824913742352312e-15,52142627604.65577
45180.0,-29218622.034892388,-4.844890740312928e-15,52142627604.65555
45190.0,-29218622.034892403,-5.354879239293237e-15,52142627604.65554
45200.0,-29218622.034892455,-7.139838985724316e-15,52142627604.65549
45210.0,-29218622.034892492,-8.414810233175085e-15,52142627604.65546
45220.0,-29218622.034892194,1.784959746431079e-15,52142627604.655716
45230.0,-29218622.034892123,4.207405116587543e-15,52142627604.65578
45240.0,-29218622.03489238,-4.5898964908227746e-15,52142627604.655556
45250.0,-29218622.034892388,-4.844890740312928e-15,52142627604.65555
45260.0,-29218622.03489247,-7.649827484704623e-15,52142627604.65548
45270.0,-29218622.034892492,-8.414810233175085e-15,52142627604.65546
45280.0,-29218622.03489219,1.912456871176156e-15,52142627604.65572
45290.0,-29218622.034892116,4.462399366077697e-15,52142627604.655785
45300.0,-29218622.034892377,-4.462399366077697e-15,52142627604.65555
45310.0,-29218622.034892377,-4.462399366077697e-15,52142627604.65555
45320.0,-29218622.03489247,-7.649827484704623e-15,52142627604.65547
45330.0,-29218622.0348925,-8.66980448266524e-15,52142627604.65546
45340.0,-29218622.034892198,1.6574626216860019e-15,52142627604.65572
45350.0,-29218622.03489213,3.952410867097389e-15,52142627604.65578
45360.0,-29218622.034892384,-4.717393615567851e-15,52142627604.65555
45370.0,-29218622.034892377,-4.462399366077697e-15,52142627604.65555
45380.0,-29218622.034892466,-7.522330359959546e-15,52142627604.65547
45390.0,-29218622.034892492,-8.414810233175085e-15,52142627604.65546
45400.0,-29218622.034892198,1.6574626216860019e-15,52142627604.65572
45410.0,-29218622.034892123,4.207405116587543e-15,52142627604.65578
45420.0,-29218622.034892377,-4.462399366077697e-15,52142627604.65555
45430.0,-29218622.03489239,-4.972387865058006e-15,52142627604.65554
45440.0,-29218622.034892466,-7.522330359959546e-15,52142627604.65547
45450.0,-29218622.03489248,-8.032318858939855e-15,52142627604.65546
45460.0,-29218622.03489219,1.912456871176156e-15,52142627604.65572
45470.0,-29218622.034892123,4.207405116587543e-15,52142627604.65578
45480.0,-29218622.034892377,-4.462399366077697e-15,52142627604.655556
45490.0,-29218622.034892377,-4.462399366077697e-15,52142627604.65555
45500.0,-29218622.034892473,-7.7773246094497e-15,52142627604.65547
45510.0,-29218622.03489248,-8.032318858939855e-15,52142627604.655464
45520.0,-29218622.03489219,1.912456871176156e-15,52142627604.65572
45530.0,-29218622.034892127,4.079907991842466e-15,52142627604.65578
45540.0,-29218622.034892377,-4.462399366077697e-15,52142627604.655556
45550.0,-29218622.034892377,-4.462399366077697e-15,52142627604.655556
45560.0,-29218622.03489246,-7.267336110469393e-15,52142627604.65549
45570.0,-29218622.03489249,-8.287313108430009e-15,52142627604.655464
45580.0,-29218622.03489218,2.2949482454113873e-15,52142627604.65573
45590.0,-29218622.034892127,4.079907991842466e-15,52142627604.655785
45600.0,-29218622.034892377,-4.462399366077697e-15,52142627604.655556
45610.0,-29218622.034892388,-4.844890740312928e-15,52142627604.65555
45620.0,-29218622.034892466,-7.522330359959546e-15,52142627604.65549
45630.0,-29218622.03489249,-8.287313108430009e-15,52142627604.65546
45640.0,-29218622.034892187,2.039953995921233e-15,52142627604.65572
45650.0,-29218622.034892112,4.5898964908227746e-15,52142627604.65578
45660.0,-29218622.034892365,-4.079907991842466e-15,52142627604.65556
45670.0,-29218622.034892373,-4.33490224133262e-15,52142627604.655556
45680.0,-29218622.03489246,-7.267336110469393e-15,52142627604.65549
45690.0,-29218622.03489249,-8.287313108430009e-15,52142627604.655464
45700.0,-29218622.034892194,1.784959746431079e-15,52142627604.65572
45710.0,-29218622.034892112,4.5898964908227746e-15,52142627604.655785
45720.0,-29218622.03489238,-4.5898964908227746e-15,52142627604.655556
45730.0,-29218622.034892388,-4.844890740312928e-15,52142627604.65555
45740.0,-29218622.03489247,-7.649827484704623e-15,52142627604.65549
45750.0,-29218622.034892477,-7.904821734194778e-15,52142627604.655464
45760.0,-29218622.034892187,2.039953995921233e-15,52142627604.65573
45770.0,-29218622.034892123,4.207405116587543e-15,52142627604.65578
45780.0,-29218622.034892388,-4.844890740312928e-15,52142627604.655556
45790.0,-29218622.03489238,-4.5898964908227746e-15,52142627604.65555
45800.0,-29218622.034892455,-7.139838985724316e-15,52142627604.65549
45810.0,-29218622.034892492,-8.414810233175085e-15,52142627604.65546
45820.0,-29218622.03489219,1.912456871176156e-15,52142627604.65572
45830.0,-29218622.034892116,4.462399366077697e-15,52142627604.655785
45840.0,-29218622.034892365,-4.079907991842466e-15,52142627604.655556
45850.0,-29218622.034892377,-4.462399366077697e-15,52142627604.65555
45860.0,-29218622.034892455,-7.139838985724316e-15,52142627604.65549
45870.0,-29218622.034892492,-8.414810233175085e-15,52142627604.65546
45880.0,-29218622.03489219,1.912456871176156e-15,52142627604.65573
45890.0,-29218622.034892123,4.207405116587543e-15,52142627604.65578
45900.0,-29218622.03489237,-4.207405116587543e-15,52142627604.65556
45910.0,-29218622.034892377,-4.462399366077697e-15,52142627604.65555
45920.0,-29218622.03489246,-7.267336110469393e-15,52142627604.65549
45930.0,-29218622.034892485,-8.159815983684932e-15,52142627604.655464
45940.0,-29218622.03489219,1.912456871176156e-15,52142627604.65573
45950.0,-29218622.034892123,4.207405116587543e-15,52142627604.655785
45960.0,-29218622.03489237,-4.207405116587543e-15,52142627604.655556
45970.0,-29218622.03489237,-4.207405116587543e-15,52142627604.655556
45980.0,-29218622.03489245,-7.012341860979239e-15,52142627604.65549
45990.0,-29218622.03489248,-8.032318858939855e-15,52142627604.65546
46000.0,-29218622.034892175,2.422445370156464e-15,52142627604.65573
46010.0,-29218622.034892116,4.462399366077697e-15,52142627604.65579
46020.0,-29218622.034892377,-4.462399366077697e-15,52142627604.655556
46030.0,-29218622.034892377,-4.462399366077697e-15,52142627604.655556
46040.0,-29218622.03489246,-7.267336110469393e-15,52142627604.65549
46050.0,-29218622.034892473,-7.7773246094497e-15,52142627604.655464
46060.0,-29218622.034892175,2.422445370156464e-15,52142627604.65573
46070.0,-29218622.034892112,4.5898964908227746e-15,52142627604.65579
46080.0,-29218622.034892377,-4.462399366077697e-15,52142627604.65556
46090.0,-29218622.034892377,-4.462399366077697e-15,52142627604.655556
46100.0,-29218622.03489246,-7.267336110469393e-15,52142627604.65549
46110.0,-29218622.03489248,-8.032318858939855e-15,52142627604.65546
46120.0,-29218622.034892187,2.039953995921233e-15,52142627604.65573
46130.0,-29218622.03489212,4.33490224133262e-15,52142627604.65579
46140.0,-29218622.03489237,-4.207405116587543e-15,52142627604.655556
46150.0,-29218622.034892377,-4.462399366077697e-15,52142627604.655556
46160.0,-29218622.03489245,-7.012341860979239e-15,52142627604.65549
46170.0,-29218622.03489248,-8.032318858939855e-15,52142627604.65546
46180.0,-29218622.034892194,1.784959746431079e-15,52142627604.65572
46190.0,-29218622.03489212,4.33490224133262e-15,52142627604.655785
46200.0,-29218622.034892373,-4.33490224133262e-15,52142627604.655556
46210.0,-29218622.034892373,-4.33490224133262e-15,52142627604.655556
46220.0,-29218622.034892462,-7.39483323521447e-15,52142627604.65549
46230.0,-29218622.03489249,-8.287313108430009e-15,52142627604.65546
46240.0,-29218622.034892194,1.784959746431079e-15,52142627604.655716
46250.0,-29218622.03489212,4.33490224133262e-15,52142627604.655785
46260.0,-29218622.034892373,-4.33490224133262e-15,52142627604.65556
46270.0,-29218622.034892388,-4.844890740312928e-15,52142627604.65555
46280.0,-29218622.034892462,-7.39483323521447e-15,52142627604.65548
46290.0,-29218622.03489249,-8.287313108430009e-15,52142627604.65546
46300.0,-29218622.034892194,1.784959746431079e-15,52142627604.655716
46310.0,-29218622.034892127,4.079907991842466e-15,52142627604.65578
46320.0,-29218622.03489238,-4.5898964908227746e-15,52142627604.65555
46330.0,-29218622.03489238,-4.5898964908227746e-15,52142627604.65555
46340.0,-29218622.034892462,-7.39483323521447e-15,52142627604.65548
46350.0,-29218622.034892485,-8.159815983684932e-15,52142627604.65546
46360.0,-29218622.034892194,1.784959746431079e-15,52142627604.65572
46370.0,-29218622.03489212,4.33490224133262e-15,52142627604.65579
46380.0,-29218622.03489238,-4.5898964908227746e-15,52142627604.655556
46390.0,-29218622.034892373,-4.33490224133262e-15,52142627604.65555
46400.0,-29218622.034892462,-7.39483323521447e-15,52142627604.65547
46410.0,-29218622.034892485,-8.159815983684932e-15,52142627604.65546
46420.0,-29218622.034892194,1.784959746431079e-15,52142627604.655716
46430.0,-29218622.03489212,4.33490224133262e-15,52142627604.65578
46440.0,-29218622.03489238,-4.5898964908227746e-15,52142627604.65555
46450.0,-29218622.034892388,-4.844890740312928e-15,52142627604.65554
46460.0,-29218622.034892462,-7.39483323521447e-15,52142627604.65548
46470.0,-29218622.034892492,-8.414810233175085e-15,52142627604.65546
46480.0,-29218622.034892194,1.784959746431079e-15,52142627604.65572
46490.0,-29218622.034892127,4.079907991842466e-15,52142627604.65578
46500.0,-29218622.034892373,-4.33490224133262e-15,52142627604.65556
46510.0,-29218622.034892388,-4.844890740312928e-15,52142627604.65554
46520.0,-29218622.034892462,-7.39483323521447e-15,52142627604.65548
46530.0,-29218622.034892485,-8.159815983684932e-15,52142627604.655464
46540.0,-29218622.034892194,1.784959746431079e-15,52142627604.65572
46550.0,-29218622.03489212,4.33490224133262e-15,52142627604.65579
46560.0,-29218622.034892373,-4.33490224133262e-15,52142627604.655556
46570.0,-29218622.03489238,-4.5898964908227746e-15,52142627604.655556
46580.0,-29218622.034892462,-7.39483323521447e-15,52142627604.65549
46590.0,-29218622.034892492,-8.414810233175085e-15,52142627604.65545
46600.0,-29218622.034892187,2.039953995921233e-15,52142627604.65573
46610.0,-29218622.03489212,4.33490224133262e-15,52142627604.655785
46620.0,-29218622.03489238,-4.5898964908227746e-15,52142627604.655556
46630.0,-29218622.03489238,-4.5898964908227746e-15,52142627604.655556
46640.0,-29218622.034892462,-7.39483323521447e-15,52142627604.65549
46650.0,-29218622.034892492,-8.414810233175085e-15,52142627604.65546
46660.0,-29218622.034892187,2.039953995921233e-15,52142627604.655716
46670.0,-29218622.03489212,4.33490224133262e-15,52142627604.655785
46680.0,-29218622.034892373,-4.33490224133262e-15,52142627604.655556
46690.0,-29218622.03489238,-4.5898964908227746e-15,52142627604.65554
46700.0,-29218622.034892462,-7.39483323521447e-15,52142627604.65549
46710.0,-29218622.0348925,-8.66980448266524e-15,52142627604.65545
46720.0,-29218622.034892187,2.039953995921233e-15,52142627604.655716
46730.0,-29218622.03489212,4.33490224133262e-15,52142627604.65578
46740.0,-29218622.034892373,-4.33490224133262e-15,52142627604.655556
46750.0,-29218622.03489238,-4.5898964908227746e-15,52142627604.655556
46760.0,-29218622.034892462,-7.39483323521447e-15,52142627604.65547
46770.0,-29218622.034892492,-8.414810233175085e-15,52142627604.65546
46780.0,-29218622.0348922,1.5299654969409247e-15,52142627604.655716
46790.0,-29218622.034892127,4.079907991842466e-15,52142627604.65578
46800.0,-29218622.03489238,-4.5898964908227746e-15,52142627604.65554
46810.0,-29218622.034892388,-4.844890740312928e-15,52142627604.65554
46820.0,-29218622.03489247,-7.649827484704623e-15,52142627604.65547
46830.0,-29218622.034892492,-8.414810233175085e-15,52142627604.65545
46840.0,-29218622.0348922,1.5299654969409247e-15,52142627604.655716
46850.0,-29218622.034892134,3.824913742352312e-15,52142627604.65578
46860.0,-29218622.034892395,-5.0998849898030824e-15,52142627604.65554
46870.0,-29218622.034892395,-5.0998849898030824e-15,52142627604.65553
46880.0,-29218622.03489247,-7.649827484704623e-15,52142627604.65547
46890.0,-29218622.034892507,-8.924798732155394e-15,52142627604.65544
46900.0,-29218622.03489221,1.2749712474507706e-15,52142627604.655716
46910.0,-29218622.03489214,3.569919492862158e-15,52142627604.65577
46920.0,-29218622.034892388,-4.844890740312928e-15,52142627604.65554
46930.0,-29218622.034892403,-5.354879239293237e-15,52142627604.65554
46940.0,-29218622.034892477,-7.904821734194778e-15,52142627604.655464
46950.0,-29218622.034892507,-8.924798732155394e-15,52142627604.65544
46960.0,-29218622.03489221,1.2749712474507706e-15,52142627604.65571
46970.0,-29218622.03489215,3.3149252433720038e-15,52142627604.65576
46980.0,-29218622.034892395,-5.0998849898030824e-15,52142627604.65554
46990.0,-29218622.03489241,-5.609873488783391e-15,52142627604.655525
47000.0,-29218622.034892485,-8.159815983684932e-15,52142627604.65546
47010.0,-29218622.034892507,-8.924798732155394e-15,52142627604.65544
47020.0,-29218622.03489221,1.2749712474507706e-15,52142627604.65571
47030.0,-29218622.034892157,3.0599309938818494e-15,52142627604.65576
47040.0,-29218622.034892403,-5.354879239293237e-15,52142627604.655525
47050.0,-29218622.03489241,-5.609873488783391e-15,52142627604.655525
47060.0,-29218622.034892485,-8.159815983684932e-15,52142627604.65546
47070.0,-29218622.034892503,-8.797301607410317e-15,52142627604.65544
47080.0,-29218622.0348922,1.5299654969409247e-15,52142627604.65571
47090.0,-29218622.034892157,3.0599309938818494e-15,52142627604.655754
47100.0,-29218622.034892395,-5.0998849898030824e-15,52142627604.65553
47110.0,-29218622.034892417,-5.8648677382735446e-15,52142627604.655525
47120.0,-29218622.034892492,-8.414810233175085e-15,52142627604.65546
47130.0,-29218622.034892526,-9.56228435588078e-15,52142627604.655426
47140.0,-29218622.034892224,7.649827484704624e-16,52142627604.65569
47150.0,-29218622.03489215,3.3149252433720038e-15,52142627604.65576
47160.0,-29218622.034892403,-5.354879239293237e-15,52142627604.655525
47170.0,-29218622.03489241,-5.609873488783391e-15,52142627604.655525
47180.0,-29218622.034892496,-8.542307357920164e-15,52142627604.65545
47190.0,-29218622.034892518,-9.307290106390626e-15,52142627604.655426
47200.0,-29218622.034892216,1.0199769979606165e-15,52142627604.6557
47210.0,-29218622.03489215,3.3149252433720038e-15,52142627604.655754
47220.0,-29218622.034892414,-5.737370613528468e-15,52142627604.655525
47230.0,-29218622.034892414,-5.737370613528468e-15,52142627604.655525
47240.0,-29218622.034892496,-8.542307357920164e-15,52142627604.65545
47250.0,-29218622.034892533,-9.817278605370933e-15,52142627604.655426
47260.0,-29218622.034892228,6.374856237253853e-16,52142627604.65569
47270.0,-29218622.034892157,3.0599309938818494e-15,52142627604.655754
47280.0,-29218622.034892414,-5.737370613528468e-15,52142627604.655525
47290.0,-29218622.03489243,-6.247359112508776e-15,52142627604.655525
47300.0,-29218622.03489249,-8.287313108430009e-15,52142627604.65545
47310.0,-29218622.034892533,-9.817278605370933e-15,52142627604.655426
47320.0,-29218622.034892242,1.2749712474507706e-16,52142627604.65568
47330.0,-29218622.034892157,3.0599309938818494e-15,52142627604.65575
47340.0,-29218622.03489242,-5.992364863018622e-15,52142627604.655525
47350.0,-29218622.03489242,-5.992364863018622e-15,52142627604.65551
47360.0,-29218622.03489249,-8.287313108430009e-15,52142627604.65545
47370.0,-29218622.03489254,-1.0072272854861088e-14,52142627604.655426
47380.0,-29218622.034892235,3.824913742352312e-16,52142627604.65569
47390.0,-29218622.034892168,2.6774396196466184e-15,52142627604.65575
47400.0,-29218622.03489243,-6.247359112508776e-15,52142627604.65551
47410.0,-29218622.03489242,-5.992364863018622e-15,52142627604.655525
47420.0,-29218622.034892503,-8.797301607410317e-15,52142627604.65544
47430.0,-29218622.034892537,-9.944775730116011e-15,52142627604.65541
47440.0,-29218622.034892242,1.2749712474507706e-16,52142627604.65568
47450.0,-29218622.034892168,2.6774396196466184e-15,52142627604.65575
47460.0,-29218622.03489242,-5.992364863018622e-15,52142627604.65551
47470.0,-29218622.034892436,-6.50235336199893e-15,52142627604.6555
47480.0,-29218622.034892514,-9.179792981645549e-15,52142627604.65544
47490.0,-29218622.034892537,-9.944775730116011e-15,52142627604.65541
47500.0,-29218622.034892228,6.374856237253853e-16,52142627604.65569
47510.0,-29218622.034892153,3.1874281186269266e-15,52142627604.65575
47520.0,-29218622.034892425,-6.119861987763699e-15,52142627604.65552
47530.0,-29218622.034892432,-6.374856237253853e-15,52142627604.65552
47540.0,-29218622.034892514,-9.179792981645549e-15,52142627604.65544
47550.0,-29218622.03489253,-9.689781480625856e-15,52142627604.655426
47560.0,-29218622.03489224,2.549942494901541e-16,52142627604.65568
47570.0,-29218622.034892168,2.6774396196466184e-15,52142627604.655754
47580.0,-29218622.034892432,-6.374856237253853e-15,52142627604.65552
47590.0,-29218622.034892425,-6.119861987763699e-15,52142627604.655525
47600.0,-29218622.0348925,-8.66980448266524e-15,52142627604.65544
47610.0,-29218622.03489253,-9.689781480625856e-15,52142627604.65542
47620.0,-29218622.03489223,5.099884989803082e-16,52142627604.655685
47630.0,-29218622.034892157,3.0599309938818494e-15,52142627604.65575
47640.0,-29218622.034892417,-5.8648677382735446e-15,52142627604.65552
47650.0,-29218622.034892425,-6.119861987763699e-15,52142627604.65551
47660.0,-29218622.034892503,-8.797301607410317e-15,52142627604.65544
47670.0,-29218622.034892526,-9.56228435588078e-15,52142627604.655426
47680.0,-29218622.03489224,2.549942494901541e-16,52142627604.65569
47690.0,-29218622.034892157,3.0599309938818494e-15,52142627604.65575
47700.0,-29218622.034892414,-5.737370613528468e-15,52142627604.65553
47710.0,-29218622.034892414,-5.737370613528468e-15,52142627604.65552
47720.0,-29218622.03489251,-9.05229585690047e-15,52142627604.65544
47730.0,-29218622.03489254,-1.0072272854861088e-14,52142627604.65542
47740.0,-29218622.034892235,3.824913742352312e-16,52142627604.655685
47750.0,-29218622.034892164,2.8049367443916955e-15,52142627604.65575
47760.0,-29218622.03489242,-5.992364863018622e-15,52142627604.65551
47770.0,-29218622.034892436,-6.50235336199893e-15,52142627604.65551
47780.0,-29218622.034892496,-8.542307357920164e-15,52142627604.65545
47790.0,-29218622.034892533,-9.817278605370933e-15,52142627604.65541
47800.0,-29218622.034892242,1.2749712474507706e-16,52142627604.65568
47810.0,-29218622.034892168,2.6774396196466184e-15,52142627604.65575
47820.0,-29218622.03489242,-5.992364863018622e-15,52142627604.65551
47830.0,-29218622.034892436,-6.50235336199893e-15,52142627604.65551
47840.0,-29218622.03489251,-9.05229585690047e-15,52142627604.65543
47850.0,-29218622.034892544,-1.0199769979606165e-14,52142627604.65541
47860.0,-29218622.034892242,1.2749712474507706e-16,52142627604.65568
47870.0,-29218622.034892168,2.6774396196466184e-15,52142627604.65573
47880.0,-29218622.034892444,-6.757347611489084e-15,52142627604.6555
47890.0,-29218622.034892436,-6.50235336199893e-15,52142627604.6555
47900.0,-29218622.034892514,-9.179792981645549e-15,52142627604.65543
47910.0,-29218622.03489253,-9.689781480625856e-15,52142627604.655426
47920.0,-29218622.034892228,6.374856237253853e-16,52142627604.65568
47930.0,-29218622.03489216,2.9324338691367723e-15,52142627604.65575
47940.0,-29218622.034892425,-6.119861987763699e-15,52142627604.65551
47950.0,-29218622.034892432,-6.374856237253853e-15,52142627604.65551
47960.0,-29218622.034892514,-9.179792981645549e-15,52142627604.65544
47970.0,-29218622.03489253,-9.689781480625856e-15,52142627604.65542
47980.0,-29218622.034892246,0.0,52142627604.65568
47990.0,-29218622.034892183,2.16745112066631e-15,52142627604.65574
48000.0,-29218622.03489244,-6.6298504867440075e-15,52142627604.6555
48010.0,-29218622.034892425,-6.119861987763699e-15,52142627604.65551
48020.0,-29218622.034892507,-8.924798732155394e-15,52142627604.65543
48030.0,-29218622.034892537,-9.944775730116011e-15,52142627604.6554
48040.0,-29218622.03489223,5.099884989803082e-16,52142627604.65568
48050.0,-29218622.03489217,2.5499424949015412e-15,52142627604.65575
48060.0,-29218622.03489244,-6.6298504867440075e-15,52142627604.65551
48070.0,-29218622.034892432,-6.374856237253853e-15,52142627604.65551
48080.0,-29218622.03489251,-9.05229585690047e-15,52142627604.65543
48090.0,-29218622.034892533,-9.817278605370933e-15,52142627604.65541
48100.0,-29218622.034892246,0.0,52142627604.65568
48110.0,-29218622.03489217,2.5499424949015412e-15,52142627604.65574
48120.0,-29218622.03489243,-6.247359112508776e-15,52142627604.65551
48130.0,-29218622.034892436,-6.50235336199893e-15,52142627604.65551
48140.0,-29218622.03489251,-9.05229585690047e-15,52142627604.65543
48150.0,-29218622.03489254,-1.0072272854861088e-14,52142627604.65541
48160.0,-29218622.034892242,1.2749712474507706e-16,52142627604.65568
48170.0,-29218622.03489217,2.5499424949015412e-15,52142627604.65574
48180.0,-29218622.034892436,-6.50235336199893e-15,52142627604.65551
48190.0,-29218622.034892436,-6.50235336199893e-15,52142627604.65551
48200.0,-29218622.034892503,-8.797301607410317e-15,52142627604.65544
48210.0,-29218622.034892533,-9.817278605370933e-15,52142627604.65541
48220.0,-29218622.034892228,6.374856237253853e-16,52142627604.65569
48230.0,-29218622.034892168,2.6774396196466184e-15,52142627604.65575
48240.0,-29218622.03489242,-5.992364863018622e-15,52142627604.655525
48250.0,-29218622.03489243,-6.247359112508776e-15,52142627604.65551
48260.0,-29218622.034892514,-9.179792981645549e-15,52142627604.65544
48270.0,-29218622.034892537,-9.944775730116011e-15,52142627604.65541
48280.0,-29218622.034892235,3.824913742352312e-16,52142627604.655685
48290.0,-29218622.034892153,3.1874281186269266e-15,52142627604.65575
48300.0,-29218622.034892425,-6.119861987763699e-15,52142627604.65552
48310.0,-29218622.034892425,-6.119861987763699e-15,52142627604.65551
48320.0,-29218622.034892507,-8.924798732155394e-15,52142627604.65544
48330.0,-29218622.034892537,-9.944775730116011e-15,52142627604.65541
48340.0,-29218622.03489224,2.549942494901541e-16,52142627604.65568
48350.0,-29218622.034892164,2.8049367443916955e-15,52142627604.655754
48360.0,-29218622.034892417,-5.8648677382735446e-15,52142627604.65552
48370.0,-29218622.034892425,-6.119861987763699e-15,52142627604.6555
48380.0,-29218622.034892507,-8.924798732155394e-15,52142627604.65544
48390.0,-29218622.034892533,-9.817278605370933e-15,52142627604.65541
48400.0,-29218622.03489223,5.099884989803082e-16,52142627604.65568
48410.0,-29218622.03489217,2.5499424949015412e-15,52142627604.65575
48420.0,-29218622.034892425,-6.119861987763699e-15,52142627604.65551
48430.0,-29218622.034892432,-6.374856237253853e-15,52142627604.6555
48440.0,-29218622.034892503,-8.797301607410317e-15,52142627604.65544
48450.0,-29218622.034892533,-9.817278605370933e-15,52142627604.655426
48460.0,-29218622.034892224,7.649827484704624e-16,52142627604.65568
48470.0,-29218622.034892164,2.8049367443916955e-15,52142627604.655754
48480.0,-29218622.03489242,-5.992364863018622e-15,52142627604.65551
48490.0,-29218622.034892436,-6.50235336199893e-15,52142627604.65551
48500.0,-29218622.03489251,-9.05229585690047e-15,52142627604.65544
48510.0,-29218622.034892533,-9.817278605370933e-15,52142627604.655426
48520.0,-29218622.034892242,1.2749712474507706e-16,52142627604.65568
48530.0,-29218622.03489218,2.2949482454113873e-15,52142627604.65573
48540.0,-29218622.03489243,-6.247359112508776e-15,52142627604.65551
48550.0,-29218622.034892436,-6.50235336199893e-15,52142627604.65551
48560.0,-29218622.03489251,-9.05229585690047e-15,52142627604.65543
48570.0,-29218622.03489254,-1.0072272854861088e-14,52142627604.65541
48580.0,-29218622.034892257,-3.824913742352312e-16,52142627604.65568
48590.0,-29218622.03489218,2.2949482454113873e-15,52142627604.65573
48600.0,-29218622.03489243,-6.247359112508776e-15,52142627604.6555
48610.0,-29218622.03489245,-7.012341860979239e-15,52142627604.6555
48620.0,-29218622.03489251,-9.05229585690047e-15,52142627604.65543
48630.0,-29218622.034892537,-9.944775730116011e-15,52142627604.655426
48640.0,-29218622.034892242,1.2749712474507706e-16,52142627604.655685
48650.0,-29218622.034892175,2.422445370156464e-15,52142627604.65575
48660.0,-29218622.03489243,-6.247359112508776e-15,52142627604.65551
48670.0,-29218622.03489243,-6.247359112508776e-15,52142627604.65551
48680.0,-29218622.034892507,-8.924798732155394e-15,52142627604.65544
48690.0,-29218622.034892537,-9.944775730116011e-15,52142627604.65541
48700.0,-29218622.034892235,3.824913742352312e-16,52142627604.65568
48710.0,-29218622.03489216,2.9324338691367723e-15,52142627604.65574
48720.0,-29218622.034892432,-6.374856237253853e-15,52142627604.65551
48730.0,-29218622.034892444,-6.757347611489084e-15,52142627604.655495
48740.0,-29218622.03489253,-9.689781480625856e-15,52142627604.65543
48750.0,-29218622.034892544,-1.0199769979606165e-14,52142627604.65541
48760.0,-29218622.034892242,1.2749712474507706e-16,52142627604.65567
48770.0,-29218622.034892175,2.422445370156464e-15,52142627604.65573
48780.0,-29218622.03489244,-6.6298504867440075e-15,52142627604.6555
48790.0,-29218622.03489244,-6.6298504867440075e-15,52142627604.6555
48800.0,-29218622.03489252,-9.434787231135703e-15,52142627604.65543
48810.0,-29218622.034892544,-1.0199769979606165e-14,52142627604.65541
48820.0,-29218622.034892254,-2.549942494901541e-16,52142627604.65566
48830.0,-29218622.034892168,2.6774396196466184e-15,52142627604.65573
48840.0,-29218622.03489244,-6.6298504867440075e-15,52142627604.655495
48850.0,-29218622.034892447,-6.884844736234161e-15,52142627604.65549
48860.0,-29218622.034892514,-9.179792981645549e-15,52142627604.65543
48870.0,-29218622.034892544,-1.0199769979606165e-14,52142627604.65541
48880.0,-29218622.034892254,-2.549942494901541e-16,52142627604.65567
48890.0,-29218622.034892194,1.784959746431079e-15,52142627604.65573
48900.0,-29218622.03489244,-6.6298504867440075e-15,52142627604.655495
48910.0,-29218622.034892447,-6.884844736234161e-15,52142627604.65549
48920.0,-29218622.03489252,-9.434787231135703e-15,52142627604.655426
48930.0,-29218622.034892555,-1.0582261353841397e-14,52142627604.6554
48940.0,-29218622.034892246,0.0,52142627604.65567
48950.0,-29218622.034892187,2.039953995921233e-15,52142627604.65573
48960.0,-29218622.03489244,-6.6298504867440075e-15,52142627604.655495
48970.0,-29218622.034892447,-6.884844736234161e-15,52142627604.655495
48980.0,-29218622.034892526,-9.56228435588078e-15,52142627604.655426
48990.0,-29218622.034892548,-1.0327267104351242e-14,52142627604.6554
49000.0,-29218622.034892254,-2.549942494901541e-16,52142627604.65567
49010.0,-29218622.034892187,2.039953995921233e-15,52142627604.65573
49020.0,-29218622.03489244,-6.6298504867440075e-15,52142627604.6555
49030.0,-29218622.03489245,-7.012341860979239e-15,52142627604.655495
49040.0,-29218622.034892526,-9.56228435588078e-15,52142627604.655426
49050.0,-29218622.034892548,-1.0327267104351242e-14,52142627604.65541
49060.0,-29218622.034892254,-2.549942494901541e-16,52142627604.65566
49070.0,-29218622.03489217,2.5499424949015412e-15,52142627604.65573
49080.0,-29218622.034892436,-6.50235336199893e-15,52142627604.655495
49090.0,-29218622.034892444,-6.757347611489084e-15,52142627604.655495
49100.0,-29218622.034892526,-9.56228435588078e-15,52142627604.655426
49110.0,-29218622.034892555,-1.0582261353841397e-14,52142627604.655396
49120.0,-29218622.034892265,-6.374856237253853e-16,52142627604.65566
49130.0,-29218622.03489218,2.2949482454113873e-15,52142627604.65573
49140.0,-29218622.034892436,-6.50235336199893e-15,52142627604.655495
49150.0,-29218622.034892444,-6.757347611489084e-15,52142627604.655495
49160.0,-29218622.034892518,-9.307290106390626e-15,52142627604.655426
49170.0,-29218622.034892555,-1.0582261353841397e-14,52142627604.6554
49180.0,-29218622.034892257,-3.824913742352312e-16,52142627604.65566
49190.0,-29218622.034892183,2.16745112066631e-15,52142627604.65573
49200.0,-29218622.034892436,-6.50235336199893e-15,52142627604.655495
49210.0,-29218622.034892436,-6.50235336199893e-15,52142627604.655495
49220.0,-29218622.034892518,-9.307290106390626e-15,52142627604.655426
49230.0,-29218622.034892548,-1.0327267104351242e-14,52142627604.65541
49240.0,-29218622.03489225,-1.2749712474507706e-16,52142627604.65567
49250.0,-29218622.034892175,2.422445370156464e-15,52142627604.65574
49260.0,-29218622.03489243,-6.247359112508776e-15,52142627604.6555
49270.0,-29218622.03489245,-7.012341860979239e-15,52142627604.655495
49280.0,-29218622.03489251,-9.05229585690047e-15,52142627604.655426
49290.0,-29218622.034892548,-1.0327267104351242e-14,52142627604.65541
49300.0,-29218622.03489225,-1.2749712474507706e-16,52142627604.65567
49310.0,-29218622.03489219,1.912456871176156e-15,52142627604.65573
49320.0,-29218622.03489242,-5.992364863018622e-15,52142627604.6555
49330.0,-29218622.034892436,-6.50235336199893e-15,52142627604.655495
49340.0,-29218622.034892518,-9.307290106390626e-15,52142627604.655426
49350.0,-29218622.03489255,-1.0454764229096318e-14,52142627604.65541
49360.0,-29218622.034892265,-6.374856237253853e-16,52142627604.65566
49370.0,-29218622.034892183,2.16745112066631e-15,52142627604.65573
49380.0,-29218622.034892436,-6.50235336199893e-15,52142627604.65551
49390.0,-29218622.034892444,-6.757347611489084e-15,52142627604.655495
49400.0,-29218622.034892518,-9.307290106390626e-15,52142627604.655426
49410.0,-29218622.034892544,-1.0199769979606165e-14,52142627604.65542
49420.0,-29218622.034892242,1.2749712474507706e-16,52142627604.65568
49430.0,-29218622.034892183,2.16745112066631e-15,52142627604.65573
49440.0,-29218622.034892436,-6.50235336199893e-15,52142627604.6555
49450.0,-29218622.034892444,-6.757347611489084e-15,52142627604.655495
49460.0,-29218622.03489251,-9.05229585690047e-15,52142627604.655426
49470.0,-29218622.034892555,-1.0582261353841397e-14,52142627604.655396
49480.0,-29218622.03489225,-1.2749712474507706e-16,52142627604.65568
49490.0,-29218622.034892175,2.422445370156464e-15,52142627604.65574
49500.0,-29218622.034892444,-6.757347611489084e-15,52142627604.655495
49510.0,-29218622.03489246,-7.267336110469393e-15,52142627604.65549
49520.0,-29218622.034892518,-9.307290106390626e-15,52142627604.655426
49530.0,-29218622.034892544,-1.0199769979606165e-14,52142627604.65541
49540.0,-29218622.034892242,1.2749712474507706e-16,52142627604.65568
49550.0,-29218622.034892183,2.16745112066631e-15,52142627604.65573
49560.0,-29218622.034892436,-6.50235336199893e-15,52142627604.655495
49570.0,-29218622.034892444,-6.757347611489084e-15,52142627604.655495
49580.0,-29218622.034892533,-9.817278605370933e-15,52142627604.655426
49590.0,-29218622.03489255,-1.0454764229096318e-14,52142627604.655396
49600.0,-29218622.034892257,-3.824913742352312e-16,52142627604.65567
49610.0,-29218622.034892183,2.16745112066631e-15,52142627604.65573
49620.0,-29218622.034892436,-6.50235336199893e-15,52142627604.65551
49630.0,-29218622.034892444,-6.757347611489084e-15,52142627604.655495
49640.0,-29218622.034892518,-9.307290106390626e-15,52142627604.655426
49650.0,-29218622.03489255,-1.0454764229096318e-14,52142627604.6554
49660.0,-29218622.034892242,1.2749712474507706e-16,52142627604.65567
49670.0,-29218622.034892183,2.16745112066631e-15,52142627604.65573
49680.0,-29218622.034892436,-6.50235336199893e-15,52142627604.65551
49690.0,-29218622.034892444,-6.757347611489084e-15,52142627604.65549
49700.0,-29218622.034892533,-9.817278605370933e-15,52142627604.655426
49710.0,-29218622.03489255,-1.0454764229096318e-14,52142627604.6554
49720.0,-29218622.034892242,1.2749712474507706e-16,52142627604.65568
49730.0,-29218622.034892183,2.16745112066631e-15,52142627604.65574
49740.0,-29218622.034892436,-6.50235336199893e-15,52142627604.65551
49750.0,-29218622.034892436,-6.50235336199893e-15,52142627604.6555
49760.0,-29218622.03489251,-9.05229585690047e-15,52142627604.655426
49770.0,-29218622.03489255,-1.0454764229096318e-14,52142627604.65541
49780.0,-29218622.034892242,1.2749712474507706e-16,52142627604.65568
49790.0,-29218622.034892175,2.422445370156464e-15,52142627604.65574
49800.0,-29218622.034892436,-6.50235336199893e-15,52142627604.65551
49810.0,-29218622.034892436,-6.50235336199893e-15,52142627604.65551
49820.0,-29218622.03489251,-9.05229585690047e-15,52142627604.655426
49830.0,-29218622.03489254,-1.0072272854861088e-14,52142627604.65541
49840.0,-29218622.03489225,-1.2749712474507706e-16,52142627604.65568
49850.0,-29218622.034892183,2.16745112066631e-15,52142627604.65573
49860.0,-29218622.034892436,-6.50235336199893e-15,52142627604.65551
49870.0,-29218622.034892436,-6.50235336199893e-15,52142627604.655495
49880.0,-29218622.03489251,-9.05229585690047e-15,52142627604.65543
49890.0,-29218622.034892548,-1.0327267104351242e-14,52142627604.65541
49900.0,-29218622.03489225,-1.2749712474507706e-16,52142627604.65568
49910.0,-29218622.034892175,2.422445370156464e-15,52142627604.65573
49920.0,-29218622.03489243,-6.247359112508776e-15,52142627604.65551
49930.0,-29218622.034892436,-6.50235336199893e-15,52142627604.655495
49940.0,-29218622.034892518,-9.307290106390626e-15,52142627604.655426
49950.0,-29218622.034892555,-1.0582261353841397e-14,52142627604.65541
49960.0,-29218622.03489225,-1.2749712474507706e-16,52142627604.65568
49970.0,-29218622.034892183,2.16745112066631e-15,52142627604.65573
49980.0,-29218622.034892436,-6.50235336199893e-15,52142627604.6555
49990.0,-29218622.034892444,-6.757347611489084e-15,52142627604.655495
50000.0,-29218622.034892518,-9.307290106390626e-15,52142627604.655426
50010.0,-29218622.034892548,-1.0327267104351242e-14,52142627604.65541
50020.0,-29218622.03489225,-1.2749712474507706e-16,52142627604.65568
50030.0,-29218622.03489218,2.2949482454113873e-15,52142627604.65573
50040.0,-29218622.034892436,-6.50235336199893e-15,52142627604.6555
50050.0,-29218622.034892444,-6.757347611489084e-15,52142627604.655495
50060.0,-29218622.03489251,-9.05229585690047e-15,52142627604.655426
50070.0,-29218622.03489254,-1.0072272854861088e-14,52142627604.65541
50080.0,-29218622.03489225,-1.2749712474507706e-16,52142627604.65568
50090.0,-29218622.03489217,2.5499424949015412e-15,52142627604.65574
50100.0,-29218622.03489243,-6.247359112508776e-15,52142627604.65551
50110.0,-29218622.034892444,-6.757347611489084e-15,52142627604.655495
50120.0,-29218622.03489251,-9.05229585690047e-15,52142627604.65543
50130.0,-29218622.034892548,-1.0327267104351242e-14,52142627604.65541
50140.0,-29218622.03489224,2.549942494901541e-16,52142627604.65568
50150.0,-29218622.03489217,2.5499424949015412e-15,52142627604.65574
50160.0,-29218622.03489243,-6.247359112508776e-15,52142627604.65551
50170.0,-29218622.03489243,-6.247359112508776e-15,52142627604.65551
50180.0,-29218622.034892526,-9.56228435588078e-15,52142627604.65543
50190.0,-29218622.03489254,-1.0072272854861088e-14,52142627604.65541
50200.0,-29218622.03489224,2.549942494901541e-16,52142627604.65567
50210.0,-29218622.03489218,2.2949482454113873e-15,52142627604.65574
50220.0,-29218622.03489243,-6.247359112508776e-15,52142627604.65551
50230.0,-29218622.034892436,-6.50235336199893e-15,52142627604.655495
50240.0,-29218622.034892518,-9.307290106390626e-15,52142627604.65543
50250.0,-29218622.034892548,-1.0327267104351242e-14,52142627604.65541
50260.0,-29218622.034892246,0.0,52142627604.65567
50270.0,-29218622.03489218,2.2949482454113873e-15,52142627604.65574
50280.0,-29218622.034892432,-6.374856237253853e-15,52142627604.65551
50290.0,-29218622.034892432,-6.374856237253853e-15,52142627604.6555
50300.0,-29218622.03489252,-9.434787231135703e-15,52142627604.655426
50310.0,-29218622.03489254,-1.0072272854861088e-14,52142627604.65541
50320.0,-29218622.03489224,2.549942494901541e-16,52142627604.65568
50330.0,-29218622.03489218,2.2949482454113873e-15,52142627604.65574
50340.0,-29218622.034892417,-5.8648677382735446e-15,52142627604.65551
50350.0,-29218622.03489244,-6.6298504867440075e-15,52142627604.655495
50360.0,-29218622.03489252,-9.434787231135703e-15,52142627604.65543
50370.0,-29218622.034892544,-1.0199769979606165e-14,52142627604.6554
50380.0,-29218622.034892246,0.0,52142627604.65568
50390.0,-29218622.034892187,2.039953995921233e-15,52142627604.65573
50400.0,-29218622.034892425,-6.119861987763699e-15,52142627604.65551
50410.0,-29218622.03489244,-6.6298504867440075e-15,52142627604.655495
50420.0,-29218622.034892514,-9.179792981645549e-15,52142627604.655426
50430.0,-29218622.034892544,-1.0199769979606165e-14,52142627604.65541
50440.0,-29218622.034892246,0.0,52142627604.65568
50450.0,-29218622.034892168,2.6774396196466184e-15,52142627604.65573
50460.0,-29218622.03489244,-6.6298504867440075e-15,52142627604.6555
50470.0,-29218622.03489244,-6.6298504867440075e-15,52142627604.655495
50480.0,-29218622.03489252,-9.434787231135703e-15,52142627604.655426
50490.0,-29218622.03489255,-1.0454764229096318e-14,52142627604.6554
50500.0,-29218622.03489225,-1.2749712474507706e-16,52142627604.65567
50510.0,-29218622.034892183,2.16745112066631e-15,52142627604.65573
50520.0,-29218622.034892444,-6.757347611489084e-15,52142627604.655495
50530.0,-29218622.034892447,-6.884844736234161e-15,52142627604.655495
50540.0,-29218622.03489252,-9.434787231135703e-15,52142627604.65543
50550.0,-29218622.03489255,-1.0454764229096318e-14,52142627604.6554
50560.0,-29218622.034892242,1.2749712474507706e-16,52142627604.65567
50570.0,-29218622.034892168,2.6774396196466184e-15,52142627604.65573
50580.0,-29218622.03489243,-6.247359112508776e-15,52142627604.65551
50590.0,-29218622.03489243,-6.247359112508776e-15,52142627604.6555
50600.0,-29218622.034892507,-8.924798732155394e-15,52142627604.65543
50610.0,-29218622.03489255,-1.0454764229096318e-14,52142627604.65541
50620.0,-29218622.03489225,-1.2749712474507706e-16,52142627604.65568
50630.0,-29218622.034892168,2.6774396196466184e-15,52142627604.65574
50640.0,-29218622.034892436,-6.50235336199893e-15,52142627604.65551
50650.0,-29218622.034892436,-6.50235336199893e-15,52142627604.6555
50660.0,-29218622.03489251,-9.05229585690047e-15,52142627604.65543
50670.0,-29218622.034892533,-9.817278605370933e-15,52142627604.65541
50680.0,-29218622.034892242,1.2749712474507706e-16,52142627604.65568
50690.0,-29218622.034892175,2.422445370156464e-15,52142627604.65574
50700.0,-29218622.03489243,-6.247359112508776e-15,52142627604.65551
50710.0,-29218622.034892436,-6.50235336199893e-15,52142627604.6555
50720.0,-29218622.03489251,-9.05229585690047e-15,52142627604.65544
50730.0,-29218622.03489254,-1.0072272854861088e-14,52142627604.65541
50740.0,-29218622.034892257,-3.824913742352312e-16,52142627604.65567
50750.0,-29218622.03489218,2.2949482454113873e-15,52142627604.65574
50760.0,-29218622.03489243,-6.247359112508776e-15,52142627604.6555
50770.0,-29218622.034892436,-6.50235336199893e-15,52142627604.6555
50780.0,-29218622.034892526,-9.56228435588078e-15,52142627604.655426
50790.0,-29218622.034892548,-1.0327267104351242e-14,52142627604.65541
50800.0,-29218622.034892254,-2.549942494901541e-16,52142627604.65567
50810.0,-29218622.034892187,2.039953995921233e-15,52142627604.65573
50820.0,-29218622.03489243,-6.247359112508776e-15,52142627604.65551
50830.0,-29218622.034892447,-6.884844736234161e-15,52142627604.655495
50840.0,-29218622.034892526,-9.56228435588078e-15,52142627604.655426
50850.0,-29218622.034892548,-1.0327267104351242e-14,52142627604.6554
50860.0,-29218622.034892254,-2.549942494901541e-16,52142627604.65566
50870.0,-29218622.034892194,1.784959746431079e-15,52142627604.65572
50880.0,-29218622.034892432,-6.374856237253853e-15,52142627604.6555
50890.0,-29218622.034892447,-6.884844736234161e-15,52142627604.65549
50900.0,-29218622.03489252,-9.434787231135703e-15,52142627604.655426
50910.0,-29218622.034892544,-1.0199769979606165e-14,52142627604.65541
50920.0,-29218622.034892254,-2.549942494901541e-16,52142627604.65566
50930.0,-29218622.03489219,1.912456871176156e-15,52142627604.65573
50940.0,-29218622.034892447,-6.884844736234161e-15,52142627604.6555
50950.0,-29218622.034892455,-7.139838985724316e-15,52142627604.65549
50960.0,-29218622.034892537,-9.944775730116011e-15,52142627604.655426
50970.0,-29218622.03489256,-1.0709758478586473e-14,52142627604.655396
50980.0,-29218622.034892257,-3.824913742352312e-16,52142627604.65566
50990.0,-29218622.034892183,2.16745112066631e-15,52142627604.655716
51000.0,-29218622.034892444,-6.757347611489084e-15,52142627604.655495
51010.0,-29218622.034892444,-6.757347611489084e-15,52142627604.65549
51020.0,-29218622.03489253,-9.689781480625856e-15,52142627604.655426
51030.0,-29218622.03489256,-1.0709758478586473e-14,52142627604.65539
51040.0,-29218622.034892257,-3.824913742352312e-16,52142627604.65567
51050.0,-29218622.034892183,2.16745112066631e-15,52142627604.65573
51060.0,-29218622.034892444,-6.757347611489084e-15,52142627604.6555
51070.0,-29218622.03489245,-7.012341860979239e-15,52142627604.655495
51080.0,-29218622.034892526,-9.56228435588078e-15,52142627604.655426
51090.0,-29218622.034892548,-1.0327267104351242e-14,52142627604.65541
51100.0,-29218622.03489225,-1.2749712474507706e-16,52142627604.65566
51110.0,-29218622.034892183,2.16745112066631e-15,52142627604.65573
51120.0,-29218622.03489245,-7.012341860979239e-15,52142627604.655495
51130.0,-29218622.03489245,-7.012341860979239e-15,52142627604.655495
51140.0,-29218622.034892518,-9.307290106390626e-15,52142627604.655426
51150.0,-29218622.034892563,-1.083725560333155e-14,52142627604.655396
51160.0,-29218622.034892257,-3.824913742352312e-16,52142627604.65566
51170.0,-29218622.034892187,2.039953995921233e-15,52142627604.655716
51180.0,-29218622.034892444,-6.757347611489084e-15,52142627604.655495
51190.0,-29218622.03489246,-7.267336110469393e-15,52142627604.65549
51200.0,-29218622.03489254,-1.0072272854861088e-14,52142627604.65541
51210.0,-29218622.034892578,-1.1347244102311859e-14,52142627604.65539
51220.0,-29218622.03489226,-5.099884989803082e-16,52142627604.65566
51230.0,-29218622.034892194,1.784959746431079e-15,52142627604.65573
51240.0,-29218622.034892447,-6.884844736234161e-15,52142627604.655495
51250.0,-29218622.03489244,-6.6298504867440075e-15,52142627604.65549
51260.0,-29218622.03489253,-9.689781480625856e-15,52142627604.65542
51270.0,-29218622.03489255,-1.0454764229096318e-14,52142627604.655396
51280.0,-29218622.03489226,-5.099884989803082e-16,52142627604.65566
51290.0,-29218622.03489219,1.912456871176156e-15,52142627604.655716
51300.0,-29218622.034892455,-7.139838985724316e-15,52142627604.65549
51310.0,-29218622.034892462,-7.39483323521447e-15,52142627604.65549
51320.0,-29218622.034892537,-9.944775730116011e-15,52142627604.65541
51330.0,-29218622.034892567,-1.0964752728076627e-14,52142627604.655396
51340.0,-29218622.034892257,-3.824913742352312e-16,52142627604.655655
51350.0,-29218622.034892183,2.16745112066631e-15,52142627604.65572
51360.0,-29218622.034892444,-6.757347611489084e-15,52142627604.655495
51370.0,-29218622.034892444,-6.757347611489084e-15,52142627604.65549
51380.0,-29218622.03489254,-1.0072272854861088e-14,52142627604.65541
51390.0,-29218622.03489256,-1.0709758478586473e-14,52142627604.655396
51400.0,-29218622.034892272,-8.924798732155395e-16,52142627604.65566
51410.0,-29218622.03489219,1.912456871176156e-15,52142627604.655716
51420.0,-29218622.03489245,-7.012341860979239e-15,52142627604.655495
51430.0,-29218622.03489245,-7.012341860979239e-15,52142627604.65549
51440.0,-29218622.034892526,-9.56228435588078e-15,52142627604.65542
51450.0,-29218622.034892555,-1.0582261353841397e-14,52142627604.655396
51460.0,-29218622.034892265,-6.374856237253853e-16,52142627604.65566
51470.0,-29218622.034892175,2.422445370156464e-15,52142627604.65574
51480.0,-29218622.03489245,-7.012341860979239e-15,52142627604.655495
51490.0,-29218622.03489245,-7.012341860979239e-15,52142627604.655495
51500.0,-29218622.034892526,-9.56228435588078e-15,52142627604.65542
51510.0,-29218622.034892563,-1.083725560333155e-14,52142627604.655396
51520.0,-29218622.03489226,-5.099884989803082e-16,52142627604.65566
51530.0,-29218622.03489218,2.2949482454113873e-15,52142627604.65573
51540.0,-29218622.03489245,-7.012341860979239e-15,52142627604.655495
51550.0,-29218622.034892436,-6.50235336199893e-15,52142627604.655495
51560.0,-29218622.034892526,-9.56228435588078e-15,52142627604.655426
51570.0,-29218622.034892548,-1.0327267104351242e-14,52142627604.65541
51580.0,-29218622.034892254,-2.549942494901541e-16,52142627604.65567
51590.0,-29218622.034892194,1.784959746431079e-15,52142627604.65572
51600.0,-29218622.034892432,-6.374856237253853e-15,52142627604.65551
51610.0,-29218622.03489244,-6.6298504867440075e-15,52142627604.655495
51620.0,-29218622.03489252,-9.434787231135703e-15,52142627604.655426
51630.0,-29218622.03489255,-1.0454764229096318e-14,52142627604.6554
51640.0,-29218622.034892254,-2.549942494901541e-16,52142627604.65566
51650.0,-29218622.03489218,2.2949482454113873e-15,52142627604.65574
51660.0,-29218622.034892432,-6.374856237253853e-15,52142627604.6555
51670.0,-29218622.03489244,-6.6298504867440075e-15,52142627604.655495
51680.0,-29218622.034892514,-9.179792981645549e-15,52142627604.655426
51690.0,-29218622.034892544,-1.0199769979606165e-14,52142627604.6554
51700.0,-29218622.034892254,-2.549942494901541e-16,52142627604.65567
51710.0,-29218622.034892175,2.422445370156464e-15,52142627604.65573
51720.0,-29218622.034892432,-6.374856237253853e-15,52142627604.6555
51730.0,-29218622.034892447,-6.884844736234161e-15,52142627604.655495
51740.0,-29218622.03489252,-9.434787231135703e-15,52142627604.655426
51750.0,-29218622.03489255,-1.0454764229096318e-14,52142627604.65541
51760.0,-29218622.03489225,-1.2749712474507706e-16,52142627604.65567
51770.0,-29218622.034892183,2.16745112066631e-15,52142627604.65573
51780.0,-29218622.034892436,-6.50235336199893e-15,52142627604.65551
51790.0,-29218622.034892444,-6.757347611489084e-15,52142627604.655495
51800.0,-29218622.034892526,-9.56228435588078e-15,52142627604.655426
51810.0,-29218622.03489255,-1.0454764229096318e-14,52142627604.6554
51820.0,-29218622.03489225,-1.2749712474507706e-16,52142627604.65566
51830.0,-29218622.034892175,2.422445370156464e-15,52142627604.65573
51840.0,-29218622.034892436,-6.50235336199893e-15,52142627604.6555
51850.0,-29218622.034892444,-6.757347611489084e-15,52142627604.655495
51860.0,-29218622.034892533,-9.817278605370933e-15,52142627604.655426
51870.0,-29218622.034892548,-1.0327267104351242e-14,52142627604.6554
51880.0,-29218622.03489225,-1.2749712474507706e-16,52142627604.65567
51890.0,-29218622.03489217,2.5499424949015412e-15,52142627604.65573
51900.0,-29218622.034892436,-6.50235336199893e-15,52142627604.65551
51910.0,-29218622.03489246,-7.267336110469393e-15,52142627604.65549
51920.0,-29218622.034892533,-9.817278605370933e-15,52142627604.655426
51930.0,-29218622.034892548,-1.0327267104351242e-14,52142627604.65541
51940.0,-29218622.034892246,0.0,52142627604.65567
51950.0,-29218622.03489218,2.2949482454113873e-15,52142627604.65573
51960.0,-29218622.034892436,-6.50235336199893e-15,52142627604.65551
51970.0,-29218622.034892447,-6.884844736234161e-15,52142627604.655495
51980.0,-29218622.034892526,-9.56228435588078e-15,52142627604.65543
51990.0,-29218622.034892555,-1.0582261353841397e-14,52142627604.65541
52000.0,-29218622.034892254,-2.549942494901541e-16,52142627604.65567
52010.0,-29218622.03489218,2.2949482454113873e-15,52142627604.65574
52020.0,-29218622.034892447,-6.884844736234161e-15,52142627604.655495
52030.0,-29218622.034892447,-6.884844736234161e-15,52142627604.6555
52040.0,-29218622.03489252,-9.434787231135703e-15,52142627604.65542
52050.0,-29218622.034892555,-1.0582261353841397e-14,52142627604.6554
52060.0,-29218622.034892254,-2.549942494901541e-16,52142627604.65566
52070.0,-29218622.03489218,2.2949482454113873e-15,52142627604.65573
52080.0,-29218622.03489244,-6.6298504867440075e-15,52142627604.6555
52090.0,-29218622.034892447,-6.884844736234161e-15,52142627604.655495
52100.0,-29218622.034892514,-9.179792981645549e-15,52142627604.655426
52110.0,-29218622.03489255,-1.0454764229096318e-14,52142627604.65541
52120.0,-29218622.034892246,0.0,52142627604.65568
52130.0,-29218622.03489218,2.2949482454113873e-15,52142627604.65573
52140.0,-29218622.034892425,-6.119861987763699e-15,52142627604.65551
52150.0,-29218622.03489244,-6.6298504867440075e-15,52142627604.655495
52160.0,-29218622.03489252,-9.434787231135703e-15,52142627604.655426
52170.0,-29218622.03489253,-9.689781480625856e-15,52142627604.65541
52180.0,-29218622.034892254,-2.549942494901541e-16,52142627604.65568
52190.0,-29218622.034892183,2.16745112066631e-15,52142627604.65573
52200.0,-29218622.03489244,-6.6298504867440075e-15,52142627604.6555
52210.0,-29218622.034892447,-6.884844736234161e-15,52142627604.655495
52220.0,-29218622.03489252,-9.434787231135703e-15,52142627604.655426
52230.0,-29218622.034892544,-1.0199769979606165e-14,52142627604.6554
52240.0,-29218622.034892254,-2.549942494901541e-16,52142627604.65567
52250.0,-29218622.034892175,2.422445370156464e-15,52142627604.65573
52260.0,-29218622.03489244,-6.6298504867440075e-15,52142627604.6555
52270.0,-29218622.03489244,-6.6298504867440075e-15,52142627604.6555
52280.0,-29218622.034892514,-9.179792981645549e-15,52142627604.65543
52290.0,-29218622.034892544,-1.0199769979606165e-14,52142627604.65541
52300.0,-29218622.03489224,2.549942494901541e-16,52142627604.65568
52310.0,-29218622.034892183,2.16745112066631e-15,52142627604.65573
52320.0,-29218622.03489244,-6.6298504867440075e-15,52142627604.6555
52330.0,-29218622.03489244,-6.6298504867440075e-15,52142627604.6555
52340.0,-29218622.034892514,-9.179792981645549e-15,52142627604.65543
52350.0,-29218622.034892537,-9.944775730116011e-15,52142627604.65541
52360.0,-29218622.034892246,0.0,52142627604.65567
52370.0,-29218622.034892175,2.422445370156464e-15,52142627604.65573
52380.0,-29218622.034892432,-6.374856237253853e-15,52142627604.65551
52390.0,-29218622.034892432,-6.374856237253853e-15,52142627604.6555
52400.0,-29218622.03489252,-9.434787231135703e-15,52142627604.65543
52410.0,-29218622.034892544,-1.0199769979606165e-14,52142627604.6554
52420.0,-29218622.034892242,1.2749712474507706e-16,52142627604.65568
52430.0,-29218622.034892183,2.16745112066631e-15,52142627604.65574
52440.0,-29218622.034892432,-6.374856237253853e-15,52142627604.6555
52450.0,-29218622.034892444,-6.757347611489084e-15,52142627604.6555
52460.0,-29218622.034892514,-9.179792981645549e-15,52142627604.65543
52470.0,-29218622.03489253,-9.689781480625856e-15,52142627604.65542
52480.0,-29218622.034892235,3.824913742352312e-16,52142627604.65568
52490.0,-29218622.034892183,2.16745112066631e-15,52142627604.65573
52500.0,-29218622.034892432,-6.374856237253853e-15,52142627604.65551
52510.0,-29218622.034892432,-6.374856237253853e-15,52142627604.6555
52520.0,-29218622.03489252,-9.434787231135703e-15,52142627604.655426
52530.0,-29218622.034892537,-9.944775730116011e-15,52142627604.65541
52540.0,-29218622.034892235,3.824913742352312e-16,52142627604.655685
52550.0,-29218622.034892175,2.422445370156464e-15,52142627604.65574
52560.0,-29218622.034892425,-6.119861987763699e-15,52142627604.65551
52570.0,-29218622.034892436,-6.50235336199893e-15,52142627604.6555
52580.0,-29218622.034892514,-9.179792981645549e-15,52142627604.65543
52590.0,-29218622.034892544,-1.0199769979606165e-14,52142627604.65541
52600.0,-29218622.034892242,1.2749712474507706e-16,52142627604.65568
52610.0,-29218622.034892183,2.16745112066631e-15,52142627604.65573
52620.0,-29218622.034892436,-6.50235336199893e-15,52142627604.6555
52630.0,-29218622.034892436,-6.50235336199893e-15,52142627604.6555
52640.0,-29218622.034892514,-9.179792981645549e-15,52142627604.65543
52650.0,-29218622.034892544,-1.0199769979606165e-14,52142627604.65541
52660.0,-29218622.034892235,3.824913742352312e-16,52142627604.65568
52670.0,-29218622.034892175,2.422445370156464e-15,52142627604.65574
52680.0,-29218622.034892436,-6.50235336199893e-15,52142627604.6555
52690.0,-29218622.034892432,-6.374856237253853e-15,52142627604.6555
52700.0,-29218622.034892514,-9.179792981645549e-15,52142627604.65543
52710.0,-29218622.034892544,-1.0199769979606165e-14,52142627604.65541
52720.0,-29218622.034892242,1.2749712474507706e-16,52142627604.65568
52730.0,-29218622.034892175,2.422445370156464e-15,52142627604.65573
52740.0,-29218622.034892432,-6.374856237253853e-15,52142627604.65551
52750.0,-29218622.034892432,-6.374856237253853e-15,52142627604.6555
52760.0,-29218622.03489253,-9.689781480625856e-15,52142627604.655426
52770.0,-29218622.034892544,-1.0199769979606165e-14,52142627604.65541
52780.0,-29218622.034892242,1.2749712474507706e-16,52142627604.65567
52790.0,-29218622.034892175,2.422445370156464e-15,52142627604.65574
52800.0,-29218622.034892432,-6.374856237253853e-15,52142627604.6555
52810.0,-29218622.034892447,-6.884844736234161e-15,52142627604.655495
52820.0,-29218622.03489252,-9.434787231135703e-15,52142627604.655426
52830.0,-29218622.034892537,-9.944775730116011e-15,52142627604.65541
52840.0,-29218622.03489224,2.549942494901541e-16,52142627604.65567
52850.0,-29218622.034892168,2.6774396196466184e-15,52142627604.65574
52860.0,-29218622.034892425,-6.119861987763699e-15,52142627604.65551
52870.0,-29218622.034892432,-6.374856237253853e-15,52142627604.65551
52880.0,-29218622.034892507,-8.924798732155394e-15,52142627604.655426
52890.0,-29218622.034892537,-9.944775730116011e-15,52142627604.65541
52900.0,-29218622.034892254,-2.549942494901541e-16,52142627604.65567
52910.0,-29218622.03489218,2.2949482454113873e-15,52142627604.65574
52920.0,-29218622.034892432,-6.374856237253853e-15,52142627604.6555
52930.0,-29218622.034892432,-6.374856237253853e-15,52142627604.6555
52940.0,-29218622.034892514,-9.179792981645549e-15,52142627604.655426
52950.0,-29218622.03489253,-9.689781480625856e-15,52142627604.65542
52960.0,-29218622.034892246,0.0,52142627604.65568
52970.0,-29218622.03489217,2.5499424949015412e-15,52142627604.65575
52980.0,-29218622.034892425,-6.119861987763699e-15,52142627604.65551
52990.0,-29218622.034892432,-6.374856237253853e-15,52142627604.6555
53000.0,-29218622.034892514,-9.179792981645549e-15,52142627604.65543
53010.0,-29218622.03489253,-9.689781480625856e-15,52142627604.65542
53020.0,-29218622.03489224,2.549942494901541e-16,52142627604.65568
53030.0,-29218622.034892164,2.8049367443916955e-15,52142627604.65575
53040.0,-29218622.034892417,-5.8648677382735446e-15,52142627604.65552
53050.0,-29218622.034892425,-6.119861987763699e-15,52142627604.65551
53060.0,-29218622.03489251,-9.05229585690047e-15,52142627604.65543
53070.0,-29218622.03489254,-1.0072272854861088e-14,52142627604.65542
53080.0,-29218622.03489224,2.549942494901541e-16,52142627604.655685
53090.0,-29218622.034892164,2.8049367443916955e-15,52142627604.65574
53100.0,-29218622.034892425,-6.119861987763699e-15,52142627604.65551
53110.0,-29218622.03489244,-6.6298504867440075e-15,52142627604.65551
53120.0,-29218622.03489251,-9.05229585690047e-15,52142627604.65543
53130.0,-29218622.03489254,-1.0072272854861088e-14,52142627604.65541
53140.0,-29218622.034892235,3.824913742352312e-16,52142627604.655685
53150.0,-29218622.034892164,2.8049367443916955e-15,52142627604.65575
53160.0,-29218622.03489243,-6.247359112508776e-15,52142627604.65551
53170.0,-29218622.034892436,-6.50235336199893e-15,52142627604.65551
53180.0,-29218622.034892503,-8.797301607410317e-15,52142627604.65544
53190.0,-29218622.034892533,-9.817278605370933e-15,52142627604.65541
53200.0,-29218622.034892242,1.2749712474507706e-16,52142627604.655685
53210.0,-29218622.034892168,2.6774396196466184e-15,52142627604.65574
53220.0,-29218622.034892444,-6.757347611489084e-15,52142627604.65551
53230.0,-29218622.03489243,-6.247359112508776e-15,52142627604.65551
53240.0,-29218622.034892518,-9.307290106390626e-15,52142627604.65543
53250.0,-29218622.034892548,-1.0327267104351242e-14,52142627604.65541
53260.0,-29218622.034892242,1.2749712474507706e-16,52142627604.65568
53270.0,-29218622.034892168,2.6774396196466184e-15,52142627604.65573
53280.0,-29218622.03489243,-6.247359112508776e-15,52142627604.65551
53290.0,-29218622.03489243,-6.247359112508776e-15,52142627604.6555
53300.0,-29218622.034892514,-9.179792981645549e-15,52142627604.65544
53310.0,-29218622.034892537,-9.944775730116011e-15,52142627604.65541
53320.0,-29218622.034892235,3.824913742352312e-16,52142627604.655685
53330.0,-29218622.03489216,2.9324338691367723e-15,52142627604.65575
53340.0,-29218622.034892425,-6.119861987763699e-15,52142627604.65552
53350.0,-29218622.03489244,-6.6298504867440075e-15,52142627604.655495
53360.0,-29218622.034892507,-8.924798732155394e-15,52142627604.65544
53370.0,-29218622.03489253,-9.689781480625856e-15,52142627604.65542
53380.0,-29218622.03489223,5.099884989803082e-16,52142627604.655685
53390.0,-29218622.034892168,2.6774396196466184e-15,52142627604.65574
53400.0,-29218622.034892425,-6.119861987763699e-15,52142627604.65552
53410.0,-29218622.034892432,-6.374856237253853e-15,52142627604.65551
53420.0,-29218622.034892507,-8.924798732155394e-15,52142627604.65544
53430.0,-29218622.034892526,-9.56228435588078e-15,52142627604.655426
53440.0,-29218622.034892224,7.649827484704624e-16,52142627604.65569
53450.0,-29218622.034892164,2.8049367443916955e-15,52142627604.65575
53460.0,-29218622.03489241,-5.609873488783391e-15,52142627604.655525
53470.0,-29218622.034892417,-5.8648677382735446e-15,52142627604.65551
53480.0,-29218622.03489251,-9.05229585690047e-15,52142627604.65544
53490.0,-29218622.034892533,-9.817278605370933e-15,52142627604.65542
53500.0,-29218622.03489224,2.549942494901541e-16,52142627604.65568
53510.0,-29218622.03489217,2.5499424949015412e-15,52142627604.65575
53520.0,-29218622.03489242,-5.992364863018622e-15,52142627604.65551
53530.0,-29218622.03489243,-6.247359112508776e-15,52142627604.65551
53540.0,-29218622.034892503,-8.797301607410317e-15,52142627604.65544
53550.0,-29218622.034892533,-9.817278605370933e-15,52142627604.65542
53560.0,-29218622.034892242,1.2749712474507706e-16,52142627604.65568
53570.0,-29218622.034892168,2.6774396196466184e-15,52142627604.65575
53580.0,-29218622.03489243,-6.247359112508776e-15,52142627604.65551
53590.0,-29218622.034892444,-6.757347611489084e-15,52142627604.6555
53600.0,-29218622.034892503,-8.797301607410317e-15,52142627604.65544
53610.0,-29218622.034892537,-9.944775730116011e-15,52142627604.65541
53620.0,-29218622.034892242,1.2749712474507706e-16,52142627604.655685
53630.0,-29218622.034892168,2.6774396196466184e-15,52142627604.65575
53640.0,-29218622.03489243,-6.247359112508776e-15,52142627604.65551
53650.0,-29218622.03489243,-6.247359112508776e-15,52142627604.6555
53660.0,-29218622.03489252,-9.434787231135703e-15,52142627604.65544
53670.0,-29218622.034892537,-9.944775730116011e-15,52142627604.65542
53680.0,-29218622.034892228,6.374856237253853e-16,52142627604.65568
53690.0,-29218622.034892168,2.6774396196466184e-15,52142627604.65575
53700.0,-29218622.034892432,-6.374856237253853e-15,52142627604.65551
53710.0,-29218622.03489244,-6.6298504867440075e-15,52142627604.655495
53720.0,-29218622.034892507,-8.924798732155394e-15,52142627604.65544
53730.0,-29218622.034892537,-9.944775730116011e-15,52142627604.65541
53740.0,-29218622.03489223,5.099884989803082e-16,52142627604.655685
53750.0,-29218622.03489217,2.5499424949015412e-15,52142627604.65575
53760.0,-29218622.034892432,-6.374856237253853e-15,52142627604.65551
53770.0,-29218622.034892425,-6.119861987763699e-15,52142627604.65551
53780.0,-29218622.034892514,-9.179792981645549e-15,52142627604.65544
53790.0,-29218622.03489254,-1.0072272854861088e-14,52142627604.65541
53800.0,-29218622.03489223,5.099884989803082e-16,52142627604.65569
53810.0,-29218622.034892164,2.8049367443916955e-15,52142627604.65575
53820.0,-29218622.034892425,-6.119861987763699e-15,52142627604.65551
53830.0,-29218622.034892425,-6.119861987763699e-15,52142627604.65551
53840.0,-29218622.034892496,-8.542307357920164e-15,52142627604.65545
53850.0,-29218622.034892533,-9.817278605370933e-15,52142627604.65541
53860.0,-29218622.034892235,3.824913742352312e-16,52142627604.655685
53870.0,-29218622.034892157,3.0599309938818494e-15,52142627604.65575
53880.0,-29218622.034892406,-5.4823763640383135e-15,52142627604.655525
53890.0,-29218622.03489242,-5.992364863018622e-15,52142627604.65551
53900.0,-29218622.034892496,-8.542307357920164e-15,52142627604.65544
53910.0,-29218622.034892526,-9.56228435588078e-15,52142627604.65542
53920.0,-29218622.034892235,3.824913742352312e-16,52142627604.65569
53930.0,-29218622.03489216,2.9324338691367723e-15,52142627604.65575
53940.0,-29218622.03489243,-6.247359112508776e-15,52142627604.65552
53950.0,-29218622.03489243,-6.247359112508776e-15,52142627604.65551
53960.0,-29218622.034892496,-8.542307357920164e-15,52142627604.65544
53970.0,-29218622.03489252,-9.434787231135703e-15,52142627604.655426
53980.0,-29218622.034892228,6.374856237253853e-16,52142627604.65569
53990.0,-29218622.03489216,2.9324338691367723e-15,52142627604.65575
54000.0,-29218622.034892417,-5.8648677382735446e-15,52142627604.655525
54010.0,-29218622.034892425,-6.119861987763699e-15,52142627604.65552
54020.0,-29218622.034892507,-8.924798732155394e-15,52142627604.65544
54030.0,-29218622.03489253,-9.689781480625856e-15,52142627604.65542
54040.0,-29218622.03489223,5.099884989803082e-16,52142627604.65569
54050.0,-29218622.03489216,2.9324338691367723e-15,52142627604.65575
54060.0,-29218622.034892425,-6.119861987763699e-15,52142627604.65552
54070.0,-29218622.034892417,-5.8648677382735446e-15,52142627604.65552
54080.0,-29218622.034892507,-8.924798732155394e-15,52142627604.65544
54090.0,-29218622.03489253,-9.689781480625856e-15,52142627604.655426
54100.0,-29218622.03489223,5.099884989803082e-16,52142627604.65569
54110.0,-29218622.03489217,2.5499424949015412e-15,52142627604.65575
54120.0,-29218622.034892425,-6.119861987763699e-15,52142627604.65551
54130.0,-29218622.034892425,-6.119861987763699e-15,52142627604.65551
54140.0,-29218622.034892503,-8.797301607410317e-15,52142627604.65544
54150.0,-29218622.034892533,-9.817278605370933e-15,52142627604.65542
54160.0,-29218622.034892224,7.649827484704624e-16,52142627604.65569
54170.0,-29218622.034892157,3.0599309938818494e-15,52142627604.65575
54180.0,-29218622.034892406,-5.4823763640383135e-15,52142627604.655525
54190.0,-29218622.03489242,-5.992364863018622e-15,52142627604.65552
54200.0,-29218622.034892496,-8.542307357920164e-15,52142627604.65544
54210.0,-29218622.034892526,-9.56228435588078e-15,52142627604.655426
54220.0,-29218622.034892235,3.824913742352312e-16,52142627604.655685
54230.0,-29218622.03489216,2.9324338691367723e-15,52142627604.65575
54240.0,-29218622.034892414,-5.737370613528468e-15,52142627604.655525
54250.0,-29218622.03489242,-5.992364863018622e-15,52142627604.65552
54260.0,-29218622.034892503,-8.797301607410317e-15,52142627604.65544
54270.0,-29218622.034892533,-9.817278605370933e-15,52142627604.65541
54280.0,-29218622.034892235,3.824913742352312e-16,52142627604.655685
54290.0,-29218622.03489216,2.9324338691367723e-15,52142627604.65575
54300.0,-29218622.034892406,-5.4823763640383135e-15,52142627604.655525
54310.0,-29218622.03489242,-5.992364863018622e-15,52142627604.65552
54320.0,-29218622.0348925,-8.66980448266524e-15,52142627604.65546
54330.0,-29218622.03489253,-9.689781480625856e-15,52142627604.655426
54340.0,-29218622.034892228,6.374856237253853e-16,52142627604.65569
54350.0,-29218622.034892153,3.1874281186269266e-15,52142627604.65576
54360.0,-29218622.034892417,-5.8648677382735446e-15,52142627604.655525
54370.0,-29218622.034892425,-6.119861987763699e-15,52142627604.65552
54380.0,-29218622.0348925,-8.66980448266524e-15,52142627604.65545
54390.0,-29218622.03489253,-9.689781480625856e-15,52142627604.655426
54400.0,-29218622.03489223,5.099884989803082e-16,52142627604.65569
54410.0,-29218622.03489215,3.3149252433720038e-15,52142627604.65576
54420.0,-29218622.034892425,-6.119861987763699e-15,52142627604.655525
54430.0,-29218622.034892425,-6.119861987763699e-15,52142627604.65552
54440.0,-29218622.0348925,-8.66980448266524e-15,52142627604.65544
54450.0,-29218622.03489253,-9.689781480625856e-15,52142627604.655426
54460.0,-29218622.03489223,5.099884989803082e-16,52142627604.65569
54470.0,-29218622.034892157,3.0599309938818494e-15,52142627604.65575
54480.0,-29218622.034892417,-5.8648677382735446e-15,52142627604.65552
54490.0,-29218622.034892425,-6.119861987763699e-15,52142627604.65551
54500.0,-29218622.034892496,-8.542307357920164e-15,52142627604.65546
54510.0,-29218622.034892518,-9.307290106390626e-15,52142627604.655426
54520.0,-29218622.034892224,7.649827484704624e-16,52142627604.65569
54530.0,-29218622.03489214,3.569919492862158e-15,52142627604.65576
54540.0,-29218622.034892414,-5.737370613528468e-15,52142627604.655525
54550.0,-29218622.034892414,-5.737370613528468e-15,52142627604.655525
54560.0,-29218622.034892496,-8.542307357920164e-15,52142627604.65544
54570.0,-29218622.034892526,-9.56228435588078e-15,52142627604.655426
54580.0,-29218622.034892224,7.649827484704624e-16,52142627604.6557
54590.0,-29218622.034892164,2.8049367443916955e-15,52142627604.65575
54600.0,-29218622.034892406,-5.4823763640383135e-15,52142627604.655525
54610.0,-29218622.034892414,-5.737370613528468e-15,52142627604.655525
54620.0,-29218622.034892503,-8.797301607410317e-15,52142627604.65544
54630.0,-29218622.034892518,-9.307290106390626e-15,52142627604.655426
54640.0,-29218622.034892228,6.374856237253853e-16,52142627604.65569
54650.0,-29218622.03489216,2.9324338691367723e-15,52142627604.65575
54660.0,-29218622.03489242,-5.992364863018622e-15,52142627604.65551
54670.0,-29218622.03489243,-6.247359112508776e-15,52142627604.65551
54680.0,-29218622.034892496,-8.542307357920164e-15,52142627604.65544
54690.0,-29218622.034892526,-9.56228435588078e-15,52142627604.65542
54700.0,-29218622.034892235,3.824913742352312e-16,52142627604.65569
54710.0,-29218622.034892168,2.6774396196466184e-15,52142627604.65575
54720.0,-29218622.03489242,-5.992364863018622e-15,52142627604.655525
54730.0,-29218622.034892414,-5.737370613528468e-15,52142627604.65551
54740.0,-29218622.034892503,-8.797301607410317e-15,52142627604.65544
54750.0,-29218622.03489253,-9.689781480625856e-15,52142627604.655426
54760.0,-29218622.034892228,6.374856237253853e-16,52142627604.65569
54770.0,-29218622.034892168,2.6774396196466184e-15,52142627604.65575
54780.0,-29218622.034892414,-5.737370613528468e-15,52142627604.65552
54790.0,-29218622.034892414,-5.737370613528468e-15,52142627604.65551
54800.0,-29218622.034892503,-8.797301607410317e-15,52142627604.65544
54810.0,-29218622.03489253,-9.689781480625856e-15,52142627604.65542
54820.0,-29218622.034892242,1.2749712474507706e-16,52142627604.65568
54830.0,-29218622.034892168,2.6774396196466184e-15,52142627604.65575
54840.0,-29218622.03489242,-5.992364863018622e-15,52142627604.65552
54850.0,-29218622.034892436,-6.50235336199893e-15,52142627604.65551
54860.0,-29218622.034892507,-8.924798732155394e-15,52142627604.65544
54870.0,-29218622.03489253,-9.689781480625856e-15,52142627604.65542
54880.0,-29218622.034892235,3.824913742352312e-16,52142627604.655685
54890.0,-29218622.034892168,2.6774396196466184e-15,52142627604.65575
54900.0,-29218622.034892425,-6.119861987763699e-15,52142627604.655525
54910.0,-29218622.034892436,-6.50235336199893e-15,52142627604.65551
54920.0,-29218622.0348925,-8.66980448266524e-15,52142627604.65544
54930.0,-29218622.034892537,-9.944775730116011e-15,52142627604.655426
54940.0,-29218622.034892228,6.374856237253853e-16,52142627604.65568
54950.0,-29218622.03489216,2.9324338691367723e-15,52142627604.65575
54960.0,-29218622.03489243,-6.247359112508776e-15,52142627604.65551
54970.0,-29218622.034892425,-6.119861987763699e-15,52142627604.65551
54980.0,-29218622.034892514,-9.179792981645549e-15,52142627604.65543
54990.0,-29218622.034892544,-1.0199769979606165e-14,52142627604.65541
55000.0,-29218622.034892235,3.824913742352312e-16,52142627604.655685
55010.0,-29218622.034892168,2.6774396196466184e-15,52142627604.65575
55020.0,-29218622.034892432,-6.374856237253853e-15,52142627604.65551
55030.0,-29218622.034892432,-6.374856237253853e-15,52142627604.65551
55040.0,-29218622.034892514,-9.179792981645549e-15,52142627604.65544
55050.0,-29218622.034892537,-9.944775730116011e-15,52142627604.65541
55060.0,-29218622.03489224,2.549942494901541e-16,52142627604.655685
55070.0,-29218622.03489216,2.9324338691367723e-15,52142627604.65575
55080.0,-29218622.034892425,-6.119861987763699e-15,52142627604.65552
55090.0,-29218622.034892425,-6.119861987763699e-15,52142627604.65551
55100.0,-29218622.034892507,-8.924798732155394e-15,52142627604.65544
55110.0,-29218622.034892537,-9.944775730116011e-15,52142627604.65541
55120.0,-29218622.03489223,5.099884989803082e-16,52142627604.65569
55130.0,-29218622.03489216,2.9324338691367723e-15,52142627604.65575
55140.0,-29218622.034892432,-6.374856237253853e-15,52142627604.65551
55150.0,-29218622.034892432,-6.374856237253853e-15,52142627604.65551
55160.0,-29218622.034892507,-8.924798732155394e-15,52142627604.65544
55170.0,-29218622.034892537,-9.944775730116011e-15,52142627604.65541
55180.0,-29218622.03489224,2.549942494901541e-16,52142627604.655685
55190.0,-29218622.034892168,2.6774396196466184e-15,52142627604.65573
55200.0,-29218622.034892432,-6.374856237253853e-15,52142627604.65551
55210.0,-29218622.034892432,-6.374856237253853e-15,52142627604.65551
55220.0,-29218622.034892507,-8.924798732155394e-15,52142627604.655426
55230.0,-29218622.034892537,-9.944775730116011e-15,52142627604.65541
55240.0,-29218622.034892246,0.0,52142627604.655685
55250.0,-29218622.034892168,2.6774396196466184e-15,52142627604.65574
55260.0,-29218622.034892432,-6.374856237253853e-15,52142627604.65552
55270.0,-29218622.034892432,-6.374856237253853e-15,52142627604.65551
55280.0,-29218622.034892507,-8.924798732155394e-15,52142627604.65543
55290.0,-29218622.034892537,-9.944775730116011e-15,52142627604.65541
55300.0,-29218622.034892246,0.0,52142627604.655685
55310.0,-29218622.034892175,2.422445370156464e-15,52142627604.65574
55320.0,-29218622.034892425,-6.119861987763699e-15,52142627604.65551
55330.0,-29218622.03489244,-6.6298504867440075e-15,52142627604.65551
55340.0,-29218622.034892514,-9.179792981645549e-15,52142627604.65545
55350.0,-29218622.034892537,-9.944775730116011e-15,52142627604.65541
55360.0,-29218622.034892224,7.649827484704624e-16,52142627604.655685
55370.0,-29218622.034892168,2.6774396196466184e-15,52142627604.65574
55380.0,-29218622.034892425,-6.119861987763699e-15,52142627604.655525
55390.0,-29218622.034892432,-6.374856237253853e-15,52142627604.65551
55400.0,-29218622.034892507,-8.924798732155394e-15,52142627604.65545
55410.0,-29218622.034892544,-1.0199769979606165e-14,52142627604.65542
55420.0,-29218622.03489223,5.099884989803082e-16,52142627604.655685
55430.0,-29218622.034892153,3.1874281186269266e-15,52142627604.655754
55440.0,-29218622.034892417,-5.8648677382735446e-15,52142627604.655525
55450.0,-29218622.034892417,-5.8648677382735446e-15,52142627604.655525
55460.0,-29218622.0348925,-8.66980448266524e-15,52142627604.65544
55470.0,-29218622.03489252,-9.434787231135703e-15,52142627604.655426
55480.0,-29218622.034892235,3.824913742352312e-16,52142627604.65569
55490.0,-29218622.03489216,2.9324338691367723e-15,52142627604.65575
55500.0,-29218622.034892425,-6.119861987763699e-15,52142627604.65551
55510.0,-29218622.034892432,-6.374856237253853e-15,52142627604.65551
55520.0,-29218622.0348925,-8.66980448266524e-15,52142627604.65545
55530.0,-29218622.03489253,-9.689781480625856e-15,52142627604.655426
55540.0,-29218622.034892235,3.824913742352312e-16,52142627604.65569
55550.0,-29218622.03489216,2.9324338691367723e-15,52142627604.655754
55560.0,-29218622.034892417,-5.8648677382735446e-15,52142627604.655525
55570.0,-29218622.03489242,-5.992364863018622e-15,52142627604.655525
55580.0,-29218622.034892507,-8.924798732155394e-15,52142627604.65544
55590.0,-29218622.03489253,-9.689781480625856e-15,52142627604.655426
55600.0,-29218622.034892235,3.824913742352312e-16,52142627604.655685
55610.0,-29218622.03489216,2.9324338691367723e-15,52142627604.65575
55620.0,-29218622.034892414,-5.737370613528468e-15,52142627604.65552
55630.0,-29218622.03489243,-6.247359112508776e-15,52142627604.65551
55640.0,-29218622.034892503,-8.797301607410317e-15,52142627604.65544
55650.0,-29218622.034892537,-9.944775730116011e-15,52142627604.65542
55660.0,-29218622.034892228,6.374856237253853e-16,52142627604.65569
55670.0,-29218622.034892168,2.6774396196466184e-15,52142627604.65575
55680.0,-29218622.03489242,-5.992364863018622e-15,52142627604.65552
55690.0,-29218622.03489242,-5.992364863018622e-15,52142627604.65552
55700.0,-29218622.034892503,-8.797301607410317e-15,52142627604.65544
55710.0,-29218622.03489254,-1.0072272854861088e-14,52142627604.65542
55720.0,-29218622.034892235,3.824913742352312e-16,52142627604.65569
55730.0,-29218622.034892168,2.6774396196466184e-15,52142627604.65574
55740.0,-29218622.03489243,-6.247359112508776e-15,52142627604.65551
55750.0,-29218622.03489243,-6.247359112508776e-15,52142627604.65551
55760.0,-29218622.034892503,-8.797301607410317e-15,52142627604.65544
55770.0,-29218622.034892533,-9.817278605370933e-15,52142627604.655426
55780.0,-29218622.034892235,3.824913742352312e-16,52142627604.65569
55790.0,-29218622.03489216,2.9324338691367723e-15,52142627604.65575
55800.0,-29218622.034892414,-5.737370613528468e-15,52142627604.65552
55810.0,-29218622.03489242,-5.992364863018622e-15,52142627604.65551
55820.0,-29218622.034892518,-9.307290106390626e-15,52142627604.65544
55830.0,-29218622.034892526,-9.56228435588078e-15,52142627604.65542
55840.0,-29218622.034892235,3.824913742352312e-16,52142627604.65568
55850.0,-29218622.03489217,2.5499424949015412e-15,52142627604.65575
55860.0,-29218622.03489243,-6.247359112508776e-15,52142627604.65551
55870.0,-29218622.034892436,-6.50235336199893e-15,52142627604.655495
55880.0,-29218622.03489251,-9.05229585690047e-15,52142627604.65543
55890.0,-29218622.034892548,-1.0327267104351242e-14,52142627604.65541
55900.0,-29218622.034892224,7.649827484704624e-16,52142627604.65568
55910.0,-29218622.034892164,2.8049367443916955e-15,52142627604.65575
55920.0,-29218622.034892417,-5.8648677382735446e-15,52142627604.65551
55930.0,-29218622.034892432,-6.374856237253853e-15,52142627604.65551
55940.0,-29218622.034892503,-8.797301607410317e-15,52142627604.65544
55950.0,-29218622.03489254,-1.0072272854861088e-14,52142627604.65541
55960.0,-29218622.03489224,2.549942494901541e-16,52142627604.65568
55970.0,-29218622.03489218,2.2949482454113873e-15,52142627604.65574
55980.0,-29218622.034892425,-6.119861987763699e-15,52142627604.65552
55990.0,-29218622.03489244,-6.6298504867440075e-15,52142627604.65551
56000.0,-29218622.034892507,-8.924798732155394e-15,52142627604.65544
56010.0,-29218622.03489253,-9.689781480625856e-15,52142627604.65541
56020.0,-29218622.03489224,2.549942494901541e-16,52142627604.655685
56030.0,-29218622.034892164,2.8049367443916955e-15,52142627604.65575
56040.0,-29218622.034892425,-6.119861987763699e-15,52142627604.65552
56050.0,-29218622.034892432,-6.374856237253853e-15,52142627604.65551
56060.0,-29218622.034892514,-9.179792981645549e-15,52142627604.65544
56070.0,-29218622.034892537,-9.944775730116011e-15,52142627604.65541
56080.0,-29218622.03489224,2.549942494901541e-16,52142627604.655685
56090.0,-29218622.034892175,2.422445370156464e-15,52142627604.65574
56100.0,-29218622.034892425,-6.119861987763699e-15,52142627604.65552
56110.0,-29218622.034892432,-6.374856237253853e-15,52142627604.65551
56120.0,-29218622.03489252,-9.434787231135703e-15,52142627604.65544
56130.0,-29218622.034892544,-1.0199769979606165e-14,52142627604.65541
56140.0,-29218622.034892235,3.824913742352312e-16,52142627604.655685
56150.0,-29218622.034892175,2.422445370156464e-15,52142627604.65575
56160.0,-29218622.03489243,-6.247359112508776e-15,52142627604.65551
56170.0,-29218622.034892444,-6.757347611489084e-15,52142627604.655495
56180.0,-29218622.03489251,-9.05229585690047e-15,52142627604.655426
56190.0,-29218622.034892548,-1.0327267104351242e-14,52142627604.65541
56200.0,-29218622.03489225,-1.2749712474507706e-16,52142627604.65567
56210.0,-29218622.034892175,2.422445370156464e-15,52142627604.65573
56220.0,-29218622.034892444,-6.757347611489084e-15,52142627604.6555
56230.0,-29218622.03489246,-7.267336110469393e-15,52142627604.655495
56240.0,-29218622.034892518,-9.307290106390626e-15,52142627604.655426
56250.0,-29218622.034892555,-1.0582261353841397e-14,52142627604.65541
56260.0,-29218622.034892257,-3.824913742352312e-16,52142627604.65567
56270.0,-29218622.03489218,2.2949482454113873e-15,52142627604.65573
56280.0,-29218622.03489243,-6.247359112508776e-15,52142627604.655495
56290.0,-29218622.034892436,-6.50235336199893e-15,52142627604.655495
56300.0,-29218622.034892526,-9.56228435588078e-15,52142627604.655426
56310.0,-29218622.034892548,-1.0327267104351242e-14,52142627604.6554
56320.0,-29218622.03489224,2.549942494901541e-16,52142627604.65567
56330.0,-29218622.034892187,2.039953995921233e-15,52142627604.65573
56340.0,-29218622.03489244,-6.6298504867440075e-15,52142627604.65551
56350.0,-29218622.03489244,-6.6298504867440075e-15,52142627604.655495
56360.0,-29218622.034892514,-9.179792981645549e-15,52142627604.655426
56370.0,-29218622.034892544,-1.0199769979606165e-14,52142627604.6554
56380.0,-29218622.034892254,-2.549942494901541e-16,52142627604.65567
56390.0,-29218622.034892183,2.16745112066631e-15,52142627604.65573
56400.0,-29218622.034892447,-6.884844736234161e-15,52142627604.655495
56410.0,-29218622.034892455,-7.139838985724316e-15,52142627604.65549
56420.0,-29218622.034892537,-9.944775730116011e-15,52142627604.65541
56430.0,-29218622.03489255,-1.0454764229096318e-14,52142627604.6554
56440.0,-29218622.03489225,-1.2749712474507706e-16,52142627604.65566
56450.0,-29218622.034892175,2.422445370156464e-15,52142627604.65573
56460.0,-29218622.034892436,-6.50235336199893e-15,52142627604.655495
56470.0,-29218622.034892444,-6.757347611489084e-15,52142627604.655495
56480.0,-29218622.034892526,-9.56228435588078e-15,52142627604.65542
56490.0,-29218622.034892563,-1.083725560333155e-14,52142627604.655396
56500.0,-29218622.034892265,-6.374856237253853e-16,52142627604.65566
56510.0,-29218622.034892183,2.16745112066631e-15,52142627604.65573
56520.0,-29218622.03489245,-7.012341860979239e-15,52142627604.65549
56530.0,-29218622.03489246,-7.267336110469393e-15,52142627604.65549
56540.0,-29218622.034892533,-9.817278605370933e-15,52142627604.65542
56550.0,-29218622.034892548,-1.0327267104351242e-14,52142627604.655396
56560.0,-29218622.034892265,-6.374856237253853e-16,52142627604.65566
56570.0,-29218622.034892194,1.784959746431079e-15,52142627604.65572
56580.0,-29218622.034892444,-6.757347611489084e-15,52142627604.655495
56590.0,-29218622.034892447,-6.884844736234161e-15,52142627604.65549
56600.0,-29218622.034892526,-9.56228435588078e-15,52142627604.655426
56610.0,-29218622.034892548,-1.0327267104351242e-14,52142627604.655396
56620.0,-29218622.034892254,-2.549942494901541e-16,52142627604.65567
56630.0,-29218622.034892194,1.784959746431079e-15,52142627604.65573
56640.0,-29218622.03489244,-6.6298504867440075e-15,52142627604.655495
56650.0,-29218622.034892447,-6.884844736234161e-15,52142627604.65549
56660.0,-29218622.03489252,-9.434787231135703e-15,52142627604.655426
56670.0,-29218622.034892537,-9.944775730116011e-15,52142627604.6554
56680.0,-29218622.034892246,0.0,52142627604.65568
56690.0,-29218622.03489219,1.912456871176156e-15,52142627604.65573
56700.0,-29218622.03489244,-6.6298504867440075e-15,52142627604.65551
56710.0,-29218622.034892455,-7.139838985724316e-15,52142627604.65549
56720.0,-29218622.03489253,-9.689781480625856e-15,52142627604.655426
56730.0,-29218622.03489255,-1.0454764229096318e-14,52142627604.6554
56740.0,-29218622.034892257,-3.824913742352312e-16,52142627604.65566
56750.0,-29218622.034892198,1.6574626216860019e-15,52142627604.65572
56760.0,-29218622.03489245,-7.012341860979239e-15,52142627604.655495
56770.0,-29218622.03489245,-7.012341860979239e-15,52142627604.655495
56780.0,-29218622.034892526,-9.56228435588078e-15,52142627604.655426
56790.0,-29218622.03489255,-1.0454764229096318e-14,52142627604.65541
56800.0,-29218622.03489225,-1.2749712474507706e-16,52142627604.65566
56810.0,-29218622.03489219,1.912456871176156e-15,52142627604.65572
56820.0,-29218622.03489245,-7.012341860979239e-15,52142627604.65549
56830.0,-29218622.03489246,-7.267336110469393e-15,52142627604.65549
56840.0,-29218622.03489254,-1.0072272854861088e-14,52142627604.65541
56850.0,-29218622.034892563,-1.083725560333155e-14,52142627604.65539
56860.0,-29218622.034892265,-6.374856237253853e-16,52142627604.65566
56870.0,-29218622.034892187,2.039953995921233e-15,52142627604.65572
56880.0,-29218622.034892444,-6.757347611489084e-15,52142627604.655495
56890.0,-29218622.03489246,-7.267336110469393e-15,52142627604.65549
56900.0,-29218622.034892526,-9.56228435588078e-15,52142627604.65542
56910.0,-29218622.034892548,-1.0327267104351242e-14,52142627604.6554
56920.0,-29218622.034892254,-2.549942494901541e-16,52142627604.65566
56930.0,-29218622.034892187,2.039953995921233e-15,52142627604.65572
56940.0,-29218622.03489244,-6.6298504867440075e-15,52142627604.655495
56950.0,-29218622.03489244,-6.6298504867440075e-15,52142627604.655495
56960.0,-29218622.034892514,-9.179792981645549e-15,52142627604.655426
56970.0,-29218622.034892544,-1.0199769979606165e-14,52142627604.65541
56980.0,-29218622.03489226,-5.099884989803082e-16,52142627604.65567
56990.0,-29218622.03489219,1.912456871176156e-15,52142627604.65573
57000.0,-29218622.034892447,-6.884844736234161e-15,52142627604.655495
57010.0,-29218622.034892447,-6.884844736234161e-15,52142627604.65549
57020.0,-29218622.03489253,-9.689781480625856e-15,52142627604.65541
57030.0,-29218622.034892567,-1.0964752728076627e-14,52142627604.65538
57040.0,-29218622.034892257,-3.824913742352312e-16,52142627604.65566
57050.0,-29218622.03489219,1.912456871176156e-15,52142627604.65572
57060.0,-29218622.034892444,-6.757347611489084e-15,52142627604.655495
57070.0,-29218622.03489245,-7.012341860979239e-15,52142627604.65549
57080.0,-29218622.03489254,-1.0072272854861088e-14,52142627604.65542
57090.0,-29218622.03489255,-1.0454764229096318e-14,52142627604.655396
57100.0,-29218622.034892257,-3.824913742352312e-16,52142627604.65566
57110.0,-29218622.034892183,2.16745112066631e-15,52142627604.65573
57120.0,-29218622.03489245,-7.012341860979239e-15,52142627604.655495
57130.0,-29218622.03489246,-7.267336110469393e-15,52142627604.65549
57140.0,-29218622.03489254,-1.0072272854861088e-14,52142627604.65541
57150.0,-29218622.034892563,-1.083725560333155e-14,52142627604.655396
57160.0,-29218622.034892265,-6.374856237253853e-16,52142627604.655655
57170.0,-29218622.034892187,2.039953995921233e-15,52142627604.65572
57180.0,-29218622.03489246,-7.267336110469393e-15,52142627604.65549
57190.0,-29218622.03489246,-7.267336110469393e-15,52142627604.65549
57200.0,-29218622.03489254,-1.0072272854861088e-14,52142627604.65542
57210.0,-29218622.034892563,-1.083725560333155e-14,52142627604.655396
57220.0,-29218622.03489226,-5.099884989803082e-16,52142627604.65565
57230.0,-29218622.034892194,1.784959746431079e-15,52142627604.655716
57240.0,-29218622.034892447,-6.884844736234161e-15,52142627604.65549
57250.0,-29218622.034892455,-7.139838985724316e-15,52142627604.65549
57260.0,-29218622.034892537,-9.944775730116011e-15,52142627604.65541
57270.0,-29218622.034892563,-1.083725560333155e-14,52142627604.65539
57280.0,-29218622.03489227,-7.649827484704624e-16,52142627604.65565
57290.0,-29218622.034892187,2.039953995921233e-15,52142627604.65572
57300.0,-29218622.03489244,-6.6298504867440075e-15,52142627604.655495
57310.0,-29218622.034892462,-7.39483323521447e-15,52142627604.65549
57320.0,-29218622.03489253,-9.689781480625856e-15,52142627604.655426
57330.0,-29218622.03489256,-1.0709758478586473e-14,52142627604.65539
57340.0,-29218622.03489226,-5.099884989803082e-16,52142627604.65566
57350.0,-29218622.034892194,1.784959746431079e-15,52142627604.655716
57360.0,-29218622.034892455,-7.139838985724316e-15,52142627604.65549
57370.0,-29218622.034892455,-7.139838985724316e-15,52142627604.65548
57380.0,-29218622.034892537,-9.944775730116011e-15,52142627604.65541
57390.0,-29218622.03489255,-1.0454764229096318e-14,52142627604.655396
57400.0,-29218622.03489227,-7.649827484704624e-16,52142627604.65566
57410.0,-29218622.034892183,2.16745112066631e-15,52142627604.65572
57420.0,-29218622.034892447,-6.884844736234161e-15,52142627604.65549
57430.0,-29218622.034892455,-7.139838985724316e-15,52142627604.65549
57440.0,-29218622.034892537,-9.944775730116011e-15,52142627604.65542
57450.0,-29218622.034892567,-1.0964752728076627e-14,52142627604.65539
57460.0,-29218622.034892265,-6.374856237253853e-16,52142627604.65566
57470.0,-29218622.034892198,1.6574626216860019e-15,52142627604.655716
57480.0,-29218622.034892447,-6.884844736234161e-15,52142627604.65549
57490.0,-29218622.03489245,-7.012341860979239e-15,52142627604.65549
57500.0,-29218622.034892537,-9.944775730116011e-15,52142627604.65542
57510.0,-29218622.034892567,-1.0964752728076627e-14,52142627604.65539
57520.0,-29218622.034892257,-3.824913742352312e-16,52142627604.65566
57530.0,-29218622.034892198,1.6574626216860019e-15,52142627604.655716
57540.0,-29218622.034892444,-6.757347611489084e-15,52142627604.65549
57550.0,-29218622.03489245,-7.012341860979239e-15,52142627604.65549
57560.0,-29218622.034892533,-9.817278605370933e-15,52142627604.65541
57570.0,-29218622.03489256,-1.0709758478586473e-14,52142627604.655396
57580.0,-29218622.034892257,-3.824913742352312e-16,52142627604.65565
57590.0,-29218622.03489219,1.912456871176156e-15,52142627604.65573
57600.0,-29218622.03489245,-7.012341860979239e-15,52142627604.65549
57610.0,-29218622.034892444,-6.757347611489084e-15,52142627604.655495
57620.0,-29218622.034892533,-9.817278605370933e-15,52142627604.65541
57630.0,-29218622.03489255,-1.0454764229096318e-14,52142627604.655396
57640.0,-29218622.034892265,-6.374856237253853e-16,52142627604.65566
57650.0,-29218622.034892183,2.16745112066631e-15,52142627604.655716
57660.0,-29218622.03489245,-7.012341860979239e-15,52142627604.655495
57670.0,-29218622.034892444,-6.757347611489084e-15,52142627604.65549
57680.0,-29218622.034892526,-9.56228435588078e-15,52142627604.65542
57690.0,-29218622.034892555,-1.0582261353841397e-14,52142627604.655396
57700.0,-29218622.034892257,-3.824913742352312e-16,52142627604.65566
57710.0,-29218622.034892183,2.16745112066631e-15,52142627604.65572
57720.0,-29218622.034892444,-6.757347611489084e-15,52142627604.6555
57730.0,-29218622.03489246,-7.267336110469393e-15,52142627604.65549
57740.0,-29218622.03489254,-1.0072272854861088e-14,52142627604.65541
57750.0,-29218622.034892563,-1.083725560333155e-14,52142627604.655396
57760.0,-29218622.034892265,-6.374856237253853e-16,52142627604.65566
57770.0,-29218622.034892187,2.039953995921233e-15,52142627604.655716
57780.0,-29218622.03489246,-7.267336110469393e-15,52142627604.655495
57790.0,-29218622.03489246,-7.267336110469393e-15,52142627604.65549
57800.0,-29218622.034892533,-9.817278605370933e-15,52142627604.65542
57810.0,-29218622.034892563,-1.083725560333155e-14,52142627604.655396
57820.0,-29218622.034892265,-6.374856237253853e-16,52142627604.65566
57830.0,-29218622.034892187,2.039953995921233e-15,52142627604.655716
57840.0,-29218622.03489246,-7.267336110469393e-15,52142627604.65549
57850.0,-29218622.03489246,-7.267336110469393e-15,52142627604.65549
57860.0,-29218622.034892533,-9.817278605370933e-15,52142627604.65541
57870.0,-29218622.034892563,-1.083725560333155e-14,52142627604.65539
57880.0,-29218622.034892265,-6.374856237253853e-16,52142627604.655655
57890.0,-29218622.034892187,2.039953995921233e-15,52142627604.655716
57900.0,-29218622.03489246,-7.267336110469393e-15,52142627604.65549
57910.0,-29218622.03489246,-7.267336110469393e-15,52142627604.65549
57920.0,-29218622.034892533,-9.817278605370933e-15,52142627604.65542
57930.0,-29218622.034892563,-1.083725560333155e-14,52142627604.65539
57940.0,-29218622.034892272,-8.924798732155395e-16,52142627604.65565
57950.0,-29218622.034892187,2.039953995921233e-15,52142627604.655716
57960.0,-29218622.03489246,-7.267336110469393e-15,52142627604.65549
57970.0,-29218622.034892466,-7.522330359959546e-15,52142627604.65548
57980.0,-29218622.03489254,-1.0072272854861088e-14,52142627604.65541
57990.0,-29218622.034892563,-1.083725560333155e-14,52142627604.655396
58000.0,-29218622.034892265,-6.374856237253853e-16,52142627604.65565
58010.0,-29218622.034892205,1.4024683721958478e-15,52142627604.655716
58020.0,-29218622.03489246,-7.267336110469393e-15,52142627604.65549
58030.0,-29218622.034892466,-7.522330359959546e-15,52142627604.65548
58040.0,-29218622.03489254,-1.0072272854861088e-14,52142627604.65541
58050.0,-29218622.03489257,-1.1092249852821704e-14,52142627604.65539
58060.0,-29218622.03489228,-1.1474741227056936e-15,52142627604.65565
58070.0,-29218622.03489221,1.2749712474507706e-15,52142627604.65571
58080.0,-29218622.03489246,-7.267336110469393e-15,52142627604.65549
58090.0,-29218622.034892466,-7.522330359959546e-15,52142627604.65549
58100.0,-29218622.034892548,-1.0327267104351242e-14,52142627604.65541
58110.0,-29218622.034892578,-1.1347244102311859e-14,52142627604.65537
58120.0,-29218622.03489228,-1.1474741227056936e-15,52142627604.65565
58130.0,-29218622.034892213,1.1474741227056936e-15,52142627604.65571
58140.0,-29218622.034892466,-7.522330359959546e-15,52142627604.65547
58150.0,-29218622.034892466,-7.522330359959546e-15,52142627604.65547
58160.0,-29218622.034892555,-1.0582261353841397e-14,52142627604.655396
58170.0,-29218622.034892578,-1.1347244102311859e-14,52142627604.65538
58180.0,-29218622.03489228,-1.1474741227056936e-15,52142627604.65564
58190.0,-29218622.034892213,1.1474741227056936e-15,52142627604.65571
58200.0,-29218622.03489246,-7.267336110469393e-15,52142627604.65549
58210.0,-29218622.034892466,-7.522330359959546e-15,52142627604.65547
58220.0,-29218622.034892555,-1.0582261353841397e-14,52142627604.655396
58230.0,-29218622.03489258,-1.1474741227056936e-14,52142627604.65537
58240.0,-29218622.034892287,-1.4024683721958478e-15,52142627604.65563
58250.0,-29218622.03489222,8.924798732155395e-16,52142627604.6557
58260.0,-29218622.03489246,-7.267336110469393e-15,52142627604.65547
58270.0,-29218622.034892466,-7.522330359959546e-15,52142627604.65547
58280.0,-29218622.03489255,-1.0454764229096318e-14,52142627604.655396
58290.0,-29218622.03489258,-1.1474741227056936e-14,52142627604.65537
58300.0,-29218622.03489228,-1.1474741227056936e-15,52142627604.65565
58310.0,-29218622.034892205,1.4024683721958478e-15,52142627604.65571
58320.0,-29218622.03489247,-7.649827484704623e-15,52142627604.65547
58330.0,-29218622.03489247,-7.649827484704623e-15,52142627604.65547
58340.0,-29218622.034892544,-1.0199769979606165e-14,52142627604.65541
58350.0,-29218622.034892574,-1.1219746977566782e-14,52142627604.65538
58360.0,-29218622.034892276,-1.0199769979606165e-15,52142627604.65565
58370.0,-29218622.034892205,1.4024683721958478e-15,52142627604.65571
58380.0,-29218622.034892462,-7.39483323521447e-15,52142627604.65549
58390.0,-29218622.034892477,-7.904821734194778e-15,52142627604.65547
58400.0,-29218622.034892544,-1.0199769979606165e-14,52142627604.6554
58410.0,-29218622.034892567,-1.0964752728076627e-14,52142627604.65538
58420.0,-29218622.034892276,-1.0199769979606165e-15,52142627604.655655
58430.0,-29218622.0348922,1.5299654969409247e-15,52142627604.65571
58440.0,-29218622.034892462,-7.39483323521447e-15,52142627604.65549
58450.0,-29218622.034892462,-7.39483323521447e-15,52142627604.65549
58460.0,-29218622.034892548,-1.0327267104351242e-14,52142627604.65541
58470.0,-29218622.03489257,-1.1092249852821704e-14,52142627604.65539
58480.0,-29218622.03489226,-5.099884989803082e-16,52142627604.655655
58490.0,-29218622.034892194,1.784959746431079e-15,52142627604.655716
58500.0,-29218622.03489246,-7.267336110469393e-15,52142627604.65549
58510.0,-29218622.034892466,-7.522330359959546e-15,52142627604.65549
58520.0,-29218622.034892548,-1.0327267104351242e-14,52142627604.65541
58530.0,-29218622.034892563,-1.083725560333155e-14,52142627604.65539
58540.0,-29218622.034892272,-8.924798732155395e-16,52142627604.65565
58550.0,-29218622.03489221,1.2749712474507706e-15,52142627604.65571
58560.0,-29218622.03489246,-7.267336110469393e-15,52142627604.65549
58570.0,-29218622.03489246,-7.267336110469393e-15,52142627604.65549
58580.0,-29218622.034892533,-9.817278605370933e-15,52142627604.65542
58590.0,-29218622.03489256,-1.0709758478586473e-14,52142627604.655396
58600.0,-29218622.034892257,-3.824913742352312e-16,52142627604.655655
58610.0,-29218622.034892205,1.4024683721958478e-15,52142627604.65571
58620.0,-29218622.034892444,-6.757347611489084e-15,52142627604.655495
58630.0,-29218622.034892455,-7.139838985724316e-15,52142627604.655495
58640.0,-29218622.034892537,-9.944775730116011e-15,52142627604.65541
58650.0,-29218622.03489256,-1.0709758478586473e-14,52142627604.655396
58660.0,-29218622.034892254,-2.549942494901541e-16,52142627604.65566
58670.0,-29218622.034892198,1.6574626216860019e-15,52142627604.655716
58680.0,-29218622.034892447,-6.884844736234161e-15,52142627604.655495
58690.0,-29218622.034892455,-7.139838985724316e-15,52142627604.65549
58700.0,-29218622.034892537,-9.944775730116011e-15,52142627604.65541
58710.0,-29218622.03489255,-1.0454764229096318e-14,52142627604.655396
58720.0,-29218622.034892276,-1.0199769979606165e-15,52142627604.655655
58730.0,-29218622.034892194,1.784959746431079e-15,52142627604.655716
58740.0,-29218622.03489244,-6.6298504867440075e-15,52142627604.655495
58750.0,-29218622.034892447,-6.884844736234161e-15,52142627604.65549
58760.0,-29218622.034892533,-9.817278605370933e-15,52142627604.65542
58770.0,-29218622.03489257,-1.1092249852821704e-14,52142627604.65539
58780.0,-29218622.03489227,-7.649827484704624e-16,52142627604.65566
58790.0,-29218622.034892187,2.039953995921233e-15,52142627604.65572
58800.0,-29218622.034892444,-6.757347611489084e-15,52142627604.655495
58810.0,-29218622.03489246,-7.267336110469393e-15,52142627604.65549
58820.0,-29218622.034892526,-9.56228435588078e-15,52142627604.655426
58830.0,-29218622.03489257,-1.1092249852821704e-14,52142627604.65539
58840.0,-29218622.034892272,-8.924798732155395e-16,52142627604.65565
58850.0,-29218622.034892194,1.784959746431079e-15,52142627604.65572
58860.0,-29218622.034892466,-7.522330359959546e-15,52142627604.65549
58870.0,-29218622.03489246,-7.267336110469393e-15,52142627604.655495
58880.0,-29218622.034892533,-9.817278605370933e-15,52142627604.655426
58890.0,-29218622.034892563,-1.083725560333155e-14,52142627604.655396
58900.0,-29218622.034892272,-8.924798732155395e-16,52142627604.655655
58910.0,-29218622.03489219,1.912456871176156e-15,52142627604.65572
58920.0,-29218622.034892444,-6.757347611489084e-15,52142627604.655495
58930.0,-29218622.03489245,-7.012341860979239e-15,52142627604.65549
58940.0,-29218622.034892537,-9.944775730116011e-15,52142627604.65542
58950.0,-29218622.03489256,-1.0709758478586473e-14,52142627604.655396
58960.0,-29218622.03489225,-1.2749712474507706e-16,52142627604.65567
58970.0,-29218622.034892198,1.6574626216860019e-15,52142627604.65572
58980.0,-29218622.034892447,-6.884844736234161e-15,52142627604.655495
58990.0,-29218622.034892462,-7.39483323521447e-15,52142627604.65549
59000.0,-29218622.03489253,-9.689781480625856e-15,52142627604.65542
59010.0,-29218622.03489255,-1.0454764229096318e-14,52142627604.65539
59020.0,-29218622.034892276,-1.0199769979606165e-15,52142627604.655655
59030.0,-29218622.034892194,1.784959746431079e-15,52142627604.65572
59040.0,-29218622.034892447,-6.884844736234161e-15,52142627604.655495
59050.0,-29218622.034892447,-6.884844736234161e-15,52142627604.65548
59060.0,-29218622.034892537,-9.944775730116011e-15,52142627604.65541
59070.0,-29218622.03489257,-1.1092249852821704e-14,52142627604.655396
59080.0,-29218622.03489227,-7.649827484704624e-16,52142627604.65566
59090.0,-29218622.0348922,1.5299654969409247e-15,52142627604.655716
59100.0,-29218622.034892466,-7.522330359959546e-15,52142627604.65549
59110.0,-29218622.034892466,-7.522330359959546e-15,52142627604.65549
59120.0,-29218622.03489254,-1.0072272854861088e-14,52142627604.65541
59130.0,-29218622.034892563,-1.083725560333155e-14,52142627604.655396
59140.0,-29218622.034892272,-8.924798732155395e-16,52142627604.655655
59150.0,-29218622.03489219,1.912456871176156e-15,52142627604.65572
59160.0,-29218622.03489245,-7.012341860979239e-15,52142627604.65549
59170.0,-29218622.034892466,-7.522330359959546e-15,52142627604.65549
59180.0,-29218622.034892533,-9.817278605370933e-15,52142627604.65542
59190.0,-29218622.034892563,-1.083725560333155e-14,52142627604.655396
59200.0,-29218622.034892257,-3.824913742352312e-16,52142627604.65566
59210.0,-29218622.03489219,1.912456871176156e-15,52142627604.65572
59220.0,-29218622.03489245,-7.012341860979239e-15,52142627604.65549
59230.0,-29218622.034892444,-6.757347611489084e-15,52142627604.65549
59240.0,-29218622.034892537,-9.944775730116011e-15,52142627604.65542
59250.0,-29218622.03489256,-1.0709758478586473e-14,52142627604.655396
59260.0,-29218622.034892265,-6.374856237253853e-16,52142627604.655655
59270.0,-29218622.034892198,1.6574626216860019e-15,52142627604.65572
59280.0,-29218622.034892455,-7.139838985724316e-15,52142627604.65549
59290.0,-29218622.034892462,-7.39483323521447e-15,52142627604.65548
59300.0,-29218622.034892537,-9.944775730116011e-15,52142627604.65541
59310.0,-29218622.03489256,-1.0709758478586473e-14,52142627604.655396
59320.0,-29218622.034892283,-1.2749712474507706e-15,52142627604.655655
59330.0,-29218622.0348922,1.5299654969409247e-15,52142627604.655716
59340.0,-29218622.034892447,-6.884844736234161e-15,52142627604.65549
59350.0,-29218622.034892447,-6.884844736234161e-15,52142627604.65549
59360.0,-29218622.034892533,-9.817278605370933e-15,52142627604.65542
59370.0,-29218622.034892555,-1.0582261353841397e-14,52142627604.655396
59380.0,-29218622.03489227,-7.649827484704624e-16,52142627604.65565
59390.0,-29218622.034892194,1.784959746431079e-15,52142627604.655716
59400.0,-29218622.03489245,-7.012341860979239e-15,52142627604.65549
59410.0,-29218622.03489246,-7.267336110469393e-15,52142627604.65549
59420.0,-29218622.034892533,-9.817278605370933e-15,52142627604.65542
59430.0,-29218622.034892563,-1.083725560333155e-14,52142627604.655396
59440.0,-29218622.034892265,-6.374856237253853e-16,52142627604.65566
59450.0,-29218622.03489219,1.912456871176156e-15,52142627604.65572
59460.0,-29218622.03489245,-7.012341860979239e-15,52142627604.655495
59470.0,-29218622.03489246,-7.267336110469393e-15,52142627604.65549
59480.0,-29218622.03489254,-1.0072272854861088e-14,52142627604.65542
59490.0,-29218622.034892563,-1.083725560333155e-14,52142627604.655396
59500.0,-29218622.034892272,-8.924798732155395e-16,52142627604.655655
59510.0,-29218622.034892198,1.6574626216860019e-15,52142627604.65572
59520.0,-29218622.03489245,-7.012341860979239e-15,52142627604.65549
59530.0,-29218622.03489246,-7.267336110469393e-15,52142627604.65548
59540.0,-29218622.034892537,-9.944775730116011e-15,52142627604.65542
59550.0,-29218622.03489256,-1.0709758478586473e-14,52142627604.655396
59560.0,-29218622.034892265,-6.374856237253853e-16,52142627604.65565
59570.0,-29218622.034892198,1.6574626216860019e-15,52142627604.655716
59580.0,-29218622.034892447,-6.884844736234161e-15,52142627604.655495
59590.0,-29218622.034892462,-7.39483323521447e-15,52142627604.65548
59600.0,-29218622.034892544,-1.0199769979606165e-14,52142627604.6554
59610.0,-29218622.034892574,-1.1219746977566782e-14,52142627604.65538
59620.0,-29218622.03489227,-7.649827484704624e-16,52142627604.65565
59630.0,-29218622.03489221,1.2749712474507706e-15,52142627604.65571
59640.0,-29218622.034892447,-6.884844736234161e-15,52142627604.655495
59650.0,-29218622.034892447,-6.884844736234161e-15,52142627604.65549
59660.0,-29218622.034892544,-1.0199769979606165e-14,52142627604.65541
59670.0,-29218622.034892555,-1.0582261353841397e-14,52142627604.65539
59680.0,-29218622.03489227,-7.649827484704624e-16,52142627604.655655
59690.0,-29218622.034892194,1.784959746431079e-15,52142627604.655716
59700.0,-29218622.034892455,-7.139838985724316e-15,52142627604.65549
59710.0,-29218622.034892462,-7.39483323521447e-15,52142627604.65548
59720.0,-29218622.034892548,-1.0327267104351242e-14,52142627604.6554
59730.0,-29218622.03489257,-1.1092249852821704e-14,52142627604.65538
59740.0,-29218622.034892276,-1.0199769979606165e-15,52142627604.65565
59750.0,-29218622.0348922,1.5299654969409247e-15,52142627604.655716
59760.0,-29218622.034892466,-7.522330359959546e-15,52142627604.65549
59770.0,-29218622.034892473,-7.7773246094497e-15,52142627604.65548
59780.0,-29218622.034892533,-9.817278605370933e-15,52142627604.65541
59790.0,-29218622.03489257,-1.1092249852821704e-14,52142627604.65539
59800.0,-29218622.034892272,-8.924798732155395e-16,52142627604.65565
59810.0,-29218622.034892205,1.4024683721958478e-15,52142627604.65571
59820.0,-29218622.03489246,-7.267336110469393e-15,52142627604.65549
59830.0,-29218622.034892466,-7.522330359959546e-15,52142627604.65548
59840.0,-29218622.034892548,-1.0327267104351242e-14,52142627604.65541
59850.0,-29218622.034892574,-1.1219746977566782e-14,52142627604.65538
59860.0,-29218622.034892265,-6.374856237253853e-16,52142627604.65565
59870.0,-29218622.034892205,1.4024683721958478e-15,52142627604.65571
59880.0,-29218622.03489246,-7.267336110469393e-15,52142627604.65549
59890.0,-29218622.034892473,-7.7773246094497e-15,52142627604.65547
59900.0,-29218622.03489255,-1.0454764229096318e-14,52142627604.65541
59910.0,-29218622.034892574,-1.1219746977566782e-14,52142627604.65538
59920.0,-29218622.034892265,-6.374856237253853e-16,52142627604.65565
59930.0,-29218622.034892205,1.4024683721958478e-15,52142627604.65571
59940.0,-29218622.03489247,-7.649827484704623e-15,52142627604.65549
59950.0,-29218622.034892462,-7.39483323521447e-15,52142627604.65548
59960.0,-29218622.034892544,-1.0199769979606165e-14,52142627604.65541
59970.0,-29218622.034892567,-1.0964752728076627e-14,52142627604.65538
59980.0,-29218622.03489227,-7.649827484704624e-16,52142627604.65565
59990.0,-29218622.034892213,1.1474741227056936e-15,52142627604.65571
60000.0,-29218622.034892462,-7.39483323521447e-15,52142627604.65548
60010.0,-29218622.03489247,-7.649827484704623e-15,52142627604.65549
60020.0,-29218622.034892537,-9.944775730116011e-15,52142627604.65541
60030.0,-29218622.034892567,-1.0964752728076627e-14,52142627604.655396
60040.0,-29218622.03489227,-7.649827484704624e-16,52142627604.655655
60050.0,-29218622.0348922,1.5299654969409247e-15,52142627604.655716
60060.0,-29218622.034892447,-6.884844736234161e-15,52142627604.65549
60070.0,-29218622.034892462,-7.39483323521447e-15,52142627604.65547
60080.0,-29218622.03489254,-1.0072272854861088e-14,52142627604.65541
60090.0,-29218622.034892563,-1.083725560333155e-14,52142627604.655396
60100.0,-29218622.03489227,-7.649827484704624e-16,52142627604.65565
60110.0,-29218622.034892194,1.784959746431079e-15,52142627604.655716
60120.0,-29218622.03489245,-7.012341860979239e-15,52142627604.65549
60130.0,-29218622.034892466,-7.522330359959546e-15,52142627604.65547
60140.0,-29218622.034892533,-9.817278605370933e-15,52142627604.65541
60150.0,-29218622.034892578,-1.1347244102311859e-14,52142627604.65539
60160.0,-29218622.03489227,-7.649827484704624e-16,52142627604.655655
60170.0,-29218622.0348922,1.5299654969409247e-15,52142627604.655716
60180.0,-29218622.03489246,-7.267336110469393e-15,52142627604.65549
60190.0,-29218622.034892466,-7.522330359959546e-15,52142627604.65549
60200.0,-29218622.034892533,-9.817278605370933e-15,52142627604.65541
60210.0,-29218622.034892578,-1.1347244102311859e-14,52142627604.65539
60220.0,-29218622.03489228,-1.1474741227056936e-15,52142627604.65565
60230.0,-29218622.03489221,1.2749712474507706e-15,52142627604.655716
60240.0,-29218622.03489246,-7.267336110469393e-15,52142627604.65549
60250.0,-29218622.034892466,-7.522330359959546e-15,52142627604.65548
60260.0,-29218622.034892533,-9.817278605370933e-15,52142627604.65541
60270.0,-29218622.034892563,-1.083725560333155e-14,52142627604.65539
60280.0,-29218622.034892265,-6.374856237253853e-16,52142627604.655655
60290.0,-29218622.034892198,1.6574626216860019e-15,52142627604.655716
60300.0,-29218622.034892466,-7.522330359959546e-15,52142627604.655495
60310.0,-29218622.034892466,-7.522330359959546e-15,52142627604.65549
60320.0,-29218622.034892533,-9.817278605370933e-15,52142627604.65541
60330.0,-29218622.03489257,-1.1092249852821704e-14,52142627604.655396
60340.0,-29218622.034892265,-6.374856237253853e-16,52142627604.655655
60350.0,-29218622.034892198,1.6574626216860019e-15,52142627604.655716
60360.0,-29218622.03489245,-7.012341860979239e-15,52142627604.65549
60370.0,-29218622.03489245,-7.012341860979239e-15,52142627604.65549
60380.0,-29218622.034892526,-9.56228435588078e-15,52142627604.655426
60390.0,-29218622.034892563,-1.083725560333155e-14,52142627604.655396
60400.0,-29218622.034892257,-3.824913742352312e-16,52142627604.655655
60410.0,-29218622.03489219,1.912456871176156e-15,52142627604.65573
60420.0,-29218622.034892444,-6.757347611489084e-15,52142627604.655495
60430.0,-29218622.03489245,-7.012341860979239e-15,52142627604.65549
60440.0,-29218622.034892526,-9.56228435588078e-15,52142627604.655426
60450.0,-29218622.034892567,-1.0964752728076627e-14,52142627604.655396
60460.0,-29218622.034892257,-3.824913742352312e-16,52142627604.65566
60470.0,-29218622.034892183,2.16745112066631e-15,52142627604.65573
60480.0,-29218622.034892444,-6.757347611489084e-15,52142627604.655495
60490.0,-29218622.03489246,-7.267336110469393e-15,52142627604.655495
60500.0,-29218622.03489254,-1.0072272854861088e-14,52142627604.65542
60510.0,-29218622.03489256,-1.0709758478586473e-14,52142627604.655396
60520.0,-29218622.034892257,-3.824913742352312e-16,52142627604.65566
60530.0,-29218622.034892183,2.16745112066631e-15,52142627604.65573
60540.0,-29218622.03489246,-7.267336110469393e-15,52142627604.655495
60550.0,-29218622.03489245,-7.012341860979239e-15,52142627604.655495
60560.0,-29218622.034892537,-9.944775730116011e-15,52142627604.655426
60570.0,-29218622.034892567,-1.0964752728076627e-14,52142627604.655396
60580.0,-29218622.034892257,-3.824913742352312e-16,52142627604.655655
60590.0,-29218622.03489219,1.912456871176156e-15,52142627604.65572
60600.0,-29218622.03489246,-7.267336110469393e-15,52142627604.65549
60610.0,-29218622.03489246,-7.267336110469393e-15,52142627604.65549
60620.0,-29218622.034892537,-9.944775730116011e-15,52142627604.655426
60630.0,-29218622.034892574,-1.1219746977566782e-14,52142627604.65539
60640.0,-29218622.034892257,-3.824913742352312e-16,52142627604.65566
60650.0,-29218622.034892198,1.6574626216860019e-15,52142627604.65572
60660.0,-29218622.03489246,-7.267336110469393e-15,52142627604.655495
60670.0,-29218622.03489245,-7.012341860979239e-15,52142627604.65549
60680.0,-29218622.034892537,-9.944775730116011e-15,52142627604.65541
60690.0,-29218622.03489256,-1.0709758478586473e-14,52142627604.655396
60700.0,-29218622.034892257,-3.824913742352312e-16,52142627604.65566
60710.0,-29218622.03489219,1.912456871176156e-15,52142627604.65572
60720.0,-29218622.03489245,-7.012341860979239e-15,52142627604.65549
60730.0,-29218622.03489245,-7.012341860979239e-15,52142627604.65549
60740.0,-29218622.03489254,-1.0072272854861088e-14,52142627604.65541
60750.0,-29218622.03489256,-1.0709758478586473e-14,52142627604.655396
60760.0,-29218622.034892257,-3.824913742352312e-16,52142627604.655655
60770.0,-29218622.034892183,2.16745112066631e-15,52142627604.65572
60780.0,-29218622.034892444,-6.757347611489084e-15,52142627604.655495
60790.0,-29218622.03489245,-7.012341860979239e-15,52142627604.65549
60800.0,-29218622.034892526,-9.56228435588078e-15,52142627604.655426
60810.0,-29218622.03489255,-1.0454764229096318e-14,52142627604.6554
60820.0,-29218622.034892257,-3.824913742352312e-16,52142627604.65566
60830.0,-29218622.034892198,1.6574626216860019e-15,52142627604.655716
60840.0,-29218622.03489245,-7.012341860979239e-15,52142627604.65549
60850.0,-29218622.03489245,-7.012341860979239e-15,52142627604.65549
60860.0,-29218622.034892526,-9.56228435588078e-15,52142627604.65542
60870.0,-29218622.034892563,-1.083725560333155e-14,52142627604.655396
60880.0,-29218622.034892265,-6.374856237253853e-16,52142627604.65566
60890.0,-29218622.034892198,1.6574626216860019e-15,52142627604.65572
60900.0,-29218622.034892444,-6.757347611489084e-15,52142627604.65549
60910.0,-29218622.034892444,-6.757347611489084e-15,52142627604.65549
60920.0,-29218622.034892518,-9.307290106390626e-15,52142627604.655426
60930.0,-29218622.03489255,-1.0454764229096318e-14,52142627604.6554
60940.0,-29218622.034892257,-3.824913742352312e-16,52142627604.65566
60950.0,-29218622.03489219,1.912456871176156e-15,52142627604.65572
60960.0,-29218622.034892436,-6.50235336199893e-15,52142627604.6555
60970.0,-29218622.03489246,-7.267336110469393e-15,52142627604.65549
60980.0,-29218622.034892533,-9.817278605370933e-15,52142627604.65542
60990.0,-29218622.034892563,-1.083725560333155e-14,52142627604.65539
61000.0,-29218622.034892272,-8.924798732155395e-16,52142627604.65566
61010.0,-29218622.034892187,2.039953995921233e-15,52142627604.655716
61020.0,-29218622.034892444,-6.757347611489084e-15,52142627604.6555
61030.0,-29218622.034892444,-6.757347611489084e-15,52142627604.65549
61040.0,-29218622.034892526,-9.56228435588078e-15,52142627604.65542
61050.0,-29218622.03489254,-1.0072272854861088e-14,52142627604.65541
61060.0,-29218622.034892265,-6.374856237253853e-16,52142627604.65566
61070.0,-29218622.034892187,2.039953995921233e-15,52142627604.65572
61080.0,-29218622.03489245,-7.012341860979239e-15,52142627604.65549
61090.0,-29218622.03489245,-7.012341860979239e-15,52142627604.65549
61100.0,-29218622.034892533,-9.817278605370933e-15,52142627604.65542
61110.0,-29218622.034892578,-1.1347244102311859e-14,52142627604.655396
61120.0,-29218622.034892254,-2.549942494901541e-16,52142627604.65566
61130.0,-29218622.034892194,1.784959746431079e-15,52142627604.655716
61140.0,-29218622.034892447,-6.884844736234161e-15,52142627604.65549
61150.0,-29218622.034892462,-7.39483323521447e-15,52142627604.65549
61160.0,-29218622.034892526,-9.56228435588078e-15,52142627604.65542
61170.0,-29218622.034892563,-1.083725560333155e-14,52142627604.655396
61180.0,-29218622.034892254,-2.549942494901541e-16,52142627604.65566
61190.0,-29218622.0348922,1.5299654969409247e-15,52142627604.655716
61200.0,-29218622.034892447,-6.884844736234161e-15,52142627604.655495
61210.0,-29218622.034892455,-7.139838985724316e-15,52142627604.65549
61220.0,-29218622.034892537,-9.944775730116011e-15,52142627604.65541
61230.0,-29218622.03489256,-1.0709758478586473e-14,52142627604.65539
61240.0,-29218622.03489226,-5.099884989803082e-16,52142627604.65566
61250.0,-29218622.034892205,1.4024683721958478e-15,52142627604.655716
61260.0,-29218622.034892447,-6.884844736234161e-15,52142627604.655495
61270.0,-29218622.034892462,-7.39483323521447e-15,52142627604.65549
61280.0,-29218622.03489255,-1.0454764229096318e-14,52142627604.65541
61290.0,-29218622.034892567,-1.0964752728076627e-14,52142627604.655396
61300.0,-29218622.034892265,-6.374856237253853e-16,52142627604.65565
61310.0,-29218622.03489219,1.912456871176156e-15,52142627604.655716
61320.0,-29218622.034892466,-7.522330359959546e-15,52142627604.65549
61330.0,-29218622.034892466,-7.522330359959546e-15,52142627604.65548
61340.0,-29218622.034892544,-1.0199769979606165e-14,52142627604.65541
61350.0,-29218622.034892567,-1.0964752728076627e-14,52142627604.65539
61360.0,-29218622.034892265,-6.374856237253853e-16,52142627604.65566
61370.0,-29218622.034892198,1.6574626216860019e-15,52142627604.655716
61380.0,-29218622.03489245,-7.012341860979239e-15,52142627604.655495
61390.0,-29218622.03489246,-7.267336110469393e-15,52142627604.65548
61400.0,-29218622.03489254,-1.0072272854861088e-14,52142627604.65541
61410.0,-29218622.034892563,-1.083725560333155e-14,52142627604.655396
61420.0,-29218622.034892265,-6.374856237253853e-16,52142627604.655655
61430.0,-29218622.034892198,1.6574626216860019e-15,52142627604.655716
61440.0,-29218622.03489245,-7.012341860979239e-15,52142627604.655495
61450.0,-29218622.03489245,-7.012341860979239e-15,52142627604.655495
61460.0,-29218622.03489254,-1.0072272854861088e-14,52142627604.65541
61470.0,-29218622.034892555,-1.0582261353841397e-14,52142627604.655396
61480.0,-29218622.034892272,-8.924798732155395e-16,52142627604.65565
61490.0,-29218622.034892194,1.784959746431079e-15,52142627604.655716
61500.0,-29218622.03489246,-7.267336110469393e-15,52142627604.65549
61510.0,-29218622.03489246,-7.267336110469393e-15,52142627604.65549
61520.0,-29218622.03489254,-1.0072272854861088e-14,52142627604.65541
61530.0,-29218622.034892563,-1.083725560333155e-14,52142627604.65539
61540.0,-29218622.03489227,-7.649827484704624e-16,52142627604.65566
61550.0,-29218622.03489221,1.2749712474507706e-15,52142627604.655716
61560.0,-29218622.034892447,-6.884844736234161e-15,52142627604.65549
61570.0,-29218622.034892455,-7.139838985724316e-15,52142627604.65549
61580.0,-29218622.03489253,-9.689781480625856e-15,52142627604.65542
61590.0,-29218622.03489256,-1.0709758478586473e-14,52142627604.65539
61600.0,-29218622.03489227,-7.649827484704624e-16,52142627604.655655
61610.0,-29218622.0348922,1.5299654969409247e-15,52142627604.65572
61620.0,-29218622.034892462,-7.39483323521447e-15,52142627604.65549
61630.0,-29218622.03489247,-7.649827484704623e-15,52142627604.65548
61640.0,-29218622.034892537,-9.944775730116011e-15,52142627604.65542
61650.0,-29218622.034892567,-1.0964752728076627e-14,52142627604.65539
61660.0,-29218622.034892265,-6.374856237253853e-16,52142627604.655655
61670.0,-29218622.034892183,2.16745112066631e-15,52142627604.655716
61680.0,-29218622.03489245,-7.012341860979239e-15,52142627604.65549
61690.0,-29218622.03489246,-7.267336110469393e-15,52142627604.65548
61700.0,-29218622.034892544,-1.0199769979606165e-14,52142627604.65541
61710.0,-29218622.03489256,-1.0709758478586473e-14,52142627604.655396
61720.0,-29218622.03489228,-1.1474741227056936e-15,52142627604.65565
61730.0,-29218622.034892205,1.4024683721958478e-15,52142627604.65571
61740.0,-29218622.03489246,-7.267336110469393e-15,52142627604.65549
61750.0,-29218622.03489246,-7.267336110469393e-15,52142627604.65549
61760.0,-29218622.03489254,-1.0072272854861088e-14,52142627604.65541
61770.0,-29218622.03489257,-1.1092249852821704e-14,52142627604.65539
61780.0,-29218622.034892272,-8.924798732155395e-16,52142627604.655655
61790.0,-29218622.0348922,1.5299654969409247e-15,52142627604.655716
61800.0,-29218622.03489246,-7.267336110469393e-15,52142627604.65549
61810.0,-29218622.034892473,-7.7773246094497e-15,52142627604.65548
61820.0,-29218622.034892533,-9.817278605370933e-15,52142627604.65542
61830.0,-29218622.03489257,-1.1092249852821704e-14,52142627604.65538
61840.0,-29218622.03489227,-7.649827484704624e-16,52142627604.655655
61850.0,-29218622.0348922,1.5299654969409247e-15,52142627604.655716
61860.0,-29218622.034892455,-7.139838985724316e-15,52142627604.65549
61870.0,-29218622.034892455,-7.139838985724316e-15,52142627604.65548
61880.0,-29218622.034892537,-9.944775730116011e-15,52142627604.65541
61890.0,-29218622.03489256,-1.0709758478586473e-14,52142627604.65539
61900.0,-29218622.03489226,-5.099884989803082e-16,52142627604.65566
61910.0,-29218622.034892198,1.6574626216860019e-15,52142627604.655716
61920.0,-29218622.034892455,-7.139838985724316e-15,52142627604.65549
61930.0,-29218622.034892462,-7.39483323521447e-15,52142627604.65549
61940.0,-29218622.034892544,-1.0199769979606165e-14,52142627604.65542
61950.0,-29218622.034892567,-1.0964752728076627e-14,52142627604.65539
61960.0,-29218622.034892257,-3.824913742352312e-16,52142627604.65566
61970.0,-29218622.03489219,1.912456871176156e-15,52142627604.655716
61980.0,-29218622.03489245,-7.012341860979239e-15,52142627604.65549
61990.0,-29218622.03489245,-7.012341860979239e-15,52142627604.65549
62000.0,-29218622.034892533,-9.817278605370933e-15,52142627604.65542
62010.0,-29218622.03489255,-1.0454764229096318e-14,52142627604.655396
62020.0,-29218622.034892257,-3.824913742352312e-16,52142627604.65566
62030.0,-29218622.034892198,1.6574626216860019e-15,52142627604.655716
62040.0,-29218622.03489245,-7.012341860979239e-15,52142627604.655495
62050.0,-29218622.03489246,-7.267336110469393e-15,52142627604.65549
62060.0,-29218622.034892533,-9.817278605370933e-15,52142627604.65541
62070.0,-29218622.034892555,-1.0582261353841397e-14,52142627604.655396
62080.0,-29218622.03489226,-5.099884989803082e-16,52142627604.65566
62090.0,-29218622.034892194,1.784959746431079e-15,52142627604.65572
62100.0,-29218622.034892447,-6.884844736234161e-15,52142627604.65549
62110.0,-29218622.034892447,-6.884844736234161e-15,52142627604.65549
62120.0,-29218622.034892533,-9.817278605370933e-15,52142627604.655426
62130.0,-29218622.03489257,-1.1092249852821704e-14,52142627604.655396
62140.0,-29218622.03489226,-5.099884989803082e-16,52142627604.65566
62150.0,-29218622.034892194,1.784959746431079e-15,52142627604.65572
62160.0,-29218622.03489244,-6.6298504867440075e-15,52142627604.655495
62170.0,-29218622.034892455,-7.139838985724316e-15,52142627604.655495
62180.0,-29218622.034892537,-9.944775730116011e-15,52142627604.65542
62190.0,-29218622.03489256,-1.0709758478586473e-14,52142627604.65539
62200.0,-29218622.034892254,-2.549942494901541e-16,52142627604.65566
62210.0,-29218622.03489219,1.912456871176156e-15,52142627604.65572
62220.0,-29218622.034892447,-6.884844736234161e-15,52142627604.6555
62230.0,-29218622.03489245,-7.012341860979239e-15,52142627604.65549
62240.0,-29218622.03489253,-9.689781480625856e-15,52142627604.65542
62250.0,-29218622.03489255,-1.0454764229096318e-14,52142627604.6554
62260.0,-29218622.03489225,-1.2749712474507706e-16,52142627604.65566
62270.0,-29218622.03489219,1.912456871176156e-15,52142627604.65572
62280.0,-29218622.03489245,-7.012341860979239e-15,52142627604.655495
62290.0,-29218622.03489245,-7.012341860979239e-15,52142627604.65549
62300.0,-29218622.034892526,-9.56228435588078e-15,52142627604.655426
62310.0,-29218622.034892548,-1.0327267104351242e-14,52142627604.6554
62320.0,-29218622.034892265,-6.374856237253853e-16,52142627604.65566
62330.0,-29218622.03489218,2.2949482454113873e-15,52142627604.65573
62340.0,-29218622.03489246,-7.267336110469393e-15,52142627604.6555
62350.0,-29218622.03489245,-7.012341860979239e-15,52142627604.655495
62360.0,-29218622.034892526,-9.56228435588078e-15,52142627604.655426
62370.0,-29218622.034892555,-1.0582261353841397e-14,52142627604.6554
62380.0,-29218622.034892254,-2.549942494901541e-16,52142627604.65566
62390.0,-29218622.034892194,1.784959746431079e-15,52142627604.655716
62400.0,-29218622.034892432,-6.374856237253853e-15,52142627604.6555
62410.0,-29218622.034892447,-6.884844736234161e-15,52142627604.65549
62420.0,-29218622.03489252,-9.434787231135703e-15,52142627604.655426
62430.0,-29218622.03489255,-1.0454764229096318e-14,52142627604.655396
62440.0,-29218622.03489226,-5.099884989803082e-16,52142627604.65566
62450.0,-29218622.034892198,1.6574626216860019e-15,52142627604.655716
62460.0,-29218622.03489244,-6.6298504867440075e-15,52142627604.655495
62470.0,-29218622.034892447,-6.884844736234161e-15,52142627604.655495
62480.0,-29218622.03489253,-9.689781480625856e-15,52142627604.65542
62490.0,-29218622.034892544,-1.0199769979606165e-14,52142627604.655396
62500.0,-29218622.03489225,-1.2749712474507706e-16,52142627604.65567
62510.0,-29218622.03489219,1.912456871176156e-15,52142627604.65572
62520.0,-29218622.034892444,-6.757347611489084e-15,52142627604.655495
62530.0,-29218622.03489246,-7.267336110469393e-15,52142627604.65549
62540.0,-29218622.034892533,-9.817278605370933e-15,52142627604.65542
62550.0,-29218622.03489255,-1.0454764229096318e-14,52142627604.655396
62560.0,-29218622.034892257,-3.824913742352312e-16,52142627604.65566
62570.0,-29218622.034892183,2.16745112066631e-15,52142627604.65572
62580.0,-29218622.03489245,-7.012341860979239e-15,52142627604.65549
62590.0,-29218622.03489245,-7.012341860979239e-15,52142627604.65549
62600.0,-29218622.034892533,-9.817278605370933e-15,52142627604.655426
62610.0,-29218622.034892555,-1.0582261353841397e-14,52142627604.655396
62620.0,-29218622.034892257,-3.824913742352312e-16,52142627604.65566
62630.0,-29218622.03489218,2.2949482454113873e-15,52142627604.65572
62640.0,-29218622.034892444,-6.757347611489084e-15,52142627604.655495
62650.0,-29218622.03489245,-7.012341860979239e-15,52142627604.655495
62660.0,-29218622.034892518,-9.307290106390626e-15,52142627604.655426
62670.0,-29218622.034892555,-1.0582261353841397e-14,52142627604.6554
62680.0,-29218622.03489226,-5.099884989803082e-16,52142627604.65566
62690.0,-29218622.03489218,2.2949482454113873e-15,52142627604.65572
62700.0,-29218622.034892447,-6.884844736234161e-15,52142627604.655495
62710.0,-29218622.034892455,-7.139838985724316e-15,52142627604.655495
62720.0,-29218622.03489253,-9.689781480625856e-15,52142627604.655426
62730.0,-29218622.03489255,-1.0454764229096318e-14,52142627604.6554
62740.0,-29218622.03489226,-5.099884989803082e-16,52142627604.65566
62750.0,-29218622.034892194,1.784959746431079e-15,52142627604.65572
62760.0,-29218622.034892432,-6.374856237253853e-15,52142627604.6555
62770.0,-29218622.03489244,-6.6298504867440075e-15,52142627604.65549
62780.0,-29218622.03489252,-9.434787231135703e-15,52142627604.655426
62790.0,-29218622.03489255,-1.0454764229096318e-14,52142627604.655396
62800.0,-29218622.034892265,-6.374856237253853e-16,52142627604.65566
62810.0,-29218622.03489219,1.912456871176156e-15,52142627604.65572
62820.0,-29218622.03489244,-6.6298504867440075e-15,52142627604.655495
62830.0,-29218622.034892455,-7.139838985724316e-15,52142627604.65549
62840.0,-29218622.03489253,-9.689781480625856e-15,52142627604.655426
62850.0,-29218622.03489256,-1.0709758478586473e-14,52142627604.655396
62860.0,-29218622.034892242,1.2749712474507706e-16,52142627604.65566
62870.0,-29218622.034892183,2.16745112066631e-15,52142627604.65572
62880.0,-29218622.034892436,-6.50235336199893e-15,52142627604.655495
62890.0,-29218622.034892444,-6.757347611489084e-15,52142627604.65549
62900.0,-29218622.034892533,-9.817278605370933e-15,52142627604.65541
62910.0,-29218622.03489256,-1.0709758478586473e-14,52142627604.655396
62920.0,-29218622.034892257,-3.824913742352312e-16,52142627604.65566
62930.0,-29218622.03489219,1.912456871176156e-15,52142627604.65572
62940.0,-29218622.034892444,-6.757347611489084e-15,52142627604.655495
62950.0,-29218622.03489245,-7.012341860979239e-15,52142627604.65549
62960.0,-29218622.034892526,-9.56228435588078e-15,52142627604.65542
62970.0,-29218622.034892548,-1.0327267104351242e-14,52142627604.655396
62980.0,-29218622.034892257,-3.824913742352312e-16,52142627604.65566
62990.0,-29218622.034892175,2.422445370156464e-15,52142627604.65572
63000.0,-29218622.034892444,-6.757347611489084e-15,52142627604.655495
63010.0,-29218622.034892444,-6.757347611489084e-15,52142627604.655495
63020.0,-29218622.034892533,-9.817278605370933e-15,52142627604.655426
63030.0,-29218622.034892548,-1.0327267104351242e-14,52142627604.655396
63040.0,-29218622.03489225,-1.2749712474507706e-16,52142627604.65566
63050.0,-29218622.034892187,2.039953995921233e-15,52142627604.65572
63060.0,-29218622.03489246,-7.267336110469393e-15,52142627604.655495
63070.0,-29218622.03489246,-7.267336110469393e-15,52142627604.65549
63080.0,-29218622.034892533,-9.817278605370933e-15,52142627604.655426
63090.0,-29218622.034892555,-1.0582261353841397e-14,52142627604.655396
63100.0,-29218622.034892254,-2.549942494901541e-16,52142627604.655655
63110.0,-29218622.034892187,2.039953995921233e-15,52142627604.655716
63120.0,-29218622.034892455,-7.139838985724316e-15,52142627604.655495
63130.0,-29218622.03489246,-7.267336110469393e-15,52142627604.65549
63140.0,-29218622.034892548,-1.0327267104351242e-14,52142627604.65541
63150.0,-29218622.034892555,-1.0582261353841397e-14,52142627604.655396
63160.0,-29218622.03489227,-7.649827484704624e-16,52142627604.655655
63170.0,-29218622.034892187,2.039953995921233e-15,52142627604.65573
63180.0,-29218622.034892447,-6.884844736234161e-15,52142627604.655495
63190.0,-29218622.034892455,-7.139838985724316e-15,52142627604.65549
63200.0,-29218622.034892544,-1.0199769979606165e-14,52142627604.65541
63210.0,-29218622.03489257,-1.1092249852821704e-14,52142627604.65539
63220.0,-29218622.03489227,-7.649827484704624e-16,52142627604.655655
63230.0,-29218622.0348922,1.5299654969409247e-15,52142627604.655716
63240.0,-29218622.034892447,-6.884844736234161e-15,52142627604.65549
63250.0,-29218622.034892462,-7.39483323521447e-15,52142627604.65549
63260.0,-29218622.03489255,-1.0454764229096318e-14,52142627604.65541
63270.0,-29218622.034892567,-1.0964752728076627e-14,52142627604.65538
63280.0,-29218622.034892276,-1.0199769979606165e-15,52142627604.65565
63290.0,-29218622.0348922,1.5299654969409247e-15,52142627604.655716
63300.0,-29218622.034892455,-7.139838985724316e-15,52142627604.65549
63310.0,-29218622.03489247,-7.649827484704623e-15,52142627604.65547
63320.0,-29218622.03489253,-9.689781480625856e-15,52142627604.65542
63330.0,-29218622.034892567,-1.0964752728076627e-14,52142627604.65539
63340.0,-29218622.03489226,-5.099884989803082e-16,52142627604.655655
63350.0,-29218622.0348922,1.5299654969409247e-15,52142627604.655716
63360.0,-29218622.034892462,-7.39483323521447e-15,52142627604.65549
63370.0,-29218622.034892462,-7.39483323521447e-15,52142627604.65548
63380.0,-29218622.03489256,-1.0709758478586473e-14,52142627604.6554
63390.0,-29218622.034892574,-1.1219746977566782e-14,52142627604.65538
63400.0,-29218622.034892276,-1.0199769979606165e-15,52142627604.655655
63410.0,-29218622.0348922,1.5299654969409247e-15,52142627604.655716
63420.0,-29218622.034892462,-7.39483323521447e-15,52142627604.65548
63430.0,-29218622.034892455,-7.139838985724316e-15,52142627604.65549
63440.0,-29218622.034892537,-9.944775730116011e-15,52142627604.65541
63450.0,-29218622.03489256,-1.0709758478586473e-14,52142627604.655396
63460.0,-29218622.03489226,-5.099884989803082e-16,52142627604.65566
63470.0,-29218622.034892194,1.784959746431079e-15,52142627604.655716
63480.0,-29218622.034892455,-7.139838985724316e-15,52142627604.65549
63490.0,-29218622.034892455,-7.139838985724316e-15,52142627604.65549
63500.0,-29218622.034892537,-9.944775730116011e-15,52142627604.65541
63510.0,-29218622.034892574,-1.1219746977566782e-14,52142627604.65539
63520.0,-29218622.03489227,-7.649827484704624e-16,52142627604.655655
63530.0,-29218622.0348922,1.5299654969409247e-15,52142627604.65571
63540.0,-29218622.034892455,-7.139838985724316e-15,52142627604.65549
63550.0,-29218622.034892462,-7.39483323521447e-15,52142627604.65548
63560.0,-29218622.03489255,-1.0454764229096318e-14,52142627604.6554
63570.0,-29218622.03489257,-1.1092249852821704e-14,52142627604.65539
63580.0,-29218622.03489227,-7.649827484704624e-16,52142627604.655655
63590.0,-29218622.0348922,1.5299654969409247e-15,52142627604.655716
63600.0,-29218622.034892462,-7.39483323521447e-15,52142627604.65549
63610.0,-29218622.034892462,-7.39483323521447e-15,52142627604.65548
63620.0,-29218622.034892544,-1.0199769979606165e-14,52142627604.65542
63630.0,-29218622.034892574,-1.1219746977566782e-14,52142627604.65538
63640.0,-29218622.03489227,-7.649827484704624e-16,52142627604.655655
63650.0,-29218622.0348922,1.5299654969409247e-15,52142627604.655716
63660.0,-29218622.034892462,-7.39483323521447e-15,52142627604.65549
63670.0,-29218622.034892462,-7.39483323521447e-15,52142627604.65548
63680.0,-29218622.034892544,-1.0199769979606165e-14,52142627604.6554
63690.0,-29218622.034892578,-1.1347244102311859e-14,52142627604.65539
63700.0,-29218622.03489227,-7.649827484704624e-16,52142627604.65566
63710.0,-29218622.034892187,2.039953995921233e-15,52142627604.655716
63720.0,-29218622.03489247,-7.649827484704623e-15,52142627604.65548
63730.0,-29218622.03489247,-7.649827484704623e-15,52142627604.65547
63740.0,-29218622.034892548,-1.0327267104351242e-14,52142627604.65541
63750.0,-29218622.034892578,-1.1347244102311859e-14,52142627604.65538
63760.0,-29218622.03489227,-7.649827484704624e-16,52142627604.655655
63770.0,-29218622.034892194,1.784959746431079e-15,52142627604.655716
63780.0,-29218622.03489246,-7.267336110469393e-15,52142627604.65548
63790.0,-29218622.03489247,-7.649827484704623e-15,52142627604.65548
63800.0,-29218622.034892548,-1.0327267104351242e-14,52142627604.65541
63810.0,-29218622.034892585,-1.1602238351802012e-14,52142627604.65538
63820.0,-29218622.03489227,-7.649827484704624e-16,52142627604.655655
63830.0,-29218622.034892194,1.784959746431079e-15,52142627604.655716
63840.0,-29218622.034892466,-7.522330359959546e-15,52142627604.65548
63850.0,-29218622.034892466,-7.522330359959546e-15,52142627604.65548
63860.0,-29218622.034892533,-9.817278605370933e-15,52142627604.65541
63870.0,-29218622.034892563,-1.083725560333155e-14,52142627604.655396
63880.0,-29218622.034892265,-6.374856237253853e-16,52142627604.655655
63890.0,-29218622.034892198,1.6574626216860019e-15,52142627604.655716
63900.0,-29218622.034892444,-6.757347611489084e-15,52142627604.655495
63910.0,-29218622.03489246,-7.267336110469393e-15,52142627604.65549
63920.0,-29218622.034892533,-9.817278605370933e-15,52142627604.655426
63930.0,-29218622.03489255,-1.0454764229096318e-14,52142627604.655396
63940.0,-29218622.034892257,-3.824913742352312e-16,52142627604.655655
63950.0,-29218622.034892205,1.4024683721958478e-15,52142627604.655716
63960.0,-29218622.03489245,-7.012341860979239e-15,52142627604.655495
63970.0,-29218622.03489246,-7.267336110469393e-15,52142627604.65548
63980.0,-29218622.034892544,-1.0199769979606165e-14,52142627604.65542
63990.0,-29218622.03489256,-1.0709758478586473e-14,52142627604.65539
64000.0,-29218622.034892265,-6.374856237253853e-16,52142627604.65566
64010.0,-29218622.03489219,1.912456871176156e-15,52142627604.655716
64020.0,-29218622.034892447,-6.884844736234161e-15,52142627604.655495
64030.0,-29218622.034892462,-7.39483323521447e-15,52142627604.65548
64040.0,-29218622.03489253,-9.689781480625856e-15,52142627604.65542
64050.0,-29218622.034892567,-1.0964752728076627e-14,52142627604.65538
64060.0,-29218622.03489227,-7.649827484704624e-16,52142627604.655655
64070.0,-29218622.034892194,1.784959746431079e-15,52142627604.655716
64080.0,-29218622.034892447,-6.884844736234161e-15,52142627604.65549
64090.0,-29218622.03489244,-6.6298504867440075e-15,52142627604.65549
64100.0,-29218622.03489253,-9.689781480625856e-15,52142627604.655426
64110.0,-29218622.03489256,-1.0709758478586473e-14,52142627604.655396
64120.0,-29218622.034892254,-2.549942494901541e-16,52142627604.65566
64130.0,-29218622.034892187,2.039953995921233e-15,52142627604.65573
64140.0,-29218622.034892455,-7.139838985724316e-15,52142627604.65549
64150.0,-29218622.034892447,-6.884844736234161e-15,52142627604.65549
64160.0,-29218622.034892533,-9.817278605370933e-15,52142627604.655426
64170.0,-29218622.03489257,-1.1092249852821704e-14,52142627604.65539
64180.0,-29218622.034892276,-1.0199769979606165e-15,52142627604.655655
64190.0,-29218622.034892187,2.039953995921233e-15,52142627604.655716
64200.0,-29218622.03489246,-7.267336110469393e-15,52142627604.65549
64210.0,-29218622.03489246,-7.267336110469393e-15,52142627604.65549
64220.0,-29218622.034892548,-1.0327267104351242e-14,52142627604.65541
64230.0,-29218622.034892563,-1.083725560333155e-14,52142627604.65539
64240.0,-29218622.034892272,-8.924798732155395e-16,52142627604.65565
64250.0,-29218622.034892187,2.039953995921233e-15,52142627604.655716
64260.0,-29218622.034892444,-6.757347611489084e-15,52142627604.65549
64270.0,-29218622.03489245,-7.012341860979239e-15,52142627604.65549
64280.0,-29218622.034892533,-9.817278605370933e-15,52142627604.65542
64290.0,-29218622.03489256,-1.0709758478586473e-14,52142627604.655396
64300.0,-29218622.034892257,-3.824913742352312e-16,52142627604.65566
64310.0,-29218622.034892198,1.6574626216860019e-15,52142627604.65572
64320.0,-29218622.034892444,-6.757347611489084e-15,52142627604.655495
64330.0,-29218622.034892447,-6.884844736234161e-15,52142627604.65549
64340.0,-29218622.034892537,-9.944775730116011e-15,52142627604.655426
64350.0,-29218622.03489255,-1.0454764229096318e-14,52142627604.655396
64360.0,-29218622.034892257,-3.824913742352312e-16,52142627604.65566
64370.0,-29218622.03489219,1.912456871176156e-15,52142627604.65572
64380.0,-29218622.03489244,-6.6298504867440075e-15,52142627604.6555
64390.0,-29218622.034892455,-7.139838985724316e-15,52142627604.655495
64400.0,-29218622.03489253,-9.689781480625856e-15,52142627604.655426
64410.0,-29218622.034892544,-1.0199769979606165e-14,52142627604.6554
64420.0,-29218622.034892254,-2.549942494901541e-16,52142627604.65567
64430.0,-29218622.03489218,2.2949482454113873e-15,52142627604.65574
64440.0,-29218622.034892432,-6.374856237253853e-15,52142627604.6555
64450.0,-29218622.034892447,-6.884844736234161e-15,52142627604.655495
64460.0,-29218622.034892518,-9.307290106390626e-15,52142627604.655426
64470.0,-29218622.03489254,-1.0072272854861088e-14,52142627604.65541
64480.0,-29218622.034892246,0.0,52142627604.65567
64490.0,-29218622.03489218,2.2949482454113873e-15,52142627604.65573
64500.0,-29218622.034892436,-6.50235336199893e-15,52142627604.65551
64510.0,-29218622.034892436,-6.50235336199893e-15,52142627604.6555
64520.0,-29218622.034892503,-8.797301607410317e-15,52142627604.65543
64530.0,-29218622.034892548,-1.0327267104351242e-14,52142627604.65541
64540.0,-29218622.03489225,-1.2749712474507706e-16,52142627604.65568
64550.0,-29218622.034892175,2.422445370156464e-15,52142627604.65574
64560.0,-29218622.034892436,-6.50235336199893e-15,52142627604.65551
64570.0,-29218622.034892436,-6.50235336199893e-15,52142627604.6555
64580.0,-29218622.034892526,-9.56228435588078e-15,52142627604.65543
64590.0,-29218622.034892537,-9.944775730116011e-15,52142627604.65541
64600.0,-29218622.034892235,3.824913742352312e-16,52142627604.65568
64610.0,-29218622.034892168,2.6774396196466184e-15,52142627604.65574
64620.0,-29218622.034892432,-6.374856237253853e-15,52142627604.65551
64630.0,-29218622.034892432,-6.374856237253853e-15,52142627604.6555
64640.0,-29218622.034892514,-9.179792981645549e-15,52142627604.65543
64650.0,-29218622.034892537,-9.944775730116011e-15,52142627604.65541
64660.0,-29218622.03489224,2.549942494901541e-16,52142627604.65568
64670.0,-29218622.034892175,2.422445370156464e-15,52142627604.65573
64680.0,-29218622.034892432,-6.374856237253853e-15,52142627604.65551
64690.0,-29218622.034892432,-6.374856237253853e-15,52142627604.6555
64700.0,-29218622.034892507,-8.924798732155394e-15,52142627604.65544
64710.0,-29218622.034892533,-9.817278605370933e-15,52142627604.65541
64720.0,-29218622.034892246,0.0,52142627604.65568
64730.0,-29218622.03489217,2.5499424949015412e-15,52142627604.65574
64740.0,-29218622.03489243,-6.247359112508776e-15,52142627604.65551
64750.0,-29218622.03489242,-5.992364863018622e-15,52142627604.65551
64760.0,-29218622.03489251,-9.05229585690047e-15,52142627604.65543
64770.0,-29218622.034892548,-1.0327267104351242e-14,52142627604.65541
64780.0,-29218622.034892257,-3.824913742352312e-16,52142627604.65568
64790.0,-29218622.034892168,2.6774396196466184e-15,52142627604.65575
64800.0,-29218622.034892436,-6.50235336199893e-15,52142627604.65551
64810.0,-29218622.034892444,-6.757347611489084e-15,52142627604.6555
64820.0,-29218622.034892503,-8.797301607410317e-15,52142627604.65543
64830.0,-29218622.034892548,-1.0327267104351242e-14,52142627604.65541
64840.0,-29218622.034892242,1.2749712474507706e-16,52142627604.65568
64850.0,-29218622.034892175,2.422445370156464e-15,52142627604.65574
64860.0,-29218622.034892444,-6.757347611489084e-15,52142627604.6555
64870.0,-29218622.034892436,-6.50235336199893e-15,52142627604.65551
64880.0,-29218622.034892514,-9.179792981645549e-15,52142627604.65544
64890.0,-29218622.034892537,-9.944775730116011e-15,52142627604.65541
64900.0,-29218622.03489224,2.549942494901541e-16,52142627604.65568
64910.0,-29218622.034892168,2.6774396196466184e-15,52142627604.65574
64920.0,-29218622.034892425,-6.119861987763699e-15,52142627604.65551
64930.0,-29218622.034892432,-6.374856237253853e-15,52142627604.65551
64940.0,-29218622.03489252,-9.434787231135703e-15,52142627604.65543
64950.0,-29218622.034892533,-9.817278605370933e-15,52142627604.65542
64960.0,-29218622.034892224,7.649827484704624e-16,52142627604.65569
64970.0,-29218622.03489217,2.5499424949015412e-15,52142627604.65575
64980.0,-29218622.034892417,-5.8648677382735446e-15,52142627604.65551
64990.0,-29218622.03489243,-6.247359112508776e-15,52142627604.65551
65000.0,-29218622.034892503,-8.797301607410317e-15,52142627604.65544
65010.0,-29218622.034892533,-9.817278605370933e-15,52142627604.65541
65020.0,-29218622.034892242,1.2749712474507706e-16,52142627604.655685
65030.0,-29218622.034892164,2.8049367443916955e-15,52142627604.65575
65040.0,-29218622.03489243,-6.247359112508776e-15,52142627604.65551
65050.0,-29218622.03489242,-5.992364863018622e-15,52142627604.65551
65060.0,-29218622.034892503,-8.797301607410317e-15,52142627604.65543
65070.0,-29218622.034892533,-9.817278605370933e-15,52142627604.65542
65080.0,-29218622.034892242,1.2749712474507706e-16,52142627604.65568
65090.0,-29218622.034892175,2.422445370156464e-15,52142627604.65574
65100.0,-29218622.034892436,-6.50235336199893e-15,52142627604.65551
65110.0,-29218622.034892444,-6.757347611489084e-15,52142627604.6555
65120.0,-29218622.034892518,-9.307290106390626e-15,52142627604.655426
65130.0,-29218622.034892544,-1.0199769979606165e-14,52142627604.65541
65140.0,-29218622.034892257,-3.824913742352312e-16,52142627604.65566
65150.0,-29218622.034892175,2.422445370156464e-15,52142627604.65574
65160.0,-29218622.03489243,-6.247359112508776e-15,52142627604.65551
65170.0,-29218622.034892444,-6.757347611489084e-15,52142627604.6555
65180.0,-29218622.03489253,-9.689781480625856e-15,52142627604.655426
65190.0,-29218622.034892544,-1.0199769979606165e-14,52142627604.65541
65200.0,-29218622.03489225,-1.2749712474507706e-16,52142627604.65566
65210.0,-29218622.034892175,2.422445370156464e-15,52142627604.65573
65220.0,-29218622.03489244,-6.6298504867440075e-15,52142627604.65551
65230.0,-29218622.034892455,-7.139838985724316e-15,52142627604.655495
65240.0,-29218622.03489252,-9.434787231135703e-15,52142627604.655426
65250.0,-29218622.03489255,-1.0454764229096318e-14,52142627604.6554
65260.0,-29218622.034892254,-2.549942494901541e-16,52142627604.65567
65270.0,-29218622.034892187,2.039953995921233e-15,52142627604.65573
65280.0,-29218622.03489244,-6.6298504867440075e-15,52142627604.655495
65290.0,-29218622.034892455,-7.139838985724316e-15,52142627604.65549
65300.0,-29218622.034892526,-9.56228435588078e-15,52142627604.655426
65310.0,-29218622.034892548,-1.0327267104351242e-14,52142627604.6554
65320.0,-29218622.034892246,0.0,52142627604.65568
65330.0,-29218622.034892194,1.784959746431079e-15,52142627604.65573
65340.0,-29218622.03489243,-6.247359112508776e-15,52142627604.6555
65350.0,-29218622.034892444,-6.757347611489084e-15,52142627604.655495
65360.0,-29218622.034892518,-9.307290106390626e-15,52142627604.655426
65370.0,-29218622.034892548,-1.0327267104351242e-14,52142627604.6554
65380.0,-29218622.034892254,-2.549942494901541e-16,52142627604.65566
65390.0,-29218622.034892194,1.784959746431079e-15,52142627604.65572
65400.0,-29218622.034892444,-6.757347611489084e-15,52142627604.655495
65410.0,-29218622.034892436,-6.50235336199893e-15,52142627604.655495
65420.0,-29218622.034892518,-9.307290106390626e-15,52142627604.65543
65430.0,-29218622.034892555,-1.0582261353841397e-14,52142627604.6554
65440.0,-29218622.034892257,-3.824913742352312e-16,52142627604.65568
65450.0,-29218622.03489219,1.912456871176156e-15,52142627604.65572
65460.0,-29218622.03489245,-7.012341860979239e-15,52142627604.655495
65470.0,-29218622.03489245,-7.012341860979239e-15,52142627604.65549
65480.0,-29218622.034892518,-9.307290106390626e-15,52142627604.655426
65490.0,-29218622.034892555,-1.0582261353841397e-14,52142627604.655396
65500.0,-29218622.034892265,-6.374856237253853e-16,52142627604.65566
65510.0,-29218622.034892183,2.16745112066631e-15,52142627604.65573
65520.0,-29218622.034892436,-6.50235336199893e-15,52142627604.6555
65530.0,-29218622.034892444,-6.757347611489084e-15,52142627604.655495
65540.0,-29218622.03489253,-9.689781480625856e-15,52142627604.655426
65550.0,-29218622.03489256,-1.0709758478586473e-14,52142627604.655396
65560.0,-29218622.034892265,-6.374856237253853e-16,52142627604.655655
65570.0,-29218622.03489219,1.912456871176156e-15,52142627604.65572
65580.0,-29218622.034892444,-6.757347611489084e-15,52142627604.655495
65590.0,-29218622.034892447,-6.884844736234161e-15,52142627604.65549
65600.0,-29218622.034892537,-9.944775730116011e-15,52142627604.65541
65610.0,-29218622.03489256,-1.0709758478586473e-14,52142627604.65539
65620.0,-29218622.034892257,-3.824913742352312e-16,52142627604.65566
65630.0,-29218622.034892183,2.16745112066631e-15,52142627604.655716
65640.0,-29218622.034892447,-6.884844736234161e-15,52142627604.655495
65650.0,-29218622.034892455,-7.139838985724316e-15,52142627604.65549
65660.0,-29218622.03489253,-9.689781480625856e-15,52142627604.655426
65670.0,-29218622.03489256,-1.0709758478586473e-14,52142627604.655396
65680.0,-29218622.03489226,-5.099884989803082e-16,52142627604.65566
65690.0,-29218622.034892194,1.784959746431079e-15,52142627604.655716
65700.0,-29218622.03489244,-6.6298504867440075e-15,52142627604.6555
65710.0,-29218622.03489244,-6.6298504867440075e-15,52142627604.655495
65720.0,-29218622.03489253,-9.689781480625856e-15,52142627604.65543
65730.0,-29218622.03489255,-1.0454764229096318e-14,52142627604.655396
65740.0,-29218622.03489226,-5.099884989803082e-16,52142627604.65566
65750.0,-29218622.0348922,1.5299654969409247e-15,52142627604.65572
65760.0,-29218622.03489244,-6.6298504867440075e-15,52142627604.655495
65770.0,-29218622.034892462,-7.39483323521447e-15,52142627604.65549
65780.0,-29218622.03489253,-9.689781480625856e-15,52142627604.65541
65790.0,-29218622.034892555,-1.0582261353841397e-14,52142627604.655396
65800.0,-29218622.034892246,0.0,52142627604.65566
65810.0,-29218622.034892187,2.039953995921233e-15,52142627604.65572
65820.0,-29218622.034892447,-6.884844736234161e-15,52142627604.655495
65830.0,-29218622.034892455,-7.139838985724316e-15,52142627604.65549
65840.0,-29218622.03489254,-1.0072272854861088e-14,52142627604.65541
65850.0,-29218622.034892563,-1.083725560333155e-14,52142627604.655396
65860.0,-29218622.03489226,-5.099884989803082e-16,52142627604.655655
65870.0,-29218622.034892187,2.039953995921233e-15,52142627604.65572
65880.0,-29218622.034892444,-6.757347611489084e-15,52142627604.655495
65890.0,-29218622.03489246,-7.267336110469393e-15,52142627604.65549
65900.0,-29218622.034892533,-9.817278605370933e-15,52142627604.655426
65910.0,-29218622.034892563,-1.083725560333155e-14,52142627604.655396
65920.0,-29218622.034892265,-6.374856237253853e-16,52142627604.65566
65930.0,-29218622.034892187,2.039953995921233e-15,52142627604.65572
65940.0,-29218622.03489245,-7.012341860979239e-15,52142627604.65549
65950.0,-29218622.03489245,-7.012341860979239e-15,52142627604.65549
65960.0,-29218622.034892533,-9.817278605370933e-15,52142627604.65541
65970.0,-29218622.034892555,-1.0582261353841397e-14,52142627604.655396
65980.0,-29218622.034892257,-3.824913742352312e-16,52142627604.65566
65990.0,-29218622.034892187,2.039953995921233e-15,52142627604.65572
66000.0,-29218622.034892444,-6.757347611489084e-15,52142627604.655495
66010.0,-29218622.034892466,-7.522330359959546e-15,52142627604.65549
66020.0,-29218622.034892533,-9.817278605370933e-15,52142627604.65541
66030.0,-29218622.03489257,-1.1092249852821704e-14,52142627604.655396
66040.0,-29218622.034892265,-6.374856237253853e-16,52142627604.655655
66050.0,-29218622.034892194,1.784959746431079e-15,52142627604.65572
66060.0,-29218622.034892444,-6.757347611489084e-15,52142627604.65549
66070.0,-29218622.03489246,-7.267336110469393e-15,52142627604.65549
66080.0,-29218622.034892526,-9.56228435588078e-15,52142627604.655426
66090.0,-29218622.034892563,-1.083725560333155e-14,52142627604.655396
66100.0,-29218622.034892257,-3.824913742352312e-16,52142627604.65566
66110.0,-29218622.034892198,1.6574626216860019e-15,52142627604.655716
66120.0,-29218622.03489245,-7.012341860979239e-15,52142627604.65549
66130.0,-29218622.03489246,-7.267336110469393e-15,52142627604.65549
66140.0,-29218622.034892526,-9.56228435588078e-15,52142627604.655426
66150.0,-29218622.034892563,-1.083725560333155e-14,52142627604.655396
66160.0,-29218622.034892257,-3.824913742352312e-16,52142627604.65566
66170.0,-29218622.03489219,1.912456871176156e-15,52142627604.65572
66180.0,-29218622.03489245,-7.012341860979239e-15,52142627604.655495
66190.0,-29218622.034892466,-7.522330359959546e-15,52142627604.65549
66200.0,-29218622.034892526,-9.56228435588078e-15,52142627604.655426
66210.0,-29218622.034892555,-1.0582261353841397e-14,52142627604.655396
66220.0,-29218622.034892265,-6.374856237253853e-16,52142627604.65566
66230.0,-29218622.034892198,1.6574626216860019e-15,52142627604.655716
66240.0,-29218622.034892444,-6.757347611489084e-15,52142627604.65549
66250.0,-29218622.034892466,-7.522330359959546e-15,52142627604.65549
66260.0,-29218622.034892526,-9.56228435588078e-15,52142627604.655426
66270.0,-29218622.034892555,-1.0582261353841397e-14,52142627604.655396
66280.0,-29218622.034892265,-6.374856237253853e-16,52142627604.65566
66290.0,-29218622.03489219,1.912456871176156e-15,52142627604.65573
66300.0,-29218622.034892444,-6.757347611489084e-15,52142627604.6555
66310.0,-29218622.03489246,-7.267336110469393e-15,52142627604.65549
66320.0,-29218622.034892518,-9.307290106390626e-15,52142627604.655426
66330.0,-29218622.03489257,-1.1092249852821704e-14,52142627604.65538
66340.0,-29218622.034892272,-8.924798732155395e-16,52142627604.655655
66350.0,-29218622.034892198,1.6574626216860019e-15,52142627604.655716
66360.0,-29218622.03489245,-7.012341860979239e-15,52142627604.65549
66370.0,-29218622.03489246,-7.267336110469393e-15,52142627604.65549
66380.0,-29218622.034892526,-9.56228435588078e-15,52142627604.65542
66390.0,-29218622.03489257,-1.1092249852821704e-14,52142627604.65539
66400.0,-29218622.034892265,-6.374856237253853e-16,52142627604.655655
66410.0,-29218622.034892187,2.039953995921233e-15,52142627604.655716
66420.0,-29218622.03489245,-7.012341860979239e-15,52142627604.65549
66430.0,-29218622.03489245,-7.012341860979239e-15,52142627604.65549
66440.0,-29218622.034892533,-9.817278605370933e-15,52142627604.655426
66450.0,-29218622.034892555,-1.0582261353841397e-14,52142627604.655396
66460.0,-29218622.034892257,-3.824913742352312e-16,52142627604.65566
66470.0,-29218622.034892194,1.784959746431079e-15,52142627604.655716
66480.0,-29218622.034892444,-6.757347611489084e-15,52142627604.655495
66490.0,-29218622.03489245,-7.012341860979239e-15,52142627604.655495
66500.0,-29218622.034892533,-9.817278605370933e-15,52142627604.655426
66510.0,-29218622.034892548,-1.0327267104351242e-14,52142627604.6554
66520.0,-29218622.034892257,-3.824913742352312e-16,52142627604.65568
66530.0,-29218622.034892194,1.784959746431079e-15,52142627604.65572
66540.0,-29218622.03489245,-7.012341860979239e-15,52142627604.65549
66550.0,-29218622.03489245,-7.012341860979239e-15,52142627604.65549
66560.0,-29218622.034892533,-9.817278605370933e-15,52142627604.655426
66570.0,-29218622.034892548,-1.0327267104351242e-14,52142627604.6554
66580.0,-29218622.034892254,-2.549942494901541e-16,52142627604.65566
66590.0,-29218622.034892187,2.039953995921233e-15,52142627604.65573
66600.0,-29218622.034892447,-6.884844736234161e-15,52142627604.655495
66610.0,-29218622.034892447,-6.884844736234161e-15,52142627604.65549
66620.0,-29218622.034892526,-9.56228435588078e-15,52142627604.655426
66630.0,-29218622.034892563,-1.083725560333155e-14,52142627604.655396
66640.0,-29218622.034892246,0.0,52142627604.65566
66650.0,-29218622.034892187,2.039953995921233e-15,52142627604.65573
66660.0,-29218622.034892432,-6.374856237253853e-15,52142627604.6555
66670.0,-29218622.03489244,-6.6298504867440075e-15,52142627604.655495
66680.0,-29218622.03489253,-9.689781480625856e-15,52142627604.655426
66690.0,-29218622.03489255,-1.0454764229096318e-14,52142627604.655396
66700.0,-29218622.03489227,-7.649827484704624e-16,52142627604.65566
66710.0,-29218622.034892194,1.784959746431079e-15,52142627604.65572
66720.0,-29218622.034892447,-6.884844736234161e-15,52142627604.655495
66730.0,-29218622.034892447,-6.884844736234161e-15,52142627604.655495
66740.0,-29218622.03489252,-9.434787231135703e-15,52142627604.655426
66750.0,-29218622.034892544,-1.0199769979606165e-14,52142627604.6554
66760.0,-29218622.034892254,-2.549942494901541e-16,52142627604.65568
66770.0,-29218622.034892175,2.422445370156464e-15,52142627604.65573
66780.0,-29218622.03489244,-6.6298504867440075e-15,52142627604.6555
66790.0,-29218622.034892455,-7.139838985724316e-15,52142627604.65549
66800.0,-29218622.03489253,-9.689781480625856e-15,52142627604.655426
66810.0,-29218622.03489256,-1.0709758478586473e-14,52142627604.655396
66820.0,-29218622.034892257,-3.824913742352312e-16,52142627604.65566
66830.0,-29218622.03489219,1.912456871176156e-15,52142627604.65572
66840.0,-29218622.034892436,-6.50235336199893e-15,52142627604.6555
66850.0,-29218622.034892444,-6.757347611489084e-15,52142627604.655495
66860.0,-29218622.034892533,-9.817278605370933e-15,52142627604.655426
66870.0,-29218622.03489255,-1.0454764229096318e-14,52142627604.655396
66880.0,-29218622.034892257,-3.824913742352312e-16,52142627604.65567
66890.0,-29218622.034892183,2.16745112066631e-15,52142627604.65573
66900.0,-29218622.03489243,-6.247359112508776e-15,52142627604.6555
66910.0,-29218622.03489243,-6.247359112508776e-15,52142627604.6555
66920.0,-29218622.03489251,-9.05229585690047e-15,52142627604.65543
66930.0,-29218622.034892548,-1.0327267104351242e-14,52142627604.65541
66940.0,-29218622.03489225,-1.2749712474507706e-16,52142627604.65568
66950.0,-29218622.034892175,2.422445370156464e-15,52142627604.65573
66960.0,-29218622.03489243,-6.247359112508776e-15,52142627604.65551
66970.0,-29218622.034892444,-6.757347611489084e-15,52142627604.655495
66980.0,-29218622.034892526,-9.56228435588078e-15,52142627604.655426
66990.0,-29218622.034892548,-1.0327267104351242e-14,52142627604.6554
67000.0,-29218622.034892235,3.824913742352312e-16,52142627604.65568
67010.0,-29218622.03489218,2.2949482454113873e-15,52142627604.65574
67020.0,-29218622.03489244,-6.6298504867440075e-15,52142627604.655495
67030.0,-29218622.03489244,-6.6298504867440075e-15,52142627604.655495
67040.0,-29218622.034892518,-9.307290106390626e-15,52142627604.65543
67050.0,-29218622.03489254,-1.0072272854861088e-14,52142627604.65541
67060.0,-29218622.03489224,2.549942494901541e-16,52142627604.65568
67070.0,-29218622.03489218,2.2949482454113873e-15,52142627604.65574
67080.0,-29218622.034892432,-6.374856237253853e-15,52142627604.65551
67090.0,-29218622.034892432,-6.374856237253853e-15,52142627604.655495
67100.0,-29218622.034892514,-9.179792981645549e-15,52142627604.655426
67110.0,-29218622.034892537,-9.944775730116011e-15,52142627604.65541
67120.0,-29218622.03489223,5.099884989803082e-16,52142627604.65568
67130.0,-29218622.034892175,2.422445370156464e-15,52142627604.65574
67140.0,-29218622.034892425,-6.119861987763699e-15,52142627604.65551
67150.0,-29218622.034892432,-6.374856237253853e-15,52142627604.6555
67160.0,-29218622.034892514,-9.179792981645549e-15,52142627604.65544
67170.0,-29218622.034892537,-9.944775730116011e-15,52142627604.655426
67180.0,-29218622.034892235,3.824913742352312e-16,52142627604.65568
67190.0,-29218622.034892168,2.6774396196466184e-15,52142627604.65575
67200.0,-29218622.03489242,-5.992364863018622e-15,52142627604.65552
67210.0,-29218622.034892436,-6.50235336199893e-15,52142627604.65551
67220.0,-29218622.034892507,-8.924798732155394e-15,52142627604.65544
67230.0,-29218622.034892537,-9.944775730116011e-15,52142627604.65541
67240.0,-29218622.034892235,3.824913742352312e-16,52142627604.655685
67250.0,-29218622.034892168,2.6774396196466184e-15,52142627604.65575
67260.0,-29218622.034892414,-5.737370613528468e-15,52142627604.655525
67270.0,-29218622.03489243,-6.247359112508776e-15,52142627604.6555
67280.0,-29218622.034892503,-8.797301607410317e-15,52142627604.655426
67290.0,-29218622.034892533,-9.817278605370933e-15,52142627604.655426
67300.0,-29218622.03489225,-1.2749712474507706e-16,52142627604.655685
67310.0,-29218622.034892164,2.8049367443916955e-15,52142627604.65574
67320.0,-29218622.03489242,-5.992364863018622e-15,52142627604.65552
67330.0,-29218622.034892436,-6.50235336199893e-15,52142627604.65551
67340.0,-29218622.03489251,-9.05229585690047e-15,52142627604.65543
67350.0,-29218622.034892533,-9.817278605370933e-15,52142627604.65541
67360.0,-29218622.03489223,5.099884989803082e-16,52142627604.65568
67370.0,-29218622.03489218,2.2949482454113873e-15,52142627604.65575
67380.0,-29218622.034892425,-6.119861987763699e-15,52142627604.65551
67390.0,-29218622.034892417,-5.8648677382735446e-15,52142627604.65551
67400.0,-29218622.034892507,-8.924798732155394e-15,52142627604.65543
67410.0,-29218622.034892537,-9.944775730116011e-15,52142627604.655426
67420.0,-29218622.03489224,2.549942494901541e-16,52142627604.65568
67430.0,-29218622.03489218,2.2949482454113873e-15,52142627604.65575
67440.0,-29218622.034892432,-6.374856237253853e-15,52142627604.65551
67450.0,-29218622.034892432,-6.374856237253853e-15,52142627604.65551
67460.0,-29218622.034892514,-9.179792981645549e-15,52142627604.65543
67470.0,-29218622.034892537,-9.944775730116011e-15,52142627604.65541
67480.0,-29218622.034892235,3.824913742352312e-16,52142627604.65567
67490.0,-29218622.034892168,2.6774396196466184e-15,52142627604.65574
67500.0,-29218622.03489243,-6.247359112508776e-15,52142627604.65551
67510.0,-29218622.034892436,-6.50235336199893e-15,52142627604.6555
67520.0,-29218622.034892503,-8.797301607410317e-15,52142627604.65543
67530.0,-29218622.03489254,-1.0072272854861088e-14,52142627604.65541
67540.0,-29218622.03489225,-1.2749712474507706e-16,52142627604.65567
67550.0,-29218622.034892175,2.422445370156464e-15,52142627604.65575
67560.0,-29218622.03489242,-5.992364863018622e-15,52142627604.65552
67570.0,-29218622.03489245,-7.012341860979239e-15,52142627604.6555
67580.0,-29218622.034892518,-9.307290106390626e-15,52142627604.65543
67590.0,-29218622.034892548,-1.0327267104351242e-14,52142627604.65541
67600.0,-29218622.034892242,1.2749712474507706e-16,52142627604.65568
67610.0,-29218622.03489217,2.5499424949015412e-15,52142627604.65574
67620.0,-29218622.034892432,-6.374856237253853e-15,52142627604.65551
67630.0,-29218622.034892425,-6.119861987763699e-15,52142627604.65551
67640.0,-29218622.034892514,-9.179792981645549e-15,52142627604.655426
67650.0,-29218622.03489254,-1.0072272854861088e-14,52142627604.6554
67660.0,-29218622.034892246,0.0,52142627604.65568
67670.0,-29218622.03489217,2.5499424949015412e-15,52142627604.65574
67680.0,-29218622.034892432,-6.374856237253853e-15,52142627604.65551
67690.0,-29218622.034892432,-6.374856237253853e-15,52142627604.65551
67700.0,-29218622.034892507,-8.924798732155394e-15,52142627604.65544
67710.0,-29218622.03489253,-9.689781480625856e-15,52142627604.65541
67720.0,-29218622.034892235,3.824913742352312e-16,52142627604.65568
67730.0,-29218622.03489216,2.9324338691367723e-15,52142627604.65574
67740.0,-29218622.03489243,-6.247359112508776e-15,52142627604.65551
67750.0,-29218622.03489243,-6.247359112508776e-15,52142627604.6555
67760.0,-29218622.034892518,-9.307290106390626e-15,52142627604.65543
67770.0,-29218622.034892544,-1.0199769979606165e-14,52142627604.65541
67780.0,-29218622.03489225,-1.2749712474507706e-16,52142627604.65567
67790.0,-29218622.034892175,2.422445370156464e-15,52142627604.65573
67800.0,-29218622.034892444,-6.757347611489084e-15,52142627604.6555
67810.0,-29218622.034892444,-6.757347611489084e-15,52142627604.6555
67820.0,-29218622.034892526,-9.56228435588078e-15,52142627604.655426
67830.0,-29218622.034892555,-1.0582261353841397e-14,52142627604.6554
67840.0,-29218622.03489225,-1.2749712474507706e-16,52142627604.65566
67850.0,-29218622.03489218,2.2949482454113873e-15,52142627604.65573
67860.0,-29218622.03489244,-6.6298504867440075e-15,52142627604.65551
67870.0,-29218622.03489244,-6.6298504867440075e-15,52142627604.655495
67880.0,-29218622.034892526,-9.56228435588078e-15,52142627604.655426
67890.0,-29218622.034892555,-1.0582261353841397e-14,52142627604.6554
67900.0,-29218622.034892254,-2.549942494901541e-16,52142627604.65568
67910.0,-29218622.034892187,2.039953995921233e-15,52142627604.65573
67920.0,-29218622.034892432,-6.374856237253853e-15,52142627604.6555
67930.0,-29218622.034892455,-7.139838985724316e-15,52142627604.655495
67940.0,-29218622.03489252,-9.434787231135703e-15,52142627604.655426
67950.0,-29218622.034892544,-1.0199769979606165e-14,52142627604.65541
67960.0,-29218622.034892246,0.0,52142627604.65567
67970.0,-29218622.034892183,2.16745112066631e-15,52142627604.65573
67980.0,-29218622.034892447,-6.884844736234161e-15,52142627604.655495
67990.0,-29218622.03489245,-7.012341860979239e-15,52142627604.655495
68000.0,-29218622.034892537,-9.944775730116011e-15,52142627604.655426
68010.0,-29218622.034892544,-1.0199769979606165e-14,52142627604.6554
68020.0,-29218622.034892235,3.824913742352312e-16,52142627604.65568
68030.0,-29218622.034892175,2.422445370156464e-15,52142627604.65573
68040.0,-29218622.034892436,-6.50235336199893e-15,52142627604.6555
68050.0,-29218622.034892436,-6.50235336199893e-15,52142627604.655495
68060.0,-29218622.034892526,-9.56228435588078e-15,52142627604.655426
68070.0,-29218622.034892548,-1.0327267104351242e-14,52142627604.6554
68080.0,-29218622.03489225,-1.2749712474507706e-16,52142627604.65568
68090.0,-29218622.03489218,2.2949482454113873e-15,52142627604.65573
68100.0,-29218622.034892444,-6.757347611489084e-15,52142627604.655495
68110.0,-29218622.03489245,-7.012341860979239e-15,52142627604.655495
68120.0,-29218622.034892518,-9.307290106390626e-15,52142627604.655426
68130.0,-29218622.034892548,-1.0327267104351242e-14,52142627604.6554
68140.0,-29218622.034892254,-2.549942494901541e-16,52142627604.65567
68150.0,-29218622.03489218,2.2949482454113873e-15,52142627604.65573
68160.0,-29218622.034892425,-6.119861987763699e-15,52142627604.6555
68170.0,-29218622.034892447,-6.884844736234161e-15,52142627604.655495
68180.0,-29218622.034892518,-9.307290106390626e-15,52142627604.65543
68190.0,-29218622.034892548,-1.0327267104351242e-14,52142627604.65541
68200.0,-29218622.03489224,2.549942494901541e-16,52142627604.65568
68210.0,-29218622.03489218,2.2949482454113873e-15,52142627604.65573
68220.0,-29218622.034892425,-6.119861987763699e-15,52142627604.6555
68230.0,-29218622.03489244,-6.6298504867440075e-15,52142627604.655495
68240.0,-29218622.03489252,-9.434787231135703e-15,52142627604.655426
68250.0,-29218622.034892544,-1.0199769979606165e-14,52142627604.6554
68260.0,-29218622.034892254,-2.549942494901541e-16,52142627604.65566
68270.0,-29218622.03489219,1.912456871176156e-15,52142627604.65573
68280.0,-29218622.03489244,-6.6298504867440075e-15,52142627604.65549
68290.0,-29218622.034892447,-6.884844736234161e-15,52142627604.65549
68300.0,-29218622.03489253,-9.689781480625856e-15,52142627604.655426
68310.0,-29218622.03489255,-1.0454764229096318e-14,52142627604.6554
68320.0,-29218622.03489225,-1.2749712474507706e-16,52142627604.65567
68330.0,-29218622.034892198,1.6574626216860019e-15,52142627604.655716
68340.0,-29218622.034892436,-6.50235336199893e-15,52142627604.65549
68350.0,-29218622.034892436,-6.50235336199893e-15,52142627604.655495
68360.0,-29218622.03489252,-9.434787231135703e-15,52142627604.655426
68370.0,-29218622.03489256,-1.0709758478586473e-14,52142627604.6554
68380.0,-29218622.03489225,-1.2749712474507706e-16,52142627604.65566
68390.0,-29218622.034892198,1.6574626216860019e-15,52142627604.65573
68400.0,-29218622.03489245,-7.012341860979239e-15,52142627604.655495
68410.0,-29218622.03489245,-7.012341860979239e-15,52142627604.65549
68420.0,-29218622.034892526,-9.56228435588078e-15,52142627604.655426
68430.0,-29218622.034892548,-1.0327267104351242e-14,52142627604.6554
68440.0,-29218622.034892257,-3.824913742352312e-16,52142627604.65566
68450.0,-29218622.03489218,2.2949482454113873e-15,52142627604.65573
68460.0,-29218622.034892444,-6.757347611489084e-15,52142627604.655495
68470.0,-29218622.03489245,-7.012341860979239e-15,52142627604.655495
68480.0,-29218622.034892526,-9.56228435588078e-15,52142627604.655426
68490.0,-29218622.034892555,-1.0582261353841397e-14,52142627604.655396
68500.0,-29218622.034892254,-2.549942494901541e-16,52142627604.65566
68510.0,-29218622.03489218,2.2949482454113873e-15,52142627604.65572
68520.0,-29218622.034892444,-6.757347611489084e-15,52142627604.6555
68530.0,-29218622.034892444,-6.757347611489084e-15,52142627604.655495
68540.0,-29218622.034892518,-9.307290106390626e-15,52142627604.655426
68550.0,-29218622.034892555,-1.0582261353841397e-14,52142627604.6554
68560.0,-29218622.034892254,-2.549942494901541e-16,52142627604.65567
68570.0,-29218622.03489218,2.2949482454113873e-15,52142627604.65573
68580.0,-29218622.034892432,-6.374856237253853e-15,52142627604.6555
68590.0,-29218622.034892447,-6.884844736234161e-15,52142627604.6555
68600.0,-29218622.034892518,-9.307290106390626e-15,52142627604.655426
68610.0,-29218622.034892555,-1.0582261353841397e-14,52142627604.6554
68620.0,-29218622.034892254,-2.549942494901541e-16,52142627604.65568
68630.0,-29218622.034892194,1.784959746431079e-15,52142627604.65572
68640.0,-29218622.034892447,-6.884844736234161e-15,52142627604.655495
68650.0,-29218622.034892447,-6.884844736234161e-15,52142627604.655495
68660.0,-29218622.03489252,-9.434787231135703e-15,52142627604.655426
68670.0,-29218622.03489255,-1.0454764229096318e-14,52142627604.655396
68680.0,-29218622.03489226,-5.099884989803082e-16,52142627604.65566
68690.0,-29218622.03489218,2.2949482454113873e-15,52142627604.65573
68700.0,-29218622.034892432,-6.374856237253853e-15,52142627604.6555
68710.0,-29218622.034892455,-7.139838985724316e-15,52142627604.65549
68720.0,-29218622.03489253,-9.689781480625856e-15,52142627604.65542
68730.0,-29218622.03489255,-1.0454764229096318e-14,52142627604.65541
68740.0,-29218622.03489226,-5.099884989803082e-16,52142627604.65566
68750.0,-29218622.03489219,1.912456871176156e-15,52142627604.65572
68760.0,-29218622.03489244,-6.6298504867440075e-15,52142627604.6555
68770.0,-29218622.034892455,-7.139838985724316e-15,52142627604.65549
68780.0,-29218622.03489252,-9.434787231135703e-15,52142627604.655426
68790.0,-29218622.034892544,-1.0199769979606165e-14,52142627604.6554
68800.0,-29218622.03489226,-5.099884989803082e-16,52142627604.65566
68810.0,-29218622.03489219,1.912456871176156e-15,52142627604.65572
68820.0,-29218622.03489244,-6.6298504867440075e-15,52142627604.655495
68830.0,-29218622.03489244,-6.6298504867440075e-15,52142627604.655495
68840.0,-29218622.03489253,-9.689781480625856e-15,52142627604.655426
68850.0,-29218622.03489255,-1.0454764229096318e-14,52142627604.655396
68860.0,-29218622.034892242,1.2749712474507706e-16,52142627604.65566
68870.0,-29218622.034892183,2.16745112066631e-15,52142627604.65573
68880.0,-29218622.03489244,-6.6298504867440075e-15,52142627604.655495
68890.0,-29218622.034892447,-6.884844736234161e-15,52142627604.655495
68900.0,-29218622.03489253,-9.689781480625856e-15,52142627604.655426
68910.0,-29218622.03489255,-1.0454764229096318e-14,52142627604.6554
68920.0,-29218622.034892242,1.2749712474507706e-16,52142627604.65568
68930.0,-29218622.034892183,2.16745112066631e-15,52142627604.65573
68940.0,-29218622.034892432,-6.374856237253853e-15,52142627604.65551
68950.0,-29218622.034892447,-6.884844736234161e-15,52142627604.655495
68960.0,-29218622.03489253,-9.689781480625856e-15,52142627604.655426
68970.0,-29218622.034892544,-1.0199769979606165e-14,52142627604.6554
68980.0,-29218622.034892242,1.2749712474507706e-16,52142627604.65567
68990.0,-29218622.034892183,2.16745112066631e-15,52142627604.65573
69000.0,-29218622.03489244,-6.6298504867440075e-15,52142627604.6555
69010.0,-29218622.03489245,-7.012341860979239e-15,52142627604.65549
69020.0,-29218622.03489252,-9.434787231135703e-15,52142627604.655426
69030.0,-29218622.034892537,-9.944775730116011e-15,52142627604.65541
69040.0,-29218622.03489225,-1.2749712474507706e-16,52142627604.65568
69050.0,-29218622.034892183,2.16745112066631e-15,52142627604.65573
69060.0,-29218622.03489244,-6.6298504867440075e-15,52142627604.655495
69070.0,-29218622.03489245,-7.012341860979239e-15,52142627604.655495
69080.0,-29218622.03489253,-9.689781480625856e-15,52142627604.655426
69090.0,-29218622.03489255,-1.0454764229096318e-14,52142627604.6554
69100.0,-29218622.034892242,1.2749712474507706e-16,52142627604.65566
69110.0,-29218622.03489219,1.912456871176156e-15,52142627604.65573
69120.0,-29218622.03489244,-6.6298504867440075e-15,52142627604.655495
69130.0,-29218622.034892447,-6.884844736234161e-15,52142627604.655495
69140.0,-29218622.03489252,-9.434787231135703e-15,52142627604.655426
69150.0,-29218622.03489255,-1.0454764229096318e-14,52142627604.6554
69160.0,-29218622.034892265,-6.374856237253853e-16,52142627604.65566
69170.0,-29218622.034892183,2.16745112066631e-15,52142627604.65573
69180.0,-29218622.03489244,-6.6298504867440075e-15,52142627604.6555
69190.0,-29218622.034892447,-6.884844736234161e-15,52142627604.65549
69200.0,-29218622.034892537,-9.944775730116011e-15,52142627604.65541
69210.0,-29218622.03489256,-1.0709758478586473e-14,52142627604.655396
69220.0,-29218622.034892265,-6.374856237253853e-16,52142627604.655655
69230.0,-29218622.034892183,2.16745112066631e-15,52142627604.655716
69240.0,-29218622.034892447,-6.884844736234161e-15,52142627604.655495
69250.0,-29218622.034892447,-6.884844736234161e-15,52142627604.65549
69260.0,-29218622.03489252,-9.434787231135703e-15,52142627604.655426
69270.0,-29218622.03489256,-1.0709758478586473e-14,52142627604.655396
69280.0,-29218622.03489226,-5.099884989803082e-16,52142627604.65566
69290.0,-29218622.03489218,2.2949482454113873e-15,52142627604.65573
69300.0,-29218622.034892447,-6.884844736234161e-15,52142627604.65549
69310.0,-29218622.034892432,-6.374856237253853e-15,52142627604.655495
69320.0,-29218622.03489252,-9.434787231135703e-15,52142627604.655426
69330.0,-29218622.034892544,-1.0199769979606165e-14,52142627604.6554
69340.0,-29218622.03489224,2.549942494901541e-16,52142627604.65568
69350.0,-29218622.034892187,2.039953995921233e-15,52142627604.65573
69360.0,-29218622.03489244,-6.6298504867440075e-15,52142627604.6555
69370.0,-29218622.034892447,-6.884844736234161e-15,52142627604.655495
69380.0,-29218622.03489252,-9.434787231135703e-15,52142627604.655426
69390.0,-29218622.03489256,-1.0709758478586473e-14,52142627604.655396
69400.0,-29218622.034892254,-2.549942494901541e-16,52142627604.65566
69410.0,-29218622.034892194,1.784959746431079e-15,52142627604.65573
69420.0,-29218622.034892432,-6.374856237253853e-15,52142627604.65551
69430.0,-29218622.034892455,-7.139838985724316e-15,52142627604.655495
69440.0,-29218622.034892533,-9.817278605370933e-15,52142627604.655426
69450.0,-29218622.034892555,-1.0582261353841397e-14,52142627604.6554
69460.0,-29218622.03489226,-5.099884989803082e-16,52142627604.65566
69470.0,-29218622.03489218,2.2949482454113873e-15,52142627604.65572
69480.0,-29218622.034892444,-6.757347611489084e-15,52142627604.655495
69490.0,-29218622.03489245,-7.012341860979239e-15,52142627604.65549
69500.0,-29218622.034892533,-9.817278605370933e-15,52142627604.655426
69510.0,-29218622.034892555,-1.0582261353841397e-14,52142627604.655396
69520.0,-29218622.034892265,-6.374856237253853e-16,52142627604.65566
69530.0,-29218622.034892187,2.039953995921233e-15,52142627604.655716
69540.0,-29218622.034892444,-6.757347611489084e-15,52142627604.65549
69550.0,-29218622.03489246,-7.267336110469393e-15,52142627604.65549
69560.0,-29218622.034892533,-9.817278605370933e-15,52142627604.65542
69570.0,-29218622.034892563,-1.083725560333155e-14,52142627604.655396
69580.0,-29218622.034892272,-8.924798732155395e-16,52142627604.655655
69590.0,-29218622.034892198,1.6574626216860019e-15,52142627604.655716
69600.0,-29218622.03489245,-7.012341860979239e-15,52142627604.655495
69610.0,-29218622.034892444,-6.757347611489084e-15,52142627604.65549
69620.0,-29218622.034892533,-9.817278605370933e-15,52142627604.655426
69630.0,-29218622.034892567,-1.0964752728076627e-14,52142627604.655396
69640.0,-29218622.034892257,-3.824913742352312e-16,52142627604.65566
69650.0,-29218622.034892198,1.6574626216860019e-15,52142627604.65572
69660.0,-29218622.034892444,-6.757347611489084e-15,52142627604.655495
69670.0,-29218622.034892455,-7.139838985724316e-15,52142627604.65549
69680.0,-29218622.034892544,-1.0199769979606165e-14,52142627604.65541
69690.0,-29218622.034892567,-1.0964752728076627e-14,52142627604.655396
69700.0,-29218622.034892265,-6.374856237253853e-16,52142627604.65566
69710.0,-29218622.03489219,1.912456871176156e-15,52142627604.655716
69720.0,-29218622.034892447,-6.884844736234161e-15,52142627604.65549
69730.0,-29218622.034892455,-7.139838985724316e-15,52142627604.65549
69740.0,-29218622.03489253,-9.689781480625856e-15,52142627604.655426
69750.0,-29218622.03489256,-1.0709758478586473e-14,52142627604.655396
69760.0,-29218622.03489226,-5.099884989803082e-16,52142627604.65566
69770.0,-29218622.034892187,2.039953995921233e-15,52142627604.65573
69780.0,-29218622.03489244,-6.6298504867440075e-15,52142627604.655495
69790.0,-29218622.034892455,-7.139838985724316e-15,52142627604.655495
69800.0,-29218622.03489252,-9.434787231135703e-15,52142627604.65542
69810.0,-29218622.034892555,-1.0582261353841397e-14,52142627604.655396
69820.0,-29218622.034892254,-2.549942494901541e-16,52142627604.65566
69830.0,-29218622.03489218,2.2949482454113873e-15,52142627604.65573
69840.0,-29218622.034892444,-6.757347611489084e-15,52142627604.6555
69850.0,-29218622.03489245,-7.012341860979239e-15,52142627604.655495
69860.0,-29218622.03489254,-1.0072272854861088e-14,52142627604.65542
69870.0,-29218622.034892555,-1.0582261353841397e-14,52142627604.6554
69880.0,-29218622.034892254,-2.549942494901541e-16,52142627604.65566
69890.0,-29218622.034892187,2.039953995921233e-15,52142627604.65573
69900.0,-29218622.03489245,-7.012341860979239e-15,52142627604.655495
69910.0,-29218622.03489245,-7.012341860979239e-15,52142627604.65549
69920.0,-29218622.034892526,-9.56228435588078e-15,52142627604.655426
69930.0,-29218622.03489255,-1.0454764229096318e-14,52142627604.6554
69940.0,-29218622.034892257,-3.824913742352312e-16,52142627604.65567
69950.0,-29218622.034892168,2.6774396196466184e-15,52142627604.65573
69960.0,-29218622.034892436,-6.50235336199893e-15,52142627604.655495
69970.0,-29218622.034892436,-6.50235336199893e-15,52142627604.655495
69980.0,-29218622.03489252,-9.434787231135703e-15,52142627604.65543
69990.0,-29218622.034892537,-9.944775730116011e-15,52142627604.65541
70000.0,-29218622.034892246,0.0,52142627604.65566
70010.0,-29218622.03489219,1.912456871176156e-15,52142627604.65573
70020.0,-29218622.034892432,-6.374856237253853e-15,52142627604.65551
70030.0,-29218622.034892447,-6.884844736234161e-15,52142627604.655495
70040.0,-29218622.034892514,-9.179792981645549e-15,52142627604.65543
70050.0,-29218622.03489254,-1.0072272854861088e-14,52142627604.65541
70060.0,-29218622.03489224,2.549942494901541e-16,52142627604.65568
70070.0,-29218622.03489218,2.2949482454113873e-15,52142627604.65574
70080.0,-29218622.034892425,-6.119861987763699e-15,52142627604.65551
70090.0,-29218622.034892432,-6.374856237253853e-15,52142627604.6555
70100.0,-29218622.03489251,-9.05229585690047e-15,52142627604.65543
70110.0,-29218622.03489254,-1.0072272854861088e-14,52142627604.65541
70120.0,-29218622.03489226,-5.099884989803082e-16,52142627604.65566
70130.0,-29218622.03489217,2.5499424949015412e-15,52142627604.65574
70140.0,-29218622.034892436,-6.50235336199893e-15,52142627604.6555
70150.0,-29218622.03489245,-7.012341860979239e-15,52142627604.6555
70160.0,-29218622.03489251,-9.05229585690047e-15,52142627604.65543
70170.0,-29218622.034892548,-1.0327267104351242e-14,52142627604.6554
70180.0,-29218622.03489225,-1.2749712474507706e-16,52142627604.65567
70190.0,-29218622.034892175,2.422445370156464e-15,52142627604.65573
70200.0,-29218622.034892436,-6.50235336199893e-15,52142627604.6555
70210.0,-29218622.034892444,-6.757347611489084e-15,52142627604.655495
70220.0,-29218622.034892537,-9.944775730116011e-15,52142627604.655426
70230.0,-29218622.034892544,-1.0199769979606165e-14,52142627604.6554
70240.0,-29218622.03489225,-1.2749712474507706e-16,52142627604.65566
70250.0,-29218622.034892183,2.16745112066631e-15,52142627604.65572
70260.0,-29218622.034892447,-6.884844736234161e-15,52142627604.655495
70270.0,-29218622.034892447,-6.884844736234161e-15,52142627604.655495
70280.0,-29218622.034892514,-9.179792981645549e-15,52142627604.655426
70290.0,-29218622.03489255,-1.0454764229096318e-14,52142627604.655396
70300.0,-29218622.034892254,-2.549942494901541e-16,52142627604.65567
70310.0,-29218622.034892187,2.039953995921233e-15,52142627604.65573
70320.0,-29218622.034892432,-6.374856237253853e-15,52142627604.65551
70330.0,-29218622.03489244,-6.6298504867440075e-15,52142627604.655495
70340.0,-29218622.034892526,-9.56228435588078e-15,52142627604.65542
70350.0,-29218622.034892563,-1.083725560333155e-14,52142627604.65541
70360.0,-29218622.034892254,-2.549942494901541e-16,52142627604.65566
70370.0,-29218622.03489218,2.2949482454113873e-15,52142627604.65573
70380.0,-29218622.034892436,-6.50235336199893e-15,52142627604.6555
70390.0,-29218622.034892444,-6.757347611489084e-15,52142627604.655495
70400.0,-29218622.03489251,-9.05229585690047e-15,52142627604.65543
70410.0,-29218622.03489254,-1.0072272854861088e-14,52142627604.65541
70420.0,-29218622.03489225,-1.2749712474507706e-16,52142627604.65567
70430.0,-29218622.034892175,2.422445370156464e-15,52142627604.65573
70440.0,-29218622.034892436,-6.50235336199893e-15,52142627604.65551
70450.0,-29218622.034892444,-6.757347611489084e-15,52142627604.6555
70460.0,-29218622.034892514,-9.179792981645549e-15,52142627604.65543
70470.0,-29218622.034892544,-1.0199769979606165e-14,52142627604.6554
70480.0,-29218622.034892242,1.2749712474507706e-16,52142627604.65568
70490.0,-29218622.034892175,2.422445370156464e-15,52142627604.65573
70500.0,-29218622.034892455,-7.139838985724316e-15,52142627604.655495
70510.0,-29218622.03489244,-6.6298504867440075e-15,52142627604.655495
70520.0,-29218622.03489252,-9.434787231135703e-15,52142627604.655426
70530.0,-29218622.034892544,-1.0199769979606165e-14,52142627604.6554
70540.0,-29218622.034892254,-2.549942494901541e-16,52142627604.65568
70550.0,-29218622.034892187,2.039953995921233e-15,52142627604.65573
70560.0,-29218622.03489244,-6.6298504867440075e-15,52142627604.6555
70570.0,-29218622.03489244,-6.6298504867440075e-15,52142627604.655495
70580.0,-29218622.03489252,-9.434787231135703e-15,52142627604.655426
70590.0,-29218622.03489254,-1.0072272854861088e-14,52142627604.6554
70600.0,-29218622.034892254,-2.549942494901541e-16,52142627604.65568
70610.0,-29218622.03489217,2.5499424949015412e-15,52142627604.65573
70620.0,-29218622.034892436,-6.50235336199893e-15,52142627604.65551
70630.0,-29218622.034892444,-6.757347611489084e-15,52142627604.6555
70640.0,-29218622.034892518,-9.307290106390626e-15,52142627604.655426
70650.0,-29218622.034892548,-1.0327267104351242e-14,52142627604.6554
70660.0,-29218622.034892242,1.2749712474507706e-16,52142627604.65568
70670.0,-29218622.034892175,2.422445370156464e-15,52142627604.65574
70680.0,-29218622.034892436,-6.50235336199893e-15,52142627604.65551
70690.0,-29218622.034892436,-6.50235336199893e-15,52142627604.6555
70700.0,-29218622.03489251,-9.05229585690047e-15,52142627604.65543
70710.0,-29218622.034892544,-1.0199769979606165e-14,52142627604.65541
70720.0,-29218622.034892235,3.824913742352312e-16,52142627604.65568
70730.0,-29218622.034892168,2.6774396196466184e-15,52142627604.65574
70740.0,-29218622.034892432,-6.374856237253853e-15,52142627604.65551
70750.0,-29218622.03489244,-6.6298504867440075e-15,52142627604.65551
70760.0,-29218622.03489252,-9.434787231135703e-15,52142627604.65544
70770.0,-29218622.034892537,-9.944775730116011e-15,52142627604.65541
70780.0,-29218622.03489223,5.099884989803082e-16,52142627604.655685
70790.0,-29218622.03489217,2.5499424949015412e-15,52142627604.65574
70800.0,-29218622.034892425,-6.119861987763699e-15,52142627604.65551
70810.0,-29218622.034892425,-6.119861987763699e-15,52142627604.65551
70820.0,-29218622.03489251,-9.05229585690047e-15,52142627604.65544
70830.0,-29218622.03489254,-1.0072272854861088e-14,52142627604.65542
70840.0,-29218622.03489223,5.099884989803082e-16,52142627604.655685
70850.0,-29218622.034892164,2.8049367443916955e-15,52142627604.655754
70860.0,-29218622.03489242,-5.992364863018622e-15,52142627604.65552
70870.0,-29218622.03489243,-6.247359112508776e-15,52142627604.65551
70880.0,-29218622.03489251,-9.05229585690047e-15,52142627604.65544
70890.0,-29218622.034892526,-9.56228435588078e-15,52142627604.65542
70900.0,-29218622.034892242,1.2749712474507706e-16,52142627604.65568
70910.0,-29218622.034892168,2.6774396196466184e-15,52142627604.65575
70920.0,-29218622.03489243,-6.247359112508776e-15,52142627604.65552
70930.0,-29218622.03489243,-6.247359112508776e-15,52142627604.65551
70940.0,-29218622.03489251,-9.05229585690047e-15,52142627604.65543
70950.0,-29218622.034892537,-9.944775730116011e-15,52142627604.65541
70960.0,-29218622.034892242,1.2749712474507706e-16,52142627604.65568
70970.0,-29218622.03489216,2.9324338691367723e-15,52142627604.65575
70980.0,-29218622.03489242,-5.992364863018622e-15,52142627604.65552
70990.0,-29218622.03489243,-6.247359112508776e-15,52142627604.65551
71000.0,-29218622.034892507,-8.924798732155394e-15,52142627604.65544
71010.0,-29218622.034892537,-9.944775730116011e-15,52142627604.65542
71020.0,-29218622.034892228,6.374856237253853e-16,52142627604.655685
71030.0,-29218622.03489216,2.9324338691367723e-15,52142627604.65575
71040.0,-29218622.034892432,-6.374856237253853e-15,52142627604.65552
71050.0,-29218622.034892432,-6.374856237253853e-15,52142627604.65551
71060.0,-29218622.0348925,-8.66980448266524e-15,52142627604.65545
71070.0,-29218622.03489253,-9.689781480625856e-15,52142627604.655426
71080.0,-29218622.03489223,5.099884989803082e-16,52142627604.65569
71090.0,-29218622.034892164,2.8049367443916955e-15,52142627604.65575
71100.0,-29218622.034892417,-5.8648677382735446e-15,52142627604.655525
71110.0,-29218622.034892425,-6.119861987763699e-15,52142627604.65551
71120.0,-29218622.034892507,-8.924798732155394e-15,52142627604.65544
71130.0,-29218622.03489254,-1.0072272854861088e-14,52142627604.65542
71140.0,-29218622.034892246,0.0,52142627604.65568
71150.0,-29218622.03489218,2.2949482454113873e-15,52142627604.65575
71160.0,-29218622.034892417,-5.8648677382735446e-15,52142627604.655525
71170.0,-29218622.034892425,-6.119861987763699e-15,52142627604.65551
71180.0,-29218622.03489251,-9.05229585690047e-15,52142627604.65544
71190.0,-29218622.034892533,-9.817278605370933e-15,52142627604.65541
71200.0,-29218622.03489223,5.099884989803082e-16,52142627604.655685
71210.0,-29218622.034892157,3.0599309938818494e-15,52142627604.65575
71220.0,-29218622.03489243,-6.247359112508776e-15,52142627604.65551
71230.0,-29218622.034892436,-6.50235336199893e-15,52142627604.6555
71240.0,-29218622.034892503,-8.797301607410317e-15,52142627604.65544
71250.0,-29218622.034892533,-9.817278605370933e-15,52142627604.65542
71260.0,-29218622.034892235,3.824913742352312e-16,52142627604.655685
71270.0,-29218622.034892164,2.8049367443916955e-15,52142627604.65575
71280.0,-29218622.03489243,-6.247359112508776e-15,52142627604.65551
71290.0,-29218622.034892436,-6.50235336199893e-15,52142627604.65551
71300.0,-29218622.03489251,-9.05229585690047e-15,52142627604.65544
71310.0,-29218622.034892533,-9.817278605370933e-15,52142627604.65542
71320.0,-29218622.03489225,-1.2749712474507706e-16,52142627604.65568
71330.0,-29218622.034892168,2.6774396196466184e-15,52142627604.65575
71340.0,-29218622.034892436,-6.50235336199893e-15,52142627604.65551
71350.0,-29218622.034892436,-6.50235336199893e-15,52142627604.655495
71360.0,-29218622.034892503,-8.797301607410317e-15,52142627604.655426
71370.0,-29218622.03489254,-1.0072272854861088e-14,52142627604.65542
71380.0,-29218622.034892242,1.2749712474507706e-16,52142627604.65568
71390.0,-29218622.034892175,2.422445370156464e-15,52142627604.65574
71400.0,-29218622.03489242,-5.992364863018622e-15,52142627604.65552
71410.0,-29218622.034892444,-6.757347611489084e-15,52142627604.6555
71420.0,-29218622.03489251,-9.05229585690047e-15,52142627604.65543
71430.0,-29218622.034892544,-1.0199769979606165e-14,52142627604.65542
71440.0,-29218622.034892235,3.824913742352312e-16,52142627604.65568
71450.0,-29218622.034892183,2.16745112066631e-15,52142627604.65573
71460.0,-29218622.034892436,-6.50235336199893e-15,52142627604.65551
71470.0,-29218622.034892436,-6.50235336199893e-15,52142627604.6555
71480.0,-29218622.034892514,-9.179792981645549e-15,52142627604.655426
71490.0,-29218622.034892544,-1.0199769979606165e-14,52142627604.65542
71500.0,-29218622.034892242,1.2749712474507706e-16,52142627604.65568
71510.0,-29218622.03489216,2.9324338691367723e-15,52142627604.655754
71520.0,-29218622.034892425,-6.119861987763699e-15,52142627604.655525
71530.0,-29218622.034892436,-6.50235336199893e-15,52142627604.65551
71540.0,-29218622.034892507,-8.924798732155394e-15,52142627604.65544
71550.0,-29218622.034892544,-1.0199769979606165e-14,52142627604.65542
71560.0,-29218622.034892235,3.824913742352312e-16,52142627604.65568
71570.0,-29218622.034892168,2.6774396196466184e-15,52142627604.65574
71580.0,-29218622.034892432,-6.374856237253853e-15,52142627604.65552
71590.0,-29218622.034892432,-6.374856237253853e-15,52142627604.6555
71600.0,-29218622.034892507,-8.924798732155394e-15,52142627604.65544
71610.0,-29218622.034892544,-1.0199769979606165e-14,52142627604.6554
71620.0,-29218622.034892235,3.824913742352312e-16,52142627604.65568
71630.0,-29218622.034892168,2.6774396196466184e-15,52142627604.65573
71640.0,-29218622.034892436,-6.50235336199893e-15,52142627604.65551
71650.0,-29218622.034892444,-6.757347611489084e-15,52142627604.6555
71660.0,-29218622.034892514,-9.179792981645549e-15,52142627604.65544
71670.0,-29218622.034892544,-1.0199769979606165e-14,52142627604.65541
71680.0,-29218622.034892242,1.2749712474507706e-16,52142627604.65568
71690.0,-29218622.034892168,2.6774396196466184e-15,52142627604.65575
71700.0,-29218622.034892436,-6.50235336199893e-15,52142627604.65551
71710.0,-29218622.03489244,-6.6298504867440075e-15,52142627604.65551
71720.0,-29218622.03489253,-9.689781480625856e-15,52142627604.655426
71730.0,-29218622.034892537,-9.944775730116011e-15,52142627604.65541
71740.0,-29218622.034892235,3.824913742352312e-16,52142627604.65568
71750.0,-29218622.034892168,2.6774396196466184e-15,52142627604.65573
71760.0,-29218622.034892432,-6.374856237253853e-15,52142627604.65551
71770.0,-29218622.03489244,-6.6298504867440075e-15,52142627604.6555
71780.0,-29218622.034892507,-8.924798732155394e-15,52142627604.65544
71790.0,-29218622.03489253,-9.689781480625856e-15,52142627604.65542
71800.0,-29218622.034892235,3.824913742352312e-16,52142627604.65568
71810.0,-29218622.034892168,2.6774396196466184e-15,52142627604.65575
71820.0,-29218622.034892436,-6.50235336199893e-15,52142627604.65551
71830.0,-29218622.034892432,-6.374856237253853e-15,52142627604.6555
71840.0,-29218622.034892514,-9.179792981645549e-15,52142627604.65544
71850.0,-29218622.034892544,-1.0199769979606165e-14,52142627604.65541
71860.0,-29218622.034892242,1.2749712474507706e-16,52142627604.65568
71870.0,-29218622.034892168,2.6774396196466184e-15,52142627604.65575
71880.0,-29218622.034892432,-6.374856237253853e-15,52142627604.65551
71890.0,-29218622.034892436,-6.50235336199893e-15,52142627604.65551
71900.0,-29218622.03489252,-9.434787231135703e-15,52142627604.65543
71910.0,-29218622.034892544,-1.0199769979606165e-14,52142627604.65541
71920.0,-29218622.034892242,1.2749712474507706e-16,52142627604.65568
71930.0,-29218622.034892168,2.6774396196466184e-15,52142627604.65575
71940.0,-29218622.03489243,-6.247359112508776e-15,52142627604.65551
71950.0,-29218622.03489243,-6.247359112508776e-15,52142627604.65551
71960.0,-29218622.034892507,-8.924798732155394e-15,52142627604.65544
71970.0,-29218622.034892544,-1.0199769979606165e-14,52142627604.65542
71980.0,-29218622.034892242,1.2749712474507706e-16,52142627604.65568
71990.0,-29218622.034892175,2.422445370156464e-15,52142627604.65575
72000.0,-29218622.03489242,-5.992364863018622e-15,52142627604.65551
72010.0,-29218622.034892436,-6.50235336199893e-15,52142627604.65551
72020.0,-29218622.03489251,-9.05229585690047e-15,52142627604.65543
72030.0,-29218622.03489253,-9.689781480625856e-15,52142627604.65542
72040.0,-29218622.03489225,-1.2749712474507706e-16,52142627604.65568
72050.0,-29218622.034892175,2.422445370156464e-15,52142627604.65575
72060.0,-29218622.03489243,-6.247359112508776e-15,52142627604.65551
72070.0,-29218622.034892436,-6.50235336199893e-15,52142627604.655495
72080.0,-29218622.03489251,-9.05229585690047e-15,52142627604.65543
72090.0,-29218622.034892533,-9.817278605370933e-15,52142627604.65541
72100.0,-29218622.034892257,-3.824913742352312e-16,52142627604.65568
72110.0,-29218622.034892175,2.422445370156464e-15,52142627604.65575
72120.0,-29218622.034892436,-6.50235336199893e-15,52142627604.65551
72130.0,-29218622.034892444,-6.757347611489084e-15,52142627604.655495
72140.0,-29218622.03489251,-9.05229585690047e-15,52142627604.65543
72150.0,-29218622.03489254,-1.0072272854861088e-14,52142627604.65541
72160.0,-29218622.03489225,-1.2749712474507706e-16,52142627604.65567
72170.0,-29218622.03489217,2.5499424949015412e-15,52142627604.65575
72180.0,-29218622.03489243,-6.247359112508776e-15,52142627604.65551
72190.0,-29218622.03489243,-6.247359112508776e-15,52142627604.65551
72200.0,-29218622.03489251,-9.05229585690047e-15,52142627604.65543
72210.0,-29218622.034892548,-1.0327267104351242e-14,52142627604.6554
72220.0,-29218622.03489224,2.549942494901541e-16,52142627604.65567
72230.0,-29218622.034892187,2.039953995921233e-15,52142627604.65573
72240.0,-29218622.034892432,-6.374856237253853e-15,52142627604.6555
72250.0,-29218622.03489244,-6.6298504867440075e-15,52142627604.655495
72260.0,-29218622.03489252,-9.434787231135703e-15,52142627604.65543
72270.0,-29218622.034892548,-1.0327267104351242e-14,52142627604.65541
72280.0,-29218622.034892246,0.0,52142627604.65568
72290.0,-29218622.034892194,1.784959746431079e-15,52142627604.65573
72300.0,-29218622.034892432,-6.374856237253853e-15,52142627604.65551
72310.0,-29218622.03489244,-6.6298504867440075e-15,52142627604.6555
72320.0,-29218622.03489252,-9.434787231135703e-15,52142627604.655426
72330.0,-29218622.034892537,-9.944775730116011e-15,52142627604.6554
72340.0,-29218622.034892246,0.0,52142627604.65568
72350.0,-29218622.034892183,2.16745112066631e-15,52142627604.65573
72360.0,-29218622.034892447,-6.884844736234161e-15,52142627604.6555
72370.0,-29218622.034892447,-6.884844736234161e-15,52142627604.655495
72380.0,-29218622.03489252,-9.434787231135703e-15,52142627604.65543
72390.0,-29218622.034892544,-1.0199769979606165e-14,52142627604.65541
72400.0,-29218622.03489225,-1.2749712474507706e-16,52142627604.65568
72410.0,-29218622.034892183,2.16745112066631e-15,52142627604.65573
72420.0,-29218622.034892436,-6.50235336199893e-15,52142627604.655495
72430.0,-29218622.034892444,-6.757347611489084e-15,52142627604.655495
72440.0,-29218622.034892518,-9.307290106390626e-15,52142627604.65543
72450.0,-29218622.034892544,-1.0199769979606165e-14,52142627604.65541
72460.0,-29218622.03489225,-1.2749712474507706e-16,52142627604.65568
72470.0,-29218622.034892175,2.422445370156464e-15,52142627604.65573
72480.0,-29218622.034892436,-6.50235336199893e-15,52142627604.6555
72490.0,-29218622.034892444,-6.757347611489084e-15,52142627604.655495
72500.0,-29218622.034892526,-9.56228435588078e-15,52142627604.655426
72510.0,-29218622.034892548,-1.0327267104351242e-14,52142627604.6554
72520.0,-29218622.034892257,-3.824913742352312e-16,52142627604.65568
72530.0,-29218622.03489218,2.2949482454113873e-15,52142627604.65573
72540.0,-29218622.034892436,-6.50235336199893e-15,52142627604.6555
72550.0,-29218622.034892436,-6.50235336199893e-15,52142627604.6555
72560.0,-29218622.034892518,-9.307290106390626e-15,52142627604.655426
72570.0,-29218622.034892548,-1.0327267104351242e-14,52142627604.6554
72580.0,-29218622.03489226,-5.099884989803082e-16,52142627604.65566
72590.0,-29218622.034892194,1.784959746431079e-15,52142627604.655716
72600.0,-29218622.034892447,-6.884844736234161e-15,52142627604.655495
72610.0,-29218622.034892447,-6.884844736234161e-15,52142627604.655495
72620.0,-29218622.03489253,-9.689781480625856e-15,52142627604.655426
72630.0,-29218622.03489255,-1.0454764229096318e-14,52142627604.655396
72640.0,-29218622.034892254,-2.549942494901541e-16,52142627604.65567
72650.0,-29218622.034892175,2.422445370156464e-15,52142627604.65572
72660.0,-29218622.034892447,-6.884844736234161e-15,52142627604.65549
72670.0,-29218622.034892447,-6.884844736234161e-15,52142627604.655495
72680.0,-29218622.034892537,-9.944775730116011e-15,52142627604.65542
72690.0,-29218622.03489256,-1.0709758478586473e-14,52142627604.655396
72700.0,-29218622.034892257,-3.824913742352312e-16,52142627604.65566
72710.0,-29218622.03489219,1.912456871176156e-15,52142627604.65572
72720.0,-29218622.034892444,-6.757347611489084e-15,52142627604.65549
72730.0,-29218622.03489246,-7.267336110469393e-15,52142627604.65549
72740.0,-29218622.034892526,-9.56228435588078e-15,52142627604.65542
72750.0,-29218622.034892555,-1.0582261353841397e-14,52142627604.6554
72760.0,-29218622.034892265,-6.374856237253853e-16,52142627604.65566
72770.0,-29218622.034892194,1.784959746431079e-15,52142627604.655716
72780.0,-29218622.034892436,-6.50235336199893e-15,52142627604.655495
72790.0,-29218622.034892444,-6.757347611489084e-15,52142627604.655495
72800.0,-29218622.034892533,-9.817278605370933e-15,52142627604.65542
72810.0,-29218622.034892563,-1.083725560333155e-14,52142627604.655396
72820.0,-29218622.03489227,-7.649827484704624e-16,52142627604.65566
72830.0,-29218622.034892194,1.784959746431079e-15,52142627604.655716
72840.0,-29218622.034892447,-6.884844736234161e-15,52142627604.655495
72850.0,-29218622.034892447,-6.884844736234161e-15,52142627604.655495
72860.0,-29218622.034892537,-9.944775730116011e-15,52142627604.65541
72870.0,-29218622.03489256,-1.0709758478586473e-14,52142627604.655396
72880.0,-29218622.03489226,-5.099884989803082e-16,52142627604.655655
72890.0,-29218622.03489219,1.912456871176156e-15,52142627604.65572
72900.0,-29218622.034892447,-6.884844736234161e-15,52142627604.65549
72910.0,-29218622.034892455,-7.139838985724316e-15,52142627604.65549
72920.0,-29218622.03489253,-9.689781480625856e-15,52142627604.655426
72930.0,-29218622.03489256,-1.0709758478586473e-14,52142627604.6554
72940.0,-29218622.03489225,-1.2749712474507706e-16,52142627604.65566
72950.0,-29218622.03489219,1.912456871176156e-15,52142627604.655716
72960.0,-29218622.034892444,-6.757347611489084e-15,52142627604.655495
72970.0,-29218622.034892444,-6.757347611489084e-15,52142627604.65549
72980.0,-29218622.034892526,-9.56228435588078e-15,52142627604.65542
72990.0,-29218622.03489255,-1.0454764229096318e-14,52142627604.6554
73000.0,-29218622.034892265,-6.374856237253853e-16,52142627604.65566
73010.0,-29218622.034892183,2.16745112066631e-15,52142627604.65572
73020.0,-29218622.034892444,-6.757347611489084e-15,52142627604.655495
73030.0,-29218622.03489245,-7.012341860979239e-15,52142627604.655495
73040.0,-29218622.034892533,-9.817278605370933e-15,52142627604.655426
73050.0,-29218622.034892563,-1.083725560333155e-14,52142627604.655396
73060.0,-29218622.03489226,-5.099884989803082e-16,52142627604.65566
73070.0,-29218622.034892194,1.784959746431079e-15,52142627604.655716
73080.0,-29218622.034892447,-6.884844736234161e-15,52142627604.655495
73090.0,-29218622.034892455,-7.139838985724316e-15,52142627604.65548
73100.0,-29218622.034892537,-9.944775730116011e-15,52142627604.65541
73110.0,-29218622.03489257,-1.1092249852821704e-14,52142627604.65539
73120.0,-29218622.03489226,-5.099884989803082e-16,52142627604.65566
73130.0,-29218622.034892194,1.784959746431079e-15,52142627604.65572
73140.0,-29218622.03489244,-6.6298504867440075e-15,52142627604.655495
73150.0,-29218622.034892455,-7.139838985724316e-15,52142627604.65549
73160.0,-29218622.034892544,-1.0199769979606165e-14,52142627604.65542
73170.0,-29218622.03489255,-1.0454764229096318e-14,52142627604.655396
73180.0,-29218622.03489225,-1.2749712474507706e-16,52142627604.65566
73190.0,-29218622.034892198,1.6574626216860019e-15,52142627604.655716
73200.0,-29218622.03489245,-7.012341860979239e-15,52142627604.655495
73210.0,-29218622.03489245,-7.012341860979239e-15,52142627604.65549
73220.0,-29218622.034892537,-9.944775730116011e-15,52142627604.65542
73230.0,-29218622.03489256,-1.0709758478586473e-14,52142627604.6554
73240.0,-29218622.034892257,-3.824913742352312e-16,52142627604.65566
73250.0,-29218622.034892183,2.16745112066631e-15,52142627604.65573
73260.0,-29218622.034892444,-6.757347611489084e-15,52142627604.655495
73270.0,-29218622.03489245,-7.012341860979239e-15,52142627604.65549
73280.0,-29218622.034892518,-9.307290106390626e-15,52142627604.655426
73290.0,-29218622.034892548,-1.0327267104351242e-14,52142627604.6554
73300.0,-29218622.03489225,-1.2749712474507706e-16,52142627604.65568
73310.0,-29218622.03489217,2.5499424949015412e-15,52142627604.65573
73320.0,-29218622.034892436,-6.50235336199893e-15,52142627604.6555
73330.0,-29218622.034892444,-6.757347611489084e-15,52142627604.655495
73340.0,-29218622.034892518,-9.307290106390626e-15,52142627604.65543
73350.0,-29218622.034892555,-1.0582261353841397e-14,52142627604.65541
73360.0,-29218622.034892254,-2.549942494901541e-16,52142627604.65567
73370.0,-29218622.034892187,2.039953995921233e-15,52142627604.65572
73380.0,-29218622.03489244,-6.6298504867440075e-15,52142627604.655495
73390.0,-29218622.034892447,-6.884844736234161e-15,52142627604.655495
73400.0,-29218622.034892514,-9.179792981645549e-15,52142627604.65543
73410.0,-29218622.034892548,-1.0327267104351242e-14,52142627604.6554
73420.0,-29218622.034892254,-2.549942494901541e-16,52142627604.65568
73430.0,-29218622.034892183,2.16745112066631e-15,52142627604.65573
73440.0,-29218622.03489244,-6.6298504867440075e-15,52142627604.655495
73450.0,-29218622.034892447,-6.884844736234161e-15,52142627604.655495
73460.0,-29218622.03489253,-9.689781480625856e-15,52142627604.655426
73470.0,-29218622.034892544,-1.0199769979606165e-14,52142627604.6554
73480.0,-29218622.034892257,-3.824913742352312e-16,52142627604.65566
73490.0,-29218622.034892183,2.16745112066631e-15,52142627604.65573
73500.0,-29218622.03489244,-6.6298504867440075e-15,52142627604.655495
73510.0,-29218622.034892436,-6.50235336199893e-15,52142627604.655495
73520.0,-29218622.034892526,-9.56228435588078e-15,52142627604.65542
73530.0,-29218622.03489255,-1.0454764229096318e-14,52142627604.6554
73540.0,-29218622.03489225,-1.2749712474507706e-16,52142627604.65566
73550.0,-29218622.034892175,2.422445370156464e-15,52142627604.65573
73560.0,-29218622.034892436,-6.50235336199893e-15,52142627604.65551
73570.0,-29218622.03489245,-7.012341860979239e-15,52142627604.655495
73580.0,-29218622.034892526,-9.56228435588078e-15,52142627604.655426
73590.0,-29218622.034892548,-1.0327267104351242e-14,52142627604.6554
73600.0,-29218622.03489225,-1.2749712474507706e-16,52142627604.65568
73610.0,-29218622.03489217,2.5499424949015412e-15,52142627604.65573
73620.0,-29218622.034892436,-6.50235336199893e-15,52142627604.655495
73630.0,-29218622.034892447,-6.884844736234161e-15,52142627604.655495
73640.0,-29218622.034892518,-9.307290106390626e-15,52142627604.655426
73650.0,-29218622.034892563,-1.083725560333155e-14,52142627604.655396
73660.0,-29218622.034892254,-2.549942494901541e-16,52142627604.65566
73670.0,-29218622.03489218,2.2949482454113873e-15,52142627604.65573
73680.0,-29218622.034892432,-6.374856237253853e-15,52142627604.655495
73690.0,-29218622.034892447,-6.884844736234161e-15,52142627604.655495
73700.0,-29218622.034892514,-9.179792981645549e-15,52142627604.655426
73710.0,-29218622.03489256,-1.0709758478586473e-14,52142627604.655396
73720.0,-29218622.034892254,-2.549942494901541e-16,52142627604.65567
73730.0,-29218622.034892194,1.784959746431079e-15,52142627604.65572
73740.0,-29218622.03489244,-6.6298504867440075e-15,52142627604.655495
73750.0,-29218622.03489244,-6.6298504867440075e-15,52142627604.655495
73760.0,-29218622.03489252,-9.434787231135703e-15,52142627604.655426
73770.0,-29218622.034892544,-1.0199769979606165e-14,52142627604.655396
73780.0,-29218622.03489226,-5.099884989803082e-16,52142627604.65568
73790.0,-29218622.034892175,2.422445370156464e-15,52142627604.65574
73800.0,-29218622.03489244,-6.6298504867440075e-15,52142627604.655495
73810.0,-29218622.034892447,-6.884844736234161e-15,52142627604.655495
73820.0,-29218622.03489252,-9.434787231135703e-15,52142627604.655426
73830.0,-29218622.03489255,-1.0454764229096318e-14,52142627604.6554
73840.0,-29218622.03489225,-1.2749712474507706e-16,52142627604.65566
73850.0,-29218622.034892183,2.16745112066631e-15,52142627604.65574
73860.0,-29218622.034892444,-6.757347611489084e-15,52142627604.655495
73870.0,-29218622.034892444,-6.757347611489084e-15,52142627604.655495
73880.0,-29218622.034892526,-9.56228435588078e-15,52142627604.655426
73890.0,-29218622.03489255,-1.0454764229096318e-14,52142627604.6554
73900.0,-29218622.034892242,1.2749712474507706e-16,52142627604.65568
73910.0,-29218622.034892175,2.422445370156464e-15,52142627604.65574
73920.0,-29218622.034892436,-6.50235336199893e-15,52142627604.655495
73930.0,-29218622.034892444,-6.757347611489084e-15,52142627604.655495
73940.0,-29218622.034892526,-9.56228435588078e-15,52142627604.655426
73950.0,-29218622.034892548,-1.0327267104351242e-14,52142627604.65541
73960.0,-29218622.03489225,-1.2749712474507706e-16,52142627604.65568
73970.0,-29218622.03489218,2.2949482454113873e-15,52142627604.65573
73980.0,-29218622.034892436,-6.50235336199893e-15,52142627604.6555
73990.0,-29218622.034892444,-6.757347611489084e-15,52142627604.655495
74000.0,-29218622.034892526,-9.56228435588078e-15,52142627604.655426
74010.0,-29218622.03489254,-1.0072272854861088e-14,52142627604.6554
74020.0,-29218622.034892246,0.0,52142627604.65567
74030.0,-29218622.03489217,2.5499424949015412e-15,52142627604.65574
74040.0,-29218622.034892444,-6.757347611489084e-15,52142627604.655495
74050.0,-29218622.034892447,-6.884844736234161e-15,52142627604.655495
74060.0,-29218622.034892518,-9.307290106390626e-15,52142627604.655426
74070.0,-29218622.034892548,-1.0327267104351242e-14,52142627604.6554
74080.0,-29218622.03489224,2.549942494901541e-16,52142627604.65567
74090.0,-29218622.03489218,2.2949482454113873e-15,52142627604.65573
74100.0,-29218622.034892432,-6.374856237253853e-15,52142627604.65551
74110.0,-29218622.034892447,-6.884844736234161e-15,52142627604.655495
74120.0,-29218622.034892514,-9.179792981645549e-15,52142627604.655426
74130.0,-29218622.034892548,-1.0327267104351242e-14,52142627604.65541
74140.0,-29218622.034892254,-2.549942494901541e-16,52142627604.65567
74150.0,-29218622.03489218,2.2949482454113873e-15,52142627604.65573
74160.0,-29218622.034892447,-6.884844736234161e-15,52142627604.6555
74170.0,-29218622.034892455,-7.139838985724316e-15,52142627604.65549
74180.0,-29218622.034892514,-9.179792981645549e-15,52142627604.655426
74190.0,-29218622.03489255,-1.0454764229096318e-14,52142627604.6554
74200.0,-29218622.034892246,0.0,52142627604.65567
74210.0,-29218622.034892187,2.039953995921233e-15,52142627604.65573
74220.0,-29218622.034892432,-6.374856237253853e-15,52142627604.6555
74230.0,-29218622.03489244,-6.6298504867440075e-15,52142627604.655495
74240.0,-29218622.03489252,-9.434787231135703e-15,52142627604.655426
74250.0,-29218622.03489255,-1.0454764229096318e-14,52142627604.655396
74260.0,-29218622.03489226,-5.099884989803082e-16,52142627604.65566
74270.0,-29218622.03489218,2.2949482454113873e-15,52142627604.65573
74280.0,-29218622.03489244,-6.6298504867440075e-15,52142627604.65551
74290.0,-29218622.03489244,-6.6298504867440075e-15,52142627604.655495
74300.0,-29218622.03489252,-9.434787231135703e-15,52142627604.655426
74310.0,-29218622.034892537,-9.944775730116011e-15,52142627604.6554
74320.0,-29218622.03489226,-5.099884989803082e-16,52142627604.65566
74330.0,-29218622.034892183,2.16745112066631e-15,52142627604.65573
74340.0,-29218622.03489244,-6.6298504867440075e-15,52142627604.6555
74350.0,-29218622.03489244,-6.6298504867440075e-15,52142627604.655495
74360.0,-29218622.03489252,-9.434787231135703e-15,52142627604.655426
74370.0,-29218622.03489255,-1.0454764229096318e-14,52142627604.6554
74380.0,-29218622.03489226,-5.099884989803082e-16,52142627604.65566
74390.0,-29218622.034892183,2.16745112066631e-15,52142627604.65573
74400.0,-29218622.034892432,-6.374856237253853e-15,52142627604.65551
74410.0,-29218622.03489244,-6.6298504867440075e-15,52142627604.655495
74420.0,-29218622.034892514,-9.179792981645549e-15,52142627604.65543
74430.0,-29218622.034892544,-1.0199769979606165e-14,52142627604.65541
74440.0,-29218622.034892254,-2.549942494901541e-16,52142627604.65566
74450.0,-29218622.034892183,2.16745112066631e-15,52142627604.65573
74460.0,-29218622.034892432,-6.374856237253853e-15,52142627604.65551
74470.0,-29218622.03489244,-6.6298504867440075e-15,52142627604.655495
74480.0,-29218622.03489252,-9.434787231135703e-15,52142627604.65543
74490.0,-29218622.034892537,-9.944775730116011e-15,52142627604.65541
74500.0,-29218622.03489224,2.549942494901541e-16,52142627604.65568
74510.0,-29218622.034892183,2.16745112066631e-15,52142627604.65573
74520.0,-29218622.03489244,-6.6298504867440075e-15,52142627604.655495
74530.0,-29218622.03489244,-6.6298504867440075e-15,52142627604.655495
74540.0,-29218622.03489252,-9.434787231135703e-15,52142627604.655426
74550.0,-29218622.03489255,-1.0454764229096318e-14,52142627604.6554
74560.0,-29218622.034892254,-2.549942494901541e-16,52142627604.65568
74570.0,-29218622.034892183,2.16745112066631e-15,52142627604.65573
74580.0,-29218622.03489244,-6.6298504867440075e-15,52142627604.65551
74590.0,-29218622.03489244,-6.6298504867440075e-15,52142627604.655495
74600.0,-29218622.03489252,-9.434787231135703e-15,52142627604.655426
74610.0,-29218622.034892544,-1.0199769979606165e-14,52142627604.6554
74620.0,-29218622.034892254,-2.549942494901541e-16,52142627604.65566
74630.0,-29218622.034892183,2.16745112066631e-15,52142627604.65573
74640.0,-29218622.03489244,-6.6298504867440075e-15,52142627604.655495
74650.0,-29218622.03489244,-6.6298504867440075e-15,52142627604.655495
74660.0,-29218622.03489252,-9.434787231135703e-15,52142627604.655426
74670.0,-29218622.034892544,-1.0199769979606165e-14,52142627604.6554
74680.0,-29218622.034892254,-2.549942494901541e-16,52142627604.65567
74690.0,-29218622.034892175,2.422445370156464e-15,52142627604.65573
74700.0,-29218622.03489244,-6.6298504867440075e-15,52142627604.655495
74710.0,-29218622.034892447,-6.884844736234161e-15,52142627604.655495
74720.0,-29218622.03489252,-9.434787231135703e-15,52142627604.655426
74730.0,-29218622.03489256,-1.0709758478586473e-14,52142627604.655396
74740.0,-29218622.03489226,-5.099884989803082e-16,52142627604.65568
74750.0,-29218622.034892187,2.039953995921233e-15,52142627604.65573
74760.0,-29218622.034892432,-6.374856237253853e-15,52142627604.655495
74770.0,-29218622.034892455,-7.139838985724316e-15,52142627604.65549
74780.0,-29218622.03489253,-9.689781480625856e-15,52142627604.655426
74790.0,-29218622.03489255,-1.0454764229096318e-14,52142627604.6554
74800.0,-29218622.034892254,-2.549942494901541e-16,52142627604.65567
74810.0,-29218622.034892187,2.039953995921233e-15,52142627604.65572
74820.0,-29218622.034892447,-6.884844736234161e-15,52142627604.655495
74830.0,-29218622.034892455,-7.139838985724316e-15,52142627604.655495
74840.0,-29218622.03489253,-9.689781480625856e-15,52142627604.655426
74850.0,-29218622.03489256,-1.0709758478586473e-14,52142627604.655396
74860.0,-29218622.03489226,-5.099884989803082e-16,52142627604.65566
74870.0,-29218622.034892187,2.039953995921233e-15,52142627604.65573
74880.0,-29218622.034892447,-6.884844736234161e-15,52142627604.655495
74890.0,-29218622.034892455,-7.139838985724316e-15,52142627604.65549
74900.0,-29218622.03489252,-9.434787231135703e-15,52142627604.65542
74910.0,-29218622.034892563,-1.083725560333155e-14,52142627604.655396
74920.0,-29218622.03489226,-5.099884989803082e-16,52142627604.65566
74930.0,-29218622.034892187,2.039953995921233e-15,52142627604.65572
74940.0,-29218622.034892447,-6.884844736234161e-15,52142627604.655495
74950.0,-29218622.034892455,-7.139838985724316e-15,52142627604.65549
74960.0,-29218622.034892533,-9.817278605370933e-15,52142627604.655426
74970.0,-29218622.034892555,-1.0582261353841397e-14,52142627604.655396
74980.0,-29218622.034892254,-2.549942494901541e-16,52142627604.65566
74990.0,-29218622.03489218,2.2949482454113873e-15,52142627604.65572
75000.0,-29218622.03489246,-7.267336110469393e-15,52142627604.65549
75010.0,-29218622.03489246,-7.267336110469393e-15,52142627604.65549
75020.0,-29218622.034892533,-9.817278605370933e-15,52142627604.65542
75030.0,-29218622.034892563,-1.083725560333155e-14,52142627604.655396
75040.0,-29218622.034892265,-6.374856237253853e-16,52142627604.65566
75050.0,-29218622.034892187,2.039953995921233e-15,52142627604.65572
75060.0,-29218622.03489245,-7.012341860979239e-15,52142627604.655495
75070.0,-29218622.03489245,-7.012341860979239e-15,52142627604.65549
75080.0,-29218622.034892526,-9.56228435588078e-15,52142627604.655426
75090.0,-29218622.03489255,-1.0454764229096318e-14,52142627604.6554
75100.0,-29218622.034892257,-3.824913742352312e-16,52142627604.65566
75110.0,-29218622.034892198,1.6574626216860019e-15,52142627604.65572
75120.0,-29218622.034892444,-6.757347611489084e-15,52142627604.655495
75130.0,-29218622.034892444,-6.757347611489084e-15,52142627604.65549
75140.0,-29218622.034892537,-9.944775730116011e-15,52142627604.65542
75150.0,-29218622.03489256,-1.0709758478586473e-14,52142627604.655396
75160.0,-29218622.03489225,-1.2749712474507706e-16,52142627604.65566
75170.0,-29218622.034892198,1.6574626216860019e-15,52142627604.65572
75180.0,-29218622.034892455,-7.139838985724316e-15,52142627604.65549
75190.0,-29218622.034892455,-7.139838985724316e-15,52142627604.65549
75200.0,-29218622.034892537,-9.944775730116011e-15,52142627604.65541
75210.0,-29218622.03489256,-1.0709758478586473e-14,52142627604.65538
75220.0,-29218622.034892276,-1.0199769979606165e-15,52142627604.65565
75230.0,-29218622.034892187,2.039953995921233e-15,52142627604.65572
75240.0,-29218622.034892447,-6.884844736234161e-15,52142627604.655495
75250.0,-29218622.034892455,-7.139838985724316e-15,52142627604.65549
75260.0,-29218622.034892537,-9.944775730116011e-15,52142627604.65541
75270.0,-29218622.034892567,-1.0964752728076627e-14,52142627604.655396
75280.0,-29218622.03489226,-5.099884989803082e-16,52142627604.65566
75290.0,-29218622.03489218,2.2949482454113873e-15,52142627604.65573
75300.0,-29218622.03489244,-6.6298504867440075e-15,52142627604.655495
75310.0,-29218622.034892455,-7.139838985724316e-15,52142627604.65549
75320.0,-29218622.034892518,-9.307290106390626e-15,52142627604.655426
75330.0,-29218622.034892555,-1.0582261353841397e-14,52142627604.655396
75340.0,-29218622.034892254,-2.549942494901541e-16,52142627604.65566
75350.0,-29218622.03489218,2.2949482454113873e-15,52142627604.65573
75360.0,-29218622.034892444,-6.757347611489084e-15,52142627604.655495
75370.0,-29218622.03489245,-7.012341860979239e-15,52142627604.655495
75380.0,-29218622.034892533,-9.817278605370933e-15,52142627604.65542
75390.0,-29218622.034892548,-1.0327267104351242e-14,52142627604.65541
75400.0,-29218622.034892257,-3.824913742352312e-16,52142627604.65567
75410.0,-29218622.034892183,2.16745112066631e-15,52142627604.65573
75420.0,-29218622.034892444,-6.757347611489084e-15,52142627604.6555
75430.0,-29218622.034892444,-6.757347611489084e-15,52142627604.655495
75440.0,-29218622.03489253,-9.689781480625856e-15,52142627604.655426
75450.0,-29218622.034892544,-1.0199769979606165e-14,52142627604.65541
75460.0,-29218622.034892242,1.2749712474507706e-16,52142627604.65567
75470.0,-29218622.034892183,2.16745112066631e-15,52142627604.65573
75480.0,-29218622.03489244,-6.6298504867440075e-15,52142627604.655495
75490.0,-29218622.03489244,-6.6298504867440075e-15,52142627604.655495
75500.0,-29218622.034892514,-9.179792981645549e-15,52142627604.655426
75510.0,-29218622.034892537,-9.944775730116011e-15,52142627604.6554
75520.0,-29218622.034892254,-2.549942494901541e-16,52142627604.65568
75530.0,-29218622.034892187,2.039953995921233e-15,52142627604.65572
75540.0,-29218622.034892432,-6.374856237253853e-15,52142627604.65551
75550.0,-29218622.03489244,-6.6298504867440075e-15,52142627604.65551
75560.0,-29218622.034892533,-9.817278605370933e-15,52142627604.655426
75570.0,-29218622.03489254,-1.0072272854861088e-14,52142627604.65541
75580.0,-29218622.034892254,-2.549942494901541e-16,52142627604.65568
75590.0,-29218622.03489218,2.2949482454113873e-15,52142627604.65573
75600.0,-29218622.034892436,-6.50235336199893e-15,52142627604.65551
75610.0,-29218622.03489245,-7.012341860979239e-15,52142627604.655495
75620.0,-29218622.03489251,-9.05229585690047e-15,52142627604.65543
75630.0,-29218622.034892548,-1.0327267104351242e-14,52142627604.65541
75640.0,-29218622.03489225,-1.2749712474507706e-16,52142627604.65568
75650.0,-29218622.034892175,2.422445370156464e-15,52142627604.65573
75660.0,-29218622.03489243,-6.247359112508776e-15,52142627604.65551
75670.0,-29218622.034892444,-6.757347611489084e-15,52142627604.655495
75680.0,-29218622.03489252,-9.434787231135703e-15,52142627604.65544
75690.0,-29218622.034892544,-1.0199769979606165e-14,52142627604.65541
75700.0,-29218622.034892242,1.2749712474507706e-16,52142627604.65567
75710.0,-29218622.034892175,2.422445370156464e-15,52142627604.65573
75720.0,-29218622.03489244,-6.6298504867440075e-15,52142627604.655495
75730.0,-29218622.03489244,-6.6298504867440075e-15,52142627604.655495
75740.0,-29218622.03489252,-9.434787231135703e-15,52142627604.655426
75750.0,-29218622.034892537,-9.944775730116011e-15,52142627604.65541
75760.0,-29218622.034892246,0.0,52142627604.65568
75770.0,-29218622.03489217,2.5499424949015412e-15,52142627604.65575
75780.0,-29218622.034892432,-6.374856237253853e-15,52142627604.65551
75790.0,-29218622.034892432,-6.374856237253853e-15,52142627604.6555
75800.0,-29218622.03489251,-9.05229585690047e-15,52142627604.65544
75810.0,-29218622.034892533,-9.817278605370933e-15,52142627604.65542
75820.0,-29218622.034892246,0.0,52142627604.65568
75830.0,-29218622.03489218,2.2949482454113873e-15,52142627604.65574
75840.0,-29218622.03489243,-6.247359112508776e-15,52142627604.65551
75850.0,-29218622.034892444,-6.757347611489084e-15,52142627604.65551
75860.0,-29218622.03489251,-9.05229585690047e-15,52142627604.65543
75870.0,-29218622.03489254,-1.0072272854861088e-14,52142627604.65541
75880.0,-29218622.034892235,3.824913742352312e-16,52142627604.655685
75890.0,-29218622.03489216,2.9324338691367723e-15,52142627604.65575
75900.0,-29218622.03489243,-6.247359112508776e-15,52142627604.65551
75910.0,-29218622.034892436,-6.50235336199893e-15,52142627604.655495
75920.0,-29218622.034892518,-9.307290106390626e-15,52142627604.65543
75930.0,-29218622.034892544,-1.0199769979606165e-14,52142627604.65541
75940.0,-29218622.034892235,3.824913742352312e-16,52142627604.65568
75950.0,-29218622.034892168,2.6774396196466184e-15,52142627604.65574
75960.0,-29218622.034892425,-6.119861987763699e-15,52142627604.65551
75970.0,-29218622.03489244,-6.6298504867440075e-15,52142627604.6555
75980.0,-29218622.034892507,-8.924798732155394e-15,52142627604.65543
75990.0,-29218622.03489253,-9.689781480625856e-15,52142627604.65542
76000.0,-29218622.03489223,5.099884989803082e-16,52142627604.655685
76010.0,-29218622.034892157,3.0599309938818494e-15,52142627604.655754
76020.0,-29218622.034892417,-5.8648677382735446e-15,52142627604.655525
76030.0,-29218622.034892425,-6.119861987763699e-15,52142627604.65551
76040.0,-29218622.03489251,-9.05229585690047e-15,52142627604.65544
76050.0,-29218622.034892533,-9.817278605370933e-15,52142627604.65542
76060.0,-29218622.034892224,7.649827484704624e-16,52142627604.655685
76070.0,-29218622.034892164,2.8049367443916955e-15,52142627604.65575
76080.0,-29218622.034892414,-5.737370613528468e-15,52142627604.655525
76090.0,-29218622.034892414,-5.737370613528468e-15,52142627604.65552
76100.0,-29218622.034892503,-8.797301607410317e-15,52142627604.65545
76110.0,-29218622.034892526,-9.56228435588078e-15,52142627604.655426
76120.0,-29218622.034892228,6.374856237253853e-16,52142627604.65569
76130.0,-29218622.03489216,2.9324338691367723e-15,52142627604.655754
76140.0,-29218622.0348924,-5.227382114548159e-15,52142627604.655525
76150.0,-29218622.034892414,-5.737370613528468e-15,52142627604.655525
76160.0,-29218622.034892496,-8.542307357920164e-15,52142627604.65545
76170.0,-29218622.03489252,-9.434787231135703e-15,52142627604.655426
76180.0,-29218622.034892228,6.374856237253853e-16,52142627604.65569
76190.0,-29218622.03489216,2.9324338691367723e-15,52142627604.655754
76200.0,-29218622.03489242,-5.992364863018622e-15,52142627604.655525
76210.0,-29218622.034892425,-6.119861987763699e-15,52142627604.655525
76220.0,-29218622.034892492,-8.414810233175085e-15,52142627604.65546
76230.0,-29218622.034892537,-9.944775730116011e-15,52142627604.655426
76240.0,-29218622.034892228,6.374856237253853e-16,52142627604.65569
76250.0,-29218622.03489216,2.9324338691367723e-15,52142627604.65575
76260.0,-29218622.034892417,-5.8648677382735446e-15,52142627604.655525
76270.0,-29218622.034892432,-6.374856237253853e-15,52142627604.655525
76280.0,-29218622.0348925,-8.66980448266524e-15,52142627604.65544
76290.0,-29218622.03489253,-9.689781480625856e-15,52142627604.655426
76300.0,-29218622.03489224,2.549942494901541e-16,52142627604.655685
76310.0,-29218622.034892157,3.0599309938818494e-15,52142627604.65575
76320.0,-29218622.034892417,-5.8648677382735446e-15,52142627604.655525
76330.0,-29218622.034892417,-5.8648677382735446e-15,52142627604.65551
76340.0,-29218622.0348925,-8.66980448266524e-15,52142627604.65544
76350.0,-29218622.034892526,-9.56228435588078e-15,52142627604.655426
76360.0,-29218622.034892224,7.649827484704624e-16,52142627604.655685
76370.0,-29218622.034892157,3.0599309938818494e-15,52142627604.655754
76380.0,-29218622.03489241,-5.609873488783391e-15,52142627604.655525
76390.0,-29218622.034892425,-6.119861987763699e-15,52142627604.65551
76400.0,-29218622.034892496,-8.542307357920164e-15,52142627604.65545
76410.0,-29218622.034892526,-9.56228435588078e-15,52142627604.655426
76420.0,-29218622.034892224,7.649827484704624e-16,52142627604.655685
76430.0,-29218622.034892164,2.8049367443916955e-15,52142627604.65575
76440.0,-29218622.034892414,-5.737370613528468e-15,52142627604.655525
76450.0,-29218622.03489242,-5.992364863018622e-15,52142627604.655525
76460.0,-29218622.034892503,-8.797301607410317e-15,52142627604.65544
76470.0,-29218622.034892533,-9.817278605370933e-15,52142627604.65542
76480.0,-29218622.034892228,6.374856237253853e-16,52142627604.655685
76490.0,-29218622.03489216,2.9324338691367723e-15,52142627604.655754
76500.0,-29218622.034892414,-5.737370613528468e-15,52142627604.655525
76510.0,-29218622.034892414,-5.737370613528468e-15,52142627604.65552
76520.0,-29218622.034892496,-8.542307357920164e-15,52142627604.65545
76530.0,-29218622.03489253,-9.689781480625856e-15,52142627604.655426
76540.0,-29218622.034892242,1.2749712474507706e-16,52142627604.65569
76550.0,-29218622.034892168,2.6774396196466184e-15,52142627604.65575
76560.0,-29218622.03489242,-5.992364863018622e-15,52142627604.65551
76570.0,-29218622.034892414,-5.737370613528468e-15,52142627604.655525
76580.0,-29218622.034892507,-8.924798732155394e-15,52142627604.65544
76590.0,-29218622.034892537,-9.944775730116011e-15,52142627604.655426
76600.0,-29218622.034892228,6.374856237253853e-16,52142627604.655685
76610.0,-29218622.034892168,2.6774396196466184e-15,52142627604.65575
76620.0,-29218622.034892425,-6.119861987763699e-15,52142627604.655525
76630.0,-29218622.034892432,-6.374856237253853e-15,52142627604.65551
76640.0,-29218622.034892514,-9.179792981645549e-15,52142627604.65544
76650.0,-29218622.03489253,-9.689781480625856e-15,52142627604.65541
76660.0,-29218622.034892235,3.824913742352312e-16,52142627604.65568
76670.0,-29218622.034892168,2.6774396196466184e-15,52142627604.65575
76680.0,-29218622.034892432,-6.374856237253853e-15,52142627604.655525
76690.0,-29218622.034892432,-6.374856237253853e-15,52142627604.65551
76700.0,-29218622.034892507,-8.924798732155394e-15,52142627604.65544
76710.0,-29218622.034892537,-9.944775730116011e-15,52142627604.65541
76720.0,-29218622.03489224,2.549942494901541e-16,52142627604.65568
76730.0,-29218622.034892164,2.8049367443916955e-15,52142627604.655754
76740.0,-29218622.034892425,-6.119861987763699e-15,52142627604.655525
76750.0,-29218622.034892432,-6.374856237253853e-15,52142627604.65551
76760.0,-29218622.034892514,-9.179792981645549e-15,52142627604.65543
76770.0,-29218622.034892537,-9.944775730116011e-15,52142627604.65541
76780.0,-29218622.034892246,0.0,52142627604.65568
76790.0,-29218622.03489217,2.5499424949015412e-15,52142627604.65574
76800.0,-29218622.034892425,-6.119861987763699e-15,52142627604.65551
76810.0,-29218622.034892425,-6.119861987763699e-15,52142627604.65551
76820.0,-29218622.03489251,-9.05229585690047e-15,52142627604.65544
76830.0,-29218622.034892526,-9.56228435588078e-15,52142627604.655426
76840.0,-29218622.03489224,2.549942494901541e-16,52142627604.655685
76850.0,-29218622.034892164,2.8049367443916955e-15,52142627604.65575
76860.0,-29218622.034892425,-6.119861987763699e-15,52142627604.65551
76870.0,-29218622.03489244,-6.6298504867440075e-15,52142627604.65551
76880.0,-29218622.034892518,-9.307290106390626e-15,52142627604.65543
76890.0,-29218622.03489254,-1.0072272854861088e-14,52142627604.65541
76900.0,-29218622.03489223,5.099884989803082e-16,52142627604.655685
76910.0,-29218622.034892187,2.039953995921233e-15,52142627604.65573
76920.0,-29218622.034892436,-6.50235336199893e-15,52142627604.65551
76930.0,-29218622.034892444,-6.757347611489084e-15,52142627604.6555
76940.0,-29218622.034892518,-9.307290106390626e-15,52142627604.655426
76950.0,-29218622.03489254,-1.0072272854861088e-14,52142627604.65541
76960.0,-29218622.034892242,1.2749712474507706e-16,52142627604.65568
76970.0,-29218622.03489217,2.5499424949015412e-15,52142627604.65573
76980.0,-29218622.034892436,-6.50235336199893e-15,52142627604.65551
76990.0,-29218622.034892436,-6.50235336199893e-15,52142627604.6555
77000.0,-29218622.034892518,-9.307290106390626e-15,52142627604.65543
77010.0,-29218622.03489254,-1.0072272854861088e-14,52142627604.65541
77020.0,-29218622.034892242,1.2749712474507706e-16,52142627604.65568
77030.0,-29218622.03489217,2.5499424949015412e-15,52142627604.65573
77040.0,-29218622.03489242,-5.992364863018622e-15,52142627604.65551
77050.0,-29218622.034892436,-6.50235336199893e-15,52142627604.65551
77060.0,-29218622.034892518,-9.307290106390626e-15,52142627604.65543
77070.0,-29218622.034892533,-9.817278605370933e-15,52142627604.65542
77080.0,-29218622.034892235,3.824913742352312e-16,52142627604.65568
77090.0,-29218622.03489217,2.5499424949015412e-15,52142627604.65575
77100.0,-29218622.03489243,-6.247359112508776e-15,52142627604.65552
77110.0,-29218622.034892436,-6.50235336199893e-15,52142627604.6555
77120.0,-29218622.03489251,-9.05229585690047e-15,52142627604.65543
77130.0,-29218622.03489254,-1.0072272854861088e-14,52142627604.65541
77140.0,-29218622.034892257,-3.824913742352312e-16,52142627604.65568
77150.0,-29218622.034892175,2.422445370156464e-15,52142627604.65575
77160.0,-29218622.03489243,-6.247359112508776e-15,52142627604.65551
77170.0,-29218622.03489243,-6.247359112508776e-15,52142627604.65551
77180.0,-29218622.03489251,-9.05229585690047e-15,52142627604.655426
77190.0,-29218622.034892533,-9.817278605370933e-15,52142627604.655426
77200.0,-29218622.034892257,-3.824913742352312e-16,52142627604.65568
77210.0,-29218622.03489218,2.2949482454113873e-15,52142627604.65573
77220.0,-29218622.034892436,-6.50235336199893e-15,52142627604.6555
77230.0,-29218622.03489243,-6.247359112508776e-15,52142627604.65551
77240.0,-29218622.034892503,-8.797301607410317e-15,52142627604.65543
77250.0,-29218622.03489254,-1.0072272854861088e-14,52142627604.65541
77260.0,-29218622.03489225,-1.2749712474507706e-16,52142627604.655685
77270.0,-29218622.03489218,2.2949482454113873e-15,52142627604.65573
77280.0,-29218622.03489243,-6.247359112508776e-15,52142627604.65551
77290.0,-29218622.034892436,-6.50235336199893e-15,52142627604.6555
77300.0,-29218622.034892503,-8.797301607410317e-15,52142627604.65545
77310.0,-29218622.034892533,-9.817278605370933e-15,52142627604.65542
77320.0,-29218622.034892228,6.374856237253853e-16,52142627604.65568
77330.0,-29218622.034892175,2.422445370156464e-15,52142627604.65575
77340.0,-29218622.03489243,-6.247359112508776e-15,52142627604.65552
77350.0,-29218622.034892436,-6.50235336199893e-15,52142627604.6555
77360.0,-29218622.034892518,-9.307290106390626e-15,52142627604.65543
77370.0,-29218622.034892518,-9.307290106390626e-15,52142627604.655426
77380.0,-29218622.034892235,3.824913742352312e-16,52142627604.65569
77390.0,-29218622.034892168,2.6774396196466184e-15,52142627604.65575
77400.0,-29218622.03489242,-5.992364863018622e-15,52142627604.65551
77410.0,-29218622.03489243,-6.247359112508776e-15,52142627604.65551
77420.0,-29218622.034892518,-9.307290106390626e-15,52142627604.65544
77430.0,-29218622.034892533,-9.817278605370933e-15,52142627604.65542
77440.0,-29218622.034892228,6.374856237253853e-16,52142627604.65569
77450.0,-29218622.03489217,2.5499424949015412e-15,52142627604.65575
77460.0,-29218622.03489243,-6.247359112508776e-15,52142627604.65552
77470.0,-29218622.034892436,-6.50235336199893e-15,52142627604.6555
77480.0,-29218622.03489251,-9.05229585690047e-15,52142627604.65543
77490.0,-29218622.034892533,-9.817278605370933e-15,52142627604.65542
77500.0,-29218622.03489223,5.099884989803082e-16,52142627604.65569
77510.0,-29218622.03489217,2.5499424949015412e-15,52142627604.65574
77520.0,-29218622.034892425,-6.119861987763699e-15,52142627604.65551
77530.0,-29218622.03489243,-6.247359112508776e-15,52142627604.65551
77540.0,-29218622.034892518,-9.307290106390626e-15,52142627604.65544
77550.0,-29218622.03489254,-1.0072272854861088e-14,52142627604.65541
77560.0,-29218622.03489224,2.549942494901541e-16,52142627604.65568
77570.0,-29218622.03489218,2.2949482454113873e-15,52142627604.65573
77580.0,-29218622.034892432,-6.374856237253853e-15,52142627604.65551
77590.0,-29218622.03489244,-6.6298504867440075e-15,52142627604.655495
77600.0,-29218622.034892514,-9.179792981645549e-15,52142627604.65544
77610.0,-29218622.03489254,-1.0072272854861088e-14,52142627604.65541
77620.0,-29218622.034892246,0.0,52142627604.65567
77630.0,-29218622.03489218,2.2949482454113873e-15,52142627604.65573
77640.0,-29218622.034892432,-6.374856237253853e-15,52142627604.655495
77650.0,-29218622.03489244,-6.6298504867440075e-15,52142627604.655495
77660.0,-29218622.03489252,-9.434787231135703e-15,52142627604.655426
77670.0,-29218622.03489255,-1.0454764229096318e-14,52142627604.655396
77680.0,-29218622.034892254,-2.549942494901541e-16,52142627604.65567
77690.0,-29218622.034892175,2.422445370156464e-15,52142627604.65573
77700.0,-29218622.03489244,-6.6298504867440075e-15,52142627604.6555
77710.0,-29218622.034892447,-6.884844736234161e-15,52142627604.655495
77720.0,-29218622.034892514,-9.179792981645549e-15,52142627604.65544
77730.0,-29218622.034892544,-1.0199769979606165e-14,52142627604.65541
77740.0,-29218622.03489223,5.099884989803082e-16,52142627604.655685
77750.0,-29218622.034892175,2.422445370156464e-15,52142627604.65573
77760.0,-29218622.03489244,-6.6298504867440075e-15,52142627604.65551
77770.0,-29218622.034892436,-6.50235336199893e-15,52142627604.655495
77780.0,-29218622.03489253,-9.689781480625856e-15,52142627604.655426
77790.0,-29218622.034892544,-1.0199769979606165e-14,52142627604.6554
77800.0,-29218622.03489225,-1.2749712474507706e-16,52142627604.65568
77810.0,-29218622.034892183,2.16745112066631e-15,52142627604.65573
77820.0,-29218622.034892444,-6.757347611489084e-15,52142627604.6555
77830.0,-29218622.034892444,-6.757347611489084e-15,52142627604.655495
77840.0,-29218622.034892518,-9.307290106390626e-15,52142627604.65543
77850.0,-29218622.03489254,-1.0072272854861088e-14,52142627604.65541
77860.0,-29218622.03489225,-1.2749712474507706e-16,52142627604.65568
77870.0,-29218622.034892175,2.422445370156464e-15,52142627604.65573
77880.0,-29218622.034892436,-6.50235336199893e-15,52142627604.6555
77890.0,-29218622.034892436,-6.50235336199893e-15,52142627604.655495
77900.0,-29218622.03489251,-9.05229585690047e-15,52142627604.655426
77910.0,-29218622.03489254,-1.0072272854861088e-14,52142627604.65541
77920.0,-29218622.034892242,1.2749712474507706e-16,52142627604.65568
77930.0,-29218622.034892187,2.039953995921233e-15,52142627604.65573
77940.0,-29218622.03489243,-6.247359112508776e-15,52142627604.6555
77950.0,-29218622.03489245,-7.012341860979239e-15,52142627604.655495
77960.0,-29218622.034892518,-9.307290106390626e-15,52142627604.65543
77970.0,-29218622.03489254,-1.0072272854861088e-14,52142627604.6554
77980.0,-29218622.034892246,0.0,52142627604.65568
77990.0,-29218622.034892187,2.039953995921233e-15,52142627604.65573
78000.0,-29218622.034892432,-6.374856237253853e-15,52142627604.6555
78010.0,-29218622.034892432,-6.374856237253853e-15,52142627604.655495
78020.0,-29218622.03489253,-9.689781480625856e-15,52142627604.655426
78030.0,-29218622.03489254,-1.0072272854861088e-14,52142627604.6554
78040.0,-29218622.034892254,-2.549942494901541e-16,52142627604.65567
78050.0,-29218622.03489218,2.2949482454113873e-15,52142627604.65573
78060.0,-29218622.034892425,-6.119861987763699e-15,52142627604.65551
78070.0,-29218622.034892447,-6.884844736234161e-15,52142627604.655495
78080.0,-29218622.034892514,-9.179792981645549e-15,52142627604.655426
78090.0,-29218622.034892537,-9.944775730116011e-15,52142627604.65541
78100.0,-29218622.034892246,0.0,52142627604.65568
78110.0,-29218622.034892175,2.422445370156464e-15,52142627604.65573
78120.0,-29218622.034892432,-6.374856237253853e-15,52142627604.65551
78130.0,-29218622.034892447,-6.884844736234161e-15,52142627604.6555
78140.0,-29218622.03489252,-9.434787231135703e-15,52142627604.655426
78150.0,-29218622.034892544,-1.0199769979606165e-14,52142627604.65541
78160.0,-29218622.034892242,1.2749712474507706e-16,52142627604.65568
78170.0,-29218622.034892183,2.16745112066631e-15,52142627604.65573
78180.0,-29218622.034892436,-6.50235336199893e-15,52142627604.6555
78190.0,-29218622.034892436,-6.50235336199893e-15,52142627604.6555
78200.0,-29218622.03489251,-9.05229585690047e-15,52142627604.65544
78210.0,-29218622.034892544,-1.0199769979606165e-14,52142627604.6554
78220.0,-29218622.03489225,-1.2749712474507706e-16,52142627604.65567
78230.0,-29218622.03489219,1.912456871176156e-15,52142627604.65573
78240.0,-29218622.034892444,-6.757347611489084e-15,52142627604.655495
78250.0,-29218622.034892444,-6.757347611489084e-15,52142627604.6555
78260.0,-29218622.034892518,-9.307290106390626e-15,52142627604.65543
78270.0,-29218622.034892555,-1.0582261353841397e-14,52142627604.6554
78280.0,-29218622.034892257,-3.824913742352312e-16,52142627604.65566
78290.0,-29218622.03489218,2.2949482454113873e-15,52142627604.65572
78300.0,-29218622.034892436,-6.50235336199893e-15,52142627604.655495
78310.0,-29218622.03489246,-7.267336110469393e-15,52142627604.655495
78320.0,-29218622.034892526,-9.56228435588078e-15,52142627604.655426
78330.0,-29218622.034892555,-1.0582261353841397e-14,52142627604.6554
78340.0,-29218622.03489226,-5.099884989803082e-16,52142627604.65566
78350.0,-29218622.03489217,2.5499424949015412e-15,52142627604.65573
78360.0,-29218622.03489244,-6.6298504867440075e-15,52142627604.6555
78370.0,-29218622.03489244,-6.6298504867440075e-15,52142627604.655495
78380.0,-29218622.034892526,-9.56228435588078e-15,52142627604.655426
78390.0,-29218622.034892548,-1.0327267104351242e-14,52142627604.6554
78400.0,-29218622.03489224,2.549942494901541e-16,52142627604.65566
78410.0,-29218622.03489217,2.5499424949015412e-15,52142627604.65573
78420.0,-29218622.034892432,-6.374856237253853e-15,52142627604.65551
78430.0,-29218622.034892432,-6.374856237253853e-15,52142627604.6555
78440.0,-29218622.034892514,-9.179792981645549e-15,52142627604.655426
78450.0,-29218622.034892544,-1.0199769979606165e-14,52142627604.6554
78460.0,-29218622.034892254,-2.549942494901541e-16,52142627604.65567
78470.0,-29218622.03489218,2.2949482454113873e-15,52142627604.65573
78480.0,-29218622.034892432,-6.374856237253853e-15,52142627604.65551
78490.0,-29218622.034892447,-6.884844736234161e-15,52142627604.655495
78500.0,-29218622.03489253,-9.689781480625856e-15,52142627604.655426
78510.0,-29218622.034892537,-9.944775730116011e-15,52142627604.65541
78520.0,-29218622.034892242,1.2749712474507706e-16,52142627604.65568
78530.0,-29218622.034892175,2.422445370156464e-15,52142627604.65573
78540.0,-29218622.034892432,-6.374856237253853e-15,52142627604.6555
78550.0,-29218622.034892436,-6.50235336199893e-15,52142627604.655495
78560.0,-29218622.03489253,-9.689781480625856e-15,52142627604.65543
78570.0,-29218622.034892544,-1.0199769979606165e-14,52142627604.655396
78580.0,-29218622.034892242,1.2749712474507706e-16,52142627604.65568
78590.0,-29218622.034892183,2.16745112066631e-15,52142627604.65572
78600.0,-29218622.034892444,-6.757347611489084e-15,52142627604.655495
78610.0,-29218622.034892444,-6.757347611489084e-15,52142627604.6555
78620.0,-29218622.03489251,-9.05229585690047e-15,52142627604.655426
78630.0,-29218622.034892555,-1.0582261353841397e-14,52142627604.6554
78640.0,-29218622.034892257,-3.824913742352312e-16,52142627604.65566
78650.0,-29218622.034892187,2.039953995921233e-15,52142627604.655716
78660.0,-29218622.034892444,-6.757347611489084e-15,52142627604.655495
78670.0,-29218622.03489246,-7.267336110469393e-15,52142627604.65549
78680.0,-29218622.034892526,-9.56228435588078e-15,52142627604.655426
78690.0,-29218622.034892555,-1.0582261353841397e-14,52142627604.6554
78700.0,-29218622.03489226,-5.099884989803082e-16,52142627604.65566
78710.0,-29218622.03489218,2.2949482454113873e-15,52142627604.65573
78720.0,-29218622.03489244,-6.6298504867440075e-15,52142627604.655495
78730.0,-29218622.03489244,-6.6298504867440075e-15,52142627604.655495
78740.0,-29218622.034892526,-9.56228435588078e-15,52142627604.65542
78750.0,-29218622.034892555,-1.0582261353841397e-14,52142627604.6554
78760.0,-29218622.034892254,-2.549942494901541e-16,52142627604.65566
78770.0,-29218622.03489218,2.2949482454113873e-15,52142627604.65572
78780.0,-29218622.034892447,-6.884844736234161e-15,52142627604.6555
78790.0,-29218622.034892447,-6.884844736234161e-15,52142627604.655495
78800.0,-29218622.03489253,-9.689781480625856e-15,52142627604.65542
78810.0,-29218622.034892544,-1.0199769979606165e-14,52142627604.6554
78820.0,-29218622.034892254,-2.549942494901541e-16,52142627604.65566
78830.0,-29218622.034892183,2.16745112066631e-15,52142627604.65572
78840.0,-29218622.034892447,-6.884844736234161e-15,52142627604.6555
78850.0,-29218622.03489244,-6.6298504867440075e-15,52142627604.655495
78860.0,-29218622.03489253,-9.689781480625856e-15,52142627604.655426
78870.0,-29218622.034892544,-1.0199769979606165e-14,52142627604.655396
78880.0,-29218622.03489225,-1.2749712474507706e-16,52142627604.65567
78890.0,-29218622.034892183,2.16745112066631e-15,52142627604.65573
78900.0,-29218622.034892444,-6.757347611489084e-15,52142627604.655495
78910.0,-29218622.03489245,-7.012341860979239e-15,52142627604.655495
78920.0,-29218622.034892526,-9.56228435588078e-15,52142627604.655426
78930.0,-29218622.034892548,-1.0327267104351242e-14,52142627604.655396
78940.0,-29218622.034892257,-3.824913742352312e-16,52142627604.65566
78950.0,-29218622.03489219,1.912456871176156e-15,52142627604.65573
78960.0,-29218622.034892444,-6.757347611489084e-15,52142627604.6555
78970.0,-29218622.03489246,-7.267336110469393e-15,52142627604.655495
78980.0,-29218622.034892533,-9.817278605370933e-15,52142627604.65542
78990.0,-29218622.034892563,-1.083725560333155e-14,52142627604.65539
79000.0,-29218622.034892265,-6.374856237253853e-16,52142627604.65566
79010.0,-29218622.03489218,2.2949482454113873e-15,52142627604.65573
79020.0,-29218622.034892444,-6.757347611489084e-15,52142627604.6555
79030.0,-29218622.03489245,-7.012341860979239e-15,52142627604.655495
79040.0,-29218622.034892526,-9.56228435588078e-15,52142627604.655426
79050.0,-29218622.034892555,-1.0582261353841397e-14,52142627604.655396
79060.0,-29218622.034892246,0.0,52142627604.65567
79070.0,-29218622.03489218,2.2949482454113873e-15,52142627604.65573
79080.0,-29218622.03489244,-6.6298504867440075e-15,52142627604.6555
79090.0,-29218622.03489244,-6.6298504867440075e-15,52142627604.655495
79100.0,-29218622.03489253,-9.689781480625856e-15,52142627604.655426
79110.0,-29218622.03489255,-1.0454764229096318e-14,52142627604.655396
79120.0,-29218622.034892254,-2.549942494901541e-16,52142627604.65567
79130.0,-29218622.034892187,2.039953995921233e-15,52142627604.65573
79140.0,-29218622.03489244,-6.6298504867440075e-15,52142627604.6555
79150.0,-29218622.03489244,-6.6298504867440075e-15,52142627604.6555
79160.0,-29218622.03489252,-9.434787231135703e-15,52142627604.655426
79170.0,-29218622.034892537,-9.944775730116011e-15,52142627604.6554
79180.0,-29218622.034892254,-2.549942494901541e-16,52142627604.65566
79190.0,-29218622.034892175,2.422445370156464e-15,52142627604.65573
79200.0,-29218622.03489244,-6.6298504867440075e-15,52142627604.6555
79210.0,-29218622.034892447,-6.884844736234161e-15,52142627604.6555
79220.0,-29218622.03489253,-9.689781480625856e-15,52142627604.655426
79230.0,-29218622.03489255,-1.0454764229096318e-14,52142627604.6554
79240.0,-29218622.034892257,-3.824913742352312e-16,52142627604.655655
79250.0,-29218622.03489219,1.912456871176156e-15,52142627604.65573
79260.0,-29218622.034892436,-6.50235336199893e-15,52142627604.6555
79270.0,-29218622.034892444,-6.757347611489084e-15,52142627604.655495
79280.0,-29218622.034892533,-9.817278605370933e-15,52142627604.655426
79290.0,-29218622.034892548,-1.0327267104351242e-14,52142627604.655396
79300.0,-29218622.034892265,-6.374856237253853e-16,52142627604.65566
79310.0,-29218622.03489218,2.2949482454113873e-15,52142627604.65572
79320.0,-29218622.034892444,-6.757347611489084e-15,52142627604.6555
79330.0,-29218622.03489245,-7.012341860979239e-15,52142627604.655495
79340.0,-29218622.034892526,-9.56228435588078e-15,52142627604.65543
79350.0,-29218622.034892548,-1.0327267104351242e-14,52142627604.6554
79360.0,-29218622.034892254,-2.549942494901541e-16,52142627604.65568
79370.0,-29218622.03489218,2.2949482454113873e-15,52142627604.65572
79380.0,-29218622.034892436,-6.50235336199893e-15,52142627604.6555
79390.0,-29218622.034892447,-6.884844736234161e-15,52142627604.655495
79400.0,-29218622.034892526,-9.56228435588078e-15,52142627604.655426
79410.0,-29218622.034892548,-1.0327267104351242e-14,52142627604.65541
79420.0,-29218622.034892246,0.0,52142627604.65568
79430.0,-29218622.03489217,2.5499424949015412e-15,52142627604.65573
79440.0,-29218622.034892432,-6.374856237253853e-15,52142627604.6555
79450.0,-29218622.034892447,-6.884844736234161e-15,52142627604.655495
79460.0,-29218622.034892518,-9.307290106390626e-15,52142627604.655426
79470.0,-29218622.034892548,-1.0327267104351242e-14,52142627604.65541
79480.0,-29218622.034892246,0.0,52142627604.65568
79490.0,-29218622.034892187,2.039953995921233e-15,52142627604.65573
79500.0,-29218622.034892432,-6.374856237253853e-15,52142627604.6555
79510.0,-29218622.03489244,-6.6298504867440075e-15,52142627604.655495
79520.0,-29218622.03489252,-9.434787231135703e-15,52142627604.655426
79530.0,-29218622.034892544,-1.0199769979606165e-14,52142627604.6554
79540.0,-29218622.03489226,-5.099884989803082e-16,52142627604.65567
79550.0,-29218622.03489218,2.2949482454113873e-15,52142627604.65573
79560.0,-29218622.034892432,-6.374856237253853e-15,52142627604.6555
79570.0,-29218622.03489244,-6.6298504867440075e-15,52142627604.6555
79580.0,-29218622.03489252,-9.434787231135703e-15,52142627604.65543
79590.0,-29218622.034892537,-9.944775730116011e-15,52142627604.6554
79600.0,-29218622.034892246,0.0,52142627604.65567
79610.0,-29218622.034892175,2.422445370156464e-15,52142627604.65573
79620.0,-29218622.03489244,-6.6298504867440075e-15,52142627604.6555
79630.0,-29218622.03489244,-6.6298504867440075e-15,52142627604.6555
79640.0,-29218622.03489252,-9.434787231135703e-15,52142627604.655426
79650.0,-29218622.034892537,-9.944775730116011e-15,52142627604.6554
79660.0,-29218622.034892242,1.2749712474507706e-16,52142627604.65568
79670.0,-29218622.034892175,2.422445370156464e-15,52142627604.65573
79680.0,-29218622.034892432,-6.374856237253853e-15,52142627604.6555
79690.0,-29218622.034892436,-6.50235336199893e-15,52142627604.6555
79700.0,-29218622.03489252,-9.434787231135703e-15,52142627604.65543
79710.0,-29218622.034892544,-1.0199769979606165e-14,52142627604.6554
79720.0,-29218622.034892242,1.2749712474507706e-16,52142627604.65568
79730.0,-29218622.03489219,1.912456871176156e-15,52142627604.65573
79740.0,-29218622.034892436,-6.50235336199893e-15,52142627604.6555
79750.0,-29218622.034892444,-6.757347611489084e-15,52142627604.6555
79760.0,-29218622.03489252,-9.434787231135703e-15,52142627604.655426
79770.0,-29218622.034892544,-1.0199769979606165e-14,52142627604.655396
79780.0,-29218622.03489225,-1.2749712474507706e-16,52142627604.65566
79790.0,-29218622.03489219,1.912456871176156e-15,52142627604.65573
79800.0,-29218622.034892444,-6.757347611489084e-15,52142627604.655495
79810.0,-29218622.034892444,-6.757347611489084e-15,52142627604.655495
79820.0,-29218622.034892526,-9.56228435588078e-15,52142627604.655426
79830.0,-29218622.034892555,-1.0582261353841397e-14,52142627604.6554
79840.0,-29218622.034892257,-3.824913742352312e-16,52142627604.65566
79850.0,-29218622.034892183,2.16745112066631e-15,52142627604.65573
79860.0,-29218622.03489245,-7.012341860979239e-15,52142627604.655495
79870.0,-29218622.034892444,-6.757347611489084e-15,52142627604.655495
79880.0,-29218622.034892518,-9.307290106390626e-15,52142627604.655426
79890.0,-29218622.034892555,-1.0582261353841397e-14,52142627604.655396
79900.0,-29218622.034892257,-3.824913742352312e-16,52142627604.65566
79910.0,-29218622.03489218,2.2949482454113873e-15,52142627604.65572
79920.0,-29218622.034892444,-6.757347611489084e-15,52142627604.655495
79930.0,-29218622.034892444,-6.757347611489084e-15,52142627604.655495
79940.0,-29218622.034892518,-9.307290106390626e-15,52142627604.655426
79950.0,-29218622.034892548,-1.0327267104351242e-14,52142627604.6554
79960.0,-29218622.034892242,1.2749712474507706e-16,52142627604.65568
79970.0,-29218622.03489218,2.2949482454113873e-15,52142627604.65573
79980.0,-29218622.034892436,-6.50235336199893e-15,52142627604.65551
79990.0,-29218622.034892444,-6.757347611489084e-15,52142627604.655495
80000.0,-29218622.034892518,-9.307290106390626e-15,52142627604.655426
80010.0,-29218622.034892548,-1.0327267104351242e-14,52142627604.6554
80020.0,-29218622.034892257,-3.824913742352312e-16,52142627604.65568
80030.0,-29218622.034892187,2.039953995921233e-15,52142627604.65572
80040.0,-29218622.034892444,-6.757347611489084e-15,52142627604.655495
80050.0,-29218622.03489245,-7.012341860979239e-15,52142627604.655495
80060.0,-29218622.034892533,-9.817278605370933e-15,52142627604.65542
80070.0,-29218622.034892555,-1.0582261353841397e-14,52142627604.655396
80080.0,-29218622.034892257,-3.824913742352312e-16,52142627604.65566
80090.0,-29218622.034892187,2.039953995921233e-15,52142627604.65573
80100.0,-29218622.034892444,-6.757347611489084e-15,52142627604.6555
80110.0,-29218622.03489245,-7.012341860979239e-15,52142627604.655495
80120.0,-29218622.034892526,-9.56228435588078e-15,52142627604.655426
80130.0,-29218622.034892548,-1.0327267104351242e-14,52142627604.6554
80140.0,-29218622.034892257,-3.824913742352312e-16,52142627604.65566
80150.0,-29218622.034892187,2.039953995921233e-15,52142627604.65573
80160.0,-29218622.03489245,-7.012341860979239e-15,52142627604.655495
80170.0,-29218622.03489246,-7.267336110469393e-15,52142627604.65549
80180.0,-29218622.034892533,-9.817278605370933e-15,52142627604.65542
80190.0,-29218622.034892563,-1.083725560333155e-14,52142627604.655396
80200.0,-29218622.03489226,-5.099884989803082e-16,52142627604.65566
80210.0,-29218622.034892187,2.039953995921233e-15,52142627604.65572
80220.0,-29218622.03489245,-7.012341860979239e-15,52142627604.655495
80230.0,-29218622.03489246,-7.267336110469393e-15,52142627604.65549
80240.0,-29218622.034892533,-9.817278605370933e-15,52142627604.65542
80250.0,-29218622.034892555,-1.0582261353841397e-14,52142627604.6554
80260.0,-29218622.034892265,-6.374856237253853e-16,52142627604.655655
80270.0,-29218622.034892187,2.039953995921233e-15,52142627604.65572
80280.0,-29218622.03489245,-7.012341860979239e-15,52142627604.655495
80290.0,-29218622.03489245,-7.012341860979239e-15,52142627604.65549
80300.0,-29218622.034892533,-9.817278605370933e-15,52142627604.65541
80310.0,-29218622.034892563,-1.083725560333155e-14,52142627604.65539
80320.0,-29218622.034892265,-6.374856237253853e-16,52142627604.655655
80330.0,-29218622.034892187,2.039953995921233e-15,52142627604.655716
80340.0,-29218622.03489245,-7.012341860979239e-15,52142627604.655495
80350.0,-29218622.03489246,-7.267336110469393e-15,52142627604.65549
80360.0,-29218622.03489254,-1.0072272854861088e-14,52142627604.65542
80370.0,-29218622.034892555,-1.0582261353841397e-14,52142627604.6554
80380.0,-29218622.034892272,-8.924798732155395e-16,52142627604.655655
80390.0,-29218622.034892183,2.16745112066631e-15,52142627604.65572
80400.0,-29218622.03489246,-7.267336110469393e-15,52142627604.655495
80410.0,-29218622.03489246,-7.267336110469393e-15,52142627604.65549
80420.0,-29218622.034892526,-9.56228435588078e-15,52142627604.655426
80430.0,-29218622.03489256,-1.0709758478586473e-14,52142627604.655396
80440.0,-29218622.034892265,-6.374856237253853e-16,52142627604.655655
80450.0,-29218622.03489219,1.912456871176156e-15,52142627604.65572
80460.0,-29218622.03489245,-7.012341860979239e-15,52142627604.655495
80470.0,-29218622.034892444,-6.757347611489084e-15,52142627604.65549
80480.0,-29218622.034892533,-9.817278605370933e-15,52142627604.65541
80490.0,-29218622.03489256,-1.0709758478586473e-14,52142627604.655396
80500.0,-29218622.034892257,-3.824913742352312e-16,52142627604.655655
80510.0,-29218622.034892198,1.6574626216860019e-15,52142627604.65572
80520.0,-29218622.03489245,-7.012341860979239e-15,52142627604.65549
80530.0,-29218622.03489245,-7.012341860979239e-15,52142627604.65549
80540.0,-29218622.034892537,-9.944775730116011e-15,52142627604.65542
80550.0,-29218622.03489256,-1.0709758478586473e-14,52142627604.655396
80560.0,-29218622.03489225,-1.2749712474507706e-16,52142627604.65566
80570.0,-29218622.03489219,1.912456871176156e-15,52142627604.65573
80580.0,-29218622.034892447,-6.884844736234161e-15,52142627604.655495
80590.0,-29218622.034892455,-7.139838985724316e-15,52142627604.65549
80600.0,-29218622.034892537,-9.944775730116011e-15,52142627604.65542
80610.0,-29218622.03489255,-1.0454764229096318e-14,52142627604.655396
80620.0,-29218622.03489227,-7.649827484704624e-16,52142627604.65567
80630.0,-29218622.03489219,1.912456871176156e-15,52142627604.65573
80640.0,-29218622.03489244,-6.6298504867440075e-15,52142627604.655495
80650.0,-29218622.034892455,-7.139838985724316e-15,52142627604.655495
80660.0,-29218622.034892537,-9.944775730116011e-15,52142627604.65541
80670.0,-29218622.03489256,-1.0709758478586473e-14,52142627604.655396
80680.0,-29218622.03489227,-7.649827484704624e-16,52142627604.65565
80690.0,-29218622.0348922,1.5299654969409247e-15,52142627604.655716
80700.0,-29218622.034892462,-7.39483323521447e-15,52142627604.65549
80710.0,-29218622.034892462,-7.39483323521447e-15,52142627604.65549
80720.0,-29218622.034892537,-9.944775730116011e-15,52142627604.65542
80730.0,-29218622.03489257,-1.1092249852821704e-14,52142627604.65539
80740.0,-29218622.03489227,-7.649827484704624e-16,52142627604.65565
80750.0,-29218622.034892194,1.784959746431079e-15,52142627604.655716
80760.0,-29218622.034892455,-7.139838985724316e-15,52142627604.65549
80770.0,-29218622.034892462,-7.39483323521447e-15,52142627604.65548
80780.0,-29218622.03489254,-1.0072272854861088e-14,52142627604.65541
80790.0,-29218622.034892563,-1.083725560333155e-14,52142627604.655396
80800.0,-29218622.03489226,-5.099884989803082e-16,52142627604.65566
80810.0,-29218622.0348922,1.5299654969409247e-15,52142627604.65571
80820.0,-29218622.034892466,-7.522330359959546e-15,52142627604.65549
80830.0,-29218622.034892473,-7.7773246094497e-15,52142627604.65548
80840.0,-29218622.034892548,-1.0327267104351242e-14,52142627604.65541
80850.0,-29218622.034892563,-1.083725560333155e-14,52142627604.65538
80860.0,-29218622.034892272,-8.924798732155395e-16,52142627604.65565
80870.0,-29218622.034892216,1.0199769979606165e-15,52142627604.65571
80880.0,-29218622.034892466,-7.522330359959546e-15,52142627604.65548
80890.0,-29218622.034892473,-7.7773246094497e-15,52142627604.65547
80900.0,-29218622.034892548,-1.0327267104351242e-14,52142627604.65541
80910.0,-29218622.034892578,-1.1347244102311859e-14,52142627604.65538
80920.0,-29218622.034892272,-8.924798732155395e-16,52142627604.65565
80930.0,-29218622.034892213,1.1474741227056936e-15,52142627604.65571
80940.0,-29218622.03489245,-7.012341860979239e-15,52142627604.65549
80950.0,-29218622.03489246,-7.267336110469393e-15,52142627604.65549
80960.0,-29218622.034892537,-9.944775730116011e-15,52142627604.65541
80970.0,-29218622.034892574,-1.1219746977566782e-14,52142627604.65538
80980.0,-29218622.034892272,-8.924798732155395e-16,52142627604.65565
80990.0,-29218622.034892198,1.6574626216860019e-15,52142627604.655716
81000.0,-29218622.034892462,-7.39483323521447e-15,52142627604.65548
81010.0,-29218622.03489247,-7.649827484704623e-15,52142627604.65547
81020.0,-29218622.034892544,-1.0199769979606165e-14,52142627604.6554
81030.0,-29218622.034892574,-1.1219746977566782e-14,52142627604.65538
81040.0,-29218622.03489227,-7.649827484704624e-16,52142627604.65565
81050.0,-29218622.03489221,1.2749712474507706e-15,52142627604.65571
81060.0,-29218622.03489247,-7.649827484704623e-15,52142627604.65548
81070.0,-29218622.034892462,-7.39483323521447e-15,52142627604.65547
81080.0,-29218622.03489255,-1.0454764229096318e-14,52142627604.6554
81090.0,-29218622.03489257,-1.1092249852821704e-14,52142627604.65538
81100.0,-29218622.03489227,-7.649827484704624e-16,52142627604.65565
81110.0,-29218622.034892194,1.784959746431079e-15,52142627604.655716
81120.0,-29218622.034892466,-7.522330359959546e-15,52142627604.65549
81130.0,-29218622.034892466,-7.522330359959546e-15,52142627604.65548
81140.0,-29218622.034892548,-1.0327267104351242e-14,52142627604.65542
81150.0,-29218622.03489257,-1.1092249852821704e-14,52142627604.65538
81160.0,-29218622.034892272,-8.924798732155395e-16,52142627604.65565
81170.0,-29218622.03489219,1.912456871176156e-15,52142627604.65571
81180.0,-29218622.03489246,-7.267336110469393e-15,52142627604.655495
81190.0,-29218622.034892466,-7.522330359959546e-15,52142627604.65548
81200.0,-29218622.03489254,-1.0072272854861088e-14,52142627604.65541
81210.0,-29218622.03489257,-1.1092249852821704e-14,52142627604.65538
81220.0,-29218622.034892265,-6.374856237253853e-16,52142627604.65565
81230.0,-29218622.034892213,1.1474741227056936e-15,52142627604.65571
81240.0,-29218622.03489246,-7.267336110469393e-15,52142627604.65549
81250.0,-29218622.034892466,-7.522330359959546e-15,52142627604.65549
81260.0,-29218622.034892537,-9.944775730116011e-15,52142627604.65542
81270.0,-29218622.034892567,-1.0964752728076627e-14,52142627604.65539
81280.0,-29218622.034892265,-6.374856237253853e-16,52142627604.65565
81290.0,-29218622.034892198,1.6574626216860019e-15,52142627604.65571
81300.0,-29218622.034892462,-7.39483323521447e-15,52142627604.65549
81310.0,-29218622.034892462,-7.39483323521447e-15,52142627604.65549
81320.0,-29218622.034892537,-9.944775730116011e-15,52142627604.65541
81330.0,-29218622.034892574,-1.1219746977566782e-14,52142627604.65539
81340.0,-29218622.034892283,-1.2749712474507706e-15,52142627604.65565
81350.0,-29218622.03489221,1.2749712474507706e-15,52142627604.65571
81360.0,-29218622.034892455,-7.139838985724316e-15,52142627604.65549
81370.0,-29218622.03489247,-7.649827484704623e-15,52142627604.65548
81380.0,-29218622.034892533,-9.817278605370933e-15,52142627604.65541
81390.0,-29218622.034892578,-1.1347244102311859e-14,52142627604.65538
81400.0,-29218622.03489227,-7.649827484704624e-16,52142627604.65565
81410.0,-29218622.0348922,1.5299654969409247e-15,52142627604.65571
81420.0,-29218622.034892466,-7.522330359959546e-15,52142627604.65548
81430.0,-29218622.034892473,-7.7773246094497e-15,52142627604.65547
81440.0,-29218622.034892548,-1.0327267104351242e-14,52142627604.65541
81450.0,-29218622.034892563,-1.083725560333155e-14,52142627604.65539
81460.0,-29218622.034892257,-3.824913742352312e-16,52142627604.65566
81470.0,-29218622.03489219,1.912456871176156e-15,52142627604.655716
81480.0,-29218622.03489245,-7.012341860979239e-15,52142627604.65549
81490.0,-29218622.03489246,-7.267336110469393e-15,52142627604.65549
81500.0,-29218622.03489254,-1.0072272854861088e-14,52142627604.65541
81510.0,-29218622.034892574,-1.1219746977566782e-14,52142627604.655396
81520.0,-29218622.034892265,-6.374856237253853e-16,52142627604.65565
81530.0,-29218622.034892198,1.6574626216860019e-15,52142627604.655716
81540.0,-29218622.034892462,-7.39483323521447e-15,52142627604.65549
81550.0,-29218622.034892462,-7.39483323521447e-15,52142627604.65548
81560.0,-29218622.034892544,-1.0199769979606165e-14,52142627604.65541
81570.0,-29218622.034892567,-1.0964752728076627e-14,52142627604.65539
81580.0,-29218622.034892283,-1.2749712474507706e-15,52142627604.65565
81590.0,-29218622.034892213,1.1474741227056936e-15,52142627604.65571
81600.0,-29218622.034892462,-7.39483323521447e-15,52142627604.65549
81610.0,-29218622.034892455,-7.139838985724316e-15,52142627604.65547
81620.0,-29218622.03489255,-1.0454764229096318e-14,52142627604.6554
81630.0,-29218622.034892567,-1.0964752728076627e-14,52142627604.65538
81640.0,-29218622.034892283,-1.2749712474507706e-15,52142627604.65565
81650.0,-29218622.034892216,1.0199769979606165e-15,52142627604.65571
81660.0,-29218622.034892455,-7.139838985724316e-15,52142627604.65549
81670.0,-29218622.034892477,-7.904821734194778e-15,52142627604.65547
81680.0,-29218622.034892548,-1.0327267104351242e-14,52142627604.655396
81690.0,-29218622.034892578,-1.1347244102311859e-14,52142627604.65539
81700.0,-29218622.034892276,-1.0199769979606165e-15,52142627604.65565
81710.0,-29218622.0348922,1.5299654969409247e-15,52142627604.65571
81720.0,-29218622.034892466,-7.522330359959546e-15,52142627604.65548
81730.0,-29218622.03489248,-8.032318858939855e-15,52142627604.65547
81740.0,-29218622.034892555,-1.0582261353841397e-14,52142627604.655396
81750.0,-29218622.03489257,-1.1092249852821704e-14,52142627604.65538
81760.0,-29218622.03489228,-1.1474741227056936e-15,52142627604.65565
81770.0,-29218622.034892205,1.4024683721958478e-15,52142627604.65571
81780.0,-29218622.034892466,-7.522330359959546e-15,52142627604.65548
81790.0,-29218622.034892473,-7.7773246094497e-15,52142627604.65547
81800.0,-29218622.03489255,-1.0454764229096318e-14,52142627604.6554
81810.0,-29218622.034892567,-1.0964752728076627e-14,52142627604.65538
81820.0,-29218622.034892272,-8.924798732155395e-16,52142627604.65565
81830.0,-29218622.034892213,1.1474741227056936e-15,52142627604.65571
81840.0,-29218622.03489247,-7.649827484704623e-15,52142627604.65548
81850.0,-29218622.034892477,-7.904821734194778e-15,52142627604.65547
81860.0,-29218622.034892544,-1.0199769979606165e-14,52142627604.65541
81870.0,-29218622.034892574,-1.1219746977566782e-14,52142627604.65538
81880.0,-29218622.034892276,-1.0199769979606165e-15,52142627604.65565
81890.0,-29218622.03489221,1.2749712474507706e-15,52142627604.65571
81900.0,-29218622.034892455,-7.139838985724316e-15,52142627604.65548
81910.0,-29218622.03489247,-7.649827484704623e-15,52142627604.65547
81920.0,-29218622.03489255,-1.0454764229096318e-14,52142627604.6554
81930.0,-29218622.034892585,-1.1602238351802012e-14,52142627604.65538
81940.0,-29218622.034892283,-1.2749712474507706e-15,52142627604.65565
81950.0,-29218622.03489221,1.2749712474507706e-15,52142627604.65571
81960.0,-29218622.034892462,-7.39483323521447e-15,52142627604.65548
81970.0,-29218622.034892477,-7.904821734194778e-15,52142627604.65547
81980.0,-29218622.034892555,-1.0582261353841397e-14,52142627604.655396
81990.0,-29218622.034892585,-1.1602238351802012e-14,52142627604.65538
82000.0,-29218622.034892283,-1.2749712474507706e-15,52142627604.65565
82010.0,-29218622.03489221,1.2749712474507706e-15,52142627604.65571
82020.0,-29218622.034892473,-7.7773246094497e-15,52142627604.65548
82030.0,-29218622.03489249,-8.287313108430009e-15,52142627604.65547
82040.0,-29218622.034892563,-1.083725560333155e-14,52142627604.655396
82050.0,-29218622.034892585,-1.1602238351802012e-14,52142627604.655365
82060.0,-29218622.034892287,-1.4024683721958478e-15,52142627604.65564
82070.0,-29218622.03489222,8.924798732155395e-16,52142627604.6557
82080.0,-29218622.03489248,-8.032318858939855e-15,52142627604.65547
82090.0,-29218622.03489249,-8.287313108430009e-15,52142627604.655464
82100.0,-29218622.034892555,-1.0582261353841397e-14,52142627604.6554
82110.0,-29218622.034892574,-1.1219746977566782e-14,52142627604.65538
82120.0,-29218622.03489228,-1.1474741227056936e-15,52142627604.65565
82130.0,-29218622.03489222,8.924798732155395e-16,52142627604.65569
82140.0,-29218622.034892473,-7.7773246094497e-15,52142627604.65548
82150.0,-29218622.03489249,-8.287313108430009e-15,52142627604.655464
82160.0,-29218622.03489257,-1.1092249852821704e-14,52142627604.65539
82170.0,-29218622.03489259,-1.1729735476547089e-14,52142627604.655365
82180.0,-29218622.034892287,-1.4024683721958478e-15,52142627604.65563
82190.0,-29218622.03489222,8.924798732155395e-16,52142627604.6557
82200.0,-29218622.03489247,-7.649827484704623e-15,52142627604.65547
82210.0,-29218622.03489249,-8.287313108430009e-15,52142627604.655464
82220.0,-29218622.034892567,-1.0964752728076627e-14,52142627604.655396
82230.0,-29218622.03489259,-1.1729735476547089e-14,52142627604.655365
82240.0,-29218622.034892283,-1.2749712474507706e-15,52142627604.65563
82250.0,-29218622.03489222,8.924798732155395e-16,52142627604.65569
82260.0,-29218622.034892477,-7.904821734194778e-15,52142627604.655464
82270.0,-29218622.034892485,-8.159815983684932e-15,52142627604.65546
82280.0,-29218622.03489256,-1.0709758478586473e-14,52142627604.655396
82290.0,-29218622.03489259,-1.1729735476547089e-14,52142627604.65537
82300.0,-29218622.034892306,-2.039953995921233e-15,52142627604.65563
82310.0,-29218622.034892228,6.374856237253853e-16,52142627604.65569
82320.0,-29218622.034892485,-8.159815983684932e-15,52142627604.655464
82330.0,-29218622.034892485,-8.159815983684932e-15,52142627604.65545
82340.0,-29218622.034892567,-1.0964752728076627e-14,52142627604.655396
82350.0,-29218622.034892604,-1.2239723975527398e-14,52142627604.65536
82360.0,-29218622.034892306,-2.039953995921233e-15,52142627604.65563
82370.0,-29218622.03489224,2.549942494901541e-16,52142627604.65568
82380.0,-29218622.034892492,-8.414810233175085e-15,52142627604.65546
82390.0,-29218622.034892492,-8.414810233175085e-15,52142627604.65546
82400.0,-29218622.03489257,-1.1092249852821704e-14,52142627604.65538
82410.0,-29218622.034892607,-1.2367221100272475e-14,52142627604.65536
82420.0,-29218622.034892306,-2.039953995921233e-15,52142627604.655624
82430.0,-29218622.03489224,2.549942494901541e-16,52142627604.655685
82440.0,-29218622.034892492,-8.414810233175085e-15,52142627604.65546
82450.0,-29218622.0348925,-8.66980448266524e-15,52142627604.65546
82460.0,-29218622.034892585,-1.1602238351802012e-14,52142627604.65538
82470.0,-29218622.0348926,-1.2112226850782321e-14,52142627604.655365
82480.0,-29218622.0348923,-1.784959746431079e-15,52142627604.65562
82490.0,-29218622.034892224,7.649827484704624e-16,52142627604.65569
82500.0,-29218622.03489249,-8.287313108430009e-15,52142627604.655464
82510.0,-29218622.034892496,-8.542307357920164e-15,52142627604.65546
82520.0,-29218622.03489257,-1.1092249852821704e-14,52142627604.65538
82530.0,-29218622.034892593,-1.1857232601292166e-14,52142627604.655365
82540.0,-29218622.034892295,-1.6574626216860019e-15,52142627604.65563
82550.0,-29218622.03489222,8.924798732155395e-16,52142627604.65569
82560.0,-29218622.03489249,-8.287313108430009e-15,52142627604.655464
82570.0,-29218622.03489249,-8.287313108430009e-15,52142627604.65546
82580.0,-29218622.034892563,-1.083725560333155e-14,52142627604.655396
82590.0,-29218622.0348926,-1.2112226850782321e-14,52142627604.655365
82600.0,-29218622.034892302,-1.912456871176156e-15,52142627604.655624
82610.0,-29218622.03489222,8.924798732155395e-16,52142627604.6557
82620.0,-29218622.034892496,-8.542307357920164e-15,52142627604.65546
82630.0,-29218622.034892503,-8.797301607410317e-15,52142627604.65546
82640.0,-29218622.034892563,-1.083725560333155e-14,52142627604.65539
82650.0,-29218622.0348926,-1.2112226850782321e-14,52142627604.655365
82660.0,-29218622.034892295,-1.6574626216860019e-15,52142627604.65563
82670.0,-29218622.034892228,6.374856237253853e-16,52142627604.655685
82680.0,-29218622.03489249,-8.287313108430009e-15,52142627604.65546
82690.0,-29218622.03489249,-8.287313108430009e-15,52142627604.65546
82700.0,-29218622.034892563,-1.083725560333155e-14,52142627604.65538
82710.0,-29218622.0348926,-1.2112226850782321e-14,52142627604.65535
82720.0,-29218622.034892295,-1.6574626216860019e-15,52142627604.65563
82730.0,-29218622.034892228,6.374856237253853e-16,52142627604.655685
82740.0,-29218622.034892496,-8.542307357920164e-15,52142627604.65545
82750.0,-29218622.034892496,-8.542307357920164e-15,52142627604.65546
82760.0,-29218622.034892578,-1.1347244102311859e-14,52142627604.65538
82770.0,-29218622.03489261,-1.2494718225017551e-14,52142627604.65535
82780.0,-29218622.034892295,-1.6574626216860019e-15,52142627604.65562
82790.0,-29218622.034892242,1.2749712474507706e-16,52142627604.65568
82800.0,-29218622.034892496,-8.542307357920164e-15,52142627604.65546
82810.0,-29218622.034892496,-8.542307357920164e-15,52142627604.65545
82820.0,-29218622.034892578,-1.1347244102311859e-14,52142627604.65537
82830.0,-29218622.03489261,-1.2494718225017551e-14,52142627604.65535
82840.0,-29218622.034892295,-1.6574626216860019e-15,52142627604.65562
82850.0,-29218622.034892242,1.2749712474507706e-16,52142627604.65568
82860.0,-29218622.03489249,-8.287313108430009e-15,52142627604.65545
82870.0,-29218622.034892496,-8.542307357920164e-15,52142627604.65546
82880.0,-29218622.034892574,-1.1219746977566782e-14,52142627604.65538
82890.0,-29218622.03489261,-1.2494718225017551e-14,52142627604.65535
82900.0,-29218622.034892302,-1.912456871176156e-15,52142627604.65562
82910.0,-29218622.034892242,1.2749712474507706e-16,52142627604.65568
82920.0,-29218622.03489249,-8.287313108430009e-15,52142627604.65545
82930.0,-29218622.034892496,-8.542307357920164e-15,52142627604.65545
82940.0,-29218622.034892578,-1.1347244102311859e-14,52142627604.65537
82950.0,-29218622.03489261,-1.2494718225017551e-14,52142627604.65535
82960.0,-29218622.03489231,-2.16745112066631e-15,52142627604.65561
82970.0,-29218622.034892242,1.2749712474507706e-16,52142627604.65568
82980.0,-29218622.034892496,-8.542307357920164e-15,52142627604.65546
82990.0,-29218622.034892503,-8.797301607410317e-15,52142627604.65544
83000.0,-29218622.034892578,-1.1347244102311859e-14,52142627604.65538
83010.0,-29218622.03489261,-1.2494718225017551e-14,52142627604.65535
83020.0,-29218622.03489231,-2.16745112066631e-15,52142627604.65562
83030.0,-29218622.03489225,-1.2749712474507706e-16,52142627604.65568
83040.0,-29218622.03489249,-8.287313108430009e-15,52142627604.65546
83050.0,-29218622.034892503,-8.797301607410317e-15,52142627604.65544
83060.0,-29218622.034892578,-1.1347244102311859e-14,52142627604.65538
83070.0,-29218622.034892604,-1.2239723975527398e-14,52142627604.65535
83080.0,-29218622.03489231,-2.16745112066631e-15,52142627604.65562
83090.0,-29218622.03489225,-1.2749712474507706e-16,52142627604.655685
83100.0,-29218622.034892496,-8.542307357920164e-15,52142627604.65546
83110.0,-29218622.03489251,-9.05229585690047e-15,52142627604.65544
83120.0,-29218622.034892578,-1.1347244102311859e-14,52142627604.65537
83130.0,-29218622.0348926,-1.2112226850782321e-14,52142627604.65535
83140.0,-29218622.034892302,-1.912456871176156e-15,52142627604.655624
83150.0,-29218622.034892235,3.824913742352312e-16,52142627604.655685
83160.0,-29218622.03489249,-8.287313108430009e-15,52142627604.65546
83170.0,-29218622.034892496,-8.542307357920164e-15,52142627604.65545
83180.0,-29218622.034892578,-1.1347244102311859e-14,52142627604.65538
83190.0,-29218622.0348926,-1.2112226850782321e-14,52142627604.65535
83200.0,-29218622.03489231,-2.16745112066631e-15,52142627604.65562
83210.0,-29218622.034892242,1.2749712474507706e-16,52142627604.655685
83220.0,-29218622.034892496,-8.542307357920164e-15,52142627604.65546
83230.0,-29218622.034892496,-8.542307357920164e-15,52142627604.65545
83240.0,-29218622.03489257,-1.1092249852821704e-14,52142627604.65538
83250.0,-29218622.0348926,-1.2112226850782321e-14,52142627604.65536
83260.0,-29218622.034892295,-1.6574626216860019e-15,52142627604.65563
83270.0,-29218622.034892228,6.374856237253853e-16,52142627604.65569
83280.0,-29218622.03489249,-8.287313108430009e-15,52142627604.65546
83290.0,-29218622.034892496,-8.542307357920164e-15,52142627604.65545
83300.0,-29218622.03489257,-1.1092249852821704e-14,52142627604.65538
83310.0,-29218622.034892607,-1.2367221100272475e-14,52142627604.65535
83320.0,-29218622.03489231,-2.16745112066631e-15,52142627604.65562
83330.0,-29218622.03489223,5.099884989803082e-16,52142627604.65568
83340.0,-29218622.034892496,-8.542307357920164e-15,52142627604.65546
83350.0,-29218622.034892503,-8.797301607410317e-15,52142627604.65544
83360.0,-29218622.034892585,-1.1602238351802012e-14,52142627604.65538
83370.0,-29218622.034892607,-1.2367221100272475e-14,52142627604.65535
83380.0,-29218622.03489231,-2.16745112066631e-15,52142627604.65562
83390.0,-29218622.03489223,5.099884989803082e-16,52142627604.65569
83400.0,-29218622.034892496,-8.542307357920164e-15,52142627604.65546
83410.0,-29218622.034892503,-8.797301607410317e-15,52142627604.65544
83420.0,-29218622.034892585,-1.1602238351802012e-14,52142627604.65538
83430.0,-29218622.034892615,-1.262221534976263e-14,52142627604.65535
83440.0,-29218622.034892306,-2.039953995921233e-15,52142627604.65562
83450.0,-29218622.03489224,2.549942494901541e-16,52142627604.655685
83460.0,-29218622.034892492,-8.414810233175085e-15,52142627604.65545
83470.0,-29218622.034892492,-8.414810233175085e-15,52142627604.65545
83480.0,-29218622.034892578,-1.1347244102311859e-14,52142627604.65538
83490.0,-29218622.034892607,-1.2367221100272475e-14,52142627604.65536
83500.0,-29218622.034892306,-2.039953995921233e-15,52142627604.655624
83510.0,-29218622.03489223,5.099884989803082e-16,52142627604.65569
83520.0,-29218622.034892477,-7.904821734194778e-15,52142627604.65546
83530.0,-29218622.034892492,-8.414810233175085e-15,52142627604.65546
83540.0,-29218622.034892574,-1.1219746977566782e-14,52142627604.65538
83550.0,-29218622.034892604,-1.2239723975527398e-14,52142627604.65536
83560.0,-29218622.034892306,-2.039953995921233e-15,52142627604.65562
83570.0,-29218622.034892242,1.2749712474507706e-16,52142627604.65568
83580.0,-29218622.034892492,-8.414810233175085e-15,52142627604.65545
83590.0,-29218622.0348925,-8.66980448266524e-15,52142627604.65545
83600.0,-29218622.03489258,-1.1474741227056936e-14,52142627604.65537
83610.0,-29218622.03489261,-1.2494718225017551e-14,52142627604.65534
83620.0,-29218622.034892317,-2.422445370156464e-15,52142627604.65562
83630.0,-29218622.034892242,1.2749712474507706e-16,52142627604.65568
83640.0,-29218622.034892503,-8.797301607410317e-15,52142627604.65544
83650.0,-29218622.034892503,-8.797301607410317e-15,52142627604.65544
83660.0,-29218622.03489259,-1.1729735476547089e-14,52142627604.65537
83670.0,-29218622.03489262,-1.2749712474507706e-14,52142627604.65534
83680.0,-29218622.03489231,-2.16745112066631e-15,52142627604.65562
83690.0,-29218622.034892242,1.2749712474507706e-16,52142627604.65568
83700.0,-29218622.034892496,-8.542307357920164e-15,52142627604.65544
83710.0,-29218622.034892503,-8.797301607410317e-15,52142627604.65544
83720.0,-29218622.034892578,-1.1347244102311859e-14,52142627604.655365
83730.0,-29218622.034892607,-1.2367221100272475e-14,52142627604.65534
83740.0,-29218622.03489231,-2.16745112066631e-15,52142627604.65562
83750.0,-29218622.034892242,1.2749712474507706e-16,52142627604.65568
83760.0,-29218622.034892503,-8.797301607410317e-15,52142627604.65546
83770.0,-29218622.034892496,-8.542307357920164e-15,52142627604.65545
83780.0,-29218622.034892578,-1.1347244102311859e-14,52142627604.65538
83790.0,-29218622.034892607,-1.2367221100272475e-14,52142627604.65534
83800.0,-29218622.034892317,-2.422445370156464e-15,52142627604.65562
83810.0,-29218622.03489224,2.549942494901541e-16,52142627604.65568
83820.0,-29218622.034892496,-8.542307357920164e-15,52142627604.65546
83830.0,-29218622.034892503,-8.797301607410317e-15,52142627604.65546
83840.0,-29218622.034892585,-1.1602238351802012e-14,52142627604.65537
83850.0,-29218622.034892607,-1.2367221100272475e-14,52142627604.65535
83860.0,-29218622.034892306,-2.039953995921233e-15,52142627604.65562
83870.0,-29218622.03489223,5.099884989803082e-16,52142627604.65569
83880.0,-29218622.034892496,-8.542307357920164e-15,52142627604.65546
83890.0,-29218622.034892496,-8.542307357920164e-15,52142627604.65546
83900.0,-29218622.034892585,-1.1602238351802012e-14,52142627604.65538
83910.0,-29218622.034892607,-1.2367221100272475e-14,52142627604.65535
83920.0,-29218622.034892306,-2.039953995921233e-15,52142627604.655624
83930.0,-29218622.03489224,2.549942494901541e-16,52142627604.65568
83940.0,-29218622.034892492,-8.414810233175085e-15,52142627604.65545
83950.0,-29218622.034892507,-8.924798732155394e-15,52142627604.65544
83960.0,-29218622.034892567,-1.0964752728076627e-14,52142627604.65538
83970.0,-29218622.03489261,-1.2494718225017551e-14,52142627604.65535
83980.0,-29218622.03489232,-2.5499424949015412e-15,52142627604.65562
83990.0,-29218622.034892235,3.824913742352312e-16,52142627604.655685
84000.0,-29218622.0348925,-8.66980448266524e-15,52142627604.65545
84010.0,-29218622.034892492,-8.414810233175085e-15,52142627604.65544
84020.0,-29218622.03489259,-1.1729735476547089e-14,52142627604.655365
84030.0,-29218622.034892604,-1.2239723975527398e-14,52142627604.65536
84040.0,-29218622.034892317,-2.422445370156464e-15,52142627604.65562
84050.0,-29218622.034892242,1.2749712474507706e-16,52142627604.65568
84060.0,-29218622.034892492,-8.414810233175085e-15,52142627604.65545
84070.0,-29218622.034892496,-8.542307357920164e-15,52142627604.65545
84080.0,-29218622.03489258,-1.1474741227056936e-14,52142627604.655365
84090.0,-29218622.034892604,-1.2239723975527398e-14,52142627604.65535
84100.0,-29218622.03489231,-2.16745112066631e-15,52142627604.65561
84110.0,-29218622.034892235,3.824913742352312e-16,52142627604.65568
84120.0,-29218622.034892503,-8.797301607410317e-15,52142627604.65544
84130.0,-29218622.034892503,-8.797301607410317e-15,52142627604.65544
84140.0,-29218622.034892578,-1.1347244102311859e-14,52142627604.65537
84150.0,-29218622.034892607,-1.2367221100272475e-14,52142627604.65535
84160.0,-29218622.03489231,-2.16745112066631e-15,52142627604.65561
84170.0,-29218622.034892242,1.2749712474507706e-16,52142627604.655685
84180.0,-29218622.034892503,-8.797301607410317e-15,52142627604.65544
84190.0,-29218622.034892503,-8.797301607410317e-15,52142627604.65545
84200.0,-29218622.034892585,-1.1602238351802012e-14,52142627604.65537
84210.0,-29218622.034892607,-1.2367221100272475e-14,52142627604.65535
84220.0,-29218622.034892306,-2.039953995921233e-15,52142627604.65562
84230.0,-29218622.03489224,2.549942494901541e-16,52142627604.65568
84240.0,-29218622.034892503,-8.797301607410317e-15,52142627604.65544
84250.0,-29218622.034892503,-8.797301607410317e-15,52142627604.65544
84260.0,-29218622.034892585,-1.1602238351802012e-14,52142627604.655365
84270.0,-29218622.034892622,-1.2877209599252783e-14,52142627604.65534
84280.0,-29218622.034892313,-2.2949482454113873e-15,52142627604.65562
84290.0,-29218622.034892246,0.0,52142627604.65568
84300.0,-29218622.0348925,-8.66980448266524e-15,52142627604.65545
84310.0,-29218622.034892514,-9.179792981645549e-15,52142627604.65544
84320.0,-29218622.03489258,-1.1474741227056936e-14,52142627604.655365
84330.0,-29218622.03489261,-1.2494718225017551e-14,52142627604.65535
84340.0,-29218622.034892328,-2.8049367443916955e-15,52142627604.65562
84350.0,-29218622.034892235,3.824913742352312e-16,52142627604.65568
84360.0,-29218622.034892514,-9.179792981645549e-15,52142627604.65543
84370.0,-29218622.03489252,-9.434787231135703e-15,52142627604.65543
84380.0,-29218622.03489258,-1.1474741227056936e-14,52142627604.655365
84390.0,-29218622.03489261,-1.2494718225017551e-14,52142627604.65535
84400.0,-29218622.034892324,-2.6774396196466184e-15,52142627604.65561
84410.0,-29218622.034892242,1.2749712474507706e-16,52142627604.65568
84420.0,-29218622.034892503,-8.797301607410317e-15,52142627604.65545
84430.0,-29218622.034892503,-8.797301607410317e-15,52142627604.65544
84440.0,-29218622.034892585,-1.1602238351802012e-14,52142627604.655365
84450.0,-29218622.034892607,-1.2367221100272475e-14,52142627604.65535
84460.0,-29218622.03489231,-2.16745112066631e-15,52142627604.65562
84470.0,-29218622.03489225,-1.2749712474507706e-16,52142627604.65568
84480.0,-29218622.03489251,-9.05229585690047e-15,52142627604.65544
84490.0,-29218622.03489251,-9.05229585690047e-15,52142627604.65543
84500.0,-29218622.034892585,-1.1602238351802012e-14,52142627604.65537
84510.0,-29218622.034892607,-1.2367221100272475e-14,52142627604.65535
84520.0,-29218622.03489231,-2.16745112066631e-15,52142627604.65562
84530.0,-29218622.03489224,2.549942494901541e-16,52142627604.65568
84540.0,-29218622.034892503,-8.797301607410317e-15,52142627604.65544
84550.0,-29218622.034892503,-8.797301607410317e-15,52142627604.65544
84560.0,-29218622.034892593,-1.1857232601292166e-14,52142627604.655365
84570.0,-29218622.034892615,-1.262221534976263e-14,52142627604.65535
84580.0,-29218622.034892306,-2.039953995921233e-15,52142627604.65562
84590.0,-29218622.03489223,5.099884989803082e-16,52142627604.65568
84600.0,-29218622.0348925,-8.66980448266524e-15,52142627604.65545
84610.0,-29218622.034892507,-8.924798732155394e-15,52142627604.65544
84620.0,-29218622.034892585,-1.1602238351802012e-14,52142627604.655365
84630.0,-29218622.034892607,-1.2367221100272475e-14,52142627604.65535
84640.0,-29218622.034892313,-2.2949482454113873e-15,52142627604.65562
84650.0,-29218622.03489224,2.549942494901541e-16,52142627604.65568
84660.0,-29218622.034892507,-8.924798732155394e-15,52142627604.65544
84670.0,-29218622.034892507,-8.924798732155394e-15,52142627604.65544
84680.0,-29218622.03489259,-1.1729735476547089e-14,52142627604.655365
84690.0,-29218622.034892604,-1.2239723975527398e-14,52142627604.65535
84700.0,-29218622.034892313,-2.2949482454113873e-15,52142627604.65562
84710.0,-29218622.034892235,3.824913742352312e-16,52142627604.65568
84720.0,-29218622.0348925,-8.66980448266524e-15,52142627604.65544
84730.0,-29218622.034892514,-9.179792981645549e-15,52142627604.65544
84740.0,-29218622.034892574,-1.1219746977566782e-14,52142627604.65537
84750.0,-29218622.03489261,-1.2494718225017551e-14,52142627604.65535
84760.0,-29218622.03489231,-2.16745112066631e-15,52142627604.65562
84770.0,-29218622.034892242,1.2749712474507706e-16,52142627604.655685
84780.0,-29218622.03489249,-8.287313108430009e-15,52142627604.65545
84790.0,-29218622.034892503,-8.797301607410317e-15,52142627604.65544
84800.0,-29218622.034892578,-1.1347244102311859e-14,52142627604.65538
84810.0,-29218622.034892604,-1.2239723975527398e-14,52142627604.65535
84820.0,-29218622.03489231,-2.16745112066631e-15,52142627604.65562
84830.0,-29218622.034892235,3.824913742352312e-16,52142627604.655685
84840.0,-29218622.034892496,-8.542307357920164e-15,52142627604.65546
84850.0,-29218622.034892496,-8.542307357920164e-15,52142627604.65544
84860.0,-29218622.03489257,-1.1092249852821704e-14,52142627604.65538
84870.0,-29218622.0348926,-1.2112226850782321e-14,52142627604.65536
84880.0,-29218622.034892295,-1.6574626216860019e-15,52142627604.655624
84890.0,-29218622.034892235,3.824913742352312e-16,52142627604.655685
84900.0,-29218622.034892496,-8.542307357920164e-15,52142627604.65545
84910.0,-29218622.034892496,-8.542307357920164e-15,52142627604.65545
84920.0,-29218622.034892578,-1.1347244102311859e-14,52142627604.65538
84930.0,-29218622.0348926,-1.2112226850782321e-14,52142627604.655365
84940.0,-29218622.034892302,-1.912456871176156e-15,52142627604.655624
84950.0,-29218622.034892224,7.649827484704624e-16,52142627604.65569
84960.0,-29218622.03489249,-8.287313108430009e-15,52142627604.65546
84970.0,-29218622.034892496,-8.542307357920164e-15,52142627604.65545
84980.0,-29218622.034892578,-1.1347244102311859e-14,52142627604.65538
84990.0,-29218622.0348926,-1.2112226850782321e-14,52142627604.65536
85000.0,-29218622.0348923,-1.784959746431079e-15,52142627604.655624
85010.0,-29218622.03489223,5.099884989803082e-16,52142627604.65569
85020.0,-29218622.034892485,-8.159815983684932e-15,52142627604.655464
85030.0,-29218622.034892492,-8.414810233175085e-15,52142627604.65545
85040.0,-29218622.034892578,-1.1347244102311859e-14,52142627604.65538
85050.0,-29218622.0348926,-1.2112226850782321e-14,52142627604.65536
85060.0,-29218622.034892306,-2.039953995921233e-15,52142627604.65563
85070.0,-29218622.03489223,5.099884989803082e-16,52142627604.655685
85080.0,-29218622.034892485,-8.159815983684932e-15,52142627604.655464
85090.0,-29218622.034892492,-8.414810233175085e-15,52142627604.65544
85100.0,-29218622.034892574,-1.1219746977566782e-14,52142627604.65538
85110.0,-29218622.034892604,-1.2239723975527398e-14,52142627604.65536
85120.0,-29218622.034892306,-2.039953995921233e-15,52142627604.655624
85130.0,-29218622.034892224,7.649827484704624e-16,52142627604.65569
85140.0,-29218622.034892492,-8.414810233175085e-15,52142627604.655464
85150.0,-29218622.0348925,-8.66980448266524e-15,52142627604.65545
85160.0,-29218622.034892567,-1.0964752728076627e-14,52142627604.65538
85170.0,-29218622.034892604,-1.2239723975527398e-14,52142627604.65535
85180.0,-29218622.0348923,-1.784959746431079e-15,52142627604.655624
85190.0,-29218622.034892228,6.374856237253853e-16,52142627604.65569
85200.0,-29218622.034892477,-7.904821734194778e-15,52142627604.65546
85210.0,-29218622.0348925,-8.66980448266524e-15,52142627604.65546
85220.0,-29218622.034892574,-1.1219746977566782e-14,52142627604.65539
85230.0,-29218622.034892596,-1.1984729726037244e-14,52142627604.655365
85240.0,-29218622.034892302,-1.912456871176156e-15,52142627604.655624
85250.0,-29218622.034892228,6.374856237253853e-16,52142627604.65569
85260.0,-29218622.03489248,-8.032318858939855e-15,52142627604.65546
85270.0,-29218622.03489248,-8.032318858939855e-15,52142627604.65546
85280.0,-29218622.034892567,-1.0964752728076627e-14,52142627604.655396
85290.0,-29218622.03489261,-1.2494718225017551e-14,52142627604.65535
85300.0,-29218622.034892295,-1.6574626216860019e-15,52142627604.65563
85310.0,-29218622.034892228,6.374856237253853e-16,52142627604.65569
85320.0,-29218622.03489248,-8.032318858939855e-15,52142627604.655464
85330.0,-29218622.03489248,-8.032318858939855e-15,52142627604.65546
85340.0,-29218622.034892563,-1.083725560333155e-14,52142627604.655396
85350.0,-29218622.03489258,-1.1474741227056936e-14,52142627604.65537
85360.0,-29218622.034892287,-1.4024683721958478e-15,52142627604.65563
85370.0,-29218622.03489222,8.924798732155395e-16,52142627604.6557
85380.0,-29218622.034892473,-7.7773246094497e-15,52142627604.65547
85390.0,-29218622.034892473,-7.7773246094497e-15,52142627604.655464
85400.0,-29218622.034892555,-1.0582261353841397e-14,52142627604.655396
85410.0,-29218622.034892593,-1.1857232601292166e-14,52142627604.655365
85420.0,-29218622.034892295,-1.6574626216860019e-15,52142627604.65563
85430.0,-29218622.034892216,1.0199769979606165e-15,52142627604.6557
85440.0,-29218622.03489248,-8.032318858939855e-15,52142627604.65547
85450.0,-29218622.03489249,-8.287313108430009e-15,52142627604.655464
85460.0,-29218622.034892563,-1.083725560333155e-14,52142627604.655396
85470.0,-29218622.034892585,-1.1602238351802012e-14,52142627604.655365
85480.0,-29218622.034892287,-1.4024683721958478e-15,52142627604.65564
85490.0,-29218622.034892224,7.649827484704624e-16,52142627604.6557
85500.0,-29218622.03489249,-8.287313108430009e-15,52142627604.65546
85510.0,-29218622.03489249,-8.287313108430009e-15,52142627604.655464
85520.0,-29218622.034892578,-1.1347244102311859e-14,52142627604.65538
85530.0,-29218622.034892585,-1.1602238351802012e-14,52142627604.65537
85540.0,-29218622.03489229,-1.5299654969409247e-15,52142627604.65563
85550.0,-29218622.034892224,7.649827484704624e-16,52142627604.65569
85560.0,-29218622.03489248,-8.032318858939855e-15,52142627604.655464
85570.0,-29218622.03489249,-8.287313108430009e-15,52142627604.65546
85580.0,-29218622.03489257,-1.1092249852821704e-14,52142627604.655396
85590.0,-29218622.034892593,-1.1857232601292166e-14,52142627604.655365
85600.0,-29218622.034892276,-1.0199769979606165e-15,52142627604.65563
85610.0,-29218622.034892224,7.649827484704624e-16,52142627604.6557
85620.0,-29218622.03489248,-8.032318858939855e-15,52142627604.65547
85630.0,-29218622.034892485,-8.159815983684932e-15,52142627604.65546
85640.0,-29218622.034892563,-1.083725560333155e-14,52142627604.655396
85650.0,-29218622.0348926,-1.2112226850782321e-14,52142627604.655365
85660.0,-29218622.034892283,-1.2749712474507706e-15,52142627604.65563
85670.0,-29218622.034892224,7.649827484704624e-16,52142627604.65569
85680.0,-29218622.03489247,-7.649827484704623e-15,52142627604.65547
85690.0,-29218622.034892485,-8.159815983684932e-15,52142627604.655464
85700.0,-29218622.03489257,-1.1092249852821704e-14,52142627604.65539
85710.0,-29218622.034892585,-1.1602238351802012e-14,52142627604.655365
85720.0,-29218622.0348923,-1.784959746431079e-15,52142627604.65563
85730.0,-29218622.034892224,7.649827484704624e-16,52142627604.65569
85740.0,-29218622.034892477,-7.904821734194778e-15,52142627604.655464
85750.0,-29218622.034892477,-7.904821734194778e-15,52142627604.65546
85760.0,-29218622.034892567,-1.0964752728076627e-14,52142627604.65539
85770.0,-29218622.034892593,-1.1857232601292166e-14,52142627604.655365
85780.0,-29218622.03489229,-1.5299654969409247e-15,52142627604.65563
85790.0,-29218622.034892224,7.649827484704624e-16,52142627604.65569
85800.0,-29218622.034892477,-7.904821734194778e-15,52142627604.655464
85810.0,-29218622.034892485,-8.159815983684932e-15,52142627604.65546
85820.0,-29218622.034892567,-1.0964752728076627e-14,52142627604.65539
85830.0,-29218622.034892593,-1.1857232601292166e-14,52142627604.655365
85840.0,-29218622.03489229,-1.5299654969409247e-15,52142627604.65563
85850.0,-29218622.034892224,7.649827484704624e-16,52142627604.65569
85860.0,-29218622.034892485,-8.159815983684932e-15,52142627604.655464
85870.0,-29218622.034892485,-8.159815983684932e-15,52142627604.655464
85880.0,-29218622.034892567,-1.0964752728076627e-14,52142627604.65539
85890.0,-29218622.034892593,-1.1857232601292166e-14,52142627604.65536
85900.0,-29218622.03489229,-1.5299654969409247e-15,52142627604.65563
85910.0,-29218622.03489223,5.099884989803082e-16,52142627604.65569
85920.0,-29218622.034892485,-8.159815983684932e-15,52142627604.65546
85930.0,-29218622.0348925,-8.66980448266524e-15,52142627604.65545
85940.0,-29218622.034892574,-1.1219746977566782e-14,52142627604.65538
85950.0,-29218622.034892596,-1.1984729726037244e-14,52142627604.65535
85960.0,-29218622.0348923,-1.784959746431079e-15,52142627604.655624
85970.0,-29218622.034892224,7.649827484704624e-16,52142627604.65569
85980.0,-29218622.034892485,-8.159815983684932e-15,52142627604.65546
85990.0,-29218622.034892492,-8.414810233175085e-15,52142627604.65545
86000.0,-29218622.034892567,-1.0964752728076627e-14,52142627604.65538
86010.0,-29218622.0348926,-1.2112226850782321e-14,52142627604.655365
86020.0,-29218622.03489229,-1.5299654969409247e-15,52142627604.655624
86030.0,-29218622.034892216,1.0199769979606165e-15,52142627604.65569
86040.0,-29218622.034892477,-7.904821734194778e-15,52142627604.65546
86050.0,-29218622.034892485,-8.159815983684932e-15,52142627604.655464
86060.0,-29218622.03489257,-1.1092249852821704e-14,52142627604.65539
86070.0,-29218622.034892593,-1.1857232601292166e-14,52142627604.655365
86080.0,-29218622.03489229,-1.5299654969409247e-15,52142627604.65563
86090.0,-29218622.03489221,1.2749712474507706e-15,52142627604.65569
86100.0,-29218622.034892485,-8.159815983684932e-15,52142627604.655464
86110.0,-29218622.034892492,-8.414810233175085e-15,52142627604.65546
86120.0,-29218622.034892574,-1.1219746977566782e-14,52142627604.65538
86130.0,-29218622.034892593,-1.1857232601292166e-14,52142627604.655365
86140.0,-29218622.034892283,-1.2749712474507706e-15,52142627604.65563
86150.0,-29218622.03489223,5.099884989803082e-16,52142627604.65569
86160.0,-29218622.034892477,-7.904821734194778e-15,52142627604.65547
86170.0,-29218622.034892485,-8.159815983684932e-15,52142627604.65546
86180.0,-29218622.03489257,-1.1092249852821704e-14,52142627604.65538
86190.0,-29218622.0348926,-1.2112226850782321e-14,52142627604.655365
86200.0,-29218622.03489229,-1.5299654969409247e-15,52142627604.65563
86210.0,-29218622.034892224,7.649827484704624e-16,52142627604.65569
86220.0,-29218622.034892485,-8.159815983684932e-15,52142627604.655464
86230.0,-29218622.034892492,-8.414810233175085e-15,52142627604.65546
86240.0,-29218622.034892563,-1.083725560333155e-14,52142627604.655396
86250.0,-29218622.034892593,-1.1857232601292166e-14,52142627604.655365
86260.0,-29218622.034892287,-1.4024683721958478e-15,52142627604.65563
86270.0,-29218622.034892224,7.649827484704624e-16,52142627604.65569
86280.0,-29218622.03489249,-8.287313108430009e-15,52142627604.655464
86290.0,-29218622.03489249,-8.287313108430009e-15,52142627604.655464
86300.0,-29218622.034892563,-1.083725560333155e-14,52142627604.655396
86310.0,-29218622.034892585,-1.1602238351802012e-14,52142627604.655365
86320.0,-29218622.034892287,-1.4024683721958478e-15,52142627604.65563
86330.0,-29218622.034892224,7.649827484704624e-16,52142627604.65569
86340.0,-29218622.03489248,-8.032318858939855e-15,52142627604.655464
86350.0,-29218622.034892496,-8.542307357920164e-15,52142627604.655464
86360.0,-29218622.03489257,-1.1092249852821704e-14,52142627604.65538
86370.0,-29218622.0348926,-1.2112226850782321e-14,52142627604.65536
86380.0,-29218622.034892302,-1.912456871176156e-15,52142627604.65562
86390.0,-29218622.03489223,5.099884989803082e-16,52142627604.65568
86400.0,-29218622.03489249,-8.287313108430009e-15,52142627604.655464
