Time (UTCG),Delaunay_G (m^2/sec),Specific_Orbital_Energy (m^2/s^2)
18 May 2026 06:30:00.000,52169899586.087814331055,-29188081.741769388318
18 May 2026 06:30:10.000,52169899586.087814331055,-29188081.741769384593
18 May 2026 06:30:20.000,52169899586.087829589844,-29188081.741769377142
18 May 2026 06:30:30.000,52169899586.087814331055,-29188081.741769392043
18 May 2026 06:30:40.000,52169899586.087829589844,-29188081.741769365966
18 May 2026 06:30:50.000,52169899586.087829589844,-29188081.741769365966
18 May 2026 06:31:00.000,52169899586.087837219238,-29188081.741769358516
18 May 2026 06:31:10.000,52169899586.087837219238,-29188081.741769358516
18 May 2026 06:31:20.000,52169899586.087837219238,-29188081.741769354790
18 May 2026 06:31:30.000,52169899586.087829589844,-29188081.741769365966
18 May 2026 06:31:40.000,52169899586.087829589844,-29188081.741769365966
18 May 2026 06:31:50.000,52169899586.087844848633,-29188081.741769351065
18 May 2026 06:32:00.000,52169899586.087844848633,-29188081.741769351065
18 May 2026 06:32:10.000,52169899586.087852478027,-29188081.741769343615
18 May 2026 06:32:20.000,52169899586.087860107422,-29188081.741769336164
18 May 2026 06:32:30.000,52169899586.087860107422,-29188081.741769332439
18 May 2026 06:32:40.000,52169899586.087860107422,-29188081.741769328713
18 May 2026 06:32:50.000,52169899586.087860107422,-29188081.741769328713
18 May 2026 06:33:00.000,52169899586.087860107422,-29188081.741769336164
18 May 2026 06:33:10.000,52169899586.087860107422,-29188081.741769336164
18 May 2026 06:33:20.000,52169899586.087860107422,-29188081.741769332439
18 May 2026 06:33:30.000,52169899586.087875366211,-29188081.741769317538
18 May 2026 06:33:40.000,52169899586.087875366211,-29188081.741769317538
18 May 2026 06:33:50.000,52169899586.087882995605,-29188081.741769306362
18 May 2026 06:34:00.000,52169899586.087882995605,-29188081.741769302636
18 May 2026 06:34:10.000,52169899586.087875366211,-29188081.741769317538
18 May 2026 06:34:20.000,52169899586.087875366211,-29188081.741769324988
18 May 2026 06:34:30.000,52169899586.087882995605,-29188081.741769310087
18 May 2026 06:34:40.000,52169899586.087882995605,-29188081.741769306362
18 May 2026 06:34:50.000,52169899586.087890625000,-29188081.741769302636
18 May 2026 06:35:00.000,52169899586.087890625000,-29188081.741769302636
18 May 2026 06:35:10.000,52169899586.087890625000,-29188081.741769302636
18 May 2026 06:35:20.000,52169899586.087898254395,-29188081.741769291461
18 May 2026 06:35:30.000,52169899586.087905883789,-29188081.741769284010
18 May 2026 06:35:40.000,52169899586.087913513184,-29188081.741769280285
18 May 2026 06:35:50.000,52169899586.087921142578,-29188081.741769272834
18 May 2026 06:36:00.000,52169899586.087921142578,-29188081.741769272834
18 May 2026 06:36:10.000,52169899586.087905883789,-29188081.741769287735
18 May 2026 06:36:20.000,52169899586.087905883789,-29188081.741769280285
18 May 2026 06:36:30.000,52169899586.087898254395,-29188081.741769291461
18 May 2026 06:36:40.000,52169899586.087905883789,-29188081.741769284010
18 May 2026 06:36:50.000,52169899586.087905883789,-29188081.741769284010
18 May 2026 06:37:00.000,52169899586.087905883789,-29188081.741769287735
18 May 2026 06:37:10.000,52169899586.087921142578,-29188081.741769269109
18 May 2026 06:37:20.000,52169899586.087921142578,-29188081.741769269109
18 May 2026 06:37:30.000,52169899586.087921142578,-29188081.741769269109
18 May 2026 06:37:40.000,52169899586.087921142578,-29188081.741769269109
18 May 2026 06:37:50.000,52169899586.087921142578,-29188081.741769269109
18 May 2026 06:38:00.000,52169899586.087936401367,-29188081.741769250482
18 May 2026 06:38:10.000,52169899586.087921142578,-29188081.741769269109
18 May 2026 06:38:20.000,52169899586.087921142578,-29188081.741769269109
18 May 2026 06:38:30.000,52169899586.087936401367,-29188081.741769250482
18 May 2026 06:38:40.000,52169899586.087936401367,-29188081.741769257933
18 May 2026 06:38:50.000,52169899586.087921142578,-29188081.741769269109
18 May 2026 06:39:00.000,52169899586.087936401367,-29188081.741769250482
18 May 2026 06:39:10.000,52169899586.087936401367,-29188081.741769246757
18 May 2026 06:39:20.000,52169899586.087936401367,-29188081.741769250482
18 May 2026 06:39:30.000,52169899586.087936401367,-29188081.741769246757
18 May 2026 06:39:40.000,52169899586.087936401367,-29188081.741769246757
18 May 2026 06:39:50.000,52169899586.087959289551,-29188081.741769228131
18 May 2026 06:40:00.000,52169899586.087959289551,-29188081.741769228131
18 May 2026 06:40:10.000,52169899586.087966918945,-29188081.741769216955
18 May 2026 06:40:20.000,52169899586.087966918945,-29188081.741769216955
18 May 2026 06:40:30.000,52169899586.087982177734,-29188081.741769209504
18 May 2026 06:40:40.000,52169899586.087982177734,-29188081.741769205779
18 May 2026 06:40:50.000,52169899586.087982177734,-29188081.741769194603
18 May 2026 06:41:00.000,52169899586.087982177734,-29188081.741769205779
18 May 2026 06:41:10.000,52169899586.087982177734,-29188081.741769202054
18 May 2026 06:41:20.000,52169899586.087982177734,-29188081.741769202054
18 May 2026 06:41:30.000,52169899586.087982177734,-29188081.741769205779
18 May 2026 06:41:40.000,52169899586.087982177734,-29188081.741769202054
18 May 2026 06:41:50.000,52169899586.087982177734,-29188081.741769202054
18 May 2026 06:42:00.000,52169899586.087982177734,-29188081.741769202054
18 May 2026 06:42:10.000,52169899586.087982177734,-29188081.741769202054
18 May 2026 06:42:20.000,52169899586.087982177734,-29188081.741769202054
18 May 2026 06:42:30.000,52169899586.087982177734,-29188081.741769190878
18 May 2026 06:42:40.000,52169899586.087982177734,-29188081.741769194603
18 May 2026 06:42:50.000,52169899586.087982177734,-29188081.741769202054
18 May 2026 06:43:00.000,52169899586.087997436523,-29188081.741769183427
18 May 2026 06:43:10.000,52169899586.087997436523,-29188081.741769183427
18 May 2026 06:43:20.000,52169899586.087997436523,-29188081.741769183427
18 May 2026 06:43:30.000,52169899586.087997436523,-29188081.741769183427
18 May 2026 06:43:40.000,52169899586.087997436523,-29188081.741769183427
18 May 2026 06:43:50.000,52169899586.087997436523,-29188081.741769183427
18 May 2026 06:44:00.000,52169899586.087997436523,-29188081.741769175977
18 May 2026 06:44:10.000,52169899586.087997436523,-29188081.741769183427
18 May 2026 06:44:20.000,52169899586.088012695312,-29188081.741769172251
18 May 2026 06:44:30.000,52169899586.088012695312,-29188081.741769164801
18 May 2026 06:44:40.000,52169899586.088020324707,-29188081.741769157350
18 May 2026 06:44:50.000,52169899586.088020324707,-29188081.741769157350
18 May 2026 06:45:00.000,52169899586.088020324707,-29188081.741769161075
18 May 2026 06:45:10.000,52169899586.088020324707,-29188081.741769161075
18 May 2026 06:45:20.000,52169899586.088020324707,-29188081.741769161075
18 May 2026 06:45:30.000,52169899586.088020324707,-29188081.741769157350
18 May 2026 06:45:40.000,52169899586.088020324707,-29188081.741769157350
18 May 2026 06:45:50.000,52169899586.088020324707,-29188081.741769161075
18 May 2026 06:46:00.000,52169899586.088020324707,-29188081.741769161075
18 May 2026 06:46:10.000,52169899586.088020324707,-29188081.741769153625
18 May 2026 06:46:20.000,52169899586.088020324707,-29188081.741769161075
18 May 2026 06:46:30.000,52169899586.088020324707,-29188081.741769157350
18 May 2026 06:46:40.000,52169899586.088020324707,-29188081.741769153625
18 May 2026 06:46:50.000,52169899586.088020324707,-29188081.741769161075
18 May 2026 06:47:00.000,52169899586.088020324707,-29188081.741769157350
18 May 2026 06:47:10.000,52169899586.088020324707,-29188081.741769157350
18 May 2026 06:47:20.000,52169899586.088020324707,-29188081.741769153625
18 May 2026 06:47:30.000,52169899586.088020324707,-29188081.741769157350
18 May 2026 06:47:40.000,52169899586.088020324707,-29188081.741769153625
18 May 2026 06:47:50.000,52169899586.088020324707,-29188081.741769157350
18 May 2026 06:48:00.000,52169899586.088027954102,-29188081.741769146174
18 May 2026 06:48:10.000,52169899586.088020324707,-29188081.741769153625
18 May 2026 06:48:20.000,52169899586.088020324707,-29188081.741769153625
18 May 2026 06:48:30.000,52169899586.088043212891,-29188081.741769131273
18 May 2026 06:48:40.000,52169899586.088043212891,-29188081.741769134998
18 May 2026 06:48:50.000,52169899586.088027954102,-29188081.741769142449
18 May 2026 06:49:00.000,52169899586.088066101074,-29188081.741769108921
18 May 2026 06:49:10.000,52169899586.088050842285,-29188081.741769120097
18 May 2026 06:49:20.000,52169899586.088066101074,-29188081.741769108921
18 May 2026 06:49:30.000,52169899586.088066101074,-29188081.741769105196
18 May 2026 06:49:40.000,52169899586.088050842285,-29188081.741769116372
18 May 2026 06:49:50.000,52169899586.088073730469,-29188081.741769097745
18 May 2026 06:50:00.000,52169899586.088073730469,-29188081.741769097745
18 May 2026 06:50:10.000,52169899586.088081359863,-29188081.741769086570
18 May 2026 06:50:20.000,52169899586.088081359863,-29188081.741769086570
18 May 2026 06:50:30.000,52169899586.088066101074,-29188081.741769105196
18 May 2026 06:50:40.000,52169899586.088066101074,-29188081.741769105196
18 May 2026 06:50:50.000,52169899586.088081359863,-29188081.741769094020
18 May 2026 06:51:00.000,52169899586.088088989258,-29188081.741769079119
18 May 2026 06:51:10.000,52169899586.088096618652,-29188081.741769067943
18 May 2026 06:51:20.000,52169899586.088104248047,-29188081.741769067943
18 May 2026 06:51:30.000,52169899586.088096618652,-29188081.741769064218
18 May 2026 06:51:40.000,52169899586.088111877441,-29188081.741769053042
18 May 2026 06:51:50.000,52169899586.088111877441,-29188081.741769053042
18 May 2026 06:52:00.000,52169899586.088127136230,-29188081.741769038141
18 May 2026 06:52:10.000,52169899586.088127136230,-29188081.741769038141
18 May 2026 06:52:20.000,52169899586.088127136230,-29188081.741769034415
18 May 2026 06:52:30.000,52169899586.088134765625,-29188081.741769034415
18 May 2026 06:52:40.000,52169899586.088134765625,-29188081.741769026965
18 May 2026 06:52:50.000,52169899586.088127136230,-29188081.741769041866
18 May 2026 06:53:00.000,52169899586.088142395020,-29188081.741769026965
18 May 2026 06:53:10.000,52169899586.088127136230,-29188081.741769034415
18 May 2026 06:53:20.000,52169899586.088142395020,-29188081.741769030690
18 May 2026 06:53:30.000,52169899586.088127136230,-29188081.741769030690
18 May 2026 06:53:40.000,52169899586.088142395020,-29188081.741769026965
18 May 2026 06:53:50.000,52169899586.088142395020,-29188081.741769015789
18 May 2026 06:54:00.000,52169899586.088142395020,-29188081.741769030690
18 May 2026 06:54:10.000,52169899586.088142395020,-29188081.741769019514
18 May 2026 06:54:20.000,52169899586.088142395020,-29188081.741769019514
18 May 2026 06:54:30.000,52169899586.088150024414,-29188081.741769008338
18 May 2026 06:54:40.000,52169899586.088142395020,-29188081.741769012064
18 May 2026 06:54:50.000,52169899586.088142395020,-29188081.741769012064
18 May 2026 06:55:00.000,52169899586.088142395020,-29188081.741769015789
18 May 2026 06:55:10.000,52169899586.088150024414,-29188081.741769012064
18 May 2026 06:55:20.000,52169899586.088157653809,-29188081.741769000888
18 May 2026 06:55:30.000,52169899586.088157653809,-29188081.741768997163
18 May 2026 06:55:40.000,52169899586.088157653809,-29188081.741769000888
18 May 2026 06:55:50.000,52169899586.088157653809,-29188081.741768997163
18 May 2026 06:56:00.000,52169899586.088157653809,-29188081.741768997163
18 May 2026 06:56:10.000,52169899586.088157653809,-29188081.741769000888
18 May 2026 06:56:20.000,52169899586.088157653809,-29188081.741768997163
18 May 2026 06:56:30.000,52169899586.088172912598,-29188081.741768993437
18 May 2026 06:56:40.000,52169899586.088172912598,-29188081.741768985987
18 May 2026 06:56:50.000,52169899586.088172912598,-29188081.741768985987
18 May 2026 06:57:00.000,52169899586.088180541992,-29188081.741768978536
18 May 2026 06:57:10.000,52169899586.088180541992,-29188081.741768978536
18 May 2026 06:57:20.000,52169899586.088172912598,-29188081.741768982261
18 May 2026 06:57:30.000,52169899586.088172912598,-29188081.741768982261
18 May 2026 06:57:40.000,52169899586.088172912598,-29188081.741768982261
18 May 2026 06:57:50.000,52169899586.088180541992,-29188081.741768978536
18 May 2026 06:58:00.000,52169899586.088172912598,-29188081.741768982261
18 May 2026 06:58:10.000,52169899586.088172912598,-29188081.741768982261
18 May 2026 06:58:20.000,52169899586.088172912598,-29188081.741768982261
18 May 2026 06:58:30.000,52169899586.088180541992,-29188081.741768974811
18 May 2026 06:58:40.000,52169899586.088180541992,-29188081.741768978536
18 May 2026 06:58:50.000,52169899586.088180541992,-29188081.741768978536
18 May 2026 06:59:00.000,52169899586.088180541992,-29188081.741768978536
18 May 2026 06:59:10.000,52169899586.088188171387,-29188081.741768963635
18 May 2026 06:59:20.000,52169899586.088172912598,-29188081.741768982261
18 May 2026 06:59:30.000,52169899586.088172912598,-29188081.741768982261
18 May 2026 06:59:40.000,52169899586.088180541992,-29188081.741768978536
18 May 2026 06:59:50.000,52169899586.088180541992,-29188081.741768978536
18 May 2026 07:00:00.000,52169899586.088188171387,-29188081.741768963635
18 May 2026 07:00:10.000,52169899586.088188171387,-29188081.741768963635
18 May 2026 07:00:20.000,52169899586.088180541992,-29188081.741768978536
18 May 2026 07:00:30.000,52169899586.088180541992,-29188081.741768978536
18 May 2026 07:00:40.000,52169899586.088180541992,-29188081.741768978536
18 May 2026 07:00:50.000,52169899586.088188171387,-29188081.741768971086
18 May 2026 07:01:00.000,52169899586.088188171387,-29188081.741768971086
18 May 2026 07:01:10.000,52169899586.088188171387,-29188081.741768971086
18 May 2026 07:01:20.000,52169899586.088203430176,-29188081.741768952459
18 May 2026 07:01:30.000,52169899586.088203430176,-29188081.741768952459
18 May 2026 07:01:40.000,52169899586.088203430176,-29188081.741768945009
18 May 2026 07:01:50.000,52169899586.088203430176,-29188081.741768952459
18 May 2026 07:02:00.000,52169899586.088218688965,-29188081.741768941283
18 May 2026 07:02:10.000,52169899586.088218688965,-29188081.741768941283
18 May 2026 07:02:20.000,52169899586.088218688965,-29188081.741768941283
18 May 2026 07:02:30.000,52169899586.088218688965,-29188081.741768937558
18 May 2026 07:02:40.000,52169899586.088218688965,-29188081.741768937558
18 May 2026 07:02:50.000,52169899586.088218688965,-29188081.741768937558
18 May 2026 07:03:00.000,52169899586.088226318359,-29188081.741768926382
18 May 2026 07:03:10.000,52169899586.088226318359,-29188081.741768922657
18 May 2026 07:03:20.000,52169899586.088218688965,-29188081.741768937558
18 May 2026 07:03:30.000,52169899586.088226318359,-29188081.741768926382
18 May 2026 07:03:40.000,52169899586.088226318359,-29188081.741768926382
18 May 2026 07:03:50.000,52169899586.088233947754,-29188081.741768918931
18 May 2026 07:04:00.000,52169899586.088241577148,-29188081.741768918931
18 May 2026 07:04:10.000,52169899586.088241577148,-29188081.741768918931
18 May 2026 07:04:20.000,52169899586.088241577148,-29188081.741768918931
18 May 2026 07:04:30.000,52169899586.088256835938,-29188081.741768889129
18 May 2026 07:04:40.000,52169899586.088256835938,-29188081.741768889129
18 May 2026 07:04:50.000,52169899586.088272094727,-29188081.741768874228
18 May 2026 07:05:00.000,52169899586.088272094727,-29188081.741768874228
18 May 2026 07:05:10.000,52169899586.088272094727,-29188081.741768874228
18 May 2026 07:05:20.000,52169899586.088256835938,-29188081.741768889129
18 May 2026 07:05:30.000,52169899586.088256835938,-29188081.741768889129
18 May 2026 07:05:40.000,52169899586.088256835938,-29188081.741768889129
18 May 2026 07:05:50.000,52169899586.088256835938,-29188081.741768892854
18 May 2026 07:06:00.000,52169899586.088256835938,-29188081.741768889129
18 May 2026 07:06:10.000,52169899586.088272094727,-29188081.741768877953
18 May 2026 07:06:20.000,52169899586.088272094727,-29188081.741768881679
18 May 2026 07:06:30.000,52169899586.088272094727,-29188081.741768881679
18 May 2026 07:06:40.000,52169899586.088256835938,-29188081.741768889129
18 May 2026 07:06:50.000,52169899586.088272094727,-29188081.741768877953
18 May 2026 07:07:00.000,52169899586.088272094727,-29188081.741768877953
18 May 2026 07:07:10.000,52169899586.088272094727,-29188081.741768874228
18 May 2026 07:07:20.000,52169899586.088279724121,-29188081.741768863052
18 May 2026 07:07:30.000,52169899586.088279724121,-29188081.741768870503
18 May 2026 07:07:40.000,52169899586.088279724121,-29188081.741768863052
18 May 2026 07:07:50.000,52169899586.088287353516,-29188081.741768855602
18 May 2026 07:08:00.000,52169899586.088287353516,-29188081.741768855602
18 May 2026 07:08:10.000,52169899586.088287353516,-29188081.741768855602
18 May 2026 07:08:20.000,52169899586.088287353516,-29188081.741768859327
18 May 2026 07:08:30.000,52169899586.088302612305,-29188081.741768844426
18 May 2026 07:08:40.000,52169899586.088302612305,-29188081.741768836975
18 May 2026 07:08:50.000,52169899586.088302612305,-29188081.741768836975
18 May 2026 07:09:00.000,52169899586.088302612305,-29188081.741768840700
18 May 2026 07:09:10.000,52169899586.088302612305,-29188081.741768836975
18 May 2026 07:09:20.000,52169899586.088317871094,-29188081.741768825799
18 May 2026 07:09:30.000,52169899586.088302612305,-29188081.741768836975
18 May 2026 07:09:40.000,52169899586.088317871094,-29188081.741768825799
18 May 2026 07:09:50.000,52169899586.088317871094,-29188081.741768829525
18 May 2026 07:10:00.000,52169899586.088317871094,-29188081.741768829525
18 May 2026 07:10:10.000,52169899586.088317871094,-29188081.741768825799
18 May 2026 07:10:20.000,52169899586.088317871094,-29188081.741768825799
18 May 2026 07:10:30.000,52169899586.088317871094,-29188081.741768829525
18 May 2026 07:10:40.000,52169899586.088317871094,-29188081.741768829525
18 May 2026 07:10:50.000,52169899586.088325500488,-29188081.741768818349
18 May 2026 07:11:00.000,52169899586.088325500488,-29188081.741768822074
18 May 2026 07:11:10.000,52169899586.088325500488,-29188081.741768818349
18 May 2026 07:11:20.000,52169899586.088317871094,-29188081.741768829525
18 May 2026 07:11:30.000,52169899586.088317871094,-29188081.741768825799
18 May 2026 07:11:40.000,52169899586.088317871094,-29188081.741768829525
18 May 2026 07:11:50.000,52169899586.088317871094,-29188081.741768825799
18 May 2026 07:12:00.000,52169899586.088317871094,-29188081.741768825799
18 May 2026 07:12:10.000,52169899586.088302612305,-29188081.741768836975
18 May 2026 07:12:20.000,52169899586.088317871094,-29188081.741768825799
18 May 2026 07:12:30.000,52169899586.088302612305,-29188081.741768836975
18 May 2026 07:12:40.000,52169899586.088302612305,-29188081.741768836975
18 May 2026 07:12:50.000,52169899586.088317871094,-29188081.741768825799
18 May 2026 07:13:00.000,52169899586.088302612305,-29188081.741768836975
18 May 2026 07:13:10.000,52169899586.088317871094,-29188081.741768829525
18 May 2026 07:13:20.000,52169899586.088317871094,-29188081.741768825799
18 May 2026 07:13:30.000,52169899586.088325500488,-29188081.741768818349
18 May 2026 07:13:40.000,52169899586.088317871094,-29188081.741768829525
18 May 2026 07:13:50.000,52169899586.088317871094,-29188081.741768825799
18 May 2026 07:14:00.000,52169899586.088317871094,-29188081.741768825799
18 May 2026 07:14:10.000,52169899586.088317871094,-29188081.741768829525
18 May 2026 07:14:20.000,52169899586.088317871094,-29188081.741768829525
18 May 2026 07:14:30.000,52169899586.088325500488,-29188081.741768822074
18 May 2026 07:14:40.000,52169899586.088325500488,-29188081.741768814623
18 May 2026 07:14:50.000,52169899586.088333129883,-29188081.741768807173
18 May 2026 07:15:00.000,52169899586.088348388672,-29188081.741768795997
18 May 2026 07:15:10.000,52169899586.088348388672,-29188081.741768788546
18 May 2026 07:15:20.000,52169899586.088348388672,-29188081.741768788546
18 May 2026 07:15:30.000,52169899586.088348388672,-29188081.741768788546
18 May 2026 07:15:40.000,52169899586.088333129883,-29188081.741768807173
18 May 2026 07:15:50.000,52169899586.088348388672,-29188081.741768788546
18 May 2026 07:16:00.000,52169899586.088348388672,-29188081.741768788546
18 May 2026 07:16:10.000,52169899586.088348388672,-29188081.741768795997
18 May 2026 07:16:20.000,52169899586.088348388672,-29188081.741768795997
18 May 2026 07:16:30.000,52169899586.088348388672,-29188081.741768788546
18 May 2026 07:16:40.000,52169899586.088348388672,-29188081.741768795997
18 May 2026 07:16:50.000,52169899586.088333129883,-29188081.741768807173
18 May 2026 07:17:00.000,52169899586.088348388672,-29188081.741768788546
18 May 2026 07:17:10.000,52169899586.088348388672,-29188081.741768795997
18 May 2026 07:17:20.000,52169899586.088333129883,-29188081.741768807173
18 May 2026 07:17:30.000,52169899586.088333129883,-29188081.741768807173
18 May 2026 07:17:40.000,52169899586.088333129883,-29188081.741768807173
18 May 2026 07:17:50.000,52169899586.088348388672,-29188081.741768788546
18 May 2026 07:18:00.000,52169899586.088333129883,-29188081.741768807173
18 May 2026 07:18:10.000,52169899586.088333129883,-29188081.741768807173
18 May 2026 07:18:20.000,52169899586.088348388672,-29188081.741768795997
18 May 2026 07:18:30.000,52169899586.088333129883,-29188081.741768807173
18 May 2026 07:18:40.000,52169899586.088333129883,-29188081.741768807173
18 May 2026 07:18:50.000,52169899586.088333129883,-29188081.741768807173
18 May 2026 07:19:00.000,52169899586.088348388672,-29188081.741768795997
18 May 2026 07:19:10.000,52169899586.088348388672,-29188081.741768795997
18 May 2026 07:19:20.000,52169899586.088348388672,-29188081.741768788546
18 May 2026 07:19:30.000,52169899586.088333129883,-29188081.741768807173
18 May 2026 07:19:40.000,52169899586.088348388672,-29188081.741768795997
18 May 2026 07:19:50.000,52169899586.088348388672,-29188081.741768795997
18 May 2026 07:20:00.000,52169899586.088348388672,-29188081.741768795997
18 May 2026 07:20:10.000,52169899586.088348388672,-29188081.741768795997
18 May 2026 07:20:20.000,52169899586.088348388672,-29188081.741768788546
18 May 2026 07:20:30.000,52169899586.088348388672,-29188081.741768784821
18 May 2026 07:20:40.000,52169899586.088348388672,-29188081.741768795997
18 May 2026 07:20:50.000,52169899586.088348388672,-29188081.741768784821
18 May 2026 07:21:00.000,52169899586.088348388672,-29188081.741768784821
18 May 2026 07:21:10.000,52169899586.088348388672,-29188081.741768788546
18 May 2026 07:21:20.000,52169899586.088363647461,-29188081.741768773645
18 May 2026 07:21:30.000,52169899586.088371276855,-29188081.741768762469
18 May 2026 07:21:40.000,52169899586.088386535645,-29188081.741768751293
18 May 2026 07:21:50.000,52169899586.088386535645,-29188081.741768751293
18 May 2026 07:22:00.000,52169899586.088386535645,-29188081.741768751293
18 May 2026 07:22:10.000,52169899586.088386535645,-29188081.741768751293
18 May 2026 07:22:20.000,52169899586.088386535645,-29188081.741768751293
18 May 2026 07:22:30.000,52169899586.088386535645,-29188081.741768751293
18 May 2026 07:22:40.000,52169899586.088386535645,-29188081.741768747568
18 May 2026 07:22:50.000,52169899586.088394165039,-29188081.741768736392
18 May 2026 07:23:00.000,52169899586.088394165039,-29188081.741768736392
18 May 2026 07:23:10.000,52169899586.088394165039,-29188081.741768740118
18 May 2026 07:23:20.000,52169899586.088409423828,-29188081.741768717766
18 May 2026 07:23:30.000,52169899586.088409423828,-29188081.741768721491
18 May 2026 07:23:40.000,52169899586.088424682617,-29188081.741768710315
18 May 2026 07:23:50.000,52169899586.088424682617,-29188081.741768702865
18 May 2026 07:24:00.000,52169899586.088424682617,-29188081.741768706590
18 May 2026 07:24:10.000,52169899586.088424682617,-29188081.741768714041
18 May 2026 07:24:20.000,52169899586.088424682617,-29188081.741768706590
18 May 2026 07:24:30.000,52169899586.088424682617,-29188081.741768706590
18 May 2026 07:24:40.000,52169899586.088424682617,-29188081.741768702865
18 May 2026 07:24:50.000,52169899586.088424682617,-29188081.741768706590
18 May 2026 07:25:00.000,52169899586.088424682617,-29188081.741768699139
18 May 2026 07:25:10.000,52169899586.088424682617,-29188081.741768706590
18 May 2026 07:25:20.000,52169899586.088432312012,-29188081.741768699139
18 May 2026 07:25:30.000,52169899586.088432312012,-29188081.741768699139
18 May 2026 07:25:40.000,52169899586.088432312012,-29188081.741768699139
18 May 2026 07:25:50.000,52169899586.088432312012,-29188081.741768687963
18 May 2026 07:26:00.000,52169899586.088439941406,-29188081.741768687963
18 May 2026 07:26:10.000,52169899586.088439941406,-29188081.741768687963
18 May 2026 07:26:20.000,52169899586.088439941406,-29188081.741768687963
18 May 2026 07:26:30.000,52169899586.088439941406,-29188081.741768687963
18 May 2026 07:26:40.000,52169899586.088432312012,-29188081.741768695414
18 May 2026 07:26:50.000,52169899586.088439941406,-29188081.741768691689
18 May 2026 07:27:00.000,52169899586.088432312012,-29188081.741768691689
18 May 2026 07:27:10.000,52169899586.088439941406,-29188081.741768687963
18 May 2026 07:27:20.000,52169899586.088439941406,-29188081.741768687963
18 May 2026 07:27:30.000,52169899586.088439941406,-29188081.741768687963
18 May 2026 07:27:40.000,52169899586.088432312012,-29188081.741768695414
18 May 2026 07:27:50.000,52169899586.088439941406,-29188081.741768687963
18 May 2026 07:28:00.000,52169899586.088432312012,-29188081.741768687963
18 May 2026 07:28:10.000,52169899586.088439941406,-29188081.741768691689
18 May 2026 07:28:20.000,52169899586.088455200195,-29188081.741768669337
18 May 2026 07:28:30.000,52169899586.088447570801,-29188081.741768673062
18 May 2026 07:28:40.000,52169899586.088447570801,-29188081.741768669337
18 May 2026 07:28:50.000,52169899586.088462829590,-29188081.741768665612
18 May 2026 07:29:00.000,52169899586.088470458984,-29188081.741768658161
18 May 2026 07:29:10.000,52169899586.088470458984,-29188081.741768654436
18 May 2026 07:29:20.000,52169899586.088470458984,-29188081.741768654436
18 May 2026 07:29:30.000,52169899586.088470458984,-29188081.741768654436
18 May 2026 07:29:40.000,52169899586.088478088379,-29188081.741768639535
18 May 2026 07:29:50.000,52169899586.088478088379,-29188081.741768646985
18 May 2026 07:30:00.000,52169899586.088493347168,-29188081.741768628359
18 May 2026 07:30:10.000,52169899586.088493347168,-29188081.741768632084
18 May 2026 07:30:20.000,52169899586.088493347168,-29188081.741768628359
18 May 2026 07:30:30.000,52169899586.088493347168,-29188081.741768632084
18 May 2026 07:30:40.000,52169899586.088500976562,-29188081.741768620908
18 May 2026 07:30:50.000,52169899586.088493347168,-29188081.741768632084
18 May 2026 07:31:00.000,52169899586.088493347168,-29188081.741768632084
18 May 2026 07:31:10.000,52169899586.088493347168,-29188081.741768635809
18 May 2026 07:31:20.000,52169899586.088493347168,-29188081.741768632084
18 May 2026 07:31:30.000,52169899586.088493347168,-29188081.741768632084
18 May 2026 07:31:40.000,52169899586.088493347168,-29188081.741768632084
18 May 2026 07:31:50.000,52169899586.088493347168,-29188081.741768632084
18 May 2026 07:32:00.000,52169899586.088493347168,-29188081.741768632084
18 May 2026 07:32:10.000,52169899586.088493347168,-29188081.741768632084
18 May 2026 07:32:20.000,52169899586.088493347168,-29188081.741768632084
18 May 2026 07:32:30.000,52169899586.088493347168,-29188081.741768628359
18 May 2026 07:32:40.000,52169899586.088500976562,-29188081.741768620908
18 May 2026 07:32:50.000,52169899586.088500976562,-29188081.741768613458
18 May 2026 07:33:00.000,52169899586.088493347168,-29188081.741768632084
18 May 2026 07:33:10.000,52169899586.088508605957,-29188081.741768613458
18 May 2026 07:33:20.000,52169899586.088500976562,-29188081.741768620908
18 May 2026 07:33:30.000,52169899586.088500976562,-29188081.741768613458
18 May 2026 07:33:40.000,52169899586.088500976562,-29188081.741768620908
18 May 2026 07:33:50.000,52169899586.088500976562,-29188081.741768620908
18 May 2026 07:34:00.000,52169899586.088500976562,-29188081.741768620908
18 May 2026 07:34:10.000,52169899586.088500976562,-29188081.741768613458
18 May 2026 07:34:20.000,52169899586.088500976562,-29188081.741768620908
18 May 2026 07:34:30.000,52169899586.088508605957,-29188081.741768609732
18 May 2026 07:34:40.000,52169899586.088516235352,-29188081.741768594831
18 May 2026 07:34:50.000,52169899586.088516235352,-29188081.741768602282
18 May 2026 07:35:00.000,52169899586.088516235352,-29188081.741768606007
18 May 2026 07:35:10.000,52169899586.088516235352,-29188081.741768602282
18 May 2026 07:35:20.000,52169899586.088516235352,-29188081.741768602282
18 May 2026 07:35:30.000,52169899586.088516235352,-29188081.741768598557
18 May 2026 07:35:40.000,52169899586.088516235352,-29188081.741768602282
18 May 2026 07:35:50.000,52169899586.088516235352,-29188081.741768598557
18 May 2026 07:36:00.000,52169899586.088508605957,-29188081.741768609732
18 May 2026 07:36:10.000,52169899586.088508605957,-29188081.741768606007
18 May 2026 07:36:20.000,52169899586.088516235352,-29188081.741768594831
18 May 2026 07:36:30.000,52169899586.088523864746,-29188081.741768591106
18 May 2026 07:36:40.000,52169899586.088523864746,-29188081.741768591106
18 May 2026 07:36:50.000,52169899586.088531494141,-29188081.741768587381
18 May 2026 07:37:00.000,52169899586.088531494141,-29188081.741768587381
18 May 2026 07:37:10.000,52169899586.088539123535,-29188081.741768576205
18 May 2026 07:37:20.000,52169899586.088539123535,-29188081.741768576205
18 May 2026 07:37:30.000,52169899586.088554382324,-29188081.741768565029
18 May 2026 07:37:40.000,52169899586.088554382324,-29188081.741768565029
18 May 2026 07:37:50.000,52169899586.088554382324,-29188081.741768565029
18 May 2026 07:38:00.000,52169899586.088554382324,-29188081.741768565029
18 May 2026 07:38:10.000,52169899586.088554382324,-29188081.741768568754
18 May 2026 07:38:20.000,52169899586.088554382324,-29188081.741768568754
18 May 2026 07:38:30.000,52169899586.088554382324,-29188081.741768557578
18 May 2026 07:38:40.000,52169899586.088554382324,-29188081.741768557578
18 May 2026 07:38:50.000,52169899586.088554382324,-29188081.741768557578
18 May 2026 07:39:00.000,52169899586.088562011719,-29188081.741768550128
18 May 2026 07:39:10.000,52169899586.088554382324,-29188081.741768557578
18 May 2026 07:39:20.000,52169899586.088569641113,-29188081.741768538952
18 May 2026 07:39:30.000,52169899586.088569641113,-29188081.741768542677
18 May 2026 07:39:40.000,52169899586.088569641113,-29188081.741768538952
18 May 2026 07:39:50.000,52169899586.088569641113,-29188081.741768542677
18 May 2026 07:40:00.000,52169899586.088569641113,-29188081.741768542677
18 May 2026 07:40:10.000,52169899586.088569641113,-29188081.741768542677
18 May 2026 07:40:20.000,52169899586.088562011719,-29188081.741768553853
18 May 2026 07:40:30.000,52169899586.088562011719,-29188081.741768553853
18 May 2026 07:40:40.000,52169899586.088562011719,-29188081.741768546402
18 May 2026 07:40:50.000,52169899586.088569641113,-29188081.741768542677
18 May 2026 07:41:00.000,52169899586.088592529297,-29188081.741768520325
18 May 2026 07:41:10.000,52169899586.088584899902,-29188081.741768524051
18 May 2026 07:41:20.000,52169899586.088592529297,-29188081.741768520325
18 May 2026 07:41:30.000,52169899586.088584899902,-29188081.741768527776
18 May 2026 07:41:40.000,52169899586.088592529297,-29188081.741768520325
18 May 2026 07:41:50.000,52169899586.088600158691,-29188081.741768505424
18 May 2026 07:42:00.000,52169899586.088592529297,-29188081.741768520325
18 May 2026 07:42:10.000,52169899586.088592529297,-29188081.741768520325
18 May 2026 07:42:20.000,52169899586.088607788086,-29188081.741768494248
18 May 2026 07:42:30.000,52169899586.088607788086,-29188081.741768494248
18 May 2026 07:42:40.000,52169899586.088607788086,-29188081.741768494248
18 May 2026 07:42:50.000,52169899586.088607788086,-29188081.741768494248
18 May 2026 07:43:00.000,52169899586.088600158691,-29188081.741768509150
18 May 2026 07:43:10.000,52169899586.088615417480,-29188081.741768486798
18 May 2026 07:43:20.000,52169899586.088600158691,-29188081.741768509150
18 May 2026 07:43:30.000,52169899586.088615417480,-29188081.741768486798
18 May 2026 07:43:40.000,52169899586.088615417480,-29188081.741768486798
18 May 2026 07:43:50.000,52169899586.088630676270,-29188081.741768479347
18 May 2026 07:44:00.000,52169899586.088615417480,-29188081.741768486798
18 May 2026 07:44:10.000,52169899586.088615417480,-29188081.741768490523
18 May 2026 07:44:20.000,52169899586.088630676270,-29188081.741768471897
18 May 2026 07:44:30.000,52169899586.088630676270,-29188081.741768475622
18 May 2026 07:44:40.000,52169899586.088630676270,-29188081.741768475622
18 May 2026 07:44:50.000,52169899586.088638305664,-29188081.741768464446
18 May 2026 07:45:00.000,52169899586.088638305664,-29188081.741768464446
18 May 2026 07:45:10.000,52169899586.088645935059,-29188081.741768453270
18 May 2026 07:45:20.000,52169899586.088638305664,-29188081.741768464446
18 May 2026 07:45:30.000,52169899586.088653564453,-29188081.741768442094
18 May 2026 07:45:40.000,52169899586.088653564453,-29188081.741768442094
18 May 2026 07:45:50.000,52169899586.088653564453,-29188081.741768449545
18 May 2026 07:46:00.000,52169899586.088653564453,-29188081.741768449545
18 May 2026 07:46:10.000,52169899586.088668823242,-29188081.741768430918
18 May 2026 07:46:20.000,52169899586.088668823242,-29188081.741768430918
18 May 2026 07:46:30.000,52169899586.088676452637,-29188081.741768427193
18 May 2026 07:46:40.000,52169899586.088676452637,-29188081.741768427193
18 May 2026 07:46:50.000,52169899586.088684082031,-29188081.741768419743
18 May 2026 07:47:00.000,52169899586.088691711426,-29188081.741768404841
18 May 2026 07:47:10.000,52169899586.088684082031,-29188081.741768419743
18 May 2026 07:47:20.000,52169899586.088691711426,-29188081.741768404841
18 May 2026 07:47:30.000,52169899586.088684082031,-29188081.741768408567
18 May 2026 07:47:40.000,52169899586.088699340820,-29188081.741768401116
18 May 2026 07:47:50.000,52169899586.088684082031,-29188081.741768408567
18 May 2026 07:48:00.000,52169899586.088699340820,-29188081.741768401116
18 May 2026 07:48:10.000,52169899586.088706970215,-29188081.741768389940
18 May 2026 07:48:20.000,52169899586.088699340820,-29188081.741768401116
18 May 2026 07:48:30.000,52169899586.088706970215,-29188081.741768382490
18 May 2026 07:48:40.000,52169899586.088706970215,-29188081.741768382490
18 May 2026 07:48:50.000,52169899586.088714599609,-29188081.741768389940
18 May 2026 07:49:00.000,52169899586.088714599609,-29188081.741768389940
18 May 2026 07:49:10.000,52169899586.088714599609,-29188081.741768375039
18 May 2026 07:49:20.000,52169899586.088714599609,-29188081.741768371314
18 May 2026 07:49:30.000,52169899586.088714599609,-29188081.741768375039
18 May 2026 07:49:40.000,52169899586.088714599609,-29188081.741768378764
18 May 2026 07:49:50.000,52169899586.088737487793,-29188081.741768348962
18 May 2026 07:50:00.000,52169899586.088729858398,-29188081.741768363863
18 May 2026 07:50:10.000,52169899586.088737487793,-29188081.741768356413
18 May 2026 07:50:20.000,52169899586.088737487793,-29188081.741768356413
18 May 2026 07:50:30.000,52169899586.088745117188,-29188081.741768345237
18 May 2026 07:50:40.000,52169899586.088745117188,-29188081.741768341511
18 May 2026 07:50:50.000,52169899586.088760375977,-29188081.741768334061
18 May 2026 07:51:00.000,52169899586.088760375977,-29188081.741768319160
18 May 2026 07:51:10.000,52169899586.088760375977,-29188081.741768322885
18 May 2026 07:51:20.000,52169899586.088760375977,-29188081.741768319160
18 May 2026 07:51:30.000,52169899586.088760375977,-29188081.741768319160
18 May 2026 07:51:40.000,52169899586.088760375977,-29188081.741768330336
18 May 2026 07:51:50.000,52169899586.088760375977,-29188081.741768330336
18 May 2026 07:52:00.000,52169899586.088760375977,-29188081.741768334061
18 May 2026 07:52:10.000,52169899586.088768005371,-29188081.741768319160
18 May 2026 07:52:20.000,52169899586.088775634766,-29188081.741768307984
18 May 2026 07:52:30.000,52169899586.088768005371,-29188081.741768319160
18 May 2026 07:52:40.000,52169899586.088775634766,-29188081.741768311709
18 May 2026 07:52:50.000,52169899586.088790893555,-29188081.741768304259
18 May 2026 07:53:00.000,52169899586.088790893555,-29188081.741768300533
18 May 2026 07:53:10.000,52169899586.088790893555,-29188081.741768300533
18 May 2026 07:53:20.000,52169899586.088790893555,-29188081.741768300533
18 May 2026 07:53:30.000,52169899586.088790893555,-29188081.741768296808
18 May 2026 07:53:40.000,52169899586.088790893555,-29188081.741768300533
18 May 2026 07:53:50.000,52169899586.088790893555,-29188081.741768300533
18 May 2026 07:54:00.000,52169899586.088775634766,-29188081.741768304259
18 May 2026 07:54:10.000,52169899586.088790893555,-29188081.741768304259
18 May 2026 07:54:20.000,52169899586.088790893555,-29188081.741768296808
18 May 2026 07:54:30.000,52169899586.088790893555,-29188081.741768296808
18 May 2026 07:54:40.000,52169899586.088783264160,-29188081.741768307984
18 May 2026 07:54:50.000,52169899586.088783264160,-29188081.741768307984
18 May 2026 07:55:00.000,52169899586.088790893555,-29188081.741768296808
18 May 2026 07:55:10.000,52169899586.088790893555,-29188081.741768293083
18 May 2026 07:55:20.000,52169899586.088790893555,-29188081.741768300533
18 May 2026 07:55:30.000,52169899586.088798522949,-29188081.741768289357
18 May 2026 07:55:40.000,52169899586.088798522949,-29188081.741768285632
18 May 2026 07:55:50.000,52169899586.088790893555,-29188081.741768293083
18 May 2026 07:56:00.000,52169899586.088806152344,-29188081.741768281907
18 May 2026 07:56:10.000,52169899586.088813781738,-29188081.741768267006
18 May 2026 07:56:20.000,52169899586.088806152344,-29188081.741768281907
18 May 2026 07:56:30.000,52169899586.088806152344,-29188081.741768281907
18 May 2026 07:56:40.000,52169899586.088813781738,-29188081.741768267006
18 May 2026 07:56:50.000,52169899586.088813781738,-29188081.741768267006
18 May 2026 07:57:00.000,52169899586.088806152344,-29188081.741768281907
18 May 2026 07:57:10.000,52169899586.088813781738,-29188081.741768267006
18 May 2026 07:57:20.000,52169899586.088821411133,-29188081.741768259555
18 May 2026 07:57:30.000,52169899586.088813781738,-29188081.741768267006
18 May 2026 07:57:40.000,52169899586.088821411133,-29188081.741768252105
18 May 2026 07:57:50.000,52169899586.088829040527,-29188081.741768252105
18 May 2026 07:58:00.000,52169899586.088829040527,-29188081.741768252105
18 May 2026 07:58:10.000,52169899586.088821411133,-29188081.741768259555
18 May 2026 07:58:20.000,52169899586.088821411133,-29188081.741768259555
18 May 2026 07:58:30.000,52169899586.088829040527,-29188081.741768252105
18 May 2026 07:58:40.000,52169899586.088836669922,-29188081.741768244654
18 May 2026 07:58:50.000,52169899586.088836669922,-29188081.741768244654
18 May 2026 07:59:00.000,52169899586.088836669922,-29188081.741768244654
18 May 2026 07:59:10.000,52169899586.088836669922,-29188081.741768240929
18 May 2026 07:59:20.000,52169899586.088836669922,-29188081.741768252105
18 May 2026 07:59:30.000,52169899586.088836669922,-29188081.741768244654
18 May 2026 07:59:40.000,52169899586.088836669922,-29188081.741768252105
18 May 2026 07:59:50.000,52169899586.088844299316,-29188081.741768240929
18 May 2026 08:00:00.000,52169899586.088844299316,-29188081.741768237203
18 May 2026 08:00:10.000,52169899586.088844299316,-29188081.741768237203
18 May 2026 08:00:20.000,52169899586.088844299316,-29188081.741768233478
18 May 2026 08:00:30.000,52169899586.088859558105,-29188081.741768218577
18 May 2026 08:00:40.000,52169899586.088859558105,-29188081.741768218577
18 May 2026 08:00:50.000,52169899586.088859558105,-29188081.741768218577
18 May 2026 08:01:00.000,52169899586.088859558105,-29188081.741768218577
18 May 2026 08:01:10.000,52169899586.088874816895,-29188081.741768196225
18 May 2026 08:01:20.000,52169899586.088874816895,-29188081.741768196225
18 May 2026 08:01:30.000,52169899586.088874816895,-29188081.741768196225
18 May 2026 08:01:40.000,52169899586.088874816895,-29188081.741768196225
18 May 2026 08:01:50.000,52169899586.088874816895,-29188081.741768196225
18 May 2026 08:02:00.000,52169899586.088874816895,-29188081.741768192500
18 May 2026 08:02:10.000,52169899586.088874816895,-29188081.741768192500
18 May 2026 08:02:20.000,52169899586.088874816895,-29188081.741768192500
18 May 2026 08:02:30.000,52169899586.088874816895,-29188081.741768192500
18 May 2026 08:02:40.000,52169899586.088890075684,-29188081.741768185049
18 May 2026 08:02:50.000,52169899586.088882446289,-29188081.741768188775
18 May 2026 08:03:00.000,52169899586.088882446289,-29188081.741768188775
18 May 2026 08:03:10.000,52169899586.088890075684,-29188081.741768185049
18 May 2026 08:03:20.000,52169899586.088882446289,-29188081.741768188775
18 May 2026 08:03:30.000,52169899586.088890075684,-29188081.741768185049
18 May 2026 08:03:40.000,52169899586.088890075684,-29188081.741768185049
18 May 2026 08:03:50.000,52169899586.088890075684,-29188081.741768185049
18 May 2026 08:04:00.000,52169899586.088905334473,-29188081.741768166423
18 May 2026 08:04:10.000,52169899586.088905334473,-29188081.741768162698
18 May 2026 08:04:20.000,52169899586.088905334473,-29188081.741768162698
18 May 2026 08:04:30.000,52169899586.088905334473,-29188081.741768162698
18 May 2026 08:04:40.000,52169899586.088905334473,-29188081.741768162698
18 May 2026 08:04:50.000,52169899586.088897705078,-29188081.741768173873
18 May 2026 08:05:00.000,52169899586.088897705078,-29188081.741768173873
18 May 2026 08:05:10.000,52169899586.088912963867,-29188081.741768158972
18 May 2026 08:05:20.000,52169899586.088905334473,-29188081.741768170148
18 May 2026 08:05:30.000,52169899586.088890075684,-29188081.741768181324
18 May 2026 08:05:40.000,52169899586.088905334473,-29188081.741768170148
18 May 2026 08:05:50.000,52169899586.088905334473,-29188081.741768162698
18 May 2026 08:06:00.000,52169899586.088905334473,-29188081.741768166423
18 May 2026 08:06:10.000,52169899586.088905334473,-29188081.741768166423
18 May 2026 08:06:20.000,52169899586.088905334473,-29188081.741768162698
18 May 2026 08:06:30.000,52169899586.088905334473,-29188081.741768162698
18 May 2026 08:06:40.000,52169899586.088905334473,-29188081.741768170148
18 May 2026 08:06:50.000,52169899586.088905334473,-29188081.741768170148
18 May 2026 08:07:00.000,52169899586.088912963867,-29188081.741768158972
18 May 2026 08:07:10.000,52169899586.088905334473,-29188081.741768170148
18 May 2026 08:07:20.000,52169899586.088920593262,-29188081.741768147796
18 May 2026 08:07:30.000,52169899586.088920593262,-29188081.741768147796
18 May 2026 08:07:40.000,52169899586.088920593262,-29188081.741768147796
18 May 2026 08:07:50.000,52169899586.088905334473,-29188081.741768158972
18 May 2026 08:08:00.000,52169899586.088920593262,-29188081.741768147796
18 May 2026 08:08:10.000,52169899586.088920593262,-29188081.741768147796
18 May 2026 08:08:20.000,52169899586.088935852051,-29188081.741768129170
18 May 2026 08:08:30.000,52169899586.088951110840,-29188081.741768117994
18 May 2026 08:08:40.000,52169899586.088958740234,-29188081.741768114269
18 May 2026 08:08:50.000,52169899586.088958740234,-29188081.741768106818
18 May 2026 08:09:00.000,52169899586.088943481445,-29188081.741768121719
18 May 2026 08:09:10.000,52169899586.088943481445,-29188081.741768121719
18 May 2026 08:09:20.000,52169899586.088951110840,-29188081.741768117994
18 May 2026 08:09:30.000,52169899586.088958740234,-29188081.741768110543
18 May 2026 08:09:40.000,52169899586.088958740234,-29188081.741768114269
18 May 2026 08:09:50.000,52169899586.088958740234,-29188081.741768110543
18 May 2026 08:10:00.000,52169899586.088966369629,-29188081.741768103093
18 May 2026 08:10:10.000,52169899586.088981628418,-29188081.741768084466
18 May 2026 08:10:20.000,52169899586.088966369629,-29188081.741768099368
18 May 2026 08:10:30.000,52169899586.088966369629,-29188081.741768091917
18 May 2026 08:10:40.000,52169899586.088966369629,-29188081.741768091917
18 May 2026 08:10:50.000,52169899586.088966369629,-29188081.741768106818
18 May 2026 08:11:00.000,52169899586.088973999023,-29188081.741768088192
18 May 2026 08:11:10.000,52169899586.088966369629,-29188081.741768103093
18 May 2026 08:11:20.000,52169899586.088973999023,-29188081.741768088192
18 May 2026 08:11:30.000,52169899586.088966369629,-29188081.741768103093
18 May 2026 08:11:40.000,52169899586.088966369629,-29188081.741768103093
18 May 2026 08:11:50.000,52169899586.088973999023,-29188081.741768088192
18 May 2026 08:12:00.000,52169899586.088973999023,-29188081.741768088192
18 May 2026 08:12:10.000,52169899586.088973999023,-29188081.741768088192
18 May 2026 08:12:20.000,52169899586.088981628418,-29188081.741768080741
18 May 2026 08:12:30.000,52169899586.088981628418,-29188081.741768084466
18 May 2026 08:12:40.000,52169899586.088981628418,-29188081.741768077016
18 May 2026 08:12:50.000,52169899586.088981628418,-29188081.741768084466
18 May 2026 08:13:00.000,52169899586.088996887207,-29188081.741768065840
18 May 2026 08:13:10.000,52169899586.088981628418,-29188081.741768077016
18 May 2026 08:13:20.000,52169899586.088996887207,-29188081.741768065840
18 May 2026 08:13:30.000,52169899586.088981628418,-29188081.741768077016
18 May 2026 08:13:40.000,52169899586.088996887207,-29188081.741768065840
18 May 2026 08:13:50.000,52169899586.088996887207,-29188081.741768065840
18 May 2026 08:14:00.000,52169899586.088996887207,-29188081.741768062115
18 May 2026 08:14:10.000,52169899586.088996887207,-29188081.741768069565
18 May 2026 08:14:20.000,52169899586.089012145996,-29188081.741768043488
18 May 2026 08:14:30.000,52169899586.089012145996,-29188081.741768054664
18 May 2026 08:14:40.000,52169899586.089004516602,-29188081.741768050939
18 May 2026 08:14:50.000,52169899586.089004516602,-29188081.741768050939
18 May 2026 08:15:00.000,52169899586.089012145996,-29188081.741768047214
18 May 2026 08:15:10.000,52169899586.089027404785,-29188081.741768028587
18 May 2026 08:15:20.000,52169899586.089027404785,-29188081.741768024862
18 May 2026 08:15:30.000,52169899586.089027404785,-29188081.741768028587
18 May 2026 08:15:40.000,52169899586.089027404785,-29188081.741768028587
18 May 2026 08:15:50.000,52169899586.089027404785,-29188081.741768028587
18 May 2026 08:16:00.000,52169899586.089027404785,-29188081.741768028587
18 May 2026 08:16:10.000,52169899586.089012145996,-29188081.741768047214
18 May 2026 08:16:20.000,52169899586.089027404785,-29188081.741768024862
18 May 2026 08:16:30.000,52169899586.089027404785,-29188081.741768024862
18 May 2026 08:16:40.000,52169899586.089027404785,-29188081.741768032312
18 May 2026 08:16:50.000,52169899586.089027404785,-29188081.741768021137
18 May 2026 08:17:00.000,52169899586.089027404785,-29188081.741768028587
18 May 2026 08:17:10.000,52169899586.089035034180,-29188081.741768024862
18 May 2026 08:17:20.000,52169899586.089035034180,-29188081.741768021137
18 May 2026 08:17:30.000,52169899586.089035034180,-29188081.741768021137
18 May 2026 08:17:40.000,52169899586.089035034180,-29188081.741768021137
18 May 2026 08:17:50.000,52169899586.089035034180,-29188081.741768021137
18 May 2026 08:18:00.000,52169899586.089035034180,-29188081.741768021137
18 May 2026 08:18:10.000,52169899586.089035034180,-29188081.741768021137
18 May 2026 08:18:20.000,52169899586.089035034180,-29188081.741768021137
18 May 2026 08:18:30.000,52169899586.089042663574,-29188081.741768009961
18 May 2026 08:18:40.000,52169899586.089042663574,-29188081.741768009961
18 May 2026 08:18:50.000,52169899586.089057922363,-29188081.741767995059
18 May 2026 08:19:00.000,52169899586.089057922363,-29188081.741768002510
18 May 2026 08:19:10.000,52169899586.089057922363,-29188081.741768002510
18 May 2026 08:19:20.000,52169899586.089057922363,-29188081.741767995059
18 May 2026 08:19:30.000,52169899586.089057922363,-29188081.741767995059
18 May 2026 08:19:40.000,52169899586.089057922363,-29188081.741767998785
18 May 2026 08:19:50.000,52169899586.089065551758,-29188081.741767991334
18 May 2026 08:20:00.000,52169899586.089065551758,-29188081.741767991334
18 May 2026 08:20:10.000,52169899586.089065551758,-29188081.741767987609
18 May 2026 08:20:20.000,52169899586.089080810547,-29188081.741767968982
18 May 2026 08:20:30.000,52169899586.089080810547,-29188081.741767968982
18 May 2026 08:20:40.000,52169899586.089080810547,-29188081.741767968982
18 May 2026 08:20:50.000,52169899586.089088439941,-29188081.741767957807
18 May 2026 08:21:00.000,52169899586.089096069336,-29188081.741767950356
18 May 2026 08:21:10.000,52169899586.089096069336,-29188081.741767946631
18 May 2026 08:21:20.000,52169899586.089096069336,-29188081.741767950356
18 May 2026 08:21:30.000,52169899586.089103698730,-29188081.741767942905
18 May 2026 08:21:40.000,52169899586.089103698730,-29188081.741767942905
18 May 2026 08:21:50.000,52169899586.089103698730,-29188081.741767939180
18 May 2026 08:22:00.000,52169899586.089103698730,-29188081.741767939180
18 May 2026 08:22:10.000,52169899586.089103698730,-29188081.741767942905
18 May 2026 08:22:20.000,52169899586.089111328125,-29188081.741767939180
18 May 2026 08:22:30.000,52169899586.089111328125,-29188081.741767935455
18 May 2026 08:22:40.000,52169899586.089111328125,-29188081.741767935455
18 May 2026 08:22:50.000,52169899586.089111328125,-29188081.741767935455
18 May 2026 08:23:00.000,52169899586.089111328125,-29188081.741767931730
18 May 2026 08:23:10.000,52169899586.089111328125,-29188081.741767939180
18 May 2026 08:23:20.000,52169899586.089111328125,-29188081.741767935455
18 May 2026 08:23:30.000,52169899586.089111328125,-29188081.741767935455
18 May 2026 08:23:40.000,52169899586.089111328125,-29188081.741767935455
18 May 2026 08:23:50.000,52169899586.089118957520,-29188081.741767928004
18 May 2026 08:24:00.000,52169899586.089118957520,-29188081.741767928004
18 May 2026 08:24:10.000,52169899586.089126586914,-29188081.741767916828
18 May 2026 08:24:20.000,52169899586.089126586914,-29188081.741767924279
18 May 2026 08:24:30.000,52169899586.089126586914,-29188081.741767928004
18 May 2026 08:24:40.000,52169899586.089126586914,-29188081.741767913103
18 May 2026 08:24:50.000,52169899586.089126586914,-29188081.741767913103
18 May 2026 08:25:00.000,52169899586.089134216309,-29188081.741767909378
18 May 2026 08:25:10.000,52169899586.089126586914,-29188081.741767916828
18 May 2026 08:25:20.000,52169899586.089111328125,-29188081.741767935455
18 May 2026 08:25:30.000,52169899586.089111328125,-29188081.741767931730
18 May 2026 08:25:40.000,52169899586.089103698730,-29188081.741767946631
18 May 2026 08:25:50.000,52169899586.089111328125,-29188081.741767931730
18 May 2026 08:26:00.000,52169899586.089111328125,-29188081.741767931730
18 May 2026 08:26:10.000,52169899586.089111328125,-29188081.741767939180
18 May 2026 08:26:20.000,52169899586.089126586914,-29188081.741767913103
18 May 2026 08:26:30.000,52169899586.089126586914,-29188081.741767924279
18 May 2026 08:26:40.000,52169899586.089126586914,-29188081.741767924279
18 May 2026 08:26:50.000,52169899586.089126586914,-29188081.741767913103
18 May 2026 08:27:00.000,52169899586.089126586914,-29188081.741767913103
18 May 2026 08:27:10.000,52169899586.089126586914,-29188081.741767924279
18 May 2026 08:27:20.000,52169899586.089134216309,-29188081.741767909378
18 May 2026 08:27:30.000,52169899586.089126586914,-29188081.741767913103
18 May 2026 08:27:40.000,52169899586.089126586914,-29188081.741767913103
18 May 2026 08:27:50.000,52169899586.089126586914,-29188081.741767913103
18 May 2026 08:28:00.000,52169899586.089126586914,-29188081.741767924279
18 May 2026 08:28:10.000,52169899586.089126586914,-29188081.741767924279
18 May 2026 08:28:20.000,52169899586.089126586914,-29188081.741767924279
18 May 2026 08:28:30.000,52169899586.089126586914,-29188081.741767924279
18 May 2026 08:28:40.000,52169899586.089126586914,-29188081.741767913103
18 May 2026 08:28:50.000,52169899586.089126586914,-29188081.741767913103
18 May 2026 08:29:00.000,52169899586.089126586914,-29188081.741767913103
18 May 2026 08:29:10.000,52169899586.089126586914,-29188081.741767924279
18 May 2026 08:29:20.000,52169899586.089126586914,-29188081.741767913103
18 May 2026 08:29:30.000,52169899586.089126586914,-29188081.741767913103
18 May 2026 08:29:40.000,52169899586.089126586914,-29188081.741767913103
18 May 2026 08:29:50.000,52169899586.089126586914,-29188081.741767913103
18 May 2026 08:30:00.000,52169899586.089126586914,-29188081.741767913103
18 May 2026 08:30:10.000,52169899586.089134216309,-29188081.741767909378
18 May 2026 08:30:20.000,52169899586.089126586914,-29188081.741767913103
18 May 2026 08:30:30.000,52169899586.089126586914,-29188081.741767913103
18 May 2026 08:30:40.000,52169899586.089126586914,-29188081.741767913103
18 May 2026 08:30:50.000,52169899586.089134216309,-29188081.741767909378
18 May 2026 08:31:00.000,52169899586.089134216309,-29188081.741767909378
18 May 2026 08:31:10.000,52169899586.089134216309,-29188081.741767909378
18 May 2026 08:31:20.000,52169899586.089141845703,-29188081.741767898202
18 May 2026 08:31:30.000,52169899586.089141845703,-29188081.741767898202
18 May 2026 08:31:40.000,52169899586.089141845703,-29188081.741767909378
18 May 2026 08:31:50.000,52169899586.089141845703,-29188081.741767898202
18 May 2026 08:32:00.000,52169899586.089126586914,-29188081.741767928004
18 May 2026 08:32:10.000,52169899586.089134216309,-29188081.741767913103
18 May 2026 08:32:20.000,52169899586.089126586914,-29188081.741767924279
18 May 2026 08:32:30.000,52169899586.089134216309,-29188081.741767909378
18 May 2026 08:32:40.000,52169899586.089126586914,-29188081.741767913103
18 May 2026 08:32:50.000,52169899586.089134216309,-29188081.741767909378
18 May 2026 08:33:00.000,52169899586.089141845703,-29188081.741767898202
18 May 2026 08:33:10.000,52169899586.089141845703,-29188081.741767898202
18 May 2026 08:33:20.000,52169899586.089141845703,-29188081.741767898202
18 May 2026 08:33:30.000,52169899586.089157104492,-29188081.741767887026
18 May 2026 08:33:40.000,52169899586.089157104492,-29188081.741767883301
18 May 2026 08:33:50.000,52169899586.089149475098,-29188081.741767890751
18 May 2026 08:34:00.000,52169899586.089157104492,-29188081.741767883301
18 May 2026 08:34:10.000,52169899586.089157104492,-29188081.741767883301
18 May 2026 08:34:20.000,52169899586.089157104492,-29188081.741767883301
18 May 2026 08:34:30.000,52169899586.089157104492,-29188081.741767883301
18 May 2026 08:34:40.000,52169899586.089164733887,-29188081.741767875850
18 May 2026 08:34:50.000,52169899586.089157104492,-29188081.741767887026
18 May 2026 08:35:00.000,52169899586.089157104492,-29188081.741767883301
18 May 2026 08:35:10.000,52169899586.089164733887,-29188081.741767875850
18 May 2026 08:35:20.000,52169899586.089164733887,-29188081.741767879575
18 May 2026 08:35:30.000,52169899586.089164733887,-29188081.741767875850
18 May 2026 08:35:40.000,52169899586.089164733887,-29188081.741767872125
18 May 2026 08:35:50.000,52169899586.089164733887,-29188081.741767875850
18 May 2026 08:36:00.000,52169899586.089164733887,-29188081.741767879575
18 May 2026 08:36:10.000,52169899586.089164733887,-29188081.741767872125
18 May 2026 08:36:20.000,52169899586.089164733887,-29188081.741767879575
18 May 2026 08:36:30.000,52169899586.089164733887,-29188081.741767879575
18 May 2026 08:36:40.000,52169899586.089164733887,-29188081.741767875850
18 May 2026 08:36:50.000,52169899586.089172363281,-29188081.741767860949
18 May 2026 08:37:00.000,52169899586.089172363281,-29188081.741767868400
18 May 2026 08:37:10.000,52169899586.089172363281,-29188081.741767868400
18 May 2026 08:37:20.000,52169899586.089172363281,-29188081.741767868400
18 May 2026 08:37:30.000,52169899586.089172363281,-29188081.741767872125
18 May 2026 08:37:40.000,52169899586.089172363281,-29188081.741767857224
18 May 2026 08:37:50.000,52169899586.089187622070,-29188081.741767849773
18 May 2026 08:38:00.000,52169899586.089187622070,-29188081.741767849773
18 May 2026 08:38:10.000,52169899586.089202880859,-29188081.741767834872
18 May 2026 08:38:20.000,52169899586.089202880859,-29188081.741767834872
18 May 2026 08:38:30.000,52169899586.089202880859,-29188081.741767834872
18 May 2026 08:38:40.000,52169899586.089202880859,-29188081.741767834872
18 May 2026 08:38:50.000,52169899586.089210510254,-29188081.741767827421
18 May 2026 08:39:00.000,52169899586.089210510254,-29188081.741767831147
18 May 2026 08:39:10.000,52169899586.089202880859,-29188081.741767834872
18 May 2026 08:39:20.000,52169899586.089202880859,-29188081.741767838597
18 May 2026 08:39:30.000,52169899586.089218139648,-29188081.741767816246
18 May 2026 08:39:40.000,52169899586.089218139648,-29188081.741767816246
18 May 2026 08:39:50.000,52169899586.089225769043,-29188081.741767801344
18 May 2026 08:40:00.000,52169899586.089225769043,-29188081.741767801344
18 May 2026 08:40:10.000,52169899586.089225769043,-29188081.741767808795
18 May 2026 08:40:20.000,52169899586.089233398438,-29188081.741767790169
18 May 2026 08:40:30.000,52169899586.089233398438,-29188081.741767790169
18 May 2026 08:40:40.000,52169899586.089233398438,-29188081.741767790169
18 May 2026 08:40:50.000,52169899586.089233398438,-29188081.741767797619
18 May 2026 08:41:00.000,52169899586.089233398438,-29188081.741767797619
18 May 2026 08:41:10.000,52169899586.089233398438,-29188081.741767797619
18 May 2026 08:41:20.000,52169899586.089233398438,-29188081.741767797619
18 May 2026 08:41:30.000,52169899586.089233398438,-29188081.741767797619
18 May 2026 08:41:40.000,52169899586.089233398438,-29188081.741767801344
18 May 2026 08:41:50.000,52169899586.089225769043,-29188081.741767808795
18 May 2026 08:42:00.000,52169899586.089225769043,-29188081.741767812520
18 May 2026 08:42:10.000,52169899586.089233398438,-29188081.741767790169
18 May 2026 08:42:20.000,52169899586.089233398438,-29188081.741767797619
18 May 2026 08:42:30.000,52169899586.089233398438,-29188081.741767801344
18 May 2026 08:42:40.000,52169899586.089248657227,-29188081.741767778993
18 May 2026 08:42:50.000,52169899586.089248657227,-29188081.741767782718
18 May 2026 08:43:00.000,52169899586.089263916016,-29188081.741767771542
18 May 2026 08:43:10.000,52169899586.089263916016,-29188081.741767771542
18 May 2026 08:43:20.000,52169899586.089263916016,-29188081.741767771542
18 May 2026 08:43:30.000,52169899586.089263916016,-29188081.741767771542
18 May 2026 08:43:40.000,52169899586.089248657227,-29188081.741767782718
18 May 2026 08:43:50.000,52169899586.089263916016,-29188081.741767771542
18 May 2026 08:44:00.000,52169899586.089263916016,-29188081.741767771542
18 May 2026 08:44:10.000,52169899586.089248657227,-29188081.741767775267
18 May 2026 08:44:20.000,52169899586.089248657227,-29188081.741767778993
18 May 2026 08:44:30.000,52169899586.089263916016,-29188081.741767775267
18 May 2026 08:44:40.000,52169899586.089263916016,-29188081.741767771542
18 May 2026 08:44:50.000,52169899586.089248657227,-29188081.741767775267
18 May 2026 08:45:00.000,52169899586.089263916016,-29188081.741767764091
18 May 2026 08:45:10.000,52169899586.089263916016,-29188081.741767767817
18 May 2026 08:45:20.000,52169899586.089271545410,-29188081.741767764091
18 May 2026 08:45:30.000,52169899586.089271545410,-29188081.741767760366
18 May 2026 08:45:40.000,52169899586.089271545410,-29188081.741767760366
18 May 2026 08:45:50.000,52169899586.089271545410,-29188081.741767760366
18 May 2026 08:46:00.000,52169899586.089271545410,-29188081.741767764091
18 May 2026 08:46:10.000,52169899586.089263916016,-29188081.741767767817
18 May 2026 08:46:20.000,52169899586.089271545410,-29188081.741767760366
18 May 2026 08:46:30.000,52169899586.089271545410,-29188081.741767756641
18 May 2026 08:46:40.000,52169899586.089263916016,-29188081.741767767817
18 May 2026 08:46:50.000,52169899586.089263916016,-29188081.741767767817
18 May 2026 08:47:00.000,52169899586.089271545410,-29188081.741767764091
18 May 2026 08:47:10.000,52169899586.089271545410,-29188081.741767756641
18 May 2026 08:47:20.000,52169899586.089271545410,-29188081.741767760366
18 May 2026 08:47:30.000,52169899586.089271545410,-29188081.741767756641
18 May 2026 08:47:40.000,52169899586.089271545410,-29188081.741767745465
18 May 2026 08:47:50.000,52169899586.089271545410,-29188081.741767756641
18 May 2026 08:48:00.000,52169899586.089286804199,-29188081.741767734289
18 May 2026 08:48:10.000,52169899586.089286804199,-29188081.741767741740
18 May 2026 08:48:20.000,52169899586.089286804199,-29188081.741767745465
18 May 2026 08:48:30.000,52169899586.089286804199,-29188081.741767734289
18 May 2026 08:48:40.000,52169899586.089286804199,-29188081.741767741740
18 May 2026 08:48:50.000,52169899586.089286804199,-29188081.741767734289
18 May 2026 08:49:00.000,52169899586.089286804199,-29188081.741767734289
18 May 2026 08:49:10.000,52169899586.089294433594,-29188081.741767726839
18 May 2026 08:49:20.000,52169899586.089286804199,-29188081.741767738014
18 May 2026 08:49:30.000,52169899586.089286804199,-29188081.741767738014
18 May 2026 08:49:40.000,52169899586.089286804199,-29188081.741767734289
18 May 2026 08:49:50.000,52169899586.089271545410,-29188081.741767756641
18 May 2026 08:50:00.000,52169899586.089286804199,-29188081.741767741740
18 May 2026 08:50:10.000,52169899586.089271545410,-29188081.741767752916
18 May 2026 08:50:20.000,52169899586.089271545410,-29188081.741767752916
18 May 2026 08:50:30.000,52169899586.089271545410,-29188081.741767760366
18 May 2026 08:50:40.000,52169899586.089271545410,-29188081.741767756641
18 May 2026 08:50:50.000,52169899586.089271545410,-29188081.741767764091
18 May 2026 08:51:00.000,52169899586.089271545410,-29188081.741767752916
18 May 2026 08:51:10.000,52169899586.089279174805,-29188081.741767745465
18 May 2026 08:51:20.000,52169899586.089286804199,-29188081.741767734289
18 May 2026 08:51:30.000,52169899586.089286804199,-29188081.741767734289
18 May 2026 08:51:40.000,52169899586.089294433594,-29188081.741767730564
18 May 2026 08:51:50.000,52169899586.089286804199,-29188081.741767734289
18 May 2026 08:52:00.000,52169899586.089302062988,-29188081.741767723113
18 May 2026 08:52:10.000,52169899586.089302062988,-29188081.741767723113
18 May 2026 08:52:20.000,52169899586.089294433594,-29188081.741767734289
18 May 2026 08:52:30.000,52169899586.089302062988,-29188081.741767719388
18 May 2026 08:52:40.000,52169899586.089294433594,-29188081.741767726839
18 May 2026 08:52:50.000,52169899586.089302062988,-29188081.741767726839
18 May 2026 08:53:00.000,52169899586.089302062988,-29188081.741767723113
18 May 2026 08:53:10.000,52169899586.089302062988,-29188081.741767726839
18 May 2026 08:53:20.000,52169899586.089302062988,-29188081.741767723113
18 May 2026 08:53:30.000,52169899586.089302062988,-29188081.741767726839
18 May 2026 08:53:40.000,52169899586.089302062988,-29188081.741767723113
18 May 2026 08:53:50.000,52169899586.089294433594,-29188081.741767734289
18 May 2026 08:54:00.000,52169899586.089294433594,-29188081.741767730564
18 May 2026 08:54:10.000,52169899586.089286804199,-29188081.741767741740
18 May 2026 08:54:20.000,52169899586.089294433594,-29188081.741767730564
18 May 2026 08:54:30.000,52169899586.089294433594,-29188081.741767726839
18 May 2026 08:54:40.000,52169899586.089286804199,-29188081.741767738014
18 May 2026 08:54:50.000,52169899586.089286804199,-29188081.741767741740
18 May 2026 08:55:00.000,52169899586.089286804199,-29188081.741767741740
18 May 2026 08:55:10.000,52169899586.089286804199,-29188081.741767738014
18 May 2026 08:55:20.000,52169899586.089286804199,-29188081.741767745465
18 May 2026 08:55:30.000,52169899586.089271545410,-29188081.741767756641
18 May 2026 08:55:40.000,52169899586.089286804199,-29188081.741767745465
18 May 2026 08:55:50.000,52169899586.089271545410,-29188081.741767760366
18 May 2026 08:56:00.000,52169899586.089286804199,-29188081.741767738014
18 May 2026 08:56:10.000,52169899586.089286804199,-29188081.741767738014
18 May 2026 08:56:20.000,52169899586.089286804199,-29188081.741767738014
18 May 2026 08:56:30.000,52169899586.089302062988,-29188081.741767723113
18 May 2026 08:56:40.000,52169899586.089286804199,-29188081.741767734289
18 May 2026 08:56:50.000,52169899586.089302062988,-29188081.741767719388
18 May 2026 08:57:00.000,52169899586.089302062988,-29188081.741767723113
18 May 2026 08:57:10.000,52169899586.089302062988,-29188081.741767723113
18 May 2026 08:57:20.000,52169899586.089286804199,-29188081.741767734289
18 May 2026 08:57:30.000,52169899586.089302062988,-29188081.741767726839
18 May 2026 08:57:40.000,52169899586.089302062988,-29188081.741767723113
18 May 2026 08:57:50.000,52169899586.089302062988,-29188081.741767723113
18 May 2026 08:58:00.000,52169899586.089317321777,-29188081.741767711937
18 May 2026 08:58:10.000,52169899586.089317321777,-29188081.741767708212
18 May 2026 08:58:20.000,52169899586.089317321777,-29188081.741767708212
18 May 2026 08:58:30.000,52169899586.089317321777,-29188081.741767708212
18 May 2026 08:58:40.000,52169899586.089317321777,-29188081.741767708212
18 May 2026 08:58:50.000,52169899586.089317321777,-29188081.741767704487
18 May 2026 08:59:00.000,52169899586.089317321777,-29188081.741767704487
18 May 2026 08:59:10.000,52169899586.089317321777,-29188081.741767700762
18 May 2026 08:59:20.000,52169899586.089317321777,-29188081.741767704487
18 May 2026 08:59:30.000,52169899586.089317321777,-29188081.741767700762
18 May 2026 08:59:40.000,52169899586.089317321777,-29188081.741767704487
18 May 2026 08:59:50.000,52169899586.089317321777,-29188081.741767700762
18 May 2026 09:00:00.000,52169899586.089317321777,-29188081.741767704487
18 May 2026 09:00:10.000,52169899586.089317321777,-29188081.741767700762
18 May 2026 09:00:20.000,52169899586.089317321777,-29188081.741767697036
18 May 2026 09:00:30.000,52169899586.089332580566,-29188081.741767685860
18 May 2026 09:00:40.000,52169899586.089332580566,-29188081.741767685860
18 May 2026 09:00:50.000,52169899586.089332580566,-29188081.741767682135
18 May 2026 09:01:00.000,52169899586.089332580566,-29188081.741767682135
18 May 2026 09:01:10.000,52169899586.089332580566,-29188081.741767682135
18 May 2026 09:01:20.000,52169899586.089340209961,-29188081.741767674685
18 May 2026 09:01:30.000,52169899586.089340209961,-29188081.741767678410
18 May 2026 09:01:40.000,52169899586.089347839355,-29188081.741767667234
18 May 2026 09:01:50.000,52169899586.089347839355,-29188081.741767670959
18 May 2026 09:02:00.000,52169899586.089347839355,-29188081.741767663509
18 May 2026 09:02:10.000,52169899586.089347839355,-29188081.741767670959
18 May 2026 09:02:20.000,52169899586.089347839355,-29188081.741767663509
18 May 2026 09:02:30.000,52169899586.089363098145,-29188081.741767656058
18 May 2026 09:02:40.000,52169899586.089363098145,-29188081.741767652333
18 May 2026 09:02:50.000,52169899586.089363098145,-29188081.741767652333
18 May 2026 09:03:00.000,52169899586.089363098145,-29188081.741767659783
18 May 2026 09:03:10.000,52169899586.089363098145,-29188081.741767659783
18 May 2026 09:03:20.000,52169899586.089363098145,-29188081.741767659783
18 May 2026 09:03:30.000,52169899586.089363098145,-29188081.741767659783
18 May 2026 09:03:40.000,52169899586.089363098145,-29188081.741767659783
18 May 2026 09:03:50.000,52169899586.089363098145,-29188081.741767659783
18 May 2026 09:04:00.000,52169899586.089363098145,-29188081.741767659783
18 May 2026 09:04:10.000,52169899586.089363098145,-29188081.741767659783
18 May 2026 09:04:20.000,52169899586.089363098145,-29188081.741767652333
18 May 2026 09:04:30.000,52169899586.089363098145,-29188081.741767659783
18 May 2026 09:04:40.000,52169899586.089363098145,-29188081.741767659783
18 May 2026 09:04:50.000,52169899586.089363098145,-29188081.741767659783
18 May 2026 09:05:00.000,52169899586.089363098145,-29188081.741767659783
18 May 2026 09:05:10.000,52169899586.089370727539,-29188081.741767648607
18 May 2026 09:05:20.000,52169899586.089370727539,-29188081.741767648607
18 May 2026 09:05:30.000,52169899586.089370727539,-29188081.741767648607
18 May 2026 09:05:40.000,52169899586.089378356934,-29188081.741767637432
18 May 2026 09:05:50.000,52169899586.089370727539,-29188081.741767648607
18 May 2026 09:06:00.000,52169899586.089370727539,-29188081.741767648607
18 May 2026 09:06:10.000,52169899586.089378356934,-29188081.741767637432
18 May 2026 09:06:20.000,52169899586.089378356934,-29188081.741767637432
18 May 2026 09:06:30.000,52169899586.089378356934,-29188081.741767641157
18 May 2026 09:06:40.000,52169899586.089378356934,-29188081.741767629981
18 May 2026 09:06:50.000,52169899586.089378356934,-29188081.741767641157
18 May 2026 09:07:00.000,52169899586.089378356934,-29188081.741767641157
18 May 2026 09:07:10.000,52169899586.089393615723,-29188081.741767622530
18 May 2026 09:07:20.000,52169899586.089378356934,-29188081.741767641157
18 May 2026 09:07:30.000,52169899586.089385986328,-29188081.741767629981
18 May 2026 09:07:40.000,52169899586.089378356934,-29188081.741767641157
18 May 2026 09:07:50.000,52169899586.089378356934,-29188081.741767641157
18 May 2026 09:08:00.000,52169899586.089385986328,-29188081.741767629981
18 May 2026 09:08:10.000,52169899586.089378356934,-29188081.741767637432
18 May 2026 09:08:20.000,52169899586.089393615723,-29188081.741767618805
18 May 2026 09:08:30.000,52169899586.089393615723,-29188081.741767626256
18 May 2026 09:08:40.000,52169899586.089393615723,-29188081.741767622530
18 May 2026 09:08:50.000,52169899586.089401245117,-29188081.741767611355
18 May 2026 09:09:00.000,52169899586.089408874512,-29188081.741767603904
18 May 2026 09:09:10.000,52169899586.089408874512,-29188081.741767603904
18 May 2026 09:09:20.000,52169899586.089401245117,-29188081.741767607629
18 May 2026 09:09:30.000,52169899586.089408874512,-29188081.741767603904
18 May 2026 09:09:40.000,52169899586.089408874512,-29188081.741767603904
18 May 2026 09:09:50.000,52169899586.089408874512,-29188081.741767603904
18 May 2026 09:10:00.000,52169899586.089408874512,-29188081.741767603904
18 May 2026 09:10:10.000,52169899586.089408874512,-29188081.741767600179
18 May 2026 09:10:20.000,52169899586.089424133301,-29188081.741767592728
18 May 2026 09:10:30.000,52169899586.089424133301,-29188081.741767585278
18 May 2026 09:10:40.000,52169899586.089431762695,-29188081.741767581552
18 May 2026 09:10:50.000,52169899586.089424133301,-29188081.741767589003
18 May 2026 09:11:00.000,52169899586.089439392090,-29188081.741767566651
18 May 2026 09:11:10.000,52169899586.089439392090,-29188081.741767566651
18 May 2026 09:11:20.000,52169899586.089439392090,-29188081.741767566651
18 May 2026 09:11:30.000,52169899586.089439392090,-29188081.741767566651
18 May 2026 09:11:40.000,52169899586.089439392090,-29188081.741767562926
18 May 2026 09:11:50.000,52169899586.089447021484,-29188081.741767559201
18 May 2026 09:12:00.000,52169899586.089447021484,-29188081.741767559201
18 May 2026 09:12:10.000,52169899586.089454650879,-29188081.741767548025
18 May 2026 09:12:20.000,52169899586.089454650879,-29188081.741767548025
18 May 2026 09:12:30.000,52169899586.089454650879,-29188081.741767551750
18 May 2026 09:12:40.000,52169899586.089454650879,-29188081.741767559201
18 May 2026 09:12:50.000,52169899586.089469909668,-29188081.741767533123
18 May 2026 09:13:00.000,52169899586.089469909668,-29188081.741767533123
18 May 2026 09:13:10.000,52169899586.089477539062,-29188081.741767521948
18 May 2026 09:13:20.000,52169899586.089469909668,-29188081.741767533123
18 May 2026 09:13:30.000,52169899586.089469909668,-29188081.741767533123
18 May 2026 09:13:40.000,52169899586.089462280273,-29188081.741767548025
18 May 2026 09:13:50.000,52169899586.089469909668,-29188081.741767533123
18 May 2026 09:14:00.000,52169899586.089462280273,-29188081.741767544299
18 May 2026 09:14:10.000,52169899586.089469909668,-29188081.741767533123
18 May 2026 09:14:20.000,52169899586.089477539062,-29188081.741767525673
18 May 2026 09:14:30.000,52169899586.089477539062,-29188081.741767521948
18 May 2026 09:14:40.000,52169899586.089485168457,-29188081.741767514497
18 May 2026 09:14:50.000,52169899586.089485168457,-29188081.741767514497
18 May 2026 09:15:00.000,52169899586.089485168457,-29188081.741767514497
18 May 2026 09:15:10.000,52169899586.089500427246,-29188081.741767499596
18 May 2026 09:15:20.000,52169899586.089492797852,-29188081.741767510772
18 May 2026 09:15:30.000,52169899586.089492797852,-29188081.741767507046
18 May 2026 09:15:40.000,52169899586.089492797852,-29188081.741767507046
18 May 2026 09:15:50.000,52169899586.089508056641,-29188081.741767484695
18 May 2026 09:16:00.000,52169899586.089508056641,-29188081.741767492145
18 May 2026 09:16:10.000,52169899586.089508056641,-29188081.741767488420
18 May 2026 09:16:20.000,52169899586.089515686035,-29188081.741767488420
18 May 2026 09:16:30.000,52169899586.089523315430,-29188081.741767469794
18 May 2026 09:16:40.000,52169899586.089523315430,-29188081.741767469794
18 May 2026 09:16:50.000,52169899586.089523315430,-29188081.741767469794
18 May 2026 09:17:00.000,52169899586.089538574219,-29188081.741767451167
18 May 2026 09:17:10.000,52169899586.089538574219,-29188081.741767451167
18 May 2026 09:17:20.000,52169899586.089538574219,-29188081.741767451167
18 May 2026 09:17:30.000,52169899586.089553833008,-29188081.741767439991
18 May 2026 09:17:40.000,52169899586.089538574219,-29188081.741767454892
18 May 2026 09:17:50.000,52169899586.089538574219,-29188081.741767451167
18 May 2026 09:18:00.000,52169899586.089553833008,-29188081.741767439991
18 May 2026 09:18:10.000,52169899586.089538574219,-29188081.741767454892
18 May 2026 09:18:20.000,52169899586.089538574219,-29188081.741767454892
18 May 2026 09:18:30.000,52169899586.089538574219,-29188081.741767451167
18 May 2026 09:18:40.000,52169899586.089538574219,-29188081.741767466068
18 May 2026 09:18:50.000,52169899586.089553833008,-29188081.741767443717
18 May 2026 09:19:00.000,52169899586.089553833008,-29188081.741767436266
18 May 2026 09:19:10.000,52169899586.089553833008,-29188081.741767439991
18 May 2026 09:19:20.000,52169899586.089553833008,-29188081.741767436266
18 May 2026 09:19:30.000,52169899586.089546203613,-29188081.741767451167
18 May 2026 09:19:40.000,52169899586.089553833008,-29188081.741767436266
18 May 2026 09:19:50.000,52169899586.089553833008,-29188081.741767436266
18 May 2026 09:20:00.000,52169899586.089569091797,-29188081.741767421365
18 May 2026 09:20:10.000,52169899586.089569091797,-29188081.741767425090
18 May 2026 09:20:20.000,52169899586.089569091797,-29188081.741767425090
18 May 2026 09:20:30.000,52169899586.089569091797,-29188081.741767421365
18 May 2026 09:20:40.000,52169899586.089569091797,-29188081.741767421365
18 May 2026 09:20:50.000,52169899586.089569091797,-29188081.741767421365
18 May 2026 09:21:00.000,52169899586.089576721191,-29188081.741767417639
18 May 2026 09:21:10.000,52169899586.089576721191,-29188081.741767417639
18 May 2026 09:21:20.000,52169899586.089576721191,-29188081.741767421365
18 May 2026 09:21:30.000,52169899586.089576721191,-29188081.741767417639
18 May 2026 09:21:40.000,52169899586.089576721191,-29188081.741767417639
18 May 2026 09:21:50.000,52169899586.089584350586,-29188081.741767406464
18 May 2026 09:22:00.000,52169899586.089584350586,-29188081.741767410189
18 May 2026 09:22:10.000,52169899586.089584350586,-29188081.741767410189
18 May 2026 09:22:20.000,52169899586.089584350586,-29188081.741767410189
18 May 2026 09:22:30.000,52169899586.089576721191,-29188081.741767417639
18 May 2026 09:22:40.000,52169899586.089576721191,-29188081.741767417639
18 May 2026 09:22:50.000,52169899586.089576721191,-29188081.741767417639
18 May 2026 09:23:00.000,52169899586.089576721191,-29188081.741767421365
18 May 2026 09:23:10.000,52169899586.089576721191,-29188081.741767413914
18 May 2026 09:23:20.000,52169899586.089569091797,-29188081.741767417639
18 May 2026 09:23:30.000,52169899586.089569091797,-29188081.741767425090
18 May 2026 09:23:40.000,52169899586.089584350586,-29188081.741767410189
18 May 2026 09:23:50.000,52169899586.089584350586,-29188081.741767410189
18 May 2026 09:24:00.000,52169899586.089584350586,-29188081.741767406464
18 May 2026 09:24:10.000,52169899586.089591979980,-29188081.741767395288
18 May 2026 09:24:20.000,52169899586.089591979980,-29188081.741767391562
18 May 2026 09:24:30.000,52169899586.089584350586,-29188081.741767410189
18 May 2026 09:24:40.000,52169899586.089576721191,-29188081.741767417639
18 May 2026 09:24:50.000,52169899586.089576721191,-29188081.741767410189
18 May 2026 09:25:00.000,52169899586.089599609375,-29188081.741767384112
18 May 2026 09:25:10.000,52169899586.089599609375,-29188081.741767387837
18 May 2026 09:25:20.000,52169899586.089599609375,-29188081.741767391562
18 May 2026 09:25:30.000,52169899586.089599609375,-29188081.741767387837
18 May 2026 09:25:40.000,52169899586.089599609375,-29188081.741767391562
18 May 2026 09:25:50.000,52169899586.089599609375,-29188081.741767387837
18 May 2026 09:26:00.000,52169899586.089599609375,-29188081.741767387837
18 May 2026 09:26:10.000,52169899586.089599609375,-29188081.741767387837
18 May 2026 09:26:20.000,52169899586.089599609375,-29188081.741767387837
18 May 2026 09:26:30.000,52169899586.089599609375,-29188081.741767391562
18 May 2026 09:26:40.000,52169899586.089599609375,-29188081.741767391562
18 May 2026 09:26:50.000,52169899586.089599609375,-29188081.741767391562
18 May 2026 09:27:00.000,52169899586.089599609375,-29188081.741767387837
18 May 2026 09:27:10.000,52169899586.089599609375,-29188081.741767384112
18 May 2026 09:27:20.000,52169899586.089599609375,-29188081.741767391562
18 May 2026 09:27:30.000,52169899586.089599609375,-29188081.741767384112
18 May 2026 09:27:40.000,52169899586.089599609375,-29188081.741767384112
18 May 2026 09:27:50.000,52169899586.089599609375,-29188081.741767387837
18 May 2026 09:28:00.000,52169899586.089614868164,-29188081.741767372936
18 May 2026 09:28:10.000,52169899586.089614868164,-29188081.741767372936
18 May 2026 09:28:20.000,52169899586.089614868164,-29188081.741767372936
18 May 2026 09:28:30.000,52169899586.089599609375,-29188081.741767384112
18 May 2026 09:28:40.000,52169899586.089614868164,-29188081.741767372936
18 May 2026 09:28:50.000,52169899586.089614868164,-29188081.741767376661
18 May 2026 09:29:00.000,52169899586.089614868164,-29188081.741767376661
18 May 2026 09:29:10.000,52169899586.089630126953,-29188081.741767361760
18 May 2026 09:29:20.000,52169899586.089630126953,-29188081.741767361760
18 May 2026 09:29:30.000,52169899586.089630126953,-29188081.741767354310
18 May 2026 09:29:40.000,52169899586.089630126953,-29188081.741767354310
18 May 2026 09:29:50.000,52169899586.089614868164,-29188081.741767376661
18 May 2026 09:30:00.000,52169899586.089630126953,-29188081.741767365485
18 May 2026 09:30:10.000,52169899586.089630126953,-29188081.741767354310
18 May 2026 09:30:20.000,52169899586.089630126953,-29188081.741767354310
18 May 2026 09:30:30.000,52169899586.089630126953,-29188081.741767354310
18 May 2026 09:30:40.000,52169899586.089630126953,-29188081.741767354310
18 May 2026 09:30:50.000,52169899586.089630126953,-29188081.741767361760
18 May 2026 09:31:00.000,52169899586.089630126953,-29188081.741767354310
18 May 2026 09:31:10.000,52169899586.089630126953,-29188081.741767354310
18 May 2026 09:31:20.000,52169899586.089630126953,-29188081.741767354310
18 May 2026 09:31:30.000,52169899586.089630126953,-29188081.741767358035
18 May 2026 09:31:40.000,52169899586.089630126953,-29188081.741767358035
18 May 2026 09:31:50.000,52169899586.089637756348,-29188081.741767350584
18 May 2026 09:32:00.000,52169899586.089637756348,-29188081.741767350584
18 May 2026 09:32:10.000,52169899586.089637756348,-29188081.741767350584
18 May 2026 09:32:20.000,52169899586.089637756348,-29188081.741767346859
18 May 2026 09:32:30.000,52169899586.089645385742,-29188081.741767335683
18 May 2026 09:32:40.000,52169899586.089637756348,-29188081.741767346859
18 May 2026 09:32:50.000,52169899586.089645385742,-29188081.741767339408
18 May 2026 09:33:00.000,52169899586.089645385742,-29188081.741767331958
18 May 2026 09:33:10.000,52169899586.089660644531,-29188081.741767324507
18 May 2026 09:33:20.000,52169899586.089645385742,-29188081.741767335683
18 May 2026 09:33:30.000,52169899586.089645385742,-29188081.741767335683
18 May 2026 09:33:40.000,52169899586.089645385742,-29188081.741767335683
18 May 2026 09:33:50.000,52169899586.089645385742,-29188081.741767335683
18 May 2026 09:34:00.000,52169899586.089637756348,-29188081.741767346859
18 May 2026 09:34:10.000,52169899586.089637756348,-29188081.741767346859
18 May 2026 09:34:20.000,52169899586.089645385742,-29188081.741767335683
18 May 2026 09:34:30.000,52169899586.089645385742,-29188081.741767339408
18 May 2026 09:34:40.000,52169899586.089660644531,-29188081.741767317057
18 May 2026 09:34:50.000,52169899586.089660644531,-29188081.741767320782
18 May 2026 09:35:00.000,52169899586.089660644531,-29188081.741767320782
18 May 2026 09:35:10.000,52169899586.089645385742,-29188081.741767339408
18 May 2026 09:35:20.000,52169899586.089645385742,-29188081.741767335683
18 May 2026 09:35:30.000,52169899586.089637756348,-29188081.741767350584
18 May 2026 09:35:40.000,52169899586.089645385742,-29188081.741767335683
18 May 2026 09:35:50.000,52169899586.089637756348,-29188081.741767350584
18 May 2026 09:36:00.000,52169899586.089637756348,-29188081.741767354310
18 May 2026 09:36:10.000,52169899586.089637756348,-29188081.741767346859
18 May 2026 09:36:20.000,52169899586.089645385742,-29188081.741767331958
18 May 2026 09:36:30.000,52169899586.089637756348,-29188081.741767354310
18 May 2026 09:36:40.000,52169899586.089645385742,-29188081.741767339408
18 May 2026 09:36:50.000,52169899586.089645385742,-29188081.741767339408
18 May 2026 09:37:00.000,52169899586.089645385742,-29188081.741767339408
18 May 2026 09:37:10.000,52169899586.089645385742,-29188081.741767335683
18 May 2026 09:37:20.000,52169899586.089645385742,-29188081.741767335683
18 May 2026 09:37:30.000,52169899586.089645385742,-29188081.741767331958
18 May 2026 09:37:40.000,52169899586.089660644531,-29188081.741767324507
18 May 2026 09:37:50.000,52169899586.089660644531,-29188081.741767328233
18 May 2026 09:38:00.000,52169899586.089660644531,-29188081.741767324507
18 May 2026 09:38:10.000,52169899586.089660644531,-29188081.741767320782
18 May 2026 09:38:20.000,52169899586.089660644531,-29188081.741767320782
18 May 2026 09:38:30.000,52169899586.089660644531,-29188081.741767324507
18 May 2026 09:38:40.000,52169899586.089668273926,-29188081.741767309606
18 May 2026 09:38:50.000,52169899586.089660644531,-29188081.741767320782
18 May 2026 09:39:00.000,52169899586.089675903320,-29188081.741767302155
18 May 2026 09:39:10.000,52169899586.089675903320,-29188081.741767302155
18 May 2026 09:39:20.000,52169899586.089675903320,-29188081.741767302155
18 May 2026 09:39:30.000,52169899586.089675903320,-29188081.741767298430
18 May 2026 09:39:40.000,52169899586.089675903320,-29188081.741767305881
18 May 2026 09:39:50.000,52169899586.089668273926,-29188081.741767313331
18 May 2026 09:40:00.000,52169899586.089675903320,-29188081.741767298430
18 May 2026 09:40:10.000,52169899586.089675903320,-29188081.741767309606
18 May 2026 09:40:20.000,52169899586.089675903320,-29188081.741767309606
18 May 2026 09:40:30.000,52169899586.089675903320,-29188081.741767298430
18 May 2026 09:40:40.000,52169899586.089683532715,-29188081.741767294705
18 May 2026 09:40:50.000,52169899586.089683532715,-29188081.741767298430
18 May 2026 09:41:00.000,52169899586.089683532715,-29188081.741767294705
18 May 2026 09:41:10.000,52169899586.089683532715,-29188081.741767298430
18 May 2026 09:41:20.000,52169899586.089683532715,-29188081.741767298430
18 May 2026 09:41:30.000,52169899586.089675903320,-29188081.741767309606
18 May 2026 09:41:40.000,52169899586.089675903320,-29188081.741767302155
18 May 2026 09:41:50.000,52169899586.089668273926,-29188081.741767309606
18 May 2026 09:42:00.000,52169899586.089660644531,-29188081.741767320782
18 May 2026 09:42:10.000,52169899586.089660644531,-29188081.741767324507
18 May 2026 09:42:20.000,52169899586.089660644531,-29188081.741767320782
18 May 2026 09:42:30.000,52169899586.089660644531,-29188081.741767320782
18 May 2026 09:42:40.000,52169899586.089660644531,-29188081.741767320782
18 May 2026 09:42:50.000,52169899586.089660644531,-29188081.741767324507
18 May 2026 09:43:00.000,52169899586.089675903320,-29188081.741767305881
18 May 2026 09:43:10.000,52169899586.089675903320,-29188081.741767309606
18 May 2026 09:43:20.000,52169899586.089675903320,-29188081.741767309606
18 May 2026 09:43:30.000,52169899586.089668273926,-29188081.741767313331
18 May 2026 09:43:40.000,52169899586.089675903320,-29188081.741767309606
18 May 2026 09:43:50.000,52169899586.089675903320,-29188081.741767313331
18 May 2026 09:44:00.000,52169899586.089675903320,-29188081.741767313331
18 May 2026 09:44:10.000,52169899586.089660644531,-29188081.741767317057
18 May 2026 09:44:20.000,52169899586.089660644531,-29188081.741767324507
18 May 2026 09:44:30.000,52169899586.089660644531,-29188081.741767320782
18 May 2026 09:44:40.000,52169899586.089660644531,-29188081.741767320782
18 May 2026 09:44:50.000,52169899586.089660644531,-29188081.741767320782
18 May 2026 09:45:00.000,52169899586.089660644531,-29188081.741767320782
18 May 2026 09:45:10.000,52169899586.089668273926,-29188081.741767309606
18 May 2026 09:45:20.000,52169899586.089675903320,-29188081.741767302155
18 May 2026 09:45:30.000,52169899586.089675903320,-29188081.741767309606
18 May 2026 09:45:40.000,52169899586.089675903320,-29188081.741767309606
18 May 2026 09:45:50.000,52169899586.089675903320,-29188081.741767302155
18 May 2026 09:46:00.000,52169899586.089660644531,-29188081.741767320782
18 May 2026 09:46:10.000,52169899586.089660644531,-29188081.741767317057
18 May 2026 09:46:20.000,52169899586.089660644531,-29188081.741767320782
18 May 2026 09:46:30.000,52169899586.089660644531,-29188081.741767320782
18 May 2026 09:46:40.000,52169899586.089660644531,-29188081.741767320782
18 May 2026 09:46:50.000,52169899586.089675903320,-29188081.741767309606
18 May 2026 09:47:00.000,52169899586.089675903320,-29188081.741767309606
18 May 2026 09:47:10.000,52169899586.089675903320,-29188081.741767302155
18 May 2026 09:47:20.000,52169899586.089675903320,-29188081.741767302155
18 May 2026 09:47:30.000,52169899586.089675903320,-29188081.741767305881
18 May 2026 09:47:40.000,52169899586.089675903320,-29188081.741767302155
18 May 2026 09:47:50.000,52169899586.089675903320,-29188081.741767298430
18 May 2026 09:48:00.000,52169899586.089675903320,-29188081.741767309606
18 May 2026 09:48:10.000,52169899586.089683532715,-29188081.741767298430
18 May 2026 09:48:20.000,52169899586.089683532715,-29188081.741767294705
18 May 2026 09:48:30.000,52169899586.089683532715,-29188081.741767298430
18 May 2026 09:48:40.000,52169899586.089683532715,-29188081.741767302155
18 May 2026 09:48:50.000,52169899586.089675903320,-29188081.741767302155
18 May 2026 09:49:00.000,52169899586.089683532715,-29188081.741767298430
18 May 2026 09:49:10.000,52169899586.089683532715,-29188081.741767294705
18 May 2026 09:49:20.000,52169899586.089683532715,-29188081.741767294705
18 May 2026 09:49:30.000,52169899586.089683532715,-29188081.741767298430
18 May 2026 09:49:40.000,52169899586.089683532715,-29188081.741767294705
18 May 2026 09:49:50.000,52169899586.089683532715,-29188081.741767294705
18 May 2026 09:50:00.000,52169899586.089683532715,-29188081.741767294705
18 May 2026 09:50:10.000,52169899586.089683532715,-29188081.741767294705
18 May 2026 09:50:20.000,52169899586.089683532715,-29188081.741767298430
18 May 2026 09:50:30.000,52169899586.089691162109,-29188081.741767287254
18 May 2026 09:50:40.000,52169899586.089698791504,-29188081.741767276078
18 May 2026 09:50:50.000,52169899586.089698791504,-29188081.741767276078
18 May 2026 09:51:00.000,52169899586.089698791504,-29188081.741767272353
18 May 2026 09:51:10.000,52169899586.089706420898,-29188081.741767268628
18 May 2026 09:51:20.000,52169899586.089706420898,-29188081.741767268628
18 May 2026 09:51:30.000,52169899586.089698791504,-29188081.741767272353
18 May 2026 09:51:40.000,52169899586.089706420898,-29188081.741767264903
18 May 2026 09:51:50.000,52169899586.089714050293,-29188081.741767257452
18 May 2026 09:52:00.000,52169899586.089714050293,-29188081.741767261177
18 May 2026 09:52:10.000,52169899586.089714050293,-29188081.741767257452
18 May 2026 09:52:20.000,52169899586.089714050293,-29188081.741767261177
18 May 2026 09:52:30.000,52169899586.089714050293,-29188081.741767261177
18 May 2026 09:52:40.000,52169899586.089714050293,-29188081.741767257452
18 May 2026 09:52:50.000,52169899586.089721679688,-29188081.741767257452
18 May 2026 09:53:00.000,52169899586.089721679688,-29188081.741767257452
18 May 2026 09:53:10.000,52169899586.089736938477,-29188081.741767235100
18 May 2026 09:53:20.000,52169899586.089729309082,-29188081.741767250001
18 May 2026 09:53:30.000,52169899586.089729309082,-29188081.741767242551
18 May 2026 09:53:40.000,52169899586.089736938477,-29188081.741767238826
18 May 2026 09:53:50.000,52169899586.089736938477,-29188081.741767238826
18 May 2026 09:54:00.000,52169899586.089744567871,-29188081.741767235100
18 May 2026 09:54:10.000,52169899586.089744567871,-29188081.741767220199
18 May 2026 09:54:20.000,52169899586.089744567871,-29188081.741767235100
18 May 2026 09:54:30.000,52169899586.089744567871,-29188081.741767231375
18 May 2026 09:54:40.000,52169899586.089744567871,-29188081.741767231375
18 May 2026 09:54:50.000,52169899586.089759826660,-29188081.741767205298
18 May 2026 09:55:00.000,52169899586.089744567871,-29188081.741767231375
18 May 2026 09:55:10.000,52169899586.089744567871,-29188081.741767231375
18 May 2026 09:55:20.000,52169899586.089744567871,-29188081.741767231375
18 May 2026 09:55:30.000,52169899586.089744567871,-29188081.741767220199
18 May 2026 09:55:40.000,52169899586.089729309082,-29188081.741767246276
18 May 2026 09:55:50.000,52169899586.089736938477,-29188081.741767235100
18 May 2026 09:56:00.000,52169899586.089736938477,-29188081.741767235100
18 May 2026 09:56:10.000,52169899586.089744567871,-29188081.741767220199
18 May 2026 09:56:20.000,52169899586.089744567871,-29188081.741767231375
18 May 2026 09:56:30.000,52169899586.089744567871,-29188081.741767231375
18 May 2026 09:56:40.000,52169899586.089744567871,-29188081.741767235100
18 May 2026 09:56:50.000,52169899586.089752197266,-29188081.741767220199
18 May 2026 09:57:00.000,52169899586.089759826660,-29188081.741767209023
18 May 2026 09:57:10.000,52169899586.089759826660,-29188081.741767209023
18 May 2026 09:57:20.000,52169899586.089744567871,-29188081.741767231375
18 May 2026 09:57:30.000,52169899586.089759826660,-29188081.741767209023
18 May 2026 09:57:40.000,52169899586.089759826660,-29188081.741767209023
18 May 2026 09:57:50.000,52169899586.089744567871,-29188081.741767231375
18 May 2026 09:58:00.000,52169899586.089759826660,-29188081.741767209023
18 May 2026 09:58:10.000,52169899586.089744567871,-29188081.741767231375
18 May 2026 09:58:20.000,52169899586.089759826660,-29188081.741767209023
18 May 2026 09:58:30.000,52169899586.089759826660,-29188081.741767212749
18 May 2026 09:58:40.000,52169899586.089759826660,-29188081.741767209023
18 May 2026 09:58:50.000,52169899586.089759826660,-29188081.741767209023
18 May 2026 09:59:00.000,52169899586.089759826660,-29188081.741767209023
18 May 2026 09:59:10.000,52169899586.089759826660,-29188081.741767209023
18 May 2026 09:59:20.000,52169899586.089752197266,-29188081.741767216474
18 May 2026 09:59:30.000,52169899586.089744567871,-29188081.741767231375
18 May 2026 09:59:40.000,52169899586.089759826660,-29188081.741767209023
18 May 2026 09:59:50.000,52169899586.089759826660,-29188081.741767205298
18 May 2026 10:00:00.000,52169899586.089759826660,-29188081.741767205298
18 May 2026 10:00:10.000,52169899586.089759826660,-29188081.741767205298
18 May 2026 10:00:20.000,52169899586.089759826660,-29188081.741767205298
18 May 2026 10:00:30.000,52169899586.089759826660,-29188081.741767205298
18 May 2026 10:00:40.000,52169899586.089759826660,-29188081.741767205298
18 May 2026 10:00:50.000,52169899586.089759826660,-29188081.741767209023
18 May 2026 10:01:00.000,52169899586.089759826660,-29188081.741767205298
18 May 2026 10:01:10.000,52169899586.089752197266,-29188081.741767216474
18 May 2026 10:01:20.000,52169899586.089759826660,-29188081.741767209023
18 May 2026 10:01:30.000,52169899586.089752197266,-29188081.741767216474
18 May 2026 10:01:40.000,52169899586.089759826660,-29188081.741767209023
18 May 2026 10:01:50.000,52169899586.089759826660,-29188081.741767209023
18 May 2026 10:02:00.000,52169899586.089759826660,-29188081.741767209023
18 May 2026 10:02:10.000,52169899586.089744567871,-29188081.741767231375
18 May 2026 10:02:20.000,52169899586.089759826660,-29188081.741767209023
18 May 2026 10:02:30.000,52169899586.089759826660,-29188081.741767209023
18 May 2026 10:02:40.000,52169899586.089759826660,-29188081.741767209023
18 May 2026 10:02:50.000,52169899586.089744567871,-29188081.741767231375
18 May 2026 10:03:00.000,52169899586.089744567871,-29188081.741767223924
18 May 2026 10:03:10.000,52169899586.089744567871,-29188081.741767223924
18 May 2026 10:03:20.000,52169899586.089744567871,-29188081.741767231375
18 May 2026 10:03:30.000,52169899586.089759826660,-29188081.741767212749
18 May 2026 10:03:40.000,52169899586.089759826660,-29188081.741767212749
18 May 2026 10:03:50.000,52169899586.089744567871,-29188081.741767220199
18 May 2026 10:04:00.000,52169899586.089744567871,-29188081.741767231375
18 May 2026 10:04:10.000,52169899586.089759826660,-29188081.741767209023
18 May 2026 10:04:20.000,52169899586.089759826660,-29188081.741767209023
18 May 2026 10:04:30.000,52169899586.089759826660,-29188081.741767209023
18 May 2026 10:04:40.000,52169899586.089744567871,-29188081.741767231375
18 May 2026 10:04:50.000,52169899586.089759826660,-29188081.741767212749
18 May 2026 10:05:00.000,52169899586.089759826660,-29188081.741767209023
18 May 2026 10:05:10.000,52169899586.089759826660,-29188081.741767209023
18 May 2026 10:05:20.000,52169899586.089759826660,-29188081.741767209023
18 May 2026 10:05:30.000,52169899586.089759826660,-29188081.741767205298
18 May 2026 10:05:40.000,52169899586.089759826660,-29188081.741767205298
18 May 2026 10:05:50.000,52169899586.089759826660,-29188081.741767209023
18 May 2026 10:06:00.000,52169899586.089759826660,-29188081.741767212749
18 May 2026 10:06:10.000,52169899586.089759826660,-29188081.741767209023
18 May 2026 10:06:20.000,52169899586.089759826660,-29188081.741767205298
18 May 2026 10:06:30.000,52169899586.089759826660,-29188081.741767209023
18 May 2026 10:06:40.000,52169899586.089759826660,-29188081.741767205298
18 May 2026 10:06:50.000,52169899586.089759826660,-29188081.741767205298
18 May 2026 10:07:00.000,52169899586.089759826660,-29188081.741767209023
18 May 2026 10:07:10.000,52169899586.089775085449,-29188081.741767194122
18 May 2026 10:07:20.000,52169899586.089775085449,-29188081.741767197847
18 May 2026 10:07:30.000,52169899586.089775085449,-29188081.741767190397
18 May 2026 10:07:40.000,52169899586.089775085449,-29188081.741767186671
18 May 2026 10:07:50.000,52169899586.089775085449,-29188081.741767190397
18 May 2026 10:08:00.000,52169899586.089775085449,-29188081.741767186671
18 May 2026 10:08:10.000,52169899586.089775085449,-29188081.741767186671
18 May 2026 10:08:20.000,52169899586.089775085449,-29188081.741767186671
18 May 2026 10:08:30.000,52169899586.089775085449,-29188081.741767194122
18 May 2026 10:08:40.000,52169899586.089775085449,-29188081.741767197847
18 May 2026 10:08:50.000,52169899586.089782714844,-29188081.741767190397
18 May 2026 10:09:00.000,52169899586.089782714844,-29188081.741767182946
18 May 2026 10:09:10.000,52169899586.089782714844,-29188081.741767182946
18 May 2026 10:09:20.000,52169899586.089782714844,-29188081.741767186671
18 May 2026 10:09:30.000,52169899586.089775085449,-29188081.741767194122
18 May 2026 10:09:40.000,52169899586.089790344238,-29188081.741767175496
18 May 2026 10:09:50.000,52169899586.089782714844,-29188081.741767190397
18 May 2026 10:10:00.000,52169899586.089775085449,-29188081.741767186671
18 May 2026 10:10:10.000,52169899586.089775085449,-29188081.741767186671
18 May 2026 10:10:20.000,52169899586.089775085449,-29188081.741767197847
18 May 2026 10:10:30.000,52169899586.089782714844,-29188081.741767182946
18 May 2026 10:10:40.000,52169899586.089782714844,-29188081.741767186671
18 May 2026 10:10:50.000,52169899586.089775085449,-29188081.741767197847
18 May 2026 10:11:00.000,52169899586.089782714844,-29188081.741767190397
18 May 2026 10:11:10.000,52169899586.089790344238,-29188081.741767175496
18 May 2026 10:11:20.000,52169899586.089782714844,-29188081.741767190397
18 May 2026 10:11:30.000,52169899586.089782714844,-29188081.741767182946
18 May 2026 10:11:40.000,52169899586.089775085449,-29188081.741767194122
18 May 2026 10:11:50.000,52169899586.089775085449,-29188081.741767194122
18 May 2026 10:12:00.000,52169899586.089775085449,-29188081.741767186671
18 May 2026 10:12:10.000,52169899586.089775085449,-29188081.741767190397
18 May 2026 10:12:20.000,52169899586.089775085449,-29188081.741767190397
18 May 2026 10:12:30.000,52169899586.089790344238,-29188081.741767175496
18 May 2026 10:12:40.000,52169899586.089790344238,-29188081.741767179221
18 May 2026 10:12:50.000,52169899586.089790344238,-29188081.741767175496
18 May 2026 10:13:00.000,52169899586.089790344238,-29188081.741767175496
18 May 2026 10:13:10.000,52169899586.089790344238,-29188081.741767175496
18 May 2026 10:13:20.000,52169899586.089790344238,-29188081.741767171770
18 May 2026 10:13:30.000,52169899586.089790344238,-29188081.741767179221
18 May 2026 10:13:40.000,52169899586.089797973633,-29188081.741767171770
18 May 2026 10:13:50.000,52169899586.089805603027,-29188081.741767149419
18 May 2026 10:14:00.000,52169899586.089820861816,-29188081.741767138243
18 May 2026 10:14:10.000,52169899586.089820861816,-29188081.741767141968
18 May 2026 10:14:20.000,52169899586.089820861816,-29188081.741767138243
18 May 2026 10:14:30.000,52169899586.089836120605,-29188081.741767134517
18 May 2026 10:14:40.000,52169899586.089836120605,-29188081.741767127067
18 May 2026 10:14:50.000,52169899586.089836120605,-29188081.741767134517
18 May 2026 10:15:00.000,52169899586.089836120605,-29188081.741767130792
18 May 2026 10:15:10.000,52169899586.089836120605,-29188081.741767130792
18 May 2026 10:15:20.000,52169899586.089836120605,-29188081.741767130792
18 May 2026 10:15:30.000,52169899586.089836120605,-29188081.741767130792
18 May 2026 10:15:40.000,52169899586.089820861816,-29188081.741767141968
18 May 2026 10:15:50.000,52169899586.089820861816,-29188081.741767141968
18 May 2026 10:16:00.000,52169899586.089820861816,-29188081.741767141968
18 May 2026 10:16:10.000,52169899586.089820861816,-29188081.741767138243
18 May 2026 10:16:20.000,52169899586.089820861816,-29188081.741767141968
18 May 2026 10:16:30.000,52169899586.089820861816,-29188081.741767141968
18 May 2026 10:16:40.000,52169899586.089820861816,-29188081.741767141968
18 May 2026 10:16:50.000,52169899586.089820861816,-29188081.741767141968
18 May 2026 10:17:00.000,52169899586.089820861816,-29188081.741767141968
18 May 2026 10:17:10.000,52169899586.089805603027,-29188081.741767156869
18 May 2026 10:17:20.000,52169899586.089805603027,-29188081.741767153144
18 May 2026 10:17:30.000,52169899586.089805603027,-29188081.741767153144
18 May 2026 10:17:40.000,52169899586.089805603027,-29188081.741767149419
18 May 2026 10:17:50.000,52169899586.089805603027,-29188081.741767149419
18 May 2026 10:18:00.000,52169899586.089813232422,-29188081.741767149419
18 May 2026 10:18:10.000,52169899586.089820861816,-29188081.741767141968
18 May 2026 10:18:20.000,52169899586.089820861816,-29188081.741767138243
18 May 2026 10:18:30.000,52169899586.089820861816,-29188081.741767141968
18 May 2026 10:18:40.000,52169899586.089813232422,-29188081.741767149419
18 May 2026 10:18:50.000,52169899586.089805603027,-29188081.741767153144
18 May 2026 10:19:00.000,52169899586.089805603027,-29188081.741767156869
18 May 2026 10:19:10.000,52169899586.089805603027,-29188081.741767149419
18 May 2026 10:19:20.000,52169899586.089805603027,-29188081.741767149419
18 May 2026 10:19:30.000,52169899586.089820861816,-29188081.741767138243
18 May 2026 10:19:40.000,52169899586.089805603027,-29188081.741767153144
18 May 2026 10:19:50.000,52169899586.089820861816,-29188081.741767141968
18 May 2026 10:20:00.000,52169899586.089820861816,-29188081.741767141968
18 May 2026 10:20:10.000,52169899586.089836120605,-29188081.741767130792
18 May 2026 10:20:20.000,52169899586.089836120605,-29188081.741767130792
18 May 2026 10:20:30.000,52169899586.089820861816,-29188081.741767145693
18 May 2026 10:20:40.000,52169899586.089820861816,-29188081.741767138243
18 May 2026 10:20:50.000,52169899586.089836120605,-29188081.741767130792
18 May 2026 10:21:00.000,52169899586.089836120605,-29188081.741767127067
18 May 2026 10:21:10.000,52169899586.089836120605,-29188081.741767127067
18 May 2026 10:21:20.000,52169899586.089836120605,-29188081.741767127067
18 May 2026 10:21:30.000,52169899586.089836120605,-29188081.741767127067
18 May 2026 10:21:40.000,52169899586.089836120605,-29188081.741767130792
18 May 2026 10:21:50.000,52169899586.089836120605,-29188081.741767130792
18 May 2026 10:22:00.000,52169899586.089836120605,-29188081.741767130792
18 May 2026 10:22:10.000,52169899586.089836120605,-29188081.741767123342
18 May 2026 10:22:20.000,52169899586.089836120605,-29188081.741767130792
18 May 2026 10:22:30.000,52169899586.089820861816,-29188081.741767145693
18 May 2026 10:22:40.000,52169899586.089836120605,-29188081.741767130792
18 May 2026 10:22:50.000,52169899586.089836120605,-29188081.741767130792
18 May 2026 10:23:00.000,52169899586.089836120605,-29188081.741767123342
18 May 2026 10:23:10.000,52169899586.089851379395,-29188081.741767108440
18 May 2026 10:23:20.000,52169899586.089851379395,-29188081.741767108440
18 May 2026 10:23:30.000,52169899586.089843750000,-29188081.741767123342
18 May 2026 10:23:40.000,52169899586.089851379395,-29188081.741767100990
18 May 2026 10:23:50.000,52169899586.089843750000,-29188081.741767119616
18 May 2026 10:24:00.000,52169899586.089836120605,-29188081.741767130792
18 May 2026 10:24:10.000,52169899586.089836120605,-29188081.741767130792
18 May 2026 10:24:20.000,52169899586.089836120605,-29188081.741767130792
18 May 2026 10:24:30.000,52169899586.089843750000,-29188081.741767119616
18 May 2026 10:24:40.000,52169899586.089843750000,-29188081.741767119616
18 May 2026 10:24:50.000,52169899586.089836120605,-29188081.741767127067
18 May 2026 10:25:00.000,52169899586.089851379395,-29188081.741767108440
18 May 2026 10:25:10.000,52169899586.089851379395,-29188081.741767100990
18 May 2026 10:25:20.000,52169899586.089851379395,-29188081.741767100990
18 May 2026 10:25:30.000,52169899586.089859008789,-29188081.741767100990
18 May 2026 10:25:40.000,52169899586.089859008789,-29188081.741767100990
18 May 2026 10:25:50.000,52169899586.089859008789,-29188081.741767097265
18 May 2026 10:26:00.000,52169899586.089851379395,-29188081.741767104715
18 May 2026 10:26:10.000,52169899586.089851379395,-29188081.741767104715
18 May 2026 10:26:20.000,52169899586.089851379395,-29188081.741767115891
18 May 2026 10:26:30.000,52169899586.089851379395,-29188081.741767104715
18 May 2026 10:26:40.000,52169899586.089859008789,-29188081.741767097265
18 May 2026 10:26:50.000,52169899586.089859008789,-29188081.741767097265
18 May 2026 10:27:00.000,52169899586.089859008789,-29188081.741767097265
18 May 2026 10:27:10.000,52169899586.089859008789,-29188081.741767100990
18 May 2026 10:27:20.000,52169899586.089874267578,-29188081.741767089814
18 May 2026 10:27:30.000,52169899586.089859008789,-29188081.741767097265
18 May 2026 10:27:40.000,52169899586.089874267578,-29188081.741767089814
18 May 2026 10:27:50.000,52169899586.089874267578,-29188081.741767089814
18 May 2026 10:28:00.000,52169899586.089874267578,-29188081.741767089814
18 May 2026 10:28:10.000,52169899586.089874267578,-29188081.741767086089
18 May 2026 10:28:20.000,52169899586.089874267578,-29188081.741767086089
18 May 2026 10:28:30.000,52169899586.089874267578,-29188081.741767082363
18 May 2026 10:28:40.000,52169899586.089874267578,-29188081.741767086089
18 May 2026 10:28:50.000,52169899586.089874267578,-29188081.741767086089
18 May 2026 10:29:00.000,52169899586.089874267578,-29188081.741767086089
18 May 2026 10:29:10.000,52169899586.089866638184,-29188081.741767093539
18 May 2026 10:29:20.000,52169899586.089874267578,-29188081.741767086089
18 May 2026 10:29:30.000,52169899586.089874267578,-29188081.741767086089
18 May 2026 10:29:40.000,52169899586.089881896973,-29188081.741767074913
18 May 2026 10:29:50.000,52169899586.089874267578,-29188081.741767089814
18 May 2026 10:30:00.000,52169899586.089881896973,-29188081.741767074913
18 May 2026 10:30:10.000,52169899586.089881896973,-29188081.741767074913
18 May 2026 10:30:20.000,52169899586.089881896973,-29188081.741767074913
18 May 2026 10:30:30.000,52169899586.089881896973,-29188081.741767074913
18 May 2026 10:30:40.000,52169899586.089889526367,-29188081.741767067462
18 May 2026 10:30:50.000,52169899586.089889526367,-29188081.741767067462
18 May 2026 10:31:00.000,52169899586.089881896973,-29188081.741767074913
18 May 2026 10:31:10.000,52169899586.089881896973,-29188081.741767074913
18 May 2026 10:31:20.000,52169899586.089881896973,-29188081.741767074913
18 May 2026 10:31:30.000,52169899586.089889526367,-29188081.741767063737
18 May 2026 10:31:40.000,52169899586.089881896973,-29188081.741767074913
18 May 2026 10:31:50.000,52169899586.089881896973,-29188081.741767074913
18 May 2026 10:32:00.000,52169899586.089881896973,-29188081.741767071187
18 May 2026 10:32:10.000,52169899586.089881896973,-29188081.741767071187
18 May 2026 10:32:20.000,52169899586.089881896973,-29188081.741767071187
18 May 2026 10:32:30.000,52169899586.089881896973,-29188081.741767074913
18 May 2026 10:32:40.000,52169899586.089881896973,-29188081.741767074913
18 May 2026 10:32:50.000,52169899586.089889526367,-29188081.741767063737
18 May 2026 10:33:00.000,52169899586.089889526367,-29188081.741767063737
18 May 2026 10:33:10.000,52169899586.089881896973,-29188081.741767074913
18 May 2026 10:33:20.000,52169899586.089881896973,-29188081.741767071187
18 May 2026 10:33:30.000,52169899586.089881896973,-29188081.741767074913
18 May 2026 10:33:40.000,52169899586.089881896973,-29188081.741767074913
18 May 2026 10:33:50.000,52169899586.089881896973,-29188081.741767071187
18 May 2026 10:34:00.000,52169899586.089881896973,-29188081.741767071187
18 May 2026 10:34:10.000,52169899586.089881896973,-29188081.741767071187
18 May 2026 10:34:20.000,52169899586.089881896973,-29188081.741767074913
18 May 2026 10:34:30.000,52169899586.089889526367,-29188081.741767063737
18 May 2026 10:34:40.000,52169899586.089889526367,-29188081.741767063737
18 May 2026 10:34:50.000,52169899586.089889526367,-29188081.741767067462
18 May 2026 10:35:00.000,52169899586.089881896973,-29188081.741767078638
18 May 2026 10:35:10.000,52169899586.089889526367,-29188081.741767067462
18 May 2026 10:35:20.000,52169899586.089904785156,-29188081.741767048836
18 May 2026 10:35:30.000,52169899586.089889526367,-29188081.741767056286
18 May 2026 10:35:40.000,52169899586.089904785156,-29188081.741767048836
18 May 2026 10:35:50.000,52169899586.089904785156,-29188081.741767056286
18 May 2026 10:36:00.000,52169899586.089904785156,-29188081.741767048836
18 May 2026 10:36:10.000,52169899586.089904785156,-29188081.741767037660
18 May 2026 10:36:20.000,52169899586.089904785156,-29188081.741767041385
18 May 2026 10:36:30.000,52169899586.089904785156,-29188081.741767041385
18 May 2026 10:36:40.000,52169899586.089904785156,-29188081.741767041385
18 May 2026 10:36:50.000,52169899586.089897155762,-29188081.741767048836
18 May 2026 10:37:00.000,52169899586.089897155762,-29188081.741767048836
18 May 2026 10:37:10.000,52169899586.089897155762,-29188081.741767048836
18 May 2026 10:37:20.000,52169899586.089897155762,-29188081.741767056286
18 May 2026 10:37:30.000,52169899586.089889526367,-29188081.741767063737
18 May 2026 10:37:40.000,52169899586.089904785156,-29188081.741767045110
18 May 2026 10:37:50.000,52169899586.089904785156,-29188081.741767041385
18 May 2026 10:38:00.000,52169899586.089904785156,-29188081.741767041385
18 May 2026 10:38:10.000,52169899586.089904785156,-29188081.741767041385
18 May 2026 10:38:20.000,52169899586.089904785156,-29188081.741767037660
18 May 2026 10:38:30.000,52169899586.089904785156,-29188081.741767041385
18 May 2026 10:38:40.000,52169899586.089904785156,-29188081.741767056286
18 May 2026 10:38:50.000,52169899586.089904785156,-29188081.741767056286
18 May 2026 10:39:00.000,52169899586.089904785156,-29188081.741767041385
18 May 2026 10:39:10.000,52169899586.089889526367,-29188081.741767060012
18 May 2026 10:39:20.000,52169899586.089904785156,-29188081.741767048836
18 May 2026 10:39:30.000,52169899586.089889526367,-29188081.741767060012
18 May 2026 10:39:40.000,52169899586.089897155762,-29188081.741767056286
18 May 2026 10:39:50.000,52169899586.089889526367,-29188081.741767060012
18 May 2026 10:40:00.000,52169899586.089889526367,-29188081.741767067462
18 May 2026 10:40:10.000,52169899586.089889526367,-29188081.741767063737
18 May 2026 10:40:20.000,52169899586.089904785156,-29188081.741767041385
18 May 2026 10:40:30.000,52169899586.089904785156,-29188081.741767041385
18 May 2026 10:40:40.000,52169899586.089904785156,-29188081.741767041385
18 May 2026 10:40:50.000,52169899586.089920043945,-29188081.741767033935
18 May 2026 10:41:00.000,52169899586.089920043945,-29188081.741767026484
18 May 2026 10:41:10.000,52169899586.089904785156,-29188081.741767045110
18 May 2026 10:41:20.000,52169899586.089920043945,-29188081.741767033935
18 May 2026 10:41:30.000,52169899586.089920043945,-29188081.741767033935
18 May 2026 10:41:40.000,52169899586.089920043945,-29188081.741767030209
18 May 2026 10:41:50.000,52169899586.089904785156,-29188081.741767045110
18 May 2026 10:42:00.000,52169899586.089904785156,-29188081.741767041385
18 May 2026 10:42:10.000,52169899586.089904785156,-29188081.741767041385
18 May 2026 10:42:20.000,52169899586.089904785156,-29188081.741767041385
18 May 2026 10:42:30.000,52169899586.089904785156,-29188081.741767041385
18 May 2026 10:42:40.000,52169899586.089904785156,-29188081.741767045110
18 May 2026 10:42:50.000,52169899586.089904785156,-29188081.741767045110
18 May 2026 10:43:00.000,52169899586.089897155762,-29188081.741767056286
18 May 2026 10:43:10.000,52169899586.089904785156,-29188081.741767041385
18 May 2026 10:43:20.000,52169899586.089897155762,-29188081.741767056286
18 May 2026 10:43:30.000,52169899586.089889526367,-29188081.741767063737
18 May 2026 10:43:40.000,52169899586.089889526367,-29188081.741767063737
18 May 2026 10:43:50.000,52169899586.089897155762,-29188081.741767056286
18 May 2026 10:44:00.000,52169899586.089904785156,-29188081.741767041385
18 May 2026 10:44:10.000,52169899586.089904785156,-29188081.741767041385
18 May 2026 10:44:20.000,52169899586.089889526367,-29188081.741767063737
18 May 2026 10:44:30.000,52169899586.089889526367,-29188081.741767063737
18 May 2026 10:44:40.000,52169899586.089889526367,-29188081.741767063737
18 May 2026 10:44:50.000,52169899586.089897155762,-29188081.741767048836
18 May 2026 10:45:00.000,52169899586.089897155762,-29188081.741767048836
18 May 2026 10:45:10.000,52169899586.089904785156,-29188081.741767037660
18 May 2026 10:45:20.000,52169899586.089889526367,-29188081.741767063737
18 May 2026 10:45:30.000,52169899586.089889526367,-29188081.741767063737
18 May 2026 10:45:40.000,52169899586.089897155762,-29188081.741767048836
18 May 2026 10:45:50.000,52169899586.089897155762,-29188081.741767056286
18 May 2026 10:46:00.000,52169899586.089904785156,-29188081.741767041385
18 May 2026 10:46:10.000,52169899586.089904785156,-29188081.741767041385
18 May 2026 10:46:20.000,52169899586.089897155762,-29188081.741767056286
18 May 2026 10:46:30.000,52169899586.089897155762,-29188081.741767048836
18 May 2026 10:46:40.000,52169899586.089889526367,-29188081.741767063737
18 May 2026 10:46:50.000,52169899586.089881896973,-29188081.741767078638
18 May 2026 10:47:00.000,52169899586.089897155762,-29188081.741767048836
18 May 2026 10:47:10.000,52169899586.089881896973,-29188081.741767078638
18 May 2026 10:47:20.000,52169899586.089889526367,-29188081.741767063737
18 May 2026 10:47:30.000,52169899586.089897155762,-29188081.741767048836
18 May 2026 10:47:40.000,52169899586.089904785156,-29188081.741767041385
18 May 2026 10:47:50.000,52169899586.089904785156,-29188081.741767041385
18 May 2026 10:48:00.000,52169899586.089912414551,-29188081.741767037660
18 May 2026 10:48:10.000,52169899586.089904785156,-29188081.741767041385
18 May 2026 10:48:20.000,52169899586.089920043945,-29188081.741767030209
18 May 2026 10:48:30.000,52169899586.089920043945,-29188081.741767030209
18 May 2026 10:48:40.000,52169899586.089920043945,-29188081.741767030209
18 May 2026 10:48:50.000,52169899586.089920043945,-29188081.741767030209
18 May 2026 10:49:00.000,52169899586.089920043945,-29188081.741767030209
18 May 2026 10:49:10.000,52169899586.089920043945,-29188081.741767030209
18 May 2026 10:49:20.000,52169899586.089904785156,-29188081.741767041385
18 May 2026 10:49:30.000,52169899586.089904785156,-29188081.741767041385
18 May 2026 10:49:40.000,52169899586.089904785156,-29188081.741767045110
18 May 2026 10:49:50.000,52169899586.089912414551,-29188081.741767037660
18 May 2026 10:50:00.000,52169899586.089904785156,-29188081.741767045110
18 May 2026 10:50:10.000,52169899586.089904785156,-29188081.741767041385
18 May 2026 10:50:20.000,52169899586.089904785156,-29188081.741767041385
18 May 2026 10:50:30.000,52169899586.089904785156,-29188081.741767041385
18 May 2026 10:50:40.000,52169899586.089904785156,-29188081.741767041385
18 May 2026 10:50:50.000,52169899586.089920043945,-29188081.741767026484
18 May 2026 10:51:00.000,52169899586.089920043945,-29188081.741767033935
18 May 2026 10:51:10.000,52169899586.089920043945,-29188081.741767033935
18 May 2026 10:51:20.000,52169899586.089912414551,-29188081.741767037660
18 May 2026 10:51:30.000,52169899586.089920043945,-29188081.741767026484
18 May 2026 10:51:40.000,52169899586.089920043945,-29188081.741767026484
18 May 2026 10:51:50.000,52169899586.089920043945,-29188081.741767033935
18 May 2026 10:52:00.000,52169899586.089920043945,-29188081.741767026484
18 May 2026 10:52:10.000,52169899586.089920043945,-29188081.741767033935
18 May 2026 10:52:20.000,52169899586.089920043945,-29188081.741767033935
18 May 2026 10:52:30.000,52169899586.089920043945,-29188081.741767026484
18 May 2026 10:52:40.000,52169899586.089920043945,-29188081.741767030209
18 May 2026 10:52:50.000,52169899586.089920043945,-29188081.741767026484
18 May 2026 10:53:00.000,52169899586.089904785156,-29188081.741767048836
18 May 2026 10:53:10.000,52169899586.089904785156,-29188081.741767048836
18 May 2026 10:53:20.000,52169899586.089904785156,-29188081.741767045110
18 May 2026 10:53:30.000,52169899586.089904785156,-29188081.741767056286
18 May 2026 10:53:40.000,52169899586.089904785156,-29188081.741767056286
18 May 2026 10:53:50.000,52169899586.089904785156,-29188081.741767056286
18 May 2026 10:54:00.000,52169899586.089904785156,-29188081.741767056286
18 May 2026 10:54:10.000,52169899586.089904785156,-29188081.741767048836
18 May 2026 10:54:20.000,52169899586.089889526367,-29188081.741767060012
18 May 2026 10:54:30.000,52169899586.089889526367,-29188081.741767063737
18 May 2026 10:54:40.000,52169899586.089889526367,-29188081.741767067462
18 May 2026 10:54:50.000,52169899586.089904785156,-29188081.741767048836
18 May 2026 10:55:00.000,52169899586.089889526367,-29188081.741767063737
18 May 2026 10:55:10.000,52169899586.089904785156,-29188081.741767056286
18 May 2026 10:55:20.000,52169899586.089904785156,-29188081.741767056286
18 May 2026 10:55:30.000,52169899586.089904785156,-29188081.741767048836
18 May 2026 10:55:40.000,52169899586.089904785156,-29188081.741767048836
18 May 2026 10:55:50.000,52169899586.089904785156,-29188081.741767048836
18 May 2026 10:56:00.000,52169899586.089912414551,-29188081.741767037660
18 May 2026 10:56:10.000,52169899586.089904785156,-29188081.741767045110
18 May 2026 10:56:20.000,52169899586.089912414551,-29188081.741767033935
18 May 2026 10:56:30.000,52169899586.089920043945,-29188081.741767030209
18 May 2026 10:56:40.000,52169899586.089904785156,-29188081.741767045110
18 May 2026 10:56:50.000,52169899586.089912414551,-29188081.741767041385
18 May 2026 10:57:00.000,52169899586.089904785156,-29188081.741767045110
18 May 2026 10:57:10.000,52169899586.089904785156,-29188081.741767048836
18 May 2026 10:57:20.000,52169899586.089904785156,-29188081.741767041385
18 May 2026 10:57:30.000,52169899586.089920043945,-29188081.741767030209
18 May 2026 10:57:40.000,52169899586.089920043945,-29188081.741767030209
18 May 2026 10:57:50.000,52169899586.089920043945,-29188081.741767030209
18 May 2026 10:58:00.000,52169899586.089920043945,-29188081.741767026484
18 May 2026 10:58:10.000,52169899586.089920043945,-29188081.741767030209
18 May 2026 10:58:20.000,52169899586.089920043945,-29188081.741767033935
18 May 2026 10:58:30.000,52169899586.089920043945,-29188081.741767030209
18 May 2026 10:58:40.000,52169899586.089920043945,-29188081.741767026484
18 May 2026 10:58:50.000,52169899586.089920043945,-29188081.741767030209
18 May 2026 10:59:00.000,52169899586.089920043945,-29188081.741767030209
18 May 2026 10:59:10.000,52169899586.089927673340,-29188081.741767022759
18 May 2026 10:59:20.000,52169899586.089942932129,-29188081.741767004132
18 May 2026 10:59:30.000,52169899586.089935302734,-29188081.741767015308
18 May 2026 10:59:40.000,52169899586.089935302734,-29188081.741767015308
18 May 2026 10:59:50.000,52169899586.089935302734,-29188081.741767015308
18 May 2026 11:00:00.000,52169899586.089935302734,-29188081.741767015308
18 May 2026 11:00:10.000,52169899586.089935302734,-29188081.741767019033
18 May 2026 11:00:20.000,52169899586.089935302734,-29188081.741767015308
18 May 2026 11:00:30.000,52169899586.089935302734,-29188081.741767015308
18 May 2026 11:00:40.000,52169899586.089927673340,-29188081.741767019033
18 May 2026 11:00:50.000,52169899586.089927673340,-29188081.741767026484
18 May 2026 11:01:00.000,52169899586.089935302734,-29188081.741767011583
18 May 2026 11:01:10.000,52169899586.089935302734,-29188081.741767015308
18 May 2026 11:01:20.000,52169899586.089942932129,-29188081.741767004132
18 May 2026 11:01:30.000,52169899586.089950561523,-29188081.741767000407
18 May 2026 11:01:40.000,52169899586.089935302734,-29188081.741767015308
18 May 2026 11:01:50.000,52169899586.089927673340,-29188081.741767022759
18 May 2026 11:02:00.000,52169899586.089942932129,-29188081.741767004132
18 May 2026 11:02:10.000,52169899586.089935302734,-29188081.741767011583
18 May 2026 11:02:20.000,52169899586.089935302734,-29188081.741767011583
18 May 2026 11:02:30.000,52169899586.089935302734,-29188081.741767011583
18 May 2026 11:02:40.000,52169899586.089935302734,-29188081.741767011583
18 May 2026 11:02:50.000,52169899586.089935302734,-29188081.741767011583
18 May 2026 11:03:00.000,52169899586.089935302734,-29188081.741767015308
18 May 2026 11:03:10.000,52169899586.089935302734,-29188081.741767007858
18 May 2026 11:03:20.000,52169899586.089942932129,-29188081.741767004132
18 May 2026 11:03:30.000,52169899586.089935302734,-29188081.741767011583
18 May 2026 11:03:40.000,52169899586.089935302734,-29188081.741767011583
18 May 2026 11:03:50.000,52169899586.089935302734,-29188081.741767011583
18 May 2026 11:04:00.000,52169899586.089935302734,-29188081.741767011583
18 May 2026 11:04:10.000,52169899586.089950561523,-29188081.741767000407
18 May 2026 11:04:20.000,52169899586.089950561523,-29188081.741767004132
18 May 2026 11:04:30.000,52169899586.089935302734,-29188081.741767011583
18 May 2026 11:04:40.000,52169899586.089950561523,-29188081.741766996682
18 May 2026 11:04:50.000,52169899586.089950561523,-29188081.741767004132
18 May 2026 11:05:00.000,52169899586.089935302734,-29188081.741767019033
18 May 2026 11:05:10.000,52169899586.089950561523,-29188081.741766996682
18 May 2026 11:05:20.000,52169899586.089950561523,-29188081.741766996682
18 May 2026 11:05:30.000,52169899586.089950561523,-29188081.741766996682
18 May 2026 11:05:40.000,52169899586.089950561523,-29188081.741767000407
18 May 2026 11:05:50.000,52169899586.089950561523,-29188081.741767000407
18 May 2026 11:06:00.000,52169899586.089950561523,-29188081.741766996682
18 May 2026 11:06:10.000,52169899586.089958190918,-29188081.741766989231
18 May 2026 11:06:20.000,52169899586.089958190918,-29188081.741766989231
18 May 2026 11:06:30.000,52169899586.089965820312,-29188081.741766985506
18 May 2026 11:06:40.000,52169899586.089965820312,-29188081.741766985506
18 May 2026 11:06:50.000,52169899586.089958190918,-29188081.741766989231
18 May 2026 11:07:00.000,52169899586.089958190918,-29188081.741766981781
18 May 2026 11:07:10.000,52169899586.089958190918,-29188081.741766989231
18 May 2026 11:07:20.000,52169899586.089958190918,-29188081.741766989231
18 May 2026 11:07:30.000,52169899586.089950561523,-29188081.741766996682
18 May 2026 11:07:40.000,52169899586.089965820312,-29188081.741766978055
18 May 2026 11:07:50.000,52169899586.089965820312,-29188081.741766985506
18 May 2026 11:08:00.000,52169899586.089965820312,-29188081.741766985506
18 May 2026 11:08:10.000,52169899586.089965820312,-29188081.741766970605
18 May 2026 11:08:20.000,52169899586.089981079102,-29188081.741766963154
18 May 2026 11:08:30.000,52169899586.089981079102,-29188081.741766963154
18 May 2026 11:08:40.000,52169899586.089981079102,-29188081.741766955703
18 May 2026 11:08:50.000,52169899586.089965820312,-29188081.741766978055
18 May 2026 11:09:00.000,52169899586.089965820312,-29188081.741766981781
18 May 2026 11:09:10.000,52169899586.089981079102,-29188081.741766959429
18 May 2026 11:09:20.000,52169899586.089981079102,-29188081.741766963154
18 May 2026 11:09:30.000,52169899586.089981079102,-29188081.741766959429
18 May 2026 11:09:40.000,52169899586.089981079102,-29188081.741766963154
18 May 2026 11:09:50.000,52169899586.089973449707,-29188081.741766970605
18 May 2026 11:10:00.000,52169899586.089965820312,-29188081.741766981781
18 May 2026 11:10:10.000,52169899586.089981079102,-29188081.741766963154
18 May 2026 11:10:20.000,52169899586.089973449707,-29188081.741766970605
18 May 2026 11:10:30.000,52169899586.089981079102,-29188081.741766959429
18 May 2026 11:10:40.000,52169899586.089973449707,-29188081.741766970605
18 May 2026 11:10:50.000,52169899586.089981079102,-29188081.741766955703
18 May 2026 11:11:00.000,52169899586.089973449707,-29188081.741766970605
18 May 2026 11:11:10.000,52169899586.089981079102,-29188081.741766959429
18 May 2026 11:11:20.000,52169899586.089973449707,-29188081.741766970605
18 May 2026 11:11:30.000,52169899586.089973449707,-29188081.741766966879
18 May 2026 11:11:40.000,52169899586.089973449707,-29188081.741766974330
18 May 2026 11:11:50.000,52169899586.089981079102,-29188081.741766963154
18 May 2026 11:12:00.000,52169899586.089965820312,-29188081.741766981781
18 May 2026 11:12:10.000,52169899586.089973449707,-29188081.741766970605
18 May 2026 11:12:20.000,52169899586.089965820312,-29188081.741766981781
18 May 2026 11:12:30.000,52169899586.089965820312,-29188081.741766981781
18 May 2026 11:12:40.000,52169899586.089965820312,-29188081.741766981781
18 May 2026 11:12:50.000,52169899586.089973449707,-29188081.741766970605
18 May 2026 11:13:00.000,52169899586.089981079102,-29188081.741766963154
18 May 2026 11:13:10.000,52169899586.089965820312,-29188081.741766981781
18 May 2026 11:13:20.000,52169899586.089965820312,-29188081.741766974330
18 May 2026 11:13:30.000,52169899586.089965820312,-29188081.741766970605
18 May 2026 11:13:40.000,52169899586.089965820312,-29188081.741766978055
18 May 2026 11:13:50.000,52169899586.089965820312,-29188081.741766974330
18 May 2026 11:14:00.000,52169899586.089965820312,-29188081.741766974330
18 May 2026 11:14:10.000,52169899586.089973449707,-29188081.741766966879
18 May 2026 11:14:20.000,52169899586.089965820312,-29188081.741766981781
18 May 2026 11:14:30.000,52169899586.089958190918,-29188081.741766985506
18 May 2026 11:14:40.000,52169899586.089950561523,-29188081.741767000407
18 May 2026 11:14:50.000,52169899586.089958190918,-29188081.741766985506
18 May 2026 11:15:00.000,52169899586.089950561523,-29188081.741766989231
18 May 2026 11:15:10.000,52169899586.089958190918,-29188081.741766989231
18 May 2026 11:15:20.000,52169899586.089950561523,-29188081.741766996682
18 May 2026 11:15:30.000,52169899586.089958190918,-29188081.741766989231
18 May 2026 11:15:40.000,52169899586.089950561523,-29188081.741766989231
18 May 2026 11:15:50.000,52169899586.089958190918,-29188081.741766985506
18 May 2026 11:16:00.000,52169899586.089965820312,-29188081.741766978055
18 May 2026 11:16:10.000,52169899586.089965820312,-29188081.741766978055
18 May 2026 11:16:20.000,52169899586.089973449707,-29188081.741766970605
18 May 2026 11:16:30.000,52169899586.089958190918,-29188081.741766985506
18 May 2026 11:16:40.000,52169899586.089965820312,-29188081.741766978055
18 May 2026 11:16:50.000,52169899586.089973449707,-29188081.741766970605
18 May 2026 11:17:00.000,52169899586.089981079102,-29188081.741766963154
18 May 2026 11:17:10.000,52169899586.089981079102,-29188081.741766963154
18 May 2026 11:17:20.000,52169899586.089981079102,-29188081.741766963154
18 May 2026 11:17:30.000,52169899586.089988708496,-29188081.741766959429
18 May 2026 11:17:40.000,52169899586.089988708496,-29188081.741766955703
18 May 2026 11:17:50.000,52169899586.089981079102,-29188081.741766959429
18 May 2026 11:18:00.000,52169899586.089981079102,-29188081.741766963154
18 May 2026 11:18:10.000,52169899586.089981079102,-29188081.741766955703
18 May 2026 11:18:20.000,52169899586.089981079102,-29188081.741766955703
18 May 2026 11:18:30.000,52169899586.089981079102,-29188081.741766959429
18 May 2026 11:18:40.000,52169899586.089988708496,-29188081.741766951978
18 May 2026 11:18:50.000,52169899586.089988708496,-29188081.741766959429
18 May 2026 11:19:00.000,52169899586.089988708496,-29188081.741766955703
18 May 2026 11:19:10.000,52169899586.089988708496,-29188081.741766959429
18 May 2026 11:19:20.000,52169899586.089988708496,-29188081.741766955703
18 May 2026 11:19:30.000,52169899586.089988708496,-29188081.741766955703
18 May 2026 11:19:40.000,52169899586.089996337891,-29188081.741766951978
18 May 2026 11:19:50.000,52169899586.089996337891,-29188081.741766944528
18 May 2026 11:20:00.000,52169899586.089996337891,-29188081.741766944528
18 May 2026 11:20:10.000,52169899586.089996337891,-29188081.741766944528
18 May 2026 11:20:20.000,52169899586.089996337891,-29188081.741766944528
18 May 2026 11:20:30.000,52169899586.089996337891,-29188081.741766948253
18 May 2026 11:20:40.000,52169899586.089996337891,-29188081.741766948253
18 May 2026 11:20:50.000,52169899586.089996337891,-29188081.741766944528
18 May 2026 11:21:00.000,52169899586.089996337891,-29188081.741766948253
18 May 2026 11:21:10.000,52169899586.089996337891,-29188081.741766944528
18 May 2026 11:21:20.000,52169899586.089996337891,-29188081.741766948253
18 May 2026 11:21:30.000,52169899586.089981079102,-29188081.741766963154
18 May 2026 11:21:40.000,52169899586.089981079102,-29188081.741766963154
18 May 2026 11:21:50.000,52169899586.089981079102,-29188081.741766963154
18 May 2026 11:22:00.000,52169899586.089981079102,-29188081.741766959429
18 May 2026 11:22:10.000,52169899586.089981079102,-29188081.741766966879
18 May 2026 11:22:20.000,52169899586.089981079102,-29188081.741766966879
18 May 2026 11:22:30.000,52169899586.089981079102,-29188081.741766970605
18 May 2026 11:22:40.000,52169899586.089981079102,-29188081.741766963154
18 May 2026 11:22:50.000,52169899586.089981079102,-29188081.741766966879
18 May 2026 11:23:00.000,52169899586.089981079102,-29188081.741766966879
18 May 2026 11:23:10.000,52169899586.089981079102,-29188081.741766963154
18 May 2026 11:23:20.000,52169899586.089981079102,-29188081.741766959429
18 May 2026 11:23:30.000,52169899586.089981079102,-29188081.741766959429
18 May 2026 11:23:40.000,52169899586.089981079102,-29188081.741766959429
18 May 2026 11:23:50.000,52169899586.089981079102,-29188081.741766963154
18 May 2026 11:24:00.000,52169899586.089981079102,-29188081.741766963154
18 May 2026 11:24:10.000,52169899586.089981079102,-29188081.741766959429
18 May 2026 11:24:20.000,52169899586.089981079102,-29188081.741766963154
18 May 2026 11:24:30.000,52169899586.089981079102,-29188081.741766963154
18 May 2026 11:24:40.000,52169899586.089981079102,-29188081.741766966879
18 May 2026 11:24:50.000,52169899586.089981079102,-29188081.741766966879
18 May 2026 11:25:00.000,52169899586.089981079102,-29188081.741766963154
18 May 2026 11:25:10.000,52169899586.089988708496,-29188081.741766955703
18 May 2026 11:25:20.000,52169899586.089988708496,-29188081.741766955703
18 May 2026 11:25:30.000,52169899586.089996337891,-29188081.741766944528
18 May 2026 11:25:40.000,52169899586.089996337891,-29188081.741766944528
18 May 2026 11:25:50.000,52169899586.089996337891,-29188081.741766944528
18 May 2026 11:26:00.000,52169899586.089996337891,-29188081.741766944528
18 May 2026 11:26:10.000,52169899586.089996337891,-29188081.741766944528
18 May 2026 11:26:20.000,52169899586.089996337891,-29188081.741766944528
18 May 2026 11:26:30.000,52169899586.090019226074,-29188081.741766922176
18 May 2026 11:26:40.000,52169899586.090019226074,-29188081.741766918451
18 May 2026 11:26:50.000,52169899586.090019226074,-29188081.741766922176
18 May 2026 11:27:00.000,52169899586.090019226074,-29188081.741766922176
18 May 2026 11:27:10.000,52169899586.090003967285,-29188081.741766933352
18 May 2026 11:27:20.000,52169899586.089996337891,-29188081.741766944528
18 May 2026 11:27:30.000,52169899586.090003967285,-29188081.741766933352
18 May 2026 11:27:40.000,52169899586.089996337891,-29188081.741766944528
18 May 2026 11:27:50.000,52169899586.089996337891,-29188081.741766944528
18 May 2026 11:28:00.000,52169899586.089996337891,-29188081.741766948253
18 May 2026 11:28:10.000,52169899586.089981079102,-29188081.741766959429
18 May 2026 11:28:20.000,52169899586.089981079102,-29188081.741766959429
18 May 2026 11:28:30.000,52169899586.089988708496,-29188081.741766955703
18 May 2026 11:28:40.000,52169899586.089996337891,-29188081.741766944528
18 May 2026 11:28:50.000,52169899586.089996337891,-29188081.741766944528
18 May 2026 11:29:00.000,52169899586.089996337891,-29188081.741766944528
18 May 2026 11:29:10.000,52169899586.089996337891,-29188081.741766940802
18 May 2026 11:29:20.000,52169899586.090003967285,-29188081.741766933352
18 May 2026 11:29:30.000,52169899586.089996337891,-29188081.741766944528
18 May 2026 11:29:40.000,52169899586.090003967285,-29188081.741766929626
18 May 2026 11:29:50.000,52169899586.089996337891,-29188081.741766944528
18 May 2026 11:30:00.000,52169899586.089996337891,-29188081.741766944528
18 May 2026 11:30:10.000,52169899586.089996337891,-29188081.741766948253
18 May 2026 11:30:20.000,52169899586.089996337891,-29188081.741766948253
18 May 2026 11:30:30.000,52169899586.090011596680,-29188081.741766929626
18 May 2026 11:30:40.000,52169899586.089996337891,-29188081.741766948253
18 May 2026 11:30:50.000,52169899586.089996337891,-29188081.741766948253
18 May 2026 11:31:00.000,52169899586.089996337891,-29188081.741766948253
18 May 2026 11:31:10.000,52169899586.089996337891,-29188081.741766948253
18 May 2026 11:31:20.000,52169899586.089996337891,-29188081.741766944528
18 May 2026 11:31:30.000,52169899586.089996337891,-29188081.741766944528
18 May 2026 11:31:40.000,52169899586.090011596680,-29188081.741766929626
18 May 2026 11:31:50.000,52169899586.090019226074,-29188081.741766918451
18 May 2026 11:32:00.000,52169899586.090011596680,-29188081.741766929626
18 May 2026 11:32:10.000,52169899586.090011596680,-29188081.741766929626
18 May 2026 11:32:20.000,52169899586.090026855469,-29188081.741766914725
18 May 2026 11:32:30.000,52169899586.090011596680,-29188081.741766925901
18 May 2026 11:32:40.000,52169899586.090011596680,-29188081.741766929626
18 May 2026 11:32:50.000,52169899586.090019226074,-29188081.741766918451
18 May 2026 11:33:00.000,52169899586.090011596680,-29188081.741766925901
18 May 2026 11:33:10.000,52169899586.090019226074,-29188081.741766918451
18 May 2026 11:33:20.000,52169899586.090011596680,-29188081.741766929626
18 May 2026 11:33:30.000,52169899586.090019226074,-29188081.741766918451
18 May 2026 11:33:40.000,52169899586.090019226074,-29188081.741766918451
18 May 2026 11:33:50.000,52169899586.090019226074,-29188081.741766918451
18 May 2026 11:34:00.000,52169899586.090011596680,-29188081.741766925901
18 May 2026 11:34:10.000,52169899586.090019226074,-29188081.741766918451
18 May 2026 11:34:20.000,52169899586.090026855469,-29188081.741766914725
18 May 2026 11:34:30.000,52169899586.090026855469,-29188081.741766914725
18 May 2026 11:34:40.000,52169899586.090019226074,-29188081.741766914725
18 May 2026 11:34:50.000,52169899586.090019226074,-29188081.741766914725
18 May 2026 11:35:00.000,52169899586.090026855469,-29188081.741766911000
18 May 2026 11:35:10.000,52169899586.090026855469,-29188081.741766911000
18 May 2026 11:35:20.000,52169899586.090026855469,-29188081.741766914725
18 May 2026 11:35:30.000,52169899586.090026855469,-29188081.741766907275
18 May 2026 11:35:40.000,52169899586.090042114258,-29188081.741766896099
18 May 2026 11:35:50.000,52169899586.090042114258,-29188081.741766896099
18 May 2026 11:36:00.000,52169899586.090026855469,-29188081.741766914725
18 May 2026 11:36:10.000,52169899586.090042114258,-29188081.741766896099
18 May 2026 11:36:20.000,52169899586.090026855469,-29188081.741766914725
18 May 2026 11:36:30.000,52169899586.090026855469,-29188081.741766911000
18 May 2026 11:36:40.000,52169899586.090026855469,-29188081.741766914725
18 May 2026 11:36:50.000,52169899586.090019226074,-29188081.741766918451
18 May 2026 11:37:00.000,52169899586.090026855469,-29188081.741766914725
18 May 2026 11:37:10.000,52169899586.090011596680,-29188081.741766925901
18 May 2026 11:37:20.000,52169899586.090019226074,-29188081.741766922176
18 May 2026 11:37:30.000,52169899586.090026855469,-29188081.741766907275
18 May 2026 11:37:40.000,52169899586.090026855469,-29188081.741766903549
18 May 2026 11:37:50.000,52169899586.090026855469,-29188081.741766903549
18 May 2026 11:38:00.000,52169899586.090026855469,-29188081.741766903549
18 May 2026 11:38:10.000,52169899586.090042114258,-29188081.741766896099
18 May 2026 11:38:20.000,52169899586.090042114258,-29188081.741766892374
18 May 2026 11:38:30.000,52169899586.090042114258,-29188081.741766892374
18 May 2026 11:38:40.000,52169899586.090026855469,-29188081.741766907275
18 May 2026 11:38:50.000,52169899586.090042114258,-29188081.741766896099
18 May 2026 11:39:00.000,52169899586.090042114258,-29188081.741766892374
18 May 2026 11:39:10.000,52169899586.090042114258,-29188081.741766896099
18 May 2026 11:39:20.000,52169899586.090042114258,-29188081.741766896099
18 May 2026 11:39:30.000,52169899586.090049743652,-29188081.741766888648
18 May 2026 11:39:40.000,52169899586.090057373047,-29188081.741766884923
18 May 2026 11:39:50.000,52169899586.090057373047,-29188081.741766884923
18 May 2026 11:40:00.000,52169899586.090057373047,-29188081.741766884923
18 May 2026 11:40:10.000,52169899586.090057373047,-29188081.741766881198
18 May 2026 11:40:20.000,52169899586.090057373047,-29188081.741766884923
18 May 2026 11:40:30.000,52169899586.090057373047,-29188081.741766884923
18 May 2026 11:40:40.000,52169899586.090057373047,-29188081.741766881198
18 May 2026 11:40:50.000,52169899586.090057373047,-29188081.741766884923
18 May 2026 11:41:00.000,52169899586.090057373047,-29188081.741766884923
18 May 2026 11:41:10.000,52169899586.090065002441,-29188081.741766870022
18 May 2026 11:41:20.000,52169899586.090057373047,-29188081.741766881198
18 May 2026 11:41:30.000,52169899586.090065002441,-29188081.741766866297
18 May 2026 11:41:40.000,52169899586.090057373047,-29188081.741766881198
18 May 2026 11:41:50.000,52169899586.090057373047,-29188081.741766881198
18 May 2026 11:42:00.000,52169899586.090057373047,-29188081.741766881198
18 May 2026 11:42:10.000,52169899586.090057373047,-29188081.741766873747
18 May 2026 11:42:20.000,52169899586.090057373047,-29188081.741766881198
18 May 2026 11:42:30.000,52169899586.090057373047,-29188081.741766881198
18 May 2026 11:42:40.000,52169899586.090057373047,-29188081.741766884923
18 May 2026 11:42:50.000,52169899586.090065002441,-29188081.741766870022
18 May 2026 11:43:00.000,52169899586.090057373047,-29188081.741766881198
18 May 2026 11:43:10.000,52169899586.090065002441,-29188081.741766870022
18 May 2026 11:43:20.000,52169899586.090065002441,-29188081.741766870022
18 May 2026 11:43:30.000,52169899586.090072631836,-29188081.741766855121
18 May 2026 11:43:40.000,52169899586.090072631836,-29188081.741766858846
18 May 2026 11:43:50.000,52169899586.090072631836,-29188081.741766862571
18 May 2026 11:44:00.000,52169899586.090065002441,-29188081.741766866297
18 May 2026 11:44:10.000,52169899586.090065002441,-29188081.741766866297
18 May 2026 11:44:20.000,52169899586.090072631836,-29188081.741766862571
18 May 2026 11:44:30.000,52169899586.090072631836,-29188081.741766858846
18 May 2026 11:44:40.000,52169899586.090072631836,-29188081.741766858846
18 May 2026 11:44:50.000,52169899586.090065002441,-29188081.741766870022
18 May 2026 11:45:00.000,52169899586.090072631836,-29188081.741766862571
18 May 2026 11:45:10.000,52169899586.090057373047,-29188081.741766884923
18 May 2026 11:45:20.000,52169899586.090072631836,-29188081.741766858846
18 May 2026 11:45:30.000,52169899586.090057373047,-29188081.741766873747
18 May 2026 11:45:40.000,52169899586.090057373047,-29188081.741766870022
18 May 2026 11:45:50.000,52169899586.090065002441,-29188081.741766870022
18 May 2026 11:46:00.000,52169899586.090072631836,-29188081.741766858846
18 May 2026 11:46:10.000,52169899586.090080261230,-29188081.741766855121
18 May 2026 11:46:20.000,52169899586.090080261230,-29188081.741766855121
18 May 2026 11:46:30.000,52169899586.090080261230,-29188081.741766851395
18 May 2026 11:46:40.000,52169899586.090080261230,-29188081.741766855121
18 May 2026 11:46:50.000,52169899586.090072631836,-29188081.741766862571
18 May 2026 11:47:00.000,52169899586.090072631836,-29188081.741766862571
18 May 2026 11:47:10.000,52169899586.090072631836,-29188081.741766855121
18 May 2026 11:47:20.000,52169899586.090072631836,-29188081.741766855121
18 May 2026 11:47:30.000,52169899586.090087890625,-29188081.741766847670
18 May 2026 11:47:40.000,52169899586.090080261230,-29188081.741766855121
18 May 2026 11:47:50.000,52169899586.090087890625,-29188081.741766843945
18 May 2026 11:48:00.000,52169899586.090080261230,-29188081.741766855121
18 May 2026 11:48:10.000,52169899586.090080261230,-29188081.741766858846
18 May 2026 11:48:20.000,52169899586.090087890625,-29188081.741766847670
18 May 2026 11:48:30.000,52169899586.090087890625,-29188081.741766847670
18 May 2026 11:48:40.000,52169899586.090095520020,-29188081.741766836494
18 May 2026 11:48:50.000,52169899586.090095520020,-29188081.741766836494
18 May 2026 11:49:00.000,52169899586.090095520020,-29188081.741766836494
18 May 2026 11:49:10.000,52169899586.090110778809,-29188081.741766814142
18 May 2026 11:49:20.000,52169899586.090110778809,-29188081.741766817868
18 May 2026 11:49:30.000,52169899586.090110778809,-29188081.741766817868
18 May 2026 11:49:40.000,52169899586.090110778809,-29188081.741766817868
18 May 2026 11:49:50.000,52169899586.090110778809,-29188081.741766810417
18 May 2026 11:50:00.000,52169899586.090110778809,-29188081.741766810417
18 May 2026 11:50:10.000,52169899586.090110778809,-29188081.741766810417
18 May 2026 11:50:20.000,52169899586.090110778809,-29188081.741766810417
18 May 2026 11:50:30.000,52169899586.090110778809,-29188081.741766814142
18 May 2026 11:50:40.000,52169899586.090110778809,-29188081.741766810417
18 May 2026 11:50:50.000,52169899586.090110778809,-29188081.741766814142
18 May 2026 11:51:00.000,52169899586.090110778809,-29188081.741766814142
18 May 2026 11:51:10.000,52169899586.090103149414,-29188081.741766825318
18 May 2026 11:51:20.000,52169899586.090087890625,-29188081.741766836494
18 May 2026 11:51:30.000,52169899586.090103149414,-29188081.741766829044
18 May 2026 11:51:40.000,52169899586.090110778809,-29188081.741766817868
18 May 2026 11:51:50.000,52169899586.090095520020,-29188081.741766836494
18 May 2026 11:52:00.000,52169899586.090095520020,-29188081.741766836494
18 May 2026 11:52:10.000,52169899586.090110778809,-29188081.741766814142
18 May 2026 11:52:20.000,52169899586.090110778809,-29188081.741766814142
18 May 2026 11:52:30.000,52169899586.090110778809,-29188081.741766817868
18 May 2026 11:52:40.000,52169899586.090110778809,-29188081.741766814142
18 May 2026 11:52:50.000,52169899586.090110778809,-29188081.741766817868
18 May 2026 11:53:00.000,52169899586.090110778809,-29188081.741766810417
18 May 2026 11:53:10.000,52169899586.090110778809,-29188081.741766810417
18 May 2026 11:53:20.000,52169899586.090110778809,-29188081.741766814142
18 May 2026 11:53:30.000,52169899586.090110778809,-29188081.741766810417
18 May 2026 11:53:40.000,52169899586.090126037598,-29188081.741766795516
18 May 2026 11:53:50.000,52169899586.090126037598,-29188081.741766799241
18 May 2026 11:54:00.000,52169899586.090126037598,-29188081.741766795516
18 May 2026 11:54:10.000,52169899586.090126037598,-29188081.741766795516
18 May 2026 11:54:20.000,52169899586.090126037598,-29188081.741766802967
18 May 2026 11:54:30.000,52169899586.090126037598,-29188081.741766802967
18 May 2026 11:54:40.000,52169899586.090110778809,-29188081.741766806692
18 May 2026 11:54:50.000,52169899586.090110778809,-29188081.741766810417
18 May 2026 11:55:00.000,52169899586.090126037598,-29188081.741766802967
18 May 2026 11:55:10.000,52169899586.090126037598,-29188081.741766795516
18 May 2026 11:55:20.000,52169899586.090126037598,-29188081.741766802967
18 May 2026 11:55:30.000,52169899586.090126037598,-29188081.741766799241
18 May 2026 11:55:40.000,52169899586.090110778809,-29188081.741766806692
18 May 2026 11:55:50.000,52169899586.090118408203,-29188081.741766810417
18 May 2026 11:56:00.000,52169899586.090126037598,-29188081.741766802967
18 May 2026 11:56:10.000,52169899586.090110778809,-29188081.741766806692
18 May 2026 11:56:20.000,52169899586.090110778809,-29188081.741766814142
18 May 2026 11:56:30.000,52169899586.090110778809,-29188081.741766817868
18 May 2026 11:56:40.000,52169899586.090110778809,-29188081.741766806692
18 May 2026 11:56:50.000,52169899586.090110778809,-29188081.741766810417
18 May 2026 11:57:00.000,52169899586.090110778809,-29188081.741766810417
18 May 2026 11:57:10.000,52169899586.090126037598,-29188081.741766802967
18 May 2026 11:57:20.000,52169899586.090126037598,-29188081.741766802967
18 May 2026 11:57:30.000,52169899586.090133666992,-29188081.741766788065
18 May 2026 11:57:40.000,52169899586.090126037598,-29188081.741766802967
18 May 2026 11:57:50.000,52169899586.090141296387,-29188081.741766784340
18 May 2026 11:58:00.000,52169899586.090133666992,-29188081.741766791791
18 May 2026 11:58:10.000,52169899586.090126037598,-29188081.741766802967
18 May 2026 11:58:20.000,52169899586.090141296387,-29188081.741766780615
18 May 2026 11:58:30.000,52169899586.090141296387,-29188081.741766776890
18 May 2026 11:58:40.000,52169899586.090141296387,-29188081.741766780615
18 May 2026 11:58:50.000,52169899586.090141296387,-29188081.741766784340
18 May 2026 11:59:00.000,52169899586.090126037598,-29188081.741766806692
18 May 2026 11:59:10.000,52169899586.090141296387,-29188081.741766784340
18 May 2026 11:59:20.000,52169899586.090141296387,-29188081.741766784340
18 May 2026 11:59:30.000,52169899586.090141296387,-29188081.741766784340
18 May 2026 11:59:40.000,52169899586.090141296387,-29188081.741766784340
18 May 2026 11:59:50.000,52169899586.090141296387,-29188081.741766788065
18 May 2026 12:00:00.000,52169899586.090141296387,-29188081.741766780615
18 May 2026 12:00:10.000,52169899586.090141296387,-29188081.741766776890
18 May 2026 12:00:20.000,52169899586.090141296387,-29188081.741766776890
18 May 2026 12:00:30.000,52169899586.090141296387,-29188081.741766788065
18 May 2026 12:00:40.000,52169899586.090141296387,-29188081.741766788065
18 May 2026 12:00:50.000,52169899586.090148925781,-29188081.741766769439
18 May 2026 12:01:00.000,52169899586.090156555176,-29188081.741766765714
18 May 2026 12:01:10.000,52169899586.090156555176,-29188081.741766773164
18 May 2026 12:01:20.000,52169899586.090156555176,-29188081.741766765714
18 May 2026 12:01:30.000,52169899586.090141296387,-29188081.741766776890
18 May 2026 12:01:40.000,52169899586.090141296387,-29188081.741766788065
18 May 2026 12:01:50.000,52169899586.090148925781,-29188081.741766773164
18 May 2026 12:02:00.000,52169899586.090156555176,-29188081.741766769439
18 May 2026 12:02:10.000,52169899586.090156555176,-29188081.741766769439
18 May 2026 12:02:20.000,52169899586.090141296387,-29188081.741766784340
18 May 2026 12:02:30.000,52169899586.090156555176,-29188081.741766769439
18 May 2026 12:02:40.000,52169899586.090141296387,-29188081.741766780615
18 May 2026 12:02:50.000,52169899586.090141296387,-29188081.741766780615
18 May 2026 12:03:00.000,52169899586.090156555176,-29188081.741766769439
18 May 2026 12:03:10.000,52169899586.090164184570,-29188081.741766758263
18 May 2026 12:03:20.000,52169899586.090156555176,-29188081.741766769439
18 May 2026 12:03:30.000,52169899586.090156555176,-29188081.741766769439
18 May 2026 12:03:40.000,52169899586.090141296387,-29188081.741766784340
18 May 2026 12:03:50.000,52169899586.090148925781,-29188081.741766780615
18 May 2026 12:04:00.000,52169899586.090148925781,-29188081.741766773164
18 May 2026 12:04:10.000,52169899586.090141296387,-29188081.741766788065
18 May 2026 12:04:20.000,52169899586.090133666992,-29188081.741766795516
18 May 2026 12:04:30.000,52169899586.090133666992,-29188081.741766795516
18 May 2026 12:04:40.000,52169899586.090141296387,-29188081.741766784340
18 May 2026 12:04:50.000,52169899586.090141296387,-29188081.741766780615
18 May 2026 12:05:00.000,52169899586.090133666992,-29188081.741766795516
18 May 2026 12:05:10.000,52169899586.090133666992,-29188081.741766791791
18 May 2026 12:05:20.000,52169899586.090141296387,-29188081.741766780615
18 May 2026 12:05:30.000,52169899586.090141296387,-29188081.741766780615
18 May 2026 12:05:40.000,52169899586.090141296387,-29188081.741766776890
18 May 2026 12:05:50.000,52169899586.090141296387,-29188081.741766776890
18 May 2026 12:06:00.000,52169899586.090148925781,-29188081.741766769439
18 May 2026 12:06:10.000,52169899586.090141296387,-29188081.741766784340
18 May 2026 12:06:20.000,52169899586.090141296387,-29188081.741766780615
18 May 2026 12:06:30.000,52169899586.090141296387,-29188081.741766784340
18 May 2026 12:06:40.000,52169899586.090141296387,-29188081.741766788065
18 May 2026 12:06:50.000,52169899586.090141296387,-29188081.741766784340
18 May 2026 12:07:00.000,52169899586.090126037598,-29188081.741766791791
18 May 2026 12:07:10.000,52169899586.090133666992,-29188081.741766791791
18 May 2026 12:07:20.000,52169899586.090141296387,-29188081.741766788065
18 May 2026 12:07:30.000,52169899586.090141296387,-29188081.741766784340
18 May 2026 12:07:40.000,52169899586.090126037598,-29188081.741766799241
18 May 2026 12:07:50.000,52169899586.090133666992,-29188081.741766795516
18 May 2026 12:08:00.000,52169899586.090141296387,-29188081.741766788065
18 May 2026 12:08:10.000,52169899586.090126037598,-29188081.741766799241
18 May 2026 12:08:20.000,52169899586.090141296387,-29188081.741766784340
18 May 2026 12:08:30.000,52169899586.090141296387,-29188081.741766780615
18 May 2026 12:08:40.000,52169899586.090141296387,-29188081.741766780615
18 May 2026 12:08:50.000,52169899586.090133666992,-29188081.741766788065
18 May 2026 12:09:00.000,52169899586.090141296387,-29188081.741766776890
18 May 2026 12:09:10.000,52169899586.090141296387,-29188081.741766788065
18 May 2026 12:09:20.000,52169899586.090141296387,-29188081.741766788065
18 May 2026 12:09:30.000,52169899586.090141296387,-29188081.741766788065
18 May 2026 12:09:40.000,52169899586.090141296387,-29188081.741766780615
18 May 2026 12:09:50.000,52169899586.090148925781,-29188081.741766773164
18 May 2026 12:10:00.000,52169899586.090148925781,-29188081.741766776890
18 May 2026 12:10:10.000,52169899586.090148925781,-29188081.741766776890
18 May 2026 12:10:20.000,52169899586.090156555176,-29188081.741766773164
18 May 2026 12:10:30.000,52169899586.090156555176,-29188081.741766773164
18 May 2026 12:10:40.000,52169899586.090156555176,-29188081.741766769439
18 May 2026 12:10:50.000,52169899586.090164184570,-29188081.741766758263
18 May 2026 12:11:00.000,52169899586.090164184570,-29188081.741766758263
18 May 2026 12:11:10.000,52169899586.090164184570,-29188081.741766754538
18 May 2026 12:11:20.000,52169899586.090164184570,-29188081.741766754538
18 May 2026 12:11:30.000,52169899586.090164184570,-29188081.741766754538
18 May 2026 12:11:40.000,52169899586.090171813965,-29188081.741766743362
18 May 2026 12:11:50.000,52169899586.090171813965,-29188081.741766747087
18 May 2026 12:12:00.000,52169899586.090171813965,-29188081.741766747087
18 May 2026 12:12:10.000,52169899586.090171813965,-29188081.741766747087
18 May 2026 12:12:20.000,52169899586.090171813965,-29188081.741766750813
18 May 2026 12:12:30.000,52169899586.090171813965,-29188081.741766747087
18 May 2026 12:12:40.000,52169899586.090171813965,-29188081.741766747087
18 May 2026 12:12:50.000,52169899586.090171813965,-29188081.741766739637
18 May 2026 12:13:00.000,52169899586.090179443359,-29188081.741766735911
18 May 2026 12:13:10.000,52169899586.090187072754,-29188081.741766735911
18 May 2026 12:13:20.000,52169899586.090171813965,-29188081.741766747087
18 May 2026 12:13:30.000,52169899586.090171813965,-29188081.741766743362
18 May 2026 12:13:40.000,52169899586.090164184570,-29188081.741766754538
18 May 2026 12:13:50.000,52169899586.090164184570,-29188081.741766754538
18 May 2026 12:14:00.000,52169899586.090164184570,-29188081.741766754538
18 May 2026 12:14:10.000,52169899586.090156555176,-29188081.741766765714
18 May 2026 12:14:20.000,52169899586.090171813965,-29188081.741766747087
18 May 2026 12:14:30.000,52169899586.090164184570,-29188081.741766758263
18 May 2026 12:14:40.000,52169899586.090164184570,-29188081.741766758263
18 May 2026 12:14:50.000,52169899586.090164184570,-29188081.741766765714
18 May 2026 12:15:00.000,52169899586.090164184570,-29188081.741766758263
18 May 2026 12:15:10.000,52169899586.090171813965,-29188081.741766747087
18 May 2026 12:15:20.000,52169899586.090171813965,-29188081.741766747087
18 May 2026 12:15:30.000,52169899586.090171813965,-29188081.741766747087
18 May 2026 12:15:40.000,52169899586.090164184570,-29188081.741766754538
18 May 2026 12:15:50.000,52169899586.090164184570,-29188081.741766758263
18 May 2026 12:16:00.000,52169899586.090164184570,-29188081.741766754538
18 May 2026 12:16:10.000,52169899586.090171813965,-29188081.741766747087
18 May 2026 12:16:20.000,52169899586.090171813965,-29188081.741766743362
18 May 2026 12:16:30.000,52169899586.090171813965,-29188081.741766747087
18 May 2026 12:16:40.000,52169899586.090171813965,-29188081.741766743362
18 May 2026 12:16:50.000,52169899586.090171813965,-29188081.741766743362
18 May 2026 12:17:00.000,52169899586.090171813965,-29188081.741766750813
18 May 2026 12:17:10.000,52169899586.090171813965,-29188081.741766743362
18 May 2026 12:17:20.000,52169899586.090171813965,-29188081.741766743362
18 May 2026 12:17:30.000,52169899586.090171813965,-29188081.741766750813
18 May 2026 12:17:40.000,52169899586.090171813965,-29188081.741766747087
18 May 2026 12:17:50.000,52169899586.090171813965,-29188081.741766747087
18 May 2026 12:18:00.000,52169899586.090171813965,-29188081.741766747087
18 May 2026 12:18:10.000,52169899586.090171813965,-29188081.741766743362
18 May 2026 12:18:20.000,52169899586.090164184570,-29188081.741766758263
18 May 2026 12:18:30.000,52169899586.090171813965,-29188081.741766747087
18 May 2026 12:18:40.000,52169899586.090171813965,-29188081.741766747087
18 May 2026 12:18:50.000,52169899586.090171813965,-29188081.741766747087
18 May 2026 12:19:00.000,52169899586.090179443359,-29188081.741766735911
18 May 2026 12:19:10.000,52169899586.090187072754,-29188081.741766724735
18 May 2026 12:19:20.000,52169899586.090179443359,-29188081.741766735911
18 May 2026 12:19:30.000,52169899586.090171813965,-29188081.741766743362
18 May 2026 12:19:40.000,52169899586.090187072754,-29188081.741766724735
18 May 2026 12:19:50.000,52169899586.090171813965,-29188081.741766743362
18 May 2026 12:20:00.000,52169899586.090187072754,-29188081.741766728461
18 May 2026 12:20:10.000,52169899586.090187072754,-29188081.741766724735
18 May 2026 12:20:20.000,52169899586.090187072754,-29188081.741766724735
18 May 2026 12:20:30.000,52169899586.090187072754,-29188081.741766735911
18 May 2026 12:20:40.000,52169899586.090187072754,-29188081.741766724735
18 May 2026 12:20:50.000,52169899586.090187072754,-29188081.741766728461
18 May 2026 12:21:00.000,52169899586.090187072754,-29188081.741766728461
18 May 2026 12:21:10.000,52169899586.090187072754,-29188081.741766728461
18 May 2026 12:21:20.000,52169899586.090194702148,-29188081.741766724735
18 May 2026 12:21:30.000,52169899586.090194702148,-29188081.741766724735
18 May 2026 12:21:40.000,52169899586.090202331543,-29188081.741766713560
18 May 2026 12:21:50.000,52169899586.090202331543,-29188081.741766713560
18 May 2026 12:22:00.000,52169899586.090202331543,-29188081.741766713560
18 May 2026 12:22:10.000,52169899586.090202331543,-29188081.741766721010
18 May 2026 12:22:20.000,52169899586.090194702148,-29188081.741766724735
18 May 2026 12:22:30.000,52169899586.090202331543,-29188081.741766721010
18 May 2026 12:22:40.000,52169899586.090202331543,-29188081.741766721010
18 May 2026 12:22:50.000,52169899586.090202331543,-29188081.741766721010
18 May 2026 12:23:00.000,52169899586.090202331543,-29188081.741766721010
18 May 2026 12:23:10.000,52169899586.090194702148,-29188081.741766728461
18 May 2026 12:23:20.000,52169899586.090202331543,-29188081.741766713560
18 May 2026 12:23:30.000,52169899586.090202331543,-29188081.741766713560
18 May 2026 12:23:40.000,52169899586.090202331543,-29188081.741766713560
18 May 2026 12:23:50.000,52169899586.090209960938,-29188081.741766702384
18 May 2026 12:24:00.000,52169899586.090209960938,-29188081.741766702384
18 May 2026 12:24:10.000,52169899586.090209960938,-29188081.741766702384
18 May 2026 12:24:20.000,52169899586.090217590332,-29188081.741766694933
18 May 2026 12:24:30.000,52169899586.090209960938,-29188081.741766702384
18 May 2026 12:24:40.000,52169899586.090209960938,-29188081.741766702384
18 May 2026 12:24:50.000,52169899586.090202331543,-29188081.741766713560
18 May 2026 12:25:00.000,52169899586.090209960938,-29188081.741766702384
18 May 2026 12:25:10.000,52169899586.090209960938,-29188081.741766702384
18 May 2026 12:25:20.000,52169899586.090202331543,-29188081.741766713560
18 May 2026 12:25:30.000,52169899586.090202331543,-29188081.741766713560
18 May 2026 12:25:40.000,52169899586.090209960938,-29188081.741766702384
18 May 2026 12:25:50.000,52169899586.090202331543,-29188081.741766713560
18 May 2026 12:26:00.000,52169899586.090202331543,-29188081.741766713560
18 May 2026 12:26:10.000,52169899586.090209960938,-29188081.741766702384
18 May 2026 12:26:20.000,52169899586.090202331543,-29188081.741766713560
18 May 2026 12:26:30.000,52169899586.090202331543,-29188081.741766713560
18 May 2026 12:26:40.000,52169899586.090202331543,-29188081.741766713560
18 May 2026 12:26:50.000,52169899586.090202331543,-29188081.741766713560
18 May 2026 12:27:00.000,52169899586.090194702148,-29188081.741766728461
18 May 2026 12:27:10.000,52169899586.090202331543,-29188081.741766717285
18 May 2026 12:27:20.000,52169899586.090202331543,-29188081.741766713560
18 May 2026 12:27:30.000,52169899586.090202331543,-29188081.741766717285
18 May 2026 12:27:40.000,52169899586.090202331543,-29188081.741766713560
18 May 2026 12:27:50.000,52169899586.090202331543,-29188081.741766713560
18 May 2026 12:28:00.000,52169899586.090194702148,-29188081.741766724735
18 May 2026 12:28:10.000,52169899586.090202331543,-29188081.741766713560
18 May 2026 12:28:20.000,52169899586.090194702148,-29188081.741766724735
18 May 2026 12:28:30.000,52169899586.090194702148,-29188081.741766721010
18 May 2026 12:28:40.000,52169899586.090187072754,-29188081.741766735911
18 May 2026 12:28:50.000,52169899586.090187072754,-29188081.741766732186
18 May 2026 12:29:00.000,52169899586.090202331543,-29188081.741766713560
18 May 2026 12:29:10.000,52169899586.090202331543,-29188081.741766709834
18 May 2026 12:29:20.000,52169899586.090202331543,-29188081.741766713560
18 May 2026 12:29:30.000,52169899586.090202331543,-29188081.741766713560
18 May 2026 12:29:40.000,52169899586.090209960938,-29188081.741766702384
18 May 2026 12:29:50.000,52169899586.090209960938,-29188081.741766702384
18 May 2026 12:30:00.000,52169899586.090209960938,-29188081.741766702384
18 May 2026 12:30:10.000,52169899586.090202331543,-29188081.741766713560
18 May 2026 12:30:20.000,52169899586.090202331543,-29188081.741766713560
18 May 2026 12:30:30.000,52169899586.090202331543,-29188081.741766717285
18 May 2026 12:30:40.000,52169899586.090202331543,-29188081.741766721010
18 May 2026 12:30:50.000,52169899586.090202331543,-29188081.741766721010
18 May 2026 12:31:00.000,52169899586.090202331543,-29188081.741766713560
18 May 2026 12:31:10.000,52169899586.090209960938,-29188081.741766702384
18 May 2026 12:31:20.000,52169899586.090209960938,-29188081.741766709834
18 May 2026 12:31:30.000,52169899586.090217590332,-29188081.741766694933
18 May 2026 12:31:40.000,52169899586.090217590332,-29188081.741766694933
18 May 2026 12:31:50.000,52169899586.090209960938,-29188081.741766702384
18 May 2026 12:32:00.000,52169899586.090217590332,-29188081.741766694933
18 May 2026 12:32:10.000,52169899586.090217590332,-29188081.741766694933
18 May 2026 12:32:20.000,52169899586.090217590332,-29188081.741766694933
18 May 2026 12:32:30.000,52169899586.090217590332,-29188081.741766694933
18 May 2026 12:32:40.000,52169899586.090217590332,-29188081.741766694933
18 May 2026 12:32:50.000,52169899586.090217590332,-29188081.741766694933
18 May 2026 12:33:00.000,52169899586.090217590332,-29188081.741766694933
18 May 2026 12:33:10.000,52169899586.090217590332,-29188081.741766698658
18 May 2026 12:33:20.000,52169899586.090225219727,-29188081.741766687483
18 May 2026 12:33:30.000,52169899586.090225219727,-29188081.741766683757
18 May 2026 12:33:40.000,52169899586.090232849121,-29188081.741766683757
18 May 2026 12:33:50.000,52169899586.090225219727,-29188081.741766691208
18 May 2026 12:34:00.000,52169899586.090217590332,-29188081.741766702384
18 May 2026 12:34:10.000,52169899586.090232849121,-29188081.741766680032
18 May 2026 12:34:20.000,52169899586.090217590332,-29188081.741766702384
18 May 2026 12:34:30.000,52169899586.090217590332,-29188081.741766702384
18 May 2026 12:34:40.000,52169899586.090217590332,-29188081.741766698658
18 May 2026 12:34:50.000,52169899586.090225219727,-29188081.741766691208
18 May 2026 12:35:00.000,52169899586.090217590332,-29188081.741766702384
18 May 2026 12:35:10.000,52169899586.090217590332,-29188081.741766694933
18 May 2026 12:35:20.000,52169899586.090217590332,-29188081.741766702384
18 May 2026 12:35:30.000,52169899586.090217590332,-29188081.741766698658
18 May 2026 12:35:40.000,52169899586.090217590332,-29188081.741766694933
18 May 2026 12:35:50.000,52169899586.090217590332,-29188081.741766698658
18 May 2026 12:36:00.000,52169899586.090217590332,-29188081.741766698658
18 May 2026 12:36:10.000,52169899586.090217590332,-29188081.741766698658
18 May 2026 12:36:20.000,52169899586.090209960938,-29188081.741766698658
18 May 2026 12:36:30.000,52169899586.090217590332,-29188081.741766698658
18 May 2026 12:36:40.000,52169899586.090217590332,-29188081.741766698658
18 May 2026 12:36:50.000,52169899586.090217590332,-29188081.741766694933
18 May 2026 12:37:00.000,52169899586.090217590332,-29188081.741766698658
18 May 2026 12:37:10.000,52169899586.090217590332,-29188081.741766698658
18 May 2026 12:37:20.000,52169899586.090217590332,-29188081.741766698658
18 May 2026 12:37:30.000,52169899586.090217590332,-29188081.741766698658
18 May 2026 12:37:40.000,52169899586.090225219727,-29188081.741766687483
18 May 2026 12:37:50.000,52169899586.090217590332,-29188081.741766698658
18 May 2026 12:38:00.000,52169899586.090232849121,-29188081.741766687483
18 May 2026 12:38:10.000,52169899586.090217590332,-29188081.741766698658
18 May 2026 12:38:20.000,52169899586.090232849121,-29188081.741766680032
18 May 2026 12:38:30.000,52169899586.090232849121,-29188081.741766683757
18 May 2026 12:38:40.000,52169899586.090232849121,-29188081.741766680032
18 May 2026 12:38:50.000,52169899586.090240478516,-29188081.741766672581
18 May 2026 12:39:00.000,52169899586.090240478516,-29188081.741766672581
18 May 2026 12:39:10.000,52169899586.090248107910,-29188081.741766657680
18 May 2026 12:39:20.000,52169899586.090263366699,-29188081.741766642779
18 May 2026 12:39:30.000,52169899586.090263366699,-29188081.741766650230
18 May 2026 12:39:40.000,52169899586.090263366699,-29188081.741766650230
18 May 2026 12:39:50.000,52169899586.090278625488,-29188081.741766639054
18 May 2026 12:40:00.000,52169899586.090278625488,-29188081.741766635329
18 May 2026 12:40:10.000,52169899586.090278625488,-29188081.741766631603
18 May 2026 12:40:20.000,52169899586.090278625488,-29188081.741766635329
18 May 2026 12:40:30.000,52169899586.090278625488,-29188081.741766635329
18 May 2026 12:40:40.000,52169899586.090278625488,-29188081.741766631603
18 May 2026 12:40:50.000,52169899586.090286254883,-29188081.741766620427
18 May 2026 12:41:00.000,52169899586.090286254883,-29188081.741766624153
18 May 2026 12:41:10.000,52169899586.090286254883,-29188081.741766620427
18 May 2026 12:41:20.000,52169899586.090278625488,-29188081.741766631603
18 May 2026 12:41:30.000,52169899586.090278625488,-29188081.741766631603
18 May 2026 12:41:40.000,52169899586.090278625488,-29188081.741766631603
18 May 2026 12:41:50.000,52169899586.090286254883,-29188081.741766627878
18 May 2026 12:42:00.000,52169899586.090286254883,-29188081.741766627878
18 May 2026 12:42:10.000,52169899586.090286254883,-29188081.741766627878
18 May 2026 12:42:20.000,52169899586.090278625488,-29188081.741766635329
18 May 2026 12:42:30.000,52169899586.090286254883,-29188081.741766620427
18 May 2026 12:42:40.000,52169899586.090278625488,-29188081.741766627878
18 May 2026 12:42:50.000,52169899586.090278625488,-29188081.741766627878
18 May 2026 12:43:00.000,52169899586.090278625488,-29188081.741766631603
18 May 2026 12:43:10.000,52169899586.090278625488,-29188081.741766631603
18 May 2026 12:43:20.000,52169899586.090263366699,-29188081.741766642779
18 May 2026 12:43:30.000,52169899586.090263366699,-29188081.741766650230
18 May 2026 12:43:40.000,52169899586.090278625488,-29188081.741766639054
18 May 2026 12:43:50.000,52169899586.090263366699,-29188081.741766650230
18 May 2026 12:44:00.000,52169899586.090263366699,-29188081.741766653955
18 May 2026 12:44:10.000,52169899586.090263366699,-29188081.741766642779
18 May 2026 12:44:20.000,52169899586.090263366699,-29188081.741766650230
18 May 2026 12:44:30.000,52169899586.090263366699,-29188081.741766650230
18 May 2026 12:44:40.000,52169899586.090263366699,-29188081.741766650230
18 May 2026 12:44:50.000,52169899586.090255737305,-29188081.741766657680
18 May 2026 12:45:00.000,52169899586.090248107910,-29188081.741766661406
18 May 2026 12:45:10.000,52169899586.090248107910,-29188081.741766657680
18 May 2026 12:45:20.000,52169899586.090248107910,-29188081.741766668856
18 May 2026 12:45:30.000,52169899586.090248107910,-29188081.741766668856
18 May 2026 12:45:40.000,52169899586.090248107910,-29188081.741766668856
18 May 2026 12:45:50.000,52169899586.090248107910,-29188081.741766661406
18 May 2026 12:46:00.000,52169899586.090240478516,-29188081.741766672581
18 May 2026 12:46:10.000,52169899586.090240478516,-29188081.741766672581
18 May 2026 12:46:20.000,52169899586.090248107910,-29188081.741766661406
18 May 2026 12:46:30.000,52169899586.090248107910,-29188081.741766665131
18 May 2026 12:46:40.000,52169899586.090248107910,-29188081.741766661406
18 May 2026 12:46:50.000,52169899586.090248107910,-29188081.741766661406
18 May 2026 12:47:00.000,52169899586.090240478516,-29188081.741766672581
18 May 2026 12:47:10.000,52169899586.090248107910,-29188081.741766665131
18 May 2026 12:47:20.000,52169899586.090248107910,-29188081.741766665131
18 May 2026 12:47:30.000,52169899586.090248107910,-29188081.741766661406
18 May 2026 12:47:40.000,52169899586.090248107910,-29188081.741766665131
18 May 2026 12:47:50.000,52169899586.090263366699,-29188081.741766642779
18 May 2026 12:48:00.000,52169899586.090248107910,-29188081.741766657680
18 May 2026 12:48:10.000,52169899586.090263366699,-29188081.741766650230
18 May 2026 12:48:20.000,52169899586.090278625488,-29188081.741766631603
18 May 2026 12:48:30.000,52169899586.090278625488,-29188081.741766631603
18 May 2026 12:48:40.000,52169899586.090263366699,-29188081.741766650230
18 May 2026 12:48:50.000,52169899586.090278625488,-29188081.741766631603
18 May 2026 12:49:00.000,52169899586.090278625488,-29188081.741766631603
18 May 2026 12:49:10.000,52169899586.090286254883,-29188081.741766620427
18 May 2026 12:49:20.000,52169899586.090278625488,-29188081.741766631603
18 May 2026 12:49:30.000,52169899586.090278625488,-29188081.741766635329
18 May 2026 12:49:40.000,52169899586.090286254883,-29188081.741766624153
18 May 2026 12:49:50.000,52169899586.090263366699,-29188081.741766642779
18 May 2026 12:50:00.000,52169899586.090278625488,-29188081.741766631603
18 May 2026 12:50:10.000,52169899586.090278625488,-29188081.741766631603
18 May 2026 12:50:20.000,52169899586.090278625488,-29188081.741766631603
18 May 2026 12:50:30.000,52169899586.090293884277,-29188081.741766612977
18 May 2026 12:50:40.000,52169899586.090293884277,-29188081.741766612977
18 May 2026 12:50:50.000,52169899586.090293884277,-29188081.741766605526
18 May 2026 12:51:00.000,52169899586.090278625488,-29188081.741766627878
18 May 2026 12:51:10.000,52169899586.090278625488,-29188081.741766631603
18 May 2026 12:51:20.000,52169899586.090278625488,-29188081.741766627878
18 May 2026 12:51:30.000,52169899586.090286254883,-29188081.741766620427
18 May 2026 12:51:40.000,52169899586.090286254883,-29188081.741766624153
18 May 2026 12:51:50.000,52169899586.090286254883,-29188081.741766624153
18 May 2026 12:52:00.000,52169899586.090286254883,-29188081.741766620427
18 May 2026 12:52:10.000,52169899586.090293884277,-29188081.741766612977
18 May 2026 12:52:20.000,52169899586.090293884277,-29188081.741766609251
18 May 2026 12:52:30.000,52169899586.090286254883,-29188081.741766624153
18 May 2026 12:52:40.000,52169899586.090293884277,-29188081.741766612977
18 May 2026 12:52:50.000,52169899586.090301513672,-29188081.741766605526
18 May 2026 12:53:00.000,52169899586.090301513672,-29188081.741766598076
18 May 2026 12:53:10.000,52169899586.090301513672,-29188081.741766601801
18 May 2026 12:53:20.000,52169899586.090293884277,-29188081.741766609251
18 May 2026 12:53:30.000,52169899586.090293884277,-29188081.741766616702
18 May 2026 12:53:40.000,52169899586.090293884277,-29188081.741766605526
18 May 2026 12:53:50.000,52169899586.090293884277,-29188081.741766609251
18 May 2026 12:54:00.000,52169899586.090293884277,-29188081.741766605526
18 May 2026 12:54:10.000,52169899586.090293884277,-29188081.741766609251
18 May 2026 12:54:20.000,52169899586.090293884277,-29188081.741766609251
18 May 2026 12:54:30.000,52169899586.090293884277,-29188081.741766616702
18 May 2026 12:54:40.000,52169899586.090293884277,-29188081.741766609251
18 May 2026 12:54:50.000,52169899586.090293884277,-29188081.741766605526
18 May 2026 12:55:00.000,52169899586.090293884277,-29188081.741766616702
18 May 2026 12:55:10.000,52169899586.090293884277,-29188081.741766609251
18 May 2026 12:55:20.000,52169899586.090301513672,-29188081.741766609251
18 May 2026 12:55:30.000,52169899586.090301513672,-29188081.741766605526
18 May 2026 12:55:40.000,52169899586.090293884277,-29188081.741766605526
18 May 2026 12:55:50.000,52169899586.090301513672,-29188081.741766609251
18 May 2026 12:56:00.000,52169899586.090301513672,-29188081.741766605526
18 May 2026 12:56:10.000,52169899586.090301513672,-29188081.741766605526
18 May 2026 12:56:20.000,52169899586.090293884277,-29188081.741766605526
18 May 2026 12:56:30.000,52169899586.090301513672,-29188081.741766609251
18 May 2026 12:56:40.000,52169899586.090301513672,-29188081.741766609251
18 May 2026 12:56:50.000,52169899586.090301513672,-29188081.741766605526
18 May 2026 12:57:00.000,52169899586.090301513672,-29188081.741766605526
18 May 2026 12:57:10.000,52169899586.090301513672,-29188081.741766609251
18 May 2026 12:57:20.000,52169899586.090301513672,-29188081.741766601801
18 May 2026 12:57:30.000,52169899586.090301513672,-29188081.741766609251
18 May 2026 12:57:40.000,52169899586.090301513672,-29188081.741766601801
18 May 2026 12:57:50.000,52169899586.090309143066,-29188081.741766594350
18 May 2026 12:58:00.000,52169899586.090309143066,-29188081.741766594350
18 May 2026 12:58:10.000,52169899586.090309143066,-29188081.741766594350
18 May 2026 12:58:20.000,52169899586.090316772461,-29188081.741766586900
18 May 2026 12:58:30.000,52169899586.090316772461,-29188081.741766583174
18 May 2026 12:58:40.000,52169899586.090316772461,-29188081.741766583174
18 May 2026 12:58:50.000,52169899586.090316772461,-29188081.741766594350
18 May 2026 12:59:00.000,52169899586.090316772461,-29188081.741766586900
18 May 2026 12:59:10.000,52169899586.090316772461,-29188081.741766586900
18 May 2026 12:59:20.000,52169899586.090316772461,-29188081.741766586900
18 May 2026 12:59:30.000,52169899586.090316772461,-29188081.741766586900
18 May 2026 12:59:40.000,52169899586.090332031250,-29188081.741766564548
18 May 2026 12:59:50.000,52169899586.090316772461,-29188081.741766583174
18 May 2026 13:00:00.000,52169899586.090316772461,-29188081.741766586900
18 May 2026 13:00:10.000,52169899586.090332031250,-29188081.741766568273
18 May 2026 13:00:20.000,52169899586.090332031250,-29188081.741766568273
18 May 2026 13:00:30.000,52169899586.090316772461,-29188081.741766586900
18 May 2026 13:00:40.000,52169899586.090332031250,-29188081.741766568273
18 May 2026 13:00:50.000,52169899586.090316772461,-29188081.741766594350
18 May 2026 13:01:00.000,52169899586.090316772461,-29188081.741766586900
18 May 2026 13:01:10.000,52169899586.090316772461,-29188081.741766594350
18 May 2026 13:01:20.000,52169899586.090316772461,-29188081.741766586900
18 May 2026 13:01:30.000,52169899586.090316772461,-29188081.741766586900
18 May 2026 13:01:40.000,52169899586.090316772461,-29188081.741766586900
18 May 2026 13:01:50.000,52169899586.090316772461,-29188081.741766586900
18 May 2026 13:02:00.000,52169899586.090316772461,-29188081.741766586900
18 May 2026 13:02:10.000,52169899586.090316772461,-29188081.741766586900
18 May 2026 13:02:20.000,52169899586.090301513672,-29188081.741766609251
18 May 2026 13:02:30.000,52169899586.090316772461,-29188081.741766586900
18 May 2026 13:02:40.000,52169899586.090316772461,-29188081.741766586900
18 May 2026 13:02:50.000,52169899586.090316772461,-29188081.741766579449
18 May 2026 13:03:00.000,52169899586.090316772461,-29188081.741766594350
18 May 2026 13:03:10.000,52169899586.090316772461,-29188081.741766594350
18 May 2026 13:03:20.000,52169899586.090332031250,-29188081.741766568273
18 May 2026 13:03:30.000,52169899586.090316772461,-29188081.741766586900
18 May 2026 13:03:40.000,52169899586.090309143066,-29188081.741766598076
18 May 2026 13:03:50.000,52169899586.090309143066,-29188081.741766598076
18 May 2026 13:04:00.000,52169899586.090309143066,-29188081.741766594350
18 May 2026 13:04:10.000,52169899586.090301513672,-29188081.741766605526
18 May 2026 13:04:20.000,52169899586.090309143066,-29188081.741766594350
18 May 2026 13:04:30.000,52169899586.090316772461,-29188081.741766594350
18 May 2026 13:04:40.000,52169899586.090332031250,-29188081.741766568273
18 May 2026 13:04:50.000,52169899586.090309143066,-29188081.741766598076
18 May 2026 13:05:00.000,52169899586.090316772461,-29188081.741766586900
18 May 2026 13:05:10.000,52169899586.090316772461,-29188081.741766583174
18 May 2026 13:05:20.000,52169899586.090316772461,-29188081.741766579449
18 May 2026 13:05:30.000,52169899586.090332031250,-29188081.741766568273
18 May 2026 13:05:40.000,52169899586.090316772461,-29188081.741766586900
18 May 2026 13:05:50.000,52169899586.090332031250,-29188081.741766568273
18 May 2026 13:06:00.000,52169899586.090332031250,-29188081.741766568273
18 May 2026 13:06:10.000,52169899586.090332031250,-29188081.741766568273
18 May 2026 13:06:20.000,52169899586.090332031250,-29188081.741766568273
18 May 2026 13:06:30.000,52169899586.090332031250,-29188081.741766564548
18 May 2026 13:06:40.000,52169899586.090339660645,-29188081.741766564548
18 May 2026 13:06:50.000,52169899586.090332031250,-29188081.741766564548
18 May 2026 13:07:00.000,52169899586.090332031250,-29188081.741766568273
18 May 2026 13:07:10.000,52169899586.090332031250,-29188081.741766571999
18 May 2026 13:07:20.000,52169899586.090332031250,-29188081.741766568273
18 May 2026 13:07:30.000,52169899586.090332031250,-29188081.741766568273
18 May 2026 13:07:40.000,52169899586.090332031250,-29188081.741766564548
18 May 2026 13:07:50.000,52169899586.090347290039,-29188081.741766553372
18 May 2026 13:08:00.000,52169899586.090347290039,-29188081.741766560823
18 May 2026 13:08:10.000,52169899586.090347290039,-29188081.741766560823
18 May 2026 13:08:20.000,52169899586.090347290039,-29188081.741766560823
18 May 2026 13:08:30.000,52169899586.090354919434,-29188081.741766545922
18 May 2026 13:08:40.000,52169899586.090354919434,-29188081.741766549647
18 May 2026 13:08:50.000,52169899586.090362548828,-29188081.741766538471
18 May 2026 13:09:00.000,52169899586.090362548828,-29188081.741766538471
18 May 2026 13:09:10.000,52169899586.090362548828,-29188081.741766538471
18 May 2026 13:09:20.000,52169899586.090354919434,-29188081.741766545922
18 May 2026 13:09:30.000,52169899586.090354919434,-29188081.741766545922
18 May 2026 13:09:40.000,52169899586.090354919434,-29188081.741766545922
18 May 2026 13:09:50.000,52169899586.090362548828,-29188081.741766538471
18 May 2026 13:10:00.000,52169899586.090362548828,-29188081.741766538471
18 May 2026 13:10:10.000,52169899586.090370178223,-29188081.741766519845
18 May 2026 13:10:20.000,52169899586.090370178223,-29188081.741766523570
18 May 2026 13:10:30.000,52169899586.090362548828,-29188081.741766538471
18 May 2026 13:10:40.000,52169899586.090362548828,-29188081.741766538471
18 May 2026 13:10:50.000,52169899586.090362548828,-29188081.741766538471
18 May 2026 13:11:00.000,52169899586.090370178223,-29188081.741766523570
18 May 2026 13:11:10.000,52169899586.090362548828,-29188081.741766538471
18 May 2026 13:11:20.000,52169899586.090377807617,-29188081.741766523570
18 May 2026 13:11:30.000,52169899586.090370178223,-29188081.741766527295
18 May 2026 13:11:40.000,52169899586.090362548828,-29188081.741766538471
18 May 2026 13:11:50.000,52169899586.090362548828,-29188081.741766538471
18 May 2026 13:12:00.000,52169899586.090370178223,-29188081.741766527295
18 May 2026 13:12:10.000,52169899586.090370178223,-29188081.741766527295
18 May 2026 13:12:20.000,52169899586.090370178223,-29188081.741766523570
18 May 2026 13:12:30.000,52169899586.090377807617,-29188081.741766523570
18 May 2026 13:12:40.000,52169899586.090377807617,-29188081.741766523570
18 May 2026 13:12:50.000,52169899586.090377807617,-29188081.741766519845
18 May 2026 13:13:00.000,52169899586.090362548828,-29188081.741766538471
18 May 2026 13:13:10.000,52169899586.090377807617,-29188081.741766519845
18 May 2026 13:13:20.000,52169899586.090370178223,-29188081.741766523570
18 May 2026 13:13:30.000,52169899586.090377807617,-29188081.741766519845
18 May 2026 13:13:40.000,52169899586.090370178223,-29188081.741766523570
18 May 2026 13:13:50.000,52169899586.090370178223,-29188081.741766527295
18 May 2026 13:14:00.000,52169899586.090377807617,-29188081.741766523570
18 May 2026 13:14:10.000,52169899586.090377807617,-29188081.741766523570
18 May 2026 13:14:20.000,52169899586.090377807617,-29188081.741766516119
18 May 2026 13:14:30.000,52169899586.090370178223,-29188081.741766527295
18 May 2026 13:14:40.000,52169899586.090370178223,-29188081.741766527295
18 May 2026 13:14:50.000,52169899586.090377807617,-29188081.741766516119
18 May 2026 13:15:00.000,52169899586.090377807617,-29188081.741766516119
18 May 2026 13:15:10.000,52169899586.090377807617,-29188081.741766516119
18 May 2026 13:15:20.000,52169899586.090393066406,-29188081.741766497493
18 May 2026 13:15:30.000,52169899586.090385437012,-29188081.741766512394
18 May 2026 13:15:40.000,52169899586.090393066406,-29188081.741766504943
18 May 2026 13:15:50.000,52169899586.090393066406,-29188081.741766504943
18 May 2026 13:16:00.000,52169899586.090400695801,-29188081.741766497493
18 May 2026 13:16:10.000,52169899586.090393066406,-29188081.741766504943
18 May 2026 13:16:20.000,52169899586.090393066406,-29188081.741766508669
18 May 2026 13:16:30.000,52169899586.090393066406,-29188081.741766497493
18 May 2026 13:16:40.000,52169899586.090393066406,-29188081.741766508669
18 May 2026 13:16:50.000,52169899586.090408325195,-29188081.741766486317
18 May 2026 13:17:00.000,52169899586.090393066406,-29188081.741766504943
18 May 2026 13:17:10.000,52169899586.090408325195,-29188081.741766486317
18 May 2026 13:17:20.000,52169899586.090408325195,-29188081.741766482592
18 May 2026 13:17:30.000,52169899586.090408325195,-29188081.741766490042
18 May 2026 13:17:40.000,52169899586.090408325195,-29188081.741766482592
18 May 2026 13:17:50.000,52169899586.090408325195,-29188081.741766490042
18 May 2026 13:18:00.000,52169899586.090408325195,-29188081.741766482592
18 May 2026 13:18:10.000,52169899586.090408325195,-29188081.741766490042
18 May 2026 13:18:20.000,52169899586.090408325195,-29188081.741766486317
18 May 2026 13:18:30.000,52169899586.090408325195,-29188081.741766486317
18 May 2026 13:18:40.000,52169899586.090423583984,-29188081.741766475141
18 May 2026 13:18:50.000,52169899586.090423583984,-29188081.741766467690
18 May 2026 13:19:00.000,52169899586.090415954590,-29188081.741766482592
18 May 2026 13:19:10.000,52169899586.090423583984,-29188081.741766467690
18 May 2026 13:19:20.000,52169899586.090423583984,-29188081.741766475141
18 May 2026 13:19:30.000,52169899586.090423583984,-29188081.741766475141
18 May 2026 13:19:40.000,52169899586.090423583984,-29188081.741766467690
18 May 2026 13:19:50.000,52169899586.090423583984,-29188081.741766467690
18 May 2026 13:20:00.000,52169899586.090423583984,-29188081.741766467690
18 May 2026 13:20:10.000,52169899586.090423583984,-29188081.741766467690
18 May 2026 13:20:20.000,52169899586.090423583984,-29188081.741766475141
18 May 2026 13:20:30.000,52169899586.090423583984,-29188081.741766467690
18 May 2026 13:20:40.000,52169899586.090423583984,-29188081.741766467690
18 May 2026 13:20:50.000,52169899586.090423583984,-29188081.741766467690
18 May 2026 13:21:00.000,52169899586.090431213379,-29188081.741766456515
18 May 2026 13:21:10.000,52169899586.090431213379,-29188081.741766456515
18 May 2026 13:21:20.000,52169899586.090431213379,-29188081.741766456515
18 May 2026 13:21:30.000,52169899586.090431213379,-29188081.741766456515
18 May 2026 13:21:40.000,52169899586.090431213379,-29188081.741766456515
18 May 2026 13:21:50.000,52169899586.090431213379,-29188081.741766456515
18 May 2026 13:22:00.000,52169899586.090431213379,-29188081.741766456515
18 May 2026 13:22:10.000,52169899586.090431213379,-29188081.741766456515
18 May 2026 13:22:20.000,52169899586.090431213379,-29188081.741766456515
18 May 2026 13:22:30.000,52169899586.090438842773,-29188081.741766449064
18 May 2026 13:22:40.000,52169899586.090438842773,-29188081.741766449064
18 May 2026 13:22:50.000,52169899586.090438842773,-29188081.741766449064
18 May 2026 13:23:00.000,52169899586.090438842773,-29188081.741766449064
18 May 2026 13:23:10.000,52169899586.090438842773,-29188081.741766449064
18 May 2026 13:23:20.000,52169899586.090438842773,-29188081.741766449064
18 May 2026 13:23:30.000,52169899586.090438842773,-29188081.741766449064
18 May 2026 13:23:40.000,52169899586.090438842773,-29188081.741766452789
18 May 2026 13:23:50.000,52169899586.090438842773,-29188081.741766449064
18 May 2026 13:24:00.000,52169899586.090431213379,-29188081.741766463965
18 May 2026 13:24:10.000,52169899586.090431213379,-29188081.741766463965
18 May 2026 13:24:20.000,52169899586.090431213379,-29188081.741766460240
18 May 2026 13:24:30.000,52169899586.090423583984,-29188081.741766475141
18 May 2026 13:24:40.000,52169899586.090431213379,-29188081.741766463965
18 May 2026 13:24:50.000,52169899586.090431213379,-29188081.741766456515
18 May 2026 13:25:00.000,52169899586.090438842773,-29188081.741766449064
18 May 2026 13:25:10.000,52169899586.090438842773,-29188081.741766449064
18 May 2026 13:25:20.000,52169899586.090438842773,-29188081.741766452789
18 May 2026 13:25:30.000,52169899586.090431213379,-29188081.741766456515
18 May 2026 13:25:40.000,52169899586.090431213379,-29188081.741766456515
18 May 2026 13:25:50.000,52169899586.090438842773,-29188081.741766449064
18 May 2026 13:26:00.000,52169899586.090438842773,-29188081.741766452789
18 May 2026 13:26:10.000,52169899586.090438842773,-29188081.741766449064
18 May 2026 13:26:20.000,52169899586.090431213379,-29188081.741766463965
18 May 2026 13:26:30.000,52169899586.090423583984,-29188081.741766467690
18 May 2026 13:26:40.000,52169899586.090423583984,-29188081.741766463965
18 May 2026 13:26:50.000,52169899586.090431213379,-29188081.741766456515
18 May 2026 13:27:00.000,52169899586.090438842773,-29188081.741766449064
18 May 2026 13:27:10.000,52169899586.090438842773,-29188081.741766452789
18 May 2026 13:27:20.000,52169899586.090438842773,-29188081.741766449064
18 May 2026 13:27:30.000,52169899586.090446472168,-29188081.741766437888
18 May 2026 13:27:40.000,52169899586.090454101562,-29188081.741766434163
18 May 2026 13:27:50.000,52169899586.090454101562,-29188081.741766434163
18 May 2026 13:28:00.000,52169899586.090461730957,-29188081.741766426712
18 May 2026 13:28:10.000,52169899586.090461730957,-29188081.741766422987
18 May 2026 13:28:20.000,52169899586.090461730957,-29188081.741766426712
18 May 2026 13:28:30.000,52169899586.090461730957,-29188081.741766426712
18 May 2026 13:28:40.000,52169899586.090469360352,-29188081.741766422987
18 May 2026 13:28:50.000,52169899586.090454101562,-29188081.741766426712
18 May 2026 13:29:00.000,52169899586.090454101562,-29188081.741766437888
18 May 2026 13:29:10.000,52169899586.090454101562,-29188081.741766430438
18 May 2026 13:29:20.000,52169899586.090454101562,-29188081.741766430438
18 May 2026 13:29:30.000,52169899586.090454101562,-29188081.741766437888
18 May 2026 13:29:40.000,52169899586.090454101562,-29188081.741766437888
18 May 2026 13:29:50.000,52169899586.090454101562,-29188081.741766437888
18 May 2026 13:30:00.000,52169899586.090446472168,-29188081.741766437888
18 May 2026 13:30:10.000,52169899586.090446472168,-29188081.741766441613
18 May 2026 13:30:20.000,52169899586.090438842773,-29188081.741766452789
18 May 2026 13:30:30.000,52169899586.090438842773,-29188081.741766449064
18 May 2026 13:30:40.000,52169899586.090446472168,-29188081.741766441613
18 May 2026 13:30:50.000,52169899586.090438842773,-29188081.741766452789
18 May 2026 13:31:00.000,52169899586.090438842773,-29188081.741766449064
18 May 2026 13:31:10.000,52169899586.090438842773,-29188081.741766449064
18 May 2026 13:31:20.000,52169899586.090438842773,-29188081.741766449064
18 May 2026 13:31:30.000,52169899586.090446472168,-29188081.741766441613
18 May 2026 13:31:40.000,52169899586.090446472168,-29188081.741766445339
18 May 2026 13:31:50.000,52169899586.090438842773,-29188081.741766452789
18 May 2026 13:32:00.000,52169899586.090438842773,-29188081.741766449064
18 May 2026 13:32:10.000,52169899586.090438842773,-29188081.741766449064
18 May 2026 13:32:20.000,52169899586.090438842773,-29188081.741766449064
18 May 2026 13:32:30.000,52169899586.090438842773,-29188081.741766452789
18 May 2026 13:32:40.000,52169899586.090438842773,-29188081.741766452789
18 May 2026 13:32:50.000,52169899586.090454101562,-29188081.741766434163
18 May 2026 13:33:00.000,52169899586.090454101562,-29188081.741766426712
18 May 2026 13:33:10.000,52169899586.090454101562,-29188081.741766426712
18 May 2026 13:33:20.000,52169899586.090469360352,-29188081.741766419262
18 May 2026 13:33:30.000,52169899586.090469360352,-29188081.741766419262
18 May 2026 13:33:40.000,52169899586.090461730957,-29188081.741766430438
18 May 2026 13:33:50.000,52169899586.090469360352,-29188081.741766411811
18 May 2026 13:34:00.000,52169899586.090454101562,-29188081.741766426712
18 May 2026 13:34:10.000,52169899586.090469360352,-29188081.741766422987
18 May 2026 13:34:20.000,52169899586.090469360352,-29188081.741766411811
18 May 2026 13:34:30.000,52169899586.090484619141,-29188081.741766408086
18 May 2026 13:34:40.000,52169899586.090469360352,-29188081.741766408086
18 May 2026 13:34:50.000,52169899586.090469360352,-29188081.741766408086
18 May 2026 13:35:00.000,52169899586.090484619141,-29188081.741766404361
18 May 2026 13:35:10.000,52169899586.090499877930,-29188081.741766385734
18 May 2026 13:35:20.000,52169899586.090499877930,-29188081.741766382009
18 May 2026 13:35:30.000,52169899586.090492248535,-29188081.741766396910
18 May 2026 13:35:40.000,52169899586.090499877930,-29188081.741766385734
18 May 2026 13:35:50.000,52169899586.090499877930,-29188081.741766382009
18 May 2026 13:36:00.000,52169899586.090499877930,-29188081.741766382009
18 May 2026 13:36:10.000,52169899586.090492248535,-29188081.741766393185
18 May 2026 13:36:20.000,52169899586.090492248535,-29188081.741766393185
18 May 2026 13:36:30.000,52169899586.090499877930,-29188081.741766382009
18 May 2026 13:36:40.000,52169899586.090499877930,-29188081.741766382009
18 May 2026 13:36:50.000,52169899586.090499877930,-29188081.741766382009
18 May 2026 13:37:00.000,52169899586.090507507324,-29188081.741766370833
18 May 2026 13:37:10.000,52169899586.090499877930,-29188081.741766382009
18 May 2026 13:37:20.000,52169899586.090499877930,-29188081.741766382009
18 May 2026 13:37:30.000,52169899586.090499877930,-29188081.741766382009
18 May 2026 13:37:40.000,52169899586.090499877930,-29188081.741766378284
18 May 2026 13:37:50.000,52169899586.090484619141,-29188081.741766396910
18 May 2026 13:38:00.000,52169899586.090484619141,-29188081.741766404361
18 May 2026 13:38:10.000,52169899586.090499877930,-29188081.741766382009
18 May 2026 13:38:20.000,52169899586.090492248535,-29188081.741766393185
18 May 2026 13:38:30.000,52169899586.090492248535,-29188081.741766393185
18 May 2026 13:38:40.000,52169899586.090492248535,-29188081.741766396910
18 May 2026 13:38:50.000,52169899586.090499877930,-29188081.741766385734
18 May 2026 13:39:00.000,52169899586.090499877930,-29188081.741766382009
18 May 2026 13:39:10.000,52169899586.090499877930,-29188081.741766382009
18 May 2026 13:39:20.000,52169899586.090499877930,-29188081.741766382009
18 May 2026 13:39:30.000,52169899586.090492248535,-29188081.741766396910
18 May 2026 13:39:40.000,52169899586.090499877930,-29188081.741766385734
18 May 2026 13:39:50.000,52169899586.090507507324,-29188081.741766374558
18 May 2026 13:40:00.000,52169899586.090499877930,-29188081.741766378284
18 May 2026 13:40:10.000,52169899586.090499877930,-29188081.741766378284
18 May 2026 13:40:20.000,52169899586.090499877930,-29188081.741766382009
18 May 2026 13:40:30.000,52169899586.090499877930,-29188081.741766385734
18 May 2026 13:40:40.000,52169899586.090499877930,-29188081.741766378284
18 May 2026 13:40:50.000,52169899586.090499877930,-29188081.741766385734
18 May 2026 13:41:00.000,52169899586.090499877930,-29188081.741766382009
18 May 2026 13:41:10.000,52169899586.090499877930,-29188081.741766385734
18 May 2026 13:41:20.000,52169899586.090507507324,-29188081.741766374558
18 May 2026 13:41:30.000,52169899586.090507507324,-29188081.741766370833
18 May 2026 13:41:40.000,52169899586.090507507324,-29188081.741766370833
18 May 2026 13:41:50.000,52169899586.090499877930,-29188081.741766382009
18 May 2026 13:42:00.000,52169899586.090492248535,-29188081.741766393185
18 May 2026 13:42:10.000,52169899586.090499877930,-29188081.741766382009
18 May 2026 13:42:20.000,52169899586.090492248535,-29188081.741766393185
18 May 2026 13:42:30.000,52169899586.090492248535,-29188081.741766393185
18 May 2026 13:42:40.000,52169899586.090499877930,-29188081.741766382009
18 May 2026 13:42:50.000,52169899586.090492248535,-29188081.741766393185
18 May 2026 13:43:00.000,52169899586.090484619141,-29188081.741766396910
18 May 2026 13:43:10.000,52169899586.090492248535,-29188081.741766393185
18 May 2026 13:43:20.000,52169899586.090492248535,-29188081.741766393185
18 May 2026 13:43:30.000,52169899586.090499877930,-29188081.741766385734
18 May 2026 13:43:40.000,52169899586.090499877930,-29188081.741766385734
18 May 2026 13:43:50.000,52169899586.090499877930,-29188081.741766385734
18 May 2026 13:44:00.000,52169899586.090499877930,-29188081.741766385734
18 May 2026 13:44:10.000,52169899586.090499877930,-29188081.741766382009
18 May 2026 13:44:20.000,52169899586.090499877930,-29188081.741766382009
18 May 2026 13:44:30.000,52169899586.090499877930,-29188081.741766382009
18 May 2026 13:44:40.000,52169899586.090499877930,-29188081.741766382009
18 May 2026 13:44:50.000,52169899586.090499877930,-29188081.741766385734
18 May 2026 13:45:00.000,52169899586.090499877930,-29188081.741766385734
18 May 2026 13:45:10.000,52169899586.090499877930,-29188081.741766382009
18 May 2026 13:45:20.000,52169899586.090499877930,-29188081.741766382009
18 May 2026 13:45:30.000,52169899586.090499877930,-29188081.741766382009
18 May 2026 13:45:40.000,52169899586.090492248535,-29188081.741766396910
18 May 2026 13:45:50.000,52169899586.090499877930,-29188081.741766382009
18 May 2026 13:46:00.000,52169899586.090499877930,-29188081.741766382009
18 May 2026 13:46:10.000,52169899586.090499877930,-29188081.741766382009
18 May 2026 13:46:20.000,52169899586.090499877930,-29188081.741766382009
18 May 2026 13:46:30.000,52169899586.090499877930,-29188081.741766382009
18 May 2026 13:46:40.000,52169899586.090499877930,-29188081.741766385734
18 May 2026 13:46:50.000,52169899586.090499877930,-29188081.741766382009
18 May 2026 13:47:00.000,52169899586.090499877930,-29188081.741766385734
18 May 2026 13:47:10.000,52169899586.090499877930,-29188081.741766378284
18 May 2026 13:47:20.000,52169899586.090499877930,-29188081.741766378284
18 May 2026 13:47:30.000,52169899586.090499877930,-29188081.741766389459
18 May 2026 13:47:40.000,52169899586.090484619141,-29188081.741766404361
18 May 2026 13:47:50.000,52169899586.090484619141,-29188081.741766396910
18 May 2026 13:48:00.000,52169899586.090499877930,-29188081.741766385734
18 May 2026 13:48:10.000,52169899586.090499877930,-29188081.741766385734
18 May 2026 13:48:20.000,52169899586.090484619141,-29188081.741766408086
18 May 2026 13:48:30.000,52169899586.090484619141,-29188081.741766400635
18 May 2026 13:48:40.000,52169899586.090492248535,-29188081.741766389459
18 May 2026 13:48:50.000,52169899586.090499877930,-29188081.741766382009
18 May 2026 13:49:00.000,52169899586.090499877930,-29188081.741766382009
18 May 2026 13:49:10.000,52169899586.090499877930,-29188081.741766382009
18 May 2026 13:49:20.000,52169899586.090492248535,-29188081.741766393185
18 May 2026 13:49:30.000,52169899586.090499877930,-29188081.741766385734
18 May 2026 13:49:40.000,52169899586.090492248535,-29188081.741766393185
18 May 2026 13:49:50.000,52169899586.090484619141,-29188081.741766408086
18 May 2026 13:50:00.000,52169899586.090492248535,-29188081.741766393185
18 May 2026 13:50:10.000,52169899586.090492248535,-29188081.741766389459
18 May 2026 13:50:20.000,52169899586.090484619141,-29188081.741766393185
18 May 2026 13:50:30.000,52169899586.090492248535,-29188081.741766393185
18 May 2026 13:50:40.000,52169899586.090492248535,-29188081.741766389459
18 May 2026 13:50:50.000,52169899586.090499877930,-29188081.741766382009
18 May 2026 13:51:00.000,52169899586.090499877930,-29188081.741766382009
18 May 2026 13:51:10.000,52169899586.090499877930,-29188081.741766382009
18 May 2026 13:51:20.000,52169899586.090499877930,-29188081.741766382009
18 May 2026 13:51:30.000,52169899586.090499877930,-29188081.741766382009
18 May 2026 13:51:40.000,52169899586.090507507324,-29188081.741766374558
18 May 2026 13:51:50.000,52169899586.090507507324,-29188081.741766374558
18 May 2026 13:52:00.000,52169899586.090499877930,-29188081.741766382009
18 May 2026 13:52:10.000,52169899586.090499877930,-29188081.741766382009
18 May 2026 13:52:20.000,52169899586.090507507324,-29188081.741766378284
18 May 2026 13:52:30.000,52169899586.090507507324,-29188081.741766374558
18 May 2026 13:52:40.000,52169899586.090507507324,-29188081.741766378284
18 May 2026 13:52:50.000,52169899586.090507507324,-29188081.741766370833
18 May 2026 13:53:00.000,52169899586.090515136719,-29188081.741766363382
18 May 2026 13:53:10.000,52169899586.090522766113,-29188081.741766348481
18 May 2026 13:53:20.000,52169899586.090522766113,-29188081.741766352206
18 May 2026 13:53:30.000,52169899586.090507507324,-29188081.741766378284
18 May 2026 13:53:40.000,52169899586.090507507324,-29188081.741766374558
18 May 2026 13:53:50.000,52169899586.090507507324,-29188081.741766370833
18 May 2026 13:54:00.000,52169899586.090515136719,-29188081.741766363382
18 May 2026 13:54:10.000,52169899586.090522766113,-29188081.741766348481
18 May 2026 13:54:20.000,52169899586.090507507324,-29188081.741766374558
18 May 2026 13:54:30.000,52169899586.090515136719,-29188081.741766367108
18 May 2026 13:54:40.000,52169899586.090515136719,-29188081.741766367108
18 May 2026 13:54:50.000,52169899586.090515136719,-29188081.741766363382
18 May 2026 13:55:00.000,52169899586.090522766113,-29188081.741766359657
18 May 2026 13:55:10.000,52169899586.090507507324,-29188081.741766378284
18 May 2026 13:55:20.000,52169899586.090507507324,-29188081.741766378284
18 May 2026 13:55:30.000,52169899586.090515136719,-29188081.741766363382
18 May 2026 13:55:40.000,52169899586.090515136719,-29188081.741766367108
18 May 2026 13:55:50.000,52169899586.090522766113,-29188081.741766352206
18 May 2026 13:56:00.000,52169899586.090522766113,-29188081.741766363382
18 May 2026 13:56:10.000,52169899586.090515136719,-29188081.741766367108
18 May 2026 13:56:20.000,52169899586.090507507324,-29188081.741766374558
18 May 2026 13:56:30.000,52169899586.090507507324,-29188081.741766374558
18 May 2026 13:56:40.000,52169899586.090507507324,-29188081.741766374558
18 May 2026 13:56:50.000,52169899586.090507507324,-29188081.741766374558
18 May 2026 13:57:00.000,52169899586.090515136719,-29188081.741766363382
18 May 2026 13:57:10.000,52169899586.090522766113,-29188081.741766352206
18 May 2026 13:57:20.000,52169899586.090522766113,-29188081.741766352206
18 May 2026 13:57:30.000,52169899586.090522766113,-29188081.741766352206
18 May 2026 13:57:40.000,52169899586.090522766113,-29188081.741766352206
18 May 2026 13:57:50.000,52169899586.090530395508,-29188081.741766348481
18 May 2026 13:58:00.000,52169899586.090530395508,-29188081.741766348481
18 May 2026 13:58:10.000,52169899586.090538024902,-29188081.741766337305
18 May 2026 13:58:20.000,52169899586.090538024902,-29188081.741766337305
18 May 2026 13:58:30.000,52169899586.090530395508,-29188081.741766348481
18 May 2026 13:58:40.000,52169899586.090538024902,-29188081.741766337305
18 May 2026 13:58:50.000,52169899586.090538024902,-29188081.741766337305
18 May 2026 13:59:00.000,52169899586.090538024902,-29188081.741766337305
18 May 2026 13:59:10.000,52169899586.090538024902,-29188081.741766341031
18 May 2026 13:59:20.000,52169899586.090538024902,-29188081.741766337305
18 May 2026 13:59:30.000,52169899586.090538024902,-29188081.741766337305
18 May 2026 13:59:40.000,52169899586.090538024902,-29188081.741766337305
18 May 2026 13:59:50.000,52169899586.090538024902,-29188081.741766341031
18 May 2026 14:00:00.000,52169899586.090538024902,-29188081.741766337305
18 May 2026 14:00:10.000,52169899586.090538024902,-29188081.741766333580
18 May 2026 14:00:20.000,52169899586.090553283691,-29188081.741766322404
18 May 2026 14:00:30.000,52169899586.090538024902,-29188081.741766333580
18 May 2026 14:00:40.000,52169899586.090553283691,-29188081.741766322404
18 May 2026 14:00:50.000,52169899586.090538024902,-29188081.741766337305
18 May 2026 14:01:00.000,52169899586.090553283691,-29188081.741766326129
18 May 2026 14:01:10.000,52169899586.090553283691,-29188081.741766326129
18 May 2026 14:01:20.000,52169899586.090553283691,-29188081.741766326129
18 May 2026 14:01:30.000,52169899586.090553283691,-29188081.741766322404
18 May 2026 14:01:40.000,52169899586.090560913086,-29188081.741766314954
18 May 2026 14:01:50.000,52169899586.090560913086,-29188081.741766314954
18 May 2026 14:02:00.000,52169899586.090560913086,-29188081.741766311228
18 May 2026 14:02:10.000,52169899586.090560913086,-29188081.741766314954
18 May 2026 14:02:20.000,52169899586.090560913086,-29188081.741766314954
18 May 2026 14:02:30.000,52169899586.090568542480,-29188081.741766311228
18 May 2026 14:02:40.000,52169899586.090568542480,-29188081.741766307503
18 May 2026 14:02:50.000,52169899586.090568542480,-29188081.741766303778
18 May 2026 14:03:00.000,52169899586.090583801270,-29188081.741766288877
18 May 2026 14:03:10.000,52169899586.090583801270,-29188081.741766288877
18 May 2026 14:03:20.000,52169899586.090583801270,-29188081.741766288877
18 May 2026 14:03:30.000,52169899586.090583801270,-29188081.741766285151
18 May 2026 14:03:40.000,52169899586.090583801270,-29188081.741766285151
18 May 2026 14:03:50.000,52169899586.090583801270,-29188081.741766288877
18 May 2026 14:04:00.000,52169899586.090583801270,-29188081.741766288877
18 May 2026 14:04:10.000,52169899586.090576171875,-29188081.741766292602
18 May 2026 14:04:20.000,52169899586.090583801270,-29188081.741766285151
18 May 2026 14:04:30.000,52169899586.090576171875,-29188081.741766296327
18 May 2026 14:04:40.000,52169899586.090583801270,-29188081.741766288877
18 May 2026 14:04:50.000,52169899586.090583801270,-29188081.741766285151
18 May 2026 14:05:00.000,52169899586.090583801270,-29188081.741766292602
18 May 2026 14:05:10.000,52169899586.090583801270,-29188081.741766285151
18 May 2026 14:05:20.000,52169899586.090591430664,-29188081.741766277701
18 May 2026 14:05:30.000,52169899586.090599060059,-29188081.741766270250
18 May 2026 14:05:40.000,52169899586.090591430664,-29188081.741766277701
18 May 2026 14:05:50.000,52169899586.090591430664,-29188081.741766277701
18 May 2026 14:06:00.000,52169899586.090591430664,-29188081.741766277701
18 May 2026 14:06:10.000,52169899586.090591430664,-29188081.741766281426
18 May 2026 14:06:20.000,52169899586.090591430664,-29188081.741766273975
18 May 2026 14:06:30.000,52169899586.090591430664,-29188081.741766277701
18 May 2026 14:06:40.000,52169899586.090591430664,-29188081.741766277701
18 May 2026 14:06:50.000,52169899586.090591430664,-29188081.741766277701
18 May 2026 14:07:00.000,52169899586.090591430664,-29188081.741766273975
18 May 2026 14:07:10.000,52169899586.090591430664,-29188081.741766273975
18 May 2026 14:07:20.000,52169899586.090591430664,-29188081.741766273975
18 May 2026 14:07:30.000,52169899586.090591430664,-29188081.741766273975
18 May 2026 14:07:40.000,52169899586.090591430664,-29188081.741766277701
18 May 2026 14:07:50.000,52169899586.090599060059,-29188081.741766266525
18 May 2026 14:08:00.000,52169899586.090606689453,-29188081.741766262800
18 May 2026 14:08:10.000,52169899586.090606689453,-29188081.741766259074
18 May 2026 14:08:20.000,52169899586.090599060059,-29188081.741766273975
18 May 2026 14:08:30.000,52169899586.090599060059,-29188081.741766270250
18 May 2026 14:08:40.000,52169899586.090599060059,-29188081.741766270250
18 May 2026 14:08:50.000,52169899586.090599060059,-29188081.741766277701
18 May 2026 14:09:00.000,52169899586.090599060059,-29188081.741766266525
18 May 2026 14:09:10.000,52169899586.090599060059,-29188081.741766266525
18 May 2026 14:09:20.000,52169899586.090599060059,-29188081.741766270250
18 May 2026 14:09:30.000,52169899586.090599060059,-29188081.741766266525
18 May 2026 14:09:40.000,52169899586.090599060059,-29188081.741766270250
18 May 2026 14:09:50.000,52169899586.090599060059,-29188081.741766270250
18 May 2026 14:10:00.000,52169899586.090591430664,-29188081.741766281426
18 May 2026 14:10:10.000,52169899586.090599060059,-29188081.741766277701
18 May 2026 14:10:20.000,52169899586.090599060059,-29188081.741766270250
18 May 2026 14:10:30.000,52169899586.090591430664,-29188081.741766277701
18 May 2026 14:10:40.000,52169899586.090591430664,-29188081.741766277701
18 May 2026 14:10:50.000,52169899586.090591430664,-29188081.741766281426
18 May 2026 14:11:00.000,52169899586.090599060059,-29188081.741766270250
18 May 2026 14:11:10.000,52169899586.090591430664,-29188081.741766277701
18 May 2026 14:11:20.000,52169899586.090583801270,-29188081.741766288877
18 May 2026 14:11:30.000,52169899586.090583801270,-29188081.741766288877
18 May 2026 14:11:40.000,52169899586.090583801270,-29188081.741766288877
18 May 2026 14:11:50.000,52169899586.090576171875,-29188081.741766292602
18 May 2026 14:12:00.000,52169899586.090576171875,-29188081.741766296327
18 May 2026 14:12:10.000,52169899586.090583801270,-29188081.741766285151
18 May 2026 14:12:20.000,52169899586.090576171875,-29188081.741766292602
18 May 2026 14:12:30.000,52169899586.090576171875,-29188081.741766296327
18 May 2026 14:12:40.000,52169899586.090583801270,-29188081.741766285151
18 May 2026 14:12:50.000,52169899586.090599060059,-29188081.741766277701
18 May 2026 14:13:00.000,52169899586.090599060059,-29188081.741766277701
18 May 2026 14:13:10.000,52169899586.090599060059,-29188081.741766277701
18 May 2026 14:13:20.000,52169899586.090599060059,-29188081.741766277701
18 May 2026 14:13:30.000,52169899586.090591430664,-29188081.741766273975
18 May 2026 14:13:40.000,52169899586.090583801270,-29188081.741766285151
18 May 2026 14:13:50.000,52169899586.090583801270,-29188081.741766285151
18 May 2026 14:14:00.000,52169899586.090583801270,-29188081.741766285151
18 May 2026 14:14:10.000,52169899586.090583801270,-29188081.741766288877
18 May 2026 14:14:20.000,52169899586.090583801270,-29188081.741766288877
18 May 2026 14:14:30.000,52169899586.090583801270,-29188081.741766285151
18 May 2026 14:14:40.000,52169899586.090591430664,-29188081.741766273975
18 May 2026 14:14:50.000,52169899586.090568542480,-29188081.741766307503
18 May 2026 14:15:00.000,52169899586.090583801270,-29188081.741766288877
18 May 2026 14:15:10.000,52169899586.090568542480,-29188081.741766307503
18 May 2026 14:15:20.000,52169899586.090568542480,-29188081.741766307503
18 May 2026 14:15:30.000,52169899586.090568542480,-29188081.741766311228
18 May 2026 14:15:40.000,52169899586.090568542480,-29188081.741766311228
18 May 2026 14:15:50.000,52169899586.090583801270,-29188081.741766285151
18 May 2026 14:16:00.000,52169899586.090583801270,-29188081.741766288877
18 May 2026 14:16:10.000,52169899586.090591430664,-29188081.741766277701
18 May 2026 14:16:20.000,52169899586.090583801270,-29188081.741766288877
18 May 2026 14:16:30.000,52169899586.090583801270,-29188081.741766285151
18 May 2026 14:16:40.000,52169899586.090583801270,-29188081.741766288877
18 May 2026 14:16:50.000,52169899586.090583801270,-29188081.741766288877
18 May 2026 14:17:00.000,52169899586.090576171875,-29188081.741766303778
18 May 2026 14:17:10.000,52169899586.090583801270,-29188081.741766292602
18 May 2026 14:17:20.000,52169899586.090576171875,-29188081.741766296327
18 May 2026 14:17:30.000,52169899586.090576171875,-29188081.741766288877
18 May 2026 14:17:40.000,52169899586.090576171875,-29188081.741766296327
18 May 2026 14:17:50.000,52169899586.090568542480,-29188081.741766307503
18 May 2026 14:18:00.000,52169899586.090560913086,-29188081.741766318679
18 May 2026 14:18:10.000,52169899586.090560913086,-29188081.741766314954
18 May 2026 14:18:20.000,52169899586.090560913086,-29188081.741766314954
18 May 2026 14:18:30.000,52169899586.090553283691,-29188081.741766326129
18 May 2026 14:18:40.000,52169899586.090560913086,-29188081.741766318679
18 May 2026 14:18:50.000,52169899586.090560913086,-29188081.741766318679
18 May 2026 14:19:00.000,52169899586.090553283691,-29188081.741766322404
18 May 2026 14:19:10.000,52169899586.090560913086,-29188081.741766318679
18 May 2026 14:19:20.000,52169899586.090553283691,-29188081.741766329855
18 May 2026 14:19:30.000,52169899586.090553283691,-29188081.741766329855
18 May 2026 14:19:40.000,52169899586.090560913086,-29188081.741766318679
18 May 2026 14:19:50.000,52169899586.090553283691,-29188081.741766322404
18 May 2026 14:20:00.000,52169899586.090560913086,-29188081.741766318679
18 May 2026 14:20:10.000,52169899586.090553283691,-29188081.741766322404
18 May 2026 14:20:20.000,52169899586.090553283691,-29188081.741766322404
18 May 2026 14:20:30.000,52169899586.090545654297,-29188081.741766329855
18 May 2026 14:20:40.000,52169899586.090553283691,-29188081.741766326129
18 May 2026 14:20:50.000,52169899586.090545654297,-29188081.741766329855
18 May 2026 14:21:00.000,52169899586.090545654297,-29188081.741766326129
18 May 2026 14:21:10.000,52169899586.090545654297,-29188081.741766329855
18 May 2026 14:21:20.000,52169899586.090545654297,-29188081.741766329855
18 May 2026 14:21:30.000,52169899586.090553283691,-29188081.741766326129
18 May 2026 14:21:40.000,52169899586.090553283691,-29188081.741766322404
18 May 2026 14:21:50.000,52169899586.090538024902,-29188081.741766341031
18 May 2026 14:22:00.000,52169899586.090553283691,-29188081.741766318679
18 May 2026 14:22:10.000,52169899586.090553283691,-29188081.741766326129
18 May 2026 14:22:20.000,52169899586.090553283691,-29188081.741766322404
18 May 2026 14:22:30.000,52169899586.090553283691,-29188081.741766322404
18 May 2026 14:22:40.000,52169899586.090553283691,-29188081.741766322404
18 May 2026 14:22:50.000,52169899586.090553283691,-29188081.741766318679
18 May 2026 14:23:00.000,52169899586.090553283691,-29188081.741766318679
18 May 2026 14:23:10.000,52169899586.090553283691,-29188081.741766318679
18 May 2026 14:23:20.000,52169899586.090553283691,-29188081.741766329855
18 May 2026 14:23:30.000,52169899586.090545654297,-29188081.741766326129
18 May 2026 14:23:40.000,52169899586.090553283691,-29188081.741766318679
18 May 2026 14:23:50.000,52169899586.090538024902,-29188081.741766344756
18 May 2026 14:24:00.000,52169899586.090538024902,-29188081.741766341031
18 May 2026 14:24:10.000,52169899586.090538024902,-29188081.741766337305
18 May 2026 14:24:20.000,52169899586.090538024902,-29188081.741766341031
18 May 2026 14:24:30.000,52169899586.090553283691,-29188081.741766326129
18 May 2026 14:24:40.000,52169899586.090545654297,-29188081.741766333580
18 May 2026 14:24:50.000,52169899586.090545654297,-29188081.741766333580
18 May 2026 14:25:00.000,52169899586.090545654297,-29188081.741766333580
18 May 2026 14:25:10.000,52169899586.090553283691,-29188081.741766318679
18 May 2026 14:25:20.000,52169899586.090553283691,-29188081.741766318679
18 May 2026 14:25:30.000,52169899586.090545654297,-29188081.741766333580
18 May 2026 14:25:40.000,52169899586.090545654297,-29188081.741766329855
18 May 2026 14:25:50.000,52169899586.090545654297,-29188081.741766333580
18 May 2026 14:26:00.000,52169899586.090545654297,-29188081.741766329855
18 May 2026 14:26:10.000,52169899586.090553283691,-29188081.741766326129
18 May 2026 14:26:20.000,52169899586.090553283691,-29188081.741766318679
18 May 2026 14:26:30.000,52169899586.090553283691,-29188081.741766326129
18 May 2026 14:26:40.000,52169899586.090553283691,-29188081.741766326129
18 May 2026 14:26:50.000,52169899586.090568542480,-29188081.741766303778
18 May 2026 14:27:00.000,52169899586.090553283691,-29188081.741766326129
18 May 2026 14:27:10.000,52169899586.090553283691,-29188081.741766329855
18 May 2026 14:27:20.000,52169899586.090553283691,-29188081.741766329855
18 May 2026 14:27:30.000,52169899586.090553283691,-29188081.741766322404
18 May 2026 14:27:40.000,52169899586.090553283691,-29188081.741766322404
18 May 2026 14:27:50.000,52169899586.090553283691,-29188081.741766326129
18 May 2026 14:28:00.000,52169899586.090568542480,-29188081.741766307503
18 May 2026 14:28:10.000,52169899586.090568542480,-29188081.741766307503
18 May 2026 14:28:20.000,52169899586.090568542480,-29188081.741766307503
18 May 2026 14:28:30.000,52169899586.090568542480,-29188081.741766303778
18 May 2026 14:28:40.000,52169899586.090568542480,-29188081.741766307503
18 May 2026 14:28:50.000,52169899586.090568542480,-29188081.741766303778
18 May 2026 14:29:00.000,52169899586.090568542480,-29188081.741766303778
18 May 2026 14:29:10.000,52169899586.090568542480,-29188081.741766303778
18 May 2026 14:29:20.000,52169899586.090568542480,-29188081.741766311228
18 May 2026 14:29:30.000,52169899586.090568542480,-29188081.741766311228
18 May 2026 14:29:40.000,52169899586.090568542480,-29188081.741766307503
18 May 2026 14:29:50.000,52169899586.090568542480,-29188081.741766307503
18 May 2026 14:30:00.000,52169899586.090568542480,-29188081.741766307503
18 May 2026 14:30:10.000,52169899586.090568542480,-29188081.741766307503
18 May 2026 14:30:20.000,52169899586.090568542480,-29188081.741766311228
18 May 2026 14:30:30.000,52169899586.090560913086,-29188081.741766318679
18 May 2026 14:30:40.000,52169899586.090553283691,-29188081.741766322404
18 May 2026 14:30:50.000,52169899586.090568542480,-29188081.741766307503
18 May 2026 14:31:00.000,52169899586.090553283691,-29188081.741766322404
18 May 2026 14:31:10.000,52169899586.090553283691,-29188081.741766322404
18 May 2026 14:31:20.000,52169899586.090553283691,-29188081.741766322404
18 May 2026 14:31:30.000,52169899586.090553283691,-29188081.741766329855
18 May 2026 14:31:40.000,52169899586.090568542480,-29188081.741766307503
18 May 2026 14:31:50.000,52169899586.090568542480,-29188081.741766303778
18 May 2026 14:32:00.000,52169899586.090568542480,-29188081.741766307503
18 May 2026 14:32:10.000,52169899586.090568542480,-29188081.741766303778
18 May 2026 14:32:20.000,52169899586.090568542480,-29188081.741766307503
18 May 2026 14:32:30.000,52169899586.090568542480,-29188081.741766303778
18 May 2026 14:32:40.000,52169899586.090568542480,-29188081.741766303778
18 May 2026 14:32:50.000,52169899586.090568542480,-29188081.741766303778
18 May 2026 14:33:00.000,52169899586.090568542480,-29188081.741766307503
18 May 2026 14:33:10.000,52169899586.090568542480,-29188081.741766307503
18 May 2026 14:33:20.000,52169899586.090568542480,-29188081.741766307503
18 May 2026 14:33:30.000,52169899586.090568542480,-29188081.741766307503
18 May 2026 14:33:40.000,52169899586.090568542480,-29188081.741766307503
18 May 2026 14:33:50.000,52169899586.090568542480,-29188081.741766307503
18 May 2026 14:34:00.000,52169899586.090576171875,-29188081.741766296327
18 May 2026 14:34:10.000,52169899586.090568542480,-29188081.741766311228
18 May 2026 14:34:20.000,52169899586.090568542480,-29188081.741766307503
18 May 2026 14:34:30.000,52169899586.090568542480,-29188081.741766307503
18 May 2026 14:34:40.000,52169899586.090568542480,-29188081.741766307503
18 May 2026 14:34:50.000,52169899586.090583801270,-29188081.741766288877
18 May 2026 14:35:00.000,52169899586.090583801270,-29188081.741766285151
18 May 2026 14:35:10.000,52169899586.090583801270,-29188081.741766285151
18 May 2026 14:35:20.000,52169899586.090576171875,-29188081.741766296327
18 May 2026 14:35:30.000,52169899586.090583801270,-29188081.741766285151
18 May 2026 14:35:40.000,52169899586.090583801270,-29188081.741766288877
18 May 2026 14:35:50.000,52169899586.090583801270,-29188081.741766288877
18 May 2026 14:36:00.000,52169899586.090583801270,-29188081.741766288877
18 May 2026 14:36:10.000,52169899586.090583801270,-29188081.741766288877
18 May 2026 14:36:20.000,52169899586.090583801270,-29188081.741766285151
18 May 2026 14:36:30.000,52169899586.090583801270,-29188081.741766288877
18 May 2026 14:36:40.000,52169899586.090583801270,-29188081.741766285151
18 May 2026 14:36:50.000,52169899586.090583801270,-29188081.741766288877
18 May 2026 14:37:00.000,52169899586.090583801270,-29188081.741766288877
18 May 2026 14:37:10.000,52169899586.090583801270,-29188081.741766288877
18 May 2026 14:37:20.000,52169899586.090583801270,-29188081.741766288877
18 May 2026 14:37:30.000,52169899586.090583801270,-29188081.741766285151
18 May 2026 14:37:40.000,52169899586.090583801270,-29188081.741766288877
18 May 2026 14:37:50.000,52169899586.090591430664,-29188081.741766281426
18 May 2026 14:38:00.000,52169899586.090591430664,-29188081.741766281426
18 May 2026 14:38:10.000,52169899586.090583801270,-29188081.741766288877
18 May 2026 14:38:20.000,52169899586.090583801270,-29188081.741766288877
18 May 2026 14:38:30.000,52169899586.090583801270,-29188081.741766292602
18 May 2026 14:38:40.000,52169899586.090583801270,-29188081.741766288877
18 May 2026 14:38:50.000,52169899586.090583801270,-29188081.741766288877
18 May 2026 14:39:00.000,52169899586.090591430664,-29188081.741766281426
18 May 2026 14:39:10.000,52169899586.090583801270,-29188081.741766288877
18 May 2026 14:39:20.000,52169899586.090591430664,-29188081.741766281426
18 May 2026 14:39:30.000,52169899586.090583801270,-29188081.741766285151
18 May 2026 14:39:40.000,52169899586.090583801270,-29188081.741766288877
18 May 2026 14:39:50.000,52169899586.090591430664,-29188081.741766277701
18 May 2026 14:40:00.000,52169899586.090591430664,-29188081.741766277701
18 May 2026 14:40:10.000,52169899586.090591430664,-29188081.741766281426
18 May 2026 14:40:20.000,52169899586.090599060059,-29188081.741766273975
18 May 2026 14:40:30.000,52169899586.090599060059,-29188081.741766273975
18 May 2026 14:40:40.000,52169899586.090599060059,-29188081.741766266525
18 May 2026 14:40:50.000,52169899586.090599060059,-29188081.741766262800
18 May 2026 14:41:00.000,52169899586.090614318848,-29188081.741766259074
18 May 2026 14:41:10.000,52169899586.090599060059,-29188081.741766270250
18 May 2026 14:41:20.000,52169899586.090614318848,-29188081.741766255349
18 May 2026 14:41:30.000,52169899586.090599060059,-29188081.741766270250
18 May 2026 14:41:40.000,52169899586.090599060059,-29188081.741766277701
18 May 2026 14:41:50.000,52169899586.090614318848,-29188081.741766262800
18 May 2026 14:42:00.000,52169899586.090606689453,-29188081.741766266525
18 May 2026 14:42:10.000,52169899586.090614318848,-29188081.741766255349
18 May 2026 14:42:20.000,52169899586.090614318848,-29188081.741766255349
18 May 2026 14:42:30.000,52169899586.090614318848,-29188081.741766259074
18 May 2026 14:42:40.000,52169899586.090614318848,-29188081.741766255349
18 May 2026 14:42:50.000,52169899586.090629577637,-29188081.741766236722
18 May 2026 14:43:00.000,52169899586.090629577637,-29188081.741766244173
18 May 2026 14:43:10.000,52169899586.090629577637,-29188081.741766244173
18 May 2026 14:43:20.000,52169899586.090629577637,-29188081.741766244173
18 May 2026 14:43:30.000,52169899586.090629577637,-29188081.741766232997
18 May 2026 14:43:40.000,52169899586.090629577637,-29188081.741766236722
18 May 2026 14:43:50.000,52169899586.090644836426,-29188081.741766218096
18 May 2026 14:44:00.000,52169899586.090644836426,-29188081.741766218096
18 May 2026 14:44:10.000,52169899586.090629577637,-29188081.741766232997
18 May 2026 14:44:20.000,52169899586.090637207031,-29188081.741766229272
18 May 2026 14:44:30.000,52169899586.090637207031,-29188081.741766229272
18 May 2026 14:44:40.000,52169899586.090637207031,-29188081.741766229272
18 May 2026 14:44:50.000,52169899586.090629577637,-29188081.741766236722
18 May 2026 14:45:00.000,52169899586.090629577637,-29188081.741766232997
18 May 2026 14:45:10.000,52169899586.090637207031,-29188081.741766229272
18 May 2026 14:45:20.000,52169899586.090644836426,-29188081.741766218096
18 May 2026 14:45:30.000,52169899586.090637207031,-29188081.741766225547
18 May 2026 14:45:40.000,52169899586.090644836426,-29188081.741766221821
18 May 2026 14:45:50.000,52169899586.090644836426,-29188081.741766221821
18 May 2026 14:46:00.000,52169899586.090644836426,-29188081.741766218096
18 May 2026 14:46:10.000,52169899586.090660095215,-29188081.741766206920
18 May 2026 14:46:20.000,52169899586.090660095215,-29188081.741766206920
18 May 2026 14:46:30.000,52169899586.090660095215,-29188081.741766206920
18 May 2026 14:46:40.000,52169899586.090652465820,-29188081.741766214371
18 May 2026 14:46:50.000,52169899586.090660095215,-29188081.741766203195
18 May 2026 14:47:00.000,52169899586.090660095215,-29188081.741766203195
18 May 2026 14:47:10.000,52169899586.090660095215,-29188081.741766206920
18 May 2026 14:47:20.000,52169899586.090660095215,-29188081.741766203195
18 May 2026 14:47:30.000,52169899586.090660095215,-29188081.741766206920
18 May 2026 14:47:40.000,52169899586.090652465820,-29188081.741766210645
18 May 2026 14:47:50.000,52169899586.090652465820,-29188081.741766214371
18 May 2026 14:48:00.000,52169899586.090652465820,-29188081.741766214371
18 May 2026 14:48:10.000,52169899586.090652465820,-29188081.741766214371
18 May 2026 14:48:20.000,52169899586.090652465820,-29188081.741766218096
18 May 2026 14:48:30.000,52169899586.090644836426,-29188081.741766218096
18 May 2026 14:48:40.000,52169899586.090644836426,-29188081.741766218096
18 May 2026 14:48:50.000,52169899586.090652465820,-29188081.741766218096
18 May 2026 14:49:00.000,52169899586.090652465820,-29188081.741766218096
18 May 2026 14:49:10.000,52169899586.090652465820,-29188081.741766218096
18 May 2026 14:49:20.000,52169899586.090629577637,-29188081.741766236722
18 May 2026 14:49:30.000,52169899586.090652465820,-29188081.741766218096
18 May 2026 14:49:40.000,52169899586.090644836426,-29188081.741766214371
18 May 2026 14:49:50.000,52169899586.090644836426,-29188081.741766214371
18 May 2026 14:50:00.000,52169899586.090644836426,-29188081.741766214371
18 May 2026 14:50:10.000,52169899586.090644836426,-29188081.741766218096
18 May 2026 14:50:20.000,52169899586.090652465820,-29188081.741766218096
18 May 2026 14:50:30.000,52169899586.090652465820,-29188081.741766214371
18 May 2026 14:50:40.000,52169899586.090652465820,-29188081.741766214371
18 May 2026 14:50:50.000,52169899586.090629577637,-29188081.741766232997
18 May 2026 14:51:00.000,52169899586.090652465820,-29188081.741766214371
18 May 2026 14:51:10.000,52169899586.090652465820,-29188081.741766214371
18 May 2026 14:51:20.000,52169899586.090652465820,-29188081.741766214371
18 May 2026 14:51:30.000,52169899586.090652465820,-29188081.741766214371
18 May 2026 14:51:40.000,52169899586.090644836426,-29188081.741766225547
18 May 2026 14:51:50.000,52169899586.090644836426,-29188081.741766221821
18 May 2026 14:52:00.000,52169899586.090644836426,-29188081.741766225547
18 May 2026 14:52:10.000,52169899586.090652465820,-29188081.741766214371
18 May 2026 14:52:20.000,52169899586.090629577637,-29188081.741766232997
18 May 2026 14:52:30.000,52169899586.090637207031,-29188081.741766225547
18 May 2026 14:52:40.000,52169899586.090652465820,-29188081.741766214371
18 May 2026 14:52:50.000,52169899586.090637207031,-29188081.741766225547
18 May 2026 14:53:00.000,52169899586.090652465820,-29188081.741766214371
18 May 2026 14:53:10.000,52169899586.090637207031,-29188081.741766225547
18 May 2026 14:53:20.000,52169899586.090637207031,-29188081.741766225547
18 May 2026 14:53:30.000,52169899586.090644836426,-29188081.741766221821
18 May 2026 14:53:40.000,52169899586.090652465820,-29188081.741766214371
18 May 2026 14:53:50.000,52169899586.090637207031,-29188081.741766225547
18 May 2026 14:54:00.000,52169899586.090637207031,-29188081.741766225547
18 May 2026 14:54:10.000,52169899586.090652465820,-29188081.741766214371
18 May 2026 14:54:20.000,52169899586.090652465820,-29188081.741766214371
18 May 2026 14:54:30.000,52169899586.090637207031,-29188081.741766225547
18 May 2026 14:54:40.000,52169899586.090644836426,-29188081.741766225547
18 May 2026 14:54:50.000,52169899586.090652465820,-29188081.741766214371
18 May 2026 14:55:00.000,52169899586.090652465820,-29188081.741766214371
18 May 2026 14:55:10.000,52169899586.090652465820,-29188081.741766218096
18 May 2026 14:55:20.000,52169899586.090652465820,-29188081.741766210645
18 May 2026 14:55:30.000,52169899586.090652465820,-29188081.741766210645
18 May 2026 14:55:40.000,52169899586.090660095215,-29188081.741766203195
18 May 2026 14:55:50.000,52169899586.090660095215,-29188081.741766203195
18 May 2026 14:56:00.000,52169899586.090660095215,-29188081.741766203195
18 May 2026 14:56:10.000,52169899586.090652465820,-29188081.741766210645
18 May 2026 14:56:20.000,52169899586.090652465820,-29188081.741766210645
18 May 2026 14:56:30.000,52169899586.090652465820,-29188081.741766210645
18 May 2026 14:56:40.000,52169899586.090652465820,-29188081.741766214371
18 May 2026 14:56:50.000,52169899586.090652465820,-29188081.741766210645
18 May 2026 14:57:00.000,52169899586.090652465820,-29188081.741766210645
18 May 2026 14:57:10.000,52169899586.090660095215,-29188081.741766203195
18 May 2026 14:57:20.000,52169899586.090660095215,-29188081.741766203195
18 May 2026 14:57:30.000,52169899586.090660095215,-29188081.741766203195
18 May 2026 14:57:40.000,52169899586.090652465820,-29188081.741766210645
18 May 2026 14:57:50.000,52169899586.090652465820,-29188081.741766218096
18 May 2026 14:58:00.000,52169899586.090652465820,-29188081.741766218096
18 May 2026 14:58:10.000,52169899586.090652465820,-29188081.741766210645
18 May 2026 14:58:20.000,52169899586.090652465820,-29188081.741766210645
18 May 2026 14:58:30.000,52169899586.090652465820,-29188081.741766214371
18 May 2026 14:58:40.000,52169899586.090644836426,-29188081.741766214371
18 May 2026 14:58:50.000,52169899586.090652465820,-29188081.741766218096
18 May 2026 14:59:00.000,52169899586.090652465820,-29188081.741766218096
18 May 2026 14:59:10.000,52169899586.090637207031,-29188081.741766229272
18 May 2026 14:59:20.000,52169899586.090652465820,-29188081.741766214371
18 May 2026 14:59:30.000,52169899586.090629577637,-29188081.741766236722
18 May 2026 14:59:40.000,52169899586.090629577637,-29188081.741766236722
18 May 2026 14:59:50.000,52169899586.090644836426,-29188081.741766218096
18 May 2026 15:00:00.000,52169899586.090644836426,-29188081.741766218096
18 May 2026 15:00:10.000,52169899586.090652465820,-29188081.741766214371
18 May 2026 15:00:20.000,52169899586.090660095215,-29188081.741766203195
18 May 2026 15:00:30.000,52169899586.090652465820,-29188081.741766218096
18 May 2026 15:00:40.000,52169899586.090652465820,-29188081.741766214371
18 May 2026 15:00:50.000,52169899586.090652465820,-29188081.741766214371
18 May 2026 15:01:00.000,52169899586.090644836426,-29188081.741766218096
18 May 2026 15:01:10.000,52169899586.090644836426,-29188081.741766221821
18 May 2026 15:01:20.000,52169899586.090644836426,-29188081.741766218096
18 May 2026 15:01:30.000,52169899586.090644836426,-29188081.741766221821
18 May 2026 15:01:40.000,52169899586.090652465820,-29188081.741766218096
18 May 2026 15:01:50.000,52169899586.090652465820,-29188081.741766214371
18 May 2026 15:02:00.000,52169899586.090644836426,-29188081.741766218096
18 May 2026 15:02:10.000,52169899586.090652465820,-29188081.741766218096
18 May 2026 15:02:20.000,52169899586.090660095215,-29188081.741766206920
18 May 2026 15:02:30.000,52169899586.090660095215,-29188081.741766203195
18 May 2026 15:02:40.000,52169899586.090652465820,-29188081.741766214371
18 May 2026 15:02:50.000,52169899586.090652465820,-29188081.741766214371
18 May 2026 15:03:00.000,52169899586.090652465820,-29188081.741766218096
18 May 2026 15:03:10.000,52169899586.090652465820,-29188081.741766214371
18 May 2026 15:03:20.000,52169899586.090652465820,-29188081.741766214371
18 May 2026 15:03:30.000,52169899586.090660095215,-29188081.741766203195
18 May 2026 15:03:40.000,52169899586.090652465820,-29188081.741766214371
18 May 2026 15:03:50.000,52169899586.090652465820,-29188081.741766210645
18 May 2026 15:04:00.000,52169899586.090652465820,-29188081.741766214371
18 May 2026 15:04:10.000,52169899586.090652465820,-29188081.741766214371
18 May 2026 15:04:20.000,52169899586.090660095215,-29188081.741766206920
18 May 2026 15:04:30.000,52169899586.090652465820,-29188081.741766210645
18 May 2026 15:04:40.000,52169899586.090652465820,-29188081.741766210645
18 May 2026 15:04:50.000,52169899586.090660095215,-29188081.741766203195
18 May 2026 15:05:00.000,52169899586.090660095215,-29188081.741766206920
18 May 2026 15:05:10.000,52169899586.090660095215,-29188081.741766206920
18 May 2026 15:05:20.000,52169899586.090660095215,-29188081.741766199470
18 May 2026 15:05:30.000,52169899586.090652465820,-29188081.741766210645
18 May 2026 15:05:40.000,52169899586.090652465820,-29188081.741766210645
18 May 2026 15:05:50.000,52169899586.090660095215,-29188081.741766206920
18 May 2026 15:06:00.000,52169899586.090660095215,-29188081.741766206920
18 May 2026 15:06:10.000,52169899586.090660095215,-29188081.741766203195
18 May 2026 15:06:20.000,52169899586.090660095215,-29188081.741766203195
18 May 2026 15:06:30.000,52169899586.090667724609,-29188081.741766192019
18 May 2026 15:06:40.000,52169899586.090660095215,-29188081.741766203195
18 May 2026 15:06:50.000,52169899586.090660095215,-29188081.741766203195
18 May 2026 15:07:00.000,52169899586.090667724609,-29188081.741766199470
18 May 2026 15:07:10.000,52169899586.090667724609,-29188081.741766192019
18 May 2026 15:07:20.000,52169899586.090675354004,-29188081.741766177118
18 May 2026 15:07:30.000,52169899586.090667724609,-29188081.741766199470
18 May 2026 15:07:40.000,52169899586.090675354004,-29188081.741766188294
18 May 2026 15:07:50.000,52169899586.090682983398,-29188081.741766177118
18 May 2026 15:08:00.000,52169899586.090675354004,-29188081.741766180843
18 May 2026 15:08:10.000,52169899586.090667724609,-29188081.741766195744
18 May 2026 15:08:20.000,52169899586.090675354004,-29188081.741766177118
18 May 2026 15:08:30.000,52169899586.090675354004,-29188081.741766180843
18 May 2026 15:08:40.000,52169899586.090675354004,-29188081.741766180843
18 May 2026 15:08:50.000,52169899586.090675354004,-29188081.741766180843
18 May 2026 15:09:00.000,52169899586.090682983398,-29188081.741766177118
18 May 2026 15:09:10.000,52169899586.090682983398,-29188081.741766177118
18 May 2026 15:09:20.000,52169899586.090682983398,-29188081.741766173393
18 May 2026 15:09:30.000,52169899586.090690612793,-29188081.741766165942
18 May 2026 15:09:40.000,52169899586.090690612793,-29188081.741766165942
18 May 2026 15:09:50.000,52169899586.090690612793,-29188081.741766165942
18 May 2026 15:10:00.000,52169899586.090690612793,-29188081.741766165942
18 May 2026 15:10:10.000,52169899586.090690612793,-29188081.741766165942
18 May 2026 15:10:20.000,52169899586.090682983398,-29188081.741766180843
18 May 2026 15:10:30.000,52169899586.090690612793,-29188081.741766169667
18 May 2026 15:10:40.000,52169899586.090690612793,-29188081.741766165942
18 May 2026 15:10:50.000,52169899586.090690612793,-29188081.741766165942
18 May 2026 15:11:00.000,52169899586.090690612793,-29188081.741766165942
18 May 2026 15:11:10.000,52169899586.090682983398,-29188081.741766177118
18 May 2026 15:11:20.000,52169899586.090690612793,-29188081.741766169667
18 May 2026 15:11:30.000,52169899586.090690612793,-29188081.741766169667
18 May 2026 15:11:40.000,52169899586.090690612793,-29188081.741766169667
18 May 2026 15:11:50.000,52169899586.090682983398,-29188081.741766177118
18 May 2026 15:12:00.000,52169899586.090690612793,-29188081.741766169667
18 May 2026 15:12:10.000,52169899586.090698242188,-29188081.741766158491
18 May 2026 15:12:20.000,52169899586.090690612793,-29188081.741766173393
18 May 2026 15:12:30.000,52169899586.090690612793,-29188081.741766169667
18 May 2026 15:12:40.000,52169899586.090698242188,-29188081.741766158491
18 May 2026 15:12:50.000,52169899586.090690612793,-29188081.741766169667
18 May 2026 15:13:00.000,52169899586.090690612793,-29188081.741766169667
18 May 2026 15:13:10.000,52169899586.090682983398,-29188081.741766173393
18 May 2026 15:13:20.000,52169899586.090682983398,-29188081.741766177118
18 May 2026 15:13:30.000,52169899586.090682983398,-29188081.741766177118
18 May 2026 15:13:40.000,52169899586.090682983398,-29188081.741766177118
18 May 2026 15:13:50.000,52169899586.090682983398,-29188081.741766177118
18 May 2026 15:14:00.000,52169899586.090675354004,-29188081.741766180843
18 May 2026 15:14:10.000,52169899586.090675354004,-29188081.741766180843
18 May 2026 15:14:20.000,52169899586.090675354004,-29188081.741766180843
18 May 2026 15:14:30.000,52169899586.090675354004,-29188081.741766180843
18 May 2026 15:14:40.000,52169899586.090675354004,-29188081.741766180843
18 May 2026 15:14:50.000,52169899586.090675354004,-29188081.741766188294
18 May 2026 15:15:00.000,52169899586.090675354004,-29188081.741766188294
18 May 2026 15:15:10.000,52169899586.090675354004,-29188081.741766180843
18 May 2026 15:15:20.000,52169899586.090675354004,-29188081.741766188294
18 May 2026 15:15:30.000,52169899586.090667724609,-29188081.741766195744
18 May 2026 15:15:40.000,52169899586.090667724609,-29188081.741766195744
18 May 2026 15:15:50.000,52169899586.090675354004,-29188081.741766188294
18 May 2026 15:16:00.000,52169899586.090667724609,-29188081.741766195744
18 May 2026 15:16:10.000,52169899586.090667724609,-29188081.741766199470
18 May 2026 15:16:20.000,52169899586.090667724609,-29188081.741766199470
18 May 2026 15:16:30.000,52169899586.090660095215,-29188081.741766206920
18 May 2026 15:16:40.000,52169899586.090660095215,-29188081.741766203195
18 May 2026 15:16:50.000,52169899586.090660095215,-29188081.741766203195
18 May 2026 15:17:00.000,52169899586.090660095215,-29188081.741766203195
18 May 2026 15:17:10.000,52169899586.090652465820,-29188081.741766210645
18 May 2026 15:17:20.000,52169899586.090644836426,-29188081.741766221821
18 May 2026 15:17:30.000,52169899586.090652465820,-29188081.741766214371
18 May 2026 15:17:40.000,52169899586.090644836426,-29188081.741766225547
18 May 2026 15:17:50.000,52169899586.090644836426,-29188081.741766218096
18 May 2026 15:18:00.000,52169899586.090644836426,-29188081.741766225547
18 May 2026 15:18:10.000,52169899586.090644836426,-29188081.741766221821
18 May 2026 15:18:20.000,52169899586.090652465820,-29188081.741766210645
18 May 2026 15:18:30.000,52169899586.090644836426,-29188081.741766221821
18 May 2026 15:18:40.000,52169899586.090652465820,-29188081.741766210645
18 May 2026 15:18:50.000,52169899586.090644836426,-29188081.741766225547
18 May 2026 15:19:00.000,52169899586.090644836426,-29188081.741766218096
18 May 2026 15:19:10.000,52169899586.090629577637,-29188081.741766232997
18 May 2026 15:19:20.000,52169899586.090644836426,-29188081.741766221821
18 May 2026 15:19:30.000,52169899586.090644836426,-29188081.741766225547
18 May 2026 15:19:40.000,52169899586.090644836426,-29188081.741766218096
18 May 2026 15:19:50.000,52169899586.090644836426,-29188081.741766218096
18 May 2026 15:20:00.000,52169899586.090652465820,-29188081.741766214371
18 May 2026 15:20:10.000,52169899586.090652465820,-29188081.741766210645
18 May 2026 15:20:20.000,52169899586.090652465820,-29188081.741766210645
18 May 2026 15:20:30.000,52169899586.090652465820,-29188081.741766210645
18 May 2026 15:20:40.000,52169899586.090644836426,-29188081.741766221821
18 May 2026 15:20:50.000,52169899586.090644836426,-29188081.741766221821
18 May 2026 15:21:00.000,52169899586.090652465820,-29188081.741766210645
18 May 2026 15:21:10.000,52169899586.090652465820,-29188081.741766210645
18 May 2026 15:21:20.000,52169899586.090652465820,-29188081.741766214371
18 May 2026 15:21:30.000,52169899586.090652465820,-29188081.741766214371
18 May 2026 15:21:40.000,52169899586.090660095215,-29188081.741766203195
18 May 2026 15:21:50.000,52169899586.090660095215,-29188081.741766203195
18 May 2026 15:22:00.000,52169899586.090660095215,-29188081.741766203195
18 May 2026 15:22:10.000,52169899586.090675354004,-29188081.741766195744
18 May 2026 15:22:20.000,52169899586.090660095215,-29188081.741766203195
18 May 2026 15:22:30.000,52169899586.090652465820,-29188081.741766210645
18 May 2026 15:22:40.000,52169899586.090667724609,-29188081.741766199470
18 May 2026 15:22:50.000,52169899586.090675354004,-29188081.741766192019
18 May 2026 15:23:00.000,52169899586.090675354004,-29188081.741766192019
18 May 2026 15:23:10.000,52169899586.090682983398,-29188081.741766180843
18 May 2026 15:23:20.000,52169899586.090682983398,-29188081.741766177118
18 May 2026 15:23:30.000,52169899586.090660095215,-29188081.741766203195
18 May 2026 15:23:40.000,52169899586.090660095215,-29188081.741766203195
18 May 2026 15:23:50.000,52169899586.090660095215,-29188081.741766203195
18 May 2026 15:24:00.000,52169899586.090660095215,-29188081.741766203195
18 May 2026 15:24:10.000,52169899586.090652465820,-29188081.741766214371
18 May 2026 15:24:20.000,52169899586.090660095215,-29188081.741766203195
18 May 2026 15:24:30.000,52169899586.090652465820,-29188081.741766214371
18 May 2026 15:24:40.000,52169899586.090660095215,-29188081.741766203195
18 May 2026 15:24:50.000,52169899586.090660095215,-29188081.741766203195
18 May 2026 15:25:00.000,52169899586.090652465820,-29188081.741766210645
18 May 2026 15:25:10.000,52169899586.090652465820,-29188081.741766210645
18 May 2026 15:25:20.000,52169899586.090644836426,-29188081.741766221821
18 May 2026 15:25:30.000,52169899586.090644836426,-29188081.741766218096
18 May 2026 15:25:40.000,52169899586.090652465820,-29188081.741766210645
18 May 2026 15:25:50.000,52169899586.090660095215,-29188081.741766199470
18 May 2026 15:26:00.000,52169899586.090660095215,-29188081.741766203195
18 May 2026 15:26:10.000,52169899586.090682983398,-29188081.741766177118
18 May 2026 15:26:20.000,52169899586.090682983398,-29188081.741766177118
18 May 2026 15:26:30.000,52169899586.090660095215,-29188081.741766203195
18 May 2026 15:26:40.000,52169899586.090675354004,-29188081.741766192019
18 May 2026 15:26:50.000,52169899586.090682983398,-29188081.741766177118
18 May 2026 15:27:00.000,52169899586.090675354004,-29188081.741766192019
18 May 2026 15:27:10.000,52169899586.090675354004,-29188081.741766180843
18 May 2026 15:27:20.000,52169899586.090682983398,-29188081.741766177118
18 May 2026 15:27:30.000,52169899586.090690612793,-29188081.741766173393
18 May 2026 15:27:40.000,52169899586.090690612793,-29188081.741766177118
18 May 2026 15:27:50.000,52169899586.090690612793,-29188081.741766165942
18 May 2026 15:28:00.000,52169899586.090690612793,-29188081.741766177118
18 May 2026 15:28:10.000,52169899586.090690612793,-29188081.741766173393
18 May 2026 15:28:20.000,52169899586.090682983398,-29188081.741766177118
18 May 2026 15:28:30.000,52169899586.090682983398,-29188081.741766177118
18 May 2026 15:28:40.000,52169899586.090690612793,-29188081.741766165942
18 May 2026 15:28:50.000,52169899586.090682983398,-29188081.741766177118
18 May 2026 15:29:00.000,52169899586.090690612793,-29188081.741766162217
18 May 2026 15:29:10.000,52169899586.090675354004,-29188081.741766188294
18 May 2026 15:29:20.000,52169899586.090682983398,-29188081.741766177118
18 May 2026 15:29:30.000,52169899586.090682983398,-29188081.741766177118
18 May 2026 15:29:40.000,52169899586.090682983398,-29188081.741766177118
18 May 2026 15:29:50.000,52169899586.090682983398,-29188081.741766177118
18 May 2026 15:30:00.000,52169899586.090675354004,-29188081.741766192019
18 May 2026 15:30:10.000,52169899586.090675354004,-29188081.741766192019
18 May 2026 15:30:20.000,52169899586.090682983398,-29188081.741766177118
18 May 2026 15:30:30.000,52169899586.090675354004,-29188081.741766188294
18 May 2026 15:30:40.000,52169899586.090675354004,-29188081.741766188294
18 May 2026 15:30:50.000,52169899586.090682983398,-29188081.741766177118
18 May 2026 15:31:00.000,52169899586.090675354004,-29188081.741766180843
18 May 2026 15:31:10.000,52169899586.090682983398,-29188081.741766180843
18 May 2026 15:31:20.000,52169899586.090675354004,-29188081.741766192019
18 May 2026 15:31:30.000,52169899586.090675354004,-29188081.741766192019
18 May 2026 15:31:40.000,52169899586.090660095215,-29188081.741766203195
18 May 2026 15:31:50.000,52169899586.090660095215,-29188081.741766199470
18 May 2026 15:32:00.000,52169899586.090652465820,-29188081.741766214371
18 May 2026 15:32:10.000,52169899586.090652465820,-29188081.741766210645
18 May 2026 15:32:20.000,52169899586.090652465820,-29188081.741766214371
18 May 2026 15:32:30.000,52169899586.090652465820,-29188081.741766210645
18 May 2026 15:32:40.000,52169899586.090652465820,-29188081.741766214371
18 May 2026 15:32:50.000,52169899586.090652465820,-29188081.741766210645
18 May 2026 15:33:00.000,52169899586.090652465820,-29188081.741766214371
18 May 2026 15:33:10.000,52169899586.090644836426,-29188081.741766221821
18 May 2026 15:33:20.000,52169899586.090644836426,-29188081.741766221821
18 May 2026 15:33:30.000,52169899586.090644836426,-29188081.741766218096
18 May 2026 15:33:40.000,52169899586.090644836426,-29188081.741766218096
18 May 2026 15:33:50.000,52169899586.090644836426,-29188081.741766221821
18 May 2026 15:34:00.000,52169899586.090652465820,-29188081.741766206920
18 May 2026 15:34:10.000,52169899586.090652465820,-29188081.741766214371
18 May 2026 15:34:20.000,52169899586.090644836426,-29188081.741766221821
18 May 2026 15:34:30.000,52169899586.090644836426,-29188081.741766218096
18 May 2026 15:34:40.000,52169899586.090652465820,-29188081.741766214371
18 May 2026 15:34:50.000,52169899586.090644836426,-29188081.741766218096
18 May 2026 15:35:00.000,52169899586.090644836426,-29188081.741766221821
18 May 2026 15:35:10.000,52169899586.090644836426,-29188081.741766218096
18 May 2026 15:35:20.000,52169899586.090644836426,-29188081.741766218096
18 May 2026 15:35:30.000,52169899586.090644836426,-29188081.741766218096
18 May 2026 15:35:40.000,52169899586.090652465820,-29188081.741766210645
18 May 2026 15:35:50.000,52169899586.090652465820,-29188081.741766214371
18 May 2026 15:36:00.000,52169899586.090660095215,-29188081.741766203195
18 May 2026 15:36:10.000,52169899586.090660095215,-29188081.741766203195
18 May 2026 15:36:20.000,52169899586.090660095215,-29188081.741766203195
18 May 2026 15:36:30.000,52169899586.090660095215,-29188081.741766199470
18 May 2026 15:36:40.000,52169899586.090660095215,-29188081.741766199470
18 May 2026 15:36:50.000,52169899586.090660095215,-29188081.741766203195
18 May 2026 15:37:00.000,52169899586.090660095215,-29188081.741766203195
18 May 2026 15:37:10.000,52169899586.090682983398,-29188081.741766177118
18 May 2026 15:37:20.000,52169899586.090682983398,-29188081.741766177118
18 May 2026 15:37:30.000,52169899586.090675354004,-29188081.741766192019
18 May 2026 15:37:40.000,52169899586.090682983398,-29188081.741766177118
18 May 2026 15:37:50.000,52169899586.090675354004,-29188081.741766180843
18 May 2026 15:38:00.000,52169899586.090682983398,-29188081.741766177118
18 May 2026 15:38:10.000,52169899586.090682983398,-29188081.741766177118
18 May 2026 15:38:20.000,52169899586.090675354004,-29188081.741766188294
18 May 2026 15:38:30.000,52169899586.090682983398,-29188081.741766180843
18 May 2026 15:38:40.000,52169899586.090682983398,-29188081.741766177118
18 May 2026 15:38:50.000,52169899586.090682983398,-29188081.741766180843
18 May 2026 15:39:00.000,52169899586.090675354004,-29188081.741766180843
18 May 2026 15:39:10.000,52169899586.090675354004,-29188081.741766188294
18 May 2026 15:39:20.000,52169899586.090675354004,-29188081.741766188294
18 May 2026 15:39:30.000,52169899586.090682983398,-29188081.741766180843
18 May 2026 15:39:40.000,52169899586.090675354004,-29188081.741766180843
18 May 2026 15:39:50.000,52169899586.090675354004,-29188081.741766192019
18 May 2026 15:40:00.000,52169899586.090667724609,-29188081.741766195744
18 May 2026 15:40:10.000,52169899586.090667724609,-29188081.741766195744
18 May 2026 15:40:20.000,52169899586.090660095215,-29188081.741766203195
18 May 2026 15:40:30.000,52169899586.090660095215,-29188081.741766203195
18 May 2026 15:40:40.000,52169899586.090660095215,-29188081.741766203195
18 May 2026 15:40:50.000,52169899586.090660095215,-29188081.741766203195
18 May 2026 15:41:00.000,52169899586.090660095215,-29188081.741766203195
18 May 2026 15:41:10.000,52169899586.090660095215,-29188081.741766203195
18 May 2026 15:41:20.000,52169899586.090660095215,-29188081.741766199470
18 May 2026 15:41:30.000,52169899586.090660095215,-29188081.741766203195
18 May 2026 15:41:40.000,52169899586.090652465820,-29188081.741766210645
18 May 2026 15:41:50.000,52169899586.090652465820,-29188081.741766214371
18 May 2026 15:42:00.000,52169899586.090652465820,-29188081.741766210645
18 May 2026 15:42:10.000,52169899586.090644836426,-29188081.741766221821
18 May 2026 15:42:20.000,52169899586.090652465820,-29188081.741766214371
18 May 2026 15:42:30.000,52169899586.090652465820,-29188081.741766214371
18 May 2026 15:42:40.000,52169899586.090652465820,-29188081.741766210645
18 May 2026 15:42:50.000,52169899586.090644836426,-29188081.741766225547
18 May 2026 15:43:00.000,52169899586.090652465820,-29188081.741766210645
18 May 2026 15:43:10.000,52169899586.090652465820,-29188081.741766210645
18 May 2026 15:43:20.000,52169899586.090652465820,-29188081.741766210645
18 May 2026 15:43:30.000,52169899586.090652465820,-29188081.741766210645
18 May 2026 15:43:40.000,52169899586.090660095215,-29188081.741766203195
18 May 2026 15:43:50.000,52169899586.090660095215,-29188081.741766203195
18 May 2026 15:44:00.000,52169899586.090660095215,-29188081.741766199470
18 May 2026 15:44:10.000,52169899586.090660095215,-29188081.741766206920
18 May 2026 15:44:20.000,52169899586.090652465820,-29188081.741766210645
18 May 2026 15:44:30.000,52169899586.090652465820,-29188081.741766210645
18 May 2026 15:44:40.000,52169899586.090660095215,-29188081.741766199470
18 May 2026 15:44:50.000,52169899586.090675354004,-29188081.741766180843
18 May 2026 15:45:00.000,52169899586.090660095215,-29188081.741766199470
18 May 2026 15:45:10.000,52169899586.090660095215,-29188081.741766203195
18 May 2026 15:45:20.000,52169899586.090660095215,-29188081.741766203195
18 May 2026 15:45:30.000,52169899586.090652465820,-29188081.741766210645
18 May 2026 15:45:40.000,52169899586.090660095215,-29188081.741766203195
18 May 2026 15:45:50.000,52169899586.090660095215,-29188081.741766203195
18 May 2026 15:46:00.000,52169899586.090660095215,-29188081.741766203195
18 May 2026 15:46:10.000,52169899586.090660095215,-29188081.741766203195
18 May 2026 15:46:20.000,52169899586.090652465820,-29188081.741766210645
18 May 2026 15:46:30.000,52169899586.090660095215,-29188081.741766203195
18 May 2026 15:46:40.000,52169899586.090682983398,-29188081.741766177118
18 May 2026 15:46:50.000,52169899586.090682983398,-29188081.741766177118
18 May 2026 15:47:00.000,52169899586.090660095215,-29188081.741766206920
18 May 2026 15:47:10.000,52169899586.090660095215,-29188081.741766203195
18 May 2026 15:47:20.000,52169899586.090682983398,-29188081.741766177118
18 May 2026 15:47:30.000,52169899586.090682983398,-29188081.741766177118
18 May 2026 15:47:40.000,52169899586.090682983398,-29188081.741766177118
18 May 2026 15:47:50.000,52169899586.090682983398,-29188081.741766180843
18 May 2026 15:48:00.000,52169899586.090682983398,-29188081.741766180843
18 May 2026 15:48:10.000,52169899586.090660095215,-29188081.741766206920
18 May 2026 15:48:20.000,52169899586.090660095215,-29188081.741766203195
18 May 2026 15:48:30.000,52169899586.090682983398,-29188081.741766180843
18 May 2026 15:48:40.000,52169899586.090675354004,-29188081.741766195744
18 May 2026 15:48:50.000,52169899586.090660095215,-29188081.741766199470
18 May 2026 15:49:00.000,52169899586.090667724609,-29188081.741766192019
18 May 2026 15:49:10.000,52169899586.090660095215,-29188081.741766199470
18 May 2026 15:49:20.000,52169899586.090675354004,-29188081.741766180843
18 May 2026 15:49:30.000,52169899586.090690612793,-29188081.741766177118
18 May 2026 15:49:40.000,52169899586.090682983398,-29188081.741766180843
18 May 2026 15:49:50.000,52169899586.090675354004,-29188081.741766180843
18 May 2026 15:50:00.000,52169899586.090675354004,-29188081.741766188294
18 May 2026 15:50:10.000,52169899586.090675354004,-29188081.741766180843
18 May 2026 15:50:20.000,52169899586.090675354004,-29188081.741766188294
18 May 2026 15:50:30.000,52169899586.090682983398,-29188081.741766173393
18 May 2026 15:50:40.000,52169899586.090682983398,-29188081.741766173393
18 May 2026 15:50:50.000,52169899586.090690612793,-29188081.741766165942
18 May 2026 15:51:00.000,52169899586.090682983398,-29188081.741766173393
18 May 2026 15:51:10.000,52169899586.090682983398,-29188081.741766173393
18 May 2026 15:51:20.000,52169899586.090690612793,-29188081.741766177118
18 May 2026 15:51:30.000,52169899586.090690612793,-29188081.741766177118
18 May 2026 15:51:40.000,52169899586.090682983398,-29188081.741766177118
18 May 2026 15:51:50.000,52169899586.090690612793,-29188081.741766177118
18 May 2026 15:52:00.000,52169899586.090690612793,-29188081.741766173393
18 May 2026 15:52:10.000,52169899586.090690612793,-29188081.741766165942
18 May 2026 15:52:20.000,52169899586.090690612793,-29188081.741766165942
18 May 2026 15:52:30.000,52169899586.090690612793,-29188081.741766165942
18 May 2026 15:52:40.000,52169899586.090682983398,-29188081.741766173393
18 May 2026 15:52:50.000,52169899586.090690612793,-29188081.741766177118
18 May 2026 15:53:00.000,52169899586.090675354004,-29188081.741766188294
18 May 2026 15:53:10.000,52169899586.090667724609,-29188081.741766195744
18 May 2026 15:53:20.000,52169899586.090675354004,-29188081.741766180843
18 May 2026 15:53:30.000,52169899586.090660095215,-29188081.741766203195
18 May 2026 15:53:40.000,52169899586.090675354004,-29188081.741766188294
18 May 2026 15:53:50.000,52169899586.090675354004,-29188081.741766192019
18 May 2026 15:54:00.000,52169899586.090667724609,-29188081.741766195744
18 May 2026 15:54:10.000,52169899586.090667724609,-29188081.741766195744
18 May 2026 15:54:20.000,52169899586.090675354004,-29188081.741766188294
18 May 2026 15:54:30.000,52169899586.090667724609,-29188081.741766199470
18 May 2026 15:54:40.000,52169899586.090667724609,-29188081.741766199470
18 May 2026 15:54:50.000,52169899586.090667724609,-29188081.741766195744
18 May 2026 15:55:00.000,52169899586.090675354004,-29188081.741766180843
18 May 2026 15:55:10.000,52169899586.090675354004,-29188081.741766188294
18 May 2026 15:55:20.000,52169899586.090675354004,-29188081.741766192019
18 May 2026 15:55:30.000,52169899586.090675354004,-29188081.741766188294
18 May 2026 15:55:40.000,52169899586.090675354004,-29188081.741766192019
18 May 2026 15:55:50.000,52169899586.090675354004,-29188081.741766177118
18 May 2026 15:56:00.000,52169899586.090675354004,-29188081.741766188294
18 May 2026 15:56:10.000,52169899586.090675354004,-29188081.741766180843
18 May 2026 15:56:20.000,52169899586.090690612793,-29188081.741766177118
18 May 2026 15:56:30.000,52169899586.090690612793,-29188081.741766165942
18 May 2026 15:56:40.000,52169899586.090682983398,-29188081.741766173393
18 May 2026 15:56:50.000,52169899586.090690612793,-29188081.741766177118
18 May 2026 15:57:00.000,52169899586.090690612793,-29188081.741766169667
18 May 2026 15:57:10.000,52169899586.090690612793,-29188081.741766165942
18 May 2026 15:57:20.000,52169899586.090690612793,-29188081.741766177118
18 May 2026 15:57:30.000,52169899586.090705871582,-29188081.741766154766
18 May 2026 15:57:40.000,52169899586.090690612793,-29188081.741766165942
18 May 2026 15:57:50.000,52169899586.090690612793,-29188081.741766165942
18 May 2026 15:58:00.000,52169899586.090690612793,-29188081.741766165942
18 May 2026 15:58:10.000,52169899586.090690612793,-29188081.741766165942
18 May 2026 15:58:20.000,52169899586.090690612793,-29188081.741766162217
18 May 2026 15:58:30.000,52169899586.090690612793,-29188081.741766169667
18 May 2026 15:58:40.000,52169899586.090690612793,-29188081.741766165942
18 May 2026 15:58:50.000,52169899586.090690612793,-29188081.741766165942
18 May 2026 15:59:00.000,52169899586.090690612793,-29188081.741766165942
18 May 2026 15:59:10.000,52169899586.090690612793,-29188081.741766165942
18 May 2026 15:59:20.000,52169899586.090682983398,-29188081.741766180843
18 May 2026 15:59:30.000,52169899586.090690612793,-29188081.741766173393
18 May 2026 15:59:40.000,52169899586.090682983398,-29188081.741766180843
18 May 2026 15:59:50.000,52169899586.090690612793,-29188081.741766165942
18 May 2026 16:00:00.000,52169899586.090690612793,-29188081.741766169667
18 May 2026 16:00:10.000,52169899586.090690612793,-29188081.741766169667
18 May 2026 16:00:20.000,52169899586.090690612793,-29188081.741766169667
18 May 2026 16:00:30.000,52169899586.090690612793,-29188081.741766169667
18 May 2026 16:00:40.000,52169899586.090690612793,-29188081.741766173393
18 May 2026 16:00:50.000,52169899586.090690612793,-29188081.741766177118
18 May 2026 16:01:00.000,52169899586.090690612793,-29188081.741766177118
18 May 2026 16:01:10.000,52169899586.090690612793,-29188081.741766169667
18 May 2026 16:01:20.000,52169899586.090690612793,-29188081.741766169667
18 May 2026 16:01:30.000,52169899586.090682983398,-29188081.741766180843
18 May 2026 16:01:40.000,52169899586.090690612793,-29188081.741766169667
18 May 2026 16:01:50.000,52169899586.090682983398,-29188081.741766180843
18 May 2026 16:02:00.000,52169899586.090690612793,-29188081.741766165942
18 May 2026 16:02:10.000,52169899586.090690612793,-29188081.741766173393
18 May 2026 16:02:20.000,52169899586.090690612793,-29188081.741766173393
18 May 2026 16:02:30.000,52169899586.090682983398,-29188081.741766177118
18 May 2026 16:02:40.000,52169899586.090690612793,-29188081.741766173393
18 May 2026 16:02:50.000,52169899586.090682983398,-29188081.741766177118
18 May 2026 16:03:00.000,52169899586.090690612793,-29188081.741766169667
18 May 2026 16:03:10.000,52169899586.090690612793,-29188081.741766165942
18 May 2026 16:03:20.000,52169899586.090690612793,-29188081.741766165942
18 May 2026 16:03:30.000,52169899586.090690612793,-29188081.741766169667
18 May 2026 16:03:40.000,52169899586.090690612793,-29188081.741766169667
18 May 2026 16:03:50.000,52169899586.090690612793,-29188081.741766165942
18 May 2026 16:04:00.000,52169899586.090690612793,-29188081.741766165942
18 May 2026 16:04:10.000,52169899586.090690612793,-29188081.741766165942
18 May 2026 16:04:20.000,52169899586.090690612793,-29188081.741766165942
18 May 2026 16:04:30.000,52169899586.090690612793,-29188081.741766169667
18 May 2026 16:04:40.000,52169899586.090690612793,-29188081.741766169667
18 May 2026 16:04:50.000,52169899586.090690612793,-29188081.741766165942
18 May 2026 16:05:00.000,52169899586.090690612793,-29188081.741766165942
18 May 2026 16:05:10.000,52169899586.090690612793,-29188081.741766165942
18 May 2026 16:05:20.000,52169899586.090690612793,-29188081.741766165942
18 May 2026 16:05:30.000,52169899586.090690612793,-29188081.741766165942
18 May 2026 16:05:40.000,52169899586.090690612793,-29188081.741766169667
18 May 2026 16:05:50.000,52169899586.090690612793,-29188081.741766169667
18 May 2026 16:06:00.000,52169899586.090690612793,-29188081.741766169667
18 May 2026 16:06:10.000,52169899586.090690612793,-29188081.741766169667
18 May 2026 16:06:20.000,52169899586.090690612793,-29188081.741766173393
18 May 2026 16:06:30.000,52169899586.090690612793,-29188081.741766173393
18 May 2026 16:06:40.000,52169899586.090682983398,-29188081.741766177118
18 May 2026 16:06:50.000,52169899586.090682983398,-29188081.741766177118
18 May 2026 16:07:00.000,52169899586.090682983398,-29188081.741766180843
18 May 2026 16:07:10.000,52169899586.090690612793,-29188081.741766173393
18 May 2026 16:07:20.000,52169899586.090690612793,-29188081.741766173393
18 May 2026 16:07:30.000,52169899586.090682983398,-29188081.741766177118
18 May 2026 16:07:40.000,52169899586.090682983398,-29188081.741766173393
18 May 2026 16:07:50.000,52169899586.090690612793,-29188081.741766173393
18 May 2026 16:08:00.000,52169899586.090682983398,-29188081.741766177118
18 May 2026 16:08:10.000,52169899586.090682983398,-29188081.741766173393
18 May 2026 16:08:20.000,52169899586.090682983398,-29188081.741766177118
18 May 2026 16:08:30.000,52169899586.090682983398,-29188081.741766173393
18 May 2026 16:08:40.000,52169899586.090682983398,-29188081.741766177118
18 May 2026 16:08:50.000,52169899586.090690612793,-29188081.741766165942
18 May 2026 16:09:00.000,52169899586.090690612793,-29188081.741766165942
18 May 2026 16:09:10.000,52169899586.090690612793,-29188081.741766173393
18 May 2026 16:09:20.000,52169899586.090690612793,-29188081.741766165942
18 May 2026 16:09:30.000,52169899586.090690612793,-29188081.741766165942
18 May 2026 16:09:40.000,52169899586.090690612793,-29188081.741766165942
18 May 2026 16:09:50.000,52169899586.090690612793,-29188081.741766165942
18 May 2026 16:10:00.000,52169899586.090690612793,-29188081.741766165942
18 May 2026 16:10:10.000,52169899586.090690612793,-29188081.741766165942
18 May 2026 16:10:20.000,52169899586.090690612793,-29188081.741766165942
18 May 2026 16:10:30.000,52169899586.090690612793,-29188081.741766165942
18 May 2026 16:10:40.000,52169899586.090690612793,-29188081.741766169667
18 May 2026 16:10:50.000,52169899586.090705871582,-29188081.741766151041
18 May 2026 16:11:00.000,52169899586.090705871582,-29188081.741766154766
18 May 2026 16:11:10.000,52169899586.090705871582,-29188081.741766151041
18 May 2026 16:11:20.000,52169899586.090705871582,-29188081.741766154766
18 May 2026 16:11:30.000,52169899586.090705871582,-29188081.741766154766
18 May 2026 16:11:40.000,52169899586.090705871582,-29188081.741766151041
18 May 2026 16:11:50.000,52169899586.090705871582,-29188081.741766154766
18 May 2026 16:12:00.000,52169899586.090705871582,-29188081.741766151041
18 May 2026 16:12:10.000,52169899586.090698242188,-29188081.741766158491
18 May 2026 16:12:20.000,52169899586.090705871582,-29188081.741766151041
18 May 2026 16:12:30.000,52169899586.090705871582,-29188081.741766151041
18 May 2026 16:12:40.000,52169899586.090713500977,-29188081.741766143590
18 May 2026 16:12:50.000,52169899586.090705871582,-29188081.741766151041
18 May 2026 16:13:00.000,52169899586.090705871582,-29188081.741766154766
18 May 2026 16:13:10.000,52169899586.090705871582,-29188081.741766151041
18 May 2026 16:13:20.000,52169899586.090705871582,-29188081.741766151041
18 May 2026 16:13:30.000,52169899586.090705871582,-29188081.741766151041
18 May 2026 16:13:40.000,52169899586.090705871582,-29188081.741766151041
18 May 2026 16:13:50.000,52169899586.090705871582,-29188081.741766151041
18 May 2026 16:14:00.000,52169899586.090705871582,-29188081.741766151041
18 May 2026 16:14:10.000,52169899586.090705871582,-29188081.741766151041
18 May 2026 16:14:20.000,52169899586.090713500977,-29188081.741766143590
18 May 2026 16:14:30.000,52169899586.090721130371,-29188081.741766139865
18 May 2026 16:14:40.000,52169899586.090721130371,-29188081.741766136140
18 May 2026 16:14:50.000,52169899586.090721130371,-29188081.741766132414
18 May 2026 16:15:00.000,52169899586.090728759766,-29188081.741766132414
18 May 2026 16:15:10.000,52169899586.090728759766,-29188081.741766121238
18 May 2026 16:15:20.000,52169899586.090728759766,-29188081.741766128689
18 May 2026 16:15:30.000,52169899586.090728759766,-29188081.741766128689
18 May 2026 16:15:40.000,52169899586.090721130371,-29188081.741766139865
18 May 2026 16:15:50.000,52169899586.090721130371,-29188081.741766136140
18 May 2026 16:16:00.000,52169899586.090721130371,-29188081.741766136140
18 May 2026 16:16:10.000,52169899586.090721130371,-29188081.741766128689
18 May 2026 16:16:20.000,52169899586.090728759766,-29188081.741766128689
18 May 2026 16:16:30.000,52169899586.090728759766,-29188081.741766121238
18 May 2026 16:16:40.000,52169899586.090728759766,-29188081.741766121238
18 May 2026 16:16:50.000,52169899586.090728759766,-29188081.741766128689
18 May 2026 16:17:00.000,52169899586.090728759766,-29188081.741766128689
18 May 2026 16:17:10.000,52169899586.090744018555,-29188081.741766106337
18 May 2026 16:17:20.000,52169899586.090744018555,-29188081.741766110063
18 May 2026 16:17:30.000,52169899586.090728759766,-29188081.741766117513
18 May 2026 16:17:40.000,52169899586.090736389160,-29188081.741766117513
18 May 2026 16:17:50.000,52169899586.090736389160,-29188081.741766110063
18 May 2026 16:18:00.000,52169899586.090736389160,-29188081.741766113788
18 May 2026 16:18:10.000,52169899586.090736389160,-29188081.741766113788
18 May 2026 16:18:20.000,52169899586.090728759766,-29188081.741766121238
18 May 2026 16:18:30.000,52169899586.090728759766,-29188081.741766128689
18 May 2026 16:18:40.000,52169899586.090728759766,-29188081.741766128689
18 May 2026 16:18:50.000,52169899586.090728759766,-29188081.741766121238
18 May 2026 16:19:00.000,52169899586.090728759766,-29188081.741766121238
18 May 2026 16:19:10.000,52169899586.090728759766,-29188081.741766121238
18 May 2026 16:19:20.000,52169899586.090728759766,-29188081.741766121238
18 May 2026 16:19:30.000,52169899586.090728759766,-29188081.741766121238
18 May 2026 16:19:40.000,52169899586.090728759766,-29188081.741766121238
18 May 2026 16:19:50.000,52169899586.090728759766,-29188081.741766121238
18 May 2026 16:20:00.000,52169899586.090736389160,-29188081.741766110063
18 May 2026 16:20:10.000,52169899586.090744018555,-29188081.741766102612
18 May 2026 16:20:20.000,52169899586.090736389160,-29188081.741766113788
18 May 2026 16:20:30.000,52169899586.090736389160,-29188081.741766113788
18 May 2026 16:20:40.000,52169899586.090736389160,-29188081.741766113788
18 May 2026 16:20:50.000,52169899586.090728759766,-29188081.741766121238
18 May 2026 16:21:00.000,52169899586.090744018555,-29188081.741766098887
18 May 2026 16:21:10.000,52169899586.090744018555,-29188081.741766113788
18 May 2026 16:21:20.000,52169899586.090744018555,-29188081.741766110063
18 May 2026 16:21:30.000,52169899586.090728759766,-29188081.741766121238
18 May 2026 16:21:40.000,52169899586.090736389160,-29188081.741766113788
18 May 2026 16:21:50.000,52169899586.090736389160,-29188081.741766113788
18 May 2026 16:22:00.000,52169899586.090736389160,-29188081.741766110063
18 May 2026 16:22:10.000,52169899586.090744018555,-29188081.741766110063
18 May 2026 16:22:20.000,52169899586.090736389160,-29188081.741766110063
18 May 2026 16:22:30.000,52169899586.090744018555,-29188081.741766102612
18 May 2026 16:22:40.000,52169899586.090744018555,-29188081.741766102612
18 May 2026 16:22:50.000,52169899586.090744018555,-29188081.741766102612
18 May 2026 16:23:00.000,52169899586.090744018555,-29188081.741766102612
18 May 2026 16:23:10.000,52169899586.090744018555,-29188081.741766102612
18 May 2026 16:23:20.000,52169899586.090759277344,-29188081.741766095161
18 May 2026 16:23:30.000,52169899586.090759277344,-29188081.741766087711
18 May 2026 16:23:40.000,52169899586.090759277344,-29188081.741766091436
18 May 2026 16:23:50.000,52169899586.090759277344,-29188081.741766091436
18 May 2026 16:24:00.000,52169899586.090759277344,-29188081.741766091436
18 May 2026 16:24:10.000,52169899586.090759277344,-29188081.741766091436
18 May 2026 16:24:20.000,52169899586.090759277344,-29188081.741766091436
18 May 2026 16:24:30.000,52169899586.090759277344,-29188081.741766091436
18 May 2026 16:24:40.000,52169899586.090759277344,-29188081.741766091436
18 May 2026 16:24:50.000,52169899586.090759277344,-29188081.741766091436
18 May 2026 16:25:00.000,52169899586.090774536133,-29188081.741766072810
18 May 2026 16:25:10.000,52169899586.090774536133,-29188081.741766076535
18 May 2026 16:25:20.000,52169899586.090759277344,-29188081.741766087711
18 May 2026 16:25:30.000,52169899586.090759277344,-29188081.741766091436
18 May 2026 16:25:40.000,52169899586.090759277344,-29188081.741766091436
18 May 2026 16:25:50.000,52169899586.090759277344,-29188081.741766091436
18 May 2026 16:26:00.000,52169899586.090759277344,-29188081.741766091436
18 May 2026 16:26:10.000,52169899586.090759277344,-29188081.741766095161
18 May 2026 16:26:20.000,52169899586.090759277344,-29188081.741766087711
18 May 2026 16:26:30.000,52169899586.090759277344,-29188081.741766091436
18 May 2026 16:26:40.000,52169899586.090759277344,-29188081.741766087711
18 May 2026 16:26:50.000,52169899586.090759277344,-29188081.741766087711
18 May 2026 16:27:00.000,52169899586.090759277344,-29188081.741766087711
18 May 2026 16:27:10.000,52169899586.090759277344,-29188081.741766091436
18 May 2026 16:27:20.000,52169899586.090759277344,-29188081.741766091436
18 May 2026 16:27:30.000,52169899586.090759277344,-29188081.741766091436
18 May 2026 16:27:40.000,52169899586.090759277344,-29188081.741766091436
18 May 2026 16:27:50.000,52169899586.090759277344,-29188081.741766087711
18 May 2026 16:28:00.000,52169899586.090759277344,-29188081.741766091436
18 May 2026 16:28:10.000,52169899586.090744018555,-29188081.741766102612
18 May 2026 16:28:20.000,52169899586.090744018555,-29188081.741766102612
18 May 2026 16:28:30.000,52169899586.090751647949,-29188081.741766095161
18 May 2026 16:28:40.000,52169899586.090744018555,-29188081.741766102612
18 May 2026 16:28:50.000,52169899586.090759277344,-29188081.741766091436
18 May 2026 16:29:00.000,52169899586.090759277344,-29188081.741766091436
18 May 2026 16:29:10.000,52169899586.090759277344,-29188081.741766091436
18 May 2026 16:29:20.000,52169899586.090759277344,-29188081.741766091436
18 May 2026 16:29:30.000,52169899586.090759277344,-29188081.741766091436
18 May 2026 16:29:40.000,52169899586.090759277344,-29188081.741766091436
18 May 2026 16:29:50.000,52169899586.090759277344,-29188081.741766095161
18 May 2026 16:30:00.000,52169899586.090759277344,-29188081.741766091436
18 May 2026 16:30:10.000,52169899586.090759277344,-29188081.741766095161
18 May 2026 16:30:20.000,52169899586.090759277344,-29188081.741766087711
18 May 2026 16:30:30.000,52169899586.090759277344,-29188081.741766087711
18 May 2026 16:30:40.000,52169899586.090759277344,-29188081.741766091436
18 May 2026 16:30:50.000,52169899586.090759277344,-29188081.741766095161
18 May 2026 16:31:00.000,52169899586.090759277344,-29188081.741766087711
18 May 2026 16:31:10.000,52169899586.090759277344,-29188081.741766095161
18 May 2026 16:31:20.000,52169899586.090759277344,-29188081.741766095161
18 May 2026 16:31:30.000,52169899586.090759277344,-29188081.741766091436
18 May 2026 16:31:40.000,52169899586.090759277344,-29188081.741766091436
18 May 2026 16:31:50.000,52169899586.090759277344,-29188081.741766095161
18 May 2026 16:32:00.000,52169899586.090759277344,-29188081.741766087711
18 May 2026 16:32:10.000,52169899586.090774536133,-29188081.741766076535
18 May 2026 16:32:20.000,52169899586.090759277344,-29188081.741766087711
18 May 2026 16:32:30.000,52169899586.090759277344,-29188081.741766091436
18 May 2026 16:32:40.000,52169899586.090751647949,-29188081.741766098887
18 May 2026 16:32:50.000,52169899586.090751647949,-29188081.741766102612
18 May 2026 16:33:00.000,52169899586.090751647949,-29188081.741766102612
18 May 2026 16:33:10.000,52169899586.090751647949,-29188081.741766102612
18 May 2026 16:33:20.000,52169899586.090751647949,-29188081.741766098887
18 May 2026 16:33:30.000,52169899586.090744018555,-29188081.741766110063
18 May 2026 16:33:40.000,52169899586.090759277344,-29188081.741766091436
18 May 2026 16:33:50.000,52169899586.090751647949,-29188081.741766095161
18 May 2026 16:34:00.000,52169899586.090751647949,-29188081.741766098887
18 May 2026 16:34:10.000,52169899586.090751647949,-29188081.741766098887
18 May 2026 16:34:20.000,52169899586.090751647949,-29188081.741766098887
18 May 2026 16:34:30.000,52169899586.090744018555,-29188081.741766110063
18 May 2026 16:34:40.000,52169899586.090751647949,-29188081.741766098887
18 May 2026 16:34:50.000,52169899586.090744018555,-29188081.741766110063
18 May 2026 16:35:00.000,52169899586.090744018555,-29188081.741766110063
18 May 2026 16:35:10.000,52169899586.090744018555,-29188081.741766106337
18 May 2026 16:35:20.000,52169899586.090744018555,-29188081.741766106337
18 May 2026 16:35:30.000,52169899586.090744018555,-29188081.741766110063
18 May 2026 16:35:40.000,52169899586.090744018555,-29188081.741766110063
18 May 2026 16:35:50.000,52169899586.090744018555,-29188081.741766110063
18 May 2026 16:36:00.000,52169899586.090744018555,-29188081.741766110063
18 May 2026 16:36:10.000,52169899586.090744018555,-29188081.741766106337
18 May 2026 16:36:20.000,52169899586.090751647949,-29188081.741766098887
18 May 2026 16:36:30.000,52169899586.090751647949,-29188081.741766102612
18 May 2026 16:36:40.000,52169899586.090751647949,-29188081.741766098887
18 May 2026 16:36:50.000,52169899586.090759277344,-29188081.741766095161
18 May 2026 16:37:00.000,52169899586.090759277344,-29188081.741766091436
18 May 2026 16:37:10.000,52169899586.090759277344,-29188081.741766091436
18 May 2026 16:37:20.000,52169899586.090759277344,-29188081.741766091436
18 May 2026 16:37:30.000,52169899586.090759277344,-29188081.741766095161
18 May 2026 16:37:40.000,52169899586.090759277344,-29188081.741766087711
18 May 2026 16:37:50.000,52169899586.090759277344,-29188081.741766091436
18 May 2026 16:38:00.000,52169899586.090759277344,-29188081.741766087711
18 May 2026 16:38:10.000,52169899586.090759277344,-29188081.741766087711
18 May 2026 16:38:20.000,52169899586.090759277344,-29188081.741766091436
18 May 2026 16:38:30.000,52169899586.090744018555,-29188081.741766102612
18 May 2026 16:38:40.000,52169899586.090759277344,-29188081.741766087711
18 May 2026 16:38:50.000,52169899586.090759277344,-29188081.741766087711
18 May 2026 16:39:00.000,52169899586.090774536133,-29188081.741766076535
18 May 2026 16:39:10.000,52169899586.090774536133,-29188081.741766076535
18 May 2026 16:39:20.000,52169899586.090774536133,-29188081.741766072810
18 May 2026 16:39:30.000,52169899586.090782165527,-29188081.741766061634
18 May 2026 16:39:40.000,52169899586.090782165527,-29188081.741766057909
18 May 2026 16:39:50.000,52169899586.090782165527,-29188081.741766061634
18 May 2026 16:40:00.000,52169899586.090782165527,-29188081.741766069084
18 May 2026 16:40:10.000,52169899586.090789794922,-29188081.741766054183
18 May 2026 16:40:20.000,52169899586.090782165527,-29188081.741766061634
18 May 2026 16:40:30.000,52169899586.090789794922,-29188081.741766050458
18 May 2026 16:40:40.000,52169899586.090789794922,-29188081.741766054183
18 May 2026 16:40:50.000,52169899586.090782165527,-29188081.741766061634
18 May 2026 16:41:00.000,52169899586.090782165527,-29188081.741766061634
18 May 2026 16:41:10.000,52169899586.090789794922,-29188081.741766054183
18 May 2026 16:41:20.000,52169899586.090789794922,-29188081.741766054183
18 May 2026 16:41:30.000,52169899586.090789794922,-29188081.741766054183
18 May 2026 16:41:40.000,52169899586.090789794922,-29188081.741766054183
18 May 2026 16:41:50.000,52169899586.090789794922,-29188081.741766054183
18 May 2026 16:42:00.000,52169899586.090789794922,-29188081.741766054183
18 May 2026 16:42:10.000,52169899586.090782165527,-29188081.741766057909
18 May 2026 16:42:20.000,52169899586.090789794922,-29188081.741766054183
18 May 2026 16:42:30.000,52169899586.090805053711,-29188081.741766043007
18 May 2026 16:42:40.000,52169899586.090805053711,-29188081.741766043007
18 May 2026 16:42:50.000,52169899586.090812683105,-29188081.741766031832
18 May 2026 16:43:00.000,52169899586.090812683105,-29188081.741766031832
18 May 2026 16:43:10.000,52169899586.090812683105,-29188081.741766035557
18 May 2026 16:43:20.000,52169899586.090820312500,-29188081.741766028106
18 May 2026 16:43:30.000,52169899586.090820312500,-29188081.741766031832
18 May 2026 16:43:40.000,52169899586.090820312500,-29188081.741766024381
18 May 2026 16:43:50.000,52169899586.090820312500,-29188081.741766028106
18 May 2026 16:44:00.000,52169899586.090820312500,-29188081.741766028106
18 May 2026 16:44:10.000,52169899586.090820312500,-29188081.741766016930
18 May 2026 16:44:20.000,52169899586.090820312500,-29188081.741766028106
18 May 2026 16:44:30.000,52169899586.090820312500,-29188081.741766020656
18 May 2026 16:44:40.000,52169899586.090827941895,-29188081.741766016930
18 May 2026 16:44:50.000,52169899586.090835571289,-29188081.741766005754
18 May 2026 16:45:00.000,52169899586.090820312500,-29188081.741766028106
18 May 2026 16:45:10.000,52169899586.090835571289,-29188081.741766005754
18 May 2026 16:45:20.000,52169899586.090820312500,-29188081.741766031832
18 May 2026 16:45:30.000,52169899586.090820312500,-29188081.741766024381
18 May 2026 16:45:40.000,52169899586.090835571289,-29188081.741766005754
18 May 2026 16:45:50.000,52169899586.090835571289,-29188081.741766005754
18 May 2026 16:46:00.000,52169899586.090820312500,-29188081.741766020656
18 May 2026 16:46:10.000,52169899586.090835571289,-29188081.741766013205
18 May 2026 16:46:20.000,52169899586.090850830078,-29188081.741765987128
18 May 2026 16:46:30.000,52169899586.090850830078,-29188081.741765983403
18 May 2026 16:46:40.000,52169899586.090835571289,-29188081.741766002029
18 May 2026 16:46:50.000,52169899586.090835571289,-29188081.741766002029
18 May 2026 16:47:00.000,52169899586.090850830078,-29188081.741765990853
18 May 2026 16:47:10.000,52169899586.090850830078,-29188081.741765987128
18 May 2026 16:47:20.000,52169899586.090858459473,-29188081.741765979677
18 May 2026 16:47:30.000,52169899586.090866088867,-29188081.741765975952
18 May 2026 16:47:40.000,52169899586.090858459473,-29188081.741765983403
18 May 2026 16:47:50.000,52169899586.090866088867,-29188081.741765975952
18 May 2026 16:48:00.000,52169899586.090866088867,-29188081.741765972227
18 May 2026 16:48:10.000,52169899586.090866088867,-29188081.741765972227
18 May 2026 16:48:20.000,52169899586.090858459473,-29188081.741765983403
18 May 2026 16:48:30.000,52169899586.090858459473,-29188081.741765983403
18 May 2026 16:48:40.000,52169899586.090858459473,-29188081.741765983403
18 May 2026 16:48:50.000,52169899586.090866088867,-29188081.741765972227
18 May 2026 16:49:00.000,52169899586.090866088867,-29188081.741765972227
18 May 2026 16:49:10.000,52169899586.090866088867,-29188081.741765972227
18 May 2026 16:49:20.000,52169899586.090866088867,-29188081.741765972227
18 May 2026 16:49:30.000,52169899586.090866088867,-29188081.741765972227
18 May 2026 16:49:40.000,52169899586.090866088867,-29188081.741765975952
18 May 2026 16:49:50.000,52169899586.090866088867,-29188081.741765972227
18 May 2026 16:50:00.000,52169899586.090881347656,-29188081.741765953600
18 May 2026 16:50:10.000,52169899586.090873718262,-29188081.741765961051
18 May 2026 16:50:20.000,52169899586.090881347656,-29188081.741765961051
18 May 2026 16:50:30.000,52169899586.090881347656,-29188081.741765957326
18 May 2026 16:50:40.000,52169899586.090881347656,-29188081.741765953600
18 May 2026 16:50:50.000,52169899586.090881347656,-29188081.741765961051
18 May 2026 16:51:00.000,52169899586.090881347656,-29188081.741765957326
18 May 2026 16:51:10.000,52169899586.090881347656,-29188081.741765961051
18 May 2026 16:51:20.000,52169899586.090873718262,-29188081.741765961051
18 May 2026 16:51:30.000,52169899586.090881347656,-29188081.741765961051
18 May 2026 16:51:40.000,52169899586.090881347656,-29188081.741765953600
18 May 2026 16:51:50.000,52169899586.090881347656,-29188081.741765957326
18 May 2026 16:52:00.000,52169899586.090881347656,-29188081.741765953600
18 May 2026 16:52:10.000,52169899586.090881347656,-29188081.741765957326
18 May 2026 16:52:20.000,52169899586.090881347656,-29188081.741765961051
18 May 2026 16:52:30.000,52169899586.090881347656,-29188081.741765961051
18 May 2026 16:52:40.000,52169899586.090881347656,-29188081.741765961051
18 May 2026 16:52:50.000,52169899586.090873718262,-29188081.741765964776
18 May 2026 16:53:00.000,52169899586.090873718262,-29188081.741765964776
18 May 2026 16:53:10.000,52169899586.090881347656,-29188081.741765961051
18 May 2026 16:53:20.000,52169899586.090881347656,-29188081.741765964776
18 May 2026 16:53:30.000,52169899586.090881347656,-29188081.741765964776
18 May 2026 16:53:40.000,52169899586.090873718262,-29188081.741765968502
18 May 2026 16:53:50.000,52169899586.090866088867,-29188081.741765968502
18 May 2026 16:54:00.000,52169899586.090881347656,-29188081.741765961051
18 May 2026 16:54:10.000,52169899586.090873718262,-29188081.741765968502
18 May 2026 16:54:20.000,52169899586.090881347656,-29188081.741765964776
18 May 2026 16:54:30.000,52169899586.090881347656,-29188081.741765964776
18 May 2026 16:54:40.000,52169899586.090881347656,-29188081.741765957326
18 May 2026 16:54:50.000,52169899586.090881347656,-29188081.741765953600
18 May 2026 16:55:00.000,52169899586.090881347656,-29188081.741765957326
18 May 2026 16:55:10.000,52169899586.090888977051,-29188081.741765946150
18 May 2026 16:55:20.000,52169899586.090896606445,-29188081.741765934974
18 May 2026 16:55:30.000,52169899586.090888977051,-29188081.741765946150
18 May 2026 16:55:40.000,52169899586.090888977051,-29188081.741765946150
18 May 2026 16:55:50.000,52169899586.090881347656,-29188081.741765957326
18 May 2026 16:56:00.000,52169899586.090881347656,-29188081.741765957326
18 May 2026 16:56:10.000,52169899586.090881347656,-29188081.741765961051
18 May 2026 16:56:20.000,52169899586.090881347656,-29188081.741765961051
18 May 2026 16:56:30.000,52169899586.090873718262,-29188081.741765968502
18 May 2026 16:56:40.000,52169899586.090873718262,-29188081.741765964776
18 May 2026 16:56:50.000,52169899586.090881347656,-29188081.741765957326
18 May 2026 16:57:00.000,52169899586.090881347656,-29188081.741765953600
18 May 2026 16:57:10.000,52169899586.090881347656,-29188081.741765953600
18 May 2026 16:57:20.000,52169899586.090881347656,-29188081.741765957326
18 May 2026 16:57:30.000,52169899586.090881347656,-29188081.741765961051
18 May 2026 16:57:40.000,52169899586.090896606445,-29188081.741765938699
18 May 2026 16:57:50.000,52169899586.090896606445,-29188081.741765934974
18 May 2026 16:58:00.000,52169899586.090896606445,-29188081.741765938699
18 May 2026 16:58:10.000,52169899586.090881347656,-29188081.741765953600
18 May 2026 16:58:20.000,52169899586.090896606445,-29188081.741765938699
18 May 2026 16:58:30.000,52169899586.090881347656,-29188081.741765953600
18 May 2026 16:58:40.000,52169899586.090873718262,-29188081.741765964776
18 May 2026 16:58:50.000,52169899586.090873718262,-29188081.741765964776
18 May 2026 16:59:00.000,52169899586.090873718262,-29188081.741765968502
18 May 2026 16:59:10.000,52169899586.090873718262,-29188081.741765964776
18 May 2026 16:59:20.000,52169899586.090873718262,-29188081.741765964776
18 May 2026 16:59:30.000,52169899586.090881347656,-29188081.741765961051
18 May 2026 16:59:40.000,52169899586.090888977051,-29188081.741765946150
18 May 2026 16:59:50.000,52169899586.090881347656,-29188081.741765961051
18 May 2026 17:00:00.000,52169899586.090873718262,-29188081.741765968502
18 May 2026 17:00:10.000,52169899586.090881347656,-29188081.741765961051
18 May 2026 17:00:20.000,52169899586.090896606445,-29188081.741765938699
18 May 2026 17:00:30.000,52169899586.090881347656,-29188081.741765957326
18 May 2026 17:00:40.000,52169899586.090881347656,-29188081.741765953600
18 May 2026 17:00:50.000,52169899586.090881347656,-29188081.741765953600
18 May 2026 17:01:00.000,52169899586.090896606445,-29188081.741765938699
18 May 2026 17:01:10.000,52169899586.090896606445,-29188081.741765934974
18 May 2026 17:01:20.000,52169899586.090896606445,-29188081.741765938699
18 May 2026 17:01:30.000,52169899586.090888977051,-29188081.741765946150
18 May 2026 17:01:40.000,52169899586.090881347656,-29188081.741765953600
18 May 2026 17:01:50.000,52169899586.090881347656,-29188081.741765953600
18 May 2026 17:02:00.000,52169899586.090881347656,-29188081.741765953600
18 May 2026 17:02:10.000,52169899586.090881347656,-29188081.741765953600
18 May 2026 17:02:20.000,52169899586.090881347656,-29188081.741765953600
18 May 2026 17:02:30.000,52169899586.090896606445,-29188081.741765934974
18 May 2026 17:02:40.000,52169899586.090888977051,-29188081.741765942425
18 May 2026 17:02:50.000,52169899586.090888977051,-29188081.741765946150
18 May 2026 17:03:00.000,52169899586.090896606445,-29188081.741765934974
18 May 2026 17:03:10.000,52169899586.090896606445,-29188081.741765934974
18 May 2026 17:03:20.000,52169899586.090896606445,-29188081.741765934974
18 May 2026 17:03:30.000,52169899586.090896606445,-29188081.741765934974
18 May 2026 17:03:40.000,52169899586.090896606445,-29188081.741765934974
18 May 2026 17:03:50.000,52169899586.090904235840,-29188081.741765927523
18 May 2026 17:04:00.000,52169899586.090904235840,-29188081.741765927523
18 May 2026 17:04:10.000,52169899586.090896606445,-29188081.741765938699
18 May 2026 17:04:20.000,52169899586.090904235840,-29188081.741765931249
18 May 2026 17:04:30.000,52169899586.090896606445,-29188081.741765934974
18 May 2026 17:04:40.000,52169899586.090896606445,-29188081.741765934974
18 May 2026 17:04:50.000,52169899586.090896606445,-29188081.741765934974
18 May 2026 17:05:00.000,52169899586.090896606445,-29188081.741765934974
18 May 2026 17:05:10.000,52169899586.090896606445,-29188081.741765934974
18 May 2026 17:05:20.000,52169899586.090896606445,-29188081.741765934974
18 May 2026 17:05:30.000,52169899586.090881347656,-29188081.741765953600
18 May 2026 17:05:40.000,52169899586.090888977051,-29188081.741765946150
18 May 2026 17:05:50.000,52169899586.090881347656,-29188081.741765953600
18 May 2026 17:06:00.000,52169899586.090881347656,-29188081.741765953600
18 May 2026 17:06:10.000,52169899586.090881347656,-29188081.741765953600
18 May 2026 17:06:20.000,52169899586.090881347656,-29188081.741765953600
18 May 2026 17:06:30.000,52169899586.090896606445,-29188081.741765942425
18 May 2026 17:06:40.000,52169899586.090888977051,-29188081.741765946150
18 May 2026 17:06:50.000,52169899586.090888977051,-29188081.741765953600
18 May 2026 17:07:00.000,52169899586.090888977051,-29188081.741765953600
18 May 2026 17:07:10.000,52169899586.090888977051,-29188081.741765946150
18 May 2026 17:07:20.000,52169899586.090896606445,-29188081.741765938699
18 May 2026 17:07:30.000,52169899586.090896606445,-29188081.741765938699
18 May 2026 17:07:40.000,52169899586.090896606445,-29188081.741765934974
18 May 2026 17:07:50.000,52169899586.090904235840,-29188081.741765931249
18 May 2026 17:08:00.000,52169899586.090911865234,-29188081.741765916348
18 May 2026 17:08:10.000,52169899586.090904235840,-29188081.741765927523
18 May 2026 17:08:20.000,52169899586.090911865234,-29188081.741765920073
18 May 2026 17:08:30.000,52169899586.090911865234,-29188081.741765920073
18 May 2026 17:08:40.000,52169899586.090911865234,-29188081.741765920073
18 May 2026 17:08:50.000,52169899586.090904235840,-29188081.741765931249
18 May 2026 17:09:00.000,52169899586.090896606445,-29188081.741765934974
18 May 2026 17:09:10.000,52169899586.090911865234,-29188081.741765931249
18 May 2026 17:09:20.000,52169899586.090911865234,-29188081.741765920073
18 May 2026 17:09:30.000,52169899586.090911865234,-29188081.741765920073
18 May 2026 17:09:40.000,52169899586.090911865234,-29188081.741765920073
18 May 2026 17:09:50.000,52169899586.090911865234,-29188081.741765920073
18 May 2026 17:10:00.000,52169899586.090919494629,-29188081.741765908897
18 May 2026 17:10:10.000,52169899586.090911865234,-29188081.741765916348
18 May 2026 17:10:20.000,52169899586.090911865234,-29188081.741765920073
18 May 2026 17:10:30.000,52169899586.090911865234,-29188081.741765920073
18 May 2026 17:10:40.000,52169899586.090911865234,-29188081.741765920073
18 May 2026 17:10:50.000,52169899586.090911865234,-29188081.741765920073
18 May 2026 17:11:00.000,52169899586.090911865234,-29188081.741765920073
18 May 2026 17:11:10.000,52169899586.090911865234,-29188081.741765920073
18 May 2026 17:11:20.000,52169899586.090911865234,-29188081.741765920073
18 May 2026 17:11:30.000,52169899586.090904235840,-29188081.741765927523
18 May 2026 17:11:40.000,52169899586.090904235840,-29188081.741765927523
18 May 2026 17:11:50.000,52169899586.090911865234,-29188081.741765927523
18 May 2026 17:12:00.000,52169899586.090911865234,-29188081.741765923798
18 May 2026 17:12:10.000,52169899586.090911865234,-29188081.741765920073
18 May 2026 17:12:20.000,52169899586.090911865234,-29188081.741765916348
18 May 2026 17:12:30.000,52169899586.090919494629,-29188081.741765912622
18 May 2026 17:12:40.000,52169899586.090911865234,-29188081.741765920073
18 May 2026 17:12:50.000,52169899586.090911865234,-29188081.741765916348
18 May 2026 17:13:00.000,52169899586.090911865234,-29188081.741765916348
18 May 2026 17:13:10.000,52169899586.090911865234,-29188081.741765927523
18 May 2026 17:13:20.000,52169899586.090911865234,-29188081.741765923798
18 May 2026 17:13:30.000,52169899586.090904235840,-29188081.741765931249
18 May 2026 17:13:40.000,52169899586.090911865234,-29188081.741765916348
18 May 2026 17:13:50.000,52169899586.090911865234,-29188081.741765923798
18 May 2026 17:14:00.000,52169899586.090919494629,-29188081.741765916348
18 May 2026 17:14:10.000,52169899586.090911865234,-29188081.741765923798
18 May 2026 17:14:20.000,52169899586.090919494629,-29188081.741765912622
18 May 2026 17:14:30.000,52169899586.090919494629,-29188081.741765912622
18 May 2026 17:14:40.000,52169899586.090911865234,-29188081.741765920073
18 May 2026 17:14:50.000,52169899586.090927124023,-29188081.741765905172
18 May 2026 17:15:00.000,52169899586.090927124023,-29188081.741765905172
18 May 2026 17:15:10.000,52169899586.090927124023,-29188081.741765912622
18 May 2026 17:15:20.000,52169899586.090927124023,-29188081.741765908897
18 May 2026 17:15:30.000,52169899586.090927124023,-29188081.741765901446
18 May 2026 17:15:40.000,52169899586.090911865234,-29188081.741765916348
18 May 2026 17:15:50.000,52169899586.090911865234,-29188081.741765920073
18 May 2026 17:16:00.000,52169899586.090911865234,-29188081.741765920073
18 May 2026 17:16:10.000,52169899586.090911865234,-29188081.741765920073
18 May 2026 17:16:20.000,52169899586.090911865234,-29188081.741765927523
18 May 2026 17:16:30.000,52169899586.090911865234,-29188081.741765920073
18 May 2026 17:16:40.000,52169899586.090911865234,-29188081.741765920073
18 May 2026 17:16:50.000,52169899586.090911865234,-29188081.741765923798
18 May 2026 17:17:00.000,52169899586.090911865234,-29188081.741765920073
18 May 2026 17:17:10.000,52169899586.090911865234,-29188081.741765920073
18 May 2026 17:17:20.000,52169899586.090911865234,-29188081.741765923798
18 May 2026 17:17:30.000,52169899586.090911865234,-29188081.741765923798
18 May 2026 17:17:40.000,52169899586.090911865234,-29188081.741765923798
18 May 2026 17:17:50.000,52169899586.090911865234,-29188081.741765920073
18 May 2026 17:18:00.000,52169899586.090911865234,-29188081.741765920073
18 May 2026 17:18:10.000,52169899586.090911865234,-29188081.741765920073
18 May 2026 17:18:20.000,52169899586.090911865234,-29188081.741765920073
18 May 2026 17:18:30.000,52169899586.090911865234,-29188081.741765923798
18 May 2026 17:18:40.000,52169899586.090911865234,-29188081.741765920073
18 May 2026 17:18:50.000,52169899586.090927124023,-29188081.741765908897
18 May 2026 17:19:00.000,52169899586.090927124023,-29188081.741765908897
18 May 2026 17:19:10.000,52169899586.090927124023,-29188081.741765905172
18 May 2026 17:19:20.000,52169899586.090927124023,-29188081.741765905172
18 May 2026 17:19:30.000,52169899586.090927124023,-29188081.741765905172
18 May 2026 17:19:40.000,52169899586.090927124023,-29188081.741765905172
18 May 2026 17:19:50.000,52169899586.090927124023,-29188081.741765905172
18 May 2026 17:20:00.000,52169899586.090927124023,-29188081.741765905172
18 May 2026 17:20:10.000,52169899586.090927124023,-29188081.741765908897
18 May 2026 17:20:20.000,52169899586.090927124023,-29188081.741765905172
18 May 2026 17:20:30.000,52169899586.090927124023,-29188081.741765908897
18 May 2026 17:20:40.000,52169899586.090919494629,-29188081.741765912622
18 May 2026 17:20:50.000,52169899586.090927124023,-29188081.741765905172
18 May 2026 17:21:00.000,52169899586.090911865234,-29188081.741765923798
18 May 2026 17:21:10.000,52169899586.090927124023,-29188081.741765905172
18 May 2026 17:21:20.000,52169899586.090919494629,-29188081.741765920073
18 May 2026 17:21:30.000,52169899586.090919494629,-29188081.741765916348
18 May 2026 17:21:40.000,52169899586.090919494629,-29188081.741765920073
18 May 2026 17:21:50.000,52169899586.090927124023,-29188081.741765908897
18 May 2026 17:22:00.000,52169899586.090911865234,-29188081.741765920073
18 May 2026 17:22:10.000,52169899586.090919494629,-29188081.741765920073
18 May 2026 17:22:20.000,52169899586.090919494629,-29188081.741765912622
18 May 2026 17:22:30.000,52169899586.090927124023,-29188081.741765908897
18 May 2026 17:22:40.000,52169899586.090927124023,-29188081.741765908897
18 May 2026 17:22:50.000,52169899586.090927124023,-29188081.741765912622
18 May 2026 17:23:00.000,52169899586.090927124023,-29188081.741765912622
18 May 2026 17:23:10.000,52169899586.090927124023,-29188081.741765908897
18 May 2026 17:23:20.000,52169899586.090919494629,-29188081.741765908897
18 May 2026 17:23:30.000,52169899586.090927124023,-29188081.741765908897
18 May 2026 17:23:40.000,52169899586.090927124023,-29188081.741765912622
18 May 2026 17:23:50.000,52169899586.090934753418,-29188081.741765901446
18 May 2026 17:24:00.000,52169899586.090934753418,-29188081.741765901446
18 May 2026 17:24:10.000,52169899586.090934753418,-29188081.741765901446
18 May 2026 17:24:20.000,52169899586.090934753418,-29188081.741765897721
18 May 2026 17:24:30.000,52169899586.090927124023,-29188081.741765912622
18 May 2026 17:24:40.000,52169899586.090934753418,-29188081.741765897721
18 May 2026 17:24:50.000,52169899586.090934753418,-29188081.741765897721
18 May 2026 17:25:00.000,52169899586.090927124023,-29188081.741765908897
18 May 2026 17:25:10.000,52169899586.090927124023,-29188081.741765905172
18 May 2026 17:25:20.000,52169899586.090934753418,-29188081.741765897721
18 May 2026 17:25:30.000,52169899586.090934753418,-29188081.741765901446
18 May 2026 17:25:40.000,52169899586.090934753418,-29188081.741765901446
18 May 2026 17:25:50.000,52169899586.090934753418,-29188081.741765901446
18 May 2026 17:26:00.000,52169899586.090934753418,-29188081.741765897721
18 May 2026 17:26:10.000,52169899586.090927124023,-29188081.741765912622
18 May 2026 17:26:20.000,52169899586.090934753418,-29188081.741765901446
18 May 2026 17:26:30.000,52169899586.090934753418,-29188081.741765901446
18 May 2026 17:26:40.000,52169899586.090942382812,-29188081.741765882820
18 May 2026 17:26:50.000,52169899586.090934753418,-29188081.741765897721
18 May 2026 17:27:00.000,52169899586.090942382812,-29188081.741765890270
18 May 2026 17:27:10.000,52169899586.090942382812,-29188081.741765882820
18 May 2026 17:27:20.000,52169899586.090950012207,-29188081.741765879095
18 May 2026 17:27:30.000,52169899586.090950012207,-29188081.741765879095
18 May 2026 17:27:40.000,52169899586.090942382812,-29188081.741765882820
18 May 2026 17:27:50.000,52169899586.090942382812,-29188081.741765882820
18 May 2026 17:28:00.000,52169899586.090950012207,-29188081.741765879095
18 May 2026 17:28:10.000,52169899586.090950012207,-29188081.741765882820
18 May 2026 17:28:20.000,52169899586.090950012207,-29188081.741765871644
18 May 2026 17:28:30.000,52169899586.090950012207,-29188081.741765879095
18 May 2026 17:28:40.000,52169899586.090950012207,-29188081.741765879095
18 May 2026 17:28:50.000,52169899586.090950012207,-29188081.741765879095
18 May 2026 17:29:00.000,52169899586.090950012207,-29188081.741765879095
18 May 2026 17:29:10.000,52169899586.090950012207,-29188081.741765879095
18 May 2026 17:29:20.000,52169899586.090942382812,-29188081.741765890270
18 May 2026 17:29:30.000,52169899586.090934753418,-29188081.741765897721
18 May 2026 17:29:40.000,52169899586.090950012207,-29188081.741765879095
18 May 2026 17:29:50.000,52169899586.090950012207,-29188081.741765879095
18 May 2026 17:30:00.000,52169899586.090950012207,-29188081.741765879095
18 May 2026 17:30:10.000,52169899586.090950012207,-29188081.741765879095
18 May 2026 17:30:20.000,52169899586.090950012207,-29188081.741765879095
18 May 2026 17:30:30.000,52169899586.090950012207,-29188081.741765879095
18 May 2026 17:30:40.000,52169899586.090950012207,-29188081.741765879095
18 May 2026 17:30:50.000,52169899586.090950012207,-29188081.741765879095
18 May 2026 17:31:00.000,52169899586.090950012207,-29188081.741765879095
18 May 2026 17:31:10.000,52169899586.090950012207,-29188081.741765875369
18 May 2026 17:31:20.000,52169899586.090950012207,-29188081.741765879095
18 May 2026 17:31:30.000,52169899586.090950012207,-29188081.741765875369
18 May 2026 17:31:40.000,52169899586.090950012207,-29188081.741765875369
18 May 2026 17:31:50.000,52169899586.090950012207,-29188081.741765875369
18 May 2026 17:32:00.000,52169899586.090950012207,-29188081.741765875369
18 May 2026 17:32:10.000,52169899586.090950012207,-29188081.741765871644
18 May 2026 17:32:20.000,52169899586.090950012207,-29188081.741765879095
18 May 2026 17:32:30.000,52169899586.090950012207,-29188081.741765875369
18 May 2026 17:32:40.000,52169899586.090950012207,-29188081.741765879095
18 May 2026 17:32:50.000,52169899586.090950012207,-29188081.741765879095
18 May 2026 17:33:00.000,52169899586.090950012207,-29188081.741765875369
18 May 2026 17:33:10.000,52169899586.090950012207,-29188081.741765879095
18 May 2026 17:33:20.000,52169899586.090950012207,-29188081.741765879095
18 May 2026 17:33:30.000,52169899586.090950012207,-29188081.741765879095
18 May 2026 17:33:40.000,52169899586.090950012207,-29188081.741765879095
18 May 2026 17:33:50.000,52169899586.090950012207,-29188081.741765879095
18 May 2026 17:34:00.000,52169899586.090950012207,-29188081.741765879095
18 May 2026 17:34:10.000,52169899586.090950012207,-29188081.741765882820
18 May 2026 17:34:20.000,52169899586.090942382812,-29188081.741765886545
18 May 2026 17:34:30.000,52169899586.090934753418,-29188081.741765897721
18 May 2026 17:34:40.000,52169899586.090950012207,-29188081.741765882820
18 May 2026 17:34:50.000,52169899586.090950012207,-29188081.741765871644
18 May 2026 17:35:00.000,52169899586.090950012207,-29188081.741765882820
18 May 2026 17:35:10.000,52169899586.090942382812,-29188081.741765882820
18 May 2026 17:35:20.000,52169899586.090942382812,-29188081.741765886545
18 May 2026 17:35:30.000,52169899586.090942382812,-29188081.741765886545
18 May 2026 17:35:40.000,52169899586.090942382812,-29188081.741765882820
18 May 2026 17:35:50.000,52169899586.090934753418,-29188081.741765901446
18 May 2026 17:36:00.000,52169899586.090934753418,-29188081.741765897721
18 May 2026 17:36:10.000,52169899586.090942382812,-29188081.741765882820
18 May 2026 17:36:20.000,52169899586.090942382812,-29188081.741765882820
18 May 2026 17:36:30.000,52169899586.090950012207,-29188081.741765871644
18 May 2026 17:36:40.000,52169899586.090950012207,-29188081.741765879095
18 May 2026 17:36:50.000,52169899586.090950012207,-29188081.741765879095
18 May 2026 17:37:00.000,52169899586.090950012207,-29188081.741765879095
18 May 2026 17:37:10.000,52169899586.090950012207,-29188081.741765879095
18 May 2026 17:37:20.000,52169899586.090950012207,-29188081.741765879095
18 May 2026 17:37:30.000,52169899586.090950012207,-29188081.741765879095
18 May 2026 17:37:40.000,52169899586.090950012207,-29188081.741765879095
18 May 2026 17:37:50.000,52169899586.090950012207,-29188081.741765879095
18 May 2026 17:38:00.000,52169899586.090950012207,-29188081.741765879095
18 May 2026 17:38:10.000,52169899586.090950012207,-29188081.741765879095
18 May 2026 17:38:20.000,52169899586.090950012207,-29188081.741765879095
18 May 2026 17:38:30.000,52169899586.090950012207,-29188081.741765879095
18 May 2026 17:38:40.000,52169899586.090950012207,-29188081.741765879095
18 May 2026 17:38:50.000,52169899586.090965270996,-29188081.741765860468
18 May 2026 17:39:00.000,52169899586.090965270996,-29188081.741765867919
18 May 2026 17:39:10.000,52169899586.090965270996,-29188081.741765864193
18 May 2026 17:39:20.000,52169899586.090965270996,-29188081.741765864193
18 May 2026 17:39:30.000,52169899586.090965270996,-29188081.741765864193
18 May 2026 17:39:40.000,52169899586.090972900391,-29188081.741765856743
18 May 2026 17:39:50.000,52169899586.090965270996,-29188081.741765867919
18 May 2026 17:40:00.000,52169899586.090965270996,-29188081.741765867919
18 May 2026 17:40:10.000,52169899586.090965270996,-29188081.741765864193
18 May 2026 17:40:20.000,52169899586.090965270996,-29188081.741765860468
18 May 2026 17:40:30.000,52169899586.090965270996,-29188081.741765864193
18 May 2026 17:40:40.000,52169899586.090965270996,-29188081.741765864193
18 May 2026 17:40:50.000,52169899586.090965270996,-29188081.741765860468
18 May 2026 17:41:00.000,52169899586.090965270996,-29188081.741765860468
18 May 2026 17:41:10.000,52169899586.090965270996,-29188081.741765867919
18 May 2026 17:41:20.000,52169899586.090965270996,-29188081.741765867919
18 May 2026 17:41:30.000,52169899586.090965270996,-29188081.741765867919
18 May 2026 17:41:40.000,52169899586.090965270996,-29188081.741765860468
18 May 2026 17:41:50.000,52169899586.090950012207,-29188081.741765871644
18 May 2026 17:42:00.000,52169899586.090950012207,-29188081.741765867919
18 May 2026 17:42:10.000,52169899586.090965270996,-29188081.741765864193
18 May 2026 17:42:20.000,52169899586.090950012207,-29188081.741765875369
18 May 2026 17:42:30.000,52169899586.090965270996,-29188081.741765860468
18 May 2026 17:42:40.000,52169899586.090965270996,-29188081.741765856743
18 May 2026 17:42:50.000,52169899586.090965270996,-29188081.741765860468
18 May 2026 17:43:00.000,52169899586.090965270996,-29188081.741765860468
18 May 2026 17:43:10.000,52169899586.090950012207,-29188081.741765875369
18 May 2026 17:43:20.000,52169899586.090950012207,-29188081.741765879095
18 May 2026 17:43:30.000,52169899586.090950012207,-29188081.741765875369
18 May 2026 17:43:40.000,52169899586.090965270996,-29188081.741765864193
18 May 2026 17:43:50.000,52169899586.090965270996,-29188081.741765864193
18 May 2026 17:44:00.000,52169899586.090965270996,-29188081.741765860468
18 May 2026 17:44:10.000,52169899586.090965270996,-29188081.741765860468
18 May 2026 17:44:20.000,52169899586.090965270996,-29188081.741765864193
18 May 2026 17:44:30.000,52169899586.090965270996,-29188081.741765864193
18 May 2026 17:44:40.000,52169899586.090965270996,-29188081.741765864193
18 May 2026 17:44:50.000,52169899586.090965270996,-29188081.741765864193
18 May 2026 17:45:00.000,52169899586.090965270996,-29188081.741765860468
18 May 2026 17:45:10.000,52169899586.090965270996,-29188081.741765856743
18 May 2026 17:45:20.000,52169899586.090965270996,-29188081.741765856743
18 May 2026 17:45:30.000,52169899586.090965270996,-29188081.741765856743
18 May 2026 17:45:40.000,52169899586.090965270996,-29188081.741765867919
18 May 2026 17:45:50.000,52169899586.090965270996,-29188081.741765860468
18 May 2026 17:46:00.000,52169899586.090965270996,-29188081.741765860468
18 May 2026 17:46:10.000,52169899586.090965270996,-29188081.741765860468
18 May 2026 17:46:20.000,52169899586.090972900391,-29188081.741765853018
18 May 2026 17:46:30.000,52169899586.090972900391,-29188081.741765853018
18 May 2026 17:46:40.000,52169899586.090980529785,-29188081.741765845567
18 May 2026 17:46:50.000,52169899586.090980529785,-29188081.741765849292
18 May 2026 17:47:00.000,52169899586.090980529785,-29188081.741765849292
18 May 2026 17:47:10.000,52169899586.090972900391,-29188081.741765856743
18 May 2026 17:47:20.000,52169899586.090965270996,-29188081.741765864193
18 May 2026 17:47:30.000,52169899586.090965270996,-29188081.741765864193
18 May 2026 17:47:40.000,52169899586.090972900391,-29188081.741765856743
18 May 2026 17:47:50.000,52169899586.090965270996,-29188081.741765864193
18 May 2026 17:48:00.000,52169899586.090965270996,-29188081.741765864193
18 May 2026 17:48:10.000,52169899586.090950012207,-29188081.741765875369
18 May 2026 17:48:20.000,52169899586.090950012207,-29188081.741765882820
18 May 2026 17:48:30.000,52169899586.090965270996,-29188081.741765864193
18 May 2026 17:48:40.000,52169899586.090965270996,-29188081.741765856743
18 May 2026 17:48:50.000,52169899586.090965270996,-29188081.741765853018
18 May 2026 17:49:00.000,52169899586.090965270996,-29188081.741765856743
18 May 2026 17:49:10.000,52169899586.090965270996,-29188081.741765864193
18 May 2026 17:49:20.000,52169899586.090965270996,-29188081.741765860468
18 May 2026 17:49:30.000,52169899586.090942382812,-29188081.741765882820
18 May 2026 17:49:40.000,52169899586.090950012207,-29188081.741765879095
18 May 2026 17:49:50.000,52169899586.090950012207,-29188081.741765875369
18 May 2026 17:50:00.000,52169899586.090950012207,-29188081.741765875369
18 May 2026 17:50:10.000,52169899586.090950012207,-29188081.741765882820
18 May 2026 17:50:20.000,52169899586.090965270996,-29188081.741765864193
18 May 2026 17:50:30.000,52169899586.090965270996,-29188081.741765864193
18 May 2026 17:50:40.000,52169899586.090950012207,-29188081.741765871644
18 May 2026 17:50:50.000,52169899586.090965270996,-29188081.741765864193
18 May 2026 17:51:00.000,52169899586.090950012207,-29188081.741765875369
18 May 2026 17:51:10.000,52169899586.090950012207,-29188081.741765875369
18 May 2026 17:51:20.000,52169899586.090950012207,-29188081.741765871644
18 May 2026 17:51:30.000,52169899586.090950012207,-29188081.741765871644
18 May 2026 17:51:40.000,52169899586.090950012207,-29188081.741765875369
18 May 2026 17:51:50.000,52169899586.090950012207,-29188081.741765879095
18 May 2026 17:52:00.000,52169899586.090950012207,-29188081.741765875369
18 May 2026 17:52:10.000,52169899586.090950012207,-29188081.741765879095
18 May 2026 17:52:20.000,52169899586.090950012207,-29188081.741765871644
18 May 2026 17:52:30.000,52169899586.090965270996,-29188081.741765864193
18 May 2026 17:52:40.000,52169899586.090950012207,-29188081.741765879095
18 May 2026 17:52:50.000,52169899586.090965270996,-29188081.741765864193
18 May 2026 17:53:00.000,52169899586.090950012207,-29188081.741765875369
18 May 2026 17:53:10.000,52169899586.090950012207,-29188081.741765875369
18 May 2026 17:53:20.000,52169899586.090965270996,-29188081.741765864193
18 May 2026 17:53:30.000,52169899586.090950012207,-29188081.741765871644
18 May 2026 17:53:40.000,52169899586.090950012207,-29188081.741765879095
18 May 2026 17:53:50.000,52169899586.090950012207,-29188081.741765875369
18 May 2026 17:54:00.000,52169899586.090950012207,-29188081.741765875369
18 May 2026 17:54:10.000,52169899586.090950012207,-29188081.741765879095
18 May 2026 17:54:20.000,52169899586.090950012207,-29188081.741765879095
18 May 2026 17:54:30.000,52169899586.090950012207,-29188081.741765879095
18 May 2026 17:54:40.000,52169899586.090950012207,-29188081.741765879095
18 May 2026 17:54:50.000,52169899586.090950012207,-29188081.741765879095
18 May 2026 17:55:00.000,52169899586.090942382812,-29188081.741765886545
18 May 2026 17:55:10.000,52169899586.090950012207,-29188081.741765882820
18 May 2026 17:55:20.000,52169899586.090950012207,-29188081.741765882820
18 May 2026 17:55:30.000,52169899586.090950012207,-29188081.741765879095
18 May 2026 17:55:40.000,52169899586.090950012207,-29188081.741765882820
18 May 2026 17:55:50.000,52169899586.090950012207,-29188081.741765879095
18 May 2026 17:56:00.000,52169899586.090950012207,-29188081.741765875369
18 May 2026 17:56:10.000,52169899586.090950012207,-29188081.741765879095
18 May 2026 17:56:20.000,52169899586.090950012207,-29188081.741765879095
18 May 2026 17:56:30.000,52169899586.090950012207,-29188081.741765867919
18 May 2026 17:56:40.000,52169899586.090950012207,-29188081.741765871644
18 May 2026 17:56:50.000,52169899586.090950012207,-29188081.741765871644
18 May 2026 17:57:00.000,52169899586.090950012207,-29188081.741765879095
18 May 2026 17:57:10.000,52169899586.090950012207,-29188081.741765879095
18 May 2026 17:57:20.000,52169899586.090950012207,-29188081.741765871644
18 May 2026 17:57:30.000,52169899586.090950012207,-29188081.741765879095
18 May 2026 17:57:40.000,52169899586.090950012207,-29188081.741765879095
18 May 2026 17:57:50.000,52169899586.090950012207,-29188081.741765871644
18 May 2026 17:58:00.000,52169899586.090950012207,-29188081.741765879095
18 May 2026 17:58:10.000,52169899586.090950012207,-29188081.741765879095
18 May 2026 17:58:20.000,52169899586.090950012207,-29188081.741765879095
18 May 2026 17:58:30.000,52169899586.090950012207,-29188081.741765882820
18 May 2026 17:58:40.000,52169899586.090950012207,-29188081.741765875369
18 May 2026 17:58:50.000,52169899586.090950012207,-29188081.741765875369
18 May 2026 17:59:00.000,52169899586.090942382812,-29188081.741765886545
18 May 2026 17:59:10.000,52169899586.090950012207,-29188081.741765879095
18 May 2026 17:59:20.000,52169899586.090950012207,-29188081.741765875369
18 May 2026 17:59:30.000,52169899586.090950012207,-29188081.741765882820
18 May 2026 17:59:40.000,52169899586.090950012207,-29188081.741765882820
18 May 2026 17:59:50.000,52169899586.090950012207,-29188081.741765879095
18 May 2026 18:00:00.000,52169899586.090950012207,-29188081.741765871644
18 May 2026 18:00:10.000,52169899586.090950012207,-29188081.741765871644
18 May 2026 18:00:20.000,52169899586.090950012207,-29188081.741765875369
18 May 2026 18:00:30.000,52169899586.090950012207,-29188081.741765879095
18 May 2026 18:00:40.000,52169899586.090950012207,-29188081.741765875369
18 May 2026 18:00:50.000,52169899586.090950012207,-29188081.741765875369
18 May 2026 18:01:00.000,52169899586.090942382812,-29188081.741765886545
18 May 2026 18:01:10.000,52169899586.090934753418,-29188081.741765886545
18 May 2026 18:01:20.000,52169899586.090942382812,-29188081.741765886545
18 May 2026 18:01:30.000,52169899586.090942382812,-29188081.741765886545
18 May 2026 18:01:40.000,52169899586.090934753418,-29188081.741765890270
18 May 2026 18:01:50.000,52169899586.090934753418,-29188081.741765901446
18 May 2026 18:02:00.000,52169899586.090934753418,-29188081.741765901446
18 May 2026 18:02:10.000,52169899586.090934753418,-29188081.741765901446
18 May 2026 18:02:20.000,52169899586.090934753418,-29188081.741765901446
18 May 2026 18:02:30.000,52169899586.090934753418,-29188081.741765901446
18 May 2026 18:02:40.000,52169899586.090934753418,-29188081.741765901446
18 May 2026 18:02:50.000,52169899586.090942382812,-29188081.741765882820
18 May 2026 18:03:00.000,52169899586.090942382812,-29188081.741765886545
18 May 2026 18:03:10.000,52169899586.090942382812,-29188081.741765886545
18 May 2026 18:03:20.000,52169899586.090942382812,-29188081.741765886545
18 May 2026 18:03:30.000,52169899586.090934753418,-29188081.741765901446
18 May 2026 18:03:40.000,52169899586.090934753418,-29188081.741765897721
18 May 2026 18:03:50.000,52169899586.090934753418,-29188081.741765901446
18 May 2026 18:04:00.000,52169899586.090942382812,-29188081.741765886545
18 May 2026 18:04:10.000,52169899586.090934753418,-29188081.741765901446
18 May 2026 18:04:20.000,52169899586.090942382812,-29188081.741765886545
18 May 2026 18:04:30.000,52169899586.090950012207,-29188081.741765875369
18 May 2026 18:04:40.000,52169899586.090950012207,-29188081.741765879095
18 May 2026 18:04:50.000,52169899586.090950012207,-29188081.741765871644
18 May 2026 18:05:00.000,52169899586.090950012207,-29188081.741765879095
18 May 2026 18:05:10.000,52169899586.090957641602,-29188081.741765864193
18 May 2026 18:05:20.000,52169899586.090950012207,-29188081.741765871644
18 May 2026 18:05:30.000,52169899586.090950012207,-29188081.741765871644
18 May 2026 18:05:40.000,52169899586.090942382812,-29188081.741765882820
18 May 2026 18:05:50.000,52169899586.090942382812,-29188081.741765886545
18 May 2026 18:06:00.000,52169899586.090950012207,-29188081.741765879095
18 May 2026 18:06:10.000,52169899586.090950012207,-29188081.741765879095
18 May 2026 18:06:20.000,52169899586.090950012207,-29188081.741765879095
18 May 2026 18:06:30.000,52169899586.090950012207,-29188081.741765879095
18 May 2026 18:06:40.000,52169899586.090950012207,-29188081.741765879095
18 May 2026 18:06:50.000,52169899586.090942382812,-29188081.741765882820
18 May 2026 18:07:00.000,52169899586.090942382812,-29188081.741765882820
18 May 2026 18:07:10.000,52169899586.090950012207,-29188081.741765879095
18 May 2026 18:07:20.000,52169899586.090950012207,-29188081.741765879095
18 May 2026 18:07:30.000,52169899586.090950012207,-29188081.741765879095
18 May 2026 18:07:40.000,52169899586.090942382812,-29188081.741765882820
18 May 2026 18:07:50.000,52169899586.090950012207,-29188081.741765879095
18 May 2026 18:08:00.000,52169899586.090950012207,-29188081.741765879095
18 May 2026 18:08:10.000,52169899586.090950012207,-29188081.741765879095
18 May 2026 18:08:20.000,52169899586.090950012207,-29188081.741765875369
18 May 2026 18:08:30.000,52169899586.090950012207,-29188081.741765879095
18 May 2026 18:08:40.000,52169899586.090950012207,-29188081.741765871644
18 May 2026 18:08:50.000,52169899586.090950012207,-29188081.741765867919
18 May 2026 18:09:00.000,52169899586.090942382812,-29188081.741765882820
18 May 2026 18:09:10.000,52169899586.090942382812,-29188081.741765882820
18 May 2026 18:09:20.000,52169899586.090950012207,-29188081.741765882820
18 May 2026 18:09:30.000,52169899586.090950012207,-29188081.741765882820
18 May 2026 18:09:40.000,52169899586.090950012207,-29188081.741765875369
18 May 2026 18:09:50.000,52169899586.090950012207,-29188081.741765875369
18 May 2026 18:10:00.000,52169899586.090950012207,-29188081.741765879095
18 May 2026 18:10:10.000,52169899586.090942382812,-29188081.741765882820
18 May 2026 18:10:20.000,52169899586.090950012207,-29188081.741765879095
18 May 2026 18:10:30.000,52169899586.090950012207,-29188081.741765882820
18 May 2026 18:10:40.000,52169899586.090950012207,-29188081.741765879095
18 May 2026 18:10:50.000,52169899586.090950012207,-29188081.741765875369
18 May 2026 18:11:00.000,52169899586.090950012207,-29188081.741765875369
18 May 2026 18:11:10.000,52169899586.090950012207,-29188081.741765871644
18 May 2026 18:11:20.000,52169899586.090950012207,-29188081.741765882820
18 May 2026 18:11:30.000,52169899586.090950012207,-29188081.741765875369
18 May 2026 18:11:40.000,52169899586.090950012207,-29188081.741765875369
18 May 2026 18:11:50.000,52169899586.090950012207,-29188081.741765875369
18 May 2026 18:12:00.000,52169899586.090950012207,-29188081.741765871644
18 May 2026 18:12:10.000,52169899586.090950012207,-29188081.741765871644
18 May 2026 18:12:20.000,52169899586.090950012207,-29188081.741765879095
18 May 2026 18:12:30.000,52169899586.090950012207,-29188081.741765871644
18 May 2026 18:12:40.000,52169899586.090950012207,-29188081.741765871644
18 May 2026 18:12:50.000,52169899586.090950012207,-29188081.741765875369
18 May 2026 18:13:00.000,52169899586.090950012207,-29188081.741765875369
18 May 2026 18:13:10.000,52169899586.090950012207,-29188081.741765875369
18 May 2026 18:13:20.000,52169899586.090950012207,-29188081.741765875369
18 May 2026 18:13:30.000,52169899586.090950012207,-29188081.741765875369
18 May 2026 18:13:40.000,52169899586.090942382812,-29188081.741765890270
18 May 2026 18:13:50.000,52169899586.090942382812,-29188081.741765890270
18 May 2026 18:14:00.000,52169899586.090942382812,-29188081.741765882820
18 May 2026 18:14:10.000,52169899586.090950012207,-29188081.741765875369
18 May 2026 18:14:20.000,52169899586.090942382812,-29188081.741765882820
18 May 2026 18:14:30.000,52169899586.090942382812,-29188081.741765886545
18 May 2026 18:14:40.000,52169899586.090950012207,-29188081.741765875369
18 May 2026 18:14:50.000,52169899586.090950012207,-29188081.741765875369
18 May 2026 18:15:00.000,52169899586.090950012207,-29188081.741765871644
18 May 2026 18:15:10.000,52169899586.090950012207,-29188081.741765879095
18 May 2026 18:15:20.000,52169899586.090942382812,-29188081.741765886545
18 May 2026 18:15:30.000,52169899586.090950012207,-29188081.741765875369
18 May 2026 18:15:40.000,52169899586.090950012207,-29188081.741765875369
18 May 2026 18:15:50.000,52169899586.090965270996,-29188081.741765864193
18 May 2026 18:16:00.000,52169899586.090965270996,-29188081.741765860468
18 May 2026 18:16:10.000,52169899586.090965270996,-29188081.741765864193
18 May 2026 18:16:20.000,52169899586.090965270996,-29188081.741765860468
18 May 2026 18:16:30.000,52169899586.090965270996,-29188081.741765856743
18 May 2026 18:16:40.000,52169899586.090965270996,-29188081.741765864193
18 May 2026 18:16:50.000,52169899586.090965270996,-29188081.741765860468
18 May 2026 18:17:00.000,52169899586.090950012207,-29188081.741765875369
18 May 2026 18:17:10.000,52169899586.090950012207,-29188081.741765882820
18 May 2026 18:17:20.000,52169899586.090950012207,-29188081.741765882820
18 May 2026 18:17:30.000,52169899586.090950012207,-29188081.741765882820
18 May 2026 18:17:40.000,52169899586.090950012207,-29188081.741765879095
18 May 2026 18:17:50.000,52169899586.090950012207,-29188081.741765879095
18 May 2026 18:18:00.000,52169899586.090950012207,-29188081.741765875369
18 May 2026 18:18:10.000,52169899586.090950012207,-29188081.741765875369
18 May 2026 18:18:20.000,52169899586.090950012207,-29188081.741765875369
18 May 2026 18:18:30.000,52169899586.090934753418,-29188081.741765890270
18 May 2026 18:18:40.000,52169899586.090934753418,-29188081.741765890270
18 May 2026 18:18:50.000,52169899586.090934753418,-29188081.741765890270
18 May 2026 18:19:00.000,52169899586.090934753418,-29188081.741765901446
18 May 2026 18:19:10.000,52169899586.090934753418,-29188081.741765890270
18 May 2026 18:19:20.000,52169899586.090942382812,-29188081.741765886545
18 May 2026 18:19:30.000,52169899586.090934753418,-29188081.741765897721
18 May 2026 18:19:40.000,52169899586.090934753418,-29188081.741765897721
18 May 2026 18:19:50.000,52169899586.090934753418,-29188081.741765897721
18 May 2026 18:20:00.000,52169899586.090942382812,-29188081.741765886545
18 May 2026 18:20:10.000,52169899586.090934753418,-29188081.741765897721
18 May 2026 18:20:20.000,52169899586.090934753418,-29188081.741765890270
18 May 2026 18:20:30.000,52169899586.090934753418,-29188081.741765890270
18 May 2026 18:20:40.000,52169899586.090927124023,-29188081.741765901446
18 May 2026 18:20:50.000,52169899586.090934753418,-29188081.741765890270
18 May 2026 18:21:00.000,52169899586.090934753418,-29188081.741765890270
18 May 2026 18:21:10.000,52169899586.090927124023,-29188081.741765905172
18 May 2026 18:21:20.000,52169899586.090934753418,-29188081.741765890270
18 May 2026 18:21:30.000,52169899586.090927124023,-29188081.741765908897
18 May 2026 18:21:40.000,52169899586.090927124023,-29188081.741765905172
18 May 2026 18:21:50.000,52169899586.090927124023,-29188081.741765905172
18 May 2026 18:22:00.000,52169899586.090919494629,-29188081.741765916348
18 May 2026 18:22:10.000,52169899586.090919494629,-29188081.741765908897
18 May 2026 18:22:20.000,52169899586.090911865234,-29188081.741765920073
18 May 2026 18:22:30.000,52169899586.090911865234,-29188081.741765916348
18 May 2026 18:22:40.000,52169899586.090919494629,-29188081.741765912622
18 May 2026 18:22:50.000,52169899586.090919494629,-29188081.741765912622
18 May 2026 18:23:00.000,52169899586.090927124023,-29188081.741765908897
18 May 2026 18:23:10.000,52169899586.090927124023,-29188081.741765908897
18 May 2026 18:23:20.000,52169899586.090927124023,-29188081.741765905172
18 May 2026 18:23:30.000,52169899586.090934753418,-29188081.741765897721
18 May 2026 18:23:40.000,52169899586.090934753418,-29188081.741765890270
18 May 2026 18:23:50.000,52169899586.090934753418,-29188081.741765890270
18 May 2026 18:24:00.000,52169899586.090927124023,-29188081.741765908897
18 May 2026 18:24:10.000,52169899586.090927124023,-29188081.741765901446
18 May 2026 18:24:20.000,52169899586.090934753418,-29188081.741765890270
18 May 2026 18:24:30.000,52169899586.090934753418,-29188081.741765897721
18 May 2026 18:24:40.000,52169899586.090950012207,-29188081.741765879095
18 May 2026 18:24:50.000,52169899586.090934753418,-29188081.741765890270
18 May 2026 18:25:00.000,52169899586.090934753418,-29188081.741765890270
18 May 2026 18:25:10.000,52169899586.090934753418,-29188081.741765897721
18 May 2026 18:25:20.000,52169899586.090950012207,-29188081.741765882820
18 May 2026 18:25:30.000,52169899586.090950012207,-29188081.741765879095
18 May 2026 18:25:40.000,52169899586.090950012207,-29188081.741765882820
18 May 2026 18:25:50.000,52169899586.090950012207,-29188081.741765879095
18 May 2026 18:26:00.000,52169899586.090950012207,-29188081.741765879095
18 May 2026 18:26:10.000,52169899586.090950012207,-29188081.741765879095
18 May 2026 18:26:20.000,52169899586.090934753418,-29188081.741765890270
18 May 2026 18:26:30.000,52169899586.090934753418,-29188081.741765890270
18 May 2026 18:26:40.000,52169899586.090950012207,-29188081.741765879095
18 May 2026 18:26:50.000,52169899586.090950012207,-29188081.741765875369
18 May 2026 18:27:00.000,52169899586.090950012207,-29188081.741765879095
18 May 2026 18:27:10.000,52169899586.090950012207,-29188081.741765882820
18 May 2026 18:27:20.000,52169899586.090950012207,-29188081.741765879095
18 May 2026 18:27:30.000,52169899586.090950012207,-29188081.741765882820
18 May 2026 18:27:40.000,52169899586.090950012207,-29188081.741765879095
18 May 2026 18:27:50.000,52169899586.090950012207,-29188081.741765867919
18 May 2026 18:28:00.000,52169899586.090965270996,-29188081.741765864193
18 May 2026 18:28:10.000,52169899586.090965270996,-29188081.741765860468
18 May 2026 18:28:20.000,52169899586.090965270996,-29188081.741765860468
18 May 2026 18:28:30.000,52169899586.090965270996,-29188081.741765860468
18 May 2026 18:28:40.000,52169899586.090950012207,-29188081.741765867919
18 May 2026 18:28:50.000,52169899586.090950012207,-29188081.741765882820
18 May 2026 18:29:00.000,52169899586.090950012207,-29188081.741765879095
18 May 2026 18:29:10.000,52169899586.090950012207,-29188081.741765879095
18 May 2026 18:29:20.000,52169899586.090950012207,-29188081.741765879095
18 May 2026 18:29:30.000,52169899586.090950012207,-29188081.741765879095
18 May 2026 18:29:40.000,52169899586.090957641602,-29188081.741765867919
18 May 2026 18:29:50.000,52169899586.090950012207,-29188081.741765875369
18 May 2026 18:30:00.000,52169899586.090950012207,-29188081.741765871644
18 May 2026 18:30:10.000,52169899586.090957641602,-29188081.741765867919
18 May 2026 18:30:20.000,52169899586.090965270996,-29188081.741765860468
18 May 2026 18:30:30.000,52169899586.090950012207,-29188081.741765875369
18 May 2026 18:30:40.000,52169899586.090950012207,-29188081.741765875369
18 May 2026 18:30:50.000,52169899586.090950012207,-29188081.741765871644
18 May 2026 18:31:00.000,52169899586.090957641602,-29188081.741765867919
18 May 2026 18:31:10.000,52169899586.090965270996,-29188081.741765860468
18 May 2026 18:31:20.000,52169899586.090965270996,-29188081.741765864193
18 May 2026 18:31:30.000,52169899586.090965270996,-29188081.741765860468
18 May 2026 18:31:40.000,52169899586.090965270996,-29188081.741765860468
18 May 2026 18:31:50.000,52169899586.090965270996,-29188081.741765864193
18 May 2026 18:32:00.000,52169899586.090965270996,-29188081.741765856743
18 May 2026 18:32:10.000,52169899586.090980529785,-29188081.741765845567
18 May 2026 18:32:20.000,52169899586.090965270996,-29188081.741765860468
18 May 2026 18:32:30.000,52169899586.090980529785,-29188081.741765849292
18 May 2026 18:32:40.000,52169899586.090965270996,-29188081.741765860468
18 May 2026 18:32:50.000,52169899586.090965270996,-29188081.741765860468
18 May 2026 18:33:00.000,52169899586.090965270996,-29188081.741765864193
18 May 2026 18:33:10.000,52169899586.090965270996,-29188081.741765864193
18 May 2026 18:33:20.000,52169899586.090965270996,-29188081.741765860468
18 May 2026 18:33:30.000,52169899586.090972900391,-29188081.741765853018
18 May 2026 18:33:40.000,52169899586.090965270996,-29188081.741765856743
18 May 2026 18:33:50.000,52169899586.090965270996,-29188081.741765853018
18 May 2026 18:34:00.000,52169899586.090965270996,-29188081.741765853018
18 May 2026 18:34:10.000,52169899586.090980529785,-29188081.741765841842
18 May 2026 18:34:20.000,52169899586.090980529785,-29188081.741765849292
18 May 2026 18:34:30.000,52169899586.090980529785,-29188081.741765849292
18 May 2026 18:34:40.000,52169899586.090972900391,-29188081.741765856743
18 May 2026 18:34:50.000,52169899586.090972900391,-29188081.741765856743
18 May 2026 18:35:00.000,52169899586.090965270996,-29188081.741765853018
18 May 2026 18:35:10.000,52169899586.090988159180,-29188081.741765841842
18 May 2026 18:35:20.000,52169899586.090995788574,-29188081.741765838116
18 May 2026 18:35:30.000,52169899586.090995788574,-29188081.741765826941
18 May 2026 18:35:40.000,52169899586.090995788574,-29188081.741765823215
18 May 2026 18:35:50.000,52169899586.090995788574,-29188081.741765826941
18 May 2026 18:36:00.000,52169899586.090995788574,-29188081.741765826941
18 May 2026 18:36:10.000,52169899586.090995788574,-29188081.741765826941
18 May 2026 18:36:20.000,52169899586.091003417969,-29188081.741765815765
18 May 2026 18:36:30.000,52169899586.091003417969,-29188081.741765815765
18 May 2026 18:36:40.000,52169899586.091003417969,-29188081.741765819490
18 May 2026 18:36:50.000,52169899586.091003417969,-29188081.741765815765
18 May 2026 18:37:00.000,52169899586.091011047363,-29188081.741765812039
18 May 2026 18:37:10.000,52169899586.091011047363,-29188081.741765815765
18 May 2026 18:37:20.000,52169899586.091011047363,-29188081.741765815765
18 May 2026 18:37:30.000,52169899586.091011047363,-29188081.741765815765
18 May 2026 18:37:40.000,52169899586.091003417969,-29188081.741765819490
18 May 2026 18:37:50.000,52169899586.091003417969,-29188081.741765819490
18 May 2026 18:38:00.000,52169899586.091011047363,-29188081.741765808314
18 May 2026 18:38:10.000,52169899586.091011047363,-29188081.741765812039
18 May 2026 18:38:20.000,52169899586.091011047363,-29188081.741765815765
18 May 2026 18:38:30.000,52169899586.091026306152,-29188081.741765797138
18 May 2026 18:38:40.000,52169899586.091011047363,-29188081.741765808314
18 May 2026 18:38:50.000,52169899586.091018676758,-29188081.741765804589
18 May 2026 18:39:00.000,52169899586.091011047363,-29188081.741765815765
18 May 2026 18:39:10.000,52169899586.091011047363,-29188081.741765815765
18 May 2026 18:39:20.000,52169899586.091011047363,-29188081.741765815765
18 May 2026 18:39:30.000,52169899586.091011047363,-29188081.741765812039
18 May 2026 18:39:40.000,52169899586.091003417969,-29188081.741765819490
18 May 2026 18:39:50.000,52169899586.091003417969,-29188081.741765819490
18 May 2026 18:40:00.000,52169899586.091011047363,-29188081.741765812039
18 May 2026 18:40:10.000,52169899586.091026306152,-29188081.741765797138
18 May 2026 18:40:20.000,52169899586.091018676758,-29188081.741765800864
18 May 2026 18:40:30.000,52169899586.091011047363,-29188081.741765808314
18 May 2026 18:40:40.000,52169899586.091011047363,-29188081.741765808314
18 May 2026 18:40:50.000,52169899586.091011047363,-29188081.741765808314
18 May 2026 18:41:00.000,52169899586.091026306152,-29188081.741765797138
18 May 2026 18:41:10.000,52169899586.091011047363,-29188081.741765808314
18 May 2026 18:41:20.000,52169899586.091011047363,-29188081.741765808314
18 May 2026 18:41:30.000,52169899586.091011047363,-29188081.741765808314
18 May 2026 18:41:40.000,52169899586.091011047363,-29188081.741765808314
18 May 2026 18:41:50.000,52169899586.091011047363,-29188081.741765815765
18 May 2026 18:42:00.000,52169899586.091011047363,-29188081.741765808314
18 May 2026 18:42:10.000,52169899586.091011047363,-29188081.741765815765
18 May 2026 18:42:20.000,52169899586.091011047363,-29188081.741765808314
18 May 2026 18:42:30.000,52169899586.091011047363,-29188081.741765812039
18 May 2026 18:42:40.000,52169899586.091011047363,-29188081.741765808314
18 May 2026 18:42:50.000,52169899586.091011047363,-29188081.741765815765
18 May 2026 18:43:00.000,52169899586.091018676758,-29188081.741765800864
18 May 2026 18:43:10.000,52169899586.091026306152,-29188081.741765793413
18 May 2026 18:43:20.000,52169899586.091026306152,-29188081.741765789688
18 May 2026 18:43:30.000,52169899586.091011047363,-29188081.741765808314
18 May 2026 18:43:40.000,52169899586.091011047363,-29188081.741765812039
18 May 2026 18:43:50.000,52169899586.091011047363,-29188081.741765808314
18 May 2026 18:44:00.000,52169899586.091011047363,-29188081.741765812039
18 May 2026 18:44:10.000,52169899586.091026306152,-29188081.741765789688
18 May 2026 18:44:20.000,52169899586.091018676758,-29188081.741765804589
18 May 2026 18:44:30.000,52169899586.091011047363,-29188081.741765815765
18 May 2026 18:44:40.000,52169899586.091011047363,-29188081.741765812039
18 May 2026 18:44:50.000,52169899586.091011047363,-29188081.741765815765
18 May 2026 18:45:00.000,52169899586.091018676758,-29188081.741765797138
18 May 2026 18:45:10.000,52169899586.091011047363,-29188081.741765808314
18 May 2026 18:45:20.000,52169899586.091011047363,-29188081.741765808314
18 May 2026 18:45:30.000,52169899586.091011047363,-29188081.741765815765
18 May 2026 18:45:40.000,52169899586.091026306152,-29188081.741765793413
18 May 2026 18:45:50.000,52169899586.091011047363,-29188081.741765812039
18 May 2026 18:46:00.000,52169899586.091011047363,-29188081.741765812039
18 May 2026 18:46:10.000,52169899586.091011047363,-29188081.741765812039
18 May 2026 18:46:20.000,52169899586.091011047363,-29188081.741765808314
18 May 2026 18:46:30.000,52169899586.091011047363,-29188081.741765812039
18 May 2026 18:46:40.000,52169899586.091026306152,-29188081.741765793413
18 May 2026 18:46:50.000,52169899586.091026306152,-29188081.741765797138
18 May 2026 18:47:00.000,52169899586.091026306152,-29188081.741765797138
18 May 2026 18:47:10.000,52169899586.091026306152,-29188081.741765793413
18 May 2026 18:47:20.000,52169899586.091026306152,-29188081.741765793413
18 May 2026 18:47:30.000,52169899586.091026306152,-29188081.741765789688
18 May 2026 18:47:40.000,52169899586.091018676758,-29188081.741765804589
18 May 2026 18:47:50.000,52169899586.091026306152,-29188081.741765789688
18 May 2026 18:48:00.000,52169899586.091026306152,-29188081.741765797138
18 May 2026 18:48:10.000,52169899586.091026306152,-29188081.741765793413
18 May 2026 18:48:20.000,52169899586.091026306152,-29188081.741765797138
18 May 2026 18:48:30.000,52169899586.091033935547,-29188081.741765789688
18 May 2026 18:48:40.000,52169899586.091033935547,-29188081.741765785962
18 May 2026 18:48:50.000,52169899586.091033935547,-29188081.741765789688
18 May 2026 18:49:00.000,52169899586.091026306152,-29188081.741765793413
18 May 2026 18:49:10.000,52169899586.091026306152,-29188081.741765793413
18 May 2026 18:49:20.000,52169899586.091026306152,-29188081.741765789688
18 May 2026 18:49:30.000,52169899586.091026306152,-29188081.741765789688
18 May 2026 18:49:40.000,52169899586.091026306152,-29188081.741765793413
18 May 2026 18:49:50.000,52169899586.091011047363,-29188081.741765812039
18 May 2026 18:50:00.000,52169899586.091026306152,-29188081.741765789688
18 May 2026 18:50:10.000,52169899586.091026306152,-29188081.741765800864
18 May 2026 18:50:20.000,52169899586.091026306152,-29188081.741765797138
18 May 2026 18:50:30.000,52169899586.091026306152,-29188081.741765797138
18 May 2026 18:50:40.000,52169899586.091026306152,-29188081.741765797138
18 May 2026 18:50:50.000,52169899586.091026306152,-29188081.741765800864
18 May 2026 18:51:00.000,52169899586.091026306152,-29188081.741765789688
18 May 2026 18:51:10.000,52169899586.091026306152,-29188081.741765789688
18 May 2026 18:51:20.000,52169899586.091026306152,-29188081.741765797138
18 May 2026 18:51:30.000,52169899586.091011047363,-29188081.741765812039
18 May 2026 18:51:40.000,52169899586.091011047363,-29188081.741765812039
18 May 2026 18:51:50.000,52169899586.091018676758,-29188081.741765800864
18 May 2026 18:52:00.000,52169899586.091011047363,-29188081.741765812039
18 May 2026 18:52:10.000,52169899586.091026306152,-29188081.741765800864
18 May 2026 18:52:20.000,52169899586.091026306152,-29188081.741765800864
18 May 2026 18:52:30.000,52169899586.091041564941,-29188081.741765782237
18 May 2026 18:52:40.000,52169899586.091041564941,-29188081.741765774786
18 May 2026 18:52:50.000,52169899586.091026306152,-29188081.741765793413
18 May 2026 18:53:00.000,52169899586.091026306152,-29188081.741765797138
18 May 2026 18:53:10.000,52169899586.091026306152,-29188081.741765797138
18 May 2026 18:53:20.000,52169899586.091026306152,-29188081.741765793413
18 May 2026 18:53:30.000,52169899586.091026306152,-29188081.741765793413
18 May 2026 18:53:40.000,52169899586.091026306152,-29188081.741765800864
18 May 2026 18:53:50.000,52169899586.091026306152,-29188081.741765797138
18 May 2026 18:54:00.000,52169899586.091026306152,-29188081.741765793413
18 May 2026 18:54:10.000,52169899586.091026306152,-29188081.741765797138
18 May 2026 18:54:20.000,52169899586.091018676758,-29188081.741765800864
18 May 2026 18:54:30.000,52169899586.091026306152,-29188081.741765800864
18 May 2026 18:54:40.000,52169899586.091018676758,-29188081.741765808314
18 May 2026 18:54:50.000,52169899586.091026306152,-29188081.741765797138
18 May 2026 18:55:00.000,52169899586.091026306152,-29188081.741765797138
18 May 2026 18:55:10.000,52169899586.091026306152,-29188081.741765789688
18 May 2026 18:55:20.000,52169899586.091026306152,-29188081.741765789688
18 May 2026 18:55:30.000,52169899586.091026306152,-29188081.741765789688
18 May 2026 18:55:40.000,52169899586.091018676758,-29188081.741765800864
18 May 2026 18:55:50.000,52169899586.091026306152,-29188081.741765793413
18 May 2026 18:56:00.000,52169899586.091011047363,-29188081.741765812039
18 May 2026 18:56:10.000,52169899586.091011047363,-29188081.741765812039
18 May 2026 18:56:20.000,52169899586.091011047363,-29188081.741765812039
18 May 2026 18:56:30.000,52169899586.091011047363,-29188081.741765812039
18 May 2026 18:56:40.000,52169899586.091011047363,-29188081.741765812039
18 May 2026 18:56:50.000,52169899586.091011047363,-29188081.741765815765
18 May 2026 18:57:00.000,52169899586.091018676758,-29188081.741765808314
18 May 2026 18:57:10.000,52169899586.091011047363,-29188081.741765812039
18 May 2026 18:57:20.000,52169899586.091011047363,-29188081.741765815765
18 May 2026 18:57:30.000,52169899586.091011047363,-29188081.741765815765
18 May 2026 18:57:40.000,52169899586.091011047363,-29188081.741765808314
18 May 2026 18:57:50.000,52169899586.091018676758,-29188081.741765808314
18 May 2026 18:58:00.000,52169899586.091018676758,-29188081.741765808314
18 May 2026 18:58:10.000,52169899586.091026306152,-29188081.741765800864
18 May 2026 18:58:20.000,52169899586.091018676758,-29188081.741765808314
18 May 2026 18:58:30.000,52169899586.091011047363,-29188081.741765808314
18 May 2026 18:58:40.000,52169899586.091011047363,-29188081.741765808314
18 May 2026 18:58:50.000,52169899586.091003417969,-29188081.741765819490
18 May 2026 18:59:00.000,52169899586.090995788574,-29188081.741765823215
18 May 2026 18:59:10.000,52169899586.090995788574,-29188081.741765823215
18 May 2026 18:59:20.000,52169899586.091003417969,-29188081.741765815765
18 May 2026 18:59:30.000,52169899586.090995788574,-29188081.741765826941
18 May 2026 18:59:40.000,52169899586.091003417969,-29188081.741765815765
18 May 2026 18:59:50.000,52169899586.091003417969,-29188081.741765815765
18 May 2026 19:00:00.000,52169899586.090995788574,-29188081.741765823215
18 May 2026 19:00:10.000,52169899586.090988159180,-29188081.741765838116
18 May 2026 19:00:20.000,52169899586.090995788574,-29188081.741765823215
18 May 2026 19:00:30.000,52169899586.090995788574,-29188081.741765830666
18 May 2026 19:00:40.000,52169899586.090995788574,-29188081.741765823215
18 May 2026 19:00:50.000,52169899586.091003417969,-29188081.741765815765
18 May 2026 19:01:00.000,52169899586.091011047363,-29188081.741765808314
18 May 2026 19:01:10.000,52169899586.091011047363,-29188081.741765812039
18 May 2026 19:01:20.000,52169899586.091011047363,-29188081.741765812039
18 May 2026 19:01:30.000,52169899586.091011047363,-29188081.741765812039
18 May 2026 19:01:40.000,52169899586.091026306152,-29188081.741765797138
18 May 2026 19:01:50.000,52169899586.091018676758,-29188081.741765804589
18 May 2026 19:02:00.000,52169899586.091018676758,-29188081.741765800864
18 May 2026 19:02:10.000,52169899586.091026306152,-29188081.741765797138
18 May 2026 19:02:20.000,52169899586.091011047363,-29188081.741765812039
18 May 2026 19:02:30.000,52169899586.091011047363,-29188081.741765812039
18 May 2026 19:02:40.000,52169899586.091026306152,-29188081.741765797138
18 May 2026 19:02:50.000,52169899586.091033935547,-29188081.741765789688
18 May 2026 19:03:00.000,52169899586.091026306152,-29188081.741765800864
18 May 2026 19:03:10.000,52169899586.091011047363,-29188081.741765808314
18 May 2026 19:03:20.000,52169899586.091026306152,-29188081.741765797138
18 May 2026 19:03:30.000,52169899586.091026306152,-29188081.741765797138
18 May 2026 19:03:40.000,52169899586.091026306152,-29188081.741765789688
18 May 2026 19:03:50.000,52169899586.091026306152,-29188081.741765789688
18 May 2026 19:04:00.000,52169899586.091026306152,-29188081.741765793413
18 May 2026 19:04:10.000,52169899586.091033935547,-29188081.741765785962
18 May 2026 19:04:20.000,52169899586.091026306152,-29188081.741765789688
18 May 2026 19:04:30.000,52169899586.091041564941,-29188081.741765782237
18 May 2026 19:04:40.000,52169899586.091041564941,-29188081.741765774786
18 May 2026 19:04:50.000,52169899586.091033935547,-29188081.741765785962
18 May 2026 19:05:00.000,52169899586.091033935547,-29188081.741765789688
18 May 2026 19:05:10.000,52169899586.091033935547,-29188081.741765785962
18 May 2026 19:05:20.000,52169899586.091026306152,-29188081.741765793413
18 May 2026 19:05:30.000,52169899586.091033935547,-29188081.741765785962
18 May 2026 19:05:40.000,52169899586.091033935547,-29188081.741765785962
18 May 2026 19:05:50.000,52169899586.091026306152,-29188081.741765797138
18 May 2026 19:06:00.000,52169899586.091026306152,-29188081.741765793413
18 May 2026 19:06:10.000,52169899586.091026306152,-29188081.741765797138
18 May 2026 19:06:20.000,52169899586.091026306152,-29188081.741765789688
18 May 2026 19:06:30.000,52169899586.091026306152,-29188081.741765793413
18 May 2026 19:06:40.000,52169899586.091026306152,-29188081.741765797138
18 May 2026 19:06:50.000,52169899586.091026306152,-29188081.741765797138
18 May 2026 19:07:00.000,52169899586.091026306152,-29188081.741765797138
18 May 2026 19:07:10.000,52169899586.091018676758,-29188081.741765797138
18 May 2026 19:07:20.000,52169899586.091011047363,-29188081.741765812039
18 May 2026 19:07:30.000,52169899586.091003417969,-29188081.741765819490
18 May 2026 19:07:40.000,52169899586.091003417969,-29188081.741765819490
18 May 2026 19:07:50.000,52169899586.091018676758,-29188081.741765804589
18 May 2026 19:08:00.000,52169899586.091018676758,-29188081.741765808314
18 May 2026 19:08:10.000,52169899586.091018676758,-29188081.741765797138
18 May 2026 19:08:20.000,52169899586.091026306152,-29188081.741765797138
18 May 2026 19:08:30.000,52169899586.091026306152,-29188081.741765797138
18 May 2026 19:08:40.000,52169899586.091033935547,-29188081.741765785962
18 May 2026 19:08:50.000,52169899586.091026306152,-29188081.741765793413
18 May 2026 19:09:00.000,52169899586.091026306152,-29188081.741765793413
18 May 2026 19:09:10.000,52169899586.091033935547,-29188081.741765785962
18 May 2026 19:09:20.000,52169899586.091033935547,-29188081.741765785962
18 May 2026 19:09:30.000,52169899586.091033935547,-29188081.741765785962
18 May 2026 19:09:40.000,52169899586.091026306152,-29188081.741765793413
18 May 2026 19:09:50.000,52169899586.091026306152,-29188081.741765789688
18 May 2026 19:10:00.000,52169899586.091026306152,-29188081.741765789688
18 May 2026 19:10:10.000,52169899586.091026306152,-29188081.741765797138
18 May 2026 19:10:20.000,52169899586.091026306152,-29188081.741765797138
18 May 2026 19:10:30.000,52169899586.091026306152,-29188081.741765797138
18 May 2026 19:10:40.000,52169899586.091033935547,-29188081.741765785962
18 May 2026 19:10:50.000,52169899586.091026306152,-29188081.741765797138
18 May 2026 19:11:00.000,52169899586.091026306152,-29188081.741765797138
18 May 2026 19:11:10.000,52169899586.091026306152,-29188081.741765797138
18 May 2026 19:11:20.000,52169899586.091026306152,-29188081.741765789688
18 May 2026 19:11:30.000,52169899586.091018676758,-29188081.741765804589
18 May 2026 19:11:40.000,52169899586.091026306152,-29188081.741765800864
18 May 2026 19:11:50.000,52169899586.091026306152,-29188081.741765800864
18 May 2026 19:12:00.000,52169899586.091026306152,-29188081.741765793413
18 May 2026 19:12:10.000,52169899586.091026306152,-29188081.741765793413
18 May 2026 19:12:20.000,52169899586.091026306152,-29188081.741765793413
18 May 2026 19:12:30.000,52169899586.091026306152,-29188081.741765789688
18 May 2026 19:12:40.000,52169899586.091026306152,-29188081.741765793413
18 May 2026 19:12:50.000,52169899586.091041564941,-29188081.741765774786
18 May 2026 19:13:00.000,52169899586.091026306152,-29188081.741765797138
18 May 2026 19:13:10.000,52169899586.091026306152,-29188081.741765797138
18 May 2026 19:13:20.000,52169899586.091026306152,-29188081.741765789688
18 May 2026 19:13:30.000,52169899586.091026306152,-29188081.741765797138
18 May 2026 19:13:40.000,52169899586.091026306152,-29188081.741765800864
18 May 2026 19:13:50.000,52169899586.091026306152,-29188081.741765800864
18 May 2026 19:14:00.000,52169899586.091026306152,-29188081.741765800864
18 May 2026 19:14:10.000,52169899586.091026306152,-29188081.741765789688
18 May 2026 19:14:20.000,52169899586.091026306152,-29188081.741765800864
18 May 2026 19:14:30.000,52169899586.091026306152,-29188081.741765800864
18 May 2026 19:14:40.000,52169899586.091026306152,-29188081.741765800864
18 May 2026 19:14:50.000,52169899586.091026306152,-29188081.741765789688
18 May 2026 19:15:00.000,52169899586.091026306152,-29188081.741765789688
18 May 2026 19:15:10.000,52169899586.091026306152,-29188081.741765800864
18 May 2026 19:15:20.000,52169899586.091026306152,-29188081.741765797138
18 May 2026 19:15:30.000,52169899586.091026306152,-29188081.741765797138
18 May 2026 19:15:40.000,52169899586.091026306152,-29188081.741765797138
18 May 2026 19:15:50.000,52169899586.091011047363,-29188081.741765808314
18 May 2026 19:16:00.000,52169899586.091018676758,-29188081.741765800864
18 May 2026 19:16:10.000,52169899586.091018676758,-29188081.741765804589
18 May 2026 19:16:20.000,52169899586.091026306152,-29188081.741765797138
18 May 2026 19:16:30.000,52169899586.091026306152,-29188081.741765793413
18 May 2026 19:16:40.000,52169899586.091011047363,-29188081.741765812039
18 May 2026 19:16:50.000,52169899586.091018676758,-29188081.741765800864
18 May 2026 19:17:00.000,52169899586.091011047363,-29188081.741765812039
18 May 2026 19:17:10.000,52169899586.091011047363,-29188081.741765812039
18 May 2026 19:17:20.000,52169899586.091018676758,-29188081.741765800864
18 May 2026 19:17:30.000,52169899586.091018676758,-29188081.741765800864
18 May 2026 19:17:40.000,52169899586.091011047363,-29188081.741765812039
18 May 2026 19:17:50.000,52169899586.091011047363,-29188081.741765812039
18 May 2026 19:18:00.000,52169899586.091011047363,-29188081.741765812039
18 May 2026 19:18:10.000,52169899586.091011047363,-29188081.741765812039
18 May 2026 19:18:20.000,52169899586.091003417969,-29188081.741765815765
18 May 2026 19:18:30.000,52169899586.090995788574,-29188081.741765823215
18 May 2026 19:18:40.000,52169899586.090995788574,-29188081.741765830666
18 May 2026 19:18:50.000,52169899586.090995788574,-29188081.741765823215
18 May 2026 19:19:00.000,52169899586.090995788574,-29188081.741765830666
18 May 2026 19:19:10.000,52169899586.090995788574,-29188081.741765823215
18 May 2026 19:19:20.000,52169899586.090995788574,-29188081.741765838116
18 May 2026 19:19:30.000,52169899586.090988159180,-29188081.741765838116
18 May 2026 19:19:40.000,52169899586.090988159180,-29188081.741765838116
18 May 2026 19:19:50.000,52169899586.090995788574,-29188081.741765838116
18 May 2026 19:20:00.000,52169899586.090995788574,-29188081.741765823215
18 May 2026 19:20:10.000,52169899586.090995788574,-29188081.741765838116
18 May 2026 19:20:20.000,52169899586.090988159180,-29188081.741765841842
18 May 2026 19:20:30.000,52169899586.090980529785,-29188081.741765845567
18 May 2026 19:20:40.000,52169899586.090965270996,-29188081.741765853018
18 May 2026 19:20:50.000,52169899586.090972900391,-29188081.741765853018
18 May 2026 19:21:00.000,52169899586.090965270996,-29188081.741765864193
18 May 2026 19:21:10.000,52169899586.090965270996,-29188081.741765860468
18 May 2026 19:21:20.000,52169899586.090980529785,-29188081.741765841842
18 May 2026 19:21:30.000,52169899586.090980529785,-29188081.741765849292
18 May 2026 19:21:40.000,52169899586.090980529785,-29188081.741765849292
18 May 2026 19:21:50.000,52169899586.090980529785,-29188081.741765845567
18 May 2026 19:22:00.000,52169899586.090980529785,-29188081.741765845567
18 May 2026 19:22:10.000,52169899586.090980529785,-29188081.741765845567
18 May 2026 19:22:20.000,52169899586.090965270996,-29188081.741765856743
18 May 2026 19:22:30.000,52169899586.090980529785,-29188081.741765845567
18 May 2026 19:22:40.000,52169899586.090965270996,-29188081.741765856743
18 May 2026 19:22:50.000,52169899586.090980529785,-29188081.741765845567
18 May 2026 19:23:00.000,52169899586.090965270996,-29188081.741765864193
18 May 2026 19:23:10.000,52169899586.090965270996,-29188081.741765864193
18 May 2026 19:23:20.000,52169899586.090957641602,-29188081.741765867919
18 May 2026 19:23:30.000,52169899586.090957641602,-29188081.741765867919
18 May 2026 19:23:40.000,52169899586.090965270996,-29188081.741765860468
18 May 2026 19:23:50.000,52169899586.090957641602,-29188081.741765867919
18 May 2026 19:24:00.000,52169899586.090950012207,-29188081.741765875369
18 May 2026 19:24:10.000,52169899586.090950012207,-29188081.741765879095
18 May 2026 19:24:20.000,52169899586.090957641602,-29188081.741765867919
18 May 2026 19:24:30.000,52169899586.090950012207,-29188081.741765879095
18 May 2026 19:24:40.000,52169899586.090950012207,-29188081.741765879095
18 May 2026 19:24:50.000,52169899586.090950012207,-29188081.741765879095
18 May 2026 19:25:00.000,52169899586.090950012207,-29188081.741765879095
18 May 2026 19:25:10.000,52169899586.090950012207,-29188081.741765875369
18 May 2026 19:25:20.000,52169899586.090950012207,-29188081.741765875369
18 May 2026 19:25:30.000,52169899586.090950012207,-29188081.741765879095
18 May 2026 19:25:40.000,52169899586.090950012207,-29188081.741765879095
18 May 2026 19:25:50.000,52169899586.090950012207,-29188081.741765879095
18 May 2026 19:26:00.000,52169899586.090950012207,-29188081.741765882820
18 May 2026 19:26:10.000,52169899586.090950012207,-29188081.741765879095
18 May 2026 19:26:20.000,52169899586.090950012207,-29188081.741765882820
18 May 2026 19:26:30.000,52169899586.090957641602,-29188081.741765867919
18 May 2026 19:26:40.000,52169899586.090957641602,-29188081.741765867919
18 May 2026 19:26:50.000,52169899586.090965270996,-29188081.741765864193
18 May 2026 19:27:00.000,52169899586.090965270996,-29188081.741765860468
18 May 2026 19:27:10.000,52169899586.090965270996,-29188081.741765860468
18 May 2026 19:27:20.000,52169899586.090965270996,-29188081.741765860468
18 May 2026 19:27:30.000,52169899586.090965270996,-29188081.741765860468
18 May 2026 19:27:40.000,52169899586.090965270996,-29188081.741765860468
18 May 2026 19:27:50.000,52169899586.090965270996,-29188081.741765860468
18 May 2026 19:28:00.000,52169899586.090965270996,-29188081.741765864193
18 May 2026 19:28:10.000,52169899586.090965270996,-29188081.741765860468
18 May 2026 19:28:20.000,52169899586.090965270996,-29188081.741765860468
18 May 2026 19:28:30.000,52169899586.090965270996,-29188081.741765860468
18 May 2026 19:28:40.000,52169899586.090965270996,-29188081.741765864193
18 May 2026 19:28:50.000,52169899586.090965270996,-29188081.741765860468
18 May 2026 19:29:00.000,52169899586.090965270996,-29188081.741765864193
18 May 2026 19:29:10.000,52169899586.090965270996,-29188081.741765864193
18 May 2026 19:29:20.000,52169899586.090965270996,-29188081.741765860468
18 May 2026 19:29:30.000,52169899586.090965270996,-29188081.741765860468
18 May 2026 19:29:40.000,52169899586.090965270996,-29188081.741765860468
18 May 2026 19:29:50.000,52169899586.090950012207,-29188081.741765871644
18 May 2026 19:30:00.000,52169899586.090950012207,-29188081.741765875369
18 May 2026 19:30:10.000,52169899586.090965270996,-29188081.741765860468
18 May 2026 19:30:20.000,52169899586.090965270996,-29188081.741765860468
18 May 2026 19:30:30.000,52169899586.090965270996,-29188081.741765864193
18 May 2026 19:30:40.000,52169899586.090950012207,-29188081.741765871644
18 May 2026 19:30:50.000,52169899586.090965270996,-29188081.741765856743
18 May 2026 19:31:00.000,52169899586.090965270996,-29188081.741765860468
18 May 2026 19:31:10.000,52169899586.090965270996,-29188081.741765853018
18 May 2026 19:31:20.000,52169899586.090965270996,-29188081.741765856743
18 May 2026 19:31:30.000,52169899586.090965270996,-29188081.741765856743
18 May 2026 19:31:40.000,52169899586.090965270996,-29188081.741765856743
18 May 2026 19:31:50.000,52169899586.090980529785,-29188081.741765841842
18 May 2026 19:32:00.000,52169899586.090972900391,-29188081.741765856743
18 May 2026 19:32:10.000,52169899586.090965270996,-29188081.741765856743
18 May 2026 19:32:20.000,52169899586.090965270996,-29188081.741765860468
18 May 2026 19:32:30.000,52169899586.090965270996,-29188081.741765856743
18 May 2026 19:32:40.000,52169899586.090980529785,-29188081.741765845567
18 May 2026 19:32:50.000,52169899586.090988159180,-29188081.741765838116
18 May 2026 19:33:00.000,52169899586.090988159180,-29188081.741765838116
18 May 2026 19:33:10.000,52169899586.090988159180,-29188081.741765830666
18 May 2026 19:33:20.000,52169899586.090980529785,-29188081.741765849292
18 May 2026 19:33:30.000,52169899586.090972900391,-29188081.741765856743
18 May 2026 19:33:40.000,52169899586.090972900391,-29188081.741765849292
18 May 2026 19:33:50.000,52169899586.090980529785,-29188081.741765849292
18 May 2026 19:34:00.000,52169899586.090988159180,-29188081.741765838116
18 May 2026 19:34:10.000,52169899586.090988159180,-29188081.741765830666
18 May 2026 19:34:20.000,52169899586.090995788574,-29188081.741765826941
18 May 2026 19:34:30.000,52169899586.090988159180,-29188081.741765841842
18 May 2026 19:34:40.000,52169899586.090995788574,-29188081.741765826941
18 May 2026 19:34:50.000,52169899586.090995788574,-29188081.741765826941
18 May 2026 19:35:00.000,52169899586.090995788574,-29188081.741765826941
18 May 2026 19:35:10.000,52169899586.090995788574,-29188081.741765838116
18 May 2026 19:35:20.000,52169899586.091003417969,-29188081.741765819490
18 May 2026 19:35:30.000,52169899586.091003417969,-29188081.741765823215
18 May 2026 19:35:40.000,52169899586.091003417969,-29188081.741765819490
18 May 2026 19:35:50.000,52169899586.091003417969,-29188081.741765823215
18 May 2026 19:36:00.000,52169899586.091011047363,-29188081.741765812039
18 May 2026 19:36:10.000,52169899586.091011047363,-29188081.741765812039
18 May 2026 19:36:20.000,52169899586.091011047363,-29188081.741765812039
18 May 2026 19:36:30.000,52169899586.091011047363,-29188081.741765812039
18 May 2026 19:36:40.000,52169899586.091011047363,-29188081.741765808314
18 May 2026 19:36:50.000,52169899586.091011047363,-29188081.741765812039
18 May 2026 19:37:00.000,52169899586.091011047363,-29188081.741765812039
18 May 2026 19:37:10.000,52169899586.091011047363,-29188081.741765812039
18 May 2026 19:37:20.000,52169899586.091018676758,-29188081.741765800864
18 May 2026 19:37:30.000,52169899586.091018676758,-29188081.741765800864
18 May 2026 19:37:40.000,52169899586.091011047363,-29188081.741765815765
18 May 2026 19:37:50.000,52169899586.091026306152,-29188081.741765793413
18 May 2026 19:38:00.000,52169899586.091018676758,-29188081.741765808314
18 May 2026 19:38:10.000,52169899586.091026306152,-29188081.741765789688
18 May 2026 19:38:20.000,52169899586.091026306152,-29188081.741765797138
18 May 2026 19:38:30.000,52169899586.091018676758,-29188081.741765800864
18 May 2026 19:38:40.000,52169899586.091026306152,-29188081.741765785962
18 May 2026 19:38:50.000,52169899586.091018676758,-29188081.741765804589
18 May 2026 19:39:00.000,52169899586.091011047363,-29188081.741765808314
18 May 2026 19:39:10.000,52169899586.091011047363,-29188081.741765808314
18 May 2026 19:39:20.000,52169899586.091011047363,-29188081.741765808314
18 May 2026 19:39:30.000,52169899586.091011047363,-29188081.741765812039
18 May 2026 19:39:40.000,52169899586.091011047363,-29188081.741765812039
18 May 2026 19:39:50.000,52169899586.091011047363,-29188081.741765808314
18 May 2026 19:40:00.000,52169899586.091026306152,-29188081.741765793413
18 May 2026 19:40:10.000,52169899586.091011047363,-29188081.741765808314
18 May 2026 19:40:20.000,52169899586.091011047363,-29188081.741765808314
18 May 2026 19:40:30.000,52169899586.091011047363,-29188081.741765808314
18 May 2026 19:40:40.000,52169899586.091011047363,-29188081.741765808314
18 May 2026 19:40:50.000,52169899586.091011047363,-29188081.741765808314
18 May 2026 19:41:00.000,52169899586.091011047363,-29188081.741765808314
18 May 2026 19:41:10.000,52169899586.091011047363,-29188081.741765815765
18 May 2026 19:41:20.000,52169899586.091011047363,-29188081.741765808314
18 May 2026 19:41:30.000,52169899586.091011047363,-29188081.741765808314
18 May 2026 19:41:40.000,52169899586.091003417969,-29188081.741765819490
18 May 2026 19:41:50.000,52169899586.090995788574,-29188081.741765826941
18 May 2026 19:42:00.000,52169899586.090995788574,-29188081.741765823215
18 May 2026 19:42:10.000,52169899586.090995788574,-29188081.741765823215
18 May 2026 19:42:20.000,52169899586.090995788574,-29188081.741765823215
18 May 2026 19:42:30.000,52169899586.090988159180,-29188081.741765841842
18 May 2026 19:42:40.000,52169899586.090980529785,-29188081.741765845567
18 May 2026 19:42:50.000,52169899586.090988159180,-29188081.741765838116
18 May 2026 19:43:00.000,52169899586.090980529785,-29188081.741765845567
18 May 2026 19:43:10.000,52169899586.090995788574,-29188081.741765826941
18 May 2026 19:43:20.000,52169899586.090980529785,-29188081.741765849292
18 May 2026 19:43:30.000,52169899586.090988159180,-29188081.741765838116
18 May 2026 19:43:40.000,52169899586.090995788574,-29188081.741765830666
18 May 2026 19:43:50.000,52169899586.091003417969,-29188081.741765815765
18 May 2026 19:44:00.000,52169899586.091003417969,-29188081.741765819490
18 May 2026 19:44:10.000,52169899586.091003417969,-29188081.741765815765
18 May 2026 19:44:20.000,52169899586.091003417969,-29188081.741765823215
18 May 2026 19:44:30.000,52169899586.091003417969,-29188081.741765823215
18 May 2026 19:44:40.000,52169899586.091011047363,-29188081.741765808314
18 May 2026 19:44:50.000,52169899586.091026306152,-29188081.741765797138
18 May 2026 19:45:00.000,52169899586.091018676758,-29188081.741765800864
18 May 2026 19:45:10.000,52169899586.091026306152,-29188081.741765793413
18 May 2026 19:45:20.000,52169899586.091026306152,-29188081.741765789688
18 May 2026 19:45:30.000,52169899586.091026306152,-29188081.741765793413
18 May 2026 19:45:40.000,52169899586.091018676758,-29188081.741765800864
18 May 2026 19:45:50.000,52169899586.091018676758,-29188081.741765800864
18 May 2026 19:46:00.000,52169899586.091026306152,-29188081.741765793413
18 May 2026 19:46:10.000,52169899586.091018676758,-29188081.741765804589
18 May 2026 19:46:20.000,52169899586.091018676758,-29188081.741765800864
18 May 2026 19:46:30.000,52169899586.091011047363,-29188081.741765808314
18 May 2026 19:46:40.000,52169899586.091011047363,-29188081.741765808314
18 May 2026 19:46:50.000,52169899586.091011047363,-29188081.741765808314
18 May 2026 19:47:00.000,52169899586.090995788574,-29188081.741765838116
18 May 2026 19:47:10.000,52169899586.090995788574,-29188081.741765826941
18 May 2026 19:47:20.000,52169899586.090995788574,-29188081.741765826941
18 May 2026 19:47:30.000,52169899586.090995788574,-29188081.741765826941
18 May 2026 19:47:40.000,52169899586.090995788574,-29188081.741765826941
18 May 2026 19:47:50.000,52169899586.090995788574,-29188081.741765838116
18 May 2026 19:48:00.000,52169899586.090995788574,-29188081.741765823215
18 May 2026 19:48:10.000,52169899586.090995788574,-29188081.741765826941
18 May 2026 19:48:20.000,52169899586.090995788574,-29188081.741765826941
18 May 2026 19:48:30.000,52169899586.090995788574,-29188081.741765826941
18 May 2026 19:48:40.000,52169899586.090995788574,-29188081.741765826941
18 May 2026 19:48:50.000,52169899586.091003417969,-29188081.741765823215
18 May 2026 19:49:00.000,52169899586.091011047363,-29188081.741765808314
18 May 2026 19:49:10.000,52169899586.091011047363,-29188081.741765812039
18 May 2026 19:49:20.000,52169899586.090995788574,-29188081.741765830666
18 May 2026 19:49:30.000,52169899586.091011047363,-29188081.741765812039
18 May 2026 19:49:40.000,52169899586.091003417969,-29188081.741765819490
18 May 2026 19:49:50.000,52169899586.091011047363,-29188081.741765812039
18 May 2026 19:50:00.000,52169899586.091011047363,-29188081.741765812039
18 May 2026 19:50:10.000,52169899586.091026306152,-29188081.741765797138
18 May 2026 19:50:20.000,52169899586.091011047363,-29188081.741765812039
18 May 2026 19:50:30.000,52169899586.091011047363,-29188081.741765812039
18 May 2026 19:50:40.000,52169899586.091011047363,-29188081.741765812039
18 May 2026 19:50:50.000,52169899586.091026306152,-29188081.741765797138
18 May 2026 19:51:00.000,52169899586.091011047363,-29188081.741765812039
18 May 2026 19:51:10.000,52169899586.091003417969,-29188081.741765815765
18 May 2026 19:51:20.000,52169899586.091026306152,-29188081.741765797138
18 May 2026 19:51:30.000,52169899586.091026306152,-29188081.741765797138
18 May 2026 19:51:40.000,52169899586.091026306152,-29188081.741765797138
18 May 2026 19:51:50.000,52169899586.091011047363,-29188081.741765812039
18 May 2026 19:52:00.000,52169899586.091003417969,-29188081.741765819490
18 May 2026 19:52:10.000,52169899586.091011047363,-29188081.741765808314
18 May 2026 19:52:20.000,52169899586.091011047363,-29188081.741765815765
18 May 2026 19:52:30.000,52169899586.091011047363,-29188081.741765808314
18 May 2026 19:52:40.000,52169899586.091011047363,-29188081.741765812039
18 May 2026 19:52:50.000,52169899586.091011047363,-29188081.741765812039
18 May 2026 19:53:00.000,52169899586.091011047363,-29188081.741765815765
18 May 2026 19:53:10.000,52169899586.091011047363,-29188081.741765812039
18 May 2026 19:53:20.000,52169899586.091011047363,-29188081.741765812039
18 May 2026 19:53:30.000,52169899586.091003417969,-29188081.741765815765
18 May 2026 19:53:40.000,52169899586.091003417969,-29188081.741765815765
18 May 2026 19:53:50.000,52169899586.091011047363,-29188081.741765812039
18 May 2026 19:54:00.000,52169899586.091011047363,-29188081.741765815765
18 May 2026 19:54:10.000,52169899586.091003417969,-29188081.741765819490
18 May 2026 19:54:20.000,52169899586.090995788574,-29188081.741765823215
18 May 2026 19:54:30.000,52169899586.090995788574,-29188081.741765823215
18 May 2026 19:54:40.000,52169899586.090995788574,-29188081.741765823215
18 May 2026 19:54:50.000,52169899586.091003417969,-29188081.741765819490
18 May 2026 19:55:00.000,52169899586.091011047363,-29188081.741765808314
18 May 2026 19:55:10.000,52169899586.091011047363,-29188081.741765808314
18 May 2026 19:55:20.000,52169899586.091018676758,-29188081.741765800864
18 May 2026 19:55:30.000,52169899586.091011047363,-29188081.741765812039
18 May 2026 19:55:40.000,52169899586.091011047363,-29188081.741765808314
18 May 2026 19:55:50.000,52169899586.091011047363,-29188081.741765808314
18 May 2026 19:56:00.000,52169899586.091018676758,-29188081.741765800864
18 May 2026 19:56:10.000,52169899586.091026306152,-29188081.741765800864
18 May 2026 19:56:20.000,52169899586.091011047363,-29188081.741765812039
18 May 2026 19:56:30.000,52169899586.091018676758,-29188081.741765800864
18 May 2026 19:56:40.000,52169899586.091011047363,-29188081.741765808314
18 May 2026 19:56:50.000,52169899586.091011047363,-29188081.741765812039
18 May 2026 19:57:00.000,52169899586.091011047363,-29188081.741765808314
18 May 2026 19:57:10.000,52169899586.091026306152,-29188081.741765793413
18 May 2026 19:57:20.000,52169899586.091026306152,-29188081.741765793413
18 May 2026 19:57:30.000,52169899586.091026306152,-29188081.741765797138
18 May 2026 19:57:40.000,52169899586.091033935547,-29188081.741765785962
18 May 2026 19:57:50.000,52169899586.091033935547,-29188081.741765785962
18 May 2026 19:58:00.000,52169899586.091033935547,-29188081.741765785962
18 May 2026 19:58:10.000,52169899586.091026306152,-29188081.741765793413
18 May 2026 19:58:20.000,52169899586.091018676758,-29188081.741765804589
18 May 2026 19:58:30.000,52169899586.091026306152,-29188081.741765797138
18 May 2026 19:58:40.000,52169899586.091018676758,-29188081.741765800864
18 May 2026 19:58:50.000,52169899586.091026306152,-29188081.741765793413
18 May 2026 19:59:00.000,52169899586.091011047363,-29188081.741765812039
18 May 2026 19:59:10.000,52169899586.091011047363,-29188081.741765812039
18 May 2026 19:59:20.000,52169899586.091018676758,-29188081.741765804589
18 May 2026 19:59:30.000,52169899586.091018676758,-29188081.741765804589
18 May 2026 19:59:40.000,52169899586.091018676758,-29188081.741765800864
18 May 2026 19:59:50.000,52169899586.091026306152,-29188081.741765797138
18 May 2026 20:00:00.000,52169899586.091026306152,-29188081.741765800864
18 May 2026 20:00:10.000,52169899586.091033935547,-29188081.741765785962
18 May 2026 20:00:20.000,52169899586.091033935547,-29188081.741765789688
18 May 2026 20:00:30.000,52169899586.091033935547,-29188081.741765789688
18 May 2026 20:00:40.000,52169899586.091033935547,-29188081.741765785962
18 May 2026 20:00:50.000,52169899586.091033935547,-29188081.741765789688
18 May 2026 20:01:00.000,52169899586.091033935547,-29188081.741765789688
18 May 2026 20:01:10.000,52169899586.091041564941,-29188081.741765774786
18 May 2026 20:01:20.000,52169899586.091033935547,-29188081.741765785962
18 May 2026 20:01:30.000,52169899586.091033935547,-29188081.741765785962
18 May 2026 20:01:40.000,52169899586.091033935547,-29188081.741765785962
18 May 2026 20:01:50.000,52169899586.091033935547,-29188081.741765785962
18 May 2026 20:02:00.000,52169899586.091041564941,-29188081.741765774786
18 May 2026 20:02:10.000,52169899586.091033935547,-29188081.741765785962
18 May 2026 20:02:20.000,52169899586.091033935547,-29188081.741765785962
18 May 2026 20:02:30.000,52169899586.091033935547,-29188081.741765785962
18 May 2026 20:02:40.000,52169899586.091033935547,-29188081.741765789688
18 May 2026 20:02:50.000,52169899586.091033935547,-29188081.741765789688
18 May 2026 20:03:00.000,52169899586.091026306152,-29188081.741765793413
18 May 2026 20:03:10.000,52169899586.091026306152,-29188081.741765793413
18 May 2026 20:03:20.000,52169899586.091026306152,-29188081.741765793413
18 May 2026 20:03:30.000,52169899586.091026306152,-29188081.741765793413
18 May 2026 20:03:40.000,52169899586.091026306152,-29188081.741765789688
18 May 2026 20:03:50.000,52169899586.091026306152,-29188081.741765793413
18 May 2026 20:04:00.000,52169899586.091026306152,-29188081.741765793413
18 May 2026 20:04:10.000,52169899586.091026306152,-29188081.741765793413
18 May 2026 20:04:20.000,52169899586.091026306152,-29188081.741765793413
18 May 2026 20:04:30.000,52169899586.091026306152,-29188081.741765797138
18 May 2026 20:04:40.000,52169899586.091026306152,-29188081.741765793413
18 May 2026 20:04:50.000,52169899586.091026306152,-29188081.741765793413
18 May 2026 20:05:00.000,52169899586.091026306152,-29188081.741765793413
18 May 2026 20:05:10.000,52169899586.091026306152,-29188081.741765793413
18 May 2026 20:05:20.000,52169899586.091033935547,-29188081.741765785962
18 May 2026 20:05:30.000,52169899586.091033935547,-29188081.741765785962
18 May 2026 20:05:40.000,52169899586.091026306152,-29188081.741765793413
18 May 2026 20:05:50.000,52169899586.091033935547,-29188081.741765785962
18 May 2026 20:06:00.000,52169899586.091026306152,-29188081.741765797138
18 May 2026 20:06:10.000,52169899586.091026306152,-29188081.741765797138
18 May 2026 20:06:20.000,52169899586.091011047363,-29188081.741765808314
18 May 2026 20:06:30.000,52169899586.091011047363,-29188081.741765808314
18 May 2026 20:06:40.000,52169899586.091026306152,-29188081.741765797138
18 May 2026 20:06:50.000,52169899586.091026306152,-29188081.741765797138
18 May 2026 20:07:00.000,52169899586.091011047363,-29188081.741765808314
18 May 2026 20:07:10.000,52169899586.091011047363,-29188081.741765808314
18 May 2026 20:07:20.000,52169899586.091011047363,-29188081.741765808314
18 May 2026 20:07:30.000,52169899586.091026306152,-29188081.741765797138
18 May 2026 20:07:40.000,52169899586.091026306152,-29188081.741765797138
18 May 2026 20:07:50.000,52169899586.091026306152,-29188081.741765797138
18 May 2026 20:08:00.000,52169899586.091033935547,-29188081.741765785962
18 May 2026 20:08:10.000,52169899586.091033935547,-29188081.741765785962
18 May 2026 20:08:20.000,52169899586.091026306152,-29188081.741765793413
18 May 2026 20:08:30.000,52169899586.091026306152,-29188081.741765797138
18 May 2026 20:08:40.000,52169899586.091011047363,-29188081.741765808314
18 May 2026 20:08:50.000,52169899586.091011047363,-29188081.741765808314
18 May 2026 20:09:00.000,52169899586.091011047363,-29188081.741765808314
18 May 2026 20:09:10.000,52169899586.091011047363,-29188081.741765808314
18 May 2026 20:09:20.000,52169899586.091011047363,-29188081.741765808314
18 May 2026 20:09:30.000,52169899586.091026306152,-29188081.741765793413
18 May 2026 20:09:40.000,52169899586.091026306152,-29188081.741765793413
18 May 2026 20:09:50.000,52169899586.091026306152,-29188081.741765793413
18 May 2026 20:10:00.000,52169899586.091011047363,-29188081.741765808314
18 May 2026 20:10:10.000,52169899586.091026306152,-29188081.741765793413
18 May 2026 20:10:20.000,52169899586.091011047363,-29188081.741765808314
18 May 2026 20:10:30.000,52169899586.091011047363,-29188081.741765808314
18 May 2026 20:10:40.000,52169899586.091011047363,-29188081.741765808314
18 May 2026 20:10:50.000,52169899586.091011047363,-29188081.741765808314
18 May 2026 20:11:00.000,52169899586.091026306152,-29188081.741765793413
18 May 2026 20:11:10.000,52169899586.091026306152,-29188081.741765793413
18 May 2026 20:11:20.000,52169899586.091026306152,-29188081.741765793413
18 May 2026 20:11:30.000,52169899586.091026306152,-29188081.741765793413
18 May 2026 20:11:40.000,52169899586.091026306152,-29188081.741765797138
18 May 2026 20:11:50.000,52169899586.091011047363,-29188081.741765808314
18 May 2026 20:12:00.000,52169899586.091026306152,-29188081.741765797138
18 May 2026 20:12:10.000,52169899586.091011047363,-29188081.741765808314
18 May 2026 20:12:20.000,52169899586.091018676758,-29188081.741765804589
18 May 2026 20:12:30.000,52169899586.091026306152,-29188081.741765797138
18 May 2026 20:12:40.000,52169899586.091011047363,-29188081.741765808314
18 May 2026 20:12:50.000,52169899586.091011047363,-29188081.741765808314
18 May 2026 20:13:00.000,52169899586.091011047363,-29188081.741765808314
18 May 2026 20:13:10.000,52169899586.091011047363,-29188081.741765808314
18 May 2026 20:13:20.000,52169899586.091026306152,-29188081.741765797138
18 May 2026 20:13:30.000,52169899586.091011047363,-29188081.741765808314
18 May 2026 20:13:40.000,52169899586.091011047363,-29188081.741765815765
18 May 2026 20:13:50.000,52169899586.091003417969,-29188081.741765819490
18 May 2026 20:14:00.000,52169899586.091003417969,-29188081.741765815765
18 May 2026 20:14:10.000,52169899586.091011047363,-29188081.741765815765
18 May 2026 20:14:20.000,52169899586.091011047363,-29188081.741765815765
18 May 2026 20:14:30.000,52169899586.091011047363,-29188081.741765808314
18 May 2026 20:14:40.000,52169899586.091011047363,-29188081.741765808314
18 May 2026 20:14:50.000,52169899586.091011047363,-29188081.741765808314
18 May 2026 20:15:00.000,52169899586.091011047363,-29188081.741765808314
18 May 2026 20:15:10.000,52169899586.091011047363,-29188081.741765812039
18 May 2026 20:15:20.000,52169899586.091011047363,-29188081.741765808314
18 May 2026 20:15:30.000,52169899586.091011047363,-29188081.741765815765
18 May 2026 20:15:40.000,52169899586.091026306152,-29188081.741765797138
18 May 2026 20:15:50.000,52169899586.091011047363,-29188081.741765808314
18 May 2026 20:16:00.000,52169899586.091011047363,-29188081.741765808314
18 May 2026 20:16:10.000,52169899586.091011047363,-29188081.741765808314
18 May 2026 20:16:20.000,52169899586.091026306152,-29188081.741765800864
18 May 2026 20:16:30.000,52169899586.091026306152,-29188081.741765793413
18 May 2026 20:16:40.000,52169899586.091026306152,-29188081.741765797138
18 May 2026 20:16:50.000,52169899586.091033935547,-29188081.741765789688
18 May 2026 20:17:00.000,52169899586.091033935547,-29188081.741765789688
18 May 2026 20:17:10.000,52169899586.091026306152,-29188081.741765793413
18 May 2026 20:17:20.000,52169899586.091026306152,-29188081.741765793413
18 May 2026 20:17:30.000,52169899586.091026306152,-29188081.741765793413
18 May 2026 20:17:40.000,52169899586.091011047363,-29188081.741765808314
18 May 2026 20:17:50.000,52169899586.091026306152,-29188081.741765793413
18 May 2026 20:18:00.000,52169899586.091011047363,-29188081.741765808314
18 May 2026 20:18:10.000,52169899586.091011047363,-29188081.741765812039
18 May 2026 20:18:20.000,52169899586.091011047363,-29188081.741765812039
18 May 2026 20:18:30.000,52169899586.091003417969,-29188081.741765815765
18 May 2026 20:18:40.000,52169899586.091011047363,-29188081.741765812039
18 May 2026 20:18:50.000,52169899586.091011047363,-29188081.741765812039
18 May 2026 20:19:00.000,52169899586.091011047363,-29188081.741765812039
18 May 2026 20:19:10.000,52169899586.091011047363,-29188081.741765812039
18 May 2026 20:19:20.000,52169899586.091011047363,-29188081.741765808314
18 May 2026 20:19:30.000,52169899586.091011047363,-29188081.741765808314
18 May 2026 20:19:40.000,52169899586.091011047363,-29188081.741765808314
18 May 2026 20:19:50.000,52169899586.091011047363,-29188081.741765815765
18 May 2026 20:20:00.000,52169899586.091011047363,-29188081.741765815765
18 May 2026 20:20:10.000,52169899586.091011047363,-29188081.741765812039
18 May 2026 20:20:20.000,52169899586.091011047363,-29188081.741765812039
18 May 2026 20:20:30.000,52169899586.091011047363,-29188081.741765808314
18 May 2026 20:20:40.000,52169899586.091011047363,-29188081.741765812039
18 May 2026 20:20:50.000,52169899586.091011047363,-29188081.741765815765
18 May 2026 20:21:00.000,52169899586.091011047363,-29188081.741765812039
18 May 2026 20:21:10.000,52169899586.090995788574,-29188081.741765826941
18 May 2026 20:21:20.000,52169899586.091011047363,-29188081.741765808314
18 May 2026 20:21:30.000,52169899586.090995788574,-29188081.741765826941
18 May 2026 20:21:40.000,52169899586.090995788574,-29188081.741765830666
18 May 2026 20:21:50.000,52169899586.090995788574,-29188081.741765826941
18 May 2026 20:22:00.000,52169899586.090995788574,-29188081.741765830666
18 May 2026 20:22:10.000,52169899586.090988159180,-29188081.741765838116
18 May 2026 20:22:20.000,52169899586.090980529785,-29188081.741765845567
18 May 2026 20:22:30.000,52169899586.090988159180,-29188081.741765838116
18 May 2026 20:22:40.000,52169899586.090988159180,-29188081.741765838116
18 May 2026 20:22:50.000,52169899586.090995788574,-29188081.741765826941
18 May 2026 20:23:00.000,52169899586.090995788574,-29188081.741765826941
18 May 2026 20:23:10.000,52169899586.090988159180,-29188081.741765838116
18 May 2026 20:23:20.000,52169899586.090995788574,-29188081.741765826941
18 May 2026 20:23:30.000,52169899586.090995788574,-29188081.741765826941
18 May 2026 20:23:40.000,52169899586.090980529785,-29188081.741765845567
18 May 2026 20:23:50.000,52169899586.090995788574,-29188081.741765830666
18 May 2026 20:24:00.000,52169899586.090995788574,-29188081.741765823215
18 May 2026 20:24:10.000,52169899586.090995788574,-29188081.741765826941
18 May 2026 20:24:20.000,52169899586.090988159180,-29188081.741765838116
18 May 2026 20:24:30.000,52169899586.090980529785,-29188081.741765845567
18 May 2026 20:24:40.000,52169899586.090980529785,-29188081.741765845567
18 May 2026 20:24:50.000,52169899586.090980529785,-29188081.741765845567
18 May 2026 20:25:00.000,52169899586.090980529785,-29188081.741765838116
18 May 2026 20:25:10.000,52169899586.090980529785,-29188081.741765841842
18 May 2026 20:25:20.000,52169899586.090980529785,-29188081.741765841842
18 May 2026 20:25:30.000,52169899586.090980529785,-29188081.741765841842
18 May 2026 20:25:40.000,52169899586.090980529785,-29188081.741765841842
18 May 2026 20:25:50.000,52169899586.090972900391,-29188081.741765853018
18 May 2026 20:26:00.000,52169899586.090980529785,-29188081.741765841842
18 May 2026 20:26:10.000,52169899586.090965270996,-29188081.741765864193
18 May 2026 20:26:20.000,52169899586.090965270996,-29188081.741765853018
18 May 2026 20:26:30.000,52169899586.090965270996,-29188081.741765860468
18 May 2026 20:26:40.000,52169899586.090972900391,-29188081.741765856743
18 May 2026 20:26:50.000,52169899586.090965270996,-29188081.741765864193
18 May 2026 20:27:00.000,52169899586.090965270996,-29188081.741765864193
18 May 2026 20:27:10.000,52169899586.090965270996,-29188081.741765860468
18 May 2026 20:27:20.000,52169899586.090965270996,-29188081.741765864193
18 May 2026 20:27:30.000,52169899586.090942382812,-29188081.741765886545
18 May 2026 20:27:40.000,52169899586.090950012207,-29188081.741765875369
18 May 2026 20:27:50.000,52169899586.090950012207,-29188081.741765879095
18 May 2026 20:28:00.000,52169899586.090950012207,-29188081.741765871644
18 May 2026 20:28:10.000,52169899586.090942382812,-29188081.741765886545
18 May 2026 20:28:20.000,52169899586.090950012207,-29188081.741765879095
18 May 2026 20:28:30.000,52169899586.090950012207,-29188081.741765879095
18 May 2026 20:28:40.000,52169899586.090942382812,-29188081.741765886545
18 May 2026 20:28:50.000,52169899586.090942382812,-29188081.741765882820
18 May 2026 20:29:00.000,52169899586.090934753418,-29188081.741765897721
18 May 2026 20:29:10.000,52169899586.090934753418,-29188081.741765901446
18 May 2026 20:29:20.000,52169899586.090934753418,-29188081.741765890270
18 May 2026 20:29:30.000,52169899586.090934753418,-29188081.741765897721
18 May 2026 20:29:40.000,52169899586.090934753418,-29188081.741765901446
18 May 2026 20:29:50.000,52169899586.090934753418,-29188081.741765897721
18 May 2026 20:30:00.000,52169899586.090934753418,-29188081.741765901446
18 May 2026 20:30:10.000,52169899586.090934753418,-29188081.741765901446
18 May 2026 20:30:20.000,52169899586.090934753418,-29188081.741765890270
18 May 2026 20:30:30.000,52169899586.090934753418,-29188081.741765897721
18 May 2026 20:30:40.000,52169899586.090942382812,-29188081.741765882820
18 May 2026 20:30:50.000,52169899586.090942382812,-29188081.741765890270
18 May 2026 20:31:00.000,52169899586.090934753418,-29188081.741765897721
18 May 2026 20:31:10.000,52169899586.090942382812,-29188081.741765882820
18 May 2026 20:31:20.000,52169899586.090942382812,-29188081.741765882820
18 May 2026 20:31:30.000,52169899586.090942382812,-29188081.741765890270
18 May 2026 20:31:40.000,52169899586.090942382812,-29188081.741765882820
18 May 2026 20:31:50.000,52169899586.090942382812,-29188081.741765882820
18 May 2026 20:32:00.000,52169899586.090950012207,-29188081.741765875369
18 May 2026 20:32:10.000,52169899586.090950012207,-29188081.741765875369
18 May 2026 20:32:20.000,52169899586.090942382812,-29188081.741765882820
18 May 2026 20:32:30.000,52169899586.090950012207,-29188081.741765871644
18 May 2026 20:32:40.000,52169899586.090950012207,-29188081.741765871644
18 May 2026 20:32:50.000,52169899586.090950012207,-29188081.741765879095
18 May 2026 20:33:00.000,52169899586.090950012207,-29188081.741765879095
18 May 2026 20:33:10.000,52169899586.090942382812,-29188081.741765890270
18 May 2026 20:33:20.000,52169899586.090950012207,-29188081.741765875369
18 May 2026 20:33:30.000,52169899586.090950012207,-29188081.741765875369
18 May 2026 20:33:40.000,52169899586.090942382812,-29188081.741765886545
18 May 2026 20:33:50.000,52169899586.090950012207,-29188081.741765875369
18 May 2026 20:34:00.000,52169899586.090942382812,-29188081.741765882820
18 May 2026 20:34:10.000,52169899586.090942382812,-29188081.741765882820
18 May 2026 20:34:20.000,52169899586.090942382812,-29188081.741765882820
18 May 2026 20:34:30.000,52169899586.090942382812,-29188081.741765882820
18 May 2026 20:34:40.000,52169899586.090942382812,-29188081.741765882820
18 May 2026 20:34:50.000,52169899586.090934753418,-29188081.741765890270
18 May 2026 20:35:00.000,52169899586.090934753418,-29188081.741765901446
18 May 2026 20:35:10.000,52169899586.090942382812,-29188081.741765882820
18 May 2026 20:35:20.000,52169899586.090942382812,-29188081.741765890270
18 May 2026 20:35:30.000,52169899586.090942382812,-29188081.741765886545
18 May 2026 20:35:40.000,52169899586.090942382812,-29188081.741765886545
18 May 2026 20:35:50.000,52169899586.090942382812,-29188081.741765886545
18 May 2026 20:36:00.000,52169899586.090934753418,-29188081.741765897721
18 May 2026 20:36:10.000,52169899586.090934753418,-29188081.741765901446
18 May 2026 20:36:20.000,52169899586.090942382812,-29188081.741765890270
18 May 2026 20:36:30.000,52169899586.090934753418,-29188081.741765901446
18 May 2026 20:36:40.000,52169899586.090942382812,-29188081.741765886545
18 May 2026 20:36:50.000,52169899586.090934753418,-29188081.741765890270
18 May 2026 20:37:00.000,52169899586.090942382812,-29188081.741765886545
18 May 2026 20:37:10.000,52169899586.090942382812,-29188081.741765882820
18 May 2026 20:37:20.000,52169899586.090942382812,-29188081.741765882820
18 May 2026 20:37:30.000,52169899586.090942382812,-29188081.741765890270
18 May 2026 20:37:40.000,52169899586.090934753418,-29188081.741765905172
18 May 2026 20:37:50.000,52169899586.090934753418,-29188081.741765905172
18 May 2026 20:38:00.000,52169899586.090942382812,-29188081.741765886545
18 May 2026 20:38:10.000,52169899586.090934753418,-29188081.741765901446
18 May 2026 20:38:20.000,52169899586.090934753418,-29188081.741765901446
18 May 2026 20:38:30.000,52169899586.090942382812,-29188081.741765882820
18 May 2026 20:38:40.000,52169899586.090942382812,-29188081.741765882820
18 May 2026 20:38:50.000,52169899586.090942382812,-29188081.741765882820
18 May 2026 20:39:00.000,52169899586.090934753418,-29188081.741765897721
18 May 2026 20:39:10.000,52169899586.090934753418,-29188081.741765890270
18 May 2026 20:39:20.000,52169899586.090934753418,-29188081.741765901446
18 May 2026 20:39:30.000,52169899586.090934753418,-29188081.741765901446
18 May 2026 20:39:40.000,52169899586.090934753418,-29188081.741765897721
18 May 2026 20:39:50.000,52169899586.090942382812,-29188081.741765882820
18 May 2026 20:40:00.000,52169899586.090934753418,-29188081.741765897721
18 May 2026 20:40:10.000,52169899586.090934753418,-29188081.741765897721
18 May 2026 20:40:20.000,52169899586.090942382812,-29188081.741765886545
18 May 2026 20:40:30.000,52169899586.090934753418,-29188081.741765901446
18 May 2026 20:40:40.000,52169899586.090950012207,-29188081.741765871644
18 May 2026 20:40:50.000,52169899586.090950012207,-29188081.741765875369
18 May 2026 20:41:00.000,52169899586.090965270996,-29188081.741765864193
18 May 2026 20:41:10.000,52169899586.090950012207,-29188081.741765871644
18 May 2026 20:41:20.000,52169899586.090950012207,-29188081.741765867919
18 May 2026 20:41:30.000,52169899586.090965270996,-29188081.741765864193
18 May 2026 20:41:40.000,52169899586.090950012207,-29188081.741765867919
18 May 2026 20:41:50.000,52169899586.090965270996,-29188081.741765867919
18 May 2026 20:42:00.000,52169899586.090950012207,-29188081.741765875369
18 May 2026 20:42:10.000,52169899586.090950012207,-29188081.741765867919
18 May 2026 20:42:20.000,52169899586.090965270996,-29188081.741765867919
18 May 2026 20:42:30.000,52169899586.090965270996,-29188081.741765860468
18 May 2026 20:42:40.000,52169899586.090965270996,-29188081.741765864193
18 May 2026 20:42:50.000,52169899586.090965270996,-29188081.741765860468
18 May 2026 20:43:00.000,52169899586.090972900391,-29188081.741765856743
18 May 2026 20:43:10.000,52169899586.090972900391,-29188081.741765853018
18 May 2026 20:43:20.000,52169899586.090980529785,-29188081.741765845567
18 May 2026 20:43:30.000,52169899586.090980529785,-29188081.741765845567
18 May 2026 20:43:40.000,52169899586.090980529785,-29188081.741765841842
18 May 2026 20:43:50.000,52169899586.090972900391,-29188081.741765853018
18 May 2026 20:44:00.000,52169899586.090980529785,-29188081.741765841842
18 May 2026 20:44:10.000,52169899586.090972900391,-29188081.741765856743
18 May 2026 20:44:20.000,52169899586.090980529785,-29188081.741765845567
18 May 2026 20:44:30.000,52169899586.090980529785,-29188081.741765841842
18 May 2026 20:44:40.000,52169899586.090980529785,-29188081.741765845567
18 May 2026 20:44:50.000,52169899586.090972900391,-29188081.741765849292
18 May 2026 20:45:00.000,52169899586.090980529785,-29188081.741765845567
18 May 2026 20:45:10.000,52169899586.090972900391,-29188081.741765853018
18 May 2026 20:45:20.000,52169899586.090972900391,-29188081.741765853018
18 May 2026 20:45:30.000,52169899586.090980529785,-29188081.741765845567
18 May 2026 20:45:40.000,52169899586.090980529785,-29188081.741765849292
18 May 2026 20:45:50.000,52169899586.090972900391,-29188081.741765853018
18 May 2026 20:46:00.000,52169899586.090972900391,-29188081.741765853018
18 May 2026 20:46:10.000,52169899586.090980529785,-29188081.741765845567
18 May 2026 20:46:20.000,52169899586.090980529785,-29188081.741765845567
18 May 2026 20:46:30.000,52169899586.090980529785,-29188081.741765845567
18 May 2026 20:46:40.000,52169899586.090980529785,-29188081.741765841842
18 May 2026 20:46:50.000,52169899586.090980529785,-29188081.741765841842
18 May 2026 20:47:00.000,52169899586.090980529785,-29188081.741765845567
18 May 2026 20:47:10.000,52169899586.090988159180,-29188081.741765830666
18 May 2026 20:47:20.000,52169899586.090988159180,-29188081.741765830666
18 May 2026 20:47:30.000,52169899586.090995788574,-29188081.741765823215
18 May 2026 20:47:40.000,52169899586.090980529785,-29188081.741765841842
18 May 2026 20:47:50.000,52169899586.090980529785,-29188081.741765841842
18 May 2026 20:48:00.000,52169899586.090972900391,-29188081.741765853018
18 May 2026 20:48:10.000,52169899586.090972900391,-29188081.741765849292
18 May 2026 20:48:20.000,52169899586.090980529785,-29188081.741765841842
18 May 2026 20:48:30.000,52169899586.090980529785,-29188081.741765841842
18 May 2026 20:48:40.000,52169899586.090972900391,-29188081.741765853018
18 May 2026 20:48:50.000,52169899586.090972900391,-29188081.741765853018
18 May 2026 20:49:00.000,52169899586.090980529785,-29188081.741765845567
18 May 2026 20:49:10.000,52169899586.090965270996,-29188081.741765860468
18 May 2026 20:49:20.000,52169899586.090980529785,-29188081.741765841842
18 May 2026 20:49:30.000,52169899586.090965270996,-29188081.741765860468
18 May 2026 20:49:40.000,52169899586.090980529785,-29188081.741765841842
18 May 2026 20:49:50.000,52169899586.090965270996,-29188081.741765864193
18 May 2026 20:50:00.000,52169899586.090965270996,-29188081.741765864193
18 May 2026 20:50:10.000,52169899586.090965270996,-29188081.741765860468
18 May 2026 20:50:20.000,52169899586.090965270996,-29188081.741765860468
18 May 2026 20:50:30.000,52169899586.090980529785,-29188081.741765845567
18 May 2026 20:50:40.000,52169899586.090980529785,-29188081.741765841842
18 May 2026 20:50:50.000,52169899586.090972900391,-29188081.741765856743
18 May 2026 20:51:00.000,52169899586.090972900391,-29188081.741765853018
18 May 2026 20:51:10.000,52169899586.090965270996,-29188081.741765860468
18 May 2026 20:51:20.000,52169899586.090965270996,-29188081.741765864193
18 May 2026 20:51:30.000,52169899586.090965270996,-29188081.741765860468
18 May 2026 20:51:40.000,52169899586.090965270996,-29188081.741765864193
18 May 2026 20:51:50.000,52169899586.090965270996,-29188081.741765860468
18 May 2026 20:52:00.000,52169899586.090965270996,-29188081.741765864193
18 May 2026 20:52:10.000,52169899586.090965270996,-29188081.741765864193
18 May 2026 20:52:20.000,52169899586.090965270996,-29188081.741765864193
18 May 2026 20:52:30.000,52169899586.090965270996,-29188081.741765864193
18 May 2026 20:52:40.000,52169899586.090965270996,-29188081.741765864193
18 May 2026 20:52:50.000,52169899586.090965270996,-29188081.741765864193
18 May 2026 20:53:00.000,52169899586.090950012207,-29188081.741765867919
18 May 2026 20:53:10.000,52169899586.090965270996,-29188081.741765860468
18 May 2026 20:53:20.000,52169899586.090950012207,-29188081.741765871644
18 May 2026 20:53:30.000,52169899586.090965270996,-29188081.741765860468
18 May 2026 20:53:40.000,52169899586.090965270996,-29188081.741765864193
18 May 2026 20:53:50.000,52169899586.090965270996,-29188081.741765864193
18 May 2026 20:54:00.000,52169899586.090965270996,-29188081.741765860468
18 May 2026 20:54:10.000,52169899586.090950012207,-29188081.741765871644
18 May 2026 20:54:20.000,52169899586.090950012207,-29188081.741765875369
18 May 2026 20:54:30.000,52169899586.090965270996,-29188081.741765864193
18 May 2026 20:54:40.000,52169899586.090965270996,-29188081.741765864193
18 May 2026 20:54:50.000,52169899586.090972900391,-29188081.741765853018
18 May 2026 20:55:00.000,52169899586.090965270996,-29188081.741765860468
18 May 2026 20:55:10.000,52169899586.090965270996,-29188081.741765860468
18 May 2026 20:55:20.000,52169899586.090965270996,-29188081.741765860468
18 May 2026 20:55:30.000,52169899586.090950012207,-29188081.741765875369
18 May 2026 20:55:40.000,52169899586.090950012207,-29188081.741765875369
18 May 2026 20:55:50.000,52169899586.090950012207,-29188081.741765871644
18 May 2026 20:56:00.000,52169899586.090950012207,-29188081.741765875369
18 May 2026 20:56:10.000,52169899586.090950012207,-29188081.741765871644
18 May 2026 20:56:20.000,52169899586.090950012207,-29188081.741765875369
18 May 2026 20:56:30.000,52169899586.090965270996,-29188081.741765864193
18 May 2026 20:56:40.000,52169899586.090965270996,-29188081.741765864193
18 May 2026 20:56:50.000,52169899586.090965270996,-29188081.741765860468
18 May 2026 20:57:00.000,52169899586.090965270996,-29188081.741765864193
18 May 2026 20:57:10.000,52169899586.090950012207,-29188081.741765875369
18 May 2026 20:57:20.000,52169899586.090950012207,-29188081.741765875369
18 May 2026 20:57:30.000,52169899586.090965270996,-29188081.741765867919
18 May 2026 20:57:40.000,52169899586.090965270996,-29188081.741765856743
18 May 2026 20:57:50.000,52169899586.090965270996,-29188081.741765864193
18 May 2026 20:58:00.000,52169899586.090965270996,-29188081.741765860468
18 May 2026 20:58:10.000,52169899586.090957641602,-29188081.741765864193
18 May 2026 20:58:20.000,52169899586.090950012207,-29188081.741765875369
18 May 2026 20:58:30.000,52169899586.090950012207,-29188081.741765879095
18 May 2026 20:58:40.000,52169899586.090950012207,-29188081.741765879095
18 May 2026 20:58:50.000,52169899586.090950012207,-29188081.741765879095
18 May 2026 20:59:00.000,52169899586.090950012207,-29188081.741765879095
18 May 2026 20:59:10.000,52169899586.090950012207,-29188081.741765879095
18 May 2026 20:59:20.000,52169899586.090950012207,-29188081.741765879095
18 May 2026 20:59:30.000,52169899586.090950012207,-29188081.741765882820
18 May 2026 20:59:40.000,52169899586.090950012207,-29188081.741765879095
18 May 2026 20:59:50.000,52169899586.090950012207,-29188081.741765875369
18 May 2026 21:00:00.000,52169899586.090950012207,-29188081.741765875369
18 May 2026 21:00:10.000,52169899586.090950012207,-29188081.741765875369
18 May 2026 21:00:20.000,52169899586.090950012207,-29188081.741765875369
18 May 2026 21:00:30.000,52169899586.090950012207,-29188081.741765875369
18 May 2026 21:00:40.000,52169899586.090942382812,-29188081.741765886545
18 May 2026 21:00:50.000,52169899586.090950012207,-29188081.741765882820
18 May 2026 21:01:00.000,52169899586.090950012207,-29188081.741765879095
18 May 2026 21:01:10.000,52169899586.090950012207,-29188081.741765879095
18 May 2026 21:01:20.000,52169899586.090957641602,-29188081.741765867919
18 May 2026 21:01:30.000,52169899586.090965270996,-29188081.741765867919
18 May 2026 21:01:40.000,52169899586.090950012207,-29188081.741765879095
18 May 2026 21:01:50.000,52169899586.090950012207,-29188081.741765882820
18 May 2026 21:02:00.000,52169899586.090950012207,-29188081.741765875369
18 May 2026 21:02:10.000,52169899586.090950012207,-29188081.741765875369
18 May 2026 21:02:20.000,52169899586.090950012207,-29188081.741765875369
18 May 2026 21:02:30.000,52169899586.090934753418,-29188081.741765897721
18 May 2026 21:02:40.000,52169899586.090950012207,-29188081.741765879095
18 May 2026 21:02:50.000,52169899586.090950012207,-29188081.741765875369
18 May 2026 21:03:00.000,52169899586.090934753418,-29188081.741765897721
18 May 2026 21:03:10.000,52169899586.090934753418,-29188081.741765890270
18 May 2026 21:03:20.000,52169899586.090934753418,-29188081.741765901446
18 May 2026 21:03:30.000,52169899586.090934753418,-29188081.741765897721
18 May 2026 21:03:40.000,52169899586.090934753418,-29188081.741765897721
18 May 2026 21:03:50.000,52169899586.090950012207,-29188081.741765879095
18 May 2026 21:04:00.000,52169899586.090934753418,-29188081.741765890270
18 May 2026 21:04:10.000,52169899586.090934753418,-29188081.741765901446
18 May 2026 21:04:20.000,52169899586.090934753418,-29188081.741765890270
18 May 2026 21:04:30.000,52169899586.090934753418,-29188081.741765901446
18 May 2026 21:04:40.000,52169899586.090934753418,-29188081.741765897721
18 May 2026 21:04:50.000,52169899586.090934753418,-29188081.741765901446
18 May 2026 21:05:00.000,52169899586.090927124023,-29188081.741765908897
18 May 2026 21:05:10.000,52169899586.090934753418,-29188081.741765901446
18 May 2026 21:05:20.000,52169899586.090934753418,-29188081.741765901446
18 May 2026 21:05:30.000,52169899586.090934753418,-29188081.741765901446
18 May 2026 21:05:40.000,52169899586.090934753418,-29188081.741765905172
18 May 2026 21:05:50.000,52169899586.090934753418,-29188081.741765890270
18 May 2026 21:06:00.000,52169899586.090934753418,-29188081.741765901446
18 May 2026 21:06:10.000,52169899586.090934753418,-29188081.741765897721
18 May 2026 21:06:20.000,52169899586.090934753418,-29188081.741765890270
18 May 2026 21:06:30.000,52169899586.090934753418,-29188081.741765897721
18 May 2026 21:06:40.000,52169899586.090934753418,-29188081.741765901446
18 May 2026 21:06:50.000,52169899586.090934753418,-29188081.741765901446
18 May 2026 21:07:00.000,52169899586.090934753418,-29188081.741765905172
18 May 2026 21:07:10.000,52169899586.090927124023,-29188081.741765908897
18 May 2026 21:07:20.000,52169899586.090927124023,-29188081.741765901446
18 May 2026 21:07:30.000,52169899586.090927124023,-29188081.741765908897
18 May 2026 21:07:40.000,52169899586.090919494629,-29188081.741765920073
18 May 2026 21:07:50.000,52169899586.090927124023,-29188081.741765905172
18 May 2026 21:08:00.000,52169899586.090919494629,-29188081.741765912622
18 May 2026 21:08:10.000,52169899586.090919494629,-29188081.741765916348
18 May 2026 21:08:20.000,52169899586.090919494629,-29188081.741765916348
18 May 2026 21:08:30.000,52169899586.090911865234,-29188081.741765923798
18 May 2026 21:08:40.000,52169899586.090911865234,-29188081.741765916348
18 May 2026 21:08:50.000,52169899586.090911865234,-29188081.741765920073
18 May 2026 21:09:00.000,52169899586.090911865234,-29188081.741765923798
18 May 2026 21:09:10.000,52169899586.090911865234,-29188081.741765916348
18 May 2026 21:09:20.000,52169899586.090919494629,-29188081.741765916348
18 May 2026 21:09:30.000,52169899586.090927124023,-29188081.741765908897
18 May 2026 21:09:40.000,52169899586.090927124023,-29188081.741765908897
18 May 2026 21:09:50.000,52169899586.090927124023,-29188081.741765908897
18 May 2026 21:10:00.000,52169899586.090927124023,-29188081.741765908897
18 May 2026 21:10:10.000,52169899586.090919494629,-29188081.741765916348
18 May 2026 21:10:20.000,52169899586.090919494629,-29188081.741765916348
18 May 2026 21:10:30.000,52169899586.090911865234,-29188081.741765920073
18 May 2026 21:10:40.000,52169899586.090911865234,-29188081.741765920073
18 May 2026 21:10:50.000,52169899586.090911865234,-29188081.741765920073
18 May 2026 21:11:00.000,52169899586.090911865234,-29188081.741765920073
18 May 2026 21:11:10.000,52169899586.090911865234,-29188081.741765920073
18 May 2026 21:11:20.000,52169899586.090911865234,-29188081.741765920073
18 May 2026 21:11:30.000,52169899586.090927124023,-29188081.741765908897
18 May 2026 21:11:40.000,52169899586.090927124023,-29188081.741765908897
18 May 2026 21:11:50.000,52169899586.090927124023,-29188081.741765908897
18 May 2026 21:12:00.000,52169899586.090927124023,-29188081.741765908897
18 May 2026 21:12:10.000,52169899586.090919494629,-29188081.741765916348
18 May 2026 21:12:20.000,52169899586.090927124023,-29188081.741765908897
18 May 2026 21:12:30.000,52169899586.090927124023,-29188081.741765908897
18 May 2026 21:12:40.000,52169899586.090919494629,-29188081.741765916348
18 May 2026 21:12:50.000,52169899586.090919494629,-29188081.741765916348
18 May 2026 21:13:00.000,52169899586.090911865234,-29188081.741765920073
18 May 2026 21:13:10.000,52169899586.090911865234,-29188081.741765920073
18 May 2026 21:13:20.000,52169899586.090911865234,-29188081.741765927523
18 May 2026 21:13:30.000,52169899586.090919494629,-29188081.741765920073
18 May 2026 21:13:40.000,52169899586.090927124023,-29188081.741765908897
18 May 2026 21:13:50.000,52169899586.090927124023,-29188081.741765908897
18 May 2026 21:14:00.000,52169899586.090927124023,-29188081.741765901446
18 May 2026 21:14:10.000,52169899586.090934753418,-29188081.741765890270
18 May 2026 21:14:20.000,52169899586.090927124023,-29188081.741765901446
18 May 2026 21:14:30.000,52169899586.090934753418,-29188081.741765890270
18 May 2026 21:14:40.000,52169899586.090927124023,-29188081.741765901446
18 May 2026 21:14:50.000,52169899586.090934753418,-29188081.741765890270
18 May 2026 21:15:00.000,52169899586.090927124023,-29188081.741765905172
18 May 2026 21:15:10.000,52169899586.090927124023,-29188081.741765905172
18 May 2026 21:15:20.000,52169899586.090927124023,-29188081.741765905172
18 May 2026 21:15:30.000,52169899586.090927124023,-29188081.741765905172
18 May 2026 21:15:40.000,52169899586.090911865234,-29188081.741765920073
18 May 2026 21:15:50.000,52169899586.090919494629,-29188081.741765912622
18 May 2026 21:16:00.000,52169899586.090911865234,-29188081.741765920073
18 May 2026 21:16:10.000,52169899586.090911865234,-29188081.741765916348
18 May 2026 21:16:20.000,52169899586.090911865234,-29188081.741765916348
18 May 2026 21:16:30.000,52169899586.090904235840,-29188081.741765931249
18 May 2026 21:16:40.000,52169899586.090896606445,-29188081.741765938699
18 May 2026 21:16:50.000,52169899586.090904235840,-29188081.741765931249
18 May 2026 21:17:00.000,52169899586.090904235840,-29188081.741765931249
18 May 2026 21:17:10.000,52169899586.090896606445,-29188081.741765938699
18 May 2026 21:17:20.000,52169899586.090896606445,-29188081.741765938699
18 May 2026 21:17:30.000,52169899586.090896606445,-29188081.741765938699
18 May 2026 21:17:40.000,52169899586.090896606445,-29188081.741765938699
18 May 2026 21:17:50.000,52169899586.090896606445,-29188081.741765938699
18 May 2026 21:18:00.000,52169899586.090896606445,-29188081.741765934974
18 May 2026 21:18:10.000,52169899586.090904235840,-29188081.741765927523
18 May 2026 21:18:20.000,52169899586.090896606445,-29188081.741765931249
18 May 2026 21:18:30.000,52169899586.090896606445,-29188081.741765938699
18 May 2026 21:18:40.000,52169899586.090896606445,-29188081.741765931249
18 May 2026 21:18:50.000,52169899586.090896606445,-29188081.741765938699
18 May 2026 21:19:00.000,52169899586.090896606445,-29188081.741765946150
18 May 2026 21:19:10.000,52169899586.090896606445,-29188081.741765938699
18 May 2026 21:19:20.000,52169899586.090896606445,-29188081.741765938699
18 May 2026 21:19:30.000,52169899586.090896606445,-29188081.741765934974
18 May 2026 21:19:40.000,52169899586.090881347656,-29188081.741765953600
18 May 2026 21:19:50.000,52169899586.090881347656,-29188081.741765953600
18 May 2026 21:20:00.000,52169899586.090881347656,-29188081.741765953600
18 May 2026 21:20:10.000,52169899586.090881347656,-29188081.741765953600
18 May 2026 21:20:20.000,52169899586.090881347656,-29188081.741765953600
18 May 2026 21:20:30.000,52169899586.090881347656,-29188081.741765946150
18 May 2026 21:20:40.000,52169899586.090881347656,-29188081.741765957326
18 May 2026 21:20:50.000,52169899586.090881347656,-29188081.741765957326
18 May 2026 21:21:00.000,52169899586.090881347656,-29188081.741765957326
18 May 2026 21:21:10.000,52169899586.090881347656,-29188081.741765957326
18 May 2026 21:21:20.000,52169899586.090881347656,-29188081.741765957326
18 May 2026 21:21:30.000,52169899586.090881347656,-29188081.741765957326
18 May 2026 21:21:40.000,52169899586.090881347656,-29188081.741765957326
18 May 2026 21:21:50.000,52169899586.090896606445,-29188081.741765938699
18 May 2026 21:22:00.000,52169899586.090881347656,-29188081.741765957326
18 May 2026 21:22:10.000,52169899586.090881347656,-29188081.741765953600
18 May 2026 21:22:20.000,52169899586.090896606445,-29188081.741765942425
18 May 2026 21:22:30.000,52169899586.090896606445,-29188081.741765942425
18 May 2026 21:22:40.000,52169899586.090896606445,-29188081.741765942425
18 May 2026 21:22:50.000,52169899586.090896606445,-29188081.741765938699
18 May 2026 21:23:00.000,52169899586.090896606445,-29188081.741765938699
18 May 2026 21:23:10.000,52169899586.090896606445,-29188081.741765938699
18 May 2026 21:23:20.000,52169899586.090896606445,-29188081.741765942425
18 May 2026 21:23:30.000,52169899586.090896606445,-29188081.741765938699
18 May 2026 21:23:40.000,52169899586.090896606445,-29188081.741765942425
18 May 2026 21:23:50.000,52169899586.090896606445,-29188081.741765942425
18 May 2026 21:24:00.000,52169899586.090881347656,-29188081.741765957326
18 May 2026 21:24:10.000,52169899586.090881347656,-29188081.741765953600
18 May 2026 21:24:20.000,52169899586.090896606445,-29188081.741765938699
18 May 2026 21:24:30.000,52169899586.090896606445,-29188081.741765942425
18 May 2026 21:24:40.000,52169899586.090896606445,-29188081.741765946150
18 May 2026 21:24:50.000,52169899586.090881347656,-29188081.741765953600
18 May 2026 21:25:00.000,52169899586.090881347656,-29188081.741765957326
18 May 2026 21:25:10.000,52169899586.090881347656,-29188081.741765957326
18 May 2026 21:25:20.000,52169899586.090896606445,-29188081.741765942425
18 May 2026 21:25:30.000,52169899586.090881347656,-29188081.741765953600
18 May 2026 21:25:40.000,52169899586.090881347656,-29188081.741765957326
18 May 2026 21:25:50.000,52169899586.090873718262,-29188081.741765968502
18 May 2026 21:26:00.000,52169899586.090881347656,-29188081.741765953600
18 May 2026 21:26:10.000,52169899586.090881347656,-29188081.741765953600
18 May 2026 21:26:20.000,52169899586.090866088867,-29188081.741765968502
18 May 2026 21:26:30.000,52169899586.090866088867,-29188081.741765972227
18 May 2026 21:26:40.000,52169899586.090873718262,-29188081.741765964776
18 May 2026 21:26:50.000,52169899586.090881347656,-29188081.741765953600
18 May 2026 21:27:00.000,52169899586.090881347656,-29188081.741765957326
18 May 2026 21:27:10.000,52169899586.090873718262,-29188081.741765968502
18 May 2026 21:27:20.000,52169899586.090873718262,-29188081.741765968502
18 May 2026 21:27:30.000,52169899586.090866088867,-29188081.741765972227
18 May 2026 21:27:40.000,52169899586.090866088867,-29188081.741765972227
18 May 2026 21:27:50.000,52169899586.090866088867,-29188081.741765975952
18 May 2026 21:28:00.000,52169899586.090866088867,-29188081.741765975952
18 May 2026 21:28:10.000,52169899586.090866088867,-29188081.741765972227
18 May 2026 21:28:20.000,52169899586.090866088867,-29188081.741765968502
18 May 2026 21:28:30.000,52169899586.090866088867,-29188081.741765972227
18 May 2026 21:28:40.000,52169899586.090866088867,-29188081.741765972227
18 May 2026 21:28:50.000,52169899586.090866088867,-29188081.741765972227
18 May 2026 21:29:00.000,52169899586.090858459473,-29188081.741765983403
18 May 2026 21:29:10.000,52169899586.090866088867,-29188081.741765972227
18 May 2026 21:29:20.000,52169899586.090866088867,-29188081.741765972227
18 May 2026 21:29:30.000,52169899586.090866088867,-29188081.741765975952
18 May 2026 21:29:40.000,52169899586.090866088867,-29188081.741765972227
18 May 2026 21:29:50.000,52169899586.090866088867,-29188081.741765972227
18 May 2026 21:30:00.000,52169899586.090866088867,-29188081.741765972227
18 May 2026 21:30:10.000,52169899586.090866088867,-29188081.741765972227
18 May 2026 21:30:20.000,52169899586.090850830078,-29188081.741765987128
18 May 2026 21:30:30.000,52169899586.090850830078,-29188081.741765987128
18 May 2026 21:30:40.000,52169899586.090850830078,-29188081.741765990853
18 May 2026 21:30:50.000,52169899586.090850830078,-29188081.741765990853
18 May 2026 21:31:00.000,52169899586.090850830078,-29188081.741765994579
18 May 2026 21:31:10.000,52169899586.090850830078,-29188081.741765990853
18 May 2026 21:31:20.000,52169899586.090850830078,-29188081.741765987128
18 May 2026 21:31:30.000,52169899586.090866088867,-29188081.741765972227
18 May 2026 21:31:40.000,52169899586.090866088867,-29188081.741765972227
18 May 2026 21:31:50.000,52169899586.090866088867,-29188081.741765975952
18 May 2026 21:32:00.000,52169899586.090866088867,-29188081.741765975952
18 May 2026 21:32:10.000,52169899586.090866088867,-29188081.741765968502
18 May 2026 21:32:20.000,52169899586.090881347656,-29188081.741765953600
18 May 2026 21:32:30.000,52169899586.090881347656,-29188081.741765953600
18 May 2026 21:32:40.000,52169899586.090881347656,-29188081.741765953600
18 May 2026 21:32:50.000,52169899586.090873718262,-29188081.741765968502
18 May 2026 21:33:00.000,52169899586.090873718262,-29188081.741765968502
18 May 2026 21:33:10.000,52169899586.090873718262,-29188081.741765964776
18 May 2026 21:33:20.000,52169899586.090873718262,-29188081.741765964776
18 May 2026 21:33:30.000,52169899586.090881347656,-29188081.741765953600
18 May 2026 21:33:40.000,52169899586.090881347656,-29188081.741765953600
18 May 2026 21:33:50.000,52169899586.090881347656,-29188081.741765953600
18 May 2026 21:34:00.000,52169899586.090873718262,-29188081.741765964776
18 May 2026 21:34:10.000,52169899586.090881347656,-29188081.741765953600
18 May 2026 21:34:20.000,52169899586.090881347656,-29188081.741765961051
18 May 2026 21:34:30.000,52169899586.090896606445,-29188081.741765938699
18 May 2026 21:34:40.000,52169899586.090896606445,-29188081.741765938699
18 May 2026 21:34:50.000,52169899586.090896606445,-29188081.741765938699
18 May 2026 21:35:00.000,52169899586.090896606445,-29188081.741765938699
18 May 2026 21:35:10.000,52169899586.090881347656,-29188081.741765961051
18 May 2026 21:35:20.000,52169899586.090896606445,-29188081.741765938699
18 May 2026 21:35:30.000,52169899586.090896606445,-29188081.741765934974
18 May 2026 21:35:40.000,52169899586.090896606445,-29188081.741765934974
18 May 2026 21:35:50.000,52169899586.090896606445,-29188081.741765934974
18 May 2026 21:36:00.000,52169899586.090896606445,-29188081.741765934974
18 May 2026 21:36:10.000,52169899586.090904235840,-29188081.741765931249
18 May 2026 21:36:20.000,52169899586.090904235840,-29188081.741765927523
18 May 2026 21:36:30.000,52169899586.090896606445,-29188081.741765934974
18 May 2026 21:36:40.000,52169899586.090904235840,-29188081.741765931249
18 May 2026 21:36:50.000,52169899586.090896606445,-29188081.741765934974
18 May 2026 21:37:00.000,52169899586.090904235840,-29188081.741765927523
18 May 2026 21:37:10.000,52169899586.090904235840,-29188081.741765927523
18 May 2026 21:37:20.000,52169899586.090896606445,-29188081.741765934974
18 May 2026 21:37:30.000,52169899586.090911865234,-29188081.741765927523
18 May 2026 21:37:40.000,52169899586.090896606445,-29188081.741765938699
18 May 2026 21:37:50.000,52169899586.090904235840,-29188081.741765934974
18 May 2026 21:38:00.000,52169899586.090904235840,-29188081.741765931249
18 May 2026 21:38:10.000,52169899586.090911865234,-29188081.741765920073
18 May 2026 21:38:20.000,52169899586.090911865234,-29188081.741765920073
18 May 2026 21:38:30.000,52169899586.090911865234,-29188081.741765920073
18 May 2026 21:38:40.000,52169899586.090911865234,-29188081.741765920073
18 May 2026 21:38:50.000,52169899586.090911865234,-29188081.741765920073
18 May 2026 21:39:00.000,52169899586.090911865234,-29188081.741765920073
18 May 2026 21:39:10.000,52169899586.090911865234,-29188081.741765920073
18 May 2026 21:39:20.000,52169899586.090911865234,-29188081.741765920073
18 May 2026 21:39:30.000,52169899586.090904235840,-29188081.741765934974
18 May 2026 21:39:40.000,52169899586.090911865234,-29188081.741765920073
18 May 2026 21:39:50.000,52169899586.090911865234,-29188081.741765920073
18 May 2026 21:40:00.000,52169899586.090911865234,-29188081.741765920073
18 May 2026 21:40:10.000,52169899586.090919494629,-29188081.741765912622
18 May 2026 21:40:20.000,52169899586.090919494629,-29188081.741765908897
18 May 2026 21:40:30.000,52169899586.090911865234,-29188081.741765920073
18 May 2026 21:40:40.000,52169899586.090919494629,-29188081.741765912622
18 May 2026 21:40:50.000,52169899586.090919494629,-29188081.741765912622
18 May 2026 21:41:00.000,52169899586.090911865234,-29188081.741765920073
18 May 2026 21:41:10.000,52169899586.090919494629,-29188081.741765908897
18 May 2026 21:41:20.000,52169899586.090927124023,-29188081.741765908897
18 May 2026 21:41:30.000,52169899586.090919494629,-29188081.741765912622
18 May 2026 21:41:40.000,52169899586.090927124023,-29188081.741765908897
18 May 2026 21:41:50.000,52169899586.090919494629,-29188081.741765908897
18 May 2026 21:42:00.000,52169899586.090927124023,-29188081.741765901446
18 May 2026 21:42:10.000,52169899586.090934753418,-29188081.741765897721
18 May 2026 21:42:20.000,52169899586.090927124023,-29188081.741765901446
18 May 2026 21:42:30.000,52169899586.090919494629,-29188081.741765908897
18 May 2026 21:42:40.000,52169899586.090927124023,-29188081.741765901446
18 May 2026 21:42:50.000,52169899586.090919494629,-29188081.741765908897
18 May 2026 21:43:00.000,52169899586.090927124023,-29188081.741765901446
18 May 2026 21:43:10.000,52169899586.090927124023,-29188081.741765901446
18 May 2026 21:43:20.000,52169899586.090919494629,-29188081.741765908897
18 May 2026 21:43:30.000,52169899586.090927124023,-29188081.741765901446
18 May 2026 21:43:40.000,52169899586.090927124023,-29188081.741765908897
18 May 2026 21:43:50.000,52169899586.090927124023,-29188081.741765908897
18 May 2026 21:44:00.000,52169899586.090927124023,-29188081.741765908897
18 May 2026 21:44:10.000,52169899586.090919494629,-29188081.741765920073
18 May 2026 21:44:20.000,52169899586.090927124023,-29188081.741765901446
18 May 2026 21:44:30.000,52169899586.090927124023,-29188081.741765908897
18 May 2026 21:44:40.000,52169899586.090934753418,-29188081.741765897721
18 May 2026 21:44:50.000,52169899586.090934753418,-29188081.741765897721
18 May 2026 21:45:00.000,52169899586.090927124023,-29188081.741765908897
18 May 2026 21:45:10.000,52169899586.090934753418,-29188081.741765897721
18 May 2026 21:45:20.000,52169899586.090934753418,-29188081.741765897721
18 May 2026 21:45:30.000,52169899586.090927124023,-29188081.741765905172
18 May 2026 21:45:40.000,52169899586.090927124023,-29188081.741765905172
18 May 2026 21:45:50.000,52169899586.090927124023,-29188081.741765908897
18 May 2026 21:46:00.000,52169899586.090911865234,-29188081.741765923798
18 May 2026 21:46:10.000,52169899586.090911865234,-29188081.741765920073
18 May 2026 21:46:20.000,52169899586.090911865234,-29188081.741765920073
18 May 2026 21:46:30.000,52169899586.090911865234,-29188081.741765920073
18 May 2026 21:46:40.000,52169899586.090911865234,-29188081.741765927523
18 May 2026 21:46:50.000,52169899586.090911865234,-29188081.741765927523
18 May 2026 21:47:00.000,52169899586.090896606445,-29188081.741765938699
18 May 2026 21:47:10.000,52169899586.090896606445,-29188081.741765934974
18 May 2026 21:47:20.000,52169899586.090896606445,-29188081.741765934974
18 May 2026 21:47:30.000,52169899586.090896606445,-29188081.741765938699
18 May 2026 21:47:40.000,52169899586.090896606445,-29188081.741765938699
18 May 2026 21:47:50.000,52169899586.090896606445,-29188081.741765938699
18 May 2026 21:48:00.000,52169899586.090896606445,-29188081.741765938699
18 May 2026 21:48:10.000,52169899586.090896606445,-29188081.741765938699
18 May 2026 21:48:20.000,52169899586.090896606445,-29188081.741765938699
18 May 2026 21:48:30.000,52169899586.090896606445,-29188081.741765942425
18 May 2026 21:48:40.000,52169899586.090896606445,-29188081.741765938699
18 May 2026 21:48:50.000,52169899586.090896606445,-29188081.741765942425
18 May 2026 21:49:00.000,52169899586.090881347656,-29188081.741765953600
18 May 2026 21:49:10.000,52169899586.090896606445,-29188081.741765942425
18 May 2026 21:49:20.000,52169899586.090896606445,-29188081.741765934974
18 May 2026 21:49:30.000,52169899586.090896606445,-29188081.741765942425
18 May 2026 21:49:40.000,52169899586.090896606445,-29188081.741765938699
18 May 2026 21:49:50.000,52169899586.090904235840,-29188081.741765931249
18 May 2026 21:50:00.000,52169899586.090896606445,-29188081.741765942425
18 May 2026 21:50:10.000,52169899586.090896606445,-29188081.741765938699
18 May 2026 21:50:20.000,52169899586.090896606445,-29188081.741765938699
18 May 2026 21:50:30.000,52169899586.090896606445,-29188081.741765942425
18 May 2026 21:50:40.000,52169899586.090881347656,-29188081.741765957326
18 May 2026 21:50:50.000,52169899586.090881347656,-29188081.741765964776
18 May 2026 21:51:00.000,52169899586.090896606445,-29188081.741765938699
18 May 2026 21:51:10.000,52169899586.090896606445,-29188081.741765938699
18 May 2026 21:51:20.000,52169899586.090896606445,-29188081.741765938699
18 May 2026 21:51:30.000,52169899586.090896606445,-29188081.741765942425
18 May 2026 21:51:40.000,52169899586.090896606445,-29188081.741765938699
18 May 2026 21:51:50.000,52169899586.090896606445,-29188081.741765938699
18 May 2026 21:52:00.000,52169899586.090896606445,-29188081.741765942425
18 May 2026 21:52:10.000,52169899586.090896606445,-29188081.741765934974
18 May 2026 21:52:20.000,52169899586.090896606445,-29188081.741765938699
18 May 2026 21:52:30.000,52169899586.090896606445,-29188081.741765938699
18 May 2026 21:52:40.000,52169899586.090896606445,-29188081.741765942425
18 May 2026 21:52:50.000,52169899586.090911865234,-29188081.741765931249
18 May 2026 21:53:00.000,52169899586.090896606445,-29188081.741765938699
18 May 2026 21:53:10.000,52169899586.090888977051,-29188081.741765946150
18 May 2026 21:53:20.000,52169899586.090888977051,-29188081.741765946150
18 May 2026 21:53:30.000,52169899586.090881347656,-29188081.741765953600
18 May 2026 21:53:40.000,52169899586.090896606445,-29188081.741765942425
18 May 2026 21:53:50.000,52169899586.090896606445,-29188081.741765934974
18 May 2026 21:54:00.000,52169899586.090904235840,-29188081.741765931249
18 May 2026 21:54:10.000,52169899586.090896606445,-29188081.741765938699
18 May 2026 21:54:20.000,52169899586.090904235840,-29188081.741765931249
18 May 2026 21:54:30.000,52169899586.090896606445,-29188081.741765934974
18 May 2026 21:54:40.000,52169899586.090896606445,-29188081.741765938699
18 May 2026 21:54:50.000,52169899586.090904235840,-29188081.741765931249
18 May 2026 21:55:00.000,52169899586.090911865234,-29188081.741765920073
18 May 2026 21:55:10.000,52169899586.090911865234,-29188081.741765920073
18 May 2026 21:55:20.000,52169899586.090904235840,-29188081.741765927523
18 May 2026 21:55:30.000,52169899586.090904235840,-29188081.741765927523
18 May 2026 21:55:40.000,52169899586.090911865234,-29188081.741765927523
18 May 2026 21:55:50.000,52169899586.090911865234,-29188081.741765920073
18 May 2026 21:56:00.000,52169899586.090911865234,-29188081.741765931249
18 May 2026 21:56:10.000,52169899586.090911865234,-29188081.741765923798
18 May 2026 21:56:20.000,52169899586.090911865234,-29188081.741765920073
18 May 2026 21:56:30.000,52169899586.090911865234,-29188081.741765920073
18 May 2026 21:56:40.000,52169899586.090911865234,-29188081.741765920073
18 May 2026 21:56:50.000,52169899586.090911865234,-29188081.741765920073
18 May 2026 21:57:00.000,52169899586.090919494629,-29188081.741765916348
18 May 2026 21:57:10.000,52169899586.090927124023,-29188081.741765905172
18 May 2026 21:57:20.000,52169899586.090927124023,-29188081.741765908897
18 May 2026 21:57:30.000,52169899586.090927124023,-29188081.741765905172
18 May 2026 21:57:40.000,52169899586.090934753418,-29188081.741765897721
18 May 2026 21:57:50.000,52169899586.090927124023,-29188081.741765905172
18 May 2026 21:58:00.000,52169899586.090927124023,-29188081.741765901446
18 May 2026 21:58:10.000,52169899586.090927124023,-29188081.741765901446
18 May 2026 21:58:20.000,52169899586.090911865234,-29188081.741765920073
18 May 2026 21:58:30.000,52169899586.090927124023,-29188081.741765908897
18 May 2026 21:58:40.000,52169899586.090927124023,-29188081.741765905172
18 May 2026 21:58:50.000,52169899586.090927124023,-29188081.741765908897
18 May 2026 21:59:00.000,52169899586.090927124023,-29188081.741765908897
18 May 2026 21:59:10.000,52169899586.090927124023,-29188081.741765908897
18 May 2026 21:59:20.000,52169899586.090927124023,-29188081.741765905172
18 May 2026 21:59:30.000,52169899586.090911865234,-29188081.741765916348
18 May 2026 21:59:40.000,52169899586.090911865234,-29188081.741765916348
18 May 2026 21:59:50.000,52169899586.090911865234,-29188081.741765920073
18 May 2026 22:00:00.000,52169899586.090911865234,-29188081.741765920073
18 May 2026 22:00:10.000,52169899586.090911865234,-29188081.741765923798
18 May 2026 22:00:20.000,52169899586.090911865234,-29188081.741765923798
18 May 2026 22:00:30.000,52169899586.090927124023,-29188081.741765901446
18 May 2026 22:00:40.000,52169899586.090919494629,-29188081.741765916348
18 May 2026 22:00:50.000,52169899586.090911865234,-29188081.741765927523
18 May 2026 22:01:00.000,52169899586.090911865234,-29188081.741765920073
18 May 2026 22:01:10.000,52169899586.090927124023,-29188081.741765908897
18 May 2026 22:01:20.000,52169899586.090927124023,-29188081.741765908897
18 May 2026 22:01:30.000,52169899586.090919494629,-29188081.741765920073
18 May 2026 22:01:40.000,52169899586.090927124023,-29188081.741765905172
18 May 2026 22:01:50.000,52169899586.090911865234,-29188081.741765916348
18 May 2026 22:02:00.000,52169899586.090911865234,-29188081.741765920073
18 May 2026 22:02:10.000,52169899586.090911865234,-29188081.741765920073
18 May 2026 22:02:20.000,52169899586.090919494629,-29188081.741765920073
18 May 2026 22:02:30.000,52169899586.090919494629,-29188081.741765920073
18 May 2026 22:02:40.000,52169899586.090919494629,-29188081.741765916348
18 May 2026 22:02:50.000,52169899586.090911865234,-29188081.741765927523
18 May 2026 22:03:00.000,52169899586.090911865234,-29188081.741765927523
18 May 2026 22:03:10.000,52169899586.090896606445,-29188081.741765934974
18 May 2026 22:03:20.000,52169899586.090911865234,-29188081.741765931249
18 May 2026 22:03:30.000,52169899586.090911865234,-29188081.741765931249
18 May 2026 22:03:40.000,52169899586.090896606445,-29188081.741765938699
18 May 2026 22:03:50.000,52169899586.090911865234,-29188081.741765931249
18 May 2026 22:04:00.000,52169899586.090896606445,-29188081.741765931249
18 May 2026 22:04:10.000,52169899586.090896606445,-29188081.741765931249
18 May 2026 22:04:20.000,52169899586.090911865234,-29188081.741765916348
18 May 2026 22:04:30.000,52169899586.090896606445,-29188081.741765942425
18 May 2026 22:04:40.000,52169899586.090896606445,-29188081.741765934974
18 May 2026 22:04:50.000,52169899586.090896606445,-29188081.741765934974
18 May 2026 22:05:00.000,52169899586.090888977051,-29188081.741765946150
18 May 2026 22:05:10.000,52169899586.090896606445,-29188081.741765934974
18 May 2026 22:05:20.000,52169899586.090888977051,-29188081.741765946150
18 May 2026 22:05:30.000,52169899586.090896606445,-29188081.741765934974
18 May 2026 22:05:40.000,52169899586.090896606445,-29188081.741765938699
18 May 2026 22:05:50.000,52169899586.090911865234,-29188081.741765923798
18 May 2026 22:06:00.000,52169899586.090911865234,-29188081.741765927523
18 May 2026 22:06:10.000,52169899586.090911865234,-29188081.741765920073
18 May 2026 22:06:20.000,52169899586.090911865234,-29188081.741765920073
18 May 2026 22:06:30.000,52169899586.090911865234,-29188081.741765920073
18 May 2026 22:06:40.000,52169899586.090911865234,-29188081.741765923798
18 May 2026 22:06:50.000,52169899586.090919494629,-29188081.741765916348
18 May 2026 22:07:00.000,52169899586.090911865234,-29188081.741765920073
18 May 2026 22:07:10.000,52169899586.090911865234,-29188081.741765931249
18 May 2026 22:07:20.000,52169899586.090896606445,-29188081.741765938699
18 May 2026 22:07:30.000,52169899586.090896606445,-29188081.741765938699
18 May 2026 22:07:40.000,52169899586.090896606445,-29188081.741765934974
18 May 2026 22:07:50.000,52169899586.090896606445,-29188081.741765938699
18 May 2026 22:08:00.000,52169899586.090896606445,-29188081.741765938699
18 May 2026 22:08:10.000,52169899586.090896606445,-29188081.741765938699
18 May 2026 22:08:20.000,52169899586.090896606445,-29188081.741765938699
18 May 2026 22:08:30.000,52169899586.090896606445,-29188081.741765938699
18 May 2026 22:08:40.000,52169899586.090896606445,-29188081.741765938699
18 May 2026 22:08:50.000,52169899586.090911865234,-29188081.741765931249
18 May 2026 22:09:00.000,52169899586.090919494629,-29188081.741765916348
18 May 2026 22:09:10.000,52169899586.090919494629,-29188081.741765916348
18 May 2026 22:09:20.000,52169899586.090919494629,-29188081.741765916348
18 May 2026 22:09:30.000,52169899586.090911865234,-29188081.741765927523
18 May 2026 22:09:40.000,52169899586.090911865234,-29188081.741765923798
18 May 2026 22:09:50.000,52169899586.090911865234,-29188081.741765927523
18 May 2026 22:10:00.000,52169899586.090919494629,-29188081.741765916348
18 May 2026 22:10:10.000,52169899586.090919494629,-29188081.741765916348
18 May 2026 22:10:20.000,52169899586.090919494629,-29188081.741765916348
18 May 2026 22:10:30.000,52169899586.090927124023,-29188081.741765908897
18 May 2026 22:10:40.000,52169899586.090919494629,-29188081.741765916348
18 May 2026 22:10:50.000,52169899586.090919494629,-29188081.741765916348
18 May 2026 22:11:00.000,52169899586.090911865234,-29188081.741765923798
18 May 2026 22:11:10.000,52169899586.090911865234,-29188081.741765923798
18 May 2026 22:11:20.000,52169899586.090911865234,-29188081.741765931249
18 May 2026 22:11:30.000,52169899586.090911865234,-29188081.741765927523
18 May 2026 22:11:40.000,52169899586.090911865234,-29188081.741765927523
18 May 2026 22:11:50.000,52169899586.090911865234,-29188081.741765920073
18 May 2026 22:12:00.000,52169899586.090919494629,-29188081.741765916348
18 May 2026 22:12:10.000,52169899586.090911865234,-29188081.741765927523
18 May 2026 22:12:20.000,52169899586.090911865234,-29188081.741765920073
18 May 2026 22:12:30.000,52169899586.090911865234,-29188081.741765927523
18 May 2026 22:12:40.000,52169899586.090919494629,-29188081.741765916348
18 May 2026 22:12:50.000,52169899586.090919494629,-29188081.741765916348
18 May 2026 22:13:00.000,52169899586.090911865234,-29188081.741765927523
18 May 2026 22:13:10.000,52169899586.090911865234,-29188081.741765931249
18 May 2026 22:13:20.000,52169899586.090896606445,-29188081.741765938699
18 May 2026 22:13:30.000,52169899586.090896606445,-29188081.741765938699
18 May 2026 22:13:40.000,52169899586.090911865234,-29188081.741765927523
18 May 2026 22:13:50.000,52169899586.090911865234,-29188081.741765927523
18 May 2026 22:14:00.000,52169899586.090911865234,-29188081.741765927523
18 May 2026 22:14:10.000,52169899586.090911865234,-29188081.741765927523
18 May 2026 22:14:20.000,52169899586.090911865234,-29188081.741765927523
18 May 2026 22:14:30.000,52169899586.090896606445,-29188081.741765934974
18 May 2026 22:14:40.000,52169899586.090896606445,-29188081.741765938699
18 May 2026 22:14:50.000,52169899586.090911865234,-29188081.741765931249
18 May 2026 22:15:00.000,52169899586.090911865234,-29188081.741765927523
18 May 2026 22:15:10.000,52169899586.090911865234,-29188081.741765927523
18 May 2026 22:15:20.000,52169899586.090911865234,-29188081.741765927523
18 May 2026 22:15:30.000,52169899586.090911865234,-29188081.741765920073
18 May 2026 22:15:40.000,52169899586.090919494629,-29188081.741765916348
18 May 2026 22:15:50.000,52169899586.090911865234,-29188081.741765923798
18 May 2026 22:16:00.000,52169899586.090911865234,-29188081.741765920073
18 May 2026 22:16:10.000,52169899586.090919494629,-29188081.741765916348
18 May 2026 22:16:20.000,52169899586.090919494629,-29188081.741765916348
18 May 2026 22:16:30.000,52169899586.090919494629,-29188081.741765920073
18 May 2026 22:16:40.000,52169899586.090911865234,-29188081.741765923798
18 May 2026 22:16:50.000,52169899586.090919494629,-29188081.741765916348
18 May 2026 22:17:00.000,52169899586.090911865234,-29188081.741765916348
18 May 2026 22:17:10.000,52169899586.090919494629,-29188081.741765920073
18 May 2026 22:17:20.000,52169899586.090919494629,-29188081.741765916348
18 May 2026 22:17:30.000,52169899586.090919494629,-29188081.741765920073
18 May 2026 22:17:40.000,52169899586.090911865234,-29188081.741765923798
18 May 2026 22:17:50.000,52169899586.090919494629,-29188081.741765916348
18 May 2026 22:18:00.000,52169899586.090919494629,-29188081.741765920073
18 May 2026 22:18:10.000,52169899586.090911865234,-29188081.741765923798
18 May 2026 22:18:20.000,52169899586.090911865234,-29188081.741765927523
18 May 2026 22:18:30.000,52169899586.090911865234,-29188081.741765927523
18 May 2026 22:18:40.000,52169899586.090911865234,-29188081.741765923798
18 May 2026 22:18:50.000,52169899586.090911865234,-29188081.741765927523
18 May 2026 22:19:00.000,52169899586.090911865234,-29188081.741765927523
18 May 2026 22:19:10.000,52169899586.090911865234,-29188081.741765931249
18 May 2026 22:19:20.000,52169899586.090896606445,-29188081.741765934974
18 May 2026 22:19:30.000,52169899586.090911865234,-29188081.741765927523
18 May 2026 22:19:40.000,52169899586.090911865234,-29188081.741765931249
18 May 2026 22:19:50.000,52169899586.090911865234,-29188081.741765927523
18 May 2026 22:20:00.000,52169899586.090896606445,-29188081.741765938699
18 May 2026 22:20:10.000,52169899586.090896606445,-29188081.741765938699
18 May 2026 22:20:20.000,52169899586.090904235840,-29188081.741765931249
18 May 2026 22:20:30.000,52169899586.090911865234,-29188081.741765931249
18 May 2026 22:20:40.000,52169899586.090904235840,-29188081.741765927523
18 May 2026 22:20:50.000,52169899586.090896606445,-29188081.741765938699
18 May 2026 22:21:00.000,52169899586.090904235840,-29188081.741765931249
18 May 2026 22:21:10.000,52169899586.090896606445,-29188081.741765938699
18 May 2026 22:21:20.000,52169899586.090896606445,-29188081.741765938699
18 May 2026 22:21:30.000,52169899586.090896606445,-29188081.741765942425
18 May 2026 22:21:40.000,52169899586.090896606445,-29188081.741765938699
18 May 2026 22:21:50.000,52169899586.090896606445,-29188081.741765938699
18 May 2026 22:22:00.000,52169899586.090896606445,-29188081.741765934974
18 May 2026 22:22:10.000,52169899586.090881347656,-29188081.741765953600
18 May 2026 22:22:20.000,52169899586.090896606445,-29188081.741765934974
18 May 2026 22:22:30.000,52169899586.090896606445,-29188081.741765934974
18 May 2026 22:22:40.000,52169899586.090911865234,-29188081.741765927523
18 May 2026 22:22:50.000,52169899586.090911865234,-29188081.741765920073
18 May 2026 22:23:00.000,52169899586.090911865234,-29188081.741765916348
18 May 2026 22:23:10.000,52169899586.090911865234,-29188081.741765916348
18 May 2026 22:23:20.000,52169899586.090911865234,-29188081.741765916348
18 May 2026 22:23:30.000,52169899586.090911865234,-29188081.741765920073
18 May 2026 22:23:40.000,52169899586.090911865234,-29188081.741765927523
18 May 2026 22:23:50.000,52169899586.090911865234,-29188081.741765920073
18 May 2026 22:24:00.000,52169899586.090919494629,-29188081.741765916348
18 May 2026 22:24:10.000,52169899586.090919494629,-29188081.741765916348
18 May 2026 22:24:20.000,52169899586.090919494629,-29188081.741765916348
18 May 2026 22:24:30.000,52169899586.090919494629,-29188081.741765916348
18 May 2026 22:24:40.000,52169899586.090911865234,-29188081.741765920073
18 May 2026 22:24:50.000,52169899586.090927124023,-29188081.741765908897
18 May 2026 22:25:00.000,52169899586.090911865234,-29188081.741765920073
18 May 2026 22:25:10.000,52169899586.090911865234,-29188081.741765920073
18 May 2026 22:25:20.000,52169899586.090927124023,-29188081.741765908897
18 May 2026 22:25:30.000,52169899586.090927124023,-29188081.741765908897
18 May 2026 22:25:40.000,52169899586.090927124023,-29188081.741765905172
18 May 2026 22:25:50.000,52169899586.090927124023,-29188081.741765908897
18 May 2026 22:26:00.000,52169899586.090927124023,-29188081.741765908897
18 May 2026 22:26:10.000,52169899586.090927124023,-29188081.741765908897
18 May 2026 22:26:20.000,52169899586.090927124023,-29188081.741765908897
18 May 2026 22:26:30.000,52169899586.090927124023,-29188081.741765908897
18 May 2026 22:26:40.000,52169899586.090919494629,-29188081.741765916348
18 May 2026 22:26:50.000,52169899586.090911865234,-29188081.741765920073
18 May 2026 22:27:00.000,52169899586.090911865234,-29188081.741765920073
18 May 2026 22:27:10.000,52169899586.090911865234,-29188081.741765920073
18 May 2026 22:27:20.000,52169899586.090911865234,-29188081.741765920073
18 May 2026 22:27:30.000,52169899586.090911865234,-29188081.741765916348
18 May 2026 22:27:40.000,52169899586.090911865234,-29188081.741765916348
18 May 2026 22:27:50.000,52169899586.090911865234,-29188081.741765920073
18 May 2026 22:28:00.000,52169899586.090911865234,-29188081.741765920073
18 May 2026 22:28:10.000,52169899586.090911865234,-29188081.741765920073
18 May 2026 22:28:20.000,52169899586.090911865234,-29188081.741765920073
18 May 2026 22:28:30.000,52169899586.090896606445,-29188081.741765934974
18 May 2026 22:28:40.000,52169899586.090904235840,-29188081.741765931249
18 May 2026 22:28:50.000,52169899586.090911865234,-29188081.741765920073
18 May 2026 22:29:00.000,52169899586.090904235840,-29188081.741765927523
18 May 2026 22:29:10.000,52169899586.090904235840,-29188081.741765931249
18 May 2026 22:29:20.000,52169899586.090911865234,-29188081.741765920073
18 May 2026 22:29:30.000,52169899586.090911865234,-29188081.741765920073
18 May 2026 22:29:40.000,52169899586.090911865234,-29188081.741765920073
18 May 2026 22:29:50.000,52169899586.090911865234,-29188081.741765920073
18 May 2026 22:30:00.000,52169899586.090927124023,-29188081.741765908897
18 May 2026 22:30:10.000,52169899586.090927124023,-29188081.741765908897
18 May 2026 22:30:20.000,52169899586.090911865234,-29188081.741765920073
18 May 2026 22:30:30.000,52169899586.090911865234,-29188081.741765920073
18 May 2026 22:30:40.000,52169899586.090911865234,-29188081.741765920073
18 May 2026 22:30:50.000,52169899586.090919494629,-29188081.741765916348
18 May 2026 22:31:00.000,52169899586.090919494629,-29188081.741765916348
18 May 2026 22:31:10.000,52169899586.090919494629,-29188081.741765916348
18 May 2026 22:31:20.000,52169899586.090904235840,-29188081.741765931249
18 May 2026 22:31:30.000,52169899586.090904235840,-29188081.741765931249
18 May 2026 22:31:40.000,52169899586.090911865234,-29188081.741765920073
18 May 2026 22:31:50.000,52169899586.090896606445,-29188081.741765938699
18 May 2026 22:32:00.000,52169899586.090896606445,-29188081.741765938699
18 May 2026 22:32:10.000,52169899586.090896606445,-29188081.741765938699
18 May 2026 22:32:20.000,52169899586.090896606445,-29188081.741765938699
18 May 2026 22:32:30.000,52169899586.090896606445,-29188081.741765938699
18 May 2026 22:32:40.000,52169899586.090896606445,-29188081.741765934974
18 May 2026 22:32:50.000,52169899586.090896606445,-29188081.741765934974
18 May 2026 22:33:00.000,52169899586.090911865234,-29188081.741765927523
18 May 2026 22:33:10.000,52169899586.090911865234,-29188081.741765923798
18 May 2026 22:33:20.000,52169899586.090896606445,-29188081.741765938699
18 May 2026 22:33:30.000,52169899586.090911865234,-29188081.741765923798
18 May 2026 22:33:40.000,52169899586.090904235840,-29188081.741765931249
18 May 2026 22:33:50.000,52169899586.090911865234,-29188081.741765923798
18 May 2026 22:34:00.000,52169899586.090904235840,-29188081.741765931249
18 May 2026 22:34:10.000,52169899586.090904235840,-29188081.741765931249
18 May 2026 22:34:20.000,52169899586.090904235840,-29188081.741765931249
18 May 2026 22:34:30.000,52169899586.090904235840,-29188081.741765931249
18 May 2026 22:34:40.000,52169899586.090911865234,-29188081.741765920073
18 May 2026 22:34:50.000,52169899586.090911865234,-29188081.741765920073
18 May 2026 22:35:00.000,52169899586.090911865234,-29188081.741765920073
18 May 2026 22:35:10.000,52169899586.090904235840,-29188081.741765931249
18 May 2026 22:35:20.000,52169899586.090904235840,-29188081.741765931249
18 May 2026 22:35:30.000,52169899586.090904235840,-29188081.741765931249
18 May 2026 22:35:40.000,52169899586.090904235840,-29188081.741765931249
18 May 2026 22:35:50.000,52169899586.090911865234,-29188081.741765920073
18 May 2026 22:36:00.000,52169899586.090911865234,-29188081.741765920073
18 May 2026 22:36:10.000,52169899586.090919494629,-29188081.741765916348
18 May 2026 22:36:20.000,52169899586.090919494629,-29188081.741765916348
18 May 2026 22:36:30.000,52169899586.090919494629,-29188081.741765912622
18 May 2026 22:36:40.000,52169899586.090919494629,-29188081.741765920073
18 May 2026 22:36:50.000,52169899586.090927124023,-29188081.741765905172
18 May 2026 22:37:00.000,52169899586.090927124023,-29188081.741765905172
18 May 2026 22:37:10.000,52169899586.090927124023,-29188081.741765908897
18 May 2026 22:37:20.000,52169899586.090919494629,-29188081.741765916348
18 May 2026 22:37:30.000,52169899586.090927124023,-29188081.741765908897
18 May 2026 22:37:40.000,52169899586.090927124023,-29188081.741765908897
18 May 2026 22:37:50.000,52169899586.090927124023,-29188081.741765908897
18 May 2026 22:38:00.000,52169899586.090934753418,-29188081.741765897721
18 May 2026 22:38:10.000,52169899586.090934753418,-29188081.741765897721
18 May 2026 22:38:20.000,52169899586.090934753418,-29188081.741765897721
18 May 2026 22:38:30.000,52169899586.090934753418,-29188081.741765897721
18 May 2026 22:38:40.000,52169899586.090927124023,-29188081.741765908897
18 May 2026 22:38:50.000,52169899586.090927124023,-29188081.741765908897
18 May 2026 22:39:00.000,52169899586.090919494629,-29188081.741765916348
18 May 2026 22:39:10.000,52169899586.090927124023,-29188081.741765905172
18 May 2026 22:39:20.000,52169899586.090927124023,-29188081.741765901446
18 May 2026 22:39:30.000,52169899586.090927124023,-29188081.741765908897
18 May 2026 22:39:40.000,52169899586.090927124023,-29188081.741765901446
18 May 2026 22:39:50.000,52169899586.090927124023,-29188081.741765905172
18 May 2026 22:40:00.000,52169899586.090927124023,-29188081.741765901446
18 May 2026 22:40:10.000,52169899586.090927124023,-29188081.741765908897
18 May 2026 22:40:20.000,52169899586.090919494629,-29188081.741765912622
18 May 2026 22:40:30.000,52169899586.090927124023,-29188081.741765908897
18 May 2026 22:40:40.000,52169899586.090927124023,-29188081.741765908897
18 May 2026 22:40:50.000,52169899586.090934753418,-29188081.741765905172
18 May 2026 22:41:00.000,52169899586.090934753418,-29188081.741765905172
18 May 2026 22:41:10.000,52169899586.090934753418,-29188081.741765897721
18 May 2026 22:41:20.000,52169899586.090934753418,-29188081.741765901446
18 May 2026 22:41:30.000,52169899586.090934753418,-29188081.741765901446
18 May 2026 22:41:40.000,52169899586.090942382812,-29188081.741765886545
18 May 2026 22:41:50.000,52169899586.090934753418,-29188081.741765905172
18 May 2026 22:42:00.000,52169899586.090934753418,-29188081.741765901446
18 May 2026 22:42:10.000,52169899586.090950012207,-29188081.741765875369
18 May 2026 22:42:20.000,52169899586.090942382812,-29188081.741765886545
18 May 2026 22:42:30.000,52169899586.090950012207,-29188081.741765875369
18 May 2026 22:42:40.000,52169899586.090957641602,-29188081.741765867919
18 May 2026 22:42:50.000,52169899586.090957641602,-29188081.741765871644
18 May 2026 22:43:00.000,52169899586.090950012207,-29188081.741765867919
18 May 2026 22:43:10.000,52169899586.090957641602,-29188081.741765867919
18 May 2026 22:43:20.000,52169899586.090957641602,-29188081.741765867919
18 May 2026 22:43:30.000,52169899586.090950012207,-29188081.741765875369
18 May 2026 22:43:40.000,52169899586.090942382812,-29188081.741765886545
18 May 2026 22:43:50.000,52169899586.090942382812,-29188081.741765886545
18 May 2026 22:44:00.000,52169899586.090942382812,-29188081.741765886545
18 May 2026 22:44:10.000,52169899586.090934753418,-29188081.741765901446
18 May 2026 22:44:20.000,52169899586.090942382812,-29188081.741765890270
18 May 2026 22:44:30.000,52169899586.090934753418,-29188081.741765890270
18 May 2026 22:44:40.000,52169899586.090934753418,-29188081.741765890270
18 May 2026 22:44:50.000,52169899586.090942382812,-29188081.741765890270
18 May 2026 22:45:00.000,52169899586.090942382812,-29188081.741765882820
18 May 2026 22:45:10.000,52169899586.090942382812,-29188081.741765882820
18 May 2026 22:45:20.000,52169899586.090934753418,-29188081.741765886545
18 May 2026 22:45:30.000,52169899586.090934753418,-29188081.741765897721
18 May 2026 22:45:40.000,52169899586.090934753418,-29188081.741765897721
18 May 2026 22:45:50.000,52169899586.090950012207,-29188081.741765879095
18 May 2026 22:46:00.000,52169899586.090942382812,-29188081.741765882820
18 May 2026 22:46:10.000,52169899586.090934753418,-29188081.741765897721
18 May 2026 22:46:20.000,52169899586.090942382812,-29188081.741765882820
18 May 2026 22:46:30.000,52169899586.090950012207,-29188081.741765879095
18 May 2026 22:46:40.000,52169899586.090950012207,-29188081.741765879095
18 May 2026 22:46:50.000,52169899586.090950012207,-29188081.741765875369
18 May 2026 22:47:00.000,52169899586.090950012207,-29188081.741765879095
18 May 2026 22:47:10.000,52169899586.090950012207,-29188081.741765879095
18 May 2026 22:47:20.000,52169899586.090950012207,-29188081.741765879095
18 May 2026 22:47:30.000,52169899586.090950012207,-29188081.741765875369
18 May 2026 22:47:40.000,52169899586.090957641602,-29188081.741765867919
18 May 2026 22:47:50.000,52169899586.090950012207,-29188081.741765875369
18 May 2026 22:48:00.000,52169899586.090965270996,-29188081.741765860468
18 May 2026 22:48:10.000,52169899586.090950012207,-29188081.741765871644
18 May 2026 22:48:20.000,52169899586.090965270996,-29188081.741765864193
18 May 2026 22:48:30.000,52169899586.090950012207,-29188081.741765879095
18 May 2026 22:48:40.000,52169899586.090950012207,-29188081.741765875369
18 May 2026 22:48:50.000,52169899586.090965270996,-29188081.741765860468
18 May 2026 22:49:00.000,52169899586.090950012207,-29188081.741765879095
18 May 2026 22:49:10.000,52169899586.090950012207,-29188081.741765875369
18 May 2026 22:49:20.000,52169899586.090965270996,-29188081.741765864193
18 May 2026 22:49:30.000,52169899586.090957641602,-29188081.741765867919
18 May 2026 22:49:40.000,52169899586.090950012207,-29188081.741765879095
18 May 2026 22:49:50.000,52169899586.090950012207,-29188081.741765879095
18 May 2026 22:50:00.000,52169899586.090950012207,-29188081.741765875369
18 May 2026 22:50:10.000,52169899586.090950012207,-29188081.741765875369
18 May 2026 22:50:20.000,52169899586.090950012207,-29188081.741765875369
18 May 2026 22:50:30.000,52169899586.090950012207,-29188081.741765875369
18 May 2026 22:50:40.000,52169899586.090950012207,-29188081.741765879095
18 May 2026 22:50:50.000,52169899586.090950012207,-29188081.741765875369
18 May 2026 22:51:00.000,52169899586.090965270996,-29188081.741765867919
18 May 2026 22:51:10.000,52169899586.090950012207,-29188081.741765879095
18 May 2026 22:51:20.000,52169899586.090957641602,-29188081.741765867919
18 May 2026 22:51:30.000,52169899586.090942382812,-29188081.741765886545
18 May 2026 22:51:40.000,52169899586.090942382812,-29188081.741765886545
18 May 2026 22:51:50.000,52169899586.090942382812,-29188081.741765882820
18 May 2026 22:52:00.000,52169899586.090934753418,-29188081.741765905172
18 May 2026 22:52:10.000,52169899586.090934753418,-29188081.741765897721
18 May 2026 22:52:20.000,52169899586.090927124023,-29188081.741765908897
18 May 2026 22:52:30.000,52169899586.090927124023,-29188081.741765908897
18 May 2026 22:52:40.000,52169899586.090934753418,-29188081.741765905172
18 May 2026 22:52:50.000,52169899586.090934753418,-29188081.741765890270
18 May 2026 22:53:00.000,52169899586.090934753418,-29188081.741765897721
18 May 2026 22:53:10.000,52169899586.090927124023,-29188081.741765908897
18 May 2026 22:53:20.000,52169899586.090927124023,-29188081.741765908897
18 May 2026 22:53:30.000,52169899586.090927124023,-29188081.741765908897
18 May 2026 22:53:40.000,52169899586.090927124023,-29188081.741765901446
18 May 2026 22:53:50.000,52169899586.090919494629,-29188081.741765916348
18 May 2026 22:54:00.000,52169899586.090911865234,-29188081.741765916348
18 May 2026 22:54:10.000,52169899586.090911865234,-29188081.741765923798
18 May 2026 22:54:20.000,52169899586.090911865234,-29188081.741765923798
18 May 2026 22:54:30.000,52169899586.090927124023,-29188081.741765901446
18 May 2026 22:54:40.000,52169899586.090919494629,-29188081.741765920073
18 May 2026 22:54:50.000,52169899586.090927124023,-29188081.741765908897
18 May 2026 22:55:00.000,52169899586.090927124023,-29188081.741765905172
18 May 2026 22:55:10.000,52169899586.090927124023,-29188081.741765905172
18 May 2026 22:55:20.000,52169899586.090934753418,-29188081.741765901446
18 May 2026 22:55:30.000,52169899586.090927124023,-29188081.741765901446
18 May 2026 22:55:40.000,52169899586.090934753418,-29188081.741765897721
18 May 2026 22:55:50.000,52169899586.090934753418,-29188081.741765897721
18 May 2026 22:56:00.000,52169899586.090927124023,-29188081.741765905172
18 May 2026 22:56:10.000,52169899586.090934753418,-29188081.741765897721
18 May 2026 22:56:20.000,52169899586.090934753418,-29188081.741765897721
18 May 2026 22:56:30.000,52169899586.090934753418,-29188081.741765897721
18 May 2026 22:56:40.000,52169899586.090934753418,-29188081.741765897721
18 May 2026 22:56:50.000,52169899586.090934753418,-29188081.741765901446
18 May 2026 22:57:00.000,52169899586.090934753418,-29188081.741765901446
18 May 2026 22:57:10.000,52169899586.090934753418,-29188081.741765901446
18 May 2026 22:57:20.000,52169899586.090942382812,-29188081.741765890270
18 May 2026 22:57:30.000,52169899586.090950012207,-29188081.741765875369
18 May 2026 22:57:40.000,52169899586.090950012207,-29188081.741765875369
18 May 2026 22:57:50.000,52169899586.090950012207,-29188081.741765875369
18 May 2026 22:58:00.000,52169899586.090950012207,-29188081.741765875369
18 May 2026 22:58:10.000,52169899586.090942382812,-29188081.741765886545
18 May 2026 22:58:20.000,52169899586.090950012207,-29188081.741765875369
18 May 2026 22:58:30.000,52169899586.090950012207,-29188081.741765875369
18 May 2026 22:58:40.000,52169899586.090950012207,-29188081.741765879095
18 May 2026 22:58:50.000,52169899586.090950012207,-29188081.741765879095
18 May 2026 22:59:00.000,52169899586.090950012207,-29188081.741765875369
18 May 2026 22:59:10.000,52169899586.090950012207,-29188081.741765875369
18 May 2026 22:59:20.000,52169899586.090942382812,-29188081.741765882820
18 May 2026 22:59:30.000,52169899586.090950012207,-29188081.741765882820
18 May 2026 22:59:40.000,52169899586.090950012207,-29188081.741765875369
18 May 2026 22:59:50.000,52169899586.090950012207,-29188081.741765875369
18 May 2026 23:00:00.000,52169899586.090950012207,-29188081.741765875369
18 May 2026 23:00:10.000,52169899586.090942382812,-29188081.741765886545
18 May 2026 23:00:20.000,52169899586.090942382812,-29188081.741765886545
18 May 2026 23:00:30.000,52169899586.090942382812,-29188081.741765886545
18 May 2026 23:00:40.000,52169899586.090942382812,-29188081.741765886545
18 May 2026 23:00:50.000,52169899586.090942382812,-29188081.741765886545
18 May 2026 23:01:00.000,52169899586.090950012207,-29188081.741765879095
18 May 2026 23:01:10.000,52169899586.090950012207,-29188081.741765875369
18 May 2026 23:01:20.000,52169899586.090942382812,-29188081.741765882820
18 May 2026 23:01:30.000,52169899586.090950012207,-29188081.741765879095
18 May 2026 23:01:40.000,52169899586.090950012207,-29188081.741765875369
18 May 2026 23:01:50.000,52169899586.090950012207,-29188081.741765875369
18 May 2026 23:02:00.000,52169899586.090950012207,-29188081.741765879095
18 May 2026 23:02:10.000,52169899586.090950012207,-29188081.741765879095
18 May 2026 23:02:20.000,52169899586.090950012207,-29188081.741765882820
18 May 2026 23:02:30.000,52169899586.090950012207,-29188081.741765882820
18 May 2026 23:02:40.000,52169899586.090950012207,-29188081.741765875369
18 May 2026 23:02:50.000,52169899586.090950012207,-29188081.741765882820
18 May 2026 23:03:00.000,52169899586.090950012207,-29188081.741765879095
18 May 2026 23:03:10.000,52169899586.090942382812,-29188081.741765879095
18 May 2026 23:03:20.000,52169899586.090934753418,-29188081.741765890270
18 May 2026 23:03:30.000,52169899586.090934753418,-29188081.741765890270
18 May 2026 23:03:40.000,52169899586.090934753418,-29188081.741765890270
18 May 2026 23:03:50.000,52169899586.090934753418,-29188081.741765890270
18 May 2026 23:04:00.000,52169899586.090934753418,-29188081.741765890270
18 May 2026 23:04:10.000,52169899586.090942382812,-29188081.741765886545
18 May 2026 23:04:20.000,52169899586.090950012207,-29188081.741765875369
18 May 2026 23:04:30.000,52169899586.090942382812,-29188081.741765882820
18 May 2026 23:04:40.000,52169899586.090950012207,-29188081.741765882820
18 May 2026 23:04:50.000,52169899586.090942382812,-29188081.741765882820
18 May 2026 23:05:00.000,52169899586.090950012207,-29188081.741765879095
18 May 2026 23:05:10.000,52169899586.090934753418,-29188081.741765890270
18 May 2026 23:05:20.000,52169899586.090934753418,-29188081.741765890270
18 May 2026 23:05:30.000,52169899586.090942382812,-29188081.741765882820
18 May 2026 23:05:40.000,52169899586.090942382812,-29188081.741765886545
18 May 2026 23:05:50.000,52169899586.090942382812,-29188081.741765886545
18 May 2026 23:06:00.000,52169899586.090934753418,-29188081.741765897721
18 May 2026 23:06:10.000,52169899586.090942382812,-29188081.741765886545
18 May 2026 23:06:20.000,52169899586.090942382812,-29188081.741765886545
18 May 2026 23:06:30.000,52169899586.090942382812,-29188081.741765886545
18 May 2026 23:06:40.000,52169899586.090934753418,-29188081.741765890270
18 May 2026 23:06:50.000,52169899586.090934753418,-29188081.741765890270
18 May 2026 23:07:00.000,52169899586.090934753418,-29188081.741765890270
18 May 2026 23:07:10.000,52169899586.090934753418,-29188081.741765897721
18 May 2026 23:07:20.000,52169899586.090934753418,-29188081.741765890270
18 May 2026 23:07:30.000,52169899586.090934753418,-29188081.741765890270
18 May 2026 23:07:40.000,52169899586.090927124023,-29188081.741765905172
18 May 2026 23:07:50.000,52169899586.090927124023,-29188081.741765905172
18 May 2026 23:08:00.000,52169899586.090927124023,-29188081.741765908897
18 May 2026 23:08:10.000,52169899586.090927124023,-29188081.741765905172
18 May 2026 23:08:20.000,52169899586.090927124023,-29188081.741765905172
18 May 2026 23:08:30.000,52169899586.090927124023,-29188081.741765905172
18 May 2026 23:08:40.000,52169899586.090927124023,-29188081.741765905172
18 May 2026 23:08:50.000,52169899586.090927124023,-29188081.741765908897
18 May 2026 23:09:00.000,52169899586.090919494629,-29188081.741765912622
18 May 2026 23:09:10.000,52169899586.090919494629,-29188081.741765912622
18 May 2026 23:09:20.000,52169899586.090919494629,-29188081.741765916348
18 May 2026 23:09:30.000,52169899586.090919494629,-29188081.741765916348
18 May 2026 23:09:40.000,52169899586.090919494629,-29188081.741765916348
18 May 2026 23:09:50.000,52169899586.090911865234,-29188081.741765927523
18 May 2026 23:10:00.000,52169899586.090919494629,-29188081.741765916348
18 May 2026 23:10:10.000,52169899586.090896606445,-29188081.741765934974
18 May 2026 23:10:20.000,52169899586.090896606445,-29188081.741765934974
18 May 2026 23:10:30.000,52169899586.090911865234,-29188081.741765927523
18 May 2026 23:10:40.000,52169899586.090896606445,-29188081.741765934974
18 May 2026 23:10:50.000,52169899586.090896606445,-29188081.741765934974
18 May 2026 23:11:00.000,52169899586.090896606445,-29188081.741765934974
18 May 2026 23:11:10.000,52169899586.090896606445,-29188081.741765942425
18 May 2026 23:11:20.000,52169899586.090896606445,-29188081.741765934974
18 May 2026 23:11:30.000,52169899586.090896606445,-29188081.741765934974
18 May 2026 23:11:40.000,52169899586.090896606445,-29188081.741765934974
18 May 2026 23:11:50.000,52169899586.090896606445,-29188081.741765934974
18 May 2026 23:12:00.000,52169899586.090896606445,-29188081.741765942425
18 May 2026 23:12:10.000,52169899586.090896606445,-29188081.741765942425
18 May 2026 23:12:20.000,52169899586.090896606445,-29188081.741765942425
18 May 2026 23:12:30.000,52169899586.090896606445,-29188081.741765942425
18 May 2026 23:12:40.000,52169899586.090896606445,-29188081.741765934974
18 May 2026 23:12:50.000,52169899586.090896606445,-29188081.741765942425
18 May 2026 23:13:00.000,52169899586.090896606445,-29188081.741765946150
18 May 2026 23:13:10.000,52169899586.090896606445,-29188081.741765946150
18 May 2026 23:13:20.000,52169899586.090888977051,-29188081.741765946150
18 May 2026 23:13:30.000,52169899586.090896606445,-29188081.741765946150
18 May 2026 23:13:40.000,52169899586.090896606445,-29188081.741765942425
18 May 2026 23:13:50.000,52169899586.090888977051,-29188081.741765946150
18 May 2026 23:14:00.000,52169899586.090888977051,-29188081.741765946150
18 May 2026 23:14:10.000,52169899586.090896606445,-29188081.741765942425
18 May 2026 23:14:20.000,52169899586.090896606445,-29188081.741765942425
18 May 2026 23:14:30.000,52169899586.090896606445,-29188081.741765934974
18 May 2026 23:14:40.000,52169899586.090896606445,-29188081.741765934974
18 May 2026 23:14:50.000,52169899586.090888977051,-29188081.741765946150
18 May 2026 23:15:00.000,52169899586.090896606445,-29188081.741765938699
18 May 2026 23:15:10.000,52169899586.090896606445,-29188081.741765934974
18 May 2026 23:15:20.000,52169899586.090881347656,-29188081.741765953600
18 May 2026 23:15:30.000,52169899586.090888977051,-29188081.741765946150
18 May 2026 23:15:40.000,52169899586.090881347656,-29188081.741765953600
18 May 2026 23:15:50.000,52169899586.090881347656,-29188081.741765961051
18 May 2026 23:16:00.000,52169899586.090888977051,-29188081.741765946150
18 May 2026 23:16:10.000,52169899586.090881347656,-29188081.741765953600
18 May 2026 23:16:20.000,52169899586.090881347656,-29188081.741765953600
18 May 2026 23:16:30.000,52169899586.090881347656,-29188081.741765957326
18 May 2026 23:16:40.000,52169899586.090881347656,-29188081.741765957326
18 May 2026 23:16:50.000,52169899586.090896606445,-29188081.741765942425
18 May 2026 23:17:00.000,52169899586.090896606445,-29188081.741765942425
18 May 2026 23:17:10.000,52169899586.090881347656,-29188081.741765957326
18 May 2026 23:17:20.000,52169899586.090881347656,-29188081.741765957326
18 May 2026 23:17:30.000,52169899586.090866088867,-29188081.741765972227
18 May 2026 23:17:40.000,52169899586.090881347656,-29188081.741765953600
18 May 2026 23:17:50.000,52169899586.090873718262,-29188081.741765964776
18 May 2026 23:18:00.000,52169899586.090873718262,-29188081.741765968502
18 May 2026 23:18:10.000,52169899586.090866088867,-29188081.741765964776
18 May 2026 23:18:20.000,52169899586.090873718262,-29188081.741765964776
18 May 2026 23:18:30.000,52169899586.090873718262,-29188081.741765968502
18 May 2026 23:18:40.000,52169899586.090866088867,-29188081.741765975952
18 May 2026 23:18:50.000,52169899586.090866088867,-29188081.741765975952
18 May 2026 23:19:00.000,52169899586.090866088867,-29188081.741765968502
18 May 2026 23:19:10.000,52169899586.090866088867,-29188081.741765972227
18 May 2026 23:19:20.000,52169899586.090866088867,-29188081.741765975952
18 May 2026 23:19:30.000,52169899586.090873718262,-29188081.741765964776
18 May 2026 23:19:40.000,52169899586.090866088867,-29188081.741765968502
18 May 2026 23:19:50.000,52169899586.090881347656,-29188081.741765957326
18 May 2026 23:20:00.000,52169899586.090873718262,-29188081.741765968502
18 May 2026 23:20:10.000,52169899586.090866088867,-29188081.741765972227
18 May 2026 23:20:20.000,52169899586.090866088867,-29188081.741765972227
18 May 2026 23:20:30.000,52169899586.090866088867,-29188081.741765964776
18 May 2026 23:20:40.000,52169899586.090866088867,-29188081.741765968502
18 May 2026 23:20:50.000,52169899586.090866088867,-29188081.741765975952
18 May 2026 23:21:00.000,52169899586.090866088867,-29188081.741765979677
18 May 2026 23:21:10.000,52169899586.090858459473,-29188081.741765983403
18 May 2026 23:21:20.000,52169899586.090858459473,-29188081.741765983403
18 May 2026 23:21:30.000,52169899586.090866088867,-29188081.741765972227
18 May 2026 23:21:40.000,52169899586.090866088867,-29188081.741765972227
18 May 2026 23:21:50.000,52169899586.090866088867,-29188081.741765975952
18 May 2026 23:22:00.000,52169899586.090866088867,-29188081.741765972227
18 May 2026 23:22:10.000,52169899586.090866088867,-29188081.741765972227
18 May 2026 23:22:20.000,52169899586.090850830078,-29188081.741765994579
18 May 2026 23:22:30.000,52169899586.090866088867,-29188081.741765975952
18 May 2026 23:22:40.000,52169899586.090866088867,-29188081.741765975952
18 May 2026 23:22:50.000,52169899586.090866088867,-29188081.741765979677
18 May 2026 23:23:00.000,52169899586.090858459473,-29188081.741765983403
18 May 2026 23:23:10.000,52169899586.090858459473,-29188081.741765983403
18 May 2026 23:23:20.000,52169899586.090850830078,-29188081.741765994579
18 May 2026 23:23:30.000,52169899586.090858459473,-29188081.741765983403
18 May 2026 23:23:40.000,52169899586.090858459473,-29188081.741765983403
18 May 2026 23:23:50.000,52169899586.090866088867,-29188081.741765975952
18 May 2026 23:24:00.000,52169899586.090858459473,-29188081.741765987128
18 May 2026 23:24:10.000,52169899586.090866088867,-29188081.741765972227
18 May 2026 23:24:20.000,52169899586.090866088867,-29188081.741765975952
18 May 2026 23:24:30.000,52169899586.090866088867,-29188081.741765972227
18 May 2026 23:24:40.000,52169899586.090866088867,-29188081.741765972227
18 May 2026 23:24:50.000,52169899586.090858459473,-29188081.741765983403
18 May 2026 23:25:00.000,52169899586.090850830078,-29188081.741765994579
18 May 2026 23:25:10.000,52169899586.090850830078,-29188081.741765994579
18 May 2026 23:25:20.000,52169899586.090850830078,-29188081.741765987128
18 May 2026 23:25:30.000,52169899586.090850830078,-29188081.741765987128
18 May 2026 23:25:40.000,52169899586.090850830078,-29188081.741765987128
18 May 2026 23:25:50.000,52169899586.090850830078,-29188081.741765994579
18 May 2026 23:26:00.000,52169899586.090850830078,-29188081.741765987128
18 May 2026 23:26:10.000,52169899586.090850830078,-29188081.741765987128
18 May 2026 23:26:20.000,52169899586.090850830078,-29188081.741765987128
18 May 2026 23:26:30.000,52169899586.090850830078,-29188081.741765990853
18 May 2026 23:26:40.000,52169899586.090850830078,-29188081.741765983403
18 May 2026 23:26:50.000,52169899586.090850830078,-29188081.741765998304
18 May 2026 23:27:00.000,52169899586.090835571289,-29188081.741766002029
18 May 2026 23:27:10.000,52169899586.090835571289,-29188081.741766005754
18 May 2026 23:27:20.000,52169899586.090835571289,-29188081.741766005754
18 May 2026 23:27:30.000,52169899586.090835571289,-29188081.741766005754
18 May 2026 23:27:40.000,52169899586.090835571289,-29188081.741766005754
18 May 2026 23:27:50.000,52169899586.090820312500,-29188081.741766024381
18 May 2026 23:28:00.000,52169899586.090820312500,-29188081.741766031832
18 May 2026 23:28:10.000,52169899586.090835571289,-29188081.741766005754
18 May 2026 23:28:20.000,52169899586.090850830078,-29188081.741765994579
18 May 2026 23:28:30.000,52169899586.090850830078,-29188081.741765994579
18 May 2026 23:28:40.000,52169899586.090850830078,-29188081.741765994579
18 May 2026 23:28:50.000,52169899586.090850830078,-29188081.741765994579
18 May 2026 23:29:00.000,52169899586.090835571289,-29188081.741766013205
18 May 2026 23:29:10.000,52169899586.090850830078,-29188081.741765998304
18 May 2026 23:29:20.000,52169899586.090835571289,-29188081.741766002029
18 May 2026 23:29:30.000,52169899586.090835571289,-29188081.741766002029
18 May 2026 23:29:40.000,52169899586.090850830078,-29188081.741765994579
18 May 2026 23:29:50.000,52169899586.090850830078,-29188081.741765994579
18 May 2026 23:30:00.000,52169899586.090850830078,-29188081.741765994579
18 May 2026 23:30:10.000,52169899586.090850830078,-29188081.741765994579
18 May 2026 23:30:20.000,52169899586.090850830078,-29188081.741765994579
18 May 2026 23:30:30.000,52169899586.090850830078,-29188081.741765994579
18 May 2026 23:30:40.000,52169899586.090850830078,-29188081.741765994579
18 May 2026 23:30:50.000,52169899586.090835571289,-29188081.741766013205
18 May 2026 23:31:00.000,52169899586.090835571289,-29188081.741766002029
18 May 2026 23:31:10.000,52169899586.090835571289,-29188081.741766005754
18 May 2026 23:31:20.000,52169899586.090835571289,-29188081.741766005754
18 May 2026 23:31:30.000,52169899586.090835571289,-29188081.741766005754
18 May 2026 23:31:40.000,52169899586.090835571289,-29188081.741766005754
18 May 2026 23:31:50.000,52169899586.090835571289,-29188081.741766005754
18 May 2026 23:32:00.000,52169899586.090835571289,-29188081.741766005754
18 May 2026 23:32:10.000,52169899586.090835571289,-29188081.741766005754
18 May 2026 23:32:20.000,52169899586.090835571289,-29188081.741766005754
18 May 2026 23:32:30.000,52169899586.090835571289,-29188081.741766005754
18 May 2026 23:32:40.000,52169899586.090835571289,-29188081.741766005754
18 May 2026 23:32:50.000,52169899586.090835571289,-29188081.741766005754
18 May 2026 23:33:00.000,52169899586.090835571289,-29188081.741766002029
18 May 2026 23:33:10.000,52169899586.090835571289,-29188081.741765998304
18 May 2026 23:33:20.000,52169899586.090835571289,-29188081.741765998304
18 May 2026 23:33:30.000,52169899586.090850830078,-29188081.741765998304
18 May 2026 23:33:40.000,52169899586.090850830078,-29188081.741765998304
18 May 2026 23:33:50.000,52169899586.090850830078,-29188081.741765987128
18 May 2026 23:34:00.000,52169899586.090835571289,-29188081.741766002029
18 May 2026 23:34:10.000,52169899586.090835571289,-29188081.741766013205
18 May 2026 23:34:20.000,52169899586.090835571289,-29188081.741766005754
18 May 2026 23:34:30.000,52169899586.090835571289,-29188081.741766005754
18 May 2026 23:34:40.000,52169899586.090827941895,-29188081.741766016930
18 May 2026 23:34:50.000,52169899586.090835571289,-29188081.741766005754
18 May 2026 23:35:00.000,52169899586.090827941895,-29188081.741766016930
18 May 2026 23:35:10.000,52169899586.090835571289,-29188081.741766005754
18 May 2026 23:35:20.000,52169899586.090835571289,-29188081.741766002029
18 May 2026 23:35:30.000,52169899586.090835571289,-29188081.741766013205
18 May 2026 23:35:40.000,52169899586.090827941895,-29188081.741766013205
18 May 2026 23:35:50.000,52169899586.090827941895,-29188081.741766020656
18 May 2026 23:36:00.000,52169899586.090827941895,-29188081.741766016930
18 May 2026 23:36:10.000,52169899586.090820312500,-29188081.741766028106
18 May 2026 23:36:20.000,52169899586.090835571289,-29188081.741766005754
18 May 2026 23:36:30.000,52169899586.090827941895,-29188081.741766016930
18 May 2026 23:36:40.000,52169899586.090835571289,-29188081.741766005754
18 May 2026 23:36:50.000,52169899586.090827941895,-29188081.741766016930
18 May 2026 23:37:00.000,52169899586.090835571289,-29188081.741766002029
18 May 2026 23:37:10.000,52169899586.090827941895,-29188081.741766020656
18 May 2026 23:37:20.000,52169899586.090835571289,-29188081.741766005754
18 May 2026 23:37:30.000,52169899586.090835571289,-29188081.741766002029
18 May 2026 23:37:40.000,52169899586.090835571289,-29188081.741766002029
18 May 2026 23:37:50.000,52169899586.090820312500,-29188081.741766020656
18 May 2026 23:38:00.000,52169899586.090820312500,-29188081.741766016930
18 May 2026 23:38:10.000,52169899586.090820312500,-29188081.741766016930
18 May 2026 23:38:20.000,52169899586.090835571289,-29188081.741766005754
18 May 2026 23:38:30.000,52169899586.090835571289,-29188081.741766005754
18 May 2026 23:38:40.000,52169899586.090835571289,-29188081.741766002029
18 May 2026 23:38:50.000,52169899586.090835571289,-29188081.741766002029
18 May 2026 23:39:00.000,52169899586.090827941895,-29188081.741766016930
18 May 2026 23:39:10.000,52169899586.090820312500,-29188081.741766024381
18 May 2026 23:39:20.000,52169899586.090835571289,-29188081.741766013205
18 May 2026 23:39:30.000,52169899586.090835571289,-29188081.741766002029
18 May 2026 23:39:40.000,52169899586.090850830078,-29188081.741765983403
18 May 2026 23:39:50.000,52169899586.090835571289,-29188081.741766005754
18 May 2026 23:40:00.000,52169899586.090850830078,-29188081.741765987128
18 May 2026 23:40:10.000,52169899586.090850830078,-29188081.741765994579
18 May 2026 23:40:20.000,52169899586.090850830078,-29188081.741765990853
18 May 2026 23:40:30.000,52169899586.090850830078,-29188081.741765990853
18 May 2026 23:40:40.000,52169899586.090850830078,-29188081.741765994579
18 May 2026 23:40:50.000,52169899586.090850830078,-29188081.741765987128
18 May 2026 23:41:00.000,52169899586.090850830078,-29188081.741765987128
18 May 2026 23:41:10.000,52169899586.090850830078,-29188081.741765994579
18 May 2026 23:41:20.000,52169899586.090835571289,-29188081.741766005754
18 May 2026 23:41:30.000,52169899586.090835571289,-29188081.741766002029
18 May 2026 23:41:40.000,52169899586.090835571289,-29188081.741766013205
18 May 2026 23:41:50.000,52169899586.090835571289,-29188081.741766005754
18 May 2026 23:42:00.000,52169899586.090812683105,-29188081.741766035557
18 May 2026 23:42:10.000,52169899586.090820312500,-29188081.741766028106
18 May 2026 23:42:20.000,52169899586.090820312500,-29188081.741766028106
18 May 2026 23:42:30.000,52169899586.090820312500,-29188081.741766020656
18 May 2026 23:42:40.000,52169899586.090835571289,-29188081.741766013205
18 May 2026 23:42:50.000,52169899586.090835571289,-29188081.741766005754
18 May 2026 23:43:00.000,52169899586.090835571289,-29188081.741766005754
18 May 2026 23:43:10.000,52169899586.090835571289,-29188081.741766002029
18 May 2026 23:43:20.000,52169899586.090835571289,-29188081.741766005754
18 May 2026 23:43:30.000,52169899586.090835571289,-29188081.741766005754
18 May 2026 23:43:40.000,52169899586.090820312500,-29188081.741766020656
18 May 2026 23:43:50.000,52169899586.090827941895,-29188081.741766016930
18 May 2026 23:44:00.000,52169899586.090835571289,-29188081.741766005754
18 May 2026 23:44:10.000,52169899586.090835571289,-29188081.741766005754
18 May 2026 23:44:20.000,52169899586.090835571289,-29188081.741766005754
18 May 2026 23:44:30.000,52169899586.090835571289,-29188081.741766005754
18 May 2026 23:44:40.000,52169899586.090820312500,-29188081.741766020656
18 May 2026 23:44:50.000,52169899586.090820312500,-29188081.741766028106
18 May 2026 23:45:00.000,52169899586.090820312500,-29188081.741766016930
18 May 2026 23:45:10.000,52169899586.090820312500,-29188081.741766028106
18 May 2026 23:45:20.000,52169899586.090820312500,-29188081.741766031832
18 May 2026 23:45:30.000,52169899586.090820312500,-29188081.741766024381
18 May 2026 23:45:40.000,52169899586.090820312500,-29188081.741766024381
18 May 2026 23:45:50.000,52169899586.090820312500,-29188081.741766024381
18 May 2026 23:46:00.000,52169899586.090820312500,-29188081.741766024381
18 May 2026 23:46:10.000,52169899586.090812683105,-29188081.741766028106
18 May 2026 23:46:20.000,52169899586.090812683105,-29188081.741766028106
18 May 2026 23:46:30.000,52169899586.090820312500,-29188081.741766031832
18 May 2026 23:46:40.000,52169899586.090820312500,-29188081.741766024381
18 May 2026 23:46:50.000,52169899586.090820312500,-29188081.741766028106
18 May 2026 23:47:00.000,52169899586.090820312500,-29188081.741766031832
18 May 2026 23:47:10.000,52169899586.090820312500,-29188081.741766028106
18 May 2026 23:47:20.000,52169899586.090820312500,-29188081.741766028106
18 May 2026 23:47:30.000,52169899586.090820312500,-29188081.741766024381
18 May 2026 23:47:40.000,52169899586.090820312500,-29188081.741766020656
18 May 2026 23:47:50.000,52169899586.090820312500,-29188081.741766028106
18 May 2026 23:48:00.000,52169899586.090820312500,-29188081.741766028106
18 May 2026 23:48:10.000,52169899586.090820312500,-29188081.741766028106
18 May 2026 23:48:20.000,52169899586.090820312500,-29188081.741766031832
18 May 2026 23:48:30.000,52169899586.090820312500,-29188081.741766024381
18 May 2026 23:48:40.000,52169899586.090812683105,-29188081.741766028106
18 May 2026 23:48:50.000,52169899586.090820312500,-29188081.741766024381
18 May 2026 23:49:00.000,52169899586.090812683105,-29188081.741766031832
18 May 2026 23:49:10.000,52169899586.090820312500,-29188081.741766031832
18 May 2026 23:49:20.000,52169899586.090820312500,-29188081.741766031832
18 May 2026 23:49:30.000,52169899586.090820312500,-29188081.741766028106
18 May 2026 23:49:40.000,52169899586.090820312500,-29188081.741766031832
18 May 2026 23:49:50.000,52169899586.090827941895,-29188081.741766016930
18 May 2026 23:50:00.000,52169899586.090820312500,-29188081.741766028106
18 May 2026 23:50:10.000,52169899586.090820312500,-29188081.741766028106
18 May 2026 23:50:20.000,52169899586.090812683105,-29188081.741766031832
18 May 2026 23:50:30.000,52169899586.090820312500,-29188081.741766028106
18 May 2026 23:50:40.000,52169899586.090820312500,-29188081.741766024381
18 May 2026 23:50:50.000,52169899586.090835571289,-29188081.741766002029
18 May 2026 23:51:00.000,52169899586.090820312500,-29188081.741766028106
18 May 2026 23:51:10.000,52169899586.090820312500,-29188081.741766031832
18 May 2026 23:51:20.000,52169899586.090820312500,-29188081.741766028106
18 May 2026 23:51:30.000,52169899586.090812683105,-29188081.741766031832
18 May 2026 23:51:40.000,52169899586.090812683105,-29188081.741766028106
18 May 2026 23:51:50.000,52169899586.090812683105,-29188081.741766028106
18 May 2026 23:52:00.000,52169899586.090812683105,-29188081.741766035557
18 May 2026 23:52:10.000,52169899586.090812683105,-29188081.741766035557
18 May 2026 23:52:20.000,52169899586.090812683105,-29188081.741766035557
18 May 2026 23:52:30.000,52169899586.090820312500,-29188081.741766028106
18 May 2026 23:52:40.000,52169899586.090820312500,-29188081.741766024381
18 May 2026 23:52:50.000,52169899586.090820312500,-29188081.741766024381
18 May 2026 23:53:00.000,52169899586.090812683105,-29188081.741766031832
18 May 2026 23:53:10.000,52169899586.090820312500,-29188081.741766024381
18 May 2026 23:53:20.000,52169899586.090820312500,-29188081.741766020656
18 May 2026 23:53:30.000,52169899586.090820312500,-29188081.741766024381
18 May 2026 23:53:40.000,52169899586.090827941895,-29188081.741766013205
18 May 2026 23:53:50.000,52169899586.090827941895,-29188081.741766020656
18 May 2026 23:54:00.000,52169899586.090820312500,-29188081.741766028106
18 May 2026 23:54:10.000,52169899586.090827941895,-29188081.741766013205
18 May 2026 23:54:20.000,52169899586.090827941895,-29188081.741766020656
18 May 2026 23:54:30.000,52169899586.090827941895,-29188081.741766016930
18 May 2026 23:54:40.000,52169899586.090827941895,-29188081.741766016930
18 May 2026 23:54:50.000,52169899586.090820312500,-29188081.741766016930
18 May 2026 23:55:00.000,52169899586.090827941895,-29188081.741766016930
18 May 2026 23:55:10.000,52169899586.090835571289,-29188081.741766005754
18 May 2026 23:55:20.000,52169899586.090835571289,-29188081.741766005754
18 May 2026 23:55:30.000,52169899586.090835571289,-29188081.741766002029
18 May 2026 23:55:40.000,52169899586.090827941895,-29188081.741766013205
18 May 2026 23:55:50.000,52169899586.090835571289,-29188081.741766002029
18 May 2026 23:56:00.000,52169899586.090835571289,-29188081.741766005754
18 May 2026 23:56:10.000,52169899586.090835571289,-29188081.741766002029
18 May 2026 23:56:20.000,52169899586.090835571289,-29188081.741766002029
18 May 2026 23:56:30.000,52169899586.090835571289,-29188081.741766002029
18 May 2026 23:56:40.000,52169899586.090835571289,-29188081.741766005754
18 May 2026 23:56:50.000,52169899586.090835571289,-29188081.741766002029
18 May 2026 23:57:00.000,52169899586.090835571289,-29188081.741766002029
18 May 2026 23:57:10.000,52169899586.090850830078,-29188081.741765998304
18 May 2026 23:57:20.000,52169899586.090850830078,-29188081.741765998304
18 May 2026 23:57:30.000,52169899586.090850830078,-29188081.741765994579
18 May 2026 23:57:40.000,52169899586.090850830078,-29188081.741765998304
18 May 2026 23:57:50.000,52169899586.090835571289,-29188081.741766002029
18 May 2026 23:58:00.000,52169899586.090835571289,-29188081.741766005754
18 May 2026 23:58:10.000,52169899586.090827941895,-29188081.741766020656
18 May 2026 23:58:20.000,52169899586.090827941895,-29188081.741766016930
18 May 2026 23:58:30.000,52169899586.090827941895,-29188081.741766020656
18 May 2026 23:58:40.000,52169899586.090827941895,-29188081.741766020656
18 May 2026 23:58:50.000,52169899586.090827941895,-29188081.741766020656
18 May 2026 23:59:00.000,52169899586.090820312500,-29188081.741766024381
18 May 2026 23:59:10.000,52169899586.090820312500,-29188081.741766028106
18 May 2026 23:59:20.000,52169899586.090820312500,-29188081.741766028106
18 May 2026 23:59:30.000,52169899586.090820312500,-29188081.741766028106
18 May 2026 23:59:40.000,52169899586.090820312500,-29188081.741766028106
18 May 2026 23:59:50.000,52169899586.090820312500,-29188081.741766016930
19 May 2026 00:00:00.000,52169899586.090827941895,-29188081.741766016930
19 May 2026 00:00:10.000,52169899586.090820312500,-29188081.741766016930
19 May 2026 00:00:20.000,52169899586.090820312500,-29188081.741766028106
19 May 2026 00:00:30.000,52169899586.090820312500,-29188081.741766028106
19 May 2026 00:00:40.000,52169899586.090820312500,-29188081.741766028106
19 May 2026 00:00:50.000,52169899586.090805053711,-29188081.741766039282
19 May 2026 00:01:00.000,52169899586.090820312500,-29188081.741766028106
19 May 2026 00:01:10.000,52169899586.090820312500,-29188081.741766028106
19 May 2026 00:01:20.000,52169899586.090827941895,-29188081.741766013205
19 May 2026 00:01:30.000,52169899586.090820312500,-29188081.741766028106
19 May 2026 00:01:40.000,52169899586.090820312500,-29188081.741766028106
19 May 2026 00:01:50.000,52169899586.090835571289,-29188081.741766002029
19 May 2026 00:02:00.000,52169899586.090835571289,-29188081.741766005754
19 May 2026 00:02:10.000,52169899586.090835571289,-29188081.741766005754
19 May 2026 00:02:20.000,52169899586.090835571289,-29188081.741765998304
19 May 2026 00:02:30.000,52169899586.090843200684,-29188081.741766002029
19 May 2026 00:02:40.000,52169899586.090843200684,-29188081.741766002029
19 May 2026 00:02:50.000,52169899586.090843200684,-29188081.741765998304
19 May 2026 00:03:00.000,52169899586.090843200684,-29188081.741765998304
19 May 2026 00:03:10.000,52169899586.090835571289,-29188081.741766002029
19 May 2026 00:03:20.000,52169899586.090850830078,-29188081.741765990853
19 May 2026 00:03:30.000,52169899586.090850830078,-29188081.741765994579
19 May 2026 00:03:40.000,52169899586.090835571289,-29188081.741766002029
19 May 2026 00:03:50.000,52169899586.090835571289,-29188081.741766005754
19 May 2026 00:04:00.000,52169899586.090850830078,-29188081.741765994579
19 May 2026 00:04:10.000,52169899586.090835571289,-29188081.741766002029
19 May 2026 00:04:20.000,52169899586.090850830078,-29188081.741765998304
19 May 2026 00:04:30.000,52169899586.090835571289,-29188081.741766005754
19 May 2026 00:04:40.000,52169899586.090850830078,-29188081.741765994579
19 May 2026 00:04:50.000,52169899586.090850830078,-29188081.741765998304
19 May 2026 00:05:00.000,52169899586.090850830078,-29188081.741765990853
19 May 2026 00:05:10.000,52169899586.090850830078,-29188081.741765990853
19 May 2026 00:05:20.000,52169899586.090850830078,-29188081.741765987128
19 May 2026 00:05:30.000,52169899586.090850830078,-29188081.741765987128
19 May 2026 00:05:40.000,52169899586.090858459473,-29188081.741765979677
19 May 2026 00:05:50.000,52169899586.090858459473,-29188081.741765987128
19 May 2026 00:06:00.000,52169899586.090858459473,-29188081.741765983403
19 May 2026 00:06:10.000,52169899586.090858459473,-29188081.741765983403
19 May 2026 00:06:20.000,52169899586.090866088867,-29188081.741765972227
19 May 2026 00:06:30.000,52169899586.090858459473,-29188081.741765975952
19 May 2026 00:06:40.000,52169899586.090850830078,-29188081.741765987128
19 May 2026 00:06:50.000,52169899586.090858459473,-29188081.741765983403
19 May 2026 00:07:00.000,52169899586.090858459473,-29188081.741765979677
19 May 2026 00:07:10.000,52169899586.090858459473,-29188081.741765983403
19 May 2026 00:07:20.000,52169899586.090850830078,-29188081.741765987128
19 May 2026 00:07:30.000,52169899586.090850830078,-29188081.741765990853
19 May 2026 00:07:40.000,52169899586.090866088867,-29188081.741765975952
19 May 2026 00:07:50.000,52169899586.090850830078,-29188081.741765987128
19 May 2026 00:08:00.000,52169899586.090866088867,-29188081.741765975952
19 May 2026 00:08:10.000,52169899586.090850830078,-29188081.741765990853
19 May 2026 00:08:20.000,52169899586.090866088867,-29188081.741765975952
19 May 2026 00:08:30.000,52169899586.090858459473,-29188081.741765979677
19 May 2026 00:08:40.000,52169899586.090866088867,-29188081.741765979677
19 May 2026 00:08:50.000,52169899586.090866088867,-29188081.741765975952
19 May 2026 00:09:00.000,52169899586.090866088867,-29188081.741765975952
19 May 2026 00:09:10.000,52169899586.090866088867,-29188081.741765975952
19 May 2026 00:09:20.000,52169899586.090866088867,-29188081.741765972227
19 May 2026 00:09:30.000,52169899586.090866088867,-29188081.741765975952
19 May 2026 00:09:40.000,52169899586.090866088867,-29188081.741765975952
19 May 2026 00:09:50.000,52169899586.090866088867,-29188081.741765979677
19 May 2026 00:10:00.000,52169899586.090866088867,-29188081.741765968502
19 May 2026 00:10:10.000,52169899586.090873718262,-29188081.741765964776
19 May 2026 00:10:20.000,52169899586.090873718262,-29188081.741765961051
19 May 2026 00:10:30.000,52169899586.090881347656,-29188081.741765946150
19 May 2026 00:10:40.000,52169899586.090873718262,-29188081.741765961051
19 May 2026 00:10:50.000,52169899586.090881347656,-29188081.741765953600
19 May 2026 00:11:00.000,52169899586.090881347656,-29188081.741765957326
19 May 2026 00:11:10.000,52169899586.090881347656,-29188081.741765957326
19 May 2026 00:11:20.000,52169899586.090896606445,-29188081.741765942425
19 May 2026 00:11:30.000,52169899586.090896606445,-29188081.741765934974
19 May 2026 00:11:40.000,52169899586.090881347656,-29188081.741765946150
19 May 2026 00:11:50.000,52169899586.090896606445,-29188081.741765934974
19 May 2026 00:12:00.000,52169899586.090896606445,-29188081.741765938699
19 May 2026 00:12:10.000,52169899586.090896606445,-29188081.741765938699
19 May 2026 00:12:20.000,52169899586.090888977051,-29188081.741765946150
19 May 2026 00:12:30.000,52169899586.090896606445,-29188081.741765938699
19 May 2026 00:12:40.000,52169899586.090896606445,-29188081.741765938699
19 May 2026 00:12:50.000,52169899586.090888977051,-29188081.741765953600
19 May 2026 00:13:00.000,52169899586.090896606445,-29188081.741765938699
19 May 2026 00:13:10.000,52169899586.090896606445,-29188081.741765942425
19 May 2026 00:13:20.000,52169899586.090896606445,-29188081.741765938699
19 May 2026 00:13:30.000,52169899586.090881347656,-29188081.741765953600
19 May 2026 00:13:40.000,52169899586.090896606445,-29188081.741765938699
19 May 2026 00:13:50.000,52169899586.090896606445,-29188081.741765938699
19 May 2026 00:14:00.000,52169899586.090896606445,-29188081.741765938699
19 May 2026 00:14:10.000,52169899586.090896606445,-29188081.741765938699
19 May 2026 00:14:20.000,52169899586.090896606445,-29188081.741765938699
19 May 2026 00:14:30.000,52169899586.090896606445,-29188081.741765938699
19 May 2026 00:14:40.000,52169899586.090896606445,-29188081.741765938699
19 May 2026 00:14:50.000,52169899586.090896606445,-29188081.741765938699
19 May 2026 00:15:00.000,52169899586.090896606445,-29188081.741765934974
19 May 2026 00:15:10.000,52169899586.090896606445,-29188081.741765946150
19 May 2026 00:15:20.000,52169899586.090911865234,-29188081.741765923798
19 May 2026 00:15:30.000,52169899586.090904235840,-29188081.741765931249
19 May 2026 00:15:40.000,52169899586.090911865234,-29188081.741765923798
19 May 2026 00:15:50.000,52169899586.090911865234,-29188081.741765923798
19 May 2026 00:16:00.000,52169899586.090919494629,-29188081.741765908897
19 May 2026 00:16:10.000,52169899586.090911865234,-29188081.741765920073
19 May 2026 00:16:20.000,52169899586.090927124023,-29188081.741765901446
19 May 2026 00:16:30.000,52169899586.090927124023,-29188081.741765901446
19 May 2026 00:16:40.000,52169899586.090927124023,-29188081.741765912622
19 May 2026 00:16:50.000,52169899586.090927124023,-29188081.741765905172
19 May 2026 00:17:00.000,52169899586.090911865234,-29188081.741765923798
19 May 2026 00:17:10.000,52169899586.090927124023,-29188081.741765908897
19 May 2026 00:17:20.000,52169899586.090911865234,-29188081.741765923798
19 May 2026 00:17:30.000,52169899586.090927124023,-29188081.741765905172
19 May 2026 00:17:40.000,52169899586.090927124023,-29188081.741765912622
19 May 2026 00:17:50.000,52169899586.090927124023,-29188081.741765908897
19 May 2026 00:18:00.000,52169899586.090927124023,-29188081.741765905172
19 May 2026 00:18:10.000,52169899586.090942382812,-29188081.741765886545
19 May 2026 00:18:20.000,52169899586.090934753418,-29188081.741765897721
19 May 2026 00:18:30.000,52169899586.090934753418,-29188081.741765897721
19 May 2026 00:18:40.000,52169899586.090934753418,-29188081.741765897721
19 May 2026 00:18:50.000,52169899586.090934753418,-29188081.741765901446
19 May 2026 00:19:00.000,52169899586.090934753418,-29188081.741765897721
19 May 2026 00:19:10.000,52169899586.090934753418,-29188081.741765897721
19 May 2026 00:19:20.000,52169899586.090934753418,-29188081.741765897721
19 May 2026 00:19:30.000,52169899586.090942382812,-29188081.741765882820
19 May 2026 00:19:40.000,52169899586.090942382812,-29188081.741765882820
19 May 2026 00:19:50.000,52169899586.090942382812,-29188081.741765886545
19 May 2026 00:20:00.000,52169899586.090942382812,-29188081.741765886545
19 May 2026 00:20:10.000,52169899586.090950012207,-29188081.741765875369
19 May 2026 00:20:20.000,52169899586.090950012207,-29188081.741765875369
19 May 2026 00:20:30.000,52169899586.090934753418,-29188081.741765897721
19 May 2026 00:20:40.000,52169899586.090934753418,-29188081.741765890270
19 May 2026 00:20:50.000,52169899586.090934753418,-29188081.741765897721
19 May 2026 00:21:00.000,52169899586.090942382812,-29188081.741765879095
19 May 2026 00:21:10.000,52169899586.090942382812,-29188081.741765882820
19 May 2026 00:21:20.000,52169899586.090934753418,-29188081.741765897721
19 May 2026 00:21:30.000,52169899586.090950012207,-29188081.741765875369
19 May 2026 00:21:40.000,52169899586.090934753418,-29188081.741765890270
19 May 2026 00:21:50.000,52169899586.090934753418,-29188081.741765897721
19 May 2026 00:22:00.000,52169899586.090934753418,-29188081.741765890270
19 May 2026 00:22:10.000,52169899586.090942382812,-29188081.741765882820
19 May 2026 00:22:20.000,52169899586.090934753418,-29188081.741765901446
19 May 2026 00:22:30.000,52169899586.090934753418,-29188081.741765897721
19 May 2026 00:22:40.000,52169899586.090934753418,-29188081.741765897721
19 May 2026 00:22:50.000,52169899586.090934753418,-29188081.741765897721
19 May 2026 00:23:00.000,52169899586.090934753418,-29188081.741765897721
19 May 2026 00:23:10.000,52169899586.090927124023,-29188081.741765908897
19 May 2026 00:23:20.000,52169899586.090934753418,-29188081.741765890270
19 May 2026 00:23:30.000,52169899586.090942382812,-29188081.741765882820
19 May 2026 00:23:40.000,52169899586.090934753418,-29188081.741765890270
19 May 2026 00:23:50.000,52169899586.090934753418,-29188081.741765897721
19 May 2026 00:24:00.000,52169899586.090934753418,-29188081.741765897721
19 May 2026 00:24:10.000,52169899586.090934753418,-29188081.741765897721
19 May 2026 00:24:20.000,52169899586.090934753418,-29188081.741765897721
19 May 2026 00:24:30.000,52169899586.090927124023,-29188081.741765905172
19 May 2026 00:24:40.000,52169899586.090927124023,-29188081.741765908897
19 May 2026 00:24:50.000,52169899586.090927124023,-29188081.741765905172
19 May 2026 00:25:00.000,52169899586.090934753418,-29188081.741765897721
19 May 2026 00:25:10.000,52169899586.090942382812,-29188081.741765882820
19 May 2026 00:25:20.000,52169899586.090950012207,-29188081.741765875369
19 May 2026 00:25:30.000,52169899586.090942382812,-29188081.741765886545
19 May 2026 00:25:40.000,52169899586.090934753418,-29188081.741765890270
19 May 2026 00:25:50.000,52169899586.090942382812,-29188081.741765886545
19 May 2026 00:26:00.000,52169899586.090934753418,-29188081.741765890270
19 May 2026 00:26:10.000,52169899586.090934753418,-29188081.741765897721
19 May 2026 00:26:20.000,52169899586.090934753418,-29188081.741765901446
19 May 2026 00:26:30.000,52169899586.090934753418,-29188081.741765897721
19 May 2026 00:26:40.000,52169899586.090927124023,-29188081.741765905172
19 May 2026 00:26:50.000,52169899586.090934753418,-29188081.741765890270
19 May 2026 00:27:00.000,52169899586.090942382812,-29188081.741765886545
19 May 2026 00:27:10.000,52169899586.090934753418,-29188081.741765897721
19 May 2026 00:27:20.000,52169899586.090934753418,-29188081.741765897721
19 May 2026 00:27:30.000,52169899586.090934753418,-29188081.741765890270
19 May 2026 00:27:40.000,52169899586.090942382812,-29188081.741765882820
19 May 2026 00:27:50.000,52169899586.090934753418,-29188081.741765897721
19 May 2026 00:28:00.000,52169899586.090950012207,-29188081.741765879095
19 May 2026 00:28:10.000,52169899586.090934753418,-29188081.741765890270
19 May 2026 00:28:20.000,52169899586.090934753418,-29188081.741765901446
19 May 2026 00:28:30.000,52169899586.090934753418,-29188081.741765901446
19 May 2026 00:28:40.000,52169899586.090934753418,-29188081.741765901446
19 May 2026 00:28:50.000,52169899586.090934753418,-29188081.741765905172
19 May 2026 00:29:00.000,52169899586.090934753418,-29188081.741765905172
19 May 2026 00:29:10.000,52169899586.090934753418,-29188081.741765901446
19 May 2026 00:29:20.000,52169899586.090934753418,-29188081.741765901446
19 May 2026 00:29:30.000,52169899586.090934753418,-29188081.741765890270
19 May 2026 00:29:40.000,52169899586.090934753418,-29188081.741765897721
19 May 2026 00:29:50.000,52169899586.090934753418,-29188081.741765901446
19 May 2026 00:30:00.000,52169899586.090934753418,-29188081.741765905172
19 May 2026 00:30:10.000,52169899586.090934753418,-29188081.741765901446
19 May 2026 00:30:20.000,52169899586.090927124023,-29188081.741765905172
19 May 2026 00:30:30.000,52169899586.090934753418,-29188081.741765905172
19 May 2026 00:30:40.000,52169899586.090934753418,-29188081.741765897721
19 May 2026 00:30:50.000,52169899586.090934753418,-29188081.741765897721
19 May 2026 00:31:00.000,52169899586.090934753418,-29188081.741765901446
19 May 2026 00:31:10.000,52169899586.090934753418,-29188081.741765905172
19 May 2026 00:31:20.000,52169899586.090934753418,-29188081.741765897721
19 May 2026 00:31:30.000,52169899586.090934753418,-29188081.741765901446
19 May 2026 00:31:40.000,52169899586.090934753418,-29188081.741765890270
19 May 2026 00:31:50.000,52169899586.090934753418,-29188081.741765901446
19 May 2026 00:32:00.000,52169899586.090934753418,-29188081.741765890270
19 May 2026 00:32:10.000,52169899586.090934753418,-29188081.741765901446
19 May 2026 00:32:20.000,52169899586.090919494629,-29188081.741765912622
19 May 2026 00:32:30.000,52169899586.090919494629,-29188081.741765912622
19 May 2026 00:32:40.000,52169899586.090919494629,-29188081.741765916348
19 May 2026 00:32:50.000,52169899586.090919494629,-29188081.741765912622
19 May 2026 00:33:00.000,52169899586.090934753418,-29188081.741765905172
19 May 2026 00:33:10.000,52169899586.090919494629,-29188081.741765912622
19 May 2026 00:33:20.000,52169899586.090911865234,-29188081.741765927523
19 May 2026 00:33:30.000,52169899586.090911865234,-29188081.741765923798
19 May 2026 00:33:40.000,52169899586.090911865234,-29188081.741765923798
19 May 2026 00:33:50.000,52169899586.090911865234,-29188081.741765923798
19 May 2026 00:34:00.000,52169899586.090927124023,-29188081.741765908897
19 May 2026 00:34:10.000,52169899586.090911865234,-29188081.741765923798
19 May 2026 00:34:20.000,52169899586.090934753418,-29188081.741765897721
19 May 2026 00:34:30.000,52169899586.090934753418,-29188081.741765901446
19 May 2026 00:34:40.000,52169899586.090934753418,-29188081.741765901446
19 May 2026 00:34:50.000,52169899586.090911865234,-29188081.741765923798
19 May 2026 00:35:00.000,52169899586.090911865234,-29188081.741765923798
19 May 2026 00:35:10.000,52169899586.090911865234,-29188081.741765923798
19 May 2026 00:35:20.000,52169899586.090911865234,-29188081.741765920073
19 May 2026 00:35:30.000,52169899586.090911865234,-29188081.741765920073
19 May 2026 00:35:40.000,52169899586.090911865234,-29188081.741765920073
19 May 2026 00:35:50.000,52169899586.090911865234,-29188081.741765920073
19 May 2026 00:36:00.000,52169899586.090911865234,-29188081.741765920073
19 May 2026 00:36:10.000,52169899586.090911865234,-29188081.741765923798
19 May 2026 00:36:20.000,52169899586.090927124023,-29188081.741765908897
19 May 2026 00:36:30.000,52169899586.090927124023,-29188081.741765905172
19 May 2026 00:36:40.000,52169899586.090911865234,-29188081.741765920073
19 May 2026 00:36:50.000,52169899586.090911865234,-29188081.741765920073
19 May 2026 00:37:00.000,52169899586.090911865234,-29188081.741765920073
19 May 2026 00:37:10.000,52169899586.090911865234,-29188081.741765920073
19 May 2026 00:37:20.000,52169899586.090911865234,-29188081.741765920073
19 May 2026 00:37:30.000,52169899586.090911865234,-29188081.741765920073
19 May 2026 00:37:40.000,52169899586.090927124023,-29188081.741765905172
19 May 2026 00:37:50.000,52169899586.090927124023,-29188081.741765905172
19 May 2026 00:38:00.000,52169899586.090927124023,-29188081.741765908897
19 May 2026 00:38:10.000,52169899586.090927124023,-29188081.741765905172
19 May 2026 00:38:20.000,52169899586.090927124023,-29188081.741765905172
19 May 2026 00:38:30.000,52169899586.090927124023,-29188081.741765908897
19 May 2026 00:38:40.000,52169899586.090927124023,-29188081.741765905172
19 May 2026 00:38:50.000,52169899586.090927124023,-29188081.741765905172
19 May 2026 00:39:00.000,52169899586.090927124023,-29188081.741765908897
19 May 2026 00:39:10.000,52169899586.090927124023,-29188081.741765905172
19 May 2026 00:39:20.000,52169899586.090927124023,-29188081.741765905172
19 May 2026 00:39:30.000,52169899586.090927124023,-29188081.741765905172
19 May 2026 00:39:40.000,52169899586.090927124023,-29188081.741765905172
19 May 2026 00:39:50.000,52169899586.090927124023,-29188081.741765905172
19 May 2026 00:40:00.000,52169899586.090927124023,-29188081.741765905172
19 May 2026 00:40:10.000,52169899586.090934753418,-29188081.741765905172
19 May 2026 00:40:20.000,52169899586.090927124023,-29188081.741765905172
19 May 2026 00:40:30.000,52169899586.090934753418,-29188081.741765905172
19 May 2026 00:40:40.000,52169899586.090934753418,-29188081.741765897721
19 May 2026 00:40:50.000,52169899586.090934753418,-29188081.741765897721
19 May 2026 00:41:00.000,52169899586.090942382812,-29188081.741765882820
19 May 2026 00:41:10.000,52169899586.090942382812,-29188081.741765886545
19 May 2026 00:41:20.000,52169899586.090934753418,-29188081.741765897721
19 May 2026 00:41:30.000,52169899586.090934753418,-29188081.741765897721
19 May 2026 00:41:40.000,52169899586.090934753418,-29188081.741765897721
19 May 2026 00:41:50.000,52169899586.090927124023,-29188081.741765905172
19 May 2026 00:42:00.000,52169899586.090927124023,-29188081.741765905172
19 May 2026 00:42:10.000,52169899586.090934753418,-29188081.741765901446
19 May 2026 00:42:20.000,52169899586.090927124023,-29188081.741765905172
19 May 2026 00:42:30.000,52169899586.090927124023,-29188081.741765905172
19 May 2026 00:42:40.000,52169899586.090934753418,-29188081.741765905172
19 May 2026 00:42:50.000,52169899586.090934753418,-29188081.741765901446
19 May 2026 00:43:00.000,52169899586.090919494629,-29188081.741765912622
19 May 2026 00:43:10.000,52169899586.090919494629,-29188081.741765912622
19 May 2026 00:43:20.000,52169899586.090911865234,-29188081.741765923798
19 May 2026 00:43:30.000,52169899586.090927124023,-29188081.741765905172
19 May 2026 00:43:40.000,52169899586.090919494629,-29188081.741765912622
19 May 2026 00:43:50.000,52169899586.090919494629,-29188081.741765912622
19 May 2026 00:44:00.000,52169899586.090911865234,-29188081.741765923798
19 May 2026 00:44:10.000,52169899586.090919494629,-29188081.741765916348
19 May 2026 00:44:20.000,52169899586.090911865234,-29188081.741765920073
19 May 2026 00:44:30.000,52169899586.090911865234,-29188081.741765923798
19 May 2026 00:44:40.000,52169899586.090919494629,-29188081.741765916348
19 May 2026 00:44:50.000,52169899586.090919494629,-29188081.741765912622
19 May 2026 00:45:00.000,52169899586.090919494629,-29188081.741765912622
19 May 2026 00:45:10.000,52169899586.090911865234,-29188081.741765920073
19 May 2026 00:45:20.000,52169899586.090911865234,-29188081.741765923798
19 May 2026 00:45:30.000,52169899586.090911865234,-29188081.741765923798
19 May 2026 00:45:40.000,52169899586.090911865234,-29188081.741765927523
19 May 2026 00:45:50.000,52169899586.090911865234,-29188081.741765923798
19 May 2026 00:46:00.000,52169899586.090911865234,-29188081.741765920073
19 May 2026 00:46:10.000,52169899586.090911865234,-29188081.741765923798
19 May 2026 00:46:20.000,52169899586.090911865234,-29188081.741765920073
19 May 2026 00:46:30.000,52169899586.090911865234,-29188081.741765920073
19 May 2026 00:46:40.000,52169899586.090911865234,-29188081.741765923798
19 May 2026 00:46:50.000,52169899586.090919494629,-29188081.741765912622
19 May 2026 00:47:00.000,52169899586.090911865234,-29188081.741765923798
19 May 2026 00:47:10.000,52169899586.090911865234,-29188081.741765923798
19 May 2026 00:47:20.000,52169899586.090927124023,-29188081.741765905172
19 May 2026 00:47:30.000,52169899586.090927124023,-29188081.741765908897
19 May 2026 00:47:40.000,52169899586.090927124023,-29188081.741765908897
19 May 2026 00:47:50.000,52169899586.090919494629,-29188081.741765912622
19 May 2026 00:48:00.000,52169899586.090934753418,-29188081.741765897721
19 May 2026 00:48:10.000,52169899586.090934753418,-29188081.741765901446
19 May 2026 00:48:20.000,52169899586.090934753418,-29188081.741765897721
19 May 2026 00:48:30.000,52169899586.090950012207,-29188081.741765875369
19 May 2026 00:48:40.000,52169899586.090934753418,-29188081.741765890270
19 May 2026 00:48:50.000,52169899586.090950012207,-29188081.741765875369
19 May 2026 00:49:00.000,52169899586.090950012207,-29188081.741765879095
19 May 2026 00:49:10.000,52169899586.090950012207,-29188081.741765875369
19 May 2026 00:49:20.000,52169899586.090942382812,-29188081.741765890270
19 May 2026 00:49:30.000,52169899586.090942382812,-29188081.741765886545
19 May 2026 00:49:40.000,52169899586.090950012207,-29188081.741765875369
19 May 2026 00:49:50.000,52169899586.090934753418,-29188081.741765897721
19 May 2026 00:50:00.000,52169899586.090934753418,-29188081.741765890270
19 May 2026 00:50:10.000,52169899586.090942382812,-29188081.741765886545
19 May 2026 00:50:20.000,52169899586.090950012207,-29188081.741765875369
19 May 2026 00:50:30.000,52169899586.090942382812,-29188081.741765886545
19 May 2026 00:50:40.000,52169899586.090942382812,-29188081.741765886545
19 May 2026 00:50:50.000,52169899586.090934753418,-29188081.741765890270
19 May 2026 00:51:00.000,52169899586.090934753418,-29188081.741765901446
19 May 2026 00:51:10.000,52169899586.090934753418,-29188081.741765901446
19 May 2026 00:51:20.000,52169899586.090934753418,-29188081.741765897721
19 May 2026 00:51:30.000,52169899586.090942382812,-29188081.741765886545
19 May 2026 00:51:40.000,52169899586.090934753418,-29188081.741765901446
19 May 2026 00:51:50.000,52169899586.090950012207,-29188081.741765879095
19 May 2026 00:52:00.000,52169899586.090950012207,-29188081.741765882820
19 May 2026 00:52:10.000,52169899586.090950012207,-29188081.741765875369
19 May 2026 00:52:20.000,52169899586.090950012207,-29188081.741765875369
19 May 2026 00:52:30.000,52169899586.090950012207,-29188081.741765871644
19 May 2026 00:52:40.000,52169899586.090950012207,-29188081.741765879095
19 May 2026 00:52:50.000,52169899586.090950012207,-29188081.741765875369
19 May 2026 00:53:00.000,52169899586.090950012207,-29188081.741765875369
19 May 2026 00:53:10.000,52169899586.090950012207,-29188081.741765879095
19 May 2026 00:53:20.000,52169899586.090950012207,-29188081.741765875369
19 May 2026 00:53:30.000,52169899586.090950012207,-29188081.741765875369
19 May 2026 00:53:40.000,52169899586.090950012207,-29188081.741765879095
19 May 2026 00:53:50.000,52169899586.090957641602,-29188081.741765867919
19 May 2026 00:54:00.000,52169899586.090942382812,-29188081.741765886545
19 May 2026 00:54:10.000,52169899586.090957641602,-29188081.741765867919
19 May 2026 00:54:20.000,52169899586.090950012207,-29188081.741765879095
19 May 2026 00:54:30.000,52169899586.090950012207,-29188081.741765882820
19 May 2026 00:54:40.000,52169899586.090957641602,-29188081.741765871644
19 May 2026 00:54:50.000,52169899586.090950012207,-29188081.741765882820
19 May 2026 00:55:00.000,52169899586.090957641602,-29188081.741765871644
19 May 2026 00:55:10.000,52169899586.090965270996,-29188081.741765864193
19 May 2026 00:55:20.000,52169899586.090950012207,-29188081.741765871644
19 May 2026 00:55:30.000,52169899586.090950012207,-29188081.741765875369
19 May 2026 00:55:40.000,52169899586.090950012207,-29188081.741765867919
19 May 2026 00:55:50.000,52169899586.090950012207,-29188081.741765879095
19 May 2026 00:56:00.000,52169899586.090950012207,-29188081.741765879095
19 May 2026 00:56:10.000,52169899586.090950012207,-29188081.741765879095
19 May 2026 00:56:20.000,52169899586.090950012207,-29188081.741765879095
19 May 2026 00:56:30.000,52169899586.090950012207,-29188081.741765879095
19 May 2026 00:56:40.000,52169899586.090942382812,-29188081.741765890270
19 May 2026 00:56:50.000,52169899586.090950012207,-29188081.741765871644
19 May 2026 00:57:00.000,52169899586.090950012207,-29188081.741765879095
19 May 2026 00:57:10.000,52169899586.090950012207,-29188081.741765879095
19 May 2026 00:57:20.000,52169899586.090950012207,-29188081.741765879095
19 May 2026 00:57:30.000,52169899586.090950012207,-29188081.741765879095
19 May 2026 00:57:40.000,52169899586.090950012207,-29188081.741765882820
19 May 2026 00:57:50.000,52169899586.090950012207,-29188081.741765871644
19 May 2026 00:58:00.000,52169899586.090950012207,-29188081.741765879095
19 May 2026 00:58:10.000,52169899586.090950012207,-29188081.741765871644
19 May 2026 00:58:20.000,52169899586.090942382812,-29188081.741765882820
19 May 2026 00:58:30.000,52169899586.090942382812,-29188081.741765882820
19 May 2026 00:58:40.000,52169899586.090942382812,-29188081.741765882820
19 May 2026 00:58:50.000,52169899586.090942382812,-29188081.741765882820
19 May 2026 00:59:00.000,52169899586.090934753418,-29188081.741765890270
19 May 2026 00:59:10.000,52169899586.090934753418,-29188081.741765897721
19 May 2026 00:59:20.000,52169899586.090942382812,-29188081.741765882820
19 May 2026 00:59:30.000,52169899586.090942382812,-29188081.741765886545
19 May 2026 00:59:40.000,52169899586.090934753418,-29188081.741765897721
19 May 2026 00:59:50.000,52169899586.090942382812,-29188081.741765890270
19 May 2026 01:00:00.000,52169899586.090934753418,-29188081.741765890270
19 May 2026 01:00:10.000,52169899586.090934753418,-29188081.741765901446
19 May 2026 01:00:20.000,52169899586.090927124023,-29188081.741765908897
19 May 2026 01:00:30.000,52169899586.090927124023,-29188081.741765908897
19 May 2026 01:00:40.000,52169899586.090934753418,-29188081.741765905172
19 May 2026 01:00:50.000,52169899586.090927124023,-29188081.741765908897
19 May 2026 01:01:00.000,52169899586.090927124023,-29188081.741765901446
19 May 2026 01:01:10.000,52169899586.090927124023,-29188081.741765901446
19 May 2026 01:01:20.000,52169899586.090927124023,-29188081.741765905172
19 May 2026 01:01:30.000,52169899586.090927124023,-29188081.741765908897
19 May 2026 01:01:40.000,52169899586.090927124023,-29188081.741765905172
19 May 2026 01:01:50.000,52169899586.090927124023,-29188081.741765905172
19 May 2026 01:02:00.000,52169899586.090927124023,-29188081.741765908897
19 May 2026 01:02:10.000,52169899586.090927124023,-29188081.741765905172
19 May 2026 01:02:20.000,52169899586.090927124023,-29188081.741765905172
19 May 2026 01:02:30.000,52169899586.090927124023,-29188081.741765908897
19 May 2026 01:02:40.000,52169899586.090927124023,-29188081.741765905172
19 May 2026 01:02:50.000,52169899586.090934753418,-29188081.741765901446
19 May 2026 01:03:00.000,52169899586.090927124023,-29188081.741765905172
19 May 2026 01:03:10.000,52169899586.090927124023,-29188081.741765905172
19 May 2026 01:03:20.000,52169899586.090927124023,-29188081.741765908897
19 May 2026 01:03:30.000,52169899586.090934753418,-29188081.741765901446
19 May 2026 01:03:40.000,52169899586.090934753418,-29188081.741765901446
19 May 2026 01:03:50.000,52169899586.090934753418,-29188081.741765897721
19 May 2026 01:04:00.000,52169899586.090927124023,-29188081.741765908897
19 May 2026 01:04:10.000,52169899586.090927124023,-29188081.741765905172
19 May 2026 01:04:20.000,52169899586.090934753418,-29188081.741765897721
19 May 2026 01:04:30.000,52169899586.090927124023,-29188081.741765905172
19 May 2026 01:04:40.000,52169899586.090934753418,-29188081.741765901446
19 May 2026 01:04:50.000,52169899586.090934753418,-29188081.741765901446
19 May 2026 01:05:00.000,52169899586.090934753418,-29188081.741765901446
19 May 2026 01:05:10.000,52169899586.090919494629,-29188081.741765908897
19 May 2026 01:05:20.000,52169899586.090934753418,-29188081.741765901446
19 May 2026 01:05:30.000,52169899586.090911865234,-29188081.741765920073
19 May 2026 01:05:40.000,52169899586.090919494629,-29188081.741765908897
19 May 2026 01:05:50.000,52169899586.090911865234,-29188081.741765923798
19 May 2026 01:06:00.000,52169899586.090911865234,-29188081.741765916348
19 May 2026 01:06:10.000,52169899586.090911865234,-29188081.741765927523
19 May 2026 01:06:20.000,52169899586.090919494629,-29188081.741765916348
19 May 2026 01:06:30.000,52169899586.090911865234,-29188081.741765923798
19 May 2026 01:06:40.000,52169899586.090911865234,-29188081.741765923798
19 May 2026 01:06:50.000,52169899586.090911865234,-29188081.741765920073
19 May 2026 01:07:00.000,52169899586.090911865234,-29188081.741765920073
19 May 2026 01:07:10.000,52169899586.090934753418,-29188081.741765897721
19 May 2026 01:07:20.000,52169899586.090934753418,-29188081.741765901446
19 May 2026 01:07:30.000,52169899586.090934753418,-29188081.741765905172
19 May 2026 01:07:40.000,52169899586.090927124023,-29188081.741765905172
19 May 2026 01:07:50.000,52169899586.090911865234,-29188081.741765927523
19 May 2026 01:08:00.000,52169899586.090927124023,-29188081.741765905172
19 May 2026 01:08:10.000,52169899586.090919494629,-29188081.741765912622
19 May 2026 01:08:20.000,52169899586.090919494629,-29188081.741765916348
19 May 2026 01:08:30.000,52169899586.090911865234,-29188081.741765923798
19 May 2026 01:08:40.000,52169899586.090934753418,-29188081.741765901446
19 May 2026 01:08:50.000,52169899586.090934753418,-29188081.741765901446
19 May 2026 01:09:00.000,52169899586.090934753418,-29188081.741765901446
19 May 2026 01:09:10.000,52169899586.090934753418,-29188081.741765901446
19 May 2026 01:09:20.000,52169899586.090934753418,-29188081.741765901446
19 May 2026 01:09:30.000,52169899586.090927124023,-29188081.741765905172
19 May 2026 01:09:40.000,52169899586.090934753418,-29188081.741765905172
19 May 2026 01:09:50.000,52169899586.090934753418,-29188081.741765901446
19 May 2026 01:10:00.000,52169899586.090927124023,-29188081.741765905172
19 May 2026 01:10:10.000,52169899586.090919494629,-29188081.741765916348
19 May 2026 01:10:20.000,52169899586.090934753418,-29188081.741765901446
19 May 2026 01:10:30.000,52169899586.090934753418,-29188081.741765905172
19 May 2026 01:10:40.000,52169899586.090927124023,-29188081.741765905172
19 May 2026 01:10:50.000,52169899586.090919494629,-29188081.741765912622
19 May 2026 01:11:00.000,52169899586.090934753418,-29188081.741765901446
19 May 2026 01:11:10.000,52169899586.090919494629,-29188081.741765912622
19 May 2026 01:11:20.000,52169899586.090911865234,-29188081.741765920073
19 May 2026 01:11:30.000,52169899586.090911865234,-29188081.741765923798
19 May 2026 01:11:40.000,52169899586.090911865234,-29188081.741765923798
19 May 2026 01:11:50.000,52169899586.090919494629,-29188081.741765912622
19 May 2026 01:12:00.000,52169899586.090919494629,-29188081.741765916348
19 May 2026 01:12:10.000,52169899586.090919494629,-29188081.741765912622
19 May 2026 01:12:20.000,52169899586.090927124023,-29188081.741765905172
19 May 2026 01:12:30.000,52169899586.090911865234,-29188081.741765923798
19 May 2026 01:12:40.000,52169899586.090927124023,-29188081.741765905172
19 May 2026 01:12:50.000,52169899586.090927124023,-29188081.741765905172
19 May 2026 01:13:00.000,52169899586.090934753418,-29188081.741765905172
19 May 2026 01:13:10.000,52169899586.090927124023,-29188081.741765905172
19 May 2026 01:13:20.000,52169899586.090927124023,-29188081.741765908897
19 May 2026 01:13:30.000,52169899586.090927124023,-29188081.741765905172
19 May 2026 01:13:40.000,52169899586.090934753418,-29188081.741765901446
19 May 2026 01:13:50.000,52169899586.090934753418,-29188081.741765897721
19 May 2026 01:14:00.000,52169899586.090919494629,-29188081.741765916348
19 May 2026 01:14:10.000,52169899586.090919494629,-29188081.741765912622
19 May 2026 01:14:20.000,52169899586.090919494629,-29188081.741765912622
19 May 2026 01:14:30.000,52169899586.090911865234,-29188081.741765920073
19 May 2026 01:14:40.000,52169899586.090911865234,-29188081.741765920073
19 May 2026 01:14:50.000,52169899586.090919494629,-29188081.741765912622
19 May 2026 01:15:00.000,52169899586.090919494629,-29188081.741765912622
19 May 2026 01:15:10.000,52169899586.090919494629,-29188081.741765912622
19 May 2026 01:15:20.000,52169899586.090911865234,-29188081.741765920073
19 May 2026 01:15:30.000,52169899586.090911865234,-29188081.741765927523
19 May 2026 01:15:40.000,52169899586.090896606445,-29188081.741765934974
19 May 2026 01:15:50.000,52169899586.090896606445,-29188081.741765934974
19 May 2026 01:16:00.000,52169899586.090896606445,-29188081.741765934974
19 May 2026 01:16:10.000,52169899586.090896606445,-29188081.741765938699
19 May 2026 01:16:20.000,52169899586.090896606445,-29188081.741765931249
19 May 2026 01:16:30.000,52169899586.090896606445,-29188081.741765946150
19 May 2026 01:16:40.000,52169899586.090896606445,-29188081.741765934974
19 May 2026 01:16:50.000,52169899586.090888977051,-29188081.741765946150
19 May 2026 01:17:00.000,52169899586.090888977051,-29188081.741765942425
19 May 2026 01:17:10.000,52169899586.090888977051,-29188081.741765942425
19 May 2026 01:17:20.000,52169899586.090896606445,-29188081.741765942425
19 May 2026 01:17:30.000,52169899586.090896606445,-29188081.741765931249
19 May 2026 01:17:40.000,52169899586.090888977051,-29188081.741765946150
19 May 2026 01:17:50.000,52169899586.090896606445,-29188081.741765934974
19 May 2026 01:18:00.000,52169899586.090911865234,-29188081.741765923798
19 May 2026 01:18:10.000,52169899586.090896606445,-29188081.741765934974
19 May 2026 01:18:20.000,52169899586.090896606445,-29188081.741765931249
19 May 2026 01:18:30.000,52169899586.090881347656,-29188081.741765953600
19 May 2026 01:18:40.000,52169899586.090881347656,-29188081.741765953600
19 May 2026 01:18:50.000,52169899586.090896606445,-29188081.741765934974
19 May 2026 01:19:00.000,52169899586.090896606445,-29188081.741765938699
19 May 2026 01:19:10.000,52169899586.090896606445,-29188081.741765934974
19 May 2026 01:19:20.000,52169899586.090911865234,-29188081.741765927523
19 May 2026 01:19:30.000,52169899586.090911865234,-29188081.741765923798
19 May 2026 01:19:40.000,52169899586.090911865234,-29188081.741765927523
19 May 2026 01:19:50.000,52169899586.090904235840,-29188081.741765934974
19 May 2026 01:20:00.000,52169899586.090896606445,-29188081.741765931249
19 May 2026 01:20:10.000,52169899586.090896606445,-29188081.741765934974
19 May 2026 01:20:20.000,52169899586.090896606445,-29188081.741765938699
19 May 2026 01:20:30.000,52169899586.090881347656,-29188081.741765953600
19 May 2026 01:20:40.000,52169899586.090881347656,-29188081.741765953600
19 May 2026 01:20:50.000,52169899586.090896606445,-29188081.741765931249
19 May 2026 01:21:00.000,52169899586.090911865234,-29188081.741765923798
19 May 2026 01:21:10.000,52169899586.090911865234,-29188081.741765927523
19 May 2026 01:21:20.000,52169899586.090911865234,-29188081.741765927523
19 May 2026 01:21:30.000,52169899586.090904235840,-29188081.741765934974
19 May 2026 01:21:40.000,52169899586.090911865234,-29188081.741765920073
19 May 2026 01:21:50.000,52169899586.090911865234,-29188081.741765923798
19 May 2026 01:22:00.000,52169899586.090911865234,-29188081.741765916348
19 May 2026 01:22:10.000,52169899586.090911865234,-29188081.741765923798
19 May 2026 01:22:20.000,52169899586.090911865234,-29188081.741765916348
19 May 2026 01:22:30.000,52169899586.090911865234,-29188081.741765916348
19 May 2026 01:22:40.000,52169899586.090911865234,-29188081.741765916348
19 May 2026 01:22:50.000,52169899586.090911865234,-29188081.741765923798
19 May 2026 01:23:00.000,52169899586.090911865234,-29188081.741765923798
19 May 2026 01:23:10.000,52169899586.090911865234,-29188081.741765923798
19 May 2026 01:23:20.000,52169899586.090911865234,-29188081.741765923798
19 May 2026 01:23:30.000,52169899586.090911865234,-29188081.741765923798
19 May 2026 01:23:40.000,52169899586.090919494629,-29188081.741765912622
19 May 2026 01:23:50.000,52169899586.090919494629,-29188081.741765920073
19 May 2026 01:24:00.000,52169899586.090911865234,-29188081.741765923798
19 May 2026 01:24:10.000,52169899586.090911865234,-29188081.741765923798
19 May 2026 01:24:20.000,52169899586.090904235840,-29188081.741765931249
19 May 2026 01:24:30.000,52169899586.090911865234,-29188081.741765920073
19 May 2026 01:24:40.000,52169899586.090911865234,-29188081.741765920073
19 May 2026 01:24:50.000,52169899586.090911865234,-29188081.741765916348
19 May 2026 01:25:00.000,52169899586.090911865234,-29188081.741765920073
19 May 2026 01:25:10.000,52169899586.090911865234,-29188081.741765920073
19 May 2026 01:25:20.000,52169899586.090911865234,-29188081.741765920073
19 May 2026 01:25:30.000,52169899586.090911865234,-29188081.741765916348
19 May 2026 01:25:40.000,52169899586.090911865234,-29188081.741765923798
19 May 2026 01:25:50.000,52169899586.090911865234,-29188081.741765920073
19 May 2026 01:26:00.000,52169899586.090911865234,-29188081.741765923798
19 May 2026 01:26:10.000,52169899586.090911865234,-29188081.741765920073
19 May 2026 01:26:20.000,52169899586.090911865234,-29188081.741765916348
19 May 2026 01:26:30.000,52169899586.090911865234,-29188081.741765916348
19 May 2026 01:26:40.000,52169899586.090911865234,-29188081.741765920073
19 May 2026 01:26:50.000,52169899586.090911865234,-29188081.741765920073
19 May 2026 01:27:00.000,52169899586.090911865234,-29188081.741765920073
19 May 2026 01:27:10.000,52169899586.090911865234,-29188081.741765923798
19 May 2026 01:27:20.000,52169899586.090911865234,-29188081.741765920073
19 May 2026 01:27:30.000,52169899586.090911865234,-29188081.741765920073
19 May 2026 01:27:40.000,52169899586.090911865234,-29188081.741765920073
19 May 2026 01:27:50.000,52169899586.090911865234,-29188081.741765916348
19 May 2026 01:28:00.000,52169899586.090911865234,-29188081.741765923798
19 May 2026 01:28:10.000,52169899586.090911865234,-29188081.741765920073
19 May 2026 01:28:20.000,52169899586.090911865234,-29188081.741765920073
19 May 2026 01:28:30.000,52169899586.090911865234,-29188081.741765920073
19 May 2026 01:28:40.000,52169899586.090927124023,-29188081.741765901446
19 May 2026 01:28:50.000,52169899586.090927124023,-29188081.741765908897
19 May 2026 01:29:00.000,52169899586.090927124023,-29188081.741765905172
19 May 2026 01:29:10.000,52169899586.090927124023,-29188081.741765901446
19 May 2026 01:29:20.000,52169899586.090927124023,-29188081.741765908897
19 May 2026 01:29:30.000,52169899586.090927124023,-29188081.741765908897
19 May 2026 01:29:40.000,52169899586.090919494629,-29188081.741765912622
19 May 2026 01:29:50.000,52169899586.090919494629,-29188081.741765912622
19 May 2026 01:30:00.000,52169899586.090911865234,-29188081.741765920073
19 May 2026 01:30:10.000,52169899586.090911865234,-29188081.741765920073
19 May 2026 01:30:20.000,52169899586.090919494629,-29188081.741765912622
19 May 2026 01:30:30.000,52169899586.090911865234,-29188081.741765920073
19 May 2026 01:30:40.000,52169899586.090911865234,-29188081.741765923798
19 May 2026 01:30:50.000,52169899586.090911865234,-29188081.741765923798
19 May 2026 01:31:00.000,52169899586.090911865234,-29188081.741765920073
19 May 2026 01:31:10.000,52169899586.090911865234,-29188081.741765920073
19 May 2026 01:31:20.000,52169899586.090919494629,-29188081.741765912622
19 May 2026 01:31:30.000,52169899586.090911865234,-29188081.741765923798
19 May 2026 01:31:40.000,52169899586.090911865234,-29188081.741765923798
19 May 2026 01:31:50.000,52169899586.090934753418,-29188081.741765901446
19 May 2026 01:32:00.000,52169899586.090911865234,-29188081.741765920073
19 May 2026 01:32:10.000,52169899586.090934753418,-29188081.741765901446
19 May 2026 01:32:20.000,52169899586.090934753418,-29188081.741765897721
19 May 2026 01:32:30.000,52169899586.090934753418,-29188081.741765901446
19 May 2026 01:32:40.000,52169899586.090927124023,-29188081.741765908897
19 May 2026 01:32:50.000,52169899586.090927124023,-29188081.741765905172
19 May 2026 01:33:00.000,52169899586.090934753418,-29188081.741765890270
19 May 2026 01:33:10.000,52169899586.090927124023,-29188081.741765908897
19 May 2026 01:33:20.000,52169899586.090927124023,-29188081.741765908897
19 May 2026 01:33:30.000,52169899586.090934753418,-29188081.741765897721
19 May 2026 01:33:40.000,52169899586.090927124023,-29188081.741765908897
19 May 2026 01:33:50.000,52169899586.090927124023,-29188081.741765905172
19 May 2026 01:34:00.000,52169899586.090927124023,-29188081.741765908897
19 May 2026 01:34:10.000,52169899586.090934753418,-29188081.741765897721
19 May 2026 01:34:20.000,52169899586.090934753418,-29188081.741765901446
19 May 2026 01:34:30.000,52169899586.090911865234,-29188081.741765920073
19 May 2026 01:34:40.000,52169899586.090934753418,-29188081.741765897721
19 May 2026 01:34:50.000,52169899586.090934753418,-29188081.741765897721
19 May 2026 01:35:00.000,52169899586.090934753418,-29188081.741765901446
19 May 2026 01:35:10.000,52169899586.090934753418,-29188081.741765901446
19 May 2026 01:35:20.000,52169899586.090934753418,-29188081.741765897721
19 May 2026 01:35:30.000,52169899586.090934753418,-29188081.741765901446
19 May 2026 01:35:40.000,52169899586.090919494629,-29188081.741765916348
19 May 2026 01:35:50.000,52169899586.090934753418,-29188081.741765905172
19 May 2026 01:36:00.000,52169899586.090911865234,-29188081.741765927523
19 May 2026 01:36:10.000,52169899586.090934753418,-29188081.741765901446
19 May 2026 01:36:20.000,52169899586.090927124023,-29188081.741765908897
19 May 2026 01:36:30.000,52169899586.090927124023,-29188081.741765905172
19 May 2026 01:36:40.000,52169899586.090927124023,-29188081.741765908897
19 May 2026 01:36:50.000,52169899586.090934753418,-29188081.741765897721
19 May 2026 01:37:00.000,52169899586.090927124023,-29188081.741765908897
19 May 2026 01:37:10.000,52169899586.090934753418,-29188081.741765897721
19 May 2026 01:37:20.000,52169899586.090934753418,-29188081.741765897721
19 May 2026 01:37:30.000,52169899586.090934753418,-29188081.741765897721
19 May 2026 01:37:40.000,52169899586.090934753418,-29188081.741765897721
19 May 2026 01:37:50.000,52169899586.090934753418,-29188081.741765890270
19 May 2026 01:38:00.000,52169899586.090934753418,-29188081.741765890270
19 May 2026 01:38:10.000,52169899586.090934753418,-29188081.741765897721
19 May 2026 01:38:20.000,52169899586.090934753418,-29188081.741765897721
19 May 2026 01:38:30.000,52169899586.090927124023,-29188081.741765912622
19 May 2026 01:38:40.000,52169899586.090934753418,-29188081.741765890270
19 May 2026 01:38:50.000,52169899586.090934753418,-29188081.741765890270
19 May 2026 01:39:00.000,52169899586.090934753418,-29188081.741765897721
19 May 2026 01:39:10.000,52169899586.090934753418,-29188081.741765897721
19 May 2026 01:39:20.000,52169899586.090942382812,-29188081.741765879095
19 May 2026 01:39:30.000,52169899586.090934753418,-29188081.741765890270
19 May 2026 01:39:40.000,52169899586.090934753418,-29188081.741765890270
19 May 2026 01:39:50.000,52169899586.090934753418,-29188081.741765890270
19 May 2026 01:40:00.000,52169899586.090950012207,-29188081.741765879095
19 May 2026 01:40:10.000,52169899586.090942382812,-29188081.741765882820
19 May 2026 01:40:20.000,52169899586.090950012207,-29188081.741765871644
19 May 2026 01:40:30.000,52169899586.090950012207,-29188081.741765875369
19 May 2026 01:40:40.000,52169899586.090942382812,-29188081.741765879095
19 May 2026 01:40:50.000,52169899586.090934753418,-29188081.741765886545
19 May 2026 01:41:00.000,52169899586.090934753418,-29188081.741765897721
19 May 2026 01:41:10.000,52169899586.090934753418,-29188081.741765897721
19 May 2026 01:41:20.000,52169899586.090927124023,-29188081.741765908897
19 May 2026 01:41:30.000,52169899586.090927124023,-29188081.741765905172
19 May 2026 01:41:40.000,52169899586.090927124023,-29188081.741765905172
19 May 2026 01:41:50.000,52169899586.090927124023,-29188081.741765908897
19 May 2026 01:42:00.000,52169899586.090927124023,-29188081.741765901446
19 May 2026 01:42:10.000,52169899586.090927124023,-29188081.741765901446
19 May 2026 01:42:20.000,52169899586.090927124023,-29188081.741765908897
19 May 2026 01:42:30.000,52169899586.090927124023,-29188081.741765908897
19 May 2026 01:42:40.000,52169899586.090927124023,-29188081.741765908897
19 May 2026 01:42:50.000,52169899586.090927124023,-29188081.741765908897
19 May 2026 01:43:00.000,52169899586.090934753418,-29188081.741765897721
19 May 2026 01:43:10.000,52169899586.090934753418,-29188081.741765897721
19 May 2026 01:43:20.000,52169899586.090934753418,-29188081.741765897721
19 May 2026 01:43:30.000,52169899586.090942382812,-29188081.741765882820
19 May 2026 01:43:40.000,52169899586.090934753418,-29188081.741765890270
19 May 2026 01:43:50.000,52169899586.090942382812,-29188081.741765882820
19 May 2026 01:44:00.000,52169899586.090934753418,-29188081.741765890270
19 May 2026 01:44:10.000,52169899586.090950012207,-29188081.741765879095
19 May 2026 01:44:20.000,52169899586.090950012207,-29188081.741765882820
19 May 2026 01:44:30.000,52169899586.090950012207,-29188081.741765875369
19 May 2026 01:44:40.000,52169899586.090957641602,-29188081.741765867919
19 May 2026 01:44:50.000,52169899586.090950012207,-29188081.741765875369
19 May 2026 01:45:00.000,52169899586.090950012207,-29188081.741765871644
19 May 2026 01:45:10.000,52169899586.090950012207,-29188081.741765871644
19 May 2026 01:45:20.000,52169899586.090950012207,-29188081.741765875369
19 May 2026 01:45:30.000,52169899586.090950012207,-29188081.741765882820
19 May 2026 01:45:40.000,52169899586.090950012207,-29188081.741765875369
19 May 2026 01:45:50.000,52169899586.090950012207,-29188081.741765879095
19 May 2026 01:46:00.000,52169899586.090957641602,-29188081.741765867919
19 May 2026 01:46:10.000,52169899586.090950012207,-29188081.741765871644
19 May 2026 01:46:20.000,52169899586.090965270996,-29188081.741765860468
19 May 2026 01:46:30.000,52169899586.090965270996,-29188081.741765860468
19 May 2026 01:46:40.000,52169899586.090965270996,-29188081.741765860468
19 May 2026 01:46:50.000,52169899586.090965270996,-29188081.741765860468
19 May 2026 01:47:00.000,52169899586.090965270996,-29188081.741765860468
19 May 2026 01:47:10.000,52169899586.090965270996,-29188081.741765856743
19 May 2026 01:47:20.000,52169899586.090965270996,-29188081.741765856743
19 May 2026 01:47:30.000,52169899586.090965270996,-29188081.741765867919
19 May 2026 01:47:40.000,52169899586.090965270996,-29188081.741765867919
19 May 2026 01:47:50.000,52169899586.090965270996,-29188081.741765860468
19 May 2026 01:48:00.000,52169899586.090965270996,-29188081.741765864193
19 May 2026 01:48:10.000,52169899586.090965270996,-29188081.741765856743
19 May 2026 01:48:20.000,52169899586.090965270996,-29188081.741765860468
19 May 2026 01:48:30.000,52169899586.090965270996,-29188081.741765856743
19 May 2026 01:48:40.000,52169899586.090965270996,-29188081.741765860468
19 May 2026 01:48:50.000,52169899586.090980529785,-29188081.741765845567
19 May 2026 01:49:00.000,52169899586.090965270996,-29188081.741765860468
19 May 2026 01:49:10.000,52169899586.090980529785,-29188081.741765841842
19 May 2026 01:49:20.000,52169899586.090980529785,-29188081.741765845567
19 May 2026 01:49:30.000,52169899586.090980529785,-29188081.741765841842
19 May 2026 01:49:40.000,52169899586.090980529785,-29188081.741765841842
19 May 2026 01:49:50.000,52169899586.090980529785,-29188081.741765845567
19 May 2026 01:50:00.000,52169899586.090980529785,-29188081.741765845567
19 May 2026 01:50:10.000,52169899586.090980529785,-29188081.741765849292
19 May 2026 01:50:20.000,52169899586.090980529785,-29188081.741765853018
19 May 2026 01:50:30.000,52169899586.090980529785,-29188081.741765841842
19 May 2026 01:50:40.000,52169899586.090980529785,-29188081.741765849292
19 May 2026 01:50:50.000,52169899586.090980529785,-29188081.741765849292
19 May 2026 01:51:00.000,52169899586.090980529785,-29188081.741765849292
19 May 2026 01:51:10.000,52169899586.090995788574,-29188081.741765823215
19 May 2026 01:51:20.000,52169899586.090980529785,-29188081.741765849292
19 May 2026 01:51:30.000,52169899586.090980529785,-29188081.741765853018
19 May 2026 01:51:40.000,52169899586.090980529785,-29188081.741765841842
19 May 2026 01:51:50.000,52169899586.090980529785,-29188081.741765853018
19 May 2026 01:52:00.000,52169899586.090980529785,-29188081.741765845567
19 May 2026 01:52:10.000,52169899586.090972900391,-29188081.741765853018
19 May 2026 01:52:20.000,52169899586.090972900391,-29188081.741765856743
19 May 2026 01:52:30.000,52169899586.090980529785,-29188081.741765845567
19 May 2026 01:52:40.000,52169899586.090965270996,-29188081.741765860468
19 May 2026 01:52:50.000,52169899586.090965270996,-29188081.741765867919
19 May 2026 01:53:00.000,52169899586.090965270996,-29188081.741765867919
19 May 2026 01:53:10.000,52169899586.090965270996,-29188081.741765853018
19 May 2026 01:53:20.000,52169899586.090972900391,-29188081.741765849292
19 May 2026 01:53:30.000,52169899586.090965270996,-29188081.741765860468
19 May 2026 01:53:40.000,52169899586.090965270996,-29188081.741765867919
19 May 2026 01:53:50.000,52169899586.090965270996,-29188081.741765867919
19 May 2026 01:54:00.000,52169899586.090965270996,-29188081.741765867919
19 May 2026 01:54:10.000,52169899586.090965270996,-29188081.741765856743
19 May 2026 01:54:20.000,52169899586.090965270996,-29188081.741765864193
19 May 2026 01:54:30.000,52169899586.090965270996,-29188081.741765856743
19 May 2026 01:54:40.000,52169899586.090972900391,-29188081.741765849292
19 May 2026 01:54:50.000,52169899586.090972900391,-29188081.741765853018
19 May 2026 01:55:00.000,52169899586.090965270996,-29188081.741765864193
19 May 2026 01:55:10.000,52169899586.090980529785,-29188081.741765845567
19 May 2026 01:55:20.000,52169899586.090980529785,-29188081.741765845567
19 May 2026 01:55:30.000,52169899586.090980529785,-29188081.741765849292
19 May 2026 01:55:40.000,52169899586.090988159180,-29188081.741765841842
19 May 2026 01:55:50.000,52169899586.090980529785,-29188081.741765841842
19 May 2026 01:56:00.000,52169899586.090995788574,-29188081.741765830666
19 May 2026 01:56:10.000,52169899586.090995788574,-29188081.741765826941
19 May 2026 01:56:20.000,52169899586.090995788574,-29188081.741765823215
19 May 2026 01:56:30.000,52169899586.091003417969,-29188081.741765819490
19 May 2026 01:56:40.000,52169899586.091003417969,-29188081.741765819490
19 May 2026 01:56:50.000,52169899586.091003417969,-29188081.741765819490
19 May 2026 01:57:00.000,52169899586.090995788574,-29188081.741765823215
19 May 2026 01:57:10.000,52169899586.090995788574,-29188081.741765823215
19 May 2026 01:57:20.000,52169899586.090995788574,-29188081.741765823215
19 May 2026 01:57:30.000,52169899586.090995788574,-29188081.741765823215
19 May 2026 01:57:40.000,52169899586.090995788574,-29188081.741765826941
19 May 2026 01:57:50.000,52169899586.090995788574,-29188081.741765830666
19 May 2026 01:58:00.000,52169899586.090995788574,-29188081.741765830666
19 May 2026 01:58:10.000,52169899586.090988159180,-29188081.741765838116
19 May 2026 01:58:20.000,52169899586.090995788574,-29188081.741765823215
19 May 2026 01:58:30.000,52169899586.090995788574,-29188081.741765826941
19 May 2026 01:58:40.000,52169899586.090995788574,-29188081.741765823215
19 May 2026 01:58:50.000,52169899586.090995788574,-29188081.741765823215
19 May 2026 01:59:00.000,52169899586.091003417969,-29188081.741765819490
19 May 2026 01:59:10.000,52169899586.091003417969,-29188081.741765819490
19 May 2026 01:59:20.000,52169899586.091003417969,-29188081.741765819490
19 May 2026 01:59:30.000,52169899586.091003417969,-29188081.741765815765
19 May 2026 01:59:40.000,52169899586.090995788574,-29188081.741765823215
19 May 2026 01:59:50.000,52169899586.090988159180,-29188081.741765838116
19 May 2026 02:00:00.000,52169899586.090988159180,-29188081.741765838116
19 May 2026 02:00:10.000,52169899586.090988159180,-29188081.741765838116
19 May 2026 02:00:20.000,52169899586.090980529785,-29188081.741765849292
19 May 2026 02:00:30.000,52169899586.090980529785,-29188081.741765841842
19 May 2026 02:00:40.000,52169899586.090980529785,-29188081.741765849292
19 May 2026 02:00:50.000,52169899586.090980529785,-29188081.741765853018
19 May 2026 02:01:00.000,52169899586.090980529785,-29188081.741765841842
19 May 2026 02:01:10.000,52169899586.090980529785,-29188081.741765841842
19 May 2026 02:01:20.000,52169899586.090965270996,-29188081.741765860468
19 May 2026 02:01:30.000,52169899586.090965270996,-29188081.741765860468
19 May 2026 02:01:40.000,52169899586.090965270996,-29188081.741765864193
19 May 2026 02:01:50.000,52169899586.090965270996,-29188081.741765864193
19 May 2026 02:02:00.000,52169899586.090965270996,-29188081.741765864193
19 May 2026 02:02:10.000,52169899586.090957641602,-29188081.741765867919
19 May 2026 02:02:20.000,52169899586.090950012207,-29188081.741765875369
19 May 2026 02:02:30.000,52169899586.090950012207,-29188081.741765875369
19 May 2026 02:02:40.000,52169899586.090942382812,-29188081.741765886545
19 May 2026 02:02:50.000,52169899586.090942382812,-29188081.741765886545
19 May 2026 02:03:00.000,52169899586.090942382812,-29188081.741765890270
19 May 2026 02:03:10.000,52169899586.090934753418,-29188081.741765897721
19 May 2026 02:03:20.000,52169899586.090934753418,-29188081.741765890270
19 May 2026 02:03:30.000,52169899586.090934753418,-29188081.741765897721
19 May 2026 02:03:40.000,52169899586.090934753418,-29188081.741765897721
19 May 2026 02:03:50.000,52169899586.090942382812,-29188081.741765882820
19 May 2026 02:04:00.000,52169899586.090934753418,-29188081.741765897721
19 May 2026 02:04:10.000,52169899586.090942382812,-29188081.741765882820
19 May 2026 02:04:20.000,52169899586.090942382812,-29188081.741765886545
19 May 2026 02:04:30.000,52169899586.090950012207,-29188081.741765882820
19 May 2026 02:04:40.000,52169899586.090950012207,-29188081.741765879095
19 May 2026 02:04:50.000,52169899586.090950012207,-29188081.741765879095
19 May 2026 02:05:00.000,52169899586.090950012207,-29188081.741765882820
19 May 2026 02:05:10.000,52169899586.090942382812,-29188081.741765886545
19 May 2026 02:05:20.000,52169899586.090950012207,-29188081.741765879095
19 May 2026 02:05:30.000,52169899586.090950012207,-29188081.741765879095
19 May 2026 02:05:40.000,52169899586.090942382812,-29188081.741765890270
19 May 2026 02:05:50.000,52169899586.090942382812,-29188081.741765886545
19 May 2026 02:06:00.000,52169899586.090950012207,-29188081.741765879095
19 May 2026 02:06:10.000,52169899586.090942382812,-29188081.741765882820
19 May 2026 02:06:20.000,52169899586.090950012207,-29188081.741765879095
19 May 2026 02:06:30.000,52169899586.090950012207,-29188081.741765879095
19 May 2026 02:06:40.000,52169899586.090950012207,-29188081.741765879095
19 May 2026 02:06:50.000,52169899586.090950012207,-29188081.741765879095
19 May 2026 02:07:00.000,52169899586.090950012207,-29188081.741765875369
19 May 2026 02:07:10.000,52169899586.090950012207,-29188081.741765875369
19 May 2026 02:07:20.000,52169899586.090950012207,-29188081.741765879095
19 May 2026 02:07:30.000,52169899586.090950012207,-29188081.741765875369
19 May 2026 02:07:40.000,52169899586.090950012207,-29188081.741765875369
19 May 2026 02:07:50.000,52169899586.090950012207,-29188081.741765875369
19 May 2026 02:08:00.000,52169899586.090950012207,-29188081.741765875369
19 May 2026 02:08:10.000,52169899586.090950012207,-29188081.741765875369
19 May 2026 02:08:20.000,52169899586.090957641602,-29188081.741765867919
19 May 2026 02:08:30.000,52169899586.090957641602,-29188081.741765864193
19 May 2026 02:08:40.000,52169899586.090965270996,-29188081.741765856743
19 May 2026 02:08:50.000,52169899586.090957641602,-29188081.741765864193
19 May 2026 02:09:00.000,52169899586.090957641602,-29188081.741765864193
19 May 2026 02:09:10.000,52169899586.090957641602,-29188081.741765871644
19 May 2026 02:09:20.000,52169899586.090957641602,-29188081.741765871644
19 May 2026 02:09:30.000,52169899586.090957641602,-29188081.741765867919
19 May 2026 02:09:40.000,52169899586.090950012207,-29188081.741765875369
19 May 2026 02:09:50.000,52169899586.090957641602,-29188081.741765867919
19 May 2026 02:10:00.000,52169899586.090957641602,-29188081.741765867919
19 May 2026 02:10:10.000,52169899586.090957641602,-29188081.741765867919
19 May 2026 02:10:20.000,52169899586.090957641602,-29188081.741765867919
19 May 2026 02:10:30.000,52169899586.090957641602,-29188081.741765864193
19 May 2026 02:10:40.000,52169899586.090957641602,-29188081.741765867919
19 May 2026 02:10:50.000,52169899586.090957641602,-29188081.741765871644
19 May 2026 02:11:00.000,52169899586.090957641602,-29188081.741765871644
19 May 2026 02:11:10.000,52169899586.090950012207,-29188081.741765875369
19 May 2026 02:11:20.000,52169899586.090950012207,-29188081.741765875369
19 May 2026 02:11:30.000,52169899586.090950012207,-29188081.741765875369
19 May 2026 02:11:40.000,52169899586.090950012207,-29188081.741765882820
19 May 2026 02:11:50.000,52169899586.090950012207,-29188081.741765875369
19 May 2026 02:12:00.000,52169899586.090957641602,-29188081.741765871644
19 May 2026 02:12:10.000,52169899586.090957641602,-29188081.741765867919
19 May 2026 02:12:20.000,52169899586.090957641602,-29188081.741765871644
19 May 2026 02:12:30.000,52169899586.090957641602,-29188081.741765871644
19 May 2026 02:12:40.000,52169899586.090957641602,-29188081.741765867919
19 May 2026 02:12:50.000,52169899586.090957641602,-29188081.741765867919
19 May 2026 02:13:00.000,52169899586.090957641602,-29188081.741765867919
19 May 2026 02:13:10.000,52169899586.090950012207,-29188081.741765879095
19 May 2026 02:13:20.000,52169899586.090950012207,-29188081.741765875369
19 May 2026 02:13:30.000,52169899586.090950012207,-29188081.741765879095
19 May 2026 02:13:40.000,52169899586.090942382812,-29188081.741765886545
19 May 2026 02:13:50.000,52169899586.090934753418,-29188081.741765890270
19 May 2026 02:14:00.000,52169899586.090934753418,-29188081.741765890270
19 May 2026 02:14:10.000,52169899586.090934753418,-29188081.741765890270
19 May 2026 02:14:20.000,52169899586.090942382812,-29188081.741765890270
19 May 2026 02:14:30.000,52169899586.090934753418,-29188081.741765901446
19 May 2026 02:14:40.000,52169899586.090934753418,-29188081.741765901446
19 May 2026 02:14:50.000,52169899586.090934753418,-29188081.741765897721
19 May 2026 02:15:00.000,52169899586.090934753418,-29188081.741765901446
19 May 2026 02:15:10.000,52169899586.090934753418,-29188081.741765897721
19 May 2026 02:15:20.000,52169899586.090927124023,-29188081.741765908897
19 May 2026 02:15:30.000,52169899586.090934753418,-29188081.741765890270
19 May 2026 02:15:40.000,52169899586.090934753418,-29188081.741765897721
19 May 2026 02:15:50.000,52169899586.090934753418,-29188081.741765901446
19 May 2026 02:16:00.000,52169899586.090942382812,-29188081.741765886545
19 May 2026 02:16:10.000,52169899586.090942382812,-29188081.741765890270
19 May 2026 02:16:20.000,52169899586.090934753418,-29188081.741765890270
19 May 2026 02:16:30.000,52169899586.090934753418,-29188081.741765897721
19 May 2026 02:16:40.000,52169899586.090934753418,-29188081.741765901446
19 May 2026 02:16:50.000,52169899586.090934753418,-29188081.741765897721
19 May 2026 02:17:00.000,52169899586.090927124023,-29188081.741765905172
19 May 2026 02:17:10.000,52169899586.090927124023,-29188081.741765905172
19 May 2026 02:17:20.000,52169899586.090927124023,-29188081.741765905172
19 May 2026 02:17:30.000,52169899586.090927124023,-29188081.741765901446
19 May 2026 02:17:40.000,52169899586.090911865234,-29188081.741765927523
19 May 2026 02:17:50.000,52169899586.090911865234,-29188081.741765920073
19 May 2026 02:18:00.000,52169899586.090911865234,-29188081.741765920073
19 May 2026 02:18:10.000,52169899586.090927124023,-29188081.741765901446
19 May 2026 02:18:20.000,52169899586.090927124023,-29188081.741765905172
19 May 2026 02:18:30.000,52169899586.090927124023,-29188081.741765905172
19 May 2026 02:18:40.000,52169899586.090911865234,-29188081.741765920073
19 May 2026 02:18:50.000,52169899586.090911865234,-29188081.741765920073
19 May 2026 02:19:00.000,52169899586.090911865234,-29188081.741765923798
19 May 2026 02:19:10.000,52169899586.090919494629,-29188081.741765912622
19 May 2026 02:19:20.000,52169899586.090911865234,-29188081.741765920073
19 May 2026 02:19:30.000,52169899586.090927124023,-29188081.741765905172
19 May 2026 02:19:40.000,52169899586.090919494629,-29188081.741765912622
19 May 2026 02:19:50.000,52169899586.090911865234,-29188081.741765920073
19 May 2026 02:20:00.000,52169899586.090911865234,-29188081.741765923798
19 May 2026 02:20:10.000,52169899586.090911865234,-29188081.741765927523
19 May 2026 02:20:20.000,52169899586.090911865234,-29188081.741765923798
19 May 2026 02:20:30.000,52169899586.090904235840,-29188081.741765931249
19 May 2026 02:20:40.000,52169899586.090911865234,-29188081.741765927523
19 May 2026 02:20:50.000,52169899586.090911865234,-29188081.741765923798
19 May 2026 02:21:00.000,52169899586.090904235840,-29188081.741765931249
19 May 2026 02:21:10.000,52169899586.090904235840,-29188081.741765927523
19 May 2026 02:21:20.000,52169899586.090904235840,-29188081.741765927523
19 May 2026 02:21:30.000,52169899586.090896606445,-29188081.741765934974
19 May 2026 02:21:40.000,52169899586.090896606445,-29188081.741765938699
19 May 2026 02:21:50.000,52169899586.090888977051,-29188081.741765942425
19 May 2026 02:22:00.000,52169899586.090888977051,-29188081.741765942425
19 May 2026 02:22:10.000,52169899586.090896606445,-29188081.741765934974
19 May 2026 02:22:20.000,52169899586.090896606445,-29188081.741765942425
19 May 2026 02:22:30.000,52169899586.090896606445,-29188081.741765946150
19 May 2026 02:22:40.000,52169899586.090881347656,-29188081.741765957326
19 May 2026 02:22:50.000,52169899586.090881347656,-29188081.741765957326
19 May 2026 02:23:00.000,52169899586.090881347656,-29188081.741765964776
19 May 2026 02:23:10.000,52169899586.090881347656,-29188081.741765957326
19 May 2026 02:23:20.000,52169899586.090881347656,-29188081.741765961051
19 May 2026 02:23:30.000,52169899586.090866088867,-29188081.741765964776
19 May 2026 02:23:40.000,52169899586.090881347656,-29188081.741765957326
19 May 2026 02:23:50.000,52169899586.090881347656,-29188081.741765961051
19 May 2026 02:24:00.000,52169899586.090866088867,-29188081.741765975952
19 May 2026 02:24:10.000,52169899586.090858459473,-29188081.741765979677
19 May 2026 02:24:20.000,52169899586.090866088867,-29188081.741765979677
19 May 2026 02:24:30.000,52169899586.090866088867,-29188081.741765975952
19 May 2026 02:24:40.000,52169899586.090866088867,-29188081.741765975952
19 May 2026 02:24:50.000,52169899586.090866088867,-29188081.741765979677
19 May 2026 02:25:00.000,52169899586.090866088867,-29188081.741765968502
19 May 2026 02:25:10.000,52169899586.090866088867,-29188081.741765975952
19 May 2026 02:25:20.000,52169899586.090866088867,-29188081.741765975952
19 May 2026 02:25:30.000,52169899586.090866088867,-29188081.741765972227
19 May 2026 02:25:40.000,52169899586.090866088867,-29188081.741765975952
19 May 2026 02:25:50.000,52169899586.090866088867,-29188081.741765979677
19 May 2026 02:26:00.000,52169899586.090866088867,-29188081.741765975952
19 May 2026 02:26:10.000,52169899586.090858459473,-29188081.741765983403
19 May 2026 02:26:20.000,52169899586.090850830078,-29188081.741765987128
19 May 2026 02:26:30.000,52169899586.090850830078,-29188081.741765987128
19 May 2026 02:26:40.000,52169899586.090850830078,-29188081.741765987128
19 May 2026 02:26:50.000,52169899586.090850830078,-29188081.741765987128
19 May 2026 02:27:00.000,52169899586.090850830078,-29188081.741765987128
19 May 2026 02:27:10.000,52169899586.090850830078,-29188081.741765987128
19 May 2026 02:27:20.000,52169899586.090850830078,-29188081.741765990853
19 May 2026 02:27:30.000,52169899586.090850830078,-29188081.741765990853
19 May 2026 02:27:40.000,52169899586.090850830078,-29188081.741765990853
19 May 2026 02:27:50.000,52169899586.090850830078,-29188081.741765990853
19 May 2026 02:28:00.000,52169899586.090850830078,-29188081.741765987128
19 May 2026 02:28:10.000,52169899586.090850830078,-29188081.741765990853
19 May 2026 02:28:20.000,52169899586.090843200684,-29188081.741765998304
19 May 2026 02:28:30.000,52169899586.090835571289,-29188081.741766002029
19 May 2026 02:28:40.000,52169899586.090835571289,-29188081.741765998304
19 May 2026 02:28:50.000,52169899586.090843200684,-29188081.741765994579
19 May 2026 02:29:00.000,52169899586.090843200684,-29188081.741766002029
19 May 2026 02:29:10.000,52169899586.090850830078,-29188081.741765990853
19 May 2026 02:29:20.000,52169899586.090835571289,-29188081.741766013205
19 May 2026 02:29:30.000,52169899586.090835571289,-29188081.741766005754
19 May 2026 02:29:40.000,52169899586.090835571289,-29188081.741766005754
19 May 2026 02:29:50.000,52169899586.090835571289,-29188081.741766002029
19 May 2026 02:30:00.000,52169899586.090835571289,-29188081.741766002029
19 May 2026 02:30:10.000,52169899586.090835571289,-29188081.741766005754
19 May 2026 02:30:20.000,52169899586.090835571289,-29188081.741766002029
19 May 2026 02:30:30.000,52169899586.090835571289,-29188081.741766005754
19 May 2026 02:30:40.000,52169899586.090827941895,-29188081.741766016930
19 May 2026 02:30:50.000,52169899586.090827941895,-29188081.741766020656
19 May 2026 02:31:00.000,52169899586.090820312500,-29188081.741766028106
19 May 2026 02:31:10.000,52169899586.090820312500,-29188081.741766024381
19 May 2026 02:31:20.000,52169899586.090835571289,-29188081.741766005754
19 May 2026 02:31:30.000,52169899586.090835571289,-29188081.741766005754
19 May 2026 02:31:40.000,52169899586.090835571289,-29188081.741766005754
19 May 2026 02:31:50.000,52169899586.090820312500,-29188081.741766024381
19 May 2026 02:32:00.000,52169899586.090820312500,-29188081.741766020656
19 May 2026 02:32:10.000,52169899586.090820312500,-29188081.741766024381
19 May 2026 02:32:20.000,52169899586.090820312500,-29188081.741766024381
19 May 2026 02:32:30.000,52169899586.090820312500,-29188081.741766024381
19 May 2026 02:32:40.000,52169899586.090820312500,-29188081.741766024381
19 May 2026 02:32:50.000,52169899586.090835571289,-29188081.741766013205
19 May 2026 02:33:00.000,52169899586.090820312500,-29188081.741766028106
19 May 2026 02:33:10.000,52169899586.090820312500,-29188081.741766024381
19 May 2026 02:33:20.000,52169899586.090820312500,-29188081.741766020656
19 May 2026 02:33:30.000,52169899586.090820312500,-29188081.741766028106
19 May 2026 02:33:40.000,52169899586.090820312500,-29188081.741766024381
19 May 2026 02:33:50.000,52169899586.090835571289,-29188081.741766013205
19 May 2026 02:34:00.000,52169899586.090820312500,-29188081.741766028106
19 May 2026 02:34:10.000,52169899586.090835571289,-29188081.741766002029
19 May 2026 02:34:20.000,52169899586.090835571289,-29188081.741766005754
19 May 2026 02:34:30.000,52169899586.090835571289,-29188081.741766005754
19 May 2026 02:34:40.000,52169899586.090835571289,-29188081.741766005754
19 May 2026 02:34:50.000,52169899586.090820312500,-29188081.741766024381
19 May 2026 02:35:00.000,52169899586.090820312500,-29188081.741766020656
19 May 2026 02:35:10.000,52169899586.090820312500,-29188081.741766020656
19 May 2026 02:35:20.000,52169899586.090820312500,-29188081.741766024381
19 May 2026 02:35:30.000,52169899586.090835571289,-29188081.741766005754
19 May 2026 02:35:40.000,52169899586.090835571289,-29188081.741766005754
19 May 2026 02:35:50.000,52169899586.090835571289,-29188081.741766013205
19 May 2026 02:36:00.000,52169899586.090835571289,-29188081.741766005754
19 May 2026 02:36:10.000,52169899586.090835571289,-29188081.741766005754
19 May 2026 02:36:20.000,52169899586.090835571289,-29188081.741766002029
19 May 2026 02:36:30.000,52169899586.090835571289,-29188081.741766002029
19 May 2026 02:36:40.000,52169899586.090820312500,-29188081.741766028106
19 May 2026 02:36:50.000,52169899586.090820312500,-29188081.741766024381
19 May 2026 02:37:00.000,52169899586.090820312500,-29188081.741766020656
19 May 2026 02:37:10.000,52169899586.090820312500,-29188081.741766024381
19 May 2026 02:37:20.000,52169899586.090820312500,-29188081.741766028106
19 May 2026 02:37:30.000,52169899586.090820312500,-29188081.741766024381
19 May 2026 02:37:40.000,52169899586.090820312500,-29188081.741766024381
19 May 2026 02:37:50.000,52169899586.090835571289,-29188081.741766005754
19 May 2026 02:38:00.000,52169899586.090820312500,-29188081.741766024381
19 May 2026 02:38:10.000,52169899586.090820312500,-29188081.741766024381
19 May 2026 02:38:20.000,52169899586.090820312500,-29188081.741766024381
19 May 2026 02:38:30.000,52169899586.090820312500,-29188081.741766020656
19 May 2026 02:38:40.000,52169899586.090820312500,-29188081.741766028106
19 May 2026 02:38:50.000,52169899586.090820312500,-29188081.741766024381
19 May 2026 02:39:00.000,52169899586.090820312500,-29188081.741766020656
19 May 2026 02:39:10.000,52169899586.090820312500,-29188081.741766024381
19 May 2026 02:39:20.000,52169899586.090820312500,-29188081.741766020656
19 May 2026 02:39:30.000,52169899586.090812683105,-29188081.741766035557
19 May 2026 02:39:40.000,52169899586.090812683105,-29188081.741766031832
19 May 2026 02:39:50.000,52169899586.090805053711,-29188081.741766039282
19 May 2026 02:40:00.000,52169899586.090812683105,-29188081.741766035557
19 May 2026 02:40:10.000,52169899586.090805053711,-29188081.741766039282
19 May 2026 02:40:20.000,52169899586.090805053711,-29188081.741766035557
19 May 2026 02:40:30.000,52169899586.090805053711,-29188081.741766043007
19 May 2026 02:40:40.000,52169899586.090805053711,-29188081.741766046733
19 May 2026 02:40:50.000,52169899586.090805053711,-29188081.741766031832
19 May 2026 02:41:00.000,52169899586.090812683105,-29188081.741766035557
19 May 2026 02:41:10.000,52169899586.090805053711,-29188081.741766035557
19 May 2026 02:41:20.000,52169899586.090805053711,-29188081.741766039282
19 May 2026 02:41:30.000,52169899586.090805053711,-29188081.741766035557
19 May 2026 02:41:40.000,52169899586.090805053711,-29188081.741766031832
19 May 2026 02:41:50.000,52169899586.090805053711,-29188081.741766039282
19 May 2026 02:42:00.000,52169899586.090820312500,-29188081.741766024381
19 May 2026 02:42:10.000,52169899586.090805053711,-29188081.741766035557
19 May 2026 02:42:20.000,52169899586.090805053711,-29188081.741766035557
19 May 2026 02:42:30.000,52169899586.090805053711,-29188081.741766046733
19 May 2026 02:42:40.000,52169899586.090805053711,-29188081.741766046733
19 May 2026 02:42:50.000,52169899586.090805053711,-29188081.741766046733
19 May 2026 02:43:00.000,52169899586.090805053711,-29188081.741766046733
19 May 2026 02:43:10.000,52169899586.090797424316,-29188081.741766050458
19 May 2026 02:43:20.000,52169899586.090805053711,-29188081.741766043007
19 May 2026 02:43:30.000,52169899586.090805053711,-29188081.741766031832
19 May 2026 02:43:40.000,52169899586.090805053711,-29188081.741766046733
19 May 2026 02:43:50.000,52169899586.090805053711,-29188081.741766035557
19 May 2026 02:44:00.000,52169899586.090797424316,-29188081.741766050458
19 May 2026 02:44:10.000,52169899586.090805053711,-29188081.741766035557
19 May 2026 02:44:20.000,52169899586.090805053711,-29188081.741766035557
19 May 2026 02:44:30.000,52169899586.090805053711,-29188081.741766039282
19 May 2026 02:44:40.000,52169899586.090805053711,-29188081.741766035557
19 May 2026 02:44:50.000,52169899586.090805053711,-29188081.741766043007
19 May 2026 02:45:00.000,52169899586.090797424316,-29188081.741766054183
19 May 2026 02:45:10.000,52169899586.090797424316,-29188081.741766046733
19 May 2026 02:45:20.000,52169899586.090805053711,-29188081.741766035557
19 May 2026 02:45:30.000,52169899586.090797424316,-29188081.741766054183
19 May 2026 02:45:40.000,52169899586.090789794922,-29188081.741766057909
19 May 2026 02:45:50.000,52169899586.090789794922,-29188081.741766054183
19 May 2026 02:46:00.000,52169899586.090789794922,-29188081.741766054183
19 May 2026 02:46:10.000,52169899586.090789794922,-29188081.741766057909
19 May 2026 02:46:20.000,52169899586.090789794922,-29188081.741766057909
19 May 2026 02:46:30.000,52169899586.090797424316,-29188081.741766054183
19 May 2026 02:46:40.000,52169899586.090789794922,-29188081.741766057909
19 May 2026 02:46:50.000,52169899586.090789794922,-29188081.741766057909
19 May 2026 02:47:00.000,52169899586.090789794922,-29188081.741766057909
19 May 2026 02:47:10.000,52169899586.090789794922,-29188081.741766054183
19 May 2026 02:47:20.000,52169899586.090797424316,-29188081.741766043007
19 May 2026 02:47:30.000,52169899586.090789794922,-29188081.741766054183
19 May 2026 02:47:40.000,52169899586.090789794922,-29188081.741766054183
19 May 2026 02:47:50.000,52169899586.090782165527,-29188081.741766072810
19 May 2026 02:48:00.000,52169899586.090782165527,-29188081.741766072810
19 May 2026 02:48:10.000,52169899586.090789794922,-29188081.741766057909
19 May 2026 02:48:20.000,52169899586.090782165527,-29188081.741766057909
19 May 2026 02:48:30.000,52169899586.090782165527,-29188081.741766057909
19 May 2026 02:48:40.000,52169899586.090782165527,-29188081.741766057909
19 May 2026 02:48:50.000,52169899586.090782165527,-29188081.741766061634
19 May 2026 02:49:00.000,52169899586.090789794922,-29188081.741766057909
19 May 2026 02:49:10.000,52169899586.090782165527,-29188081.741766061634
19 May 2026 02:49:20.000,52169899586.090789794922,-29188081.741766057909
19 May 2026 02:49:30.000,52169899586.090782165527,-29188081.741766061634
19 May 2026 02:49:40.000,52169899586.090782165527,-29188081.741766069084
19 May 2026 02:49:50.000,52169899586.090782165527,-29188081.741766061634
19 May 2026 02:50:00.000,52169899586.090782165527,-29188081.741766057909
19 May 2026 02:50:10.000,52169899586.090782165527,-29188081.741766061634
19 May 2026 02:50:20.000,52169899586.090782165527,-29188081.741766061634
19 May 2026 02:50:30.000,52169899586.090774536133,-29188081.741766076535
19 May 2026 02:50:40.000,52169899586.090774536133,-29188081.741766076535
19 May 2026 02:50:50.000,52169899586.090774536133,-29188081.741766080260
19 May 2026 02:51:00.000,52169899586.090774536133,-29188081.741766072810
19 May 2026 02:51:10.000,52169899586.090774536133,-29188081.741766072810
19 May 2026 02:51:20.000,52169899586.090782165527,-29188081.741766069084
19 May 2026 02:51:30.000,52169899586.090774536133,-29188081.741766069084
19 May 2026 02:51:40.000,52169899586.090774536133,-29188081.741766076535
19 May 2026 02:51:50.000,52169899586.090782165527,-29188081.741766069084
19 May 2026 02:52:00.000,52169899586.090782165527,-29188081.741766069084
19 May 2026 02:52:10.000,52169899586.090805053711,-29188081.741766043007
19 May 2026 02:52:20.000,52169899586.090789794922,-29188081.741766054183
19 May 2026 02:52:30.000,52169899586.090789794922,-29188081.741766054183
19 May 2026 02:52:40.000,52169899586.090782165527,-29188081.741766069084
19 May 2026 02:52:50.000,52169899586.090789794922,-29188081.741766061634
19 May 2026 02:53:00.000,52169899586.090789794922,-29188081.741766061634
19 May 2026 02:53:10.000,52169899586.090789794922,-29188081.741766057909
19 May 2026 02:53:20.000,52169899586.090789794922,-29188081.741766057909
19 May 2026 02:53:30.000,52169899586.090774536133,-29188081.741766076535
19 May 2026 02:53:40.000,52169899586.090789794922,-29188081.741766057909
19 May 2026 02:53:50.000,52169899586.090789794922,-29188081.741766054183
19 May 2026 02:54:00.000,52169899586.090789794922,-29188081.741766057909
19 May 2026 02:54:10.000,52169899586.090797424316,-29188081.741766050458
19 May 2026 02:54:20.000,52169899586.090797424316,-29188081.741766054183
19 May 2026 02:54:30.000,52169899586.090805053711,-29188081.741766043007
19 May 2026 02:54:40.000,52169899586.090805053711,-29188081.741766043007
19 May 2026 02:54:50.000,52169899586.090805053711,-29188081.741766046733
19 May 2026 02:55:00.000,52169899586.090789794922,-29188081.741766054183
19 May 2026 02:55:10.000,52169899586.090797424316,-29188081.741766050458
19 May 2026 02:55:20.000,52169899586.090805053711,-29188081.741766046733
19 May 2026 02:55:30.000,52169899586.090805053711,-29188081.741766039282
19 May 2026 02:55:40.000,52169899586.090805053711,-29188081.741766043007
19 May 2026 02:55:50.000,52169899586.090805053711,-29188081.741766043007
19 May 2026 02:56:00.000,52169899586.090805053711,-29188081.741766043007
19 May 2026 02:56:10.000,52169899586.090805053711,-29188081.741766039282
19 May 2026 02:56:20.000,52169899586.090812683105,-29188081.741766031832
19 May 2026 02:56:30.000,52169899586.090812683105,-29188081.741766035557
19 May 2026 02:56:40.000,52169899586.090805053711,-29188081.741766039282
19 May 2026 02:56:50.000,52169899586.090812683105,-29188081.741766031832
19 May 2026 02:57:00.000,52169899586.090812683105,-29188081.741766031832
19 May 2026 02:57:10.000,52169899586.090820312500,-29188081.741766020656
19 May 2026 02:57:20.000,52169899586.090820312500,-29188081.741766028106
19 May 2026 02:57:30.000,52169899586.090820312500,-29188081.741766020656
19 May 2026 02:57:40.000,52169899586.090820312500,-29188081.741766028106
19 May 2026 02:57:50.000,52169899586.090820312500,-29188081.741766024381
19 May 2026 02:58:00.000,52169899586.090820312500,-29188081.741766024381
19 May 2026 02:58:10.000,52169899586.090820312500,-29188081.741766024381
19 May 2026 02:58:20.000,52169899586.090820312500,-29188081.741766020656
19 May 2026 02:58:30.000,52169899586.090820312500,-29188081.741766024381
19 May 2026 02:58:40.000,52169899586.090820312500,-29188081.741766028106
19 May 2026 02:58:50.000,52169899586.090820312500,-29188081.741766020656
19 May 2026 02:59:00.000,52169899586.090820312500,-29188081.741766020656
19 May 2026 02:59:10.000,52169899586.090820312500,-29188081.741766020656
19 May 2026 02:59:20.000,52169899586.090820312500,-29188081.741766024381
19 May 2026 02:59:30.000,52169899586.090820312500,-29188081.741766020656
19 May 2026 02:59:40.000,52169899586.090827941895,-29188081.741766013205
19 May 2026 02:59:50.000,52169899586.090827941895,-29188081.741766013205
19 May 2026 03:00:00.000,52169899586.090835571289,-29188081.741766005754
19 May 2026 03:00:10.000,52169899586.090835571289,-29188081.741766005754
19 May 2026 03:00:20.000,52169899586.090820312500,-29188081.741766024381
19 May 2026 03:00:30.000,52169899586.090820312500,-29188081.741766016930
19 May 2026 03:00:40.000,52169899586.090835571289,-29188081.741766013205
19 May 2026 03:00:50.000,52169899586.090835571289,-29188081.741766005754
19 May 2026 03:01:00.000,52169899586.090835571289,-29188081.741766005754
19 May 2026 03:01:10.000,52169899586.090835571289,-29188081.741766005754
19 May 2026 03:01:20.000,52169899586.090835571289,-29188081.741766002029
19 May 2026 03:01:30.000,52169899586.090835571289,-29188081.741766005754
19 May 2026 03:01:40.000,52169899586.090835571289,-29188081.741766005754
19 May 2026 03:01:50.000,52169899586.090835571289,-29188081.741766005754
19 May 2026 03:02:00.000,52169899586.090850830078,-29188081.741765990853
19 May 2026 03:02:10.000,52169899586.090835571289,-29188081.741766002029
19 May 2026 03:02:20.000,52169899586.090850830078,-29188081.741765994579
19 May 2026 03:02:30.000,52169899586.090835571289,-29188081.741766002029
19 May 2026 03:02:40.000,52169899586.090850830078,-29188081.741765994579
19 May 2026 03:02:50.000,52169899586.090850830078,-29188081.741765990853
19 May 2026 03:03:00.000,52169899586.090850830078,-29188081.741765990853
19 May 2026 03:03:10.000,52169899586.090850830078,-29188081.741765990853
19 May 2026 03:03:20.000,52169899586.090850830078,-29188081.741765994579
19 May 2026 03:03:30.000,52169899586.090835571289,-29188081.741765998304
19 May 2026 03:03:40.000,52169899586.090835571289,-29188081.741766002029
19 May 2026 03:03:50.000,52169899586.090835571289,-29188081.741765998304
19 May 2026 03:04:00.000,52169899586.090835571289,-29188081.741766002029
19 May 2026 03:04:10.000,52169899586.090850830078,-29188081.741765994579
19 May 2026 03:04:20.000,52169899586.090850830078,-29188081.741765994579
19 May 2026 03:04:30.000,52169899586.090835571289,-29188081.741766002029
19 May 2026 03:04:40.000,52169899586.090835571289,-29188081.741765998304
19 May 2026 03:04:50.000,52169899586.090835571289,-29188081.741766002029
19 May 2026 03:05:00.000,52169899586.090850830078,-29188081.741765983403
19 May 2026 03:05:10.000,52169899586.090850830078,-29188081.741765990853
19 May 2026 03:05:20.000,52169899586.090850830078,-29188081.741765990853
19 May 2026 03:05:30.000,52169899586.090850830078,-29188081.741765987128
19 May 2026 03:05:40.000,52169899586.090850830078,-29188081.741765987128
19 May 2026 03:05:50.000,52169899586.090835571289,-29188081.741765998304
19 May 2026 03:06:00.000,52169899586.090835571289,-29188081.741766005754
19 May 2026 03:06:10.000,52169899586.090850830078,-29188081.741765994579
19 May 2026 03:06:20.000,52169899586.090850830078,-29188081.741765990853
19 May 2026 03:06:30.000,52169899586.090850830078,-29188081.741765990853
19 May 2026 03:06:40.000,52169899586.090835571289,-29188081.741766002029
19 May 2026 03:06:50.000,52169899586.090835571289,-29188081.741765998304
19 May 2026 03:07:00.000,52169899586.090835571289,-29188081.741766002029
19 May 2026 03:07:10.000,52169899586.090843200684,-29188081.741765998304
19 May 2026 03:07:20.000,52169899586.090850830078,-29188081.741765987128
19 May 2026 03:07:30.000,52169899586.090850830078,-29188081.741765990853
19 May 2026 03:07:40.000,52169899586.090850830078,-29188081.741765994579
19 May 2026 03:07:50.000,52169899586.090850830078,-29188081.741765983403
19 May 2026 03:08:00.000,52169899586.090850830078,-29188081.741765990853
19 May 2026 03:08:10.000,52169899586.090835571289,-29188081.741766002029
19 May 2026 03:08:20.000,52169899586.090835571289,-29188081.741766002029
19 May 2026 03:08:30.000,52169899586.090843200684,-29188081.741765998304
19 May 2026 03:08:40.000,52169899586.090850830078,-29188081.741765990853
19 May 2026 03:08:50.000,52169899586.090835571289,-29188081.741766002029
19 May 2026 03:09:00.000,52169899586.090835571289,-29188081.741766002029
19 May 2026 03:09:10.000,52169899586.090835571289,-29188081.741766005754
19 May 2026 03:09:20.000,52169899586.090820312500,-29188081.741766016930
19 May 2026 03:09:30.000,52169899586.090827941895,-29188081.741766016930
19 May 2026 03:09:40.000,52169899586.090827941895,-29188081.741766013205
19 May 2026 03:09:50.000,52169899586.090835571289,-29188081.741766002029
19 May 2026 03:10:00.000,52169899586.090827941895,-29188081.741766013205
19 May 2026 03:10:10.000,52169899586.090827941895,-29188081.741766016930
19 May 2026 03:10:20.000,52169899586.090835571289,-29188081.741766002029
19 May 2026 03:10:30.000,52169899586.090835571289,-29188081.741766002029
19 May 2026 03:10:40.000,52169899586.090835571289,-29188081.741765998304
19 May 2026 03:10:50.000,52169899586.090835571289,-29188081.741766005754
19 May 2026 03:11:00.000,52169899586.090835571289,-29188081.741765998304
19 May 2026 03:11:10.000,52169899586.090835571289,-29188081.741765998304
19 May 2026 03:11:20.000,52169899586.090835571289,-29188081.741765998304
19 May 2026 03:11:30.000,52169899586.090835571289,-29188081.741765998304
19 May 2026 03:11:40.000,52169899586.090835571289,-29188081.741766005754
19 May 2026 03:11:50.000,52169899586.090835571289,-29188081.741766005754
19 May 2026 03:12:00.000,52169899586.090835571289,-29188081.741765998304
19 May 2026 03:12:10.000,52169899586.090835571289,-29188081.741766013205
19 May 2026 03:12:20.000,52169899586.090835571289,-29188081.741766005754
19 May 2026 03:12:30.000,52169899586.090820312500,-29188081.741766028106
19 May 2026 03:12:40.000,52169899586.090820312500,-29188081.741766020656
19 May 2026 03:12:50.000,52169899586.090812683105,-29188081.741766031832
19 May 2026 03:13:00.000,52169899586.090805053711,-29188081.741766039282
19 May 2026 03:13:10.000,52169899586.090820312500,-29188081.741766016930
19 May 2026 03:13:20.000,52169899586.090820312500,-29188081.741766016930
19 May 2026 03:13:30.000,52169899586.090812683105,-29188081.741766031832
19 May 2026 03:13:40.000,52169899586.090820312500,-29188081.741766024381
19 May 2026 03:13:50.000,52169899586.090820312500,-29188081.741766024381
19 May 2026 03:14:00.000,52169899586.090820312500,-29188081.741766031832
19 May 2026 03:14:10.000,52169899586.090820312500,-29188081.741766024381
19 May 2026 03:14:20.000,52169899586.090820312500,-29188081.741766024381
19 May 2026 03:14:30.000,52169899586.090827941895,-29188081.741766016930
19 May 2026 03:14:40.000,52169899586.090827941895,-29188081.741766016930
19 May 2026 03:14:50.000,52169899586.090835571289,-29188081.741766005754
19 May 2026 03:15:00.000,52169899586.090843200684,-29188081.741765998304
19 May 2026 03:15:10.000,52169899586.090835571289,-29188081.741765998304
19 May 2026 03:15:20.000,52169899586.090835571289,-29188081.741766013205
19 May 2026 03:15:30.000,52169899586.090835571289,-29188081.741766005754
19 May 2026 03:15:40.000,52169899586.090835571289,-29188081.741766013205
19 May 2026 03:15:50.000,52169899586.090835571289,-29188081.741766002029
19 May 2026 03:16:00.000,52169899586.090835571289,-29188081.741766005754
19 May 2026 03:16:10.000,52169899586.090843200684,-29188081.741765994579
19 May 2026 03:16:20.000,52169899586.090850830078,-29188081.741765990853
19 May 2026 03:16:30.000,52169899586.090843200684,-29188081.741765998304
19 May 2026 03:16:40.000,52169899586.090843200684,-29188081.741765998304
19 May 2026 03:16:50.000,52169899586.090850830078,-29188081.741765990853
19 May 2026 03:17:00.000,52169899586.090850830078,-29188081.741765987128
19 May 2026 03:17:10.000,52169899586.090850830078,-29188081.741765987128
19 May 2026 03:17:20.000,52169899586.090850830078,-29188081.741765987128
19 May 2026 03:17:30.000,52169899586.090850830078,-29188081.741765987128
19 May 2026 03:17:40.000,52169899586.090850830078,-29188081.741765987128
19 May 2026 03:17:50.000,52169899586.090850830078,-29188081.741765990853
19 May 2026 03:18:00.000,52169899586.090850830078,-29188081.741765987128
19 May 2026 03:18:10.000,52169899586.090866088867,-29188081.741765972227
19 May 2026 03:18:20.000,52169899586.090866088867,-29188081.741765975952
19 May 2026 03:18:30.000,52169899586.090866088867,-29188081.741765972227
19 May 2026 03:18:40.000,52169899586.090866088867,-29188081.741765972227
19 May 2026 03:18:50.000,52169899586.090866088867,-29188081.741765975952
19 May 2026 03:19:00.000,52169899586.090866088867,-29188081.741765968502
19 May 2026 03:19:10.000,52169899586.090873718262,-29188081.741765964776
19 May 2026 03:19:20.000,52169899586.090866088867,-29188081.741765972227
19 May 2026 03:19:30.000,52169899586.090866088867,-29188081.741765972227
19 May 2026 03:19:40.000,52169899586.090866088867,-29188081.741765972227
19 May 2026 03:19:50.000,52169899586.090866088867,-29188081.741765975952
19 May 2026 03:20:00.000,52169899586.090866088867,-29188081.741765975952
19 May 2026 03:20:10.000,52169899586.090866088867,-29188081.741765968502
19 May 2026 03:20:20.000,52169899586.090873718262,-29188081.741765964776
19 May 2026 03:20:30.000,52169899586.090873718262,-29188081.741765964776
19 May 2026 03:20:40.000,52169899586.090873718262,-29188081.741765964776
19 May 2026 03:20:50.000,52169899586.090873718262,-29188081.741765964776
19 May 2026 03:21:00.000,52169899586.090873718262,-29188081.741765964776
19 May 2026 03:21:10.000,52169899586.090873718262,-29188081.741765964776
19 May 2026 03:21:20.000,52169899586.090873718262,-29188081.741765961051
19 May 2026 03:21:30.000,52169899586.090866088867,-29188081.741765972227
19 May 2026 03:21:40.000,52169899586.090866088867,-29188081.741765972227
19 May 2026 03:21:50.000,52169899586.090850830078,-29188081.741765987128
19 May 2026 03:22:00.000,52169899586.090850830078,-29188081.741765990853
19 May 2026 03:22:10.000,52169899586.090866088867,-29188081.741765972227
19 May 2026 03:22:20.000,52169899586.090866088867,-29188081.741765975952
19 May 2026 03:22:30.000,52169899586.090866088867,-29188081.741765972227
19 May 2026 03:22:40.000,52169899586.090866088867,-29188081.741765972227
19 May 2026 03:22:50.000,52169899586.090866088867,-29188081.741765972227
19 May 2026 03:23:00.000,52169899586.090866088867,-29188081.741765975952
19 May 2026 03:23:10.000,52169899586.090866088867,-29188081.741765972227
19 May 2026 03:23:20.000,52169899586.090866088867,-29188081.741765968502
19 May 2026 03:23:30.000,52169899586.090866088867,-29188081.741765975952
19 May 2026 03:23:40.000,52169899586.090866088867,-29188081.741765972227
19 May 2026 03:23:50.000,52169899586.090866088867,-29188081.741765972227
19 May 2026 03:24:00.000,52169899586.090881347656,-29188081.741765953600
19 May 2026 03:24:10.000,52169899586.090873718262,-29188081.741765964776
19 May 2026 03:24:20.000,52169899586.090873718262,-29188081.741765964776
19 May 2026 03:24:30.000,52169899586.090873718262,-29188081.741765961051
19 May 2026 03:24:40.000,52169899586.090873718262,-29188081.741765968502
19 May 2026 03:24:50.000,52169899586.090873718262,-29188081.741765964776
19 May 2026 03:25:00.000,52169899586.090873718262,-29188081.741765964776
19 May 2026 03:25:10.000,52169899586.090873718262,-29188081.741765964776
19 May 2026 03:25:20.000,52169899586.090873718262,-29188081.741765964776
19 May 2026 03:25:30.000,52169899586.090873718262,-29188081.741765964776
19 May 2026 03:25:40.000,52169899586.090873718262,-29188081.741765964776
19 May 2026 03:25:50.000,52169899586.090866088867,-29188081.741765975952
19 May 2026 03:26:00.000,52169899586.090881347656,-29188081.741765957326
19 May 2026 03:26:10.000,52169899586.090873718262,-29188081.741765964776
19 May 2026 03:26:20.000,52169899586.090873718262,-29188081.741765961051
19 May 2026 03:26:30.000,52169899586.090873718262,-29188081.741765968502
19 May 2026 03:26:40.000,52169899586.090873718262,-29188081.741765968502
19 May 2026 03:26:50.000,52169899586.090873718262,-29188081.741765964776
19 May 2026 03:27:00.000,52169899586.090873718262,-29188081.741765968502
19 May 2026 03:27:10.000,52169899586.090866088867,-29188081.741765972227
19 May 2026 03:27:20.000,52169899586.090866088867,-29188081.741765975952
19 May 2026 03:27:30.000,52169899586.090866088867,-29188081.741765972227
19 May 2026 03:27:40.000,52169899586.090866088867,-29188081.741765972227
19 May 2026 03:27:50.000,52169899586.090866088867,-29188081.741765975952
19 May 2026 03:28:00.000,52169899586.090866088867,-29188081.741765972227
19 May 2026 03:28:10.000,52169899586.090866088867,-29188081.741765972227
19 May 2026 03:28:20.000,52169899586.090866088867,-29188081.741765975952
19 May 2026 03:28:30.000,52169899586.090866088867,-29188081.741765979677
19 May 2026 03:28:40.000,52169899586.090850830078,-29188081.741765994579
19 May 2026 03:28:50.000,52169899586.090850830078,-29188081.741765987128
19 May 2026 03:29:00.000,52169899586.090858459473,-29188081.741765983403
19 May 2026 03:29:10.000,52169899586.090850830078,-29188081.741765987128
19 May 2026 03:29:20.000,52169899586.090850830078,-29188081.741765987128
19 May 2026 03:29:30.000,52169899586.090850830078,-29188081.741765987128
19 May 2026 03:29:40.000,52169899586.090843200684,-29188081.741765998304
19 May 2026 03:29:50.000,52169899586.090843200684,-29188081.741765998304
19 May 2026 03:30:00.000,52169899586.090843200684,-29188081.741765998304
19 May 2026 03:30:10.000,52169899586.090843200684,-29188081.741765998304
19 May 2026 03:30:20.000,52169899586.090843200684,-29188081.741765998304
19 May 2026 03:30:30.000,52169899586.090843200684,-29188081.741765998304
19 May 2026 03:30:40.000,52169899586.090850830078,-29188081.741765987128
19 May 2026 03:30:50.000,52169899586.090843200684,-29188081.741765998304
19 May 2026 03:31:00.000,52169899586.090843200684,-29188081.741765998304
19 May 2026 03:31:10.000,52169899586.090843200684,-29188081.741765998304
19 May 2026 03:31:20.000,52169899586.090850830078,-29188081.741765994579
19 May 2026 03:31:30.000,52169899586.090866088867,-29188081.741765975952
19 May 2026 03:31:40.000,52169899586.090866088867,-29188081.741765975952
19 May 2026 03:31:50.000,52169899586.090850830078,-29188081.741765990853
19 May 2026 03:32:00.000,52169899586.090858459473,-29188081.741765979677
19 May 2026 03:32:10.000,52169899586.090858459473,-29188081.741765979677
19 May 2026 03:32:20.000,52169899586.090858459473,-29188081.741765975952
19 May 2026 03:32:30.000,52169899586.090858459473,-29188081.741765979677
19 May 2026 03:32:40.000,52169899586.090866088867,-29188081.741765975952
19 May 2026 03:32:50.000,52169899586.090866088867,-29188081.741765972227
19 May 2026 03:33:00.000,52169899586.090858459473,-29188081.741765979677
19 May 2026 03:33:10.000,52169899586.090866088867,-29188081.741765975952
19 May 2026 03:33:20.000,52169899586.090866088867,-29188081.741765972227
19 May 2026 03:33:30.000,52169899586.090866088867,-29188081.741765975952
19 May 2026 03:33:40.000,52169899586.090866088867,-29188081.741765972227
19 May 2026 03:33:50.000,52169899586.090866088867,-29188081.741765972227
19 May 2026 03:34:00.000,52169899586.090866088867,-29188081.741765972227
19 May 2026 03:34:10.000,52169899586.090881347656,-29188081.741765957326
19 May 2026 03:34:20.000,52169899586.090881347656,-29188081.741765957326
19 May 2026 03:34:30.000,52169899586.090873718262,-29188081.741765968502
19 May 2026 03:34:40.000,52169899586.090873718262,-29188081.741765968502
19 May 2026 03:34:50.000,52169899586.090881347656,-29188081.741765953600
19 May 2026 03:35:00.000,52169899586.090881347656,-29188081.741765957326
19 May 2026 03:35:10.000,52169899586.090873718262,-29188081.741765964776
19 May 2026 03:35:20.000,52169899586.090873718262,-29188081.741765964776
19 May 2026 03:35:30.000,52169899586.090873718262,-29188081.741765964776
19 May 2026 03:35:40.000,52169899586.090873718262,-29188081.741765968502
19 May 2026 03:35:50.000,52169899586.090881347656,-29188081.741765957326
19 May 2026 03:36:00.000,52169899586.090881347656,-29188081.741765957326
19 May 2026 03:36:10.000,52169899586.090873718262,-29188081.741765968502
19 May 2026 03:36:20.000,52169899586.090881347656,-29188081.741765953600
19 May 2026 03:36:30.000,52169899586.090873718262,-29188081.741765964776
19 May 2026 03:36:40.000,52169899586.090873718262,-29188081.741765964776
19 May 2026 03:36:50.000,52169899586.090873718262,-29188081.741765968502
19 May 2026 03:37:00.000,52169899586.090873718262,-29188081.741765968502
19 May 2026 03:37:10.000,52169899586.090881347656,-29188081.741765953600
19 May 2026 03:37:20.000,52169899586.090873718262,-29188081.741765968502
19 May 2026 03:37:30.000,52169899586.090881347656,-29188081.741765957326
19 May 2026 03:37:40.000,52169899586.090896606445,-29188081.741765942425
19 May 2026 03:37:50.000,52169899586.090881347656,-29188081.741765957326
19 May 2026 03:38:00.000,52169899586.090881347656,-29188081.741765953600
19 May 2026 03:38:10.000,52169899586.090881347656,-29188081.741765953600
19 May 2026 03:38:20.000,52169899586.090881347656,-29188081.741765957326
19 May 2026 03:38:30.000,52169899586.090873718262,-29188081.741765968502
19 May 2026 03:38:40.000,52169899586.090873718262,-29188081.741765968502
19 May 2026 03:38:50.000,52169899586.090873718262,-29188081.741765968502
19 May 2026 03:39:00.000,52169899586.090873718262,-29188081.741765964776
19 May 2026 03:39:10.000,52169899586.090873718262,-29188081.741765964776
19 May 2026 03:39:20.000,52169899586.090873718262,-29188081.741765961051
19 May 2026 03:39:30.000,52169899586.090866088867,-29188081.741765968502
19 May 2026 03:39:40.000,52169899586.090873718262,-29188081.741765964776
19 May 2026 03:39:50.000,52169899586.090873718262,-29188081.741765961051
19 May 2026 03:40:00.000,52169899586.090881347656,-29188081.741765953600
19 May 2026 03:40:10.000,52169899586.090881347656,-29188081.741765961051
19 May 2026 03:40:20.000,52169899586.090881347656,-29188081.741765946150
19 May 2026 03:40:30.000,52169899586.090896606445,-29188081.741765938699
19 May 2026 03:40:40.000,52169899586.090881347656,-29188081.741765961051
19 May 2026 03:40:50.000,52169899586.090881347656,-29188081.741765961051
19 May 2026 03:41:00.000,52169899586.090881347656,-29188081.741765961051
19 May 2026 03:41:10.000,52169899586.090881347656,-29188081.741765961051
19 May 2026 03:41:20.000,52169899586.090896606445,-29188081.741765934974
19 May 2026 03:41:30.000,52169899586.090896606445,-29188081.741765938699
19 May 2026 03:41:40.000,52169899586.090881347656,-29188081.741765957326
19 May 2026 03:41:50.000,52169899586.090881347656,-29188081.741765961051
19 May 2026 03:42:00.000,52169899586.090896606445,-29188081.741765938699
19 May 2026 03:42:10.000,52169899586.090896606445,-29188081.741765938699
19 May 2026 03:42:20.000,52169899586.090881347656,-29188081.741765961051
19 May 2026 03:42:30.000,52169899586.090896606445,-29188081.741765942425
19 May 2026 03:42:40.000,52169899586.090881347656,-29188081.741765961051
19 May 2026 03:42:50.000,52169899586.090896606445,-29188081.741765938699
19 May 2026 03:43:00.000,52169899586.090881347656,-29188081.741765961051
19 May 2026 03:43:10.000,52169899586.090881347656,-29188081.741765961051
19 May 2026 03:43:20.000,52169899586.090881347656,-29188081.741765957326
19 May 2026 03:43:30.000,52169899586.090881347656,-29188081.741765961051
19 May 2026 03:43:40.000,52169899586.090881347656,-29188081.741765957326
19 May 2026 03:43:50.000,52169899586.090881347656,-29188081.741765957326
19 May 2026 03:44:00.000,52169899586.090881347656,-29188081.741765961051
19 May 2026 03:44:10.000,52169899586.090896606445,-29188081.741765938699
19 May 2026 03:44:20.000,52169899586.090896606445,-29188081.741765938699
19 May 2026 03:44:30.000,52169899586.090896606445,-29188081.741765938699
19 May 2026 03:44:40.000,52169899586.090896606445,-29188081.741765938699
19 May 2026 03:44:50.000,52169899586.090896606445,-29188081.741765938699
19 May 2026 03:45:00.000,52169899586.090896606445,-29188081.741765938699
19 May 2026 03:45:10.000,52169899586.090896606445,-29188081.741765938699
19 May 2026 03:45:20.000,52169899586.090896606445,-29188081.741765938699
19 May 2026 03:45:30.000,52169899586.090896606445,-29188081.741765938699
19 May 2026 03:45:40.000,52169899586.090896606445,-29188081.741765942425
19 May 2026 03:45:50.000,52169899586.090881347656,-29188081.741765946150
19 May 2026 03:46:00.000,52169899586.090873718262,-29188081.741765961051
19 May 2026 03:46:10.000,52169899586.090896606445,-29188081.741765938699
19 May 2026 03:46:20.000,52169899586.090881347656,-29188081.741765961051
19 May 2026 03:46:30.000,52169899586.090881347656,-29188081.741765953600
19 May 2026 03:46:40.000,52169899586.090881347656,-29188081.741765957326
19 May 2026 03:46:50.000,52169899586.090888977051,-29188081.741765953600
19 May 2026 03:47:00.000,52169899586.090881347656,-29188081.741765953600
19 May 2026 03:47:10.000,52169899586.090881347656,-29188081.741765953600
19 May 2026 03:47:20.000,52169899586.090881347656,-29188081.741765953600
19 May 2026 03:47:30.000,52169899586.090881347656,-29188081.741765946150
19 May 2026 03:47:40.000,52169899586.090881347656,-29188081.741765946150
19 May 2026 03:47:50.000,52169899586.090881347656,-29188081.741765961051
19 May 2026 03:48:00.000,52169899586.090881347656,-29188081.741765957326
19 May 2026 03:48:10.000,52169899586.090881347656,-29188081.741765953600
19 May 2026 03:48:20.000,52169899586.090881347656,-29188081.741765957326
19 May 2026 03:48:30.000,52169899586.090881347656,-29188081.741765961051
19 May 2026 03:48:40.000,52169899586.090881347656,-29188081.741765961051
19 May 2026 03:48:50.000,52169899586.090881347656,-29188081.741765961051
19 May 2026 03:49:00.000,52169899586.090896606445,-29188081.741765934974
19 May 2026 03:49:10.000,52169899586.090896606445,-29188081.741765934974
19 May 2026 03:49:20.000,52169899586.090881347656,-29188081.741765946150
19 May 2026 03:49:30.000,52169899586.090896606445,-29188081.741765942425
19 May 2026 03:49:40.000,52169899586.090881347656,-29188081.741765946150
19 May 2026 03:49:50.000,52169899586.090881347656,-29188081.741765961051
19 May 2026 03:50:00.000,52169899586.090896606445,-29188081.741765938699
19 May 2026 03:50:10.000,52169899586.090896606445,-29188081.741765938699
19 May 2026 03:50:20.000,52169899586.090896606445,-29188081.741765938699
19 May 2026 03:50:30.000,52169899586.090896606445,-29188081.741765938699
19 May 2026 03:50:40.000,52169899586.090881347656,-29188081.741765961051
19 May 2026 03:50:50.000,52169899586.090881347656,-29188081.741765961051
19 May 2026 03:51:00.000,52169899586.090896606445,-29188081.741765934974
19 May 2026 03:51:10.000,52169899586.090896606445,-29188081.741765938699
19 May 2026 03:51:20.000,52169899586.090896606445,-29188081.741765938699
19 May 2026 03:51:30.000,52169899586.090896606445,-29188081.741765938699
19 May 2026 03:51:40.000,52169899586.090896606445,-29188081.741765938699
19 May 2026 03:51:50.000,52169899586.090896606445,-29188081.741765942425
19 May 2026 03:52:00.000,52169899586.090896606445,-29188081.741765934974
19 May 2026 03:52:10.000,52169899586.090888977051,-29188081.741765953600
19 May 2026 03:52:20.000,52169899586.090881347656,-29188081.741765961051
19 May 2026 03:52:30.000,52169899586.090881347656,-29188081.741765946150
19 May 2026 03:52:40.000,52169899586.090881347656,-29188081.741765957326
19 May 2026 03:52:50.000,52169899586.090881347656,-29188081.741765957326
19 May 2026 03:53:00.000,52169899586.090881347656,-29188081.741765957326
19 May 2026 03:53:10.000,52169899586.090881347656,-29188081.741765946150
19 May 2026 03:53:20.000,52169899586.090881347656,-29188081.741765953600
19 May 2026 03:53:30.000,52169899586.090881347656,-29188081.741765961051
19 May 2026 03:53:40.000,52169899586.090881347656,-29188081.741765953600
19 May 2026 03:53:50.000,52169899586.090896606445,-29188081.741765938699
19 May 2026 03:54:00.000,52169899586.090881347656,-29188081.741765957326
19 May 2026 03:54:10.000,52169899586.090896606445,-29188081.741765938699
19 May 2026 03:54:20.000,52169899586.090881347656,-29188081.741765961051
19 May 2026 03:54:30.000,52169899586.090881347656,-29188081.741765953600
19 May 2026 03:54:40.000,52169899586.090896606445,-29188081.741765938699
19 May 2026 03:54:50.000,52169899586.090896606445,-29188081.741765938699
19 May 2026 03:55:00.000,52169899586.090896606445,-29188081.741765938699
19 May 2026 03:55:10.000,52169899586.090881347656,-29188081.741765953600
19 May 2026 03:55:20.000,52169899586.090896606445,-29188081.741765938699
19 May 2026 03:55:30.000,52169899586.090881347656,-29188081.741765961051
19 May 2026 03:55:40.000,52169899586.090896606445,-29188081.741765942425
19 May 2026 03:55:50.000,52169899586.090896606445,-29188081.741765942425
19 May 2026 03:56:00.000,52169899586.090881347656,-29188081.741765953600
19 May 2026 03:56:10.000,52169899586.090881347656,-29188081.741765961051
19 May 2026 03:56:20.000,52169899586.090881347656,-29188081.741765957326
19 May 2026 03:56:30.000,52169899586.090881347656,-29188081.741765957326
19 May 2026 03:56:40.000,52169899586.090881347656,-29188081.741765961051
19 May 2026 03:56:50.000,52169899586.090881347656,-29188081.741765953600
19 May 2026 03:57:00.000,52169899586.090881347656,-29188081.741765961051
19 May 2026 03:57:10.000,52169899586.090881347656,-29188081.741765957326
19 May 2026 03:57:20.000,52169899586.090866088867,-29188081.741765975952
19 May 2026 03:57:30.000,52169899586.090866088867,-29188081.741765975952
19 May 2026 03:57:40.000,52169899586.090881347656,-29188081.741765946150
19 May 2026 03:57:50.000,52169899586.090881347656,-29188081.741765957326
19 May 2026 03:58:00.000,52169899586.090881347656,-29188081.741765953600
19 May 2026 03:58:10.000,52169899586.090881347656,-29188081.741765953600
19 May 2026 03:58:20.000,52169899586.090881347656,-29188081.741765946150
19 May 2026 03:58:30.000,52169899586.090881347656,-29188081.741765961051
19 May 2026 03:58:40.000,52169899586.090881347656,-29188081.741765953600
19 May 2026 03:58:50.000,52169899586.090881347656,-29188081.741765961051
19 May 2026 03:59:00.000,52169899586.090881347656,-29188081.741765946150
19 May 2026 03:59:10.000,52169899586.090873718262,-29188081.741765964776
19 May 2026 03:59:20.000,52169899586.090866088867,-29188081.741765972227
19 May 2026 03:59:30.000,52169899586.090866088867,-29188081.741765972227
19 May 2026 03:59:40.000,52169899586.090873718262,-29188081.741765964776
19 May 2026 03:59:50.000,52169899586.090873718262,-29188081.741765964776
19 May 2026 04:00:00.000,52169899586.090866088867,-29188081.741765972227
19 May 2026 04:00:10.000,52169899586.090866088867,-29188081.741765972227
19 May 2026 04:00:20.000,52169899586.090866088867,-29188081.741765972227
19 May 2026 04:00:30.000,52169899586.090866088867,-29188081.741765972227
19 May 2026 04:00:40.000,52169899586.090866088867,-29188081.741765968502
19 May 2026 04:00:50.000,52169899586.090866088867,-29188081.741765968502
19 May 2026 04:01:00.000,52169899586.090866088867,-29188081.741765972227
19 May 2026 04:01:10.000,52169899586.090858459473,-29188081.741765979677
19 May 2026 04:01:20.000,52169899586.090850830078,-29188081.741765983403
19 May 2026 04:01:30.000,52169899586.090850830078,-29188081.741765983403
19 May 2026 04:01:40.000,52169899586.090850830078,-29188081.741765983403
19 May 2026 04:01:50.000,52169899586.090850830078,-29188081.741765990853
19 May 2026 04:02:00.000,52169899586.090850830078,-29188081.741765990853
19 May 2026 04:02:10.000,52169899586.090843200684,-29188081.741765998304
19 May 2026 04:02:20.000,52169899586.090843200684,-29188081.741765998304
19 May 2026 04:02:30.000,52169899586.090843200684,-29188081.741765998304
19 May 2026 04:02:40.000,52169899586.090850830078,-29188081.741765987128
19 May 2026 04:02:50.000,52169899586.090850830078,-29188081.741765994579
19 May 2026 04:03:00.000,52169899586.090835571289,-29188081.741766002029
19 May 2026 04:03:10.000,52169899586.090835571289,-29188081.741766002029
19 May 2026 04:03:20.000,52169899586.090850830078,-29188081.741765998304
19 May 2026 04:03:30.000,52169899586.090835571289,-29188081.741766005754
19 May 2026 04:03:40.000,52169899586.090835571289,-29188081.741766002029
19 May 2026 04:03:50.000,52169899586.090835571289,-29188081.741766002029
19 May 2026 04:04:00.000,52169899586.090835571289,-29188081.741766005754
19 May 2026 04:04:10.000,52169899586.090835571289,-29188081.741766002029
19 May 2026 04:04:20.000,52169899586.090850830078,-29188081.741765987128
19 May 2026 04:04:30.000,52169899586.090850830078,-29188081.741765983403
19 May 2026 04:04:40.000,52169899586.090850830078,-29188081.741765987128
19 May 2026 04:04:50.000,52169899586.090850830078,-29188081.741765987128
19 May 2026 04:05:00.000,52169899586.090850830078,-29188081.741765987128
19 May 2026 04:05:10.000,52169899586.090850830078,-29188081.741765990853
19 May 2026 04:05:20.000,52169899586.090850830078,-29188081.741765990853
19 May 2026 04:05:30.000,52169899586.090835571289,-29188081.741766005754
19 May 2026 04:05:40.000,52169899586.090835571289,-29188081.741766005754
19 May 2026 04:05:50.000,52169899586.090835571289,-29188081.741766002029
19 May 2026 04:06:00.000,52169899586.090835571289,-29188081.741766013205
19 May 2026 04:06:10.000,52169899586.090835571289,-29188081.741766005754
19 May 2026 04:06:20.000,52169899586.090835571289,-29188081.741766005754
19 May 2026 04:06:30.000,52169899586.090835571289,-29188081.741766013205
19 May 2026 04:06:40.000,52169899586.090835571289,-29188081.741766005754
19 May 2026 04:06:50.000,52169899586.090835571289,-29188081.741766002029
19 May 2026 04:07:00.000,52169899586.090835571289,-29188081.741766013205
19 May 2026 04:07:10.000,52169899586.090835571289,-29188081.741766005754
19 May 2026 04:07:20.000,52169899586.090835571289,-29188081.741766005754
19 May 2026 04:07:30.000,52169899586.090835571289,-29188081.741766005754
19 May 2026 04:07:40.000,52169899586.090835571289,-29188081.741766013205
19 May 2026 04:07:50.000,52169899586.090835571289,-29188081.741766005754
19 May 2026 04:08:00.000,52169899586.090835571289,-29188081.741766005754
19 May 2026 04:08:10.000,52169899586.090835571289,-29188081.741766016930
19 May 2026 04:08:20.000,52169899586.090835571289,-29188081.741766013205
19 May 2026 04:08:30.000,52169899586.090835571289,-29188081.741766005754
19 May 2026 04:08:40.000,52169899586.090835571289,-29188081.741766005754
19 May 2026 04:08:50.000,52169899586.090835571289,-29188081.741766005754
19 May 2026 04:09:00.000,52169899586.090835571289,-29188081.741766013205
19 May 2026 04:09:10.000,52169899586.090820312500,-29188081.741766024381
19 May 2026 04:09:20.000,52169899586.090827941895,-29188081.741766020656
19 May 2026 04:09:30.000,52169899586.090820312500,-29188081.741766024381
19 May 2026 04:09:40.000,52169899586.090835571289,-29188081.741766002029
19 May 2026 04:09:50.000,52169899586.090835571289,-29188081.741766002029
19 May 2026 04:10:00.000,52169899586.090835571289,-29188081.741766005754
19 May 2026 04:10:10.000,52169899586.090835571289,-29188081.741766002029
19 May 2026 04:10:20.000,52169899586.090835571289,-29188081.741766005754
19 May 2026 04:10:30.000,52169899586.090835571289,-29188081.741766013205
19 May 2026 04:10:40.000,52169899586.090850830078,-29188081.741765987128
19 May 2026 04:10:50.000,52169899586.090835571289,-29188081.741766005754
19 May 2026 04:11:00.000,52169899586.090835571289,-29188081.741766005754
19 May 2026 04:11:10.000,52169899586.090835571289,-29188081.741766013205
19 May 2026 04:11:20.000,52169899586.090835571289,-29188081.741766005754
19 May 2026 04:11:30.000,52169899586.090835571289,-29188081.741766005754
19 May 2026 04:11:40.000,52169899586.090835571289,-29188081.741766005754
19 May 2026 04:11:50.000,52169899586.090835571289,-29188081.741766002029
19 May 2026 04:12:00.000,52169899586.090850830078,-29188081.741765994579
19 May 2026 04:12:10.000,52169899586.090835571289,-29188081.741766005754
19 May 2026 04:12:20.000,52169899586.090820312500,-29188081.741766016930
19 May 2026 04:12:30.000,52169899586.090835571289,-29188081.741766013205
19 May 2026 04:12:40.000,52169899586.090835571289,-29188081.741766005754
19 May 2026 04:12:50.000,52169899586.090835571289,-29188081.741766002029
19 May 2026 04:13:00.000,52169899586.090835571289,-29188081.741766013205
19 May 2026 04:13:10.000,52169899586.090850830078,-29188081.741765998304
19 May 2026 04:13:20.000,52169899586.090850830078,-29188081.741765998304
19 May 2026 04:13:30.000,52169899586.090835571289,-29188081.741766005754
19 May 2026 04:13:40.000,52169899586.090835571289,-29188081.741766013205
19 May 2026 04:13:50.000,52169899586.090850830078,-29188081.741765983403
19 May 2026 04:14:00.000,52169899586.090835571289,-29188081.741766005754
19 May 2026 04:14:10.000,52169899586.090850830078,-29188081.741765987128
19 May 2026 04:14:20.000,52169899586.090843200684,-29188081.741765994579
19 May 2026 04:14:30.000,52169899586.090843200684,-29188081.741765998304
19 May 2026 04:14:40.000,52169899586.090835571289,-29188081.741766002029
19 May 2026 04:14:50.000,52169899586.090850830078,-29188081.741765987128
19 May 2026 04:15:00.000,52169899586.090850830078,-29188081.741765990853
19 May 2026 04:15:10.000,52169899586.090850830078,-29188081.741765983403
19 May 2026 04:15:20.000,52169899586.090850830078,-29188081.741765987128
19 May 2026 04:15:30.000,52169899586.090850830078,-29188081.741765987128
19 May 2026 04:15:40.000,52169899586.090850830078,-29188081.741765987128
19 May 2026 04:15:50.000,52169899586.090850830078,-29188081.741765987128
19 May 2026 04:16:00.000,52169899586.090850830078,-29188081.741765987128
19 May 2026 04:16:10.000,52169899586.090858459473,-29188081.741765983403
19 May 2026 04:16:20.000,52169899586.090866088867,-29188081.741765972227
19 May 2026 04:16:30.000,52169899586.090866088867,-29188081.741765972227
19 May 2026 04:16:40.000,52169899586.090866088867,-29188081.741765975952
19 May 2026 04:16:50.000,52169899586.090858459473,-29188081.741765979677
19 May 2026 04:17:00.000,52169899586.090866088867,-29188081.741765972227
19 May 2026 04:17:10.000,52169899586.090866088867,-29188081.741765972227
19 May 2026 04:17:20.000,52169899586.090866088867,-29188081.741765972227
19 May 2026 04:17:30.000,52169899586.090866088867,-29188081.741765972227
19 May 2026 04:17:40.000,52169899586.090866088867,-29188081.741765975952
19 May 2026 04:17:50.000,52169899586.090866088867,-29188081.741765972227
19 May 2026 04:18:00.000,52169899586.090866088867,-29188081.741765975952
19 May 2026 04:18:10.000,52169899586.090858459473,-29188081.741765983403
19 May 2026 04:18:20.000,52169899586.090866088867,-29188081.741765972227
19 May 2026 04:18:30.000,52169899586.090866088867,-29188081.741765972227
19 May 2026 04:18:40.000,52169899586.090866088867,-29188081.741765972227
19 May 2026 04:18:50.000,52169899586.090881347656,-29188081.741765957326
19 May 2026 04:19:00.000,52169899586.090873718262,-29188081.741765964776
19 May 2026 04:19:10.000,52169899586.090881347656,-29188081.741765953600
19 May 2026 04:19:20.000,52169899586.090881347656,-29188081.741765957326
19 May 2026 04:19:30.000,52169899586.090881347656,-29188081.741765957326
19 May 2026 04:19:40.000,52169899586.090881347656,-29188081.741765953600
19 May 2026 04:19:50.000,52169899586.090881347656,-29188081.741765957326
19 May 2026 04:20:00.000,52169899586.090881347656,-29188081.741765946150
19 May 2026 04:20:10.000,52169899586.090881347656,-29188081.741765946150
19 May 2026 04:20:20.000,52169899586.090881347656,-29188081.741765946150
19 May 2026 04:20:30.000,52169899586.090881347656,-29188081.741765946150
19 May 2026 04:20:40.000,52169899586.090896606445,-29188081.741765938699
19 May 2026 04:20:50.000,52169899586.090896606445,-29188081.741765934974
19 May 2026 04:21:00.000,52169899586.090896606445,-29188081.741765938699
19 May 2026 04:21:10.000,52169899586.090896606445,-29188081.741765934974
19 May 2026 04:21:20.000,52169899586.090896606445,-29188081.741765938699
19 May 2026 04:21:30.000,52169899586.090896606445,-29188081.741765934974
19 May 2026 04:21:40.000,52169899586.090896606445,-29188081.741765934974
19 May 2026 04:21:50.000,52169899586.090881347656,-29188081.741765946150
19 May 2026 04:22:00.000,52169899586.090881347656,-29188081.741765957326
19 May 2026 04:22:10.000,52169899586.090881347656,-29188081.741765957326
19 May 2026 04:22:20.000,52169899586.090881347656,-29188081.741765957326
19 May 2026 04:22:30.000,52169899586.090896606445,-29188081.741765942425
19 May 2026 04:22:40.000,52169899586.090888977051,-29188081.741765953600
19 May 2026 04:22:50.000,52169899586.090888977051,-29188081.741765953600
19 May 2026 04:23:00.000,52169899586.090896606445,-29188081.741765942425
19 May 2026 04:23:10.000,52169899586.090911865234,-29188081.741765931249
19 May 2026 04:23:20.000,52169899586.090896606445,-29188081.741765942425
19 May 2026 04:23:30.000,52169899586.090896606445,-29188081.741765934974
19 May 2026 04:23:40.000,52169899586.090896606445,-29188081.741765934974
19 May 2026 04:23:50.000,52169899586.090888977051,-29188081.741765953600
19 May 2026 04:24:00.000,52169899586.090896606445,-29188081.741765934974
19 May 2026 04:24:10.000,52169899586.090888977051,-29188081.741765953600
19 May 2026 04:24:20.000,52169899586.090896606445,-29188081.741765938699
19 May 2026 04:24:30.000,52169899586.090896606445,-29188081.741765942425
19 May 2026 04:24:40.000,52169899586.090896606445,-29188081.741765942425
19 May 2026 04:24:50.000,52169899586.090896606445,-29188081.741765934974
19 May 2026 04:25:00.000,52169899586.090896606445,-29188081.741765934974
19 May 2026 04:25:10.000,52169899586.090881347656,-29188081.741765946150
19 May 2026 04:25:20.000,52169899586.090881347656,-29188081.741765953600
19 May 2026 04:25:30.000,52169899586.090881347656,-29188081.741765961051
19 May 2026 04:25:40.000,52169899586.090881347656,-29188081.741765953600
19 May 2026 04:25:50.000,52169899586.090881347656,-29188081.741765961051
19 May 2026 04:26:00.000,52169899586.090881347656,-29188081.741765961051
19 May 2026 04:26:10.000,52169899586.090873718262,-29188081.741765964776
19 May 2026 04:26:20.000,52169899586.090881347656,-29188081.741765961051
19 May 2026 04:26:30.000,52169899586.090873718262,-29188081.741765961051
19 May 2026 04:26:40.000,52169899586.090873718262,-29188081.741765961051
19 May 2026 04:26:50.000,52169899586.090866088867,-29188081.741765968502
19 May 2026 04:27:00.000,52169899586.090866088867,-29188081.741765972227
19 May 2026 04:27:10.000,52169899586.090866088867,-29188081.741765972227
19 May 2026 04:27:20.000,52169899586.090866088867,-29188081.741765972227
19 May 2026 04:27:30.000,52169899586.090866088867,-29188081.741765972227
19 May 2026 04:27:40.000,52169899586.090873718262,-29188081.741765961051
19 May 2026 04:27:50.000,52169899586.090866088867,-29188081.741765972227
19 May 2026 04:28:00.000,52169899586.090866088867,-29188081.741765972227
19 May 2026 04:28:10.000,52169899586.090866088867,-29188081.741765972227
19 May 2026 04:28:20.000,52169899586.090873718262,-29188081.741765961051
19 May 2026 04:28:30.000,52169899586.090866088867,-29188081.741765972227
19 May 2026 04:28:40.000,52169899586.090866088867,-29188081.741765972227
19 May 2026 04:28:50.000,52169899586.090873718262,-29188081.741765964776
19 May 2026 04:29:00.000,52169899586.090866088867,-29188081.741765975952
19 May 2026 04:29:10.000,52169899586.090873718262,-29188081.741765964776
19 May 2026 04:29:20.000,52169899586.090881347656,-29188081.741765953600
19 May 2026 04:29:30.000,52169899586.090873718262,-29188081.741765964776
19 May 2026 04:29:40.000,52169899586.090873718262,-29188081.741765964776
19 May 2026 04:29:50.000,52169899586.090873718262,-29188081.741765964776
19 May 2026 04:30:00.000,52169899586.090873718262,-29188081.741765961051
19 May 2026 04:30:10.000,52169899586.090881347656,-29188081.741765961051
19 May 2026 04:30:20.000,52169899586.090881347656,-29188081.741765961051
19 May 2026 04:30:30.000,52169899586.090873718262,-29188081.741765964776
19 May 2026 04:30:40.000,52169899586.090881347656,-29188081.741765961051
19 May 2026 04:30:50.000,52169899586.090881347656,-29188081.741765957326
19 May 2026 04:31:00.000,52169899586.090881347656,-29188081.741765953600
19 May 2026 04:31:10.000,52169899586.090881347656,-29188081.741765961051
19 May 2026 04:31:20.000,52169899586.090881347656,-29188081.741765961051
19 May 2026 04:31:30.000,52169899586.090881347656,-29188081.741765957326
19 May 2026 04:31:40.000,52169899586.090881347656,-29188081.741765957326
19 May 2026 04:31:50.000,52169899586.090881347656,-29188081.741765953600
19 May 2026 04:32:00.000,52169899586.090881347656,-29188081.741765961051
19 May 2026 04:32:10.000,52169899586.090881347656,-29188081.741765961051
19 May 2026 04:32:20.000,52169899586.090881347656,-29188081.741765957326
19 May 2026 04:32:30.000,52169899586.090881347656,-29188081.741765957326
19 May 2026 04:32:40.000,52169899586.090881347656,-29188081.741765961051
19 May 2026 04:32:50.000,52169899586.090881347656,-29188081.741765957326
19 May 2026 04:33:00.000,52169899586.090881347656,-29188081.741765961051
19 May 2026 04:33:10.000,52169899586.090881347656,-29188081.741765957326
19 May 2026 04:33:20.000,52169899586.090881347656,-29188081.741765961051
19 May 2026 04:33:30.000,52169899586.090881347656,-29188081.741765961051
19 May 2026 04:33:40.000,52169899586.090873718262,-29188081.741765964776
19 May 2026 04:33:50.000,52169899586.090873718262,-29188081.741765961051
19 May 2026 04:34:00.000,52169899586.090873718262,-29188081.741765964776
19 May 2026 04:34:10.000,52169899586.090881347656,-29188081.741765946150
19 May 2026 04:34:20.000,52169899586.090873718262,-29188081.741765964776
19 May 2026 04:34:30.000,52169899586.090873718262,-29188081.741765961051
19 May 2026 04:34:40.000,52169899586.090881347656,-29188081.741765957326
19 May 2026 04:34:50.000,52169899586.090881347656,-29188081.741765957326
19 May 2026 04:35:00.000,52169899586.090881347656,-29188081.741765953600
19 May 2026 04:35:10.000,52169899586.090881347656,-29188081.741765957326
19 May 2026 04:35:20.000,52169899586.090881347656,-29188081.741765953600
19 May 2026 04:35:30.000,52169899586.090881347656,-29188081.741765953600
19 May 2026 04:35:40.000,52169899586.090881347656,-29188081.741765953600
19 May 2026 04:35:50.000,52169899586.090881347656,-29188081.741765953600
19 May 2026 04:36:00.000,52169899586.090881347656,-29188081.741765957326
19 May 2026 04:36:10.000,52169899586.090881347656,-29188081.741765953600
19 May 2026 04:36:20.000,52169899586.090873718262,-29188081.741765968502
19 May 2026 04:36:30.000,52169899586.090873718262,-29188081.741765964776
19 May 2026 04:36:40.000,52169899586.090881347656,-29188081.741765957326
19 May 2026 04:36:50.000,52169899586.090881347656,-29188081.741765946150
19 May 2026 04:37:00.000,52169899586.090896606445,-29188081.741765938699
19 May 2026 04:37:10.000,52169899586.090896606445,-29188081.741765942425
19 May 2026 04:37:20.000,52169899586.090896606445,-29188081.741765942425
19 May 2026 04:37:30.000,52169899586.090896606445,-29188081.741765942425
19 May 2026 04:37:40.000,52169899586.090881347656,-29188081.741765957326
19 May 2026 04:37:50.000,52169899586.090881347656,-29188081.741765953600
19 May 2026 04:38:00.000,52169899586.090881347656,-29188081.741765953600
19 May 2026 04:38:10.000,52169899586.090881347656,-29188081.741765946150
19 May 2026 04:38:20.000,52169899586.090896606445,-29188081.741765938699
19 May 2026 04:38:30.000,52169899586.090896606445,-29188081.741765938699
19 May 2026 04:38:40.000,52169899586.090896606445,-29188081.741765934974
19 May 2026 04:38:50.000,52169899586.090881347656,-29188081.741765953600
19 May 2026 04:39:00.000,52169899586.090881347656,-29188081.741765961051
19 May 2026 04:39:10.000,52169899586.090881347656,-29188081.741765961051
19 May 2026 04:39:20.000,52169899586.090881347656,-29188081.741765946150
19 May 2026 04:39:30.000,52169899586.090881347656,-29188081.741765953600
19 May 2026 04:39:40.000,52169899586.090881347656,-29188081.741765946150
19 May 2026 04:39:50.000,52169899586.090881347656,-29188081.741765961051
19 May 2026 04:40:00.000,52169899586.090881347656,-29188081.741765961051
19 May 2026 04:40:10.000,52169899586.090881347656,-29188081.741765961051
19 May 2026 04:40:20.000,52169899586.090881347656,-29188081.741765953600
19 May 2026 04:40:30.000,52169899586.090881347656,-29188081.741765961051
19 May 2026 04:40:40.000,52169899586.090881347656,-29188081.741765961051
19 May 2026 04:40:50.000,52169899586.090881347656,-29188081.741765961051
19 May 2026 04:41:00.000,52169899586.090881347656,-29188081.741765953600
19 May 2026 04:41:10.000,52169899586.090873718262,-29188081.741765968502
19 May 2026 04:41:20.000,52169899586.090873718262,-29188081.741765961051
19 May 2026 04:41:30.000,52169899586.090873718262,-29188081.741765964776
19 May 2026 04:41:40.000,52169899586.090866088867,-29188081.741765972227
19 May 2026 04:41:50.000,52169899586.090866088867,-29188081.741765979677
19 May 2026 04:42:00.000,52169899586.090858459473,-29188081.741765983403
19 May 2026 04:42:10.000,52169899586.090866088867,-29188081.741765972227
19 May 2026 04:42:20.000,52169899586.090858459473,-29188081.741765983403
19 May 2026 04:42:30.000,52169899586.090858459473,-29188081.741765983403
19 May 2026 04:42:40.000,52169899586.090866088867,-29188081.741765972227
19 May 2026 04:42:50.000,52169899586.090866088867,-29188081.741765975952
19 May 2026 04:43:00.000,52169899586.090866088867,-29188081.741765972227
19 May 2026 04:43:10.000,52169899586.090866088867,-29188081.741765972227
19 May 2026 04:43:20.000,52169899586.090873718262,-29188081.741765964776
19 May 2026 04:43:30.000,52169899586.090873718262,-29188081.741765964776
19 May 2026 04:43:40.000,52169899586.090866088867,-29188081.741765972227
19 May 2026 04:43:50.000,52169899586.090866088867,-29188081.741765975952
19 May 2026 04:44:00.000,52169899586.090866088867,-29188081.741765972227
19 May 2026 04:44:10.000,52169899586.090866088867,-29188081.741765975952
19 May 2026 04:44:20.000,52169899586.090873718262,-29188081.741765964776
19 May 2026 04:44:30.000,52169899586.090881347656,-29188081.741765946150
19 May 2026 04:44:40.000,52169899586.090873718262,-29188081.741765964776
19 May 2026 04:44:50.000,52169899586.090881347656,-29188081.741765953600
19 May 2026 04:45:00.000,52169899586.090881347656,-29188081.741765953600
19 May 2026 04:45:10.000,52169899586.090873718262,-29188081.741765964776
19 May 2026 04:45:20.000,52169899586.090881347656,-29188081.741765953600
19 May 2026 04:45:30.000,52169899586.090873718262,-29188081.741765968502
19 May 2026 04:45:40.000,52169899586.090881347656,-29188081.741765957326
19 May 2026 04:45:50.000,52169899586.090881347656,-29188081.741765957326
19 May 2026 04:46:00.000,52169899586.090881347656,-29188081.741765957326
19 May 2026 04:46:10.000,52169899586.090881347656,-29188081.741765946150
19 May 2026 04:46:20.000,52169899586.090881347656,-29188081.741765953600
19 May 2026 04:46:30.000,52169899586.090896606445,-29188081.741765938699
19 May 2026 04:46:40.000,52169899586.090896606445,-29188081.741765938699
19 May 2026 04:46:50.000,52169899586.090896606445,-29188081.741765938699
19 May 2026 04:47:00.000,52169899586.090896606445,-29188081.741765938699
19 May 2026 04:47:10.000,52169899586.090911865234,-29188081.741765927523
19 May 2026 04:47:20.000,52169899586.090896606445,-29188081.741765938699
19 May 2026 04:47:30.000,52169899586.090896606445,-29188081.741765934974
19 May 2026 04:47:40.000,52169899586.090896606445,-29188081.741765938699
19 May 2026 04:47:50.000,52169899586.090896606445,-29188081.741765934974
19 May 2026 04:48:00.000,52169899586.090896606445,-29188081.741765942425
19 May 2026 04:48:10.000,52169899586.090896606445,-29188081.741765934974
19 May 2026 04:48:20.000,52169899586.090881347656,-29188081.741765953600
19 May 2026 04:48:30.000,52169899586.090896606445,-29188081.741765942425
19 May 2026 04:48:40.000,52169899586.090904235840,-29188081.741765927523
19 May 2026 04:48:50.000,52169899586.090904235840,-29188081.741765934974
19 May 2026 04:49:00.000,52169899586.090896606445,-29188081.741765938699
19 May 2026 04:49:10.000,52169899586.090904235840,-29188081.741765931249
19 May 2026 04:49:20.000,52169899586.090911865234,-29188081.741765927523
19 May 2026 04:49:30.000,52169899586.090911865234,-29188081.741765923798
19 May 2026 04:49:40.000,52169899586.090904235840,-29188081.741765934974
19 May 2026 04:49:50.000,52169899586.090904235840,-29188081.741765927523
19 May 2026 04:50:00.000,52169899586.090904235840,-29188081.741765931249
19 May 2026 04:50:10.000,52169899586.090911865234,-29188081.741765927523
19 May 2026 04:50:20.000,52169899586.090911865234,-29188081.741765923798
19 May 2026 04:50:30.000,52169899586.090911865234,-29188081.741765923798
19 May 2026 04:50:40.000,52169899586.090896606445,-29188081.741765938699
19 May 2026 04:50:50.000,52169899586.090896606445,-29188081.741765938699
19 May 2026 04:51:00.000,52169899586.090896606445,-29188081.741765931249
19 May 2026 04:51:10.000,52169899586.090896606445,-29188081.741765942425
19 May 2026 04:51:20.000,52169899586.090911865234,-29188081.741765927523
19 May 2026 04:51:30.000,52169899586.090911865234,-29188081.741765923798
19 May 2026 04:51:40.000,52169899586.090911865234,-29188081.741765923798
19 May 2026 04:51:50.000,52169899586.090911865234,-29188081.741765923798
19 May 2026 04:52:00.000,52169899586.090911865234,-29188081.741765920073
19 May 2026 04:52:10.000,52169899586.090911865234,-29188081.741765920073
19 May 2026 04:52:20.000,52169899586.090911865234,-29188081.741765923798
19 May 2026 04:52:30.000,52169899586.090911865234,-29188081.741765920073
19 May 2026 04:52:40.000,52169899586.090911865234,-29188081.741765920073
19 May 2026 04:52:50.000,52169899586.090911865234,-29188081.741765923798
19 May 2026 04:53:00.000,52169899586.090911865234,-29188081.741765923798
19 May 2026 04:53:10.000,52169899586.090911865234,-29188081.741765920073
19 May 2026 04:53:20.000,52169899586.090911865234,-29188081.741765920073
19 May 2026 04:53:30.000,52169899586.090911865234,-29188081.741765920073
19 May 2026 04:53:40.000,52169899586.090911865234,-29188081.741765923798
19 May 2026 04:53:50.000,52169899586.090904235840,-29188081.741765931249
19 May 2026 04:54:00.000,52169899586.090904235840,-29188081.741765927523
19 May 2026 04:54:10.000,52169899586.090911865234,-29188081.741765920073
19 May 2026 04:54:20.000,52169899586.090911865234,-29188081.741765923798
19 May 2026 04:54:30.000,52169899586.090911865234,-29188081.741765920073
19 May 2026 04:54:40.000,52169899586.090927124023,-29188081.741765905172
19 May 2026 04:54:50.000,52169899586.090927124023,-29188081.741765905172
19 May 2026 04:55:00.000,52169899586.090911865234,-29188081.741765916348
19 May 2026 04:55:10.000,52169899586.090911865234,-29188081.741765920073
19 May 2026 04:55:20.000,52169899586.090927124023,-29188081.741765905172
19 May 2026 04:55:30.000,52169899586.090911865234,-29188081.741765923798
19 May 2026 04:55:40.000,52169899586.090927124023,-29188081.741765908897
19 May 2026 04:55:50.000,52169899586.090927124023,-29188081.741765905172
19 May 2026 04:56:00.000,52169899586.090919494629,-29188081.741765908897
19 May 2026 04:56:10.000,52169899586.090911865234,-29188081.741765920073
19 May 2026 04:56:20.000,52169899586.090911865234,-29188081.741765920073
19 May 2026 04:56:30.000,52169899586.090911865234,-29188081.741765920073
19 May 2026 04:56:40.000,52169899586.090911865234,-29188081.741765923798
19 May 2026 04:56:50.000,52169899586.090927124023,-29188081.741765908897
19 May 2026 04:57:00.000,52169899586.090927124023,-29188081.741765905172
19 May 2026 04:57:10.000,52169899586.090934753418,-29188081.741765901446
19 May 2026 04:57:20.000,52169899586.090934753418,-29188081.741765897721
19 May 2026 04:57:30.000,52169899586.090934753418,-29188081.741765890270
19 May 2026 04:57:40.000,52169899586.090934753418,-29188081.741765901446
19 May 2026 04:57:50.000,52169899586.090934753418,-29188081.741765886545
19 May 2026 04:58:00.000,52169899586.090934753418,-29188081.741765897721
19 May 2026 04:58:10.000,52169899586.090934753418,-29188081.741765897721
19 May 2026 04:58:20.000,52169899586.090934753418,-29188081.741765897721
19 May 2026 04:58:30.000,52169899586.090934753418,-29188081.741765886545
19 May 2026 04:58:40.000,52169899586.090934753418,-29188081.741765886545
19 May 2026 04:58:50.000,52169899586.090934753418,-29188081.741765901446
19 May 2026 04:59:00.000,52169899586.090934753418,-29188081.741765901446
19 May 2026 04:59:10.000,52169899586.090934753418,-29188081.741765897721
19 May 2026 04:59:20.000,52169899586.090934753418,-29188081.741765890270
19 May 2026 04:59:30.000,52169899586.090934753418,-29188081.741765890270
19 May 2026 04:59:40.000,52169899586.090934753418,-29188081.741765886545
19 May 2026 04:59:50.000,52169899586.090934753418,-29188081.741765901446
19 May 2026 05:00:00.000,52169899586.090934753418,-29188081.741765897721
19 May 2026 05:00:10.000,52169899586.090934753418,-29188081.741765901446
19 May 2026 05:00:20.000,52169899586.090934753418,-29188081.741765886545
19 May 2026 05:00:30.000,52169899586.090934753418,-29188081.741765886545
19 May 2026 05:00:40.000,52169899586.090934753418,-29188081.741765890270
19 May 2026 05:00:50.000,52169899586.090934753418,-29188081.741765897721
19 May 2026 05:01:00.000,52169899586.090934753418,-29188081.741765897721
19 May 2026 05:01:10.000,52169899586.090934753418,-29188081.741765890270
19 May 2026 05:01:20.000,52169899586.090934753418,-29188081.741765890270
19 May 2026 05:01:30.000,52169899586.090934753418,-29188081.741765901446
19 May 2026 05:01:40.000,52169899586.090942382812,-29188081.741765882820
19 May 2026 05:01:50.000,52169899586.090934753418,-29188081.741765886545
19 May 2026 05:02:00.000,52169899586.090934753418,-29188081.741765886545
19 May 2026 05:02:10.000,52169899586.090934753418,-29188081.741765890270
19 May 2026 05:02:20.000,52169899586.090950012207,-29188081.741765879095
19 May 2026 05:02:30.000,52169899586.090934753418,-29188081.741765897721
19 May 2026 05:02:40.000,52169899586.090950012207,-29188081.741765871644
19 May 2026 05:02:50.000,52169899586.090934753418,-29188081.741765886545
19 May 2026 05:03:00.000,52169899586.090934753418,-29188081.741765901446
19 May 2026 05:03:10.000,52169899586.090934753418,-29188081.741765897721
19 May 2026 05:03:20.000,52169899586.090934753418,-29188081.741765901446
19 May 2026 05:03:30.000,52169899586.090934753418,-29188081.741765897721
19 May 2026 05:03:40.000,52169899586.090942382812,-29188081.741765882820
19 May 2026 05:03:50.000,52169899586.090942382812,-29188081.741765882820
19 May 2026 05:04:00.000,52169899586.090942382812,-29188081.741765886545
19 May 2026 05:04:10.000,52169899586.090950012207,-29188081.741765879095
19 May 2026 05:04:20.000,52169899586.090950012207,-29188081.741765879095
19 May 2026 05:04:30.000,52169899586.090950012207,-29188081.741765875369
19 May 2026 05:04:40.000,52169899586.090950012207,-29188081.741765871644
19 May 2026 05:04:50.000,52169899586.090950012207,-29188081.741765875369
19 May 2026 05:05:00.000,52169899586.090950012207,-29188081.741765875369
19 May 2026 05:05:10.000,52169899586.090965270996,-29188081.741765860468
19 May 2026 05:05:20.000,52169899586.090965270996,-29188081.741765860468
19 May 2026 05:05:30.000,52169899586.090965270996,-29188081.741765856743
19 May 2026 05:05:40.000,52169899586.090965270996,-29188081.741765856743
19 May 2026 05:05:50.000,52169899586.090965270996,-29188081.741765856743
19 May 2026 05:06:00.000,52169899586.090965270996,-29188081.741765856743
19 May 2026 05:06:10.000,52169899586.090965270996,-29188081.741765860468
19 May 2026 05:06:20.000,52169899586.090950012207,-29188081.741765871644
19 May 2026 05:06:30.000,52169899586.090950012207,-29188081.741765871644
19 May 2026 05:06:40.000,52169899586.090965270996,-29188081.741765856743
19 May 2026 05:06:50.000,52169899586.090950012207,-29188081.741765871644
19 May 2026 05:07:00.000,52169899586.090950012207,-29188081.741765875369
19 May 2026 05:07:10.000,52169899586.090965270996,-29188081.741765856743
19 May 2026 05:07:20.000,52169899586.090950012207,-29188081.741765871644
19 May 2026 05:07:30.000,52169899586.090950012207,-29188081.741765875369
19 May 2026 05:07:40.000,52169899586.090950012207,-29188081.741765875369
19 May 2026 05:07:50.000,52169899586.090950012207,-29188081.741765875369
19 May 2026 05:08:00.000,52169899586.090950012207,-29188081.741765871644
19 May 2026 05:08:10.000,52169899586.090950012207,-29188081.741765867919
19 May 2026 05:08:20.000,52169899586.090950012207,-29188081.741765875369
19 May 2026 05:08:30.000,52169899586.090950012207,-29188081.741765875369
19 May 2026 05:08:40.000,52169899586.090950012207,-29188081.741765871644
19 May 2026 05:08:50.000,52169899586.090942382812,-29188081.741765886545
19 May 2026 05:09:00.000,52169899586.090942382812,-29188081.741765882820
19 May 2026 05:09:10.000,52169899586.090950012207,-29188081.741765875369
19 May 2026 05:09:20.000,52169899586.090934753418,-29188081.741765897721
19 May 2026 05:09:30.000,52169899586.090934753418,-29188081.741765897721
19 May 2026 05:09:40.000,52169899586.090942382812,-29188081.741765886545
19 May 2026 05:09:50.000,52169899586.090934753418,-29188081.741765897721
19 May 2026 05:10:00.000,52169899586.090934753418,-29188081.741765897721
19 May 2026 05:10:10.000,52169899586.090942382812,-29188081.741765886545
19 May 2026 05:10:20.000,52169899586.090934753418,-29188081.741765897721
19 May 2026 05:10:30.000,52169899586.090934753418,-29188081.741765901446
19 May 2026 05:10:40.000,52169899586.090934753418,-29188081.741765897721
19 May 2026 05:10:50.000,52169899586.090942382812,-29188081.741765890270
19 May 2026 05:11:00.000,52169899586.090934753418,-29188081.741765901446
19 May 2026 05:11:10.000,52169899586.090942382812,-29188081.741765886545
19 May 2026 05:11:20.000,52169899586.090934753418,-29188081.741765905172
19 May 2026 05:11:30.000,52169899586.090934753418,-29188081.741765897721
19 May 2026 05:11:40.000,52169899586.090934753418,-29188081.741765901446
19 May 2026 05:11:50.000,52169899586.090934753418,-29188081.741765897721
19 May 2026 05:12:00.000,52169899586.090934753418,-29188081.741765901446
19 May 2026 05:12:10.000,52169899586.090934753418,-29188081.741765897721
19 May 2026 05:12:20.000,52169899586.090934753418,-29188081.741765897721
19 May 2026 05:12:30.000,52169899586.090934753418,-29188081.741765897721
19 May 2026 05:12:40.000,52169899586.090919494629,-29188081.741765908897
19 May 2026 05:12:50.000,52169899586.090911865234,-29188081.741765916348
19 May 2026 05:13:00.000,52169899586.090904235840,-29188081.741765934974
19 May 2026 05:13:10.000,52169899586.090911865234,-29188081.741765916348
19 May 2026 05:13:20.000,52169899586.090911865234,-29188081.741765920073
19 May 2026 05:13:30.000,52169899586.090911865234,-29188081.741765916348
19 May 2026 05:13:40.000,52169899586.090911865234,-29188081.741765916348
19 May 2026 05:13:50.000,52169899586.090911865234,-29188081.741765923798
19 May 2026 05:14:00.000,52169899586.090919494629,-29188081.741765920073
19 May 2026 05:14:10.000,52169899586.090911865234,-29188081.741765920073
19 May 2026 05:14:20.000,52169899586.090934753418,-29188081.741765897721
19 May 2026 05:14:30.000,52169899586.090927124023,-29188081.741765908897
19 May 2026 05:14:40.000,52169899586.090911865234,-29188081.741765920073
19 May 2026 05:14:50.000,52169899586.090911865234,-29188081.741765920073
19 May 2026 05:15:00.000,52169899586.090911865234,-29188081.741765920073
19 May 2026 05:15:10.000,52169899586.090911865234,-29188081.741765920073
19 May 2026 05:15:20.000,52169899586.090911865234,-29188081.741765920073
19 May 2026 05:15:30.000,52169899586.090911865234,-29188081.741765916348
19 May 2026 05:15:40.000,52169899586.090911865234,-29188081.741765920073
19 May 2026 05:15:50.000,52169899586.090911865234,-29188081.741765920073
19 May 2026 05:16:00.000,52169899586.090904235840,-29188081.741765931249
19 May 2026 05:16:10.000,52169899586.090911865234,-29188081.741765920073
19 May 2026 05:16:20.000,52169899586.090911865234,-29188081.741765923798
19 May 2026 05:16:30.000,52169899586.090911865234,-29188081.741765923798
19 May 2026 05:16:40.000,52169899586.090919494629,-29188081.741765908897
19 May 2026 05:16:50.000,52169899586.090911865234,-29188081.741765920073
19 May 2026 05:17:00.000,52169899586.090911865234,-29188081.741765920073
19 May 2026 05:17:10.000,52169899586.090911865234,-29188081.741765920073
19 May 2026 05:17:20.000,52169899586.090927124023,-29188081.741765905172
19 May 2026 05:17:30.000,52169899586.090911865234,-29188081.741765920073
19 May 2026 05:17:40.000,52169899586.090927124023,-29188081.741765905172
19 May 2026 05:17:50.000,52169899586.090934753418,-29188081.741765901446
19 May 2026 05:18:00.000,52169899586.090934753418,-29188081.741765901446
19 May 2026 05:18:10.000,52169899586.090927124023,-29188081.741765905172
19 May 2026 05:18:20.000,52169899586.090934753418,-29188081.741765901446
19 May 2026 05:18:30.000,52169899586.090934753418,-29188081.741765897721
19 May 2026 05:18:40.000,52169899586.090911865234,-29188081.741765923798
19 May 2026 05:18:50.000,52169899586.090927124023,-29188081.741765905172
19 May 2026 05:19:00.000,52169899586.090919494629,-29188081.741765912622
19 May 2026 05:19:10.000,52169899586.090919494629,-29188081.741765916348
19 May 2026 05:19:20.000,52169899586.090919494629,-29188081.741765916348
19 May 2026 05:19:30.000,52169899586.090911865234,-29188081.741765920073
19 May 2026 05:19:40.000,52169899586.090911865234,-29188081.741765916348
19 May 2026 05:19:50.000,52169899586.090934753418,-29188081.741765905172
19 May 2026 05:20:00.000,52169899586.090927124023,-29188081.741765905172
19 May 2026 05:20:10.000,52169899586.090934753418,-29188081.741765905172
19 May 2026 05:20:20.000,52169899586.090927124023,-29188081.741765905172
19 May 2026 05:20:30.000,52169899586.090927124023,-29188081.741765908897
19 May 2026 05:20:40.000,52169899586.090919494629,-29188081.741765916348
19 May 2026 05:20:50.000,52169899586.090919494629,-29188081.741765912622
19 May 2026 05:21:00.000,52169899586.090911865234,-29188081.741765923798
19 May 2026 05:21:10.000,52169899586.090911865234,-29188081.741765920073
19 May 2026 05:21:20.000,52169899586.090911865234,-29188081.741765923798
19 May 2026 05:21:30.000,52169899586.090911865234,-29188081.741765920073
19 May 2026 05:21:40.000,52169899586.090911865234,-29188081.741765920073
19 May 2026 05:21:50.000,52169899586.090904235840,-29188081.741765931249
19 May 2026 05:22:00.000,52169899586.090904235840,-29188081.741765934974
19 May 2026 05:22:10.000,52169899586.090911865234,-29188081.741765916348
19 May 2026 05:22:20.000,52169899586.090911865234,-29188081.741765920073
19 May 2026 05:22:30.000,52169899586.090927124023,-29188081.741765908897
19 May 2026 05:22:40.000,52169899586.090904235840,-29188081.741765927523
19 May 2026 05:22:50.000,52169899586.090911865234,-29188081.741765920073
19 May 2026 05:23:00.000,52169899586.090911865234,-29188081.741765923798
19 May 2026 05:23:10.000,52169899586.090911865234,-29188081.741765923798
19 May 2026 05:23:20.000,52169899586.090911865234,-29188081.741765923798
19 May 2026 05:23:30.000,52169899586.090911865234,-29188081.741765920073
19 May 2026 05:23:40.000,52169899586.090911865234,-29188081.741765920073
19 May 2026 05:23:50.000,52169899586.090911865234,-29188081.741765920073
19 May 2026 05:24:00.000,52169899586.090911865234,-29188081.741765920073
19 May 2026 05:24:10.000,52169899586.090927124023,-29188081.741765908897
19 May 2026 05:24:20.000,52169899586.090934753418,-29188081.741765897721
19 May 2026 05:24:30.000,52169899586.090934753418,-29188081.741765897721
19 May 2026 05:24:40.000,52169899586.090934753418,-29188081.741765901446
19 May 2026 05:24:50.000,52169899586.090934753418,-29188081.741765897721
19 May 2026 05:25:00.000,52169899586.090927124023,-29188081.741765908897
19 May 2026 05:25:10.000,52169899586.090934753418,-29188081.741765901446
19 May 2026 05:25:20.000,52169899586.090934753418,-29188081.741765897721
19 May 2026 05:25:30.000,52169899586.090934753418,-29188081.741765890270
19 May 2026 05:25:40.000,52169899586.090934753418,-29188081.741765897721
19 May 2026 05:25:50.000,52169899586.090927124023,-29188081.741765901446
19 May 2026 05:26:00.000,52169899586.090927124023,-29188081.741765905172
19 May 2026 05:26:10.000,52169899586.090934753418,-29188081.741765890270
19 May 2026 05:26:20.000,52169899586.090927124023,-29188081.741765905172
19 May 2026 05:26:30.000,52169899586.090927124023,-29188081.741765905172
19 May 2026 05:26:40.000,52169899586.090934753418,-29188081.741765897721
19 May 2026 05:26:50.000,52169899586.090927124023,-29188081.741765912622
19 May 2026 05:27:00.000,52169899586.090934753418,-29188081.741765901446
19 May 2026 05:27:10.000,52169899586.090927124023,-29188081.741765912622
19 May 2026 05:27:20.000,52169899586.090934753418,-29188081.741765901446
19 May 2026 05:27:30.000,52169899586.090927124023,-29188081.741765908897
19 May 2026 05:27:40.000,52169899586.090927124023,-29188081.741765905172
19 May 2026 05:27:50.000,52169899586.090927124023,-29188081.741765908897
19 May 2026 05:28:00.000,52169899586.090927124023,-29188081.741765905172
19 May 2026 05:28:10.000,52169899586.090927124023,-29188081.741765908897
19 May 2026 05:28:20.000,52169899586.090919494629,-29188081.741765908897
19 May 2026 05:28:30.000,52169899586.090927124023,-29188081.741765905172
19 May 2026 05:28:40.000,52169899586.090927124023,-29188081.741765912622
19 May 2026 05:28:50.000,52169899586.090934753418,-29188081.741765901446
19 May 2026 05:29:00.000,52169899586.090934753418,-29188081.741765901446
19 May 2026 05:29:10.000,52169899586.090934753418,-29188081.741765897721
19 May 2026 05:29:20.000,52169899586.090911865234,-29188081.741765920073
19 May 2026 05:29:30.000,52169899586.090927124023,-29188081.741765908897
19 May 2026 05:29:40.000,52169899586.090911865234,-29188081.741765916348
19 May 2026 05:29:50.000,52169899586.090911865234,-29188081.741765923798
19 May 2026 05:30:00.000,52169899586.090911865234,-29188081.741765920073
19 May 2026 05:30:10.000,52169899586.090911865234,-29188081.741765920073
19 May 2026 05:30:20.000,52169899586.090911865234,-29188081.741765920073
19 May 2026 05:30:30.000,52169899586.090904235840,-29188081.741765934974
19 May 2026 05:30:40.000,52169899586.090904235840,-29188081.741765931249
19 May 2026 05:30:50.000,52169899586.090904235840,-29188081.741765931249
19 May 2026 05:31:00.000,52169899586.090904235840,-29188081.741765931249
19 May 2026 05:31:10.000,52169899586.090911865234,-29188081.741765923798
19 May 2026 05:31:20.000,52169899586.090911865234,-29188081.741765920073
19 May 2026 05:31:30.000,52169899586.090911865234,-29188081.741765920073
19 May 2026 05:31:40.000,52169899586.090911865234,-29188081.741765920073
19 May 2026 05:31:50.000,52169899586.090911865234,-29188081.741765920073
19 May 2026 05:32:00.000,52169899586.090911865234,-29188081.741765923798
19 May 2026 05:32:10.000,52169899586.090911865234,-29188081.741765923798
19 May 2026 05:32:20.000,52169899586.090911865234,-29188081.741765916348
19 May 2026 05:32:30.000,52169899586.090911865234,-29188081.741765920073
19 May 2026 05:32:40.000,52169899586.090904235840,-29188081.741765931249
19 May 2026 05:32:50.000,52169899586.090904235840,-29188081.741765931249
19 May 2026 05:33:00.000,52169899586.090904235840,-29188081.741765931249
19 May 2026 05:33:10.000,52169899586.090896606445,-29188081.741765942425
19 May 2026 05:33:20.000,52169899586.090896606445,-29188081.741765938699
19 May 2026 05:33:30.000,52169899586.090896606445,-29188081.741765938699
19 May 2026 05:33:40.000,52169899586.090896606445,-29188081.741765942425
19 May 2026 05:33:50.000,52169899586.090888977051,-29188081.741765946150
19 May 2026 05:34:00.000,52169899586.090896606445,-29188081.741765934974
19 May 2026 05:34:10.000,52169899586.090896606445,-29188081.741765934974
19 May 2026 05:34:20.000,52169899586.090896606445,-29188081.741765942425
19 May 2026 05:34:30.000,52169899586.090896606445,-29188081.741765942425
19 May 2026 05:34:40.000,52169899586.090896606445,-29188081.741765942425
19 May 2026 05:34:50.000,52169899586.090911865234,-29188081.741765920073
19 May 2026 05:35:00.000,52169899586.090911865234,-29188081.741765920073
19 May 2026 05:35:10.000,52169899586.090911865234,-29188081.741765920073
19 May 2026 05:35:20.000,52169899586.090904235840,-29188081.741765931249
19 May 2026 05:35:30.000,52169899586.090896606445,-29188081.741765938699
19 May 2026 05:35:40.000,52169899586.090904235840,-29188081.741765931249
19 May 2026 05:35:50.000,52169899586.090904235840,-29188081.741765927523
19 May 2026 05:36:00.000,52169899586.090904235840,-29188081.741765927523
19 May 2026 05:36:10.000,52169899586.090896606445,-29188081.741765942425
19 May 2026 05:36:20.000,52169899586.090881347656,-29188081.741765957326
19 May 2026 05:36:30.000,52169899586.090896606445,-29188081.741765942425
19 May 2026 05:36:40.000,52169899586.090888977051,-29188081.741765946150
19 May 2026 05:36:50.000,52169899586.090881347656,-29188081.741765953600
19 May 2026 05:37:00.000,52169899586.090896606445,-29188081.741765938699
19 May 2026 05:37:10.000,52169899586.090896606445,-29188081.741765942425
19 May 2026 05:37:20.000,52169899586.090881347656,-29188081.741765953600
19 May 2026 05:37:30.000,52169899586.090881347656,-29188081.741765961051
19 May 2026 05:37:40.000,52169899586.090881347656,-29188081.741765957326
19 May 2026 05:37:50.000,52169899586.090881347656,-29188081.741765957326
19 May 2026 05:38:00.000,52169899586.090881347656,-29188081.741765961051
19 May 2026 05:38:10.000,52169899586.090881347656,-29188081.741765961051
19 May 2026 05:38:20.000,52169899586.090881347656,-29188081.741765957326
19 May 2026 05:38:30.000,52169899586.090881347656,-29188081.741765953600
19 May 2026 05:38:40.000,52169899586.090881347656,-29188081.741765961051
19 May 2026 05:38:50.000,52169899586.090873718262,-29188081.741765964776
19 May 2026 05:39:00.000,52169899586.090881347656,-29188081.741765953600
19 May 2026 05:39:10.000,52169899586.090881347656,-29188081.741765957326
19 May 2026 05:39:20.000,52169899586.090873718262,-29188081.741765964776
19 May 2026 05:39:30.000,52169899586.090873718262,-29188081.741765968502
19 May 2026 05:39:40.000,52169899586.090866088867,-29188081.741765975952
19 May 2026 05:39:50.000,52169899586.090866088867,-29188081.741765972227
19 May 2026 05:40:00.000,52169899586.090866088867,-29188081.741765972227
19 May 2026 05:40:10.000,52169899586.090873718262,-29188081.741765964776
19 May 2026 05:40:20.000,52169899586.090866088867,-29188081.741765975952
19 May 2026 05:40:30.000,52169899586.090866088867,-29188081.741765968502
19 May 2026 05:40:40.000,52169899586.090873718262,-29188081.741765964776
19 May 2026 05:40:50.000,52169899586.090873718262,-29188081.741765968502
19 May 2026 05:41:00.000,52169899586.090881347656,-29188081.741765961051
19 May 2026 05:41:10.000,52169899586.090881347656,-29188081.741765957326
19 May 2026 05:41:20.000,52169899586.090881347656,-29188081.741765953600
19 May 2026 05:41:30.000,52169899586.090881347656,-29188081.741765957326
19 May 2026 05:41:40.000,52169899586.090873718262,-29188081.741765964776
19 May 2026 05:41:50.000,52169899586.090881347656,-29188081.741765957326
19 May 2026 05:42:00.000,52169899586.090873718262,-29188081.741765968502
19 May 2026 05:42:10.000,52169899586.090881347656,-29188081.741765961051
19 May 2026 05:42:20.000,52169899586.090873718262,-29188081.741765964776
19 May 2026 05:42:30.000,52169899586.090873718262,-29188081.741765961051
19 May 2026 05:42:40.000,52169899586.090873718262,-29188081.741765964776
19 May 2026 05:42:50.000,52169899586.090881347656,-29188081.741765953600
19 May 2026 05:43:00.000,52169899586.090881347656,-29188081.741765957326
19 May 2026 05:43:10.000,52169899586.090881347656,-29188081.741765957326
19 May 2026 05:43:20.000,52169899586.090881347656,-29188081.741765953600
19 May 2026 05:43:30.000,52169899586.090881347656,-29188081.741765946150
19 May 2026 05:43:40.000,52169899586.090873718262,-29188081.741765964776
19 May 2026 05:43:50.000,52169899586.090881347656,-29188081.741765957326
19 May 2026 05:44:00.000,52169899586.090881347656,-29188081.741765957326
19 May 2026 05:44:10.000,52169899586.090866088867,-29188081.741765968502
19 May 2026 05:44:20.000,52169899586.090881347656,-29188081.741765953600
19 May 2026 05:44:30.000,52169899586.090881347656,-29188081.741765953600
19 May 2026 05:44:40.000,52169899586.090873718262,-29188081.741765961051
19 May 2026 05:44:50.000,52169899586.090873718262,-29188081.741765964776
19 May 2026 05:45:00.000,52169899586.090881347656,-29188081.741765946150
19 May 2026 05:45:10.000,52169899586.090881347656,-29188081.741765946150
19 May 2026 05:45:20.000,52169899586.090866088867,-29188081.741765975952
19 May 2026 05:45:30.000,52169899586.090866088867,-29188081.741765972227
19 May 2026 05:45:40.000,52169899586.090873718262,-29188081.741765961051
19 May 2026 05:45:50.000,52169899586.090866088867,-29188081.741765972227
19 May 2026 05:46:00.000,52169899586.090866088867,-29188081.741765972227
19 May 2026 05:46:10.000,52169899586.090858459473,-29188081.741765979677
19 May 2026 05:46:20.000,52169899586.090866088867,-29188081.741765968502
19 May 2026 05:46:30.000,52169899586.090866088867,-29188081.741765972227
19 May 2026 05:46:40.000,52169899586.090858459473,-29188081.741765979677
19 May 2026 05:46:50.000,52169899586.090858459473,-29188081.741765975952
19 May 2026 05:47:00.000,52169899586.090858459473,-29188081.741765987128
19 May 2026 05:47:10.000,52169899586.090858459473,-29188081.741765979677
19 May 2026 05:47:20.000,52169899586.090866088867,-29188081.741765972227
19 May 2026 05:47:30.000,52169899586.090866088867,-29188081.741765975952
19 May 2026 05:47:40.000,52169899586.090866088867,-29188081.741765972227
19 May 2026 05:47:50.000,52169899586.090866088867,-29188081.741765972227
19 May 2026 05:48:00.000,52169899586.090866088867,-29188081.741765972227
19 May 2026 05:48:10.000,52169899586.090866088867,-29188081.741765979677
19 May 2026 05:48:20.000,52169899586.090858459473,-29188081.741765975952
19 May 2026 05:48:30.000,52169899586.090850830078,-29188081.741765987128
19 May 2026 05:48:40.000,52169899586.090866088867,-29188081.741765975952
19 May 2026 05:48:50.000,52169899586.090850830078,-29188081.741765987128
19 May 2026 05:49:00.000,52169899586.090850830078,-29188081.741765990853
19 May 2026 05:49:10.000,52169899586.090850830078,-29188081.741765990853
19 May 2026 05:49:20.000,52169899586.090850830078,-29188081.741765987128
19 May 2026 05:49:30.000,52169899586.090843200684,-29188081.741765998304
19 May 2026 05:49:40.000,52169899586.090843200684,-29188081.741765994579
19 May 2026 05:49:50.000,52169899586.090835571289,-29188081.741766005754
19 May 2026 05:50:00.000,52169899586.090835571289,-29188081.741766013205
19 May 2026 05:50:10.000,52169899586.090843200684,-29188081.741765994579
19 May 2026 05:50:20.000,52169899586.090850830078,-29188081.741765998304
19 May 2026 05:50:30.000,52169899586.090850830078,-29188081.741765998304
19 May 2026 05:50:40.000,52169899586.090850830078,-29188081.741765983403
19 May 2026 05:50:50.000,52169899586.090843200684,-29188081.741765994579
19 May 2026 05:51:00.000,52169899586.090843200684,-29188081.741765998304
19 May 2026 05:51:10.000,52169899586.090843200684,-29188081.741765994579
19 May 2026 05:51:20.000,52169899586.090850830078,-29188081.741765987128
19 May 2026 05:51:30.000,52169899586.090850830078,-29188081.741765987128
19 May 2026 05:51:40.000,52169899586.090866088867,-29188081.741765979677
19 May 2026 05:51:50.000,52169899586.090858459473,-29188081.741765987128
19 May 2026 05:52:00.000,52169899586.090850830078,-29188081.741765990853
19 May 2026 05:52:10.000,52169899586.090843200684,-29188081.741765998304
19 May 2026 05:52:20.000,52169899586.090843200684,-29188081.741765998304
19 May 2026 05:52:30.000,52169899586.090835571289,-29188081.741766002029
19 May 2026 05:52:40.000,52169899586.090835571289,-29188081.741766002029
19 May 2026 05:52:50.000,52169899586.090835571289,-29188081.741766013205
19 May 2026 05:53:00.000,52169899586.090835571289,-29188081.741766013205
19 May 2026 05:53:10.000,52169899586.090835571289,-29188081.741766002029
19 May 2026 05:53:20.000,52169899586.090835571289,-29188081.741766005754
19 May 2026 05:53:30.000,52169899586.090835571289,-29188081.741766002029
19 May 2026 05:53:40.000,52169899586.090835571289,-29188081.741766005754
19 May 2026 05:53:50.000,52169899586.090835571289,-29188081.741766013205
19 May 2026 05:54:00.000,52169899586.090835571289,-29188081.741766002029
19 May 2026 05:54:10.000,52169899586.090835571289,-29188081.741766016930
19 May 2026 05:54:20.000,52169899586.090835571289,-29188081.741766013205
19 May 2026 05:54:30.000,52169899586.090835571289,-29188081.741766016930
19 May 2026 05:54:40.000,52169899586.090835571289,-29188081.741766002029
19 May 2026 05:54:50.000,52169899586.090820312500,-29188081.741766028106
19 May 2026 05:55:00.000,52169899586.090820312500,-29188081.741766028106
19 May 2026 05:55:10.000,52169899586.090820312500,-29188081.741766024381
19 May 2026 05:55:20.000,52169899586.090835571289,-29188081.741766005754
19 May 2026 05:55:30.000,52169899586.090835571289,-29188081.741766005754
19 May 2026 05:55:40.000,52169899586.090835571289,-29188081.741766005754
19 May 2026 05:55:50.000,52169899586.090835571289,-29188081.741766005754
19 May 2026 05:56:00.000,52169899586.090835571289,-29188081.741766005754
19 May 2026 05:56:10.000,52169899586.090820312500,-29188081.741766024381
19 May 2026 05:56:20.000,52169899586.090827941895,-29188081.741766013205
19 May 2026 05:56:30.000,52169899586.090827941895,-29188081.741766013205
19 May 2026 05:56:40.000,52169899586.090835571289,-29188081.741766002029
19 May 2026 05:56:50.000,52169899586.090820312500,-29188081.741766024381
19 May 2026 05:57:00.000,52169899586.090827941895,-29188081.741766016930
19 May 2026 05:57:10.000,52169899586.090820312500,-29188081.741766028106
19 May 2026 05:57:20.000,52169899586.090820312500,-29188081.741766028106
19 May 2026 05:57:30.000,52169899586.090820312500,-29188081.741766028106
19 May 2026 05:57:40.000,52169899586.090835571289,-29188081.741766002029
19 May 2026 05:57:50.000,52169899586.090820312500,-29188081.741766028106
19 May 2026 05:58:00.000,52169899586.090820312500,-29188081.741766028106
19 May 2026 05:58:10.000,52169899586.090820312500,-29188081.741766028106
19 May 2026 05:58:20.000,52169899586.090812683105,-29188081.741766031832
19 May 2026 05:58:30.000,52169899586.090812683105,-29188081.741766031832
19 May 2026 05:58:40.000,52169899586.090805053711,-29188081.741766039282
19 May 2026 05:58:50.000,52169899586.090805053711,-29188081.741766039282
19 May 2026 05:59:00.000,52169899586.090805053711,-29188081.741766039282
19 May 2026 05:59:10.000,52169899586.090805053711,-29188081.741766039282
19 May 2026 05:59:20.000,52169899586.090805053711,-29188081.741766039282
19 May 2026 05:59:30.000,52169899586.090805053711,-29188081.741766035557
19 May 2026 05:59:40.000,52169899586.090812683105,-29188081.741766028106
19 May 2026 05:59:50.000,52169899586.090805053711,-29188081.741766035557
19 May 2026 06:00:00.000,52169899586.090805053711,-29188081.741766043007
19 May 2026 06:00:10.000,52169899586.090797424316,-29188081.741766046733
19 May 2026 06:00:20.000,52169899586.090797424316,-29188081.741766050458
19 May 2026 06:00:30.000,52169899586.090797424316,-29188081.741766046733
19 May 2026 06:00:40.000,52169899586.090797424316,-29188081.741766050458
19 May 2026 06:00:50.000,52169899586.090789794922,-29188081.741766061634
19 May 2026 06:01:00.000,52169899586.090797424316,-29188081.741766050458
19 May 2026 06:01:10.000,52169899586.090789794922,-29188081.741766050458
19 May 2026 06:01:20.000,52169899586.090789794922,-29188081.741766050458
19 May 2026 06:01:30.000,52169899586.090789794922,-29188081.741766057909
19 May 2026 06:01:40.000,52169899586.090789794922,-29188081.741766057909
19 May 2026 06:01:50.000,52169899586.090789794922,-29188081.741766061634
19 May 2026 06:02:00.000,52169899586.090789794922,-29188081.741766057909
19 May 2026 06:02:10.000,52169899586.090797424316,-29188081.741766043007
19 May 2026 06:02:20.000,52169899586.090789794922,-29188081.741766054183
19 May 2026 06:02:30.000,52169899586.090789794922,-29188081.741766057909
19 May 2026 06:02:40.000,52169899586.090789794922,-29188081.741766050458
19 May 2026 06:02:50.000,52169899586.090789794922,-29188081.741766061634
19 May 2026 06:03:00.000,52169899586.090782165527,-29188081.741766069084
19 May 2026 06:03:10.000,52169899586.090782165527,-29188081.741766069084
19 May 2026 06:03:20.000,52169899586.090789794922,-29188081.741766054183
19 May 2026 06:03:30.000,52169899586.090789794922,-29188081.741766054183
19 May 2026 06:03:40.000,52169899586.090789794922,-29188081.741766054183
19 May 2026 06:03:50.000,52169899586.090782165527,-29188081.741766061634
19 May 2026 06:04:00.000,52169899586.090789794922,-29188081.741766057909
19 May 2026 06:04:10.000,52169899586.090789794922,-29188081.741766061634
19 May 2026 06:04:20.000,52169899586.090789794922,-29188081.741766054183
19 May 2026 06:04:30.000,52169899586.090805053711,-29188081.741766039282
19 May 2026 06:04:40.000,52169899586.090789794922,-29188081.741766054183
19 May 2026 06:04:50.000,52169899586.090797424316,-29188081.741766050458
19 May 2026 06:05:00.000,52169899586.090789794922,-29188081.741766054183
19 May 2026 06:05:10.000,52169899586.090805053711,-29188081.741766035557
19 May 2026 06:05:20.000,52169899586.090805053711,-29188081.741766035557
19 May 2026 06:05:30.000,52169899586.090805053711,-29188081.741766039282
19 May 2026 06:05:40.000,52169899586.090805053711,-29188081.741766046733
19 May 2026 06:05:50.000,52169899586.090805053711,-29188081.741766039282
19 May 2026 06:06:00.000,52169899586.090797424316,-29188081.741766050458
19 May 2026 06:06:10.000,52169899586.090789794922,-29188081.741766054183
19 May 2026 06:06:20.000,52169899586.090805053711,-29188081.741766039282
19 May 2026 06:06:30.000,52169899586.090797424316,-29188081.741766050458
19 May 2026 06:06:40.000,52169899586.090797424316,-29188081.741766043007
19 May 2026 06:06:50.000,52169899586.090797424316,-29188081.741766043007
19 May 2026 06:07:00.000,52169899586.090789794922,-29188081.741766054183
19 May 2026 06:07:10.000,52169899586.090797424316,-29188081.741766043007
19 May 2026 06:07:20.000,52169899586.090789794922,-29188081.741766057909
19 May 2026 06:07:30.000,52169899586.090797424316,-29188081.741766050458
19 May 2026 06:07:40.000,52169899586.090789794922,-29188081.741766050458
19 May 2026 06:07:50.000,52169899586.090797424316,-29188081.741766050458
19 May 2026 06:08:00.000,52169899586.090805053711,-29188081.741766043007
19 May 2026 06:08:10.000,52169899586.090805053711,-29188081.741766043007
19 May 2026 06:08:20.000,52169899586.090789794922,-29188081.741766050458
19 May 2026 06:08:30.000,52169899586.090805053711,-29188081.741766039282
19 May 2026 06:08:40.000,52169899586.090805053711,-29188081.741766043007
19 May 2026 06:08:50.000,52169899586.090805053711,-29188081.741766043007
19 May 2026 06:09:00.000,52169899586.090805053711,-29188081.741766046733
19 May 2026 06:09:10.000,52169899586.090805053711,-29188081.741766035557
19 May 2026 06:09:20.000,52169899586.090805053711,-29188081.741766046733
19 May 2026 06:09:30.000,52169899586.090805053711,-29188081.741766043007
19 May 2026 06:09:40.000,52169899586.090805053711,-29188081.741766039282
19 May 2026 06:09:50.000,52169899586.090812683105,-29188081.741766028106
19 May 2026 06:10:00.000,52169899586.090820312500,-29188081.741766024381
19 May 2026 06:10:10.000,52169899586.090835571289,-29188081.741766013205
19 May 2026 06:10:20.000,52169899586.090820312500,-29188081.741766024381
19 May 2026 06:10:30.000,52169899586.090820312500,-29188081.741766024381
19 May 2026 06:10:40.000,52169899586.090812683105,-29188081.741766035557
19 May 2026 06:10:50.000,52169899586.090820312500,-29188081.741766020656
19 May 2026 06:11:00.000,52169899586.090820312500,-29188081.741766020656
19 May 2026 06:11:10.000,52169899586.090805053711,-29188081.741766035557
19 May 2026 06:11:20.000,52169899586.090805053711,-29188081.741766039282
19 May 2026 06:11:30.000,52169899586.090820312500,-29188081.741766028106
19 May 2026 06:11:40.000,52169899586.090805053711,-29188081.741766039282
19 May 2026 06:11:50.000,52169899586.090812683105,-29188081.741766031832
19 May 2026 06:12:00.000,52169899586.090805053711,-29188081.741766043007
19 May 2026 06:12:10.000,52169899586.090805053711,-29188081.741766039282
19 May 2026 06:12:20.000,52169899586.090805053711,-29188081.741766035557
19 May 2026 06:12:30.000,52169899586.090805053711,-29188081.741766039282
19 May 2026 06:12:40.000,52169899586.090805053711,-29188081.741766039282
19 May 2026 06:12:50.000,52169899586.090797424316,-29188081.741766050458
19 May 2026 06:13:00.000,52169899586.090805053711,-29188081.741766043007
19 May 2026 06:13:10.000,52169899586.090797424316,-29188081.741766046733
19 May 2026 06:13:20.000,52169899586.090805053711,-29188081.741766039282
19 May 2026 06:13:30.000,52169899586.090805053711,-29188081.741766039282
19 May 2026 06:13:40.000,52169899586.090805053711,-29188081.741766039282
19 May 2026 06:13:50.000,52169899586.090805053711,-29188081.741766039282
19 May 2026 06:14:00.000,52169899586.090805053711,-29188081.741766035557
19 May 2026 06:14:10.000,52169899586.090805053711,-29188081.741766039282
19 May 2026 06:14:20.000,52169899586.090805053711,-29188081.741766043007
19 May 2026 06:14:30.000,52169899586.090805053711,-29188081.741766035557
19 May 2026 06:14:40.000,52169899586.090805053711,-29188081.741766035557
19 May 2026 06:14:50.000,52169899586.090805053711,-29188081.741766039282
19 May 2026 06:15:00.000,52169899586.090805053711,-29188081.741766035557
19 May 2026 06:15:10.000,52169899586.090805053711,-29188081.741766031832
19 May 2026 06:15:20.000,52169899586.090812683105,-29188081.741766031832
19 May 2026 06:15:30.000,52169899586.090797424316,-29188081.741766046733
19 May 2026 06:15:40.000,52169899586.090797424316,-29188081.741766046733
19 May 2026 06:15:50.000,52169899586.090797424316,-29188081.741766043007
19 May 2026 06:16:00.000,52169899586.090805053711,-29188081.741766039282
19 May 2026 06:16:10.000,52169899586.090797424316,-29188081.741766050458
19 May 2026 06:16:20.000,52169899586.090797424316,-29188081.741766046733
19 May 2026 06:16:30.000,52169899586.090789794922,-29188081.741766057909
19 May 2026 06:16:40.000,52169899586.090797424316,-29188081.741766050458
19 May 2026 06:16:50.000,52169899586.090797424316,-29188081.741766050458
19 May 2026 06:17:00.000,52169899586.090797424316,-29188081.741766043007
19 May 2026 06:17:10.000,52169899586.090805053711,-29188081.741766039282
19 May 2026 06:17:20.000,52169899586.090805053711,-29188081.741766031832
19 May 2026 06:17:30.000,52169899586.090805053711,-29188081.741766039282
19 May 2026 06:17:40.000,52169899586.090797424316,-29188081.741766046733
19 May 2026 06:17:50.000,52169899586.090797424316,-29188081.741766043007
19 May 2026 06:18:00.000,52169899586.090805053711,-29188081.741766039282
19 May 2026 06:18:10.000,52169899586.090805053711,-29188081.741766043007
19 May 2026 06:18:20.000,52169899586.090797424316,-29188081.741766046733
19 May 2026 06:18:30.000,52169899586.090797424316,-29188081.741766046733
19 May 2026 06:18:40.000,52169899586.090805053711,-29188081.741766039282
19 May 2026 06:18:50.000,52169899586.090805053711,-29188081.741766043007
19 May 2026 06:19:00.000,52169899586.090797424316,-29188081.741766046733
19 May 2026 06:19:10.000,52169899586.090797424316,-29188081.741766046733
19 May 2026 06:19:20.000,52169899586.090805053711,-29188081.741766043007
19 May 2026 06:19:30.000,52169899586.090805053711,-29188081.741766035557
19 May 2026 06:19:40.000,52169899586.090820312500,-29188081.741766024381
19 May 2026 06:19:50.000,52169899586.090812683105,-29188081.741766031832
19 May 2026 06:20:00.000,52169899586.090805053711,-29188081.741766039282
19 May 2026 06:20:10.000,52169899586.090805053711,-29188081.741766039282
19 May 2026 06:20:20.000,52169899586.090805053711,-29188081.741766035557
19 May 2026 06:20:30.000,52169899586.090797424316,-29188081.741766054183
19 May 2026 06:20:40.000,52169899586.090797424316,-29188081.741766050458
19 May 2026 06:20:50.000,52169899586.090797424316,-29188081.741766046733
19 May 2026 06:21:00.000,52169899586.090805053711,-29188081.741766039282
19 May 2026 06:21:10.000,52169899586.090805053711,-29188081.741766039282
19 May 2026 06:21:20.000,52169899586.090812683105,-29188081.741766031832
19 May 2026 06:21:30.000,52169899586.090820312500,-29188081.741766028106
19 May 2026 06:21:40.000,52169899586.090820312500,-29188081.741766020656
19 May 2026 06:21:50.000,52169899586.090805053711,-29188081.741766039282
19 May 2026 06:22:00.000,52169899586.090820312500,-29188081.741766028106
19 May 2026 06:22:10.000,52169899586.090820312500,-29188081.741766028106
19 May 2026 06:22:20.000,52169899586.090820312500,-29188081.741766024381
19 May 2026 06:22:30.000,52169899586.090820312500,-29188081.741766020656
19 May 2026 06:22:40.000,52169899586.090820312500,-29188081.741766028106
19 May 2026 06:22:50.000,52169899586.090805053711,-29188081.741766039282
19 May 2026 06:23:00.000,52169899586.090805053711,-29188081.741766039282
19 May 2026 06:23:10.000,52169899586.090812683105,-29188081.741766031832
19 May 2026 06:23:20.000,52169899586.090805053711,-29188081.741766039282
19 May 2026 06:23:30.000,52169899586.090797424316,-29188081.741766043007
19 May 2026 06:23:40.000,52169899586.090805053711,-29188081.741766043007
19 May 2026 06:23:50.000,52169899586.090797424316,-29188081.741766043007
19 May 2026 06:24:00.000,52169899586.090797424316,-29188081.741766046733
19 May 2026 06:24:10.000,52169899586.090797424316,-29188081.741766046733
19 May 2026 06:24:20.000,52169899586.090805053711,-29188081.741766039282
19 May 2026 06:24:30.000,52169899586.090812683105,-29188081.741766035557
19 May 2026 06:24:40.000,52169899586.090805053711,-29188081.741766043007
19 May 2026 06:24:50.000,52169899586.090805053711,-29188081.741766035557
19 May 2026 06:25:00.000,52169899586.090805053711,-29188081.741766031832
19 May 2026 06:25:10.000,52169899586.090805053711,-29188081.741766043007
19 May 2026 06:25:20.000,52169899586.090797424316,-29188081.741766046733
19 May 2026 06:25:30.000,52169899586.090805053711,-29188081.741766039282
19 May 2026 06:25:40.000,52169899586.090805053711,-29188081.741766039282
19 May 2026 06:25:50.000,52169899586.090805053711,-29188081.741766039282
19 May 2026 06:26:00.000,52169899586.090805053711,-29188081.741766035557
19 May 2026 06:26:10.000,52169899586.090805053711,-29188081.741766035557
19 May 2026 06:26:20.000,52169899586.090805053711,-29188081.741766046733
19 May 2026 06:26:30.000,52169899586.090805053711,-29188081.741766043007
19 May 2026 06:26:40.000,52169899586.090805053711,-29188081.741766043007
19 May 2026 06:26:50.000,52169899586.090805053711,-29188081.741766043007
19 May 2026 06:27:00.000,52169899586.090805053711,-29188081.741766043007
19 May 2026 06:27:10.000,52169899586.090805053711,-29188081.741766039282
19 May 2026 06:27:20.000,52169899586.090805053711,-29188081.741766039282
19 May 2026 06:27:30.000,52169899586.090805053711,-29188081.741766035557
19 May 2026 06:27:40.000,52169899586.090805053711,-29188081.741766046733
19 May 2026 06:27:50.000,52169899586.090805053711,-29188081.741766043007
19 May 2026 06:28:00.000,52169899586.090805053711,-29188081.741766039282
19 May 2026 06:28:10.000,52169899586.090805053711,-29188081.741766043007
19 May 2026 06:28:20.000,52169899586.090805053711,-29188081.741766043007
19 May 2026 06:28:30.000,52169899586.090805053711,-29188081.741766035557
19 May 2026 06:28:40.000,52169899586.090805053711,-29188081.741766035557
19 May 2026 06:28:50.000,52169899586.090812683105,-29188081.741766028106
19 May 2026 06:29:00.000,52169899586.090820312500,-29188081.741766020656
19 May 2026 06:29:10.000,52169899586.090820312500,-29188081.741766024381
19 May 2026 06:29:20.000,52169899586.090820312500,-29188081.741766024381
19 May 2026 06:29:30.000,52169899586.090820312500,-29188081.741766024381
19 May 2026 06:29:40.000,52169899586.090820312500,-29188081.741766020656
19 May 2026 06:29:50.000,52169899586.090820312500,-29188081.741766020656
19 May 2026 06:30:00.000,52169899586.090820312500,-29188081.741766020656
