time_s,energy_Jkg,dE_abs,dE_rel
0.0,-29188081.719801463,0.0,0.0
0.001,-29188081.719801467,-3.725290298461914e-09,-1.2763052859121753e-16
0.003,-29188081.719801467,-3.725290298461914e-09,-1.2763052859121753e-16
0.007,-29188081.719801467,-3.725290298461914e-09,-1.2763052859121753e-16
0.015,-29188081.719801467,-3.725290298461914e-09,-1.2763052859121753e-16
0.031,-29188081.71980146,3.725290298461914e-09,1.2763052859121753e-16
0.063,-29188081.71980146,3.725290298461914e-09,1.2763052859121753e-16
0.127,-29188081.71980146,3.725290298461914e-09,1.2763052859121753e-16
0.255,-29188081.719801452,1.1175870895385742e-08,3.8289158577365256e-16
0.511,-29188081.71980146,3.725290298461914e-09,1.2763052859121753e-16
1.0230000000000001,-29188081.719801452,1.1175870895385742e-08,3.8289158577365256e-16
2.047,-29188081.719801452,1.1175870895385742e-08,3.8289158577365256e-16
4.095000000000001,-29188081.719801467,-3.725290298461914e-09,-1.2763052859121753e-16
8.191,-29188081.719801467,-3.725290298461914e-09,-1.2763052859121753e-16
16.383000000000003,-29188081.719801467,-3.725290298461914e-09,-1.2763052859121753e-16
32.767,-29188081.719801467,-3.725290298461914e-09,-1.2763052859121753e-16
65.535,-29188081.71980146,3.725290298461914e-09,1.2763052859121753e-16
125.535,-29188081.71980146,3.725290298461914e-09,1.2763052859121753e-16
185.535,-29188081.71980146,3.725290298461914e-09,1.2763052859121753e-16
245.535,-29188081.719801452,1.1175870895385742e-08,3.8289158577365256e-16
305.53499999999997,-29188081.71980146,3.725290298461914e-09,1.2763052859121753e-16
365.53499999999997,-29188081.719801467,-3.725290298461914e-09,-1.2763052859121753e-16
425.53499999999997,-29188081.71980146,3.725290298461914e-09,1.2763052859121753e-16
485.53499999999997,-29188081.71980146,3.725290298461914e-09,1.2763052859121753e-16
545.535,-29188081.719801452,1.1175870895385742e-08,3.8289158577365256e-16
605.535,-29188081.71980146,3.725290298461914e-09,1.2763052859121753e-16
665.535,-29188081.71980146,3.725290298461914e-09,1.2763052859121753e-16
725.535,-29188081.719801467,-3.725290298461914e-09,-1.2763052859121753e-16
785.535,-29188081.719801467,-3.725290298461914e-09,-1.2763052859121753e-16
845.535,-29188081.719801467,-3.725290298461914e-09,-1.2763052859121753e-16
905.535,-29188081.719801452,1.1175870895385742e-08,3.8289158577365256e-16
965.535,-29188081.719801445,1.862645149230957e-08,6.381526429560876e-16
1025.5349999999999,-29188081.719801452,1.1175870895385742e-08,3.8289158577365256e-16
1085.5349999999999,-29188081.719801452,1.1175870895385742e-08,3.8289158577365256e-16
1145.5349999999999,-29188081.719801456,7.450580596923828e-09,2.5526105718243506e-16
1205.5349999999999,-29188081.719801456,7.450580596923828e-09,2.5526105718243506e-16
1265.5349999999999,-29188081.719801463,0.0,0.0
1325.5349999999999,-29188081.719801456,7.450580596923828e-09,2.5526105718243506e-16
1385.5349999999999,-29188081.71980147,-7.450580596923828e-09,-2.5526105718243506e-16
1445.5349999999999,-29188081.719801463,0.0,0.0
1505.5349999999999,-29188081.71980147,-7.450580596923828e-09,-2.5526105718243506e-16
1565.5349999999999,-29188081.71980147,-7.450580596923828e-09,-2.5526105718243506e-16
1625.5349999999999,-29188081.71980147,-7.450580596923828e-09,-2.5526105718243506e-16
1685.5349999999999,-29188081.71980147,-7.450580596923828e-09,-2.5526105718243506e-16
1745.5349999999999,-29188081.71980147,-7.450580596923828e-09,-2.5526105718243506e-16
1805.5349999999999,-29188081.719801463,0.0,0.0
1865.5349999999999,-29188081.719801463,0.0,0.0
1925.5349999999999,-29188081.719801463,0.0,0.0
1985.5349999999999,-29188081.719801456,7.450580596923828e-09,2.5526105718243506e-16
2045.5349999999999,-29188081.719801456,7.450580596923828e-09,2.5526105718243506e-16
2105.535,-29188081.719801456,7.450580596923828e-09,2.5526105718243506e-16
2165.535,-29188081.719801452,1.1175870895385742e-08,3.8289158577365256e-16
2225.535,-29188081.71980146,3.725290298461914e-09,1.2763052859121753e-16
2285.535,-29188081.71980146,3.725290298461914e-09,1.2763052859121753e-16
2345.535,-29188081.71980145,1.4901161193847656e-08,5.105221143648701e-16
2405.535,-29188081.719801456,7.450580596923828e-09,2.5526105718243506e-16
2465.535,-29188081.719801456,7.450580596923828e-09,2.5526105718243506e-16
2525.535,-29188081.719801456,7.450580596923828e-09,2.5526105718243506e-16
2585.535,-29188081.71980145,1.4901161193847656e-08,5.105221143648701e-16
2645.535,-29188081.719801456,7.450580596923828e-09,2.5526105718243506e-16
2705.535,-29188081.71980145,1.4901161193847656e-08,5.105221143648701e-16
2765.535,-29188081.71980145,1.4901161193847656e-08,5.105221143648701e-16
2825.535,-29188081.719801456,7.450580596923828e-09,2.5526105718243506e-16
2885.535,-29188081.719801456,7.450580596923828e-09,2.5526105718243506e-16
2945.535,-29188081.719801456,7.450580596923828e-09,2.5526105718243506e-16
3005.535,-29188081.719801463,0.0,0.0
3065.535,-29188081.719801456,7.450580596923828e-09,2.5526105718243506e-16
3125.535,-29188081.719801456,7.450580596923828e-09,2.5526105718243506e-16
3185.535,-29188081.719801456,7.450580596923828e-09,2.5526105718243506e-16
3245.535,-29188081.719801456,7.450580596923828e-09,2.5526105718243506e-16
3305.535,-29188081.719801456,7.450580596923828e-09,2.5526105718243506e-16
3365.535,-29188081.719801463,0.0,0.0
3425.535,-29188081.71980145,1.4901161193847656e-08,5.105221143648701e-16
3485.535,-29188081.719801456,7.450580596923828e-09,2.5526105718243506e-16
3545.535,-29188081.719801456,7.450580596923828e-09,2.5526105718243506e-16
3605.535,-29188081.719801456,7.450580596923828e-09,2.5526105718243506e-16
3665.535,-29188081.719801456,7.450580596923828e-09,2.5526105718243506e-16
3725.535,-29188081.719801452,1.1175870895385742e-08,3.8289158577365256e-16
3785.535,-29188081.719801452,1.1175870895385742e-08,3.8289158577365256e-16
3845.535,-29188081.719801445,1.862645149230957e-08,6.381526429560876e-16
3905.535,-29188081.719801445,1.862645149230957e-08,6.381526429560876e-16
3965.535,-29188081.719801445,1.862645149230957e-08,6.381526429560876e-16
4025.535,-29188081.719801445,1.862645149230957e-08,6.381526429560876e-16
4085.535,-29188081.719801445,1.862645149230957e-08,6.381526429560876e-16
4145.535,-29188081.719801445,1.862645149230957e-08,6.381526429560876e-16
4205.535,-29188081.719801437,2.60770320892334e-08,8.934137001385226e-16
4265.535,-29188081.719801445,1.862645149230957e-08,6.381526429560876e-16
4325.535,-29188081.719801445,1.862645149230957e-08,6.381526429560876e-16
4385.535,-29188081.719801445,1.862645149230957e-08,6.381526429560876e-16
4445.535,-29188081.719801445,1.862645149230957e-08,6.381526429560876e-16
4505.535,-29188081.719801437,2.60770320892334e-08,8.934137001385226e-16
4565.535,-29188081.719801445,1.862645149230957e-08,6.381526429560876e-16
4625.535,-29188081.719801445,1.862645149230957e-08,6.381526429560876e-16
4685.535,-29188081.71980146,3.725290298461914e-09,1.2763052859121753e-16
4745.535,-29188081.71980146,3.725290298461914e-09,1.2763052859121753e-16
4805.535,-29188081.719801452,1.1175870895385742e-08,3.8289158577365256e-16
4865.535,-29188081.719801452,1.1175870895385742e-08,3.8289158577365256e-16
4925.535,-29188081.71980146,3.725290298461914e-09,1.2763052859121753e-16
4985.535,-29188081.719801452,1.1175870895385742e-08,3.8289158577365256e-16
5045.535,-29188081.719801452,1.1175870895385742e-08,3.8289158577365256e-16
5105.535,-29188081.719801456,7.450580596923828e-09,2.5526105718243506e-16
5165.535,-29188081.71980145,1.4901161193847656e-08,5.105221143648701e-16
5225.535,-29188081.71980144,2.2351741790771484e-08,7.657831715473051e-16
5285.535,-29188081.71980144,2.2351741790771484e-08,7.657831715473051e-16
5345.535,-29188081.71980145,1.4901161193847656e-08,5.105221143648701e-16
5405.535,-29188081.71980144,2.2351741790771484e-08,7.657831715473051e-16
5465.535,-29188081.719801433,2.9802322387695312e-08,1.0210442287297402e-15
5525.535,-29188081.719801426,3.725290298461914e-08,1.2763052859121751e-15
5585.535,-29188081.719801426,3.725290298461914e-08,1.2763052859121751e-15
5645.535,-29188081.719801426,3.725290298461914e-08,1.2763052859121751e-15
5705.535,-29188081.71980142,4.470348358154297e-08,1.5315663430946102e-15
5765.535,-29188081.71980142,4.470348358154297e-08,1.5315663430946102e-15
5825.535,-29188081.719801426,3.725290298461914e-08,1.2763052859121751e-15
5885.535,-29188081.719801426,3.725290298461914e-08,1.2763052859121751e-15
5945.535,-29188081.719801426,3.725290298461914e-08,1.2763052859121751e-15
6005.535,-29188081.719801426,3.725290298461914e-08,1.2763052859121751e-15
6065.535,-29188081.719801426,3.725290298461914e-08,1.2763052859121751e-15
6125.535,-29188081.71980142,4.470348358154297e-08,1.5315663430946102e-15
6185.535,-29188081.719801433,2.9802322387695312e-08,1.0210442287297402e-15
6245.535,-29188081.719801426,3.725290298461914e-08,1.2763052859121751e-15
6305.535,-29188081.71980144,2.2351741790771484e-08,7.657831715473051e-16
6365.535,-29188081.719801433,2.9802322387695312e-08,1.0210442287297402e-15
6425.535,-29188081.719801433,2.9802322387695312e-08,1.0210442287297402e-15
6485.535,-29188081.719801437,2.60770320892334e-08,8.934137001385226e-16
6545.535,-29188081.719801445,1.862645149230957e-08,6.381526429560876e-16
6605.535,-29188081.719801445,1.862645149230957e-08,6.381526429560876e-16
6665.535,-29188081.719801437,2.60770320892334e-08,8.934137001385226e-16
6725.535,-29188081.71980143,3.3527612686157227e-08,1.1486747573209577e-15
6785.535,-29188081.719801445,1.862645149230957e-08,6.381526429560876e-16
6845.535,-29188081.71980143,3.3527612686157227e-08,1.1486747573209577e-15
6905.535,-29188081.71980143,3.3527612686157227e-08,1.1486747573209577e-15
6965.535,-29188081.71980143,3.3527612686157227e-08,1.1486747573209577e-15
7025.535,-29188081.71980143,3.3527612686157227e-08,1.1486747573209577e-15
7085.535,-29188081.719801422,4.0978193283081055e-08,1.4039358145033928e-15
7145.535,-29188081.71980143,3.3527612686157227e-08,1.1486747573209577e-15
7205.535,-29188081.71980143,3.3527612686157227e-08,1.1486747573209577e-15
7265.535,-29188081.71980143,3.3527612686157227e-08,1.1486747573209577e-15
7325.535,-29188081.719801433,2.9802322387695312e-08,1.0210442287297402e-15
7385.535,-29188081.719801433,2.9802322387695312e-08,1.0210442287297402e-15
7445.535,-29188081.719801433,2.9802322387695312e-08,1.0210442287297402e-15
7505.535,-29188081.719801433,2.9802322387695312e-08,1.0210442287297402e-15
7565.535,-29188081.719801433,2.9802322387695312e-08,1.0210442287297402e-15
7625.535,-29188081.719801426,3.725290298461914e-08,1.2763052859121751e-15
7685.535,-29188081.719801426,3.725290298461914e-08,1.2763052859121751e-15
7745.535,-29188081.719801426,3.725290298461914e-08,1.2763052859121751e-15
7805.535,-29188081.719801426,3.725290298461914e-08,1.2763052859121751e-15
7865.535,-29188081.719801433,2.9802322387695312e-08,1.0210442287297402e-15
7925.535,-29188081.719801426,3.725290298461914e-08,1.2763052859121751e-15
7985.535,-29188081.719801426,3.725290298461914e-08,1.2763052859121751e-15
8045.535,-29188081.71980144,2.2351741790771484e-08,7.657831715473051e-16
8105.535,-29188081.719801433,2.9802322387695312e-08,1.0210442287297402e-15
8165.535,-29188081.719801433,2.9802322387695312e-08,1.0210442287297402e-15
8225.535,-29188081.719801433,2.9802322387695312e-08,1.0210442287297402e-15
8285.535,-29188081.719801426,3.725290298461914e-08,1.2763052859121751e-15
8345.535,-29188081.719801433,2.9802322387695312e-08,1.0210442287297402e-15
8405.535,-29188081.719801433,2.9802322387695312e-08,1.0210442287297402e-15
8465.535,-29188081.719801426,3.725290298461914e-08,1.2763052859121751e-15
8525.535,-29188081.719801433,2.9802322387695312e-08,1.0210442287297402e-15
8585.535,-29188081.71980142,4.470348358154297e-08,1.5315663430946102e-15
8645.535,-29188081.719801426,3.725290298461914e-08,1.2763052859121751e-15
8705.535,-29188081.719801426,3.725290298461914e-08,1.2763052859121751e-15
8765.535,-29188081.719801426,3.725290298461914e-08,1.2763052859121751e-15
8825.535,-29188081.719801433,2.9802322387695312e-08,1.0210442287297402e-15
8885.535,-29188081.719801426,3.725290298461914e-08,1.2763052859121751e-15
8945.535,-29188081.719801426,3.725290298461914e-08,1.2763052859121751e-15
9005.535,-29188081.71980142,4.470348358154297e-08,1.5315663430946102e-15
9065.535,-29188081.719801433,2.9802322387695312e-08,1.0210442287297402e-15
9125.535,-29188081.719801433,2.9802322387695312e-08,1.0210442287297402e-15
9185.535,-29188081.71980142,4.470348358154297e-08,1.5315663430946102e-15
9245.535,-29188081.71980142,4.470348358154297e-08,1.5315663430946102e-15
9305.535,-29188081.719801426,3.725290298461914e-08,1.2763052859121751e-15
9365.535,-29188081.719801426,3.725290298461914e-08,1.2763052859121751e-15
9425.535,-29188081.719801426,3.725290298461914e-08,1.2763052859121751e-15
9485.535,-29188081.71980142,4.470348358154297e-08,1.5315663430946102e-15
9545.535,-29188081.719801426,3.725290298461914e-08,1.2763052859121751e-15
9605.535,-29188081.71980142,4.470348358154297e-08,1.5315663430946102e-15
9665.535,-29188081.719801426,3.725290298461914e-08,1.2763052859121751e-15
9725.535,-29188081.719801426,3.725290298461914e-08,1.2763052859121751e-15
9785.535,-29188081.719801426,3.725290298461914e-08,1.2763052859121751e-15
9845.535,-29188081.719801426,3.725290298461914e-08,1.2763052859121751e-15
9905.535,-29188081.71980142,4.470348358154297e-08,1.5315663430946102e-15
9965.535,-29188081.71980142,4.470348358154297e-08,1.5315663430946102e-15
10025.535,-29188081.71980142,4.470348358154297e-08,1.5315663430946102e-15
10085.535,-29188081.71980142,4.470348358154297e-08,1.5315663430946102e-15
10145.535,-29188081.71980142,4.470348358154297e-08,1.5315663430946102e-15
10205.535,-29188081.71980142,4.470348358154297e-08,1.5315663430946102e-15
10265.535,-29188081.71980141,5.21540641784668e-08,1.786827400277045e-15
10325.535,-29188081.71980141,5.21540641784668e-08,1.786827400277045e-15
10385.535,-29188081.71980141,5.21540641784668e-08,1.786827400277045e-15
10445.535,-29188081.71980142,4.470348358154297e-08,1.5315663430946102e-15
10505.535,-29188081.71980141,5.21540641784668e-08,1.786827400277045e-15
10565.535,-29188081.71980141,5.21540641784668e-08,1.786827400277045e-15
10625.535,-29188081.71980141,5.21540641784668e-08,1.786827400277045e-15
10685.535,-29188081.71980141,5.21540641784668e-08,1.786827400277045e-15
10745.535,-29188081.71980141,5.21540641784668e-08,1.786827400277045e-15
10805.535,-29188081.71980141,5.21540641784668e-08,1.786827400277045e-15
10865.535,-29188081.71980141,5.21540641784668e-08,1.786827400277045e-15
10925.535,-29188081.71980142,4.470348358154297e-08,1.5315663430946102e-15
10985.535,-29188081.71980142,4.470348358154297e-08,1.5315663430946102e-15
11045.535,-29188081.71980142,4.470348358154297e-08,1.5315663430946102e-15
11105.535,-29188081.71980142,4.470348358154297e-08,1.5315663430946102e-15
11165.535,-29188081.719801426,3.725290298461914e-08,1.2763052859121751e-15
11225.535,-29188081.719801426,3.725290298461914e-08,1.2763052859121751e-15
11285.535,-29188081.71980142,4.470348358154297e-08,1.5315663430946102e-15
11345.535,-29188081.71980142,4.470348358154297e-08,1.5315663430946102e-15
11405.535,-29188081.71980142,4.470348358154297e-08,1.5315663430946102e-15
11465.535,-29188081.71980142,4.470348358154297e-08,1.5315663430946102e-15
11525.535,-29188081.71980142,4.470348358154297e-08,1.5315663430946102e-15
11585.535,-29188081.71980142,4.470348358154297e-08,1.5315663430946102e-15
11645.535,-29188081.71980142,4.470348358154297e-08,1.5315663430946102e-15
11705.535,-29188081.719801422,4.0978193283081055e-08,1.4039358145033928e-15
11765.535,-29188081.719801407,5.587935447692871e-08,1.9144579288682626e-15
11825.535,-29188081.719801422,4.0978193283081055e-08,1.4039358145033928e-15
11885.535,-29188081.719801415,4.842877388000488e-08,1.6591968716858277e-15
11945.535,-29188081.719801415,4.842877388000488e-08,1.6591968716858277e-15
12005.535,-29188081.719801422,4.0978193283081055e-08,1.4039358145033928e-15
12065.535,-29188081.71980143,3.3527612686157227e-08,1.1486747573209577e-15
12125.535,-29188081.719801437,2.60770320892334e-08,8.934137001385226e-16
12185.535,-29188081.71980143,3.3527612686157227e-08,1.1486747573209577e-15
12245.535,-29188081.719801433,2.9802322387695312e-08,1.0210442287297402e-15
12305.535,-29188081.719801433,2.9802322387695312e-08,1.0210442287297402e-15
12365.535,-29188081.719801433,2.9802322387695312e-08,1.0210442287297402e-15
12425.535,-29188081.719801433,2.9802322387695312e-08,1.0210442287297402e-15
12485.535,-29188081.719801433,2.9802322387695312e-08,1.0210442287297402e-15
12545.535,-29188081.71980144,2.2351741790771484e-08,7.657831715473051e-16
12605.535,-29188081.719801433,2.9802322387695312e-08,1.0210442287297402e-15
12665.535,-29188081.719801433,2.9802322387695312e-08,1.0210442287297402e-15
12725.535,-29188081.71980144,2.2351741790771484e-08,7.657831715473051e-16
12785.535,-29188081.71980144,2.2351741790771484e-08,7.657831715473051e-16
12845.535,-29188081.719801433,2.9802322387695312e-08,1.0210442287297402e-15
12905.535,-29188081.71980144,2.2351741790771484e-08,7.657831715473051e-16
12965.535,-29188081.71980144,2.2351741790771484e-08,7.657831715473051e-16
13025.535,-29188081.71980144,2.2351741790771484e-08,7.657831715473051e-16
13085.535,-29188081.719801445,1.862645149230957e-08,6.381526429560876e-16
13145.535,-29188081.719801445,1.862645149230957e-08,6.381526429560876e-16
13205.535,-29188081.719801445,1.862645149230957e-08,6.381526429560876e-16
13265.535,-29188081.719801452,1.1175870895385742e-08,3.8289158577365256e-16
13325.535,-29188081.719801452,1.1175870895385742e-08,3.8289158577365256e-16
13385.535,-29188081.719801452,1.1175870895385742e-08,3.8289158577365256e-16
13445.535,-29188081.719801452,1.1175870895385742e-08,3.8289158577365256e-16
13505.535,-29188081.719801445,1.862645149230957e-08,6.381526429560876e-16
13565.535,-29188081.719801452,1.1175870895385742e-08,3.8289158577365256e-16
13625.535,-29188081.719801456,7.450580596923828e-09,2.5526105718243506e-16
13685.535,-29188081.719801463,0.0,0.0
13745.535,-29188081.719801463,0.0,0.0
13805.535,-29188081.719801456,7.450580596923828e-09,2.5526105718243506e-16
13865.535,-29188081.719801463,0.0,0.0
13925.535,-29188081.719801463,0.0,0.0
13985.535,-29188081.719801463,0.0,0.0
14045.535,-29188081.719801463,0.0,0.0
14105.535,-29188081.71980146,3.725290298461914e-09,1.2763052859121753e-16
14165.535,-29188081.719801474,-1.1175870895385742e-08,-3.8289158577365256e-16
14225.535,-29188081.719801467,-3.725290298461914e-09,-1.2763052859121753e-16
14285.535,-29188081.719801467,-3.725290298461914e-09,-1.2763052859121753e-16
14345.535,-29188081.71980146,3.725290298461914e-09,1.2763052859121753e-16
14405.535,-29188081.719801467,-3.725290298461914e-09,-1.2763052859121753e-16
14465.535,-29188081.719801474,-1.1175870895385742e-08,-3.8289158577365256e-16
14525.535,-29188081.71980146,3.725290298461914e-09,1.2763052859121753e-16
14585.535,-29188081.71980146,3.725290298461914e-09,1.2763052859121753e-16
14645.535,-29188081.719801474,-1.1175870895385742e-08,-3.8289158577365256e-16
14705.535,-29188081.71980147,-7.450580596923828e-09,-2.5526105718243506e-16
14765.535,-29188081.71980147,-7.450580596923828e-09,-2.5526105718243506e-16
14825.535,-29188081.71980147,-7.450580596923828e-09,-2.5526105718243506e-16
14885.535,-29188081.71980147,-7.450580596923828e-09,-2.5526105718243506e-16
14945.535,-29188081.71980147,-7.450580596923828e-09,-2.5526105718243506e-16
15005.535,-29188081.719801478,-1.4901161193847656e-08,-5.105221143648701e-16
15065.535,-29188081.719801478,-1.4901161193847656e-08,-5.105221143648701e-16
15125.535,-29188081.719801463,0.0,0.0
15185.535,-29188081.71980147,-7.450580596923828e-09,-2.5526105718243506e-16
15245.535,-29188081.71980147,-7.450580596923828e-09,-2.5526105718243506e-16
15305.535,-29188081.719801463,0.0,0.0
15365.535,-29188081.719801463,0.0,0.0
15425.535,-29188081.71980147,-7.450580596923828e-09,-2.5526105718243506e-16
15485.535,-29188081.719801463,0.0,0.0
15545.535,-29188081.719801478,-1.4901161193847656e-08,-5.105221143648701e-16
15605.535,-29188081.71980147,-7.450580596923828e-09,-2.5526105718243506e-16
15665.535,-29188081.719801456,7.450580596923828e-09,2.5526105718243506e-16
15725.535,-29188081.719801463,0.0,0.0
15785.535,-29188081.719801463,0.0,0.0
15845.535,-29188081.719801463,0.0,0.0
15905.535,-29188081.719801456,7.450580596923828e-09,2.5526105718243506e-16
15965.535,-29188081.719801463,0.0,0.0
16025.535,-29188081.719801463,0.0,0.0
16085.535,-29188081.719801463,0.0,0.0
16145.535,-29188081.71980145,1.4901161193847656e-08,5.105221143648701e-16
16205.535,-29188081.71980146,3.725290298461914e-09,1.2763052859121753e-16
16265.535,-29188081.71980146,3.725290298461914e-09,1.2763052859121753e-16
16325.535,-29188081.719801467,-3.725290298461914e-09,-1.2763052859121753e-16
16385.535,-29188081.71980146,3.725290298461914e-09,1.2763052859121753e-16
16445.535,-29188081.719801467,-3.725290298461914e-09,-1.2763052859121753e-16
16505.535,-29188081.719801474,-1.1175870895385742e-08,-3.8289158577365256e-16
16565.535,-29188081.719801463,0.0,0.0
16625.535,-29188081.719801463,0.0,0.0
16685.535,-29188081.719801463,0.0,0.0
16745.535,-29188081.719801456,7.450580596923828e-09,2.5526105718243506e-16
16805.535,-29188081.71980147,-7.450580596923828e-09,-2.5526105718243506e-16
16865.535,-29188081.71980147,-7.450580596923828e-09,-2.5526105718243506e-16
16925.535,-29188081.71980147,-7.450580596923828e-09,-2.5526105718243506e-16
16985.535,-29188081.71980147,-7.450580596923828e-09,-2.5526105718243506e-16
17045.535,-29188081.719801467,-3.725290298461914e-09,-1.2763052859121753e-16
17105.535,-29188081.719801467,-3.725290298461914e-09,-1.2763052859121753e-16
17165.535,-29188081.719801467,-3.725290298461914e-09,-1.2763052859121753e-16
17225.535,-29188081.719801467,-3.725290298461914e-09,-1.2763052859121753e-16
17285.535,-29188081.719801474,-1.1175870895385742e-08,-3.8289158577365256e-16
17345.535,-29188081.719801474,-1.1175870895385742e-08,-3.8289158577365256e-16
17405.535,-29188081.719801474,-1.1175870895385742e-08,-3.8289158577365256e-16
17465.535,-29188081.719801474,-1.1175870895385742e-08,-3.8289158577365256e-16
17525.535,-29188081.719801467,-3.725290298461914e-09,-1.2763052859121753e-16
17585.535,-29188081.719801467,-3.725290298461914e-09,-1.2763052859121753e-16
17645.535,-29188081.719801467,-3.725290298461914e-09,-1.2763052859121753e-16
17705.535,-29188081.71980146,3.725290298461914e-09,1.2763052859121753e-16
17765.535,-29188081.71980146,3.725290298461914e-09,1.2763052859121753e-16
17825.535,-29188081.71980146,3.725290298461914e-09,1.2763052859121753e-16
17885.535,-29188081.71980146,3.725290298461914e-09,1.2763052859121753e-16
17945.535,-29188081.719801445,1.862645149230957e-08,6.381526429560876e-16
18005.535,-29188081.719801467,-3.725290298461914e-09,-1.2763052859121753e-16
18065.535,-29188081.71980146,3.725290298461914e-09,1.2763052859121753e-16
18125.535,-29188081.719801445,1.862645149230957e-08,6.381526429560876e-16
18185.535,-29188081.719801452,1.1175870895385742e-08,3.8289158577365256e-16
18245.535,-29188081.719801452,1.1175870895385742e-08,3.8289158577365256e-16
18305.535,-29188081.719801456,7.450580596923828e-09,2.5526105718243506e-16
18365.535,-29188081.719801463,0.0,0.0
18425.535,-29188081.719801463,0.0,0.0
18485.535,-29188081.71980147,-7.450580596923828e-09,-2.5526105718243506e-16
18545.535,-29188081.71980147,-7.450580596923828e-09,-2.5526105718243506e-16
18605.535,-29188081.71980147,-7.450580596923828e-09,-2.5526105718243506e-16
18665.535,-29188081.719801463,0.0,0.0
18725.535,-29188081.719801463,0.0,0.0
18785.535,-29188081.719801456,7.450580596923828e-09,2.5526105718243506e-16
18845.535,-29188081.719801463,0.0,0.0
18905.535,-29188081.719801463,0.0,0.0
18965.535,-29188081.719801456,7.450580596923828e-09,2.5526105718243506e-16
19025.535,-29188081.719801452,1.1175870895385742e-08,3.8289158577365256e-16
19085.535,-29188081.719801452,1.1175870895385742e-08,3.8289158577365256e-16
19145.535,-29188081.719801452,1.1175870895385742e-08,3.8289158577365256e-16
19205.535,-29188081.719801452,1.1175870895385742e-08,3.8289158577365256e-16
19265.535,-29188081.71980146,3.725290298461914e-09,1.2763052859121753e-16
19325.535,-29188081.719801452,1.1175870895385742e-08,3.8289158577365256e-16
19385.535,-29188081.719801452,1.1175870895385742e-08,3.8289158577365256e-16
19445.535,-29188081.719801445,1.862645149230957e-08,6.381526429560876e-16
19505.535,-29188081.719801437,2.60770320892334e-08,8.934137001385226e-16
19565.535,-29188081.719801437,2.60770320892334e-08,8.934137001385226e-16
19625.535,-29188081.719801437,2.60770320892334e-08,8.934137001385226e-16
19685.535,-29188081.71980145,1.4901161193847656e-08,5.105221143648701e-16
19745.535,-29188081.71980145,1.4901161193847656e-08,5.105221143648701e-16
19805.535,-29188081.71980145,1.4901161193847656e-08,5.105221143648701e-16
19865.535,-29188081.719801456,7.450580596923828e-09,2.5526105718243506e-16
19925.535,-29188081.719801456,7.450580596923828e-09,2.5526105718243506e-16
19985.535,-29188081.71980145,1.4901161193847656e-08,5.105221143648701e-16
20045.535,-29188081.719801456,7.450580596923828e-09,2.5526105718243506e-16
20105.535,-29188081.719801456,7.450580596923828e-09,2.5526105718243506e-16
20165.535,-29188081.719801456,7.450580596923828e-09,2.5526105718243506e-16
20225.535,-29188081.719801456,7.450580596923828e-09,2.5526105718243506e-16
20285.535,-29188081.719801456,7.450580596923828e-09,2.5526105718243506e-16
20345.535,-29188081.719801456,7.450580596923828e-09,2.5526105718243506e-16
20405.535,-29188081.71980145,1.4901161193847656e-08,5.105221143648701e-16
20465.535,-29188081.71980145,1.4901161193847656e-08,5.105221143648701e-16
20525.535,-29188081.71980144,2.2351741790771484e-08,7.657831715473051e-16
20585.535,-29188081.71980144,2.2351741790771484e-08,7.657831715473051e-16
20645.535,-29188081.71980144,2.2351741790771484e-08,7.657831715473051e-16
20705.535,-29188081.71980145,1.4901161193847656e-08,5.105221143648701e-16
20765.535,-29188081.71980145,1.4901161193847656e-08,5.105221143648701e-16
20825.535,-29188081.71980144,2.2351741790771484e-08,7.657831715473051e-16
20885.535,-29188081.719801437,2.60770320892334e-08,8.934137001385226e-16
20945.535,-29188081.719801445,1.862645149230957e-08,6.381526429560876e-16
21005.535,-29188081.719801437,2.60770320892334e-08,8.934137001385226e-16
21065.535,-29188081.71980143,3.3527612686157227e-08,1.1486747573209577e-15
21125.535,-29188081.719801445,1.862645149230957e-08,6.381526429560876e-16
21185.535,-29188081.719801437,2.60770320892334e-08,8.934137001385226e-16
21245.535,-29188081.719801445,1.862645149230957e-08,6.381526429560876e-16
21305.535,-29188081.719801445,1.862645149230957e-08,6.381526429560876e-16
21365.535,-29188081.71980144,2.2351741790771484e-08,7.657831715473051e-16
21425.535,-29188081.719801433,2.9802322387695312e-08,1.0210442287297402e-15
21485.535,-29188081.71980145,1.4901161193847656e-08,5.105221143648701e-16
21545.535,-29188081.71980144,2.2351741790771484e-08,7.657831715473051e-16
21605.535,-29188081.71980144,2.2351741790771484e-08,7.657831715473051e-16
21665.535,-29188081.71980145,1.4901161193847656e-08,5.105221143648701e-16
21725.535,-29188081.71980145,1.4901161193847656e-08,5.105221143648701e-16
21785.535,-29188081.719801445,1.862645149230957e-08,6.381526429560876e-16
21845.535,-29188081.719801445,1.862645149230957e-08,6.381526429560876e-16
21905.535,-29188081.719801452,1.1175870895385742e-08,3.8289158577365256e-16
21965.535,-29188081.719801452,1.1175870895385742e-08,3.8289158577365256e-16
22025.535,-29188081.719801452,1.1175870895385742e-08,3.8289158577365256e-16
22085.535,-29188081.719801445,1.862645149230957e-08,6.381526429560876e-16
22145.535,-29188081.719801452,1.1175870895385742e-08,3.8289158577365256e-16
22205.535,-29188081.71980145,1.4901161193847656e-08,5.105221143648701e-16
22265.535,-29188081.719801456,7.450580596923828e-09,2.5526105718243506e-16
22325.535,-29188081.719801456,7.450580596923828e-09,2.5526105718243506e-16
22385.535,-29188081.719801456,7.450580596923828e-09,2.5526105718243506e-16
22445.535,-29188081.719801456,7.450580596923828e-09,2.5526105718243506e-16
22505.535,-29188081.719801456,7.450580596923828e-09,2.5526105718243506e-16
22565.535,-29188081.719801463,0.0,0.0
22625.535,-29188081.719801463,0.0,0.0
22685.535,-29188081.719801456,7.450580596923828e-09,2.5526105718243506e-16
22745.535,-29188081.719801456,7.450580596923828e-09,2.5526105718243506e-16
22805.535,-29188081.719801456,7.450580596923828e-09,2.5526105718243506e-16
22865.535,-29188081.71980147,-7.450580596923828e-09,-2.5526105718243506e-16
22925.535,-29188081.71980147,-7.450580596923828e-09,-2.5526105718243506e-16
22985.535,-29188081.71980147,-7.450580596923828e-09,-2.5526105718243506e-16
23045.535,-29188081.71980147,-7.450580596923828e-09,-2.5526105718243506e-16
23105.535,-29188081.719801478,-1.4901161193847656e-08,-5.105221143648701e-16
23165.535,-29188081.719801478,-1.4901161193847656e-08,-5.105221143648701e-16
23225.535,-29188081.719801486,-2.2351741790771484e-08,-7.657831715473051e-16
23285.535,-29188081.719801486,-2.2351741790771484e-08,-7.657831715473051e-16
23345.535,-29188081.719801493,-2.9802322387695312e-08,-1.0210442287297402e-15
23405.535,-29188081.7198015,-3.725290298461914e-08,-1.2763052859121751e-15
23465.535,-29188081.719801486,-2.2351741790771484e-08,-7.657831715473051e-16
23525.535,-29188081.719801508,-4.470348358154297e-08,-1.5315663430946102e-15
23585.535,-29188081.719801493,-2.9802322387695312e-08,-1.0210442287297402e-15
23645.535,-29188081.719801493,-2.9802322387695312e-08,-1.0210442287297402e-15
23705.535,-29188081.7198015,-3.725290298461914e-08,-1.2763052859121751e-15
23765.535,-29188081.719801504,-4.0978193283081055e-08,-1.4039358145033928e-15
23825.535,-29188081.719801497,-3.3527612686157227e-08,-1.1486747573209577e-15
23885.535,-29188081.719801504,-4.0978193283081055e-08,-1.4039358145033928e-15
23945.535,-29188081.719801497,-3.3527612686157227e-08,-1.1486747573209577e-15
24005.535,-29188081.719801493,-2.9802322387695312e-08,-1.0210442287297402e-15
24065.535,-29188081.7198015,-3.725290298461914e-08,-1.2763052859121751e-15
24125.535,-29188081.719801515,-5.21540641784668e-08,-1.786827400277045e-15
24185.535,-29188081.719801508,-4.470348358154297e-08,-1.5315663430946102e-15
24245.535,-29188081.719801508,-4.470348358154297e-08,-1.5315663430946102e-15
24305.535,-29188081.719801515,-5.21540641784668e-08,-1.786827400277045e-15
24365.535,-29188081.71980151,-4.842877388000488e-08,-1.6591968716858277e-15
24425.535,-29188081.719801504,-4.0978193283081055e-08,-1.4039358145033928e-15
24485.535,-29188081.719801504,-4.0978193283081055e-08,-1.4039358145033928e-15
24545.535,-29188081.719801515,-5.21540641784668e-08,-1.786827400277045e-15
24605.535,-29188081.719801508,-4.470348358154297e-08,-1.5315663430946102e-15
24665.535,-29188081.719801508,-4.470348358154297e-08,-1.5315663430946102e-15
24725.535,-29188081.719801508,-4.470348358154297e-08,-1.5315663430946102e-15
24785.535,-29188081.71980152,-5.587935447692871e-08,-1.9144579288682626e-15
24845.535,-29188081.71980151,-4.842877388000488e-08,-1.6591968716858277e-15
24905.535,-29188081.71980151,-4.842877388000488e-08,-1.6591968716858277e-15
24965.535,-29188081.71980151,-4.842877388000488e-08,-1.6591968716858277e-15
25025.535,-29188081.71980151,-4.842877388000488e-08,-1.6591968716858277e-15
25085.535,-29188081.719801523,-5.960464477539063e-08,-2.0420884574594805e-15
25145.535,-29188081.719801508,-4.470348358154297e-08,-1.5315663430946102e-15
25205.535,-29188081.719801508,-4.470348358154297e-08,-1.5315663430946102e-15
25265.535,-29188081.719801523,-5.960464477539063e-08,-2.0420884574594805e-15
25325.535,-29188081.719801523,-5.960464477539063e-08,-2.0420884574594805e-15
25385.535,-29188081.719801515,-5.21540641784668e-08,-1.786827400277045e-15
25445.535,-29188081.719801523,-5.960464477539063e-08,-2.0420884574594805e-15
25505.535,-29188081.71980152,-5.587935447692871e-08,-1.9144579288682626e-15
25565.535,-29188081.71980152,-5.587935447692871e-08,-1.9144579288682626e-15
25625.535,-29188081.71980152,-5.587935447692871e-08,-1.9144579288682626e-15
25685.535,-29188081.71980152,-5.587935447692871e-08,-1.9144579288682626e-15
25745.535,-29188081.719801527,-6.332993507385254e-08,-2.169718986050698e-15
25805.535,-29188081.719801534,-7.078051567077637e-08,-2.424980043233133e-15
25865.535,-29188081.719801527,-6.332993507385254e-08,-2.169718986050698e-15
25925.535,-29188081.719801538,-7.450580596923828e-08,-2.5526105718243503e-15
25985.535,-29188081.71980153,-6.705522537231445e-08,-2.2973495146419154e-15
26045.535,-29188081.71980153,-6.705522537231445e-08,-2.2973495146419154e-15
26105.535,-29188081.719801538,-7.450580596923828e-08,-2.5526105718243503e-15
26165.535,-29188081.719801538,-7.450580596923828e-08,-2.5526105718243503e-15
26225.535,-29188081.719801538,-7.450580596923828e-08,-2.5526105718243503e-15
26285.535,-29188081.719801538,-7.450580596923828e-08,-2.5526105718243503e-15
26345.535,-29188081.719801553,-8.940696716308594e-08,-3.0631326861892205e-15
26405.535,-29188081.719801538,-7.450580596923828e-08,-2.5526105718243503e-15
26465.535,-29188081.719801527,-6.332993507385254e-08,-2.169718986050698e-15
26525.535,-29188081.719801534,-7.078051567077637e-08,-2.424980043233133e-15
26585.535,-29188081.719801534,-7.078051567077637e-08,-2.424980043233133e-15
26645.535,-29188081.71980154,-7.82310962677002e-08,-2.6802411004155677e-15
26705.535,-29188081.71980154,-7.82310962677002e-08,-2.6802411004155677e-15
26765.535,-29188081.71980154,-7.82310962677002e-08,-2.6802411004155677e-15
26825.535,-29188081.719801538,-7.450580596923828e-08,-2.5526105718243503e-15
26885.535,-29188081.719801538,-7.450580596923828e-08,-2.5526105718243503e-15
26945.535,-29188081.719801538,-7.450580596923828e-08,-2.5526105718243503e-15
27005.535,-29188081.719801538,-7.450580596923828e-08,-2.5526105718243503e-15
27065.535,-29188081.719801545,-8.195638656616211e-08,-2.8078716290067856e-15
27125.535,-29188081.719801534,-7.078051567077637e-08,-2.424980043233133e-15
27185.535,-29188081.71980154,-7.82310962677002e-08,-2.6802411004155677e-15
27245.535,-29188081.71980154,-7.82310962677002e-08,-2.6802411004155677e-15
27305.535,-29188081.71980155,-8.568167686462402e-08,-2.935502157598003e-15
27365.535,-29188081.719801545,-8.195638656616211e-08,-2.8078716290067856e-15
27425.535,-29188081.719801538,-7.450580596923828e-08,-2.5526105718243503e-15
27485.535,-29188081.719801538,-7.450580596923828e-08,-2.5526105718243503e-15
27545.535,-29188081.719801545,-8.195638656616211e-08,-2.8078716290067856e-15
27605.535,-29188081.719801553,-8.940696716308594e-08,-3.0631326861892205e-15
27665.535,-29188081.719801553,-8.940696716308594e-08,-3.0631326861892205e-15
27725.535,-29188081.719801545,-8.195638656616211e-08,-2.8078716290067856e-15
27785.535,-29188081.719801545,-8.195638656616211e-08,-2.8078716290067856e-15
27845.535,-29188081.719801556,-9.313225746154785e-08,-3.190763214780438e-15
27905.535,-29188081.71980155,-8.568167686462402e-08,-2.935502157598003e-15
27965.535,-29188081.71980155,-8.568167686462402e-08,-2.935502157598003e-15
28025.535,-29188081.71980155,-8.568167686462402e-08,-2.935502157598003e-15
28085.535,-29188081.719801556,-9.313225746154785e-08,-3.190763214780438e-15
28145.535,-29188081.719801556,-9.313225746154785e-08,-3.190763214780438e-15
28205.535,-29188081.719801556,-9.313225746154785e-08,-3.190763214780438e-15
28265.535,-29188081.71980155,-8.568167686462402e-08,-2.935502157598003e-15
28325.535,-29188081.719801556,-9.313225746154785e-08,-3.190763214780438e-15
28385.535,-29188081.719801564,-1.0058283805847168e-07,-3.446024271962873e-15
28445.535,-29188081.719801556,-9.313225746154785e-08,-3.190763214780438e-15
28505.535,-29188081.719801564,-1.0058283805847168e-07,-3.446024271962873e-15
28565.535,-29188081.719801553,-8.940696716308594e-08,-3.0631326861892205e-15
28625.535,-29188081.71980156,-9.685754776000977e-08,-3.3183937433716554e-15
28685.535,-29188081.719801567,-1.043081283569336e-07,-3.57365480055409e-15
28745.535,-29188081.719801567,-1.043081283569336e-07,-3.57365480055409e-15
28805.535,-29188081.719801553,-8.940696716308594e-08,-3.0631326861892205e-15
28865.535,-29188081.719801567,-1.043081283569336e-07,-3.57365480055409e-15
28925.535,-29188081.71980156,-9.685754776000977e-08,-3.3183937433716554e-15
28985.535,-29188081.71980156,-9.685754776000977e-08,-3.3183937433716554e-15
29045.535,-29188081.71980156,-9.685754776000977e-08,-3.3183937433716554e-15
29105.535,-29188081.719801564,-1.0058283805847168e-07,-3.446024271962873e-15
29165.535,-29188081.719801564,-1.0058283805847168e-07,-3.446024271962873e-15
29225.535,-29188081.71980157,-1.0803341865539551e-07,-3.701285329145308e-15
29285.535,-29188081.71980158,-1.1548399925231934e-07,-3.9565463863277435e-15
29345.535,-29188081.719801564,-1.0058283805847168e-07,-3.446024271962873e-15
29405.535,-29188081.719801567,-1.043081283569336e-07,-3.57365480055409e-15
29465.535,-29188081.719801567,-1.043081283569336e-07,-3.57365480055409e-15
29525.535,-29188081.71980156,-9.685754776000977e-08,-3.3183937433716554e-15
29585.535,-29188081.719801553,-8.940696716308594e-08,-3.0631326861892205e-15
29645.535,-29188081.71980156,-9.685754776000977e-08,-3.3183937433716554e-15
29705.535,-29188081.719801556,-9.313225746154785e-08,-3.190763214780438e-15
29765.535,-29188081.719801564,-1.0058283805847168e-07,-3.446024271962873e-15
29825.535,-29188081.719801564,-1.0058283805847168e-07,-3.446024271962873e-15
29885.535,-29188081.71980157,-1.0803341865539551e-07,-3.701285329145308e-15
29945.535,-29188081.719801564,-1.0058283805847168e-07,-3.446024271962873e-15
30005.535,-29188081.719801567,-1.043081283569336e-07,-3.57365480055409e-15
30065.535,-29188081.719801567,-1.043081283569336e-07,-3.57365480055409e-15
30125.535,-29188081.719801567,-1.043081283569336e-07,-3.57365480055409e-15
30185.535,-29188081.719801575,-1.1175870895385742e-07,-3.828915857736525e-15
30245.535,-29188081.719801567,-1.043081283569336e-07,-3.57365480055409e-15
30305.535,-29188081.71980156,-9.685754776000977e-08,-3.3183937433716554e-15
30365.535,-29188081.71980156,-9.685754776000977e-08,-3.3183937433716554e-15
30425.535,-29188081.719801564,-1.0058283805847168e-07,-3.446024271962873e-15
30485.535,-29188081.71980157,-1.0803341865539551e-07,-3.701285329145308e-15
30545.535,-29188081.71980157,-1.0803341865539551e-07,-3.701285329145308e-15
30605.535,-29188081.71980158,-1.1548399925231934e-07,-3.9565463863277435e-15
30665.535,-29188081.71980158,-1.1548399925231934e-07,-3.9565463863277435e-15
30725.535,-29188081.71980157,-1.0803341865539551e-07,-3.701285329145308e-15
30785.535,-29188081.719801564,-1.0058283805847168e-07,-3.446024271962873e-15
30845.535,-29188081.71980157,-1.0803341865539551e-07,-3.701285329145308e-15
30905.535,-29188081.71980157,-1.0803341865539551e-07,-3.701285329145308e-15
30965.535,-29188081.71980158,-1.1548399925231934e-07,-3.9565463863277435e-15
31025.535,-29188081.71980157,-1.0803341865539551e-07,-3.701285329145308e-15
31085.535,-29188081.71980157,-1.0803341865539551e-07,-3.701285329145308e-15
31145.535,-29188081.71980157,-1.0803341865539551e-07,-3.701285329145308e-15
31205.535,-29188081.71980157,-1.0803341865539551e-07,-3.701285329145308e-15
31265.535,-29188081.719801564,-1.0058283805847168e-07,-3.446024271962873e-15
31325.535,-29188081.719801564,-1.0058283805847168e-07,-3.446024271962873e-15
31385.535,-29188081.719801556,-9.313225746154785e-08,-3.190763214780438e-15
31445.535,-29188081.71980156,-9.685754776000977e-08,-3.3183937433716554e-15
31505.535,-29188081.719801567,-1.043081283569336e-07,-3.57365480055409e-15
31565.535,-29188081.719801575,-1.1175870895385742e-07,-3.828915857736525e-15
31625.535,-29188081.719801582,-1.1920928955078125e-07,-4.084176914918961e-15
31685.535,-29188081.719801582,-1.1920928955078125e-07,-4.084176914918961e-15
31745.535,-29188081.71980158,-1.1548399925231934e-07,-3.9565463863277435e-15
31805.535,-29188081.71980158,-1.1548399925231934e-07,-3.9565463863277435e-15
31865.535,-29188081.71980158,-1.1548399925231934e-07,-3.9565463863277435e-15
31925.535,-29188081.719801586,-1.2293457984924316e-07,-4.211807443510178e-15
31985.535,-29188081.71980158,-1.1548399925231934e-07,-3.9565463863277435e-15
32045.535,-29188081.71980158,-1.1548399925231934e-07,-3.9565463863277435e-15
32105.535,-29188081.719801567,-1.043081283569336e-07,-3.57365480055409e-15
32165.535,-29188081.719801575,-1.1175870895385742e-07,-3.828915857736525e-15
32225.535,-29188081.719801575,-1.1175870895385742e-07,-3.828915857736525e-15
32285.535,-29188081.719801575,-1.1175870895385742e-07,-3.828915857736525e-15
32345.535,-29188081.719801575,-1.1175870895385742e-07,-3.828915857736525e-15
32405.535,-29188081.719801575,-1.1175870895385742e-07,-3.828915857736525e-15
32465.535,-29188081.71980158,-1.1548399925231934e-07,-3.9565463863277435e-15
32525.535,-29188081.71980158,-1.1548399925231934e-07,-3.9565463863277435e-15
32585.535,-29188081.719801586,-1.2293457984924316e-07,-4.211807443510178e-15
32645.535,-29188081.719801586,-1.2293457984924316e-07,-4.211807443510178e-15
32705.535,-29188081.719801586,-1.2293457984924316e-07,-4.211807443510178e-15
32765.535,-29188081.71980158,-1.1548399925231934e-07,-3.9565463863277435e-15
32825.535,-29188081.719801582,-1.1920928955078125e-07,-4.084176914918961e-15
32885.535,-29188081.719801582,-1.1920928955078125e-07,-4.084176914918961e-15
32945.535,-29188081.719801575,-1.1175870895385742e-07,-3.828915857736525e-15
33005.535,-29188081.719801575,-1.1175870895385742e-07,-3.828915857736525e-15
33065.535,-29188081.719801582,-1.1920928955078125e-07,-4.084176914918961e-15
33125.535,-29188081.719801582,-1.1920928955078125e-07,-4.084176914918961e-15
33185.535,-29188081.71980159,-1.2665987014770508e-07,-4.339437972101396e-15
33245.535,-29188081.719801582,-1.1920928955078125e-07,-4.084176914918961e-15
33305.535,-29188081.719801575,-1.1175870895385742e-07,-3.828915857736525e-15
33365.535,-29188081.719801575,-1.1175870895385742e-07,-3.828915857736525e-15
33425.535,-29188081.719801575,-1.1175870895385742e-07,-3.828915857736525e-15
33485.535,-29188081.719801575,-1.1175870895385742e-07,-3.828915857736525e-15
33545.535,-29188081.719801582,-1.1920928955078125e-07,-4.084176914918961e-15
33605.535,-29188081.719801575,-1.1175870895385742e-07,-3.828915857736525e-15
33665.535,-29188081.719801582,-1.1920928955078125e-07,-4.084176914918961e-15
33725.535,-29188081.719801582,-1.1920928955078125e-07,-4.084176914918961e-15
33785.535,-29188081.719801575,-1.1175870895385742e-07,-3.828915857736525e-15
33845.535,-29188081.719801567,-1.043081283569336e-07,-3.57365480055409e-15
33905.535,-29188081.719801575,-1.1175870895385742e-07,-3.828915857736525e-15
33965.535,-29188081.71980156,-9.685754776000977e-08,-3.3183937433716554e-15
34025.535,-29188081.719801556,-9.313225746154785e-08,-3.190763214780438e-15
34085.535,-29188081.719801564,-1.0058283805847168e-07,-3.446024271962873e-15
34145.535,-29188081.719801556,-9.313225746154785e-08,-3.190763214780438e-15
34205.535,-29188081.719801556,-9.313225746154785e-08,-3.190763214780438e-15
34265.535,-29188081.719801556,-9.313225746154785e-08,-3.190763214780438e-15
34325.535,-29188081.719801564,-1.0058283805847168e-07,-3.446024271962873e-15
34385.535,-29188081.71980156,-9.685754776000977e-08,-3.3183937433716554e-15
34445.535,-29188081.71980156,-9.685754776000977e-08,-3.3183937433716554e-15
34505.535,-29188081.71980156,-9.685754776000977e-08,-3.3183937433716554e-15
34565.535,-29188081.719801545,-8.195638656616211e-08,-2.8078716290067856e-15
34625.535,-29188081.719801545,-8.195638656616211e-08,-2.8078716290067856e-15
34685.535,-29188081.71980156,-9.685754776000977e-08,-3.3183937433716554e-15
34745.535,-29188081.71980156,-9.685754776000977e-08,-3.3183937433716554e-15
34805.535,-29188081.719801553,-8.940696716308594e-08,-3.0631326861892205e-15
34865.535,-29188081.719801564,-1.0058283805847168e-07,-3.446024271962873e-15
34925.535,-29188081.719801564,-1.0058283805847168e-07,-3.446024271962873e-15
34985.535,-29188081.719801556,-9.313225746154785e-08,-3.190763214780438e-15
35045.535,-29188081.71980155,-8.568167686462402e-08,-2.935502157598003e-15
35105.535,-29188081.719801556,-9.313225746154785e-08,-3.190763214780438e-15
35165.535,-29188081.719801564,-1.0058283805847168e-07,-3.446024271962873e-15
35225.535,-29188081.719801567,-1.043081283569336e-07,-3.57365480055409e-15
35285.535,-29188081.719801567,-1.043081283569336e-07,-3.57365480055409e-15
35345.535,-29188081.719801567,-1.043081283569336e-07,-3.57365480055409e-15
35405.535,-29188081.71980156,-9.685754776000977e-08,-3.3183937433716554e-15
35465.535,-29188081.719801567,-1.043081283569336e-07,-3.57365480055409e-15
35525.535,-29188081.719801567,-1.043081283569336e-07,-3.57365480055409e-15
35585.535,-29188081.71980156,-9.685754776000977e-08,-3.3183937433716554e-15
35645.535,-29188081.71980156,-9.685754776000977e-08,-3.3183937433716554e-15
35705.535,-29188081.71980156,-9.685754776000977e-08,-3.3183937433716554e-15
35765.535,-29188081.719801575,-1.1175870895385742e-07,-3.828915857736525e-15
35825.535,-29188081.719801575,-1.1175870895385742e-07,-3.828915857736525e-15
35885.535,-29188081.71980157,-1.0803341865539551e-07,-3.701285329145308e-15
35945.535,-29188081.719801567,-1.043081283569336e-07,-3.57365480055409e-15
36005.535,-29188081.719801567,-1.043081283569336e-07,-3.57365480055409e-15
36065.535,-29188081.719801567,-1.043081283569336e-07,-3.57365480055409e-15
36125.535,-29188081.719801564,-1.0058283805847168e-07,-3.446024271962873e-15
36185.535,-29188081.719801575,-1.1175870895385742e-07,-3.828915857736525e-15
36245.535,-29188081.719801567,-1.043081283569336e-07,-3.57365480055409e-15
36305.535,-29188081.719801567,-1.043081283569336e-07,-3.57365480055409e-15
36365.535,-29188081.719801567,-1.043081283569336e-07,-3.57365480055409e-15
36425.535,-29188081.719801567,-1.043081283569336e-07,-3.57365480055409e-15
36485.535,-29188081.719801567,-1.043081283569336e-07,-3.57365480055409e-15
36545.535,-29188081.719801575,-1.1175870895385742e-07,-3.828915857736525e-15
36605.535,-29188081.719801567,-1.043081283569336e-07,-3.57365480055409e-15
36665.535,-29188081.719801575,-1.1175870895385742e-07,-3.828915857736525e-15
36725.535,-29188081.719801575,-1.1175870895385742e-07,-3.828915857736525e-15
36785.535,-29188081.719801582,-1.1920928955078125e-07,-4.084176914918961e-15
36845.535,-29188081.719801582,-1.1920928955078125e-07,-4.084176914918961e-15
36905.535,-29188081.71980158,-1.1548399925231934e-07,-3.9565463863277435e-15
36965.535,-29188081.71980158,-1.1548399925231934e-07,-3.9565463863277435e-15
37025.535,-29188081.719801586,-1.2293457984924316e-07,-4.211807443510178e-15
37085.535,-29188081.719801586,-1.2293457984924316e-07,-4.211807443510178e-15
37145.535,-29188081.719801594,-1.30385160446167e-07,-4.467068500692613e-15
37205.535,-29188081.719801586,-1.2293457984924316e-07,-4.211807443510178e-15
37265.535,-29188081.71980158,-1.1548399925231934e-07,-3.9565463863277435e-15
37325.535,-29188081.719801575,-1.1175870895385742e-07,-3.828915857736525e-15
37385.535,-29188081.719801575,-1.1175870895385742e-07,-3.828915857736525e-15
37445.535,-29188081.719801575,-1.1175870895385742e-07,-3.828915857736525e-15
37505.535,-29188081.71980156,-9.685754776000977e-08,-3.3183937433716554e-15
37565.535,-29188081.71980156,-9.685754776000977e-08,-3.3183937433716554e-15
37625.535,-29188081.719801567,-1.043081283569336e-07,-3.57365480055409e-15
37685.535,-29188081.719801567,-1.043081283569336e-07,-3.57365480055409e-15
37745.535,-29188081.71980156,-9.685754776000977e-08,-3.3183937433716554e-15
37805.535,-29188081.719801567,-1.043081283569336e-07,-3.57365480055409e-15
37865.535,-29188081.719801567,-1.043081283569336e-07,-3.57365480055409e-15
37925.535,-29188081.719801567,-1.043081283569336e-07,-3.57365480055409e-15
37985.535,-29188081.71980156,-9.685754776000977e-08,-3.3183937433716554e-15
38045.535,-29188081.71980156,-9.685754776000977e-08,-3.3183937433716554e-15
38105.535,-29188081.719801556,-9.313225746154785e-08,-3.190763214780438e-15
38165.535,-29188081.719801556,-9.313225746154785e-08,-3.190763214780438e-15
38225.535,-29188081.71980154,-7.82310962677002e-08,-2.6802411004155677e-15
38285.535,-29188081.71980155,-8.568167686462402e-08,-2.935502157598003e-15
38345.535,-29188081.71980154,-7.82310962677002e-08,-2.6802411004155677e-15
38405.535,-29188081.71980155,-8.568167686462402e-08,-2.935502157598003e-15
38465.535,-29188081.719801556,-9.313225746154785e-08,-3.190763214780438e-15
38525.535,-29188081.719801556,-9.313225746154785e-08,-3.190763214780438e-15
38585.535,-29188081.71980155,-8.568167686462402e-08,-2.935502157598003e-15
38645.535,-29188081.719801545,-8.195638656616211e-08,-2.8078716290067856e-15
38705.535,-29188081.719801545,-8.195638656616211e-08,-2.8078716290067856e-15
38765.535,-29188081.719801545,-8.195638656616211e-08,-2.8078716290067856e-15
38825.535,-29188081.719801545,-8.195638656616211e-08,-2.8078716290067856e-15
38885.535,-29188081.719801538,-7.450580596923828e-08,-2.5526105718243503e-15
38945.535,-29188081.719801553,-8.940696716308594e-08,-3.0631326861892205e-15
39005.535,-29188081.719801545,-8.195638656616211e-08,-2.8078716290067856e-15
39065.535,-29188081.719801538,-7.450580596923828e-08,-2.5526105718243503e-15
39125.535,-29188081.719801553,-8.940696716308594e-08,-3.0631326861892205e-15
39185.535,-29188081.719801553,-8.940696716308594e-08,-3.0631326861892205e-15
39245.535,-29188081.71980156,-9.685754776000977e-08,-3.3183937433716554e-15
39305.535,-29188081.71980156,-9.685754776000977e-08,-3.3183937433716554e-15
39365.535,-29188081.71980156,-9.685754776000977e-08,-3.3183937433716554e-15
39425.535,-29188081.71980156,-9.685754776000977e-08,-3.3183937433716554e-15
39485.535,-29188081.71980156,-9.685754776000977e-08,-3.3183937433716554e-15
39545.535,-29188081.719801553,-8.940696716308594e-08,-3.0631326861892205e-15
39605.535,-29188081.719801545,-8.195638656616211e-08,-2.8078716290067856e-15
39665.535,-29188081.719801545,-8.195638656616211e-08,-2.8078716290067856e-15
39725.535,-29188081.719801553,-8.940696716308594e-08,-3.0631326861892205e-15
39785.535,-29188081.719801553,-8.940696716308594e-08,-3.0631326861892205e-15
39845.535,-29188081.719801553,-8.940696716308594e-08,-3.0631326861892205e-15
39905.535,-29188081.719801564,-1.0058283805847168e-07,-3.446024271962873e-15
39965.535,-29188081.719801556,-9.313225746154785e-08,-3.190763214780438e-15
40025.535,-29188081.719801564,-1.0058283805847168e-07,-3.446024271962873e-15
40085.535,-29188081.719801564,-1.0058283805847168e-07,-3.446024271962873e-15
40145.535,-29188081.71980155,-8.568167686462402e-08,-2.935502157598003e-15
40205.535,-29188081.719801556,-9.313225746154785e-08,-3.190763214780438e-15
40265.535,-29188081.719801556,-9.313225746154785e-08,-3.190763214780438e-15
40325.535,-29188081.71980156,-9.685754776000977e-08,-3.3183937433716554e-15
40385.535,-29188081.71980156,-9.685754776000977e-08,-3.3183937433716554e-15
40445.535,-29188081.71980156,-9.685754776000977e-08,-3.3183937433716554e-15
40505.535,-29188081.719801567,-1.043081283569336e-07,-3.57365480055409e-15
40565.535,-29188081.719801567,-1.043081283569336e-07,-3.57365480055409e-15
40625.535,-29188081.719801567,-1.043081283569336e-07,-3.57365480055409e-15
40685.535,-29188081.71980156,-9.685754776000977e-08,-3.3183937433716554e-15
40745.535,-29188081.71980156,-9.685754776000977e-08,-3.3183937433716554e-15
40805.535,-29188081.719801556,-9.313225746154785e-08,-3.190763214780438e-15
40865.535,-29188081.719801564,-1.0058283805847168e-07,-3.446024271962873e-15
40925.535,-29188081.719801564,-1.0058283805847168e-07,-3.446024271962873e-15
40985.535,-29188081.719801564,-1.0058283805847168e-07,-3.446024271962873e-15
41045.535,-29188081.719801564,-1.0058283805847168e-07,-3.446024271962873e-15
41105.535,-29188081.71980157,-1.0803341865539551e-07,-3.701285329145308e-15
41165.535,-29188081.719801567,-1.043081283569336e-07,-3.57365480055409e-15
41225.535,-29188081.71980156,-9.685754776000977e-08,-3.3183937433716554e-15
41285.535,-29188081.719801567,-1.043081283569336e-07,-3.57365480055409e-15
41345.535,-29188081.719801567,-1.043081283569336e-07,-3.57365480055409e-15
41405.535,-29188081.71980156,-9.685754776000977e-08,-3.3183937433716554e-15
41465.535,-29188081.71980156,-9.685754776000977e-08,-3.3183937433716554e-15
41525.535,-29188081.719801553,-8.940696716308594e-08,-3.0631326861892205e-15
41585.535,-29188081.719801545,-8.195638656616211e-08,-2.8078716290067856e-15
41645.535,-29188081.719801556,-9.313225746154785e-08,-3.190763214780438e-15
41705.535,-29188081.719801556,-9.313225746154785e-08,-3.190763214780438e-15
41765.535,-29188081.71980155,-8.568167686462402e-08,-2.935502157598003e-15
41825.535,-29188081.71980155,-8.568167686462402e-08,-2.935502157598003e-15
41885.535,-29188081.71980155,-8.568167686462402e-08,-2.935502157598003e-15
41945.535,-29188081.71980155,-8.568167686462402e-08,-2.935502157598003e-15
42005.535,-29188081.71980155,-8.568167686462402e-08,-2.935502157598003e-15
42065.535,-29188081.71980154,-7.82310962677002e-08,-2.6802411004155677e-15
42125.535,-29188081.71980154,-7.82310962677002e-08,-2.6802411004155677e-15
42185.535,-29188081.71980154,-7.82310962677002e-08,-2.6802411004155677e-15
42245.535,-29188081.71980154,-7.82310962677002e-08,-2.6802411004155677e-15
42305.535,-29188081.71980155,-8.568167686462402e-08,-2.935502157598003e-15
42365.535,-29188081.719801534,-7.078051567077637e-08,-2.424980043233133e-15
42425.535,-29188081.71980154,-7.82310962677002e-08,-2.6802411004155677e-15
42485.535,-29188081.719801545,-8.195638656616211e-08,-2.8078716290067856e-15
42545.535,-29188081.719801538,-7.450580596923828e-08,-2.5526105718243503e-15
42605.535,-29188081.719801545,-8.195638656616211e-08,-2.8078716290067856e-15
42665.535,-29188081.719801538,-7.450580596923828e-08,-2.5526105718243503e-15
42725.535,-29188081.719801553,-8.940696716308594e-08,-3.0631326861892205e-15
42785.535,-29188081.719801553,-8.940696716308594e-08,-3.0631326861892205e-15
42845.535,-29188081.719801538,-7.450580596923828e-08,-2.5526105718243503e-15
42905.535,-29188081.719801534,-7.078051567077637e-08,-2.424980043233133e-15
42965.535,-29188081.71980154,-7.82310962677002e-08,-2.6802411004155677e-15
43025.535,-29188081.71980155,-8.568167686462402e-08,-2.935502157598003e-15
43085.535,-29188081.71980155,-8.568167686462402e-08,-2.935502157598003e-15
43145.535,-29188081.719801553,-8.940696716308594e-08,-3.0631326861892205e-15
43205.535,-29188081.719801553,-8.940696716308594e-08,-3.0631326861892205e-15
43265.535,-29188081.71980156,-9.685754776000977e-08,-3.3183937433716554e-15
43325.535,-29188081.71980156,-9.685754776000977e-08,-3.3183937433716554e-15
43385.535,-29188081.71980156,-9.685754776000977e-08,-3.3183937433716554e-15
43445.535,-29188081.719801556,-9.313225746154785e-08,-3.190763214780438e-15
43505.535,-29188081.71980155,-8.568167686462402e-08,-2.935502157598003e-15
43565.535,-29188081.71980155,-8.568167686462402e-08,-2.935502157598003e-15
43625.535,-29188081.719801556,-9.313225746154785e-08,-3.190763214780438e-15
43685.535,-29188081.719801553,-8.940696716308594e-08,-3.0631326861892205e-15
43745.535,-29188081.71980156,-9.685754776000977e-08,-3.3183937433716554e-15
43805.535,-29188081.719801567,-1.043081283569336e-07,-3.57365480055409e-15
43865.535,-29188081.719801567,-1.043081283569336e-07,-3.57365480055409e-15
43925.535,-29188081.719801567,-1.043081283569336e-07,-3.57365480055409e-15
43985.535,-29188081.719801567,-1.043081283569336e-07,-3.57365480055409e-15
44045.535,-29188081.719801564,-1.0058283805847168e-07,-3.446024271962873e-15
44105.535,-29188081.71980157,-1.0803341865539551e-07,-3.701285329145308e-15
44165.535,-29188081.71980157,-1.0803341865539551e-07,-3.701285329145308e-15
44225.535,-29188081.71980157,-1.0803341865539551e-07,-3.701285329145308e-15
44285.535,-29188081.71980157,-1.0803341865539551e-07,-3.701285329145308e-15
44345.535,-29188081.71980157,-1.0803341865539551e-07,-3.701285329145308e-15
44405.535,-29188081.71980157,-1.0803341865539551e-07,-3.701285329145308e-15
44465.535,-29188081.719801586,-1.2293457984924316e-07,-4.211807443510178e-15
44525.535,-29188081.71980158,-1.1548399925231934e-07,-3.9565463863277435e-15
44585.535,-29188081.71980158,-1.1548399925231934e-07,-3.9565463863277435e-15
44645.535,-29188081.719801586,-1.2293457984924316e-07,-4.211807443510178e-15
44705.535,-29188081.719801594,-1.30385160446167e-07,-4.467068500692613e-15
44765.535,-29188081.719801586,-1.2293457984924316e-07,-4.211807443510178e-15
44825.535,-29188081.719801586,-1.2293457984924316e-07,-4.211807443510178e-15
44885.535,-29188081.719801586,-1.2293457984924316e-07,-4.211807443510178e-15
44945.535,-29188081.719801586,-1.2293457984924316e-07,-4.211807443510178e-15
45005.535,-29188081.719801594,-1.30385160446167e-07,-4.467068500692613e-15
45065.535,-29188081.71980158,-1.1548399925231934e-07,-3.9565463863277435e-15
45125.535,-29188081.719801586,-1.2293457984924316e-07,-4.211807443510178e-15
45185.535,-29188081.719801586,-1.2293457984924316e-07,-4.211807443510178e-15
45245.535,-29188081.719801582,-1.1920928955078125e-07,-4.084176914918961e-15
45305.535,-29188081.719801575,-1.1175870895385742e-07,-3.828915857736525e-15
45365.535,-29188081.719801582,-1.1920928955078125e-07,-4.084176914918961e-15
45425.535,-29188081.719801582,-1.1920928955078125e-07,-4.084176914918961e-15
45485.535,-29188081.71980159,-1.2665987014770508e-07,-4.339437972101396e-15
45545.535,-29188081.71980159,-1.2665987014770508e-07,-4.339437972101396e-15
45605.535,-29188081.719801582,-1.1920928955078125e-07,-4.084176914918961e-15
45665.535,-29188081.719801586,-1.2293457984924316e-07,-4.211807443510178e-15
45725.535,-29188081.719801594,-1.30385160446167e-07,-4.467068500692613e-15
45785.535,-29188081.719801586,-1.2293457984924316e-07,-4.211807443510178e-15
45845.535,-29188081.719801586,-1.2293457984924316e-07,-4.211807443510178e-15
45905.535,-29188081.719801582,-1.1920928955078125e-07,-4.084176914918961e-15
45965.535,-29188081.71980159,-1.2665987014770508e-07,-4.339437972101396e-15
46025.535,-29188081.719801597,-1.341104507446289e-07,-4.594699029283831e-15
46085.535,-29188081.71980159,-1.2665987014770508e-07,-4.339437972101396e-15
46145.535,-29188081.71980159,-1.2665987014770508e-07,-4.339437972101396e-15
46205.535,-29188081.7198016,-1.3783574104309082e-07,-4.722329557875048e-15
46265.535,-29188081.719801594,-1.30385160446167e-07,-4.467068500692613e-15
46325.535,-29188081.719801594,-1.30385160446167e-07,-4.467068500692613e-15
46385.535,-29188081.719801594,-1.30385160446167e-07,-4.467068500692613e-15
46445.535,-29188081.719801597,-1.341104507446289e-07,-4.594699029283831e-15
46505.535,-29188081.719801605,-1.4156103134155273e-07,-4.849960086466266e-15
46565.535,-29188081.719801597,-1.341104507446289e-07,-4.594699029283831e-15
46625.535,-29188081.719801597,-1.341104507446289e-07,-4.594699029283831e-15
46685.535,-29188081.719801586,-1.2293457984924316e-07,-4.211807443510178e-15
46745.535,-29188081.719801594,-1.30385160446167e-07,-4.467068500692613e-15
46805.535,-29188081.719801594,-1.30385160446167e-07,-4.467068500692613e-15
46865.535,-29188081.719801594,-1.30385160446167e-07,-4.467068500692613e-15
46925.535,-29188081.719801594,-1.30385160446167e-07,-4.467068500692613e-15
46985.535,-29188081.719801597,-1.341104507446289e-07,-4.594699029283831e-15
47045.535,-29188081.719801597,-1.341104507446289e-07,-4.594699029283831e-15
47105.535,-29188081.71980159,-1.2665987014770508e-07,-4.339437972101396e-15
47165.535,-29188081.719801582,-1.1920928955078125e-07,-4.084176914918961e-15
47225.535,-29188081.719801582,-1.1920928955078125e-07,-4.084176914918961e-15
47285.535,-29188081.71980159,-1.2665987014770508e-07,-4.339437972101396e-15
47345.535,-29188081.719801582,-1.1920928955078125e-07,-4.084176914918961e-15
47405.535,-29188081.71980159,-1.2665987014770508e-07,-4.339437972101396e-15
47465.535,-29188081.719801594,-1.30385160446167e-07,-4.467068500692613e-15
47525.535,-29188081.719801594,-1.30385160446167e-07,-4.467068500692613e-15
47585.535,-29188081.7198016,-1.3783574104309082e-07,-4.722329557875048e-15
47645.535,-29188081.71980161,-1.4528632164001465e-07,-4.977590615057483e-15
47705.535,-29188081.71980161,-1.4528632164001465e-07,-4.977590615057483e-15
47765.535,-29188081.7198016,-1.3783574104309082e-07,-4.722329557875048e-15
47825.535,-29188081.719801594,-1.30385160446167e-07,-4.467068500692613e-15
47885.535,-29188081.7198016,-1.3783574104309082e-07,-4.722329557875048e-15
47945.535,-29188081.719801594,-1.30385160446167e-07,-4.467068500692613e-15
48005.535,-29188081.719801594,-1.30385160446167e-07,-4.467068500692613e-15
48065.535,-29188081.719801586,-1.2293457984924316e-07,-4.211807443510178e-15
48125.535,-29188081.719801594,-1.30385160446167e-07,-4.467068500692613e-15
48185.535,-29188081.71980159,-1.2665987014770508e-07,-4.339437972101396e-15
48245.535,-29188081.719801597,-1.341104507446289e-07,-4.594699029283831e-15
48305.535,-29188081.719801597,-1.341104507446289e-07,-4.594699029283831e-15
48365.535,-29188081.71980159,-1.2665987014770508e-07,-4.339437972101396e-15
48425.535,-29188081.71980159,-1.2665987014770508e-07,-4.339437972101396e-15
48485.535,-29188081.719801597,-1.341104507446289e-07,-4.594699029283831e-15
48545.535,-29188081.719801605,-1.4156103134155273e-07,-4.849960086466266e-15
48605.535,-29188081.719801605,-1.4156103134155273e-07,-4.849960086466266e-15
48665.535,-29188081.719801605,-1.4156103134155273e-07,-4.849960086466266e-15
48725.535,-29188081.719801605,-1.4156103134155273e-07,-4.849960086466266e-15
48785.535,-29188081.719801605,-1.4156103134155273e-07,-4.849960086466266e-15
48845.535,-29188081.719801594,-1.30385160446167e-07,-4.467068500692613e-15
48905.535,-29188081.71980161,-1.4528632164001465e-07,-4.977590615057483e-15
48965.535,-29188081.71980161,-1.4528632164001465e-07,-4.977590615057483e-15
49025.535,-29188081.71980161,-1.4528632164001465e-07,-4.977590615057483e-15
49085.535,-29188081.719801594,-1.30385160446167e-07,-4.467068500692613e-15
49145.535,-29188081.719801597,-1.341104507446289e-07,-4.594699029283831e-15
49205.535,-29188081.719801597,-1.341104507446289e-07,-4.594699029283831e-15
49265.535,-29188081.719801597,-1.341104507446289e-07,-4.594699029283831e-15
49325.535,-29188081.719801597,-1.341104507446289e-07,-4.594699029283831e-15
49385.535,-29188081.719801594,-1.30385160446167e-07,-4.467068500692613e-15
49445.535,-29188081.719801594,-1.30385160446167e-07,-4.467068500692613e-15
49505.535,-29188081.7198016,-1.3783574104309082e-07,-4.722329557875048e-15
49565.535,-29188081.7198016,-1.3783574104309082e-07,-4.722329557875048e-15
49625.535,-29188081.7198016,-1.3783574104309082e-07,-4.722329557875048e-15
49685.535,-29188081.71980159,-1.2665987014770508e-07,-4.339437972101396e-15
49745.535,-29188081.719801582,-1.1920928955078125e-07,-4.084176914918961e-15
49805.535,-29188081.71980159,-1.2665987014770508e-07,-4.339437972101396e-15
49865.535,-29188081.71980159,-1.2665987014770508e-07,-4.339437972101396e-15
49925.535,-29188081.719801586,-1.2293457984924316e-07,-4.211807443510178e-15
49985.535,-29188081.719801586,-1.2293457984924316e-07,-4.211807443510178e-15
50045.535,-29188081.719801594,-1.30385160446167e-07,-4.467068500692613e-15
50105.535,-29188081.7198016,-1.3783574104309082e-07,-4.722329557875048e-15
50165.535,-29188081.719801582,-1.1920928955078125e-07,-4.084176914918961e-15
50225.535,-29188081.71980159,-1.2665987014770508e-07,-4.339437972101396e-15
50285.535,-29188081.71980159,-1.2665987014770508e-07,-4.339437972101396e-15
50345.535,-29188081.719801597,-1.341104507446289e-07,-4.594699029283831e-15
50405.535,-29188081.71980159,-1.2665987014770508e-07,-4.339437972101396e-15
50465.535,-29188081.719801586,-1.2293457984924316e-07,-4.211807443510178e-15
50525.535,-29188081.719801586,-1.2293457984924316e-07,-4.211807443510178e-15
50585.535,-29188081.719801594,-1.30385160446167e-07,-4.467068500692613e-15
50645.535,-29188081.7198016,-1.3783574104309082e-07,-4.722329557875048e-15
50705.535,-29188081.7198016,-1.3783574104309082e-07,-4.722329557875048e-15
50765.535,-29188081.7198016,-1.3783574104309082e-07,-4.722329557875048e-15
50825.535,-29188081.7198016,-1.3783574104309082e-07,-4.722329557875048e-15
50885.535,-29188081.719801594,-1.30385160446167e-07,-4.467068500692613e-15
50945.535,-29188081.71980161,-1.4528632164001465e-07,-4.977590615057483e-15
51005.535,-29188081.71980161,-1.4528632164001465e-07,-4.977590615057483e-15
51065.535,-29188081.7198016,-1.3783574104309082e-07,-4.722329557875048e-15
51125.535,-29188081.71980161,-1.4528632164001465e-07,-4.977590615057483e-15
51185.535,-29188081.71980161,-1.4528632164001465e-07,-4.977590615057483e-15
51245.535,-29188081.719801616,-1.5273690223693848e-07,-5.232851672239918e-15
51305.535,-29188081.71980161,-1.4528632164001465e-07,-4.977590615057483e-15
51365.535,-29188081.719801616,-1.5273690223693848e-07,-5.232851672239918e-15
51425.535,-29188081.7198016,-1.3783574104309082e-07,-4.722329557875048e-15
51485.535,-29188081.719801612,-1.4901161193847656e-07,-5.1052211436487005e-15
51545.535,-29188081.719801605,-1.4156103134155273e-07,-4.849960086466266e-15
51605.535,-29188081.719801605,-1.4156103134155273e-07,-4.849960086466266e-15
51665.535,-29188081.719801612,-1.4901161193847656e-07,-5.1052211436487005e-15
51725.535,-29188081.719801605,-1.4156103134155273e-07,-4.849960086466266e-15
51785.535,-29188081.71980161,-1.4528632164001465e-07,-4.977590615057483e-15
51845.535,-29188081.719801616,-1.5273690223693848e-07,-5.232851672239918e-15
51905.535,-29188081.719801616,-1.5273690223693848e-07,-5.232851672239918e-15
51965.535,-29188081.719801605,-1.4156103134155273e-07,-4.849960086466266e-15
52025.535,-29188081.719801612,-1.4901161193847656e-07,-5.1052211436487005e-15
52085.535,-29188081.719801605,-1.4156103134155273e-07,-4.849960086466266e-15
52145.535,-29188081.719801605,-1.4156103134155273e-07,-4.849960086466266e-15
52205.535,-29188081.71980161,-1.4528632164001465e-07,-4.977590615057483e-15
52265.535,-29188081.71980161,-1.4528632164001465e-07,-4.977590615057483e-15
52325.535,-29188081.71980161,-1.4528632164001465e-07,-4.977590615057483e-15
52385.535,-29188081.71980162,-1.564621925354004e-07,-5.3604822008311355e-15
52445.535,-29188081.719801612,-1.4901161193847656e-07,-5.1052211436487005e-15
52505.535,-29188081.719801612,-1.4901161193847656e-07,-5.1052211436487005e-15
52565.535,-29188081.719801605,-1.4156103134155273e-07,-4.849960086466266e-15
52625.535,-29188081.719801616,-1.5273690223693848e-07,-5.232851672239918e-15
52685.535,-29188081.719801623,-1.601874828338623e-07,-5.488112729422354e-15
52745.535,-29188081.719801623,-1.601874828338623e-07,-5.488112729422354e-15
52805.535,-29188081.719801623,-1.601874828338623e-07,-5.488112729422354e-15
52865.535,-29188081.719801623,-1.601874828338623e-07,-5.488112729422354e-15
52925.535,-29188081.71980162,-1.564621925354004e-07,-5.3604822008311355e-15
52985.535,-29188081.71980162,-1.564621925354004e-07,-5.3604822008311355e-15
53045.535,-29188081.71980162,-1.564621925354004e-07,-5.3604822008311355e-15
53105.535,-29188081.719801616,-1.5273690223693848e-07,-5.232851672239918e-15
53165.535,-29188081.71980163,-1.6763806343078613e-07,-5.7433737866047886e-15
53225.535,-29188081.71980163,-1.6763806343078613e-07,-5.7433737866047886e-15
53285.535,-29188081.71980164,-1.7508864402770996e-07,-5.9986348437872235e-15
53345.535,-29188081.719801623,-1.601874828338623e-07,-5.488112729422354e-15
53405.535,-29188081.719801623,-1.601874828338623e-07,-5.488112729422354e-15
53465.535,-29188081.71980163,-1.6763806343078613e-07,-5.7433737866047886e-15
53525.535,-29188081.719801635,-1.7136335372924805e-07,-5.871004315196006e-15
53585.535,-29188081.719801627,-1.6391277313232422e-07,-5.615743258013571e-15
53645.535,-29188081.719801627,-1.6391277313232422e-07,-5.615743258013571e-15
53705.535,-29188081.719801627,-1.6391277313232422e-07,-5.615743258013571e-15
53765.535,-29188081.719801635,-1.7136335372924805e-07,-5.871004315196006e-15
53825.535,-29188081.71980162,-1.564621925354004e-07,-5.3604822008311355e-15
53885.535,-29188081.719801627,-1.6391277313232422e-07,-5.615743258013571e-15
53945.535,-29188081.719801635,-1.7136335372924805e-07,-5.871004315196006e-15
54005.535,-29188081.719801635,-1.7136335372924805e-07,-5.871004315196006e-15
54065.535,-29188081.719801627,-1.6391277313232422e-07,-5.615743258013571e-15
54125.535,-29188081.719801627,-1.6391277313232422e-07,-5.615743258013571e-15
54185.535,-29188081.71980163,-1.6763806343078613e-07,-5.7433737866047886e-15
54245.535,-29188081.719801623,-1.601874828338623e-07,-5.488112729422354e-15
54305.535,-29188081.719801623,-1.601874828338623e-07,-5.488112729422354e-15
54365.535,-29188081.71980164,-1.7508864402770996e-07,-5.9986348437872235e-15
54425.535,-29188081.71980164,-1.7508864402770996e-07,-5.9986348437872235e-15
54485.535,-29188081.71980163,-1.6763806343078613e-07,-5.7433737866047886e-15
54545.535,-29188081.71980162,-1.564621925354004e-07,-5.3604822008311355e-15
54605.535,-29188081.719801627,-1.6391277313232422e-07,-5.615743258013571e-15
54665.535,-29188081.719801635,-1.7136335372924805e-07,-5.871004315196006e-15
54725.535,-29188081.71980163,-1.6763806343078613e-07,-5.7433737866047886e-15
54785.535,-29188081.71980163,-1.6763806343078613e-07,-5.7433737866047886e-15
54845.535,-29188081.719801646,-1.825392246246338e-07,-6.2538959009696584e-15
54905.535,-29188081.719801646,-1.825392246246338e-07,-6.2538959009696584e-15
54965.535,-29188081.719801635,-1.7136335372924805e-07,-5.871004315196006e-15
55025.535,-29188081.719801642,-1.7881393432617188e-07,-6.126265372378441e-15
55085.535,-29188081.719801627,-1.6391277313232422e-07,-5.615743258013571e-15
55145.535,-29188081.719801627,-1.6391277313232422e-07,-5.615743258013571e-15
55205.535,-29188081.71980163,-1.6763806343078613e-07,-5.7433737866047886e-15
55265.535,-29188081.71980164,-1.7508864402770996e-07,-5.9986348437872235e-15
55325.535,-29188081.719801642,-1.7881393432617188e-07,-6.126265372378441e-15
55385.535,-29188081.719801642,-1.7881393432617188e-07,-6.126265372378441e-15
55445.535,-29188081.719801642,-1.7881393432617188e-07,-6.126265372378441e-15
55505.535,-29188081.71980165,-1.862645149230957e-07,-6.381526429560876e-15
55565.535,-29188081.719801646,-1.825392246246338e-07,-6.2538959009696584e-15
55625.535,-29188081.719801646,-1.825392246246338e-07,-6.2538959009696584e-15
55685.535,-29188081.71980166,-1.9744038581848145e-07,-6.764418015334528e-15
55745.535,-29188081.719801653,-1.8998980522155762e-07,-6.509156958152093e-15
55805.535,-29188081.719801657,-1.9371509552001953e-07,-6.636787486743311e-15
55865.535,-29188081.719801657,-1.9371509552001953e-07,-6.636787486743311e-15
55925.535,-29188081.719801664,-2.0116567611694336e-07,-6.892048543925746e-15
55985.535,-29188081.719801664,-2.0116567611694336e-07,-6.892048543925746e-15
56045.535,-29188081.719801664,-2.0116567611694336e-07,-6.892048543925746e-15
56105.535,-29188081.719801664,-2.0116567611694336e-07,-6.892048543925746e-15
56165.535,-29188081.719801676,-2.123415470123291e-07,-7.274940129699399e-15
56225.535,-29188081.719801668,-2.0489096641540527e-07,-7.019679072516964e-15
56285.535,-29188081.719801676,-2.123415470123291e-07,-7.274940129699399e-15
56345.535,-29188081.719801676,-2.123415470123291e-07,-7.274940129699399e-15
56405.535,-29188081.719801668,-2.0489096641540527e-07,-7.019679072516964e-15
56465.535,-29188081.719801668,-2.0489096641540527e-07,-7.019679072516964e-15
56525.535,-29188081.719801676,-2.123415470123291e-07,-7.274940129699399e-15
56585.535,-29188081.719801676,-2.123415470123291e-07,-7.274940129699399e-15
56645.535,-29188081.719801683,-2.1979212760925293e-07,-7.530201186881834e-15
56705.535,-29188081.719801683,-2.1979212760925293e-07,-7.530201186881834e-15
56765.535,-29188081.71980169,-2.2724270820617676e-07,-7.785462244064269e-15
56825.535,-29188081.71980169,-2.2724270820617676e-07,-7.785462244064269e-15
56885.535,-29188081.71980169,-2.2724270820617676e-07,-7.785462244064269e-15
56945.535,-29188081.719801694,-2.3096799850463867e-07,-7.913092772655487e-15
57005.535,-29188081.719801694,-2.3096799850463867e-07,-7.913092772655487e-15
57065.535,-29188081.719801694,-2.3096799850463867e-07,-7.913092772655487e-15
57125.535,-29188081.719801694,-2.3096799850463867e-07,-7.913092772655487e-15
57185.535,-29188081.719801705,-2.421438694000244e-07,-8.295984358429138e-15
57245.535,-29188081.719801698,-2.3469328880310059e-07,-8.040723301246704e-15
57305.535,-29188081.71980169,-2.2724270820617676e-07,-7.785462244064269e-15
57365.535,-29188081.7198017,-2.384185791015625e-07,-8.168353829837922e-15
57425.535,-29188081.719801694,-2.3096799850463867e-07,-7.913092772655487e-15
57485.535,-29188081.719801694,-2.3096799850463867e-07,-7.913092772655487e-15
57545.535,-29188081.719801713,-2.4959444999694824e-07,-8.551245415611573e-15
57605.535,-29188081.719801698,-2.3469328880310059e-07,-8.040723301246704e-15
57665.535,-29188081.7198017,-2.384185791015625e-07,-8.168353829837922e-15
57725.535,-29188081.719801694,-2.3096799850463867e-07,-7.913092772655487e-15
57785.535,-29188081.719801698,-2.3469328880310059e-07,-8.040723301246704e-15
57845.535,-29188081.719801705,-2.421438694000244e-07,-8.295984358429138e-15
57905.535,-29188081.719801705,-2.421438694000244e-07,-8.295984358429138e-15
57965.535,-29188081.719801717,-2.5331974029541016e-07,-8.678875944202792e-15
58025.535,-29188081.7198017,-2.384185791015625e-07,-8.168353829837922e-15
58085.535,-29188081.719801705,-2.421438694000244e-07,-8.295984358429138e-15
58145.535,-29188081.719801713,-2.4959444999694824e-07,-8.551245415611573e-15
58205.535,-29188081.719801717,-2.5331974029541016e-07,-8.678875944202792e-15
58265.535,-29188081.7198017,-2.384185791015625e-07,-8.168353829837922e-15
58325.535,-29188081.719801705,-2.421438694000244e-07,-8.295984358429138e-15
58385.535,-29188081.719801705,-2.421438694000244e-07,-8.295984358429138e-15
58445.535,-29188081.71980169,-2.2724270820617676e-07,-7.785462244064269e-15
58505.535,-29188081.7198017,-2.384185791015625e-07,-8.168353829837922e-15
58565.535,-29188081.719801694,-2.3096799850463867e-07,-7.913092772655487e-15
58625.535,-29188081.719801694,-2.3096799850463867e-07,-7.913092772655487e-15
58685.535,-29188081.719801698,-2.3469328880310059e-07,-8.040723301246704e-15
58745.535,-29188081.719801683,-2.1979212760925293e-07,-7.530201186881834e-15
58805.535,-29188081.719801698,-2.3469328880310059e-07,-8.040723301246704e-15
58865.535,-29188081.7198017,-2.384185791015625e-07,-8.168353829837922e-15
58925.535,-29188081.719801694,-2.3096799850463867e-07,-7.913092772655487e-15
58985.535,-29188081.71980171,-2.4586915969848633e-07,-8.423614887020357e-15
59045.535,-29188081.7198017,-2.384185791015625e-07,-8.168353829837922e-15
59105.535,-29188081.719801694,-2.3096799850463867e-07,-7.913092772655487e-15
59165.535,-29188081.7198017,-2.384185791015625e-07,-8.168353829837922e-15
59225.535,-29188081.7198017,-2.384185791015625e-07,-8.168353829837922e-15
59285.535,-29188081.7198017,-2.384185791015625e-07,-8.168353829837922e-15
59345.535,-29188081.7198017,-2.384185791015625e-07,-8.168353829837922e-15
59405.535,-29188081.7198017,-2.384185791015625e-07,-8.168353829837922e-15
59465.535,-29188081.71980171,-2.4586915969848633e-07,-8.423614887020357e-15
59525.535,-29188081.71980171,-2.4586915969848633e-07,-8.423614887020357e-15
59585.535,-29188081.7198017,-2.384185791015625e-07,-8.168353829837922e-15
59645.535,-29188081.71980171,-2.4586915969848633e-07,-8.423614887020357e-15
59705.535,-29188081.719801705,-2.421438694000244e-07,-8.295984358429138e-15
59765.535,-29188081.719801713,-2.4959444999694824e-07,-8.551245415611573e-15
59825.535,-29188081.719801713,-2.4959444999694824e-07,-8.551245415611573e-15
59885.535,-29188081.71980171,-2.4586915969848633e-07,-8.423614887020357e-15
59945.535,-29188081.71980171,-2.4586915969848633e-07,-8.423614887020357e-15
60005.535,-29188081.719801698,-2.3469328880310059e-07,-8.040723301246704e-15
60065.535,-29188081.719801705,-2.421438694000244e-07,-8.295984358429138e-15
60125.535,-29188081.719801713,-2.4959444999694824e-07,-8.551245415611573e-15
60185.535,-29188081.7198017,-2.384185791015625e-07,-8.168353829837922e-15
60245.535,-29188081.719801717,-2.5331974029541016e-07,-8.678875944202792e-15
60305.535,-29188081.719801705,-2.421438694000244e-07,-8.295984358429138e-15
60365.535,-29188081.719801713,-2.4959444999694824e-07,-8.551245415611573e-15
60425.535,-29188081.71980171,-2.4586915969848633e-07,-8.423614887020357e-15
60485.535,-29188081.719801717,-2.5331974029541016e-07,-8.678875944202792e-15
60545.535,-29188081.719801728,-2.644956111907959e-07,-9.061767529976443e-15
60605.535,-29188081.71980172,-2.5704503059387207e-07,-8.806506472794008e-15
60665.535,-29188081.71980171,-2.4586915969848633e-07,-8.423614887020357e-15
60725.535,-29188081.71980171,-2.4586915969848633e-07,-8.423614887020357e-15
60785.535,-29188081.719801713,-2.4959444999694824e-07,-8.551245415611573e-15
60845.535,-29188081.719801728,-2.644956111907959e-07,-9.061767529976443e-15
60905.535,-29188081.71980171,-2.4586915969848633e-07,-8.423614887020357e-15
60965.535,-29188081.719801717,-2.5331974029541016e-07,-8.678875944202792e-15
61025.535,-29188081.719801717,-2.5331974029541016e-07,-8.678875944202792e-15
61085.535,-29188081.719801713,-2.4959444999694824e-07,-8.551245415611573e-15
61145.535,-29188081.719801713,-2.4959444999694824e-07,-8.551245415611573e-15
61205.535,-29188081.719801717,-2.5331974029541016e-07,-8.678875944202792e-15
61265.535,-29188081.71980171,-2.4586915969848633e-07,-8.423614887020357e-15
61325.535,-29188081.719801717,-2.5331974029541016e-07,-8.678875944202792e-15
61385.535,-29188081.719801705,-2.421438694000244e-07,-8.295984358429138e-15
61445.535,-29188081.71980172,-2.5704503059387207e-07,-8.806506472794008e-15
61505.535,-29188081.719801713,-2.4959444999694824e-07,-8.551245415611573e-15
61565.535,-29188081.719801717,-2.5331974029541016e-07,-8.678875944202792e-15
61625.535,-29188081.719801724,-2.60770320892334e-07,-8.934137001385227e-15
61685.535,-29188081.719801724,-2.60770320892334e-07,-8.934137001385227e-15
61745.535,-29188081.719801724,-2.60770320892334e-07,-8.934137001385227e-15
61805.535,-29188081.719801724,-2.60770320892334e-07,-8.934137001385227e-15
61865.535,-29188081.719801724,-2.60770320892334e-07,-8.934137001385227e-15
61925.535,-29188081.719801728,-2.644956111907959e-07,-9.061767529976443e-15
61985.535,-29188081.719801724,-2.60770320892334e-07,-8.934137001385227e-15
62045.535,-29188081.719801724,-2.60770320892334e-07,-8.934137001385227e-15
62105.535,-29188081.71980174,-2.7567148208618164e-07,-9.444659115750096e-15
62165.535,-29188081.71980174,-2.7567148208618164e-07,-9.444659115750096e-15
62225.535,-29188081.719801746,-2.8312206268310547e-07,-9.699920172932531e-15
62285.535,-29188081.71980176,-2.980232238769531e-07,-1.0210442287297401e-14
62345.535,-29188081.71980177,-3.0547380447387695e-07,-1.0465703344479836e-14
62405.535,-29188081.71980177,-3.0547380447387695e-07,-1.0465703344479836e-14
62465.535,-29188081.71980177,-3.0547380447387695e-07,-1.0465703344479836e-14
62525.535,-29188081.719801757,-2.942979335784912e-07,-1.0082811758706184e-14
62585.535,-29188081.719801757,-2.942979335784912e-07,-1.0082811758706184e-14
62645.535,-29188081.719801757,-2.942979335784912e-07,-1.0082811758706184e-14
62705.535,-29188081.71980176,-2.980232238769531e-07,-1.0210442287297401e-14
62765.535,-29188081.719801746,-2.8312206268310547e-07,-9.699920172932531e-15
62825.535,-29188081.719801757,-2.942979335784912e-07,-1.0082811758706184e-14
62885.535,-29188081.71980175,-2.868473529815674e-07,-9.82755070152375e-15
62945.535,-29188081.719801754,-2.905726432800293e-07,-9.955181230114966e-15
63005.535,-29188081.719801746,-2.8312206268310547e-07,-9.699920172932531e-15
63065.535,-29188081.719801757,-2.942979335784912e-07,-1.0082811758706184e-14
63125.535,-29188081.71980175,-2.868473529815674e-07,-9.82755070152375e-15
63185.535,-29188081.71980176,-2.980232238769531e-07,-1.0210442287297401e-14
63245.535,-29188081.71980177,-3.0547380447387695e-07,-1.0465703344479836e-14
63305.535,-29188081.719801765,-3.0174851417541504e-07,-1.033807281588862e-14
63365.535,-29188081.719801757,-2.942979335784912e-07,-1.0082811758706184e-14
63425.535,-29188081.71980177,-3.0547380447387695e-07,-1.0465703344479836e-14
63485.535,-29188081.719801765,-3.0174851417541504e-07,-1.033807281588862e-14
63545.535,-29188081.719801765,-3.0174851417541504e-07,-1.033807281588862e-14
63605.535,-29188081.71980177,-3.0547380447387695e-07,-1.0465703344479836e-14
63665.535,-29188081.719801776,-3.129243850708008e-07,-1.0720964401662271e-14
63725.535,-29188081.719801765,-3.0174851417541504e-07,-1.033807281588862e-14
63785.535,-29188081.719801757,-2.942979335784912e-07,-1.0082811758706184e-14
63845.535,-29188081.71980177,-3.0547380447387695e-07,-1.0465703344479836e-14
63905.535,-29188081.71980176,-2.980232238769531e-07,-1.0210442287297401e-14
63965.535,-29188081.71980178,-3.166496753692627e-07,-1.0848594930253489e-14
64025.535,-29188081.719801772,-3.0919909477233887e-07,-1.0593333873071054e-14
64085.535,-29188081.719801776,-3.129243850708008e-07,-1.0720964401662271e-14
64145.535,-29188081.719801776,-3.129243850708008e-07,-1.0720964401662271e-14
64205.535,-29188081.719801776,-3.129243850708008e-07,-1.0720964401662271e-14
64265.535,-29188081.719801787,-3.241002559661865e-07,-1.1103855987435924e-14
64325.535,-29188081.719801787,-3.241002559661865e-07,-1.1103855987435924e-14
64385.535,-29188081.719801772,-3.0919909477233887e-07,-1.0593333873071054e-14
64445.535,-29188081.71980178,-3.166496753692627e-07,-1.0848594930253489e-14
64505.535,-29188081.719801776,-3.129243850708008e-07,-1.0720964401662271e-14
64565.535,-29188081.719801784,-3.203749656677246e-07,-1.0976225458844707e-14
64625.535,-29188081.719801784,-3.203749656677246e-07,-1.0976225458844707e-14
64685.535,-29188081.719801776,-3.129243850708008e-07,-1.0720964401662271e-14
64745.535,-29188081.71980179,-3.2782554626464844e-07,-1.1231486516027142e-14
64805.535,-29188081.719801784,-3.203749656677246e-07,-1.0976225458844707e-14
64865.535,-29188081.71980179,-3.2782554626464844e-07,-1.1231486516027142e-14
64925.535,-29188081.71980179,-3.2782554626464844e-07,-1.1231486516027142e-14
64985.535,-29188081.719801776,-3.129243850708008e-07,-1.0720964401662271e-14
65045.535,-29188081.719801784,-3.203749656677246e-07,-1.0976225458844707e-14
65105.535,-29188081.719801784,-3.203749656677246e-07,-1.0976225458844707e-14
65165.535,-29188081.71980179,-3.2782554626464844e-07,-1.1231486516027142e-14
65225.535,-29188081.71980178,-3.166496753692627e-07,-1.0848594930253489e-14
65285.535,-29188081.719801787,-3.241002559661865e-07,-1.1103855987435924e-14
65345.535,-29188081.719801787,-3.241002559661865e-07,-1.1103855987435924e-14
65405.535,-29188081.719801772,-3.0919909477233887e-07,-1.0593333873071054e-14
65465.535,-29188081.719801776,-3.129243850708008e-07,-1.0720964401662271e-14
65525.535,-29188081.719801776,-3.129243850708008e-07,-1.0720964401662271e-14
65585.535,-29188081.71980178,-3.166496753692627e-07,-1.0848594930253489e-14
65645.535,-29188081.719801787,-3.241002559661865e-07,-1.1103855987435924e-14
65705.535,-29188081.719801784,-3.203749656677246e-07,-1.0976225458844707e-14
65765.535,-29188081.719801784,-3.203749656677246e-07,-1.0976225458844707e-14
65825.535,-29188081.719801787,-3.241002559661865e-07,-1.1103855987435924e-14
65885.535,-29188081.719801787,-3.241002559661865e-07,-1.1103855987435924e-14
65945.535,-29188081.719801784,-3.203749656677246e-07,-1.0976225458844707e-14
66005.535,-29188081.71980179,-3.2782554626464844e-07,-1.1231486516027142e-14
66065.535,-29188081.719801795,-3.3155083656311035e-07,-1.1359117044618359e-14
66125.535,-29188081.719801802,-3.390014171600342e-07,-1.1614378101800794e-14
66185.535,-29188081.71980179,-3.2782554626464844e-07,-1.1231486516027142e-14
66245.535,-29188081.719801806,-3.427267074584961e-07,-1.1742008630392012e-14
66305.535,-29188081.719801795,-3.3155083656311035e-07,-1.1359117044618359e-14
66365.535,-29188081.719801795,-3.3155083656311035e-07,-1.1359117044618359e-14
66425.535,-29188081.71980179,-3.2782554626464844e-07,-1.1231486516027142e-14
66485.535,-29188081.71980179,-3.2782554626464844e-07,-1.1231486516027142e-14
66545.535,-29188081.71980178,-3.166496753692627e-07,-1.0848594930253489e-14
66605.535,-29188081.719801787,-3.241002559661865e-07,-1.1103855987435924e-14
66665.535,-29188081.7198018,-3.3527612686157227e-07,-1.1486747573209577e-14
66725.535,-29188081.7198018,-3.3527612686157227e-07,-1.1486747573209577e-14
66785.535,-29188081.7198018,-3.3527612686157227e-07,-1.1486747573209577e-14
66845.535,-29188081.719801795,-3.3155083656311035e-07,-1.1359117044618359e-14
66905.535,-29188081.719801787,-3.241002559661865e-07,-1.1103855987435924e-14
66965.535,-29188081.719801784,-3.203749656677246e-07,-1.0976225458844707e-14
67025.535,-29188081.719801784,-3.203749656677246e-07,-1.0976225458844707e-14
67085.535,-29188081.71980179,-3.2782554626464844e-07,-1.1231486516027142e-14
67145.535,-29188081.7198018,-3.3527612686157227e-07,-1.1486747573209577e-14
67205.535,-29188081.719801787,-3.241002559661865e-07,-1.1103855987435924e-14
67265.535,-29188081.719801787,-3.241002559661865e-07,-1.1103855987435924e-14
67325.535,-29188081.719801795,-3.3155083656311035e-07,-1.1359117044618359e-14
67385.535,-29188081.719801802,-3.390014171600342e-07,-1.1614378101800794e-14
67445.535,-29188081.719801802,-3.390014171600342e-07,-1.1614378101800794e-14
67505.535,-29188081.719801795,-3.3155083656311035e-07,-1.1359117044618359e-14
67565.535,-29188081.719801795,-3.3155083656311035e-07,-1.1359117044618359e-14
67625.535,-29188081.719801787,-3.241002559661865e-07,-1.1103855987435924e-14
67685.535,-29188081.719801795,-3.3155083656311035e-07,-1.1359117044618359e-14
67745.535,-29188081.719801787,-3.241002559661865e-07,-1.1103855987435924e-14
67805.535,-29188081.719801802,-3.390014171600342e-07,-1.1614378101800794e-14
67865.535,-29188081.719801795,-3.3155083656311035e-07,-1.1359117044618359e-14
67925.535,-29188081.719801795,-3.3155083656311035e-07,-1.1359117044618359e-14
67985.535,-29188081.71980179,-3.2782554626464844e-07,-1.1231486516027142e-14
68045.535,-29188081.71980179,-3.2782554626464844e-07,-1.1231486516027142e-14
68105.535,-29188081.719801784,-3.203749656677246e-07,-1.0976225458844707e-14
68165.535,-29188081.719801784,-3.203749656677246e-07,-1.0976225458844707e-14
68225.535,-29188081.719801787,-3.241002559661865e-07,-1.1103855987435924e-14
68285.535,-29188081.71980178,-3.166496753692627e-07,-1.0848594930253489e-14
68345.535,-29188081.71980178,-3.166496753692627e-07,-1.0848594930253489e-14
68405.535,-29188081.719801784,-3.203749656677246e-07,-1.0976225458844707e-14
68465.535,-29188081.719801784,-3.203749656677246e-07,-1.0976225458844707e-14
68525.535,-29188081.71980178,-3.166496753692627e-07,-1.0848594930253489e-14
68585.535,-29188081.71980178,-3.166496753692627e-07,-1.0848594930253489e-14
68645.535,-29188081.71980179,-3.2782554626464844e-07,-1.1231486516027142e-14
68705.535,-29188081.719801776,-3.129243850708008e-07,-1.0720964401662271e-14
68765.535,-29188081.71980178,-3.166496753692627e-07,-1.0848594930253489e-14
68825.535,-29188081.71980178,-3.166496753692627e-07,-1.0848594930253489e-14
68885.535,-29188081.719801776,-3.129243850708008e-07,-1.0720964401662271e-14
68945.535,-29188081.719801784,-3.203749656677246e-07,-1.0976225458844707e-14
69005.535,-29188081.719801787,-3.241002559661865e-07,-1.1103855987435924e-14
69065.535,-29188081.71980178,-3.166496753692627e-07,-1.0848594930253489e-14
69125.535,-29188081.719801784,-3.203749656677246e-07,-1.0976225458844707e-14
69185.535,-29188081.71980179,-3.2782554626464844e-07,-1.1231486516027142e-14
69245.535,-29188081.719801795,-3.3155083656311035e-07,-1.1359117044618359e-14
69305.535,-29188081.719801787,-3.241002559661865e-07,-1.1103855987435924e-14
69365.535,-29188081.719801787,-3.241002559661865e-07,-1.1103855987435924e-14
69425.535,-29188081.719801784,-3.203749656677246e-07,-1.0976225458844707e-14
69485.535,-29188081.71980179,-3.2782554626464844e-07,-1.1231486516027142e-14
69545.535,-29188081.719801787,-3.241002559661865e-07,-1.1103855987435924e-14
69605.535,-29188081.71980178,-3.166496753692627e-07,-1.0848594930253489e-14
69665.535,-29188081.71980179,-3.2782554626464844e-07,-1.1231486516027142e-14
69725.535,-29188081.719801784,-3.203749656677246e-07,-1.0976225458844707e-14
69785.535,-29188081.719801776,-3.129243850708008e-07,-1.0720964401662271e-14
69845.535,-29188081.71980179,-3.2782554626464844e-07,-1.1231486516027142e-14
69905.535,-29188081.719801795,-3.3155083656311035e-07,-1.1359117044618359e-14
69965.535,-29188081.719801787,-3.241002559661865e-07,-1.1103855987435924e-14
70025.535,-29188081.719801802,-3.390014171600342e-07,-1.1614378101800794e-14
70085.535,-29188081.719801787,-3.241002559661865e-07,-1.1103855987435924e-14
70145.535,-29188081.719801795,-3.3155083656311035e-07,-1.1359117044618359e-14
70205.535,-29188081.71980179,-3.2782554626464844e-07,-1.1231486516027142e-14
70265.535,-29188081.71980179,-3.2782554626464844e-07,-1.1231486516027142e-14
70325.535,-29188081.719801784,-3.203749656677246e-07,-1.0976225458844707e-14
70385.535,-29188081.719801784,-3.203749656677246e-07,-1.0976225458844707e-14
70445.535,-29188081.719801784,-3.203749656677246e-07,-1.0976225458844707e-14
70505.535,-29188081.719801776,-3.129243850708008e-07,-1.0720964401662271e-14
70565.535,-29188081.719801784,-3.203749656677246e-07,-1.0976225458844707e-14
70625.535,-29188081.719801784,-3.203749656677246e-07,-1.0976225458844707e-14
70685.535,-29188081.71980178,-3.166496753692627e-07,-1.0848594930253489e-14
70745.535,-29188081.719801772,-3.0919909477233887e-07,-1.0593333873071054e-14
70805.535,-29188081.71980178,-3.166496753692627e-07,-1.0848594930253489e-14
70865.535,-29188081.719801787,-3.241002559661865e-07,-1.1103855987435924e-14
70925.535,-29188081.719801772,-3.0919909477233887e-07,-1.0593333873071054e-14
70985.535,-29188081.719801776,-3.129243850708008e-07,-1.0720964401662271e-14
71045.535,-29188081.719801776,-3.129243850708008e-07,-1.0720964401662271e-14
71105.535,-29188081.719801784,-3.203749656677246e-07,-1.0976225458844707e-14
71165.535,-29188081.71980178,-3.166496753692627e-07,-1.0848594930253489e-14
71225.535,-29188081.719801795,-3.3155083656311035e-07,-1.1359117044618359e-14
71285.535,-29188081.719801784,-3.203749656677246e-07,-1.0976225458844707e-14
71345.535,-29188081.71980179,-3.2782554626464844e-07,-1.1231486516027142e-14
71405.535,-29188081.719801787,-3.241002559661865e-07,-1.1103855987435924e-14
71465.535,-29188081.719801787,-3.241002559661865e-07,-1.1103855987435924e-14
71525.535,-29188081.719801795,-3.3155083656311035e-07,-1.1359117044618359e-14
71585.535,-29188081.71980179,-3.2782554626464844e-07,-1.1231486516027142e-14
71645.535,-29188081.719801784,-3.203749656677246e-07,-1.0976225458844707e-14
71705.535,-29188081.719801795,-3.3155083656311035e-07,-1.1359117044618359e-14
71765.535,-29188081.719801787,-3.241002559661865e-07,-1.1103855987435924e-14
71825.535,-29188081.719801784,-3.203749656677246e-07,-1.0976225458844707e-14
71885.535,-29188081.7198018,-3.3527612686157227e-07,-1.1486747573209577e-14
71945.535,-29188081.71980178,-3.166496753692627e-07,-1.0848594930253489e-14
72005.535,-29188081.719801787,-3.241002559661865e-07,-1.1103855987435924e-14
72065.535,-29188081.71980179,-3.2782554626464844e-07,-1.1231486516027142e-14
72125.535,-29188081.71980179,-3.2782554626464844e-07,-1.1231486516027142e-14
72185.535,-29188081.719801787,-3.241002559661865e-07,-1.1103855987435924e-14
72245.535,-29188081.719801787,-3.241002559661865e-07,-1.1103855987435924e-14
72305.535,-29188081.719801784,-3.203749656677246e-07,-1.0976225458844707e-14
72365.535,-29188081.7198018,-3.3527612686157227e-07,-1.1486747573209577e-14
72425.535,-29188081.719801795,-3.3155083656311035e-07,-1.1359117044618359e-14
72485.535,-29188081.71980178,-3.166496753692627e-07,-1.0848594930253489e-14
72545.535,-29188081.719801787,-3.241002559661865e-07,-1.1103855987435924e-14
72605.535,-29188081.719801784,-3.203749656677246e-07,-1.0976225458844707e-14
72665.535,-29188081.7198018,-3.3527612686157227e-07,-1.1486747573209577e-14
72725.535,-29188081.71980179,-3.2782554626464844e-07,-1.1231486516027142e-14
72785.535,-29188081.71980179,-3.2782554626464844e-07,-1.1231486516027142e-14
72845.535,-29188081.71980178,-3.166496753692627e-07,-1.0848594930253489e-14
72905.535,-29188081.719801795,-3.3155083656311035e-07,-1.1359117044618359e-14
72965.535,-29188081.719801795,-3.3155083656311035e-07,-1.1359117044618359e-14
73025.535,-29188081.719801795,-3.3155083656311035e-07,-1.1359117044618359e-14
73085.535,-29188081.719801787,-3.241002559661865e-07,-1.1103855987435924e-14
73145.535,-29188081.719801787,-3.241002559661865e-07,-1.1103855987435924e-14
73205.535,-29188081.719801787,-3.241002559661865e-07,-1.1103855987435924e-14
73265.535,-29188081.71980178,-3.166496753692627e-07,-1.0848594930253489e-14
73325.535,-29188081.719801772,-3.0919909477233887e-07,-1.0593333873071054e-14
73385.535,-29188081.71980178,-3.166496753692627e-07,-1.0848594930253489e-14
73445.535,-29188081.71980178,-3.166496753692627e-07,-1.0848594930253489e-14
73505.535,-29188081.719801776,-3.129243850708008e-07,-1.0720964401662271e-14
73565.535,-29188081.719801784,-3.203749656677246e-07,-1.0976225458844707e-14
73625.535,-29188081.719801784,-3.203749656677246e-07,-1.0976225458844707e-14
73685.535,-29188081.719801784,-3.203749656677246e-07,-1.0976225458844707e-14
73745.535,-29188081.719801784,-3.203749656677246e-07,-1.0976225458844707e-14
73805.535,-29188081.71980178,-3.166496753692627e-07,-1.0848594930253489e-14
73865.535,-29188081.71980178,-3.166496753692627e-07,-1.0848594930253489e-14
73925.535,-29188081.719801787,-3.241002559661865e-07,-1.1103855987435924e-14
73985.535,-29188081.719801784,-3.203749656677246e-07,-1.0976225458844707e-14
74045.535,-29188081.719801776,-3.129243850708008e-07,-1.0720964401662271e-14
74105.535,-29188081.71980178,-3.166496753692627e-07,-1.0848594930253489e-14
74165.535,-29188081.71980178,-3.166496753692627e-07,-1.0848594930253489e-14
74225.535,-29188081.719801784,-3.203749656677246e-07,-1.0976225458844707e-14
74285.535,-29188081.719801784,-3.203749656677246e-07,-1.0976225458844707e-14
74345.535,-29188081.719801787,-3.241002559661865e-07,-1.1103855987435924e-14
74405.535,-29188081.719801787,-3.241002559661865e-07,-1.1103855987435924e-14
74465.535,-29188081.71980179,-3.2782554626464844e-07,-1.1231486516027142e-14
74525.535,-29188081.719801784,-3.203749656677246e-07,-1.0976225458844707e-14
74585.535,-29188081.719801795,-3.3155083656311035e-07,-1.1359117044618359e-14
74645.535,-29188081.71980178,-3.166496753692627e-07,-1.0848594930253489e-14
74705.535,-29188081.71980179,-3.2782554626464844e-07,-1.1231486516027142e-14
74765.535,-29188081.7198018,-3.3527612686157227e-07,-1.1486747573209577e-14
74825.535,-29188081.719801795,-3.3155083656311035e-07,-1.1359117044618359e-14
74885.535,-29188081.719801795,-3.3155083656311035e-07,-1.1359117044618359e-14
74945.535,-29188081.719801806,-3.427267074584961e-07,-1.1742008630392012e-14
75005.535,-29188081.7198018,-3.3527612686157227e-07,-1.1486747573209577e-14
75065.535,-29188081.719801802,-3.390014171600342e-07,-1.1614378101800794e-14
75125.535,-29188081.71980181,-3.46451997756958e-07,-1.1869639158983229e-14
75185.535,-29188081.7198018,-3.3527612686157227e-07,-1.1486747573209577e-14
75245.535,-29188081.7198018,-3.3527612686157227e-07,-1.1486747573209577e-14
75305.535,-29188081.71980181,-3.46451997756958e-07,-1.1869639158983229e-14
75365.535,-29188081.719801802,-3.390014171600342e-07,-1.1614378101800794e-14
75425.535,-29188081.719801795,-3.3155083656311035e-07,-1.1359117044618359e-14
75485.535,-29188081.7198018,-3.3527612686157227e-07,-1.1486747573209577e-14
75545.535,-29188081.7198018,-3.3527612686157227e-07,-1.1486747573209577e-14
75605.535,-29188081.719801806,-3.427267074584961e-07,-1.1742008630392012e-14
75665.535,-29188081.7198018,-3.3527612686157227e-07,-1.1486747573209577e-14
75725.535,-29188081.719801806,-3.427267074584961e-07,-1.1742008630392012e-14
75785.535,-29188081.719801802,-3.390014171600342e-07,-1.1614378101800794e-14
75845.535,-29188081.719801802,-3.390014171600342e-07,-1.1614378101800794e-14
75905.535,-29188081.719801802,-3.390014171600342e-07,-1.1614378101800794e-14
75965.535,-29188081.719801802,-3.390014171600342e-07,-1.1614378101800794e-14
76025.535,-29188081.719801795,-3.3155083656311035e-07,-1.1359117044618359e-14
76085.535,-29188081.719801802,-3.390014171600342e-07,-1.1614378101800794e-14
76145.535,-29188081.719801802,-3.390014171600342e-07,-1.1614378101800794e-14
76205.535,-29188081.719801802,-3.390014171600342e-07,-1.1614378101800794e-14
76265.535,-29188081.719801802,-3.390014171600342e-07,-1.1614378101800794e-14
76325.535,-29188081.719801802,-3.390014171600342e-07,-1.1614378101800794e-14
76385.535,-29188081.71980179,-3.2782554626464844e-07,-1.1231486516027142e-14
76445.535,-29188081.7198018,-3.3527612686157227e-07,-1.1486747573209577e-14
76505.535,-29188081.719801784,-3.203749656677246e-07,-1.0976225458844707e-14
76565.535,-29188081.7198018,-3.3527612686157227e-07,-1.1486747573209577e-14
76625.535,-29188081.7198018,-3.3527612686157227e-07,-1.1486747573209577e-14
76685.535,-29188081.71980181,-3.46451997756958e-07,-1.1869639158983229e-14
76745.535,-29188081.719801817,-3.5390257835388184e-07,-1.2124900216165664e-14
76805.535,-29188081.719801806,-3.427267074584961e-07,-1.1742008630392012e-14
76865.535,-29188081.719801813,-3.501772880554199e-07,-1.1997269687574447e-14
76925.535,-29188081.7198018,-3.3527612686157227e-07,-1.1486747573209577e-14
76985.535,-29188081.719801802,-3.390014171600342e-07,-1.1614378101800794e-14
77045.535,-29188081.71980181,-3.46451997756958e-07,-1.1869639158983229e-14
77105.535,-29188081.719801813,-3.501772880554199e-07,-1.1997269687574447e-14
77165.535,-29188081.71980182,-3.5762786865234375e-07,-1.2252530744756882e-14
77225.535,-29188081.719801817,-3.5390257835388184e-07,-1.2124900216165664e-14
77285.535,-29188081.719801825,-3.6135315895080566e-07,-1.2380161273348099e-14
77345.535,-29188081.71980182,-3.5762786865234375e-07,-1.2252530744756882e-14
77405.535,-29188081.71980182,-3.5762786865234375e-07,-1.2252530744756882e-14
77465.535,-29188081.719801825,-3.6135315895080566e-07,-1.2380161273348099e-14
77525.535,-29188081.71980182,-3.5762786865234375e-07,-1.2252530744756882e-14
77585.535,-29188081.71980183,-3.650784492492676e-07,-1.2507791801939317e-14
77645.535,-29188081.719801832,-3.688037395477295e-07,-1.2635422330530535e-14
77705.535,-29188081.719801817,-3.5390257835388184e-07,-1.2124900216165664e-14
77765.535,-29188081.71980182,-3.5762786865234375e-07,-1.2252530744756882e-14
77825.535,-29188081.71980183,-3.650784492492676e-07,-1.2507791801939317e-14
77885.535,-29188081.719801825,-3.6135315895080566e-07,-1.2380161273348099e-14
77945.535,-29188081.71980181,-3.46451997756958e-07,-1.1869639158983229e-14
78005.535,-29188081.719801817,-3.5390257835388184e-07,-1.2124900216165664e-14
78065.535,-29188081.719801806,-3.427267074584961e-07,-1.1742008630392012e-14
78125.535,-29188081.719801813,-3.501772880554199e-07,-1.1997269687574447e-14
78185.535,-29188081.71980182,-3.5762786865234375e-07,-1.2252530744756882e-14
78245.535,-29188081.71980181,-3.46451997756958e-07,-1.1869639158983229e-14
78305.535,-29188081.719801817,-3.5390257835388184e-07,-1.2124900216165664e-14
78365.535,-29188081.719801817,-3.5390257835388184e-07,-1.2124900216165664e-14
78425.535,-29188081.719801806,-3.427267074584961e-07,-1.1742008630392012e-14
78485.535,-29188081.719801813,-3.501772880554199e-07,-1.1997269687574447e-14
78545.535,-29188081.719801813,-3.501772880554199e-07,-1.1997269687574447e-14
78605.535,-29188081.71980182,-3.5762786865234375e-07,-1.2252530744756882e-14
78665.535,-29188081.719801813,-3.501772880554199e-07,-1.1997269687574447e-14
78725.535,-29188081.719801813,-3.501772880554199e-07,-1.1997269687574447e-14
78785.535,-29188081.719801813,-3.501772880554199e-07,-1.1997269687574447e-14
78845.535,-29188081.719801813,-3.501772880554199e-07,-1.1997269687574447e-14
78905.535,-29188081.71980182,-3.5762786865234375e-07,-1.2252530744756882e-14
78965.535,-29188081.71980182,-3.5762786865234375e-07,-1.2252530744756882e-14
79025.535,-29188081.71980183,-3.650784492492676e-07,-1.2507791801939317e-14
79085.535,-29188081.71980182,-3.5762786865234375e-07,-1.2252530744756882e-14
79145.535,-29188081.71980182,-3.5762786865234375e-07,-1.2252530744756882e-14
79205.535,-29188081.71980183,-3.650784492492676e-07,-1.2507791801939317e-14
79265.535,-29188081.719801825,-3.6135315895080566e-07,-1.2380161273348099e-14
79325.535,-29188081.719801817,-3.5390257835388184e-07,-1.2124900216165664e-14
79385.535,-29188081.71980181,-3.46451997756958e-07,-1.1869639158983229e-14
79445.535,-29188081.71980182,-3.5762786865234375e-07,-1.2252530744756882e-14
79505.535,-29188081.71980182,-3.5762786865234375e-07,-1.2252530744756882e-14
79565.535,-29188081.71980182,-3.5762786865234375e-07,-1.2252530744756882e-14
79625.535,-29188081.71980182,-3.5762786865234375e-07,-1.2252530744756882e-14
79685.535,-29188081.719801825,-3.6135315895080566e-07,-1.2380161273348099e-14
79745.535,-29188081.719801817,-3.5390257835388184e-07,-1.2124900216165664e-14
79805.535,-29188081.71980182,-3.5762786865234375e-07,-1.2252530744756882e-14
79865.535,-29188081.719801813,-3.501772880554199e-07,-1.1997269687574447e-14
79925.535,-29188081.71980181,-3.46451997756958e-07,-1.1869639158983229e-14
79985.535,-29188081.71980181,-3.46451997756958e-07,-1.1869639158983229e-14
80045.535,-29188081.7198018,-3.3527612686157227e-07,-1.1486747573209577e-14
80105.535,-29188081.71980181,-3.46451997756958e-07,-1.1869639158983229e-14
80165.535,-29188081.719801787,-3.241002559661865e-07,-1.1103855987435924e-14
80225.535,-29188081.71980179,-3.2782554626464844e-07,-1.1231486516027142e-14
80285.535,-29188081.719801806,-3.427267074584961e-07,-1.1742008630392012e-14
80345.535,-29188081.719801802,-3.390014171600342e-07,-1.1614378101800794e-14
80405.535,-29188081.719801802,-3.390014171600342e-07,-1.1614378101800794e-14
80465.535,-29188081.7198018,-3.3527612686157227e-07,-1.1486747573209577e-14
80525.535,-29188081.719801806,-3.427267074584961e-07,-1.1742008630392012e-14
80585.535,-29188081.719801806,-3.427267074584961e-07,-1.1742008630392012e-14
80645.535,-29188081.719801802,-3.390014171600342e-07,-1.1614378101800794e-14
80705.535,-29188081.719801802,-3.390014171600342e-07,-1.1614378101800794e-14
80765.535,-29188081.719801806,-3.427267074584961e-07,-1.1742008630392012e-14
80825.535,-29188081.719801813,-3.501772880554199e-07,-1.1997269687574447e-14
80885.535,-29188081.71980182,-3.5762786865234375e-07,-1.2252530744756882e-14
80945.535,-29188081.719801817,-3.5390257835388184e-07,-1.2124900216165664e-14
81005.535,-29188081.71980181,-3.46451997756958e-07,-1.1869639158983229e-14
81065.535,-29188081.719801817,-3.5390257835388184e-07,-1.2124900216165664e-14
81125.535,-29188081.719801806,-3.427267074584961e-07,-1.1742008630392012e-14
81185.535,-29188081.71980182,-3.5762786865234375e-07,-1.2252530744756882e-14
81245.535,-29188081.71980183,-3.650784492492676e-07,-1.2507791801939317e-14
81305.535,-29188081.71980183,-3.650784492492676e-07,-1.2507791801939317e-14
81365.535,-29188081.71980183,-3.650784492492676e-07,-1.2507791801939317e-14
81425.535,-29188081.71980183,-3.650784492492676e-07,-1.2507791801939317e-14
81485.535,-29188081.71980182,-3.5762786865234375e-07,-1.2252530744756882e-14
81545.535,-29188081.71980183,-3.650784492492676e-07,-1.2507791801939317e-14
81605.535,-29188081.719801825,-3.6135315895080566e-07,-1.2380161273348099e-14
81665.535,-29188081.719801825,-3.6135315895080566e-07,-1.2380161273348099e-14
81725.535,-29188081.71980183,-3.650784492492676e-07,-1.2507791801939317e-14
81785.535,-29188081.719801825,-3.6135315895080566e-07,-1.2380161273348099e-14
81845.535,-29188081.71980183,-3.650784492492676e-07,-1.2507791801939317e-14
81905.535,-29188081.71980182,-3.5762786865234375e-07,-1.2252530744756882e-14
81965.535,-29188081.71980182,-3.5762786865234375e-07,-1.2252530744756882e-14
82025.535,-29188081.71980182,-3.5762786865234375e-07,-1.2252530744756882e-14
82085.535,-29188081.71980183,-3.650784492492676e-07,-1.2507791801939317e-14
82145.535,-29188081.71980182,-3.5762786865234375e-07,-1.2252530744756882e-14
82205.535,-29188081.719801813,-3.501772880554199e-07,-1.1997269687574447e-14
82265.535,-29188081.719801813,-3.501772880554199e-07,-1.1997269687574447e-14
82325.535,-29188081.71980181,-3.46451997756958e-07,-1.1869639158983229e-14
82385.535,-29188081.71980181,-3.46451997756958e-07,-1.1869639158983229e-14
82445.535,-29188081.719801817,-3.5390257835388184e-07,-1.2124900216165664e-14
82505.535,-29188081.719801806,-3.427267074584961e-07,-1.1742008630392012e-14
82565.535,-29188081.719801806,-3.427267074584961e-07,-1.1742008630392012e-14
82625.535,-29188081.719801813,-3.501772880554199e-07,-1.1997269687574447e-14
82685.535,-29188081.71980181,-3.46451997756958e-07,-1.1869639158983229e-14
82745.535,-29188081.719801817,-3.5390257835388184e-07,-1.2124900216165664e-14
82805.535,-29188081.719801806,-3.427267074584961e-07,-1.1742008630392012e-14
82865.535,-29188081.719801813,-3.501772880554199e-07,-1.1997269687574447e-14
82925.535,-29188081.719801795,-3.3155083656311035e-07,-1.1359117044618359e-14
82985.535,-29188081.719801795,-3.3155083656311035e-07,-1.1359117044618359e-14
83045.535,-29188081.719801802,-3.390014171600342e-07,-1.1614378101800794e-14
83105.535,-29188081.719801806,-3.427267074584961e-07,-1.1742008630392012e-14
83165.535,-29188081.719801802,-3.390014171600342e-07,-1.1614378101800794e-14
83225.535,-29188081.71980181,-3.46451997756958e-07,-1.1869639158983229e-14
83285.535,-29188081.71980181,-3.46451997756958e-07,-1.1869639158983229e-14
83345.535,-29188081.71980182,-3.5762786865234375e-07,-1.2252530744756882e-14
83405.535,-29188081.719801817,-3.5390257835388184e-07,-1.2124900216165664e-14
83465.535,-29188081.719801825,-3.6135315895080566e-07,-1.2380161273348099e-14
83525.535,-29188081.71980181,-3.46451997756958e-07,-1.1869639158983229e-14
83585.535,-29188081.71980182,-3.5762786865234375e-07,-1.2252530744756882e-14
83645.535,-29188081.71980182,-3.5762786865234375e-07,-1.2252530744756882e-14
83705.535,-29188081.719801825,-3.6135315895080566e-07,-1.2380161273348099e-14
83765.535,-29188081.719801832,-3.688037395477295e-07,-1.2635422330530535e-14
83825.535,-29188081.719801832,-3.688037395477295e-07,-1.2635422330530535e-14
83885.535,-29188081.71980183,-3.650784492492676e-07,-1.2507791801939317e-14
83945.535,-29188081.71980183,-3.650784492492676e-07,-1.2507791801939317e-14
84005.535,-29188081.71980182,-3.5762786865234375e-07,-1.2252530744756882e-14
84065.535,-29188081.719801836,-3.725290298461914e-07,-1.2763052859121752e-14
84125.535,-29188081.719801825,-3.6135315895080566e-07,-1.2380161273348099e-14
84185.535,-29188081.719801825,-3.6135315895080566e-07,-1.2380161273348099e-14
84245.535,-29188081.719801832,-3.688037395477295e-07,-1.2635422330530535e-14
84305.535,-29188081.719801825,-3.6135315895080566e-07,-1.2380161273348099e-14
84365.535,-29188081.719801847,-3.8370490074157715e-07,-1.3145944444895405e-14
84425.535,-29188081.71980184,-3.762543201446533e-07,-1.289068338771297e-14
84485.535,-29188081.71980184,-3.762543201446533e-07,-1.289068338771297e-14
84545.535,-29188081.719801847,-3.8370490074157715e-07,-1.3145944444895405e-14
84605.535,-29188081.719801832,-3.688037395477295e-07,-1.2635422330530535e-14
84665.535,-29188081.719801825,-3.6135315895080566e-07,-1.2380161273348099e-14
84725.535,-29188081.719801832,-3.688037395477295e-07,-1.2635422330530535e-14
84785.535,-29188081.719801836,-3.725290298461914e-07,-1.2763052859121752e-14
84845.535,-29188081.719801843,-3.7997961044311523e-07,-1.3018313916304187e-14
84905.535,-29188081.71980183,-3.650784492492676e-07,-1.2507791801939317e-14
84965.535,-29188081.71980182,-3.5762786865234375e-07,-1.2252530744756882e-14
85025.535,-29188081.719801832,-3.688037395477295e-07,-1.2635422330530535e-14
85085.535,-29188081.71980184,-3.762543201446533e-07,-1.289068338771297e-14
85145.535,-29188081.71980184,-3.762543201446533e-07,-1.289068338771297e-14
85205.535,-29188081.719801836,-3.725290298461914e-07,-1.2763052859121752e-14
85265.535,-29188081.719801836,-3.725290298461914e-07,-1.2763052859121752e-14
85325.535,-29188081.719801832,-3.688037395477295e-07,-1.2635422330530535e-14
85385.535,-29188081.71980184,-3.762543201446533e-07,-1.289068338771297e-14
85445.535,-29188081.719801832,-3.688037395477295e-07,-1.2635422330530535e-14
85505.535,-29188081.719801843,-3.7997961044311523e-07,-1.3018313916304187e-14
85565.535,-29188081.719801836,-3.725290298461914e-07,-1.2763052859121752e-14
85625.535,-29188081.719801832,-3.688037395477295e-07,-1.2635422330530535e-14
85685.535,-29188081.71980184,-3.762543201446533e-07,-1.289068338771297e-14
85745.535,-29188081.719801843,-3.7997961044311523e-07,-1.3018313916304187e-14
85805.535,-29188081.719801836,-3.725290298461914e-07,-1.2763052859121752e-14
85865.535,-29188081.719801825,-3.6135315895080566e-07,-1.2380161273348099e-14
85925.535,-29188081.719801832,-3.688037395477295e-07,-1.2635422330530535e-14
85985.535,-29188081.71980183,-3.650784492492676e-07,-1.2507791801939317e-14
86045.535,-29188081.71980183,-3.650784492492676e-07,-1.2507791801939317e-14
86105.535,-29188081.719801825,-3.6135315895080566e-07,-1.2380161273348099e-14
86165.535,-29188081.719801825,-3.6135315895080566e-07,-1.2380161273348099e-14
86225.535,-29188081.719801825,-3.6135315895080566e-07,-1.2380161273348099e-14
86285.535,-29188081.719801836,-3.725290298461914e-07,-1.2763052859121752e-14
86345.535,-29188081.719801836,-3.725290298461914e-07,-1.2763052859121752e-14
86400.0,-29188081.71980183,-3.650784492492676e-07,-1.2507791801939317e-14
