time_s,hx,hy,hz,h_mag,dH_abs,dH_rel
0.0,0.0,-40885208974.96306,32405217325.240784,52169899586.087814,0.0,0.0
0.001,2.9103830456733704e-11,-40885208974.96306,32405217325.24078,52169899586.08781,-7.62939453125e-06,-1.462413114033391e-16
0.003,-4.3655745685100555e-11,-40885208974.96306,32405217325.240784,52169899586.087814,0.0,0.0
0.007,2.9103830456733704e-11,-40885208974.96305,32405217325.240784,52169899586.08781,-7.62939453125e-06,-1.462413114033391e-16
0.015,1.1641532182693481e-10,-40885208974.96306,32405217325.240784,52169899586.087814,0.0,0.0
0.031,1.1641532182693481e-10,-40885208974.96306,32405217325.24079,52169899586.087814,0.0,0.0
0.063,-2.3283064365386963e-10,-40885208974.96306,32405217325.240788,52169899586.087814,0.0,0.0
0.127,-1.862645149230957e-09,-40885208974.963066,32405217325.24079,52169899586.08782,7.62939453125e-06,1.462413114033391e-16
0.255,-2.7939677238464355e-09,-40885208974.96306,32405217325.240795,52169899586.087814,0.0,0.0
0.511,1.862645149230957e-09,-40885208974.96305,32405217325.240795,52169899586.087814,0.0,0.0
1.0230000000000001,0.0,-40885208974.96306,32405217325.240795,52169899586.087814,0.0,0.0
2.047,-4.470348358154297e-08,-40885208974.96306,32405217325.240795,52169899586.087814,0.0,0.0
4.095000000000001,-7.450580596923828e-08,-40885208974.96305,32405217325.24079,52169899586.08781,-7.62939453125e-06,-1.462413114033391e-16
8.191,5.960464477539063e-08,-40885208974.96305,32405217325.24079,52169899586.08781,-7.62939453125e-06,-1.462413114033391e-16
16.383000000000003,-5.960464477539063e-08,-40885208974.96305,32405217325.24079,52169899586.08781,-7.62939453125e-06,-1.462413114033391e-16
32.767,2.384185791015625e-07,-40885208974.96305,32405217325.240795,52169899586.087814,0.0,0.0
65.535,-4.76837158203125e-07,-40885208974.96305,32405217325.240795,52169899586.087814,0.0,0.0
125.535,2.384185791015625e-06,-40885208974.96306,32405217325.2408,52169899586.08782,7.62939453125e-06,1.462413114033391e-16
185.535,0.0,-40885208974.96305,32405217325.2408,52169899586.087814,0.0,0.0
245.535,0.0,-40885208974.96305,32405217325.240803,52169899586.087814,0.0,0.0
305.53499999999997,0.0,-40885208974.96305,32405217325.2408,52169899586.087814,0.0,0.0
365.53499999999997,1.9073486328125e-06,-40885208974.96305,32405217325.240795,52169899586.087814,0.0,0.0
425.53499999999997,0.0,-40885208974.96306,32405217325.2408,52169899586.08782,7.62939453125e-06,1.462413114033391e-16
485.53499999999997,1.9073486328125e-06,-40885208974.96306,32405217325.240803,52169899586.08782,7.62939453125e-06,1.462413114033391e-16
545.535,3.814697265625e-06,-40885208974.96306,32405217325.240803,52169899586.08782,7.62939453125e-06,1.462413114033391e-16
605.535,5.7220458984375e-06,-40885208974.96305,32405217325.2408,52169899586.087814,0.0,0.0
665.535,3.814697265625e-06,-40885208974.96306,32405217325.2408,52169899586.08782,7.62939453125e-06,1.462413114033391e-16
725.535,3.814697265625e-06,-40885208974.96306,32405217325.2408,52169899586.08782,7.62939453125e-06,1.462413114033391e-16
785.535,5.7220458984375e-06,-40885208974.96305,32405217325.2408,52169899586.087814,0.0,0.0
845.535,1.9073486328125e-06,-40885208974.96305,32405217325.2408,52169899586.087814,0.0,0.0
905.535,3.814697265625e-06,-40885208974.96306,32405217325.2408,52169899586.08782,7.62939453125e-06,1.462413114033391e-16
965.535,1.9073486328125e-06,-40885208974.96306,32405217325.2408,52169899586.08782,7.62939453125e-06,1.462413114033391e-16
1025.5349999999999,0.0,-40885208974.96306,32405217325.2408,52169899586.08782,7.62939453125e-06,1.462413114033391e-16
1085.5349999999999,-1.9073486328125e-06,-40885208974.963066,32405217325.2408,52169899586.08783,1.52587890625e-05,2.924826228066782e-16
1145.5349999999999,9.5367431640625e-07,-40885208974.96306,32405217325.2408,52169899586.08782,7.62939453125e-06,1.462413114033391e-16
1205.5349999999999,-9.5367431640625e-07,-40885208974.96306,32405217325.240795,52169899586.087814,0.0,0.0
1265.5349999999999,-2.384185791015625e-06,-40885208974.96305,32405217325.24079,52169899586.08781,-7.62939453125e-06,-1.462413114033391e-16
1325.5349999999999,-3.814697265625e-06,-40885208974.96305,32405217325.240795,52169899586.087814,0.0,0.0
1385.5349999999999,-1.8477439880371094e-06,-40885208974.96305,32405217325.240795,52169899586.087814,0.0,0.0
1445.5349999999999,-2.384185791015625e-06,-40885208974.96305,32405217325.240795,52169899586.087814,0.0,0.0
1505.5349999999999,-9.5367431640625e-07,-40885208974.96305,32405217325.24079,52169899586.08781,-7.62939453125e-06,-1.462413114033391e-16
1565.5349999999999,1.9073486328125e-06,-40885208974.96305,32405217325.240788,52169899586.08781,-7.62939453125e-06,-1.462413114033391e-16
1625.5349999999999,2.86102294921875e-06,-40885208974.96305,32405217325.24079,52169899586.08781,-7.62939453125e-06,-1.462413114033391e-16
1685.5349999999999,1.9073486328125e-06,-40885208974.96305,32405217325.24079,52169899586.08781,-7.62939453125e-06,-1.462413114033391e-16
1745.5349999999999,3.814697265625e-06,-40885208974.96304,32405217325.24079,52169899586.08781,-7.62939453125e-06,-1.462413114033391e-16
1805.5349999999999,3.814697265625e-06,-40885208974.96305,32405217325.240795,52169899586.087814,0.0,0.0
1865.5349999999999,7.62939453125e-06,-40885208974.96304,32405217325.2408,52169899586.08781,-7.62939453125e-06,-1.462413114033391e-16
1925.5349999999999,5.7220458984375e-06,-40885208974.96306,32405217325.2408,52169899586.08782,7.62939453125e-06,1.462413114033391e-16
1985.5349999999999,1.1444091796875e-05,-40885208974.96305,32405217325.2408,52169899586.087814,0.0,0.0
2045.5349999999999,9.5367431640625e-06,-40885208974.96306,32405217325.2408,52169899586.08782,7.62939453125e-06,1.462413114033391e-16
2105.535,1.1444091796875e-05,-40885208974.96305,32405217325.240803,52169899586.087814,0.0,0.0
2165.535,9.5367431640625e-06,-40885208974.96306,32405217325.240803,52169899586.08782,7.62939453125e-06,1.462413114033391e-16
2225.535,9.5367431640625e-06,-40885208974.96305,32405217325.240807,52169899586.087814,0.0,0.0
2285.535,7.62939453125e-06,-40885208974.96306,32405217325.240807,52169899586.08783,1.52587890625e-05,2.924826228066782e-16
2345.535,7.62939453125e-06,-40885208974.96306,32405217325.240807,52169899586.08783,1.52587890625e-05,2.924826228066782e-16
2405.535,7.62939453125e-06,-40885208974.96306,32405217325.240807,52169899586.08783,1.52587890625e-05,2.924826228066782e-16
2465.535,9.5367431640625e-06,-40885208974.96306,32405217325.240807,52169899586.08783,1.52587890625e-05,2.924826228066782e-16
2525.535,9.5367431640625e-06,-40885208974.96306,32405217325.240807,52169899586.08783,1.52587890625e-05,2.924826228066782e-16
2585.535,1.049041748046875e-05,-40885208974.96306,32405217325.240807,52169899586.08783,1.52587890625e-05,2.924826228066782e-16
2645.535,1.049041748046875e-05,-40885208974.96305,32405217325.240807,52169899586.087814,0.0,0.0
2705.535,1.2874603271484375e-05,-40885208974.96305,32405217325.240807,52169899586.087814,0.0,0.0
2765.535,1.2636184692382812e-05,-40885208974.96305,32405217325.240807,52169899586.087814,0.0,0.0
2825.535,1.3232231140136719e-05,-40885208974.96306,32405217325.240807,52169899586.08783,1.52587890625e-05,2.924826228066782e-16
2885.535,1.3828277587890625e-05,-40885208974.96305,32405217325.240807,52169899586.087814,0.0,0.0
2945.535,1.3828277587890625e-05,-40885208974.96305,32405217325.240803,52169899586.087814,0.0,0.0
3005.535,1.52587890625e-05,-40885208974.96305,32405217325.240807,52169899586.087814,0.0,0.0
3065.535,1.33514404296875e-05,-40885208974.96305,32405217325.240807,52169899586.087814,0.0,0.0
3125.535,1.430511474609375e-05,-40885208974.96305,32405217325.240807,52169899586.087814,0.0,0.0
3185.535,1.52587890625e-05,-40885208974.96305,32405217325.24081,52169899586.08782,7.62939453125e-06,1.462413114033391e-16
3245.535,1.71661376953125e-05,-40885208974.96305,32405217325.240807,52169899586.087814,0.0,0.0
3305.535,1.71661376953125e-05,-40885208974.96305,32405217325.240807,52169899586.087814,0.0,0.0
3365.535,1.52587890625e-05,-40885208974.96305,32405217325.240807,52169899586.087814,0.0,0.0
3425.535,1.52587890625e-05,-40885208974.96305,32405217325.240807,52169899586.087814,0.0,0.0
3485.535,1.52587890625e-05,-40885208974.96304,32405217325.240807,52169899586.087814,0.0,0.0
3545.535,1.52587890625e-05,-40885208974.96305,32405217325.2408,52169899586.087814,0.0,0.0
3605.535,1.52587890625e-05,-40885208974.96305,32405217325.2408,52169899586.087814,0.0,0.0
3665.535,1.71661376953125e-05,-40885208974.96305,32405217325.2408,52169899586.087814,0.0,0.0
3725.535,1.52587890625e-05,-40885208974.96306,32405217325.240807,52169899586.08783,1.52587890625e-05,2.924826228066782e-16
3785.535,1.33514404296875e-05,-40885208974.96306,32405217325.240807,52169899586.08783,1.52587890625e-05,2.924826228066782e-16
3845.535,1.52587890625e-05,-40885208974.96306,32405217325.240807,52169899586.08783,1.52587890625e-05,2.924826228066782e-16
3905.535,1.621246337890625e-05,-40885208974.96307,32405217325.240807,52169899586.08784,2.288818359375e-05,4.387239342100173e-16
3965.535,1.621246337890625e-05,-40885208974.96307,32405217325.240803,52169899586.08784,2.288818359375e-05,4.387239342100173e-16
4025.535,1.52587890625e-05,-40885208974.96307,32405217325.240803,52169899586.08784,2.288818359375e-05,4.387239342100173e-16
4085.535,1.33514404296875e-05,-40885208974.963066,32405217325.240803,52169899586.08783,1.52587890625e-05,2.924826228066782e-16
4145.535,1.3589859008789062e-05,-40885208974.963066,32405217325.240803,52169899586.08783,1.52587890625e-05,2.924826228066782e-16
4205.535,1.5288591384887695e-05,-40885208974.963066,32405217325.2408,52169899586.08783,1.52587890625e-05,2.924826228066782e-16
4265.535,1.621246337890625e-05,-40885208974.96307,32405217325.2408,52169899586.08783,1.52587890625e-05,2.924826228066782e-16
4325.535,1.7642974853515625e-05,-40885208974.96307,32405217325.240795,52169899586.08783,1.52587890625e-05,2.924826228066782e-16
4385.535,2.002716064453125e-05,-40885208974.96307,32405217325.240795,52169899586.08783,1.52587890625e-05,2.924826228066782e-16
4445.535,1.9073486328125e-05,-40885208974.96307,32405217325.240795,52169899586.08783,1.52587890625e-05,2.924826228066782e-16
4505.535,1.9073486328125e-05,-40885208974.96307,32405217325.240795,52169899586.08783,1.52587890625e-05,2.924826228066782e-16
4565.535,1.9073486328125e-05,-40885208974.96307,32405217325.2408,52169899586.08783,1.52587890625e-05,2.924826228066782e-16
4625.535,2.288818359375e-05,-40885208974.96307,32405217325.240795,52169899586.08783,1.52587890625e-05,2.924826228066782e-16
4685.535,2.288818359375e-05,-40885208974.963066,32405217325.240795,52169899586.08782,7.62939453125e-06,1.462413114033391e-16
4745.535,2.288818359375e-05,-40885208974.96306,32405217325.240795,52169899586.087814,0.0,0.0
4805.535,2.09808349609375e-05,-40885208974.96306,32405217325.24079,52169899586.087814,0.0,0.0
4865.535,2.288818359375e-05,-40885208974.96306,32405217325.24079,52169899586.087814,0.0,0.0
4925.535,2.288818359375e-05,-40885208974.96306,32405217325.24079,52169899586.087814,0.0,0.0
4985.535,2.288818359375e-05,-40885208974.96306,32405217325.240795,52169899586.087814,0.0,0.0
5045.535,2.6702880859375e-05,-40885208974.96306,32405217325.240795,52169899586.087814,0.0,0.0
5105.535,2.86102294921875e-05,-40885208974.96306,32405217325.2408,52169899586.08782,7.62939453125e-06,1.462413114033391e-16
5165.535,3.0517578125e-05,-40885208974.96306,32405217325.2408,52169899586.08782,7.62939453125e-06,1.462413114033391e-16
5225.535,3.24249267578125e-05,-40885208974.96306,32405217325.2408,52169899586.08782,7.62939453125e-06,1.462413114033391e-16
5285.535,3.147125244140625e-05,-40885208974.963066,32405217325.2408,52169899586.08783,1.52587890625e-05,2.924826228066782e-16
5345.535,3.24249267578125e-05,-40885208974.963066,32405217325.2408,52169899586.08783,1.52587890625e-05,2.924826228066782e-16
5405.535,3.337860107421875e-05,-40885208974.96307,32405217325.240803,52169899586.08784,2.288818359375e-05,4.387239342100173e-16
5465.535,3.24249267578125e-05,-40885208974.963066,32405217325.240803,52169899586.08783,1.52587890625e-05,2.924826228066782e-16
5525.535,3.3855438232421875e-05,-40885208974.96307,32405217325.240807,52169899586.08784,2.288818359375e-05,4.387239342100173e-16
5585.535,3.1828880310058594e-05,-40885208974.96308,32405217325.24081,52169899586.087845,3.0517578125e-05,5.849652456133564e-16
5645.535,3.1828880310058594e-05,-40885208974.96308,32405217325.24081,52169899586.087845,3.0517578125e-05,5.849652456133564e-16
5705.535,3.24249267578125e-05,-40885208974.96308,32405217325.24081,52169899586.087845,3.0517578125e-05,5.849652456133564e-16
5765.535,3.1948089599609375e-05,-40885208974.96308,32405217325.24081,52169899586.087845,3.0517578125e-05,5.849652456133564e-16
5825.535,3.0517578125e-05,-40885208974.96309,32405217325.240807,52169899586.087845,3.0517578125e-05,5.849652456133564e-16
5885.535,3.147125244140625e-05,-40885208974.96309,32405217325.240807,52169899586.087845,3.0517578125e-05,5.849652456133564e-16
5945.535,3.0517578125e-05,-40885208974.96309,32405217325.24081,52169899586.08785,3.814697265625e-05,7.312065570166955e-16
6005.535,2.86102294921875e-05,-40885208974.96309,32405217325.24081,52169899586.08785,3.814697265625e-05,7.312065570166955e-16
6065.535,3.0517578125e-05,-40885208974.96309,32405217325.24081,52169899586.08785,3.814697265625e-05,7.312065570166955e-16
6125.535,2.86102294921875e-05,-40885208974.96309,32405217325.240807,52169899586.087845,3.0517578125e-05,5.849652456133564e-16
6185.535,3.0517578125e-05,-40885208974.96309,32405217325.240807,52169899586.087845,3.0517578125e-05,5.849652456133564e-16
6245.535,3.0517578125e-05,-40885208974.96309,32405217325.240803,52169899586.087845,3.0517578125e-05,5.849652456133564e-16
6305.535,2.86102294921875e-05,-40885208974.96308,32405217325.2408,52169899586.08784,2.288818359375e-05,4.387239342100173e-16
6365.535,2.6702880859375e-05,-40885208974.96309,32405217325.2408,52169899586.087845,3.0517578125e-05,5.849652456133564e-16
6425.535,2.6702880859375e-05,-40885208974.96308,32405217325.2408,52169899586.08784,2.288818359375e-05,4.387239342100173e-16
6485.535,2.6702880859375e-05,-40885208974.96307,32405217325.240795,52169899586.08783,1.52587890625e-05,2.924826228066782e-16
6545.535,2.47955322265625e-05,-40885208974.96308,32405217325.240795,52169899586.08784,2.288818359375e-05,4.387239342100173e-16
6605.535,2.6702880859375e-05,-40885208974.96308,32405217325.24079,52169899586.08783,1.52587890625e-05,2.924826228066782e-16
6665.535,2.6702880859375e-05,-40885208974.96309,32405217325.24079,52169899586.08784,2.288818359375e-05,4.387239342100173e-16
6725.535,2.86102294921875e-05,-40885208974.96309,32405217325.240795,52169899586.087845,3.0517578125e-05,5.849652456133564e-16
6785.535,2.6702880859375e-05,-40885208974.96309,32405217325.240795,52169899586.087845,3.0517578125e-05,5.849652456133564e-16
6845.535,2.6702880859375e-05,-40885208974.96308,32405217325.240795,52169899586.08784,2.288818359375e-05,4.387239342100173e-16
6905.535,2.5272369384765625e-05,-40885208974.96309,32405217325.240795,52169899586.087845,3.0517578125e-05,5.849652456133564e-16
6965.535,2.4080276489257812e-05,-40885208974.96309,32405217325.240795,52169899586.087845,3.0517578125e-05,5.849652456133564e-16
7025.535,2.2590160369873047e-05,-40885208974.96309,32405217325.24079,52169899586.08784,2.288818359375e-05,4.387239342100173e-16
7085.535,2.1219253540039062e-05,-40885208974.9631,32405217325.24079,52169899586.087845,3.0517578125e-05,5.849652456133564e-16
7145.535,2.0503997802734375e-05,-40885208974.9631,32405217325.24079,52169899586.087845,3.0517578125e-05,5.849652456133564e-16
7205.535,2.002716064453125e-05,-40885208974.9631,32405217325.24079,52169899586.087845,3.0517578125e-05,5.849652456133564e-16
7265.535,2.193450927734375e-05,-40885208974.96309,32405217325.240788,52169899586.08784,2.288818359375e-05,4.387239342100173e-16
7325.535,2.09808349609375e-05,-40885208974.9631,32405217325.24079,52169899586.087845,3.0517578125e-05,5.849652456133564e-16
7385.535,2.09808349609375e-05,-40885208974.96309,32405217325.24079,52169899586.08784,2.288818359375e-05,4.387239342100173e-16
7445.535,1.9073486328125e-05,-40885208974.9631,32405217325.24079,52169899586.087845,3.0517578125e-05,5.849652456133564e-16
7505.535,1.9073486328125e-05,-40885208974.96309,32405217325.24079,52169899586.08784,2.288818359375e-05,4.387239342100173e-16
7565.535,1.9073486328125e-05,-40885208974.96309,32405217325.24079,52169899586.08784,2.288818359375e-05,4.387239342100173e-16
7625.535,1.71661376953125e-05,-40885208974.96309,32405217325.24079,52169899586.08784,2.288818359375e-05,4.387239342100173e-16
7685.535,1.71661376953125e-05,-40885208974.96309,32405217325.24079,52169899586.08784,2.288818359375e-05,4.387239342100173e-16
7745.535,1.52587890625e-05,-40885208974.96309,32405217325.24079,52169899586.08784,2.288818359375e-05,4.387239342100173e-16
7805.535,1.33514404296875e-05,-40885208974.9631,32405217325.240788,52169899586.087845,3.0517578125e-05,5.849652456133564e-16
7865.535,1.52587890625e-05,-40885208974.9631,32405217325.240788,52169899586.087845,3.0517578125e-05,5.849652456133564e-16
7925.535,1.52587890625e-05,-40885208974.9631,32405217325.24079,52169899586.087845,3.0517578125e-05,5.849652456133564e-16
7985.535,1.71661376953125e-05,-40885208974.9631,32405217325.24079,52169899586.087845,3.0517578125e-05,5.849652456133564e-16
8045.535,1.71661376953125e-05,-40885208974.9631,32405217325.240784,52169899586.087845,3.0517578125e-05,5.849652456133564e-16
8105.535,1.9073486328125e-05,-40885208974.9631,32405217325.240788,52169899586.087845,3.0517578125e-05,5.849652456133564e-16
8165.535,2.002716064453125e-05,-40885208974.9631,32405217325.240788,52169899586.087845,3.0517578125e-05,5.849652456133564e-16
8225.535,1.621246337890625e-05,-40885208974.9631,32405217325.240788,52169899586.087845,3.0517578125e-05,5.849652456133564e-16
8285.535,1.52587890625e-05,-40885208974.96309,32405217325.240784,52169899586.08783,1.52587890625e-05,2.924826228066782e-16
8345.535,1.71661376953125e-05,-40885208974.9631,32405217325.240784,52169899586.087845,3.0517578125e-05,5.849652456133564e-16
8405.535,1.633167266845703e-05,-40885208974.963104,32405217325.240784,52169899586.087845,3.0517578125e-05,5.849652456133564e-16
8465.535,1.6689300537109375e-05,-40885208974.963104,32405217325.24078,52169899586.087845,3.0517578125e-05,5.849652456133564e-16
8525.535,1.4781951904296875e-05,-40885208974.963104,32405217325.24078,52169899586.087845,3.0517578125e-05,5.849652456133564e-16
8585.535,1.430511474609375e-05,-40885208974.963104,32405217325.24078,52169899586.087845,3.0517578125e-05,5.849652456133564e-16
8645.535,1.430511474609375e-05,-40885208974.9631,32405217325.240784,52169899586.087845,3.0517578125e-05,5.849652456133564e-16
8705.535,1.52587890625e-05,-40885208974.963104,32405217325.240784,52169899586.087845,3.0517578125e-05,5.849652456133564e-16
8765.535,1.71661376953125e-05,-40885208974.963104,32405217325.24078,52169899586.087845,3.0517578125e-05,5.849652456133564e-16
8825.535,1.33514404296875e-05,-40885208974.963104,32405217325.240776,52169899586.087845,3.0517578125e-05,5.849652456133564e-16
8885.535,1.33514404296875e-05,-40885208974.963104,32405217325.24078,52169899586.087845,3.0517578125e-05,5.849652456133564e-16
8945.535,1.33514404296875e-05,-40885208974.96311,32405217325.240776,52169899586.087845,3.0517578125e-05,5.849652456133564e-16
9005.535,9.5367431640625e-06,-40885208974.96311,32405217325.240784,52169899586.08785,3.814697265625e-05,7.312065570166955e-16
9065.535,9.5367431640625e-06,-40885208974.963104,32405217325.240784,52169899586.087845,3.0517578125e-05,5.849652456133564e-16
9125.535,9.5367431640625e-06,-40885208974.963104,32405217325.240784,52169899586.087845,3.0517578125e-05,5.849652456133564e-16
9185.535,9.5367431640625e-06,-40885208974.963104,32405217325.240784,52169899586.087845,3.0517578125e-05,5.849652456133564e-16
9245.535,7.62939453125e-06,-40885208974.963104,32405217325.240784,52169899586.087845,3.0517578125e-05,5.849652456133564e-16
9305.535,7.62939453125e-06,-40885208974.963104,32405217325.240784,52169899586.087845,3.0517578125e-05,5.849652456133564e-16
9365.535,5.7220458984375e-06,-40885208974.963104,32405217325.240784,52169899586.087845,3.0517578125e-05,5.849652456133564e-16
9425.535,7.62939453125e-06,-40885208974.963104,32405217325.240784,52169899586.087845,3.0517578125e-05,5.849652456133564e-16
9485.535,5.7220458984375e-06,-40885208974.963104,32405217325.240776,52169899586.087845,3.0517578125e-05,5.849652456133564e-16
9545.535,7.62939453125e-06,-40885208974.963104,32405217325.24078,52169899586.087845,3.0517578125e-05,5.849652456133564e-16
9605.535,5.7220458984375e-06,-40885208974.96311,32405217325.24078,52169899586.087845,3.0517578125e-05,5.849652456133564e-16
9665.535,2.86102294921875e-06,-40885208974.963104,32405217325.240784,52169899586.087845,3.0517578125e-05,5.849652456133564e-16
9725.535,3.337860107421875e-06,-40885208974.963104,32405217325.240776,52169899586.087845,3.0517578125e-05,5.849652456133564e-16
9785.535,2.384185791015625e-06,-40885208974.963104,32405217325.240784,52169899586.087845,3.0517578125e-05,5.849652456133564e-16
9845.535,2.1457672119140625e-06,-40885208974.963104,32405217325.24078,52169899586.087845,3.0517578125e-05,5.849652456133564e-16
9905.535,3.814697265625e-06,-40885208974.963104,32405217325.24078,52169899586.087845,3.0517578125e-05,5.849652456133564e-16
9965.535,6.198883056640625e-06,-40885208974.96311,32405217325.240784,52169899586.08785,3.814697265625e-05,7.312065570166955e-16
10025.535,6.67572021484375e-06,-40885208974.96311,32405217325.24078,52169899586.087845,3.0517578125e-05,5.849652456133564e-16
10085.535,7.62939453125e-06,-40885208974.963104,32405217325.24078,52169899586.087845,3.0517578125e-05,5.849652456133564e-16
10145.535,1.049041748046875e-05,-40885208974.963104,32405217325.240784,52169899586.087845,3.0517578125e-05,5.849652456133564e-16
10205.535,1.1444091796875e-05,-40885208974.963104,32405217325.24078,52169899586.087845,3.0517578125e-05,5.849652456133564e-16
10265.535,1.33514404296875e-05,-40885208974.96311,32405217325.240784,52169899586.08785,3.814697265625e-05,7.312065570166955e-16
10325.535,1.33514404296875e-05,-40885208974.96311,32405217325.240784,52169899586.08785,3.814697265625e-05,7.312065570166955e-16
10385.535,1.33514404296875e-05,-40885208974.963104,32405217325.240784,52169899586.087845,3.0517578125e-05,5.849652456133564e-16
10445.535,9.5367431640625e-06,-40885208974.96311,32405217325.240784,52169899586.08785,3.814697265625e-05,7.312065570166955e-16
10505.535,7.62939453125e-06,-40885208974.96311,32405217325.240784,52169899586.08785,3.814697265625e-05,7.312065570166955e-16
10565.535,7.62939453125e-06,-40885208974.96311,32405217325.240788,52169899586.08785,3.814697265625e-05,7.312065570166955e-16
10625.535,1.1444091796875e-05,-40885208974.96311,32405217325.240784,52169899586.08785,3.814697265625e-05,7.312065570166955e-16
10685.535,1.1444091796875e-05,-40885208974.96311,32405217325.240784,52169899586.08785,3.814697265625e-05,7.312065570166955e-16
10745.535,9.5367431640625e-06,-40885208974.96311,32405217325.24079,52169899586.08786,4.57763671875e-05,8.774478684200346e-16
10805.535,9.5367431640625e-06,-40885208974.96311,32405217325.24079,52169899586.08786,4.57763671875e-05,8.774478684200346e-16
10865.535,7.62939453125e-06,-40885208974.96311,32405217325.240784,52169899586.08785,3.814697265625e-05,7.312065570166955e-16
10925.535,1.1444091796875e-05,-40885208974.963104,32405217325.240784,52169899586.087845,3.0517578125e-05,5.849652456133564e-16
10985.535,1.239776611328125e-05,-40885208974.96311,32405217325.240784,52169899586.08785,3.814697265625e-05,7.312065570166955e-16
11045.535,1.1444091796875e-05,-40885208974.96311,32405217325.240784,52169899586.08785,3.814697265625e-05,7.312065570166955e-16
11105.535,1.0967254638671875e-05,-40885208974.963104,32405217325.240784,52169899586.087845,3.0517578125e-05,5.849652456133564e-16
11165.535,9.5367431640625e-06,-40885208974.963104,32405217325.240784,52169899586.087845,3.0517578125e-05,5.849652456133564e-16
11225.535,7.510185241699219e-06,-40885208974.963104,32405217325.24078,52169899586.087845,3.0517578125e-05,5.849652456133564e-16
11285.535,8.58306884765625e-06,-40885208974.96311,32405217325.240784,52169899586.08785,3.814697265625e-05,7.312065570166955e-16
11345.535,6.67572021484375e-06,-40885208974.96312,32405217325.240784,52169899586.08786,4.57763671875e-05,8.774478684200346e-16
11405.535,4.76837158203125e-06,-40885208974.96311,32405217325.240784,52169899586.08785,3.814697265625e-05,7.312065570166955e-16
11465.535,7.62939453125e-06,-40885208974.96311,32405217325.240784,52169899586.08785,3.814697265625e-05,7.312065570166955e-16
11525.535,7.62939453125e-06,-40885208974.96312,32405217325.240788,52169899586.08786,4.57763671875e-05,8.774478684200346e-16
11585.535,7.62939453125e-06,-40885208974.96311,32405217325.240788,52169899586.08785,3.814697265625e-05,7.312065570166955e-16
11645.535,5.7220458984375e-06,-40885208974.96311,32405217325.240784,52169899586.08785,3.814697265625e-05,7.312065570166955e-16
11705.535,5.7220458984375e-06,-40885208974.96311,32405217325.240784,52169899586.08785,3.814697265625e-05,7.312065570166955e-16
11765.535,5.7220458984375e-06,-40885208974.963104,32405217325.240784,52169899586.087845,3.0517578125e-05,5.849652456133564e-16
11825.535,3.814697265625e-06,-40885208974.963104,32405217325.240784,52169899586.087845,3.0517578125e-05,5.849652456133564e-16
11885.535,7.62939453125e-06,-40885208974.963104,32405217325.240784,52169899586.087845,3.0517578125e-05,5.849652456133564e-16
11945.535,7.62939453125e-06,-40885208974.963104,32405217325.240784,52169899586.087845,3.0517578125e-05,5.849652456133564e-16
12005.535,9.5367431640625e-06,-40885208974.963104,32405217325.240784,52169899586.087845,3.0517578125e-05,5.849652456133564e-16
12065.535,1.1444091796875e-05,-40885208974.9631,32405217325.240784,52169899586.087845,3.0517578125e-05,5.849652456133564e-16
12125.535,9.5367431640625e-06,-40885208974.9631,32405217325.240784,52169899586.087845,3.0517578125e-05,5.849652456133564e-16
12185.535,1.1444091796875e-05,-40885208974.9631,32405217325.240788,52169899586.087845,3.0517578125e-05,5.849652456133564e-16
12245.535,9.5367431640625e-06,-40885208974.96309,32405217325.240784,52169899586.08783,1.52587890625e-05,2.924826228066782e-16
12305.535,1.430511474609375e-05,-40885208974.96309,32405217325.240784,52169899586.08783,1.52587890625e-05,2.924826228066782e-16
12365.535,1.33514404296875e-05,-40885208974.9631,32405217325.240784,52169899586.087845,3.0517578125e-05,5.849652456133564e-16
12425.535,1.1444091796875e-05,-40885208974.9631,32405217325.24078,52169899586.08784,2.288818359375e-05,4.387239342100173e-16
12485.535,1.33514404296875e-05,-40885208974.9631,32405217325.240784,52169899586.087845,3.0517578125e-05,5.849652456133564e-16
12545.535,1.3828277587890625e-05,-40885208974.96309,32405217325.24078,52169899586.08783,1.52587890625e-05,2.924826228066782e-16
12605.535,1.2993812561035156e-05,-40885208974.9631,32405217325.240776,52169899586.08784,2.288818359375e-05,4.387239342100173e-16
12665.535,9.775161743164062e-06,-40885208974.9631,32405217325.24078,52169899586.08784,2.288818359375e-05,4.387239342100173e-16
12725.535,1.0967254638671875e-05,-40885208974.9631,32405217325.24078,52169899586.08784,2.288818359375e-05,4.387239342100173e-16
12785.535,1.0967254638671875e-05,-40885208974.96309,32405217325.240776,52169899586.08783,1.52587890625e-05,2.924826228066782e-16
12845.535,1.049041748046875e-05,-40885208974.96309,32405217325.240776,52169899586.08783,1.52587890625e-05,2.924826228066782e-16
12905.535,9.5367431640625e-06,-40885208974.96309,32405217325.240776,52169899586.08783,1.52587890625e-05,2.924826228066782e-16
12965.535,1.049041748046875e-05,-40885208974.96309,32405217325.240776,52169899586.08783,1.52587890625e-05,2.924826228066782e-16
13025.535,1.1444091796875e-05,-40885208974.96309,32405217325.240776,52169899586.08783,1.52587890625e-05,2.924826228066782e-16
13085.535,1.33514404296875e-05,-40885208974.96309,32405217325.240776,52169899586.08783,1.52587890625e-05,2.924826228066782e-16
13145.535,9.5367431640625e-06,-40885208974.96309,32405217325.240772,52169899586.08783,1.52587890625e-05,2.924826228066782e-16
13205.535,1.33514404296875e-05,-40885208974.96309,32405217325.24077,52169899586.08783,1.52587890625e-05,2.924826228066782e-16
13265.535,1.1444091796875e-05,-40885208974.96309,32405217325.24077,52169899586.08783,1.52587890625e-05,2.924826228066782e-16
13325.535,9.5367431640625e-06,-40885208974.96309,32405217325.24077,52169899586.08783,1.52587890625e-05,2.924826228066782e-16
13385.535,7.62939453125e-06,-40885208974.96309,32405217325.24077,52169899586.08783,1.52587890625e-05,2.924826228066782e-16
13445.535,5.7220458984375e-06,-40885208974.96309,32405217325.240765,52169899586.08782,7.62939453125e-06,1.462413114033391e-16
13505.535,7.62939453125e-06,-40885208974.96309,32405217325.24077,52169899586.08783,1.52587890625e-05,2.924826228066782e-16
13565.535,9.5367431640625e-06,-40885208974.96309,32405217325.24077,52169899586.08783,1.52587890625e-05,2.924826228066782e-16
13625.535,9.5367431640625e-06,-40885208974.96308,32405217325.24077,52169899586.08782,7.62939453125e-06,1.462413114033391e-16
13685.535,9.5367431640625e-06,-40885208974.96308,32405217325.240765,52169899586.087814,0.0,0.0
13745.535,9.5367431640625e-06,-40885208974.96308,32405217325.240765,52169899586.087814,0.0,0.0
13805.535,8.58306884765625e-06,-40885208974.96308,32405217325.240765,52169899586.087814,0.0,0.0
13865.535,6.67572021484375e-06,-40885208974.96308,32405217325.240765,52169899586.087814,0.0,0.0
13925.535,6.198883056640625e-06,-40885208974.96307,32405217325.24076,52169899586.087814,0.0,0.0
13985.535,7.152557373046875e-06,-40885208974.96307,32405217325.24076,52169899586.087814,0.0,0.0
14045.535,7.063150405883789e-06,-40885208974.96307,32405217325.240765,52169899586.087814,0.0,0.0
14105.535,6.67572021484375e-06,-40885208974.96307,32405217325.24077,52169899586.087814,0.0,0.0
14165.535,8.106231689453125e-06,-40885208974.96307,32405217325.240765,52169899586.087814,0.0,0.0
14225.535,8.58306884765625e-06,-40885208974.96307,32405217325.240765,52169899586.087814,0.0,0.0
14285.535,5.7220458984375e-06,-40885208974.963066,32405217325.240765,52169899586.08781,-7.62939453125e-06,-1.462413114033391e-16
14345.535,3.814697265625e-06,-40885208974.96307,32405217325.24077,52169899586.087814,0.0,0.0
14405.535,5.7220458984375e-06,-40885208974.963066,32405217325.24077,52169899586.08781,-7.62939453125e-06,-1.462413114033391e-16
14465.535,5.7220458984375e-06,-40885208974.963066,32405217325.240765,52169899586.08781,-7.62939453125e-06,-1.462413114033391e-16
14525.535,5.7220458984375e-06,-40885208974.963066,32405217325.24077,52169899586.08781,-7.62939453125e-06,-1.462413114033391e-16
14585.535,5.7220458984375e-06,-40885208974.963066,32405217325.240776,52169899586.087814,0.0,0.0
14645.535,7.62939453125e-06,-40885208974.963066,32405217325.24077,52169899586.08781,-7.62939453125e-06,-1.462413114033391e-16
14705.535,5.7220458984375e-06,-40885208974.96307,32405217325.24077,52169899586.087814,0.0,0.0
14765.535,3.814697265625e-06,-40885208974.963066,32405217325.24077,52169899586.08781,-7.62939453125e-06,-1.462413114033391e-16
14825.535,1.9073486328125e-06,-40885208974.96306,32405217325.24077,52169899586.08781,-7.62939453125e-06,-1.462413114033391e-16
14885.535,0.0,-40885208974.96306,32405217325.24077,52169899586.08781,-7.62939453125e-06,-1.462413114033391e-16
14945.535,-1.9073486328125e-06,-40885208974.96306,32405217325.24077,52169899586.08781,-7.62939453125e-06,-1.462413114033391e-16
15005.535,-3.814697265625e-06,-40885208974.96306,32405217325.24077,52169899586.08781,-7.62939453125e-06,-1.462413114033391e-16
15065.535,-7.62939453125e-06,-40885208974.96306,32405217325.24077,52169899586.08781,-7.62939453125e-06,-1.462413114033391e-16
15125.535,-8.58306884765625e-06,-40885208974.96306,32405217325.24077,52169899586.08781,-7.62939453125e-06,-1.462413114033391e-16
15185.535,-1.049041748046875e-05,-40885208974.963066,32405217325.24077,52169899586.08781,-7.62939453125e-06,-1.462413114033391e-16
15245.535,-8.58306884765625e-06,-40885208974.96306,32405217325.240772,52169899586.08781,-7.62939453125e-06,-1.462413114033391e-16
15305.535,-8.106231689453125e-06,-40885208974.963066,32405217325.240772,52169899586.087814,0.0,0.0
15365.535,-6.198883056640625e-06,-40885208974.963066,32405217325.240772,52169899586.087814,0.0,0.0
15425.535,-9.715557098388672e-06,-40885208974.96306,32405217325.240776,52169899586.08781,-7.62939453125e-06,-1.462413114033391e-16
15485.535,-1.0251998901367188e-05,-40885208974.96306,32405217325.240776,52169899586.08781,-7.62939453125e-06,-1.462413114033391e-16
15545.535,-8.58306884765625e-06,-40885208974.963066,32405217325.240772,52169899586.087814,0.0,0.0
15605.535,-7.62939453125e-06,-40885208974.963066,32405217325.240772,52169899586.087814,0.0,0.0
15665.535,-1.049041748046875e-05,-40885208974.963066,32405217325.240776,52169899586.087814,0.0,0.0
15725.535,-1.239776611328125e-05,-40885208974.963066,32405217325.240772,52169899586.087814,0.0,0.0
15785.535,-1.1444091796875e-05,-40885208974.963066,32405217325.240776,52169899586.087814,0.0,0.0
15845.535,-1.33514404296875e-05,-40885208974.963066,32405217325.240772,52169899586.087814,0.0,0.0
15905.535,-1.1444091796875e-05,-40885208974.96307,32405217325.240776,52169899586.08782,7.62939453125e-06,1.462413114033391e-16
15965.535,-1.33514404296875e-05,-40885208974.96307,32405217325.240776,52169899586.08782,7.62939453125e-06,1.462413114033391e-16
16025.535,-1.33514404296875e-05,-40885208974.96307,32405217325.240776,52169899586.08782,7.62939453125e-06,1.462413114033391e-16
16085.535,-1.9073486328125e-05,-40885208974.96307,32405217325.240776,52169899586.08782,7.62939453125e-06,1.462413114033391e-16
16145.535,-2.09808349609375e-05,-40885208974.96307,32405217325.240776,52169899586.08782,7.62939453125e-06,1.462413114033391e-16
16205.535,-2.09808349609375e-05,-40885208974.96307,32405217325.240776,52169899586.08782,7.62939453125e-06,1.462413114033391e-16
16265.535,-2.09808349609375e-05,-40885208974.96307,32405217325.240776,52169899586.08782,7.62939453125e-06,1.462413114033391e-16
16325.535,-1.9073486328125e-05,-40885208974.963066,32405217325.240776,52169899586.087814,0.0,0.0
16385.535,-1.71661376953125e-05,-40885208974.96307,32405217325.240776,52169899586.08782,7.62939453125e-06,1.462413114033391e-16
16445.535,-1.52587890625e-05,-40885208974.96307,32405217325.240776,52169899586.08782,7.62939453125e-06,1.462413114033391e-16
16505.535,-1.52587890625e-05,-40885208974.963066,32405217325.240772,52169899586.087814,0.0,0.0
16565.535,-1.52587890625e-05,-40885208974.963066,32405217325.24077,52169899586.08781,-7.62939453125e-06,-1.462413114033391e-16
16625.535,-1.430511474609375e-05,-40885208974.96307,32405217325.240772,52169899586.087814,0.0,0.0
16685.535,-1.71661376953125e-05,-40885208974.96307,32405217325.240772,52169899586.087814,0.0,0.0
16745.535,-1.6689300537109375e-05,-40885208974.963066,32405217325.240772,52169899586.087814,0.0,0.0
16805.535,-1.4781951904296875e-05,-40885208974.963066,32405217325.24077,52169899586.08781,-7.62939453125e-06,-1.462413114033391e-16
16865.535,-1.3232231140136719e-05,-40885208974.963066,32405217325.240772,52169899586.087814,0.0,0.0
16925.535,-1.4781951904296875e-05,-40885208974.96306,32405217325.240772,52169899586.08781,-7.62939453125e-06,-1.462413114033391e-16
16985.535,-1.52587890625e-05,-40885208974.963066,32405217325.240772,52169899586.087814,0.0,0.0
17045.535,-1.430511474609375e-05,-40885208974.96306,32405217325.24077,52169899586.08781,-7.62939453125e-06,-1.462413114033391e-16
17105.535,-1.52587890625e-05,-40885208974.96306,32405217325.24077,52169899586.08781,-7.62939453125e-06,-1.462413114033391e-16
17165.535,-1.239776611328125e-05,-40885208974.96306,32405217325.240772,52169899586.08781,-7.62939453125e-06,-1.462413114033391e-16
17225.535,-1.33514404296875e-05,-40885208974.963066,32405217325.240776,52169899586.087814,0.0,0.0
17285.535,-1.33514404296875e-05,-40885208974.96306,32405217325.240772,52169899586.08781,-7.62939453125e-06,-1.462413114033391e-16
17345.535,-1.52587890625e-05,-40885208974.96306,32405217325.24077,52169899586.08781,-7.62939453125e-06,-1.462413114033391e-16
17405.535,-1.71661376953125e-05,-40885208974.96306,32405217325.24077,52169899586.08781,-7.62939453125e-06,-1.462413114033391e-16
17465.535,-2.09808349609375e-05,-40885208974.963066,32405217325.240772,52169899586.087814,0.0,0.0
17525.535,-2.09808349609375e-05,-40885208974.963066,32405217325.240776,52169899586.087814,0.0,0.0
17585.535,-2.288818359375e-05,-40885208974.96307,32405217325.240772,52169899586.087814,0.0,0.0
17645.535,-2.288818359375e-05,-40885208974.96307,32405217325.240776,52169899586.08782,7.62939453125e-06,1.462413114033391e-16
17705.535,-2.47955322265625e-05,-40885208974.96307,32405217325.240776,52169899586.08782,7.62939453125e-06,1.462413114033391e-16
17765.535,-2.86102294921875e-05,-40885208974.96307,32405217325.240776,52169899586.08782,7.62939453125e-06,1.462413114033391e-16
17825.535,-2.47955322265625e-05,-40885208974.96307,32405217325.24078,52169899586.08782,7.62939453125e-06,1.462413114033391e-16
17885.535,-2.6702880859375e-05,-40885208974.96308,32405217325.240776,52169899586.08783,1.52587890625e-05,2.924826228066782e-16
17945.535,-2.765655517578125e-05,-40885208974.96307,32405217325.240776,52169899586.08782,7.62939453125e-06,1.462413114033391e-16
18005.535,-2.6702880859375e-05,-40885208974.96307,32405217325.240776,52169899586.08782,7.62939453125e-06,1.462413114033391e-16
18065.535,-2.6702880859375e-05,-40885208974.96307,32405217325.240776,52169899586.08782,7.62939453125e-06,1.462413114033391e-16
18125.535,-2.6226043701171875e-05,-40885208974.96308,32405217325.24078,52169899586.08783,1.52587890625e-05,2.924826228066782e-16
18185.535,-2.9325485229492188e-05,-40885208974.96308,32405217325.240776,52169899586.08783,1.52587890625e-05,2.924826228066782e-16
18245.535,-2.8192996978759766e-05,-40885208974.96308,32405217325.240776,52169899586.08783,1.52587890625e-05,2.924826228066782e-16
18305.535,-2.5987625122070312e-05,-40885208974.96307,32405217325.240772,52169899586.087814,0.0,0.0
18365.535,-2.4318695068359375e-05,-40885208974.96307,32405217325.24077,52169899586.087814,0.0,0.0
18425.535,-2.47955322265625e-05,-40885208974.96307,32405217325.24077,52169899586.087814,0.0,0.0
18485.535,-2.86102294921875e-05,-40885208974.96307,32405217325.24077,52169899586.087814,0.0,0.0
18545.535,-2.86102294921875e-05,-40885208974.96307,32405217325.24077,52169899586.087814,0.0,0.0
18605.535,-2.86102294921875e-05,-40885208974.963066,32405217325.24077,52169899586.08781,-7.62939453125e-06,-1.462413114033391e-16
18665.535,-3.0517578125e-05,-40885208974.96307,32405217325.24077,52169899586.087814,0.0,0.0
18725.535,-3.24249267578125e-05,-40885208974.963066,32405217325.24077,52169899586.08781,-7.62939453125e-06,-1.462413114033391e-16
18785.535,-3.24249267578125e-05,-40885208974.96307,32405217325.24077,52169899586.087814,0.0,0.0
18845.535,-3.0517578125e-05,-40885208974.96307,32405217325.24077,52169899586.087814,0.0,0.0
18905.535,-3.0517578125e-05,-40885208974.963066,32405217325.24077,52169899586.08781,-7.62939453125e-06,-1.462413114033391e-16
18965.535,-3.0517578125e-05,-40885208974.96307,32405217325.240776,52169899586.08782,7.62939453125e-06,1.462413114033391e-16
19025.535,-3.24249267578125e-05,-40885208974.96307,32405217325.240776,52169899586.08782,7.62939453125e-06,1.462413114033391e-16
19085.535,-3.24249267578125e-05,-40885208974.96307,32405217325.24078,52169899586.08782,7.62939453125e-06,1.462413114033391e-16
19145.535,-3.4332275390625e-05,-40885208974.96307,32405217325.24078,52169899586.08782,7.62939453125e-06,1.462413114033391e-16
19205.535,-3.0517578125e-05,-40885208974.96307,32405217325.240784,52169899586.08782,7.62939453125e-06,1.462413114033391e-16
19265.535,-2.86102294921875e-05,-40885208974.96307,32405217325.24078,52169899586.08782,7.62939453125e-06,1.462413114033391e-16
19325.535,-2.86102294921875e-05,-40885208974.96307,32405217325.240784,52169899586.08782,7.62939453125e-06,1.462413114033391e-16
19385.535,-2.956390380859375e-05,-40885208974.96308,32405217325.240788,52169899586.08783,1.52587890625e-05,2.924826228066782e-16
19445.535,-2.956390380859375e-05,-40885208974.96308,32405217325.24079,52169899586.08783,1.52587890625e-05,2.924826228066782e-16
19505.535,-2.8133392333984375e-05,-40885208974.96308,32405217325.240795,52169899586.08784,2.288818359375e-05,4.387239342100173e-16
19565.535,-3.0517578125e-05,-40885208974.96308,32405217325.24079,52169899586.08783,1.52587890625e-05,2.924826228066782e-16
19625.535,-2.8848648071289062e-05,-40885208974.96308,32405217325.24079,52169899586.08783,1.52587890625e-05,2.924826228066782e-16
19685.535,-2.872943878173828e-05,-40885208974.96308,32405217325.240795,52169899586.08784,2.288818359375e-05,4.387239342100173e-16
19745.535,-2.765655517578125e-05,-40885208974.96308,32405217325.240795,52169899586.08784,2.288818359375e-05,4.387239342100173e-16
19805.535,-2.765655517578125e-05,-40885208974.96308,32405217325.240795,52169899586.08784,2.288818359375e-05,4.387239342100173e-16
19865.535,-2.574920654296875e-05,-40885208974.963066,32405217325.24079,52169899586.08782,7.62939453125e-06,1.462413114033391e-16
19925.535,-2.384185791015625e-05,-40885208974.96307,32405217325.24079,52169899586.08783,1.52587890625e-05,2.924826228066782e-16
19985.535,-2.47955322265625e-05,-40885208974.96307,32405217325.240795,52169899586.08783,1.52587890625e-05,2.924826228066782e-16
20045.535,-2.6702880859375e-05,-40885208974.96307,32405217325.240788,52169899586.08783,1.52587890625e-05,2.924826228066782e-16
20105.535,-2.288818359375e-05,-40885208974.96307,32405217325.24079,52169899586.08783,1.52587890625e-05,2.924826228066782e-16
20165.535,-1.9073486328125e-05,-40885208974.963066,32405217325.24079,52169899586.08782,7.62939453125e-06,1.462413114033391e-16
20225.535,-1.71661376953125e-05,-40885208974.963066,32405217325.24079,52169899586.08782,7.62939453125e-06,1.462413114033391e-16
20285.535,-1.9073486328125e-05,-40885208974.96307,32405217325.240795,52169899586.08783,1.52587890625e-05,2.924826228066782e-16
20345.535,-1.71661376953125e-05,-40885208974.963066,32405217325.24079,52169899586.08782,7.62939453125e-06,1.462413114033391e-16
20405.535,-1.71661376953125e-05,-40885208974.96307,32405217325.24079,52169899586.08783,1.52587890625e-05,2.924826228066782e-16
20465.535,-1.52587890625e-05,-40885208974.96307,32405217325.2408,52169899586.08783,1.52587890625e-05,2.924826228066782e-16
20525.535,-1.52587890625e-05,-40885208974.96307,32405217325.2408,52169899586.08783,1.52587890625e-05,2.924826228066782e-16
20585.535,-1.71661376953125e-05,-40885208974.96307,32405217325.2408,52169899586.08783,1.52587890625e-05,2.924826228066782e-16
20645.535,-1.33514404296875e-05,-40885208974.96307,32405217325.2408,52169899586.08783,1.52587890625e-05,2.924826228066782e-16
20705.535,-1.52587890625e-05,-40885208974.96307,32405217325.2408,52169899586.08783,1.52587890625e-05,2.924826228066782e-16
20765.535,-1.621246337890625e-05,-40885208974.96307,32405217325.2408,52169899586.08783,1.52587890625e-05,2.924826228066782e-16
20825.535,-1.52587890625e-05,-40885208974.96308,32405217325.240795,52169899586.08784,2.288818359375e-05,4.387239342100173e-16
20885.535,-1.621246337890625e-05,-40885208974.96308,32405217325.240795,52169899586.08784,2.288818359375e-05,4.387239342100173e-16
20945.535,-1.811981201171875e-05,-40885208974.96308,32405217325.2408,52169899586.08784,2.288818359375e-05,4.387239342100173e-16
21005.535,-2.1696090698242188e-05,-40885208974.96308,32405217325.240795,52169899586.08784,2.288818359375e-05,4.387239342100173e-16
21065.535,-2.4586915969848633e-05,-40885208974.96308,32405217325.240795,52169899586.08784,2.288818359375e-05,4.387239342100173e-16
21125.535,-2.4080276489257812e-05,-40885208974.96307,32405217325.2408,52169899586.08783,1.52587890625e-05,2.924826228066782e-16
21185.535,-2.574920654296875e-05,-40885208974.96308,32405217325.240795,52169899586.08784,2.288818359375e-05,4.387239342100173e-16
21245.535,-2.574920654296875e-05,-40885208974.96307,32405217325.240795,52169899586.08783,1.52587890625e-05,2.924826228066782e-16
21305.535,-2.47955322265625e-05,-40885208974.96307,32405217325.24079,52169899586.08783,1.52587890625e-05,2.924826228066782e-16
21365.535,-2.6702880859375e-05,-40885208974.96307,32405217325.240795,52169899586.08783,1.52587890625e-05,2.924826228066782e-16
21425.535,-2.86102294921875e-05,-40885208974.96307,32405217325.2408,52169899586.08783,1.52587890625e-05,2.924826228066782e-16
21485.535,-2.6702880859375e-05,-40885208974.96307,32405217325.240795,52169899586.08783,1.52587890625e-05,2.924826228066782e-16
21545.535,-2.86102294921875e-05,-40885208974.96307,32405217325.2408,52169899586.08783,1.52587890625e-05,2.924826228066782e-16
21605.535,-3.0517578125e-05,-40885208974.96307,32405217325.2408,52169899586.08783,1.52587890625e-05,2.924826228066782e-16
21665.535,-2.86102294921875e-05,-40885208974.96307,32405217325.240795,52169899586.08783,1.52587890625e-05,2.924826228066782e-16
21725.535,-3.0517578125e-05,-40885208974.96307,32405217325.240795,52169899586.08783,1.52587890625e-05,2.924826228066782e-16
21785.535,-2.86102294921875e-05,-40885208974.963066,32405217325.2408,52169899586.08783,1.52587890625e-05,2.924826228066782e-16
21845.535,-3.0517578125e-05,-40885208974.963066,32405217325.2408,52169899586.08783,1.52587890625e-05,2.924826228066782e-16
21905.535,-3.0517578125e-05,-40885208974.96307,32405217325.24079,52169899586.08783,1.52587890625e-05,2.924826228066782e-16
21965.535,-3.0517578125e-05,-40885208974.96307,32405217325.24079,52169899586.08783,1.52587890625e-05,2.924826228066782e-16
22025.535,-3.24249267578125e-05,-40885208974.96307,32405217325.240795,52169899586.08783,1.52587890625e-05,2.924826228066782e-16
22085.535,-3.0517578125e-05,-40885208974.96307,32405217325.2408,52169899586.08783,1.52587890625e-05,2.924826228066782e-16
22145.535,-3.0517578125e-05,-40885208974.96307,32405217325.240795,52169899586.08783,1.52587890625e-05,2.924826228066782e-16
22205.535,-3.0517578125e-05,-40885208974.963066,32405217325.240788,52169899586.087814,0.0,0.0
22265.535,-3.147125244140625e-05,-40885208974.96306,32405217325.24079,52169899586.087814,0.0,0.0
22325.535,-3.2901763916015625e-05,-40885208974.96306,32405217325.240788,52169899586.087814,0.0,0.0
22385.535,-2.956390380859375e-05,-40885208974.96306,32405217325.240784,52169899586.087814,0.0,0.0
22445.535,-3.0219554901123047e-05,-40885208974.96306,32405217325.240788,52169899586.087814,0.0,0.0
22505.535,-3.218650817871094e-05,-40885208974.96306,32405217325.24079,52169899586.087814,0.0,0.0
22565.535,-3.0040740966796875e-05,-40885208974.963066,32405217325.240788,52169899586.087814,0.0,0.0
22625.535,-2.765655517578125e-05,-40885208974.96306,32405217325.24079,52169899586.087814,0.0,0.0
22685.535,-2.765655517578125e-05,-40885208974.96306,32405217325.24079,52169899586.087814,0.0,0.0
22745.535,-2.765655517578125e-05,-40885208974.963066,32405217325.240788,52169899586.087814,0.0,0.0
22805.535,-2.47955322265625e-05,-40885208974.963066,32405217325.240784,52169899586.087814,0.0,0.0
22865.535,-2.47955322265625e-05,-40885208974.96306,32405217325.24078,52169899586.08781,-7.62939453125e-06,-1.462413114033391e-16
22925.535,-2.47955322265625e-05,-40885208974.96306,32405217325.24078,52169899586.08781,-7.62939453125e-06,-1.462413114033391e-16
22985.535,-2.288818359375e-05,-40885208974.96306,32405217325.240776,52169899586.08781,-7.62939453125e-06,-1.462413114033391e-16
23045.535,-2.47955322265625e-05,-40885208974.96306,32405217325.24078,52169899586.08781,-7.62939453125e-06,-1.462413114033391e-16
23105.535,-2.6702880859375e-05,-40885208974.96305,32405217325.240784,52169899586.08781,-7.62939453125e-06,-1.462413114033391e-16
23165.535,-2.6702880859375e-05,-40885208974.96304,32405217325.240784,52169899586.0878,-1.52587890625e-05,-2.924826228066782e-16
23225.535,-2.6702880859375e-05,-40885208974.96304,32405217325.24078,52169899586.0878,-1.52587890625e-05,-2.924826228066782e-16
23285.535,-2.6702880859375e-05,-40885208974.96304,32405217325.24078,52169899586.0878,-1.52587890625e-05,-2.924826228066782e-16
23345.535,-2.6702880859375e-05,-40885208974.963036,32405217325.240776,52169899586.08779,-2.288818359375e-05,-4.387239342100173e-16
23405.535,-2.288818359375e-05,-40885208974.96303,32405217325.240776,52169899586.08778,-3.0517578125e-05,-5.849652456133564e-16
23465.535,-2.288818359375e-05,-40885208974.96303,32405217325.240776,52169899586.08778,-3.0517578125e-05,-5.849652456133564e-16
23525.535,-2.288818359375e-05,-40885208974.96303,32405217325.240776,52169899586.08778,-3.0517578125e-05,-5.849652456133564e-16
23585.535,-2.288818359375e-05,-40885208974.96303,32405217325.240776,52169899586.08778,-3.0517578125e-05,-5.849652456133564e-16
23645.535,-2.288818359375e-05,-40885208974.96303,32405217325.240776,52169899586.08778,-3.0517578125e-05,-5.849652456133564e-16
23705.535,-2.6702880859375e-05,-40885208974.96303,32405217325.240776,52169899586.08778,-3.0517578125e-05,-5.849652456133564e-16
23765.535,-2.47955322265625e-05,-40885208974.96303,32405217325.24078,52169899586.08778,-3.0517578125e-05,-5.849652456133564e-16
23825.535,-2.5272369384765625e-05,-40885208974.96302,32405217325.24078,52169899586.087776,-3.814697265625e-05,-7.312065570166955e-16
23885.535,-2.014636993408203e-05,-40885208974.96302,32405217325.24078,52169899586.087776,-3.814697265625e-05,-7.312065570166955e-16
23945.535,-2.193450927734375e-05,-40885208974.96302,32405217325.24078,52169899586.087776,-3.814697265625e-05,-7.312065570166955e-16
24005.535,-2.002716064453125e-05,-40885208974.96302,32405217325.24078,52169899586.087776,-3.814697265625e-05,-7.312065570166955e-16
24065.535,-1.811981201171875e-05,-40885208974.96302,32405217325.24078,52169899586.087776,-3.814697265625e-05,-7.312065570166955e-16
24125.535,-2.09808349609375e-05,-40885208974.96301,32405217325.240776,52169899586.087776,-3.814697265625e-05,-7.312065570166955e-16
24185.535,-2.002716064453125e-05,-40885208974.96301,32405217325.240772,52169899586.08777,-4.57763671875e-05,-8.774478684200346e-16
24245.535,-1.9073486328125e-05,-40885208974.96301,32405217325.240776,52169899586.087776,-3.814697265625e-05,-7.312065570166955e-16
24305.535,-2.09808349609375e-05,-40885208974.96301,32405217325.240772,52169899586.08777,-4.57763671875e-05,-8.774478684200346e-16
24365.535,-1.9073486328125e-05,-40885208974.96301,32405217325.240776,52169899586.087776,-3.814697265625e-05,-7.312065570166955e-16
24425.535,-1.71661376953125e-05,-40885208974.96301,32405217325.240776,52169899586.087776,-3.814697265625e-05,-7.312065570166955e-16
24485.535,-1.71661376953125e-05,-40885208974.96301,32405217325.240776,52169899586.087776,-3.814697265625e-05,-7.312065570166955e-16
24545.535,-1.71661376953125e-05,-40885208974.96301,32405217325.240776,52169899586.087776,-3.814697265625e-05,-7.312065570166955e-16
24605.535,-2.09808349609375e-05,-40885208974.96301,32405217325.240776,52169899586.087776,-3.814697265625e-05,-7.312065570166955e-16
24665.535,-1.9073486328125e-05,-40885208974.96301,32405217325.24078,52169899586.087776,-3.814697265625e-05,-7.312065570166955e-16
24725.535,-1.9073486328125e-05,-40885208974.96301,32405217325.240784,52169899586.087776,-3.814697265625e-05,-7.312065570166955e-16
24785.535,-2.09808349609375e-05,-40885208974.96301,32405217325.240784,52169899586.087776,-3.814697265625e-05,-7.312065570166955e-16
24845.535,-1.9073486328125e-05,-40885208974.963005,32405217325.240784,52169899586.08777,-4.57763671875e-05,-8.774478684200346e-16
24905.535,-1.9073486328125e-05,-40885208974.963,32405217325.240784,52169899586.08776,-5.340576171875e-05,-1.0236891798233737e-15
24965.535,-1.9073486328125e-05,-40885208974.963005,32405217325.240784,52169899586.08777,-4.57763671875e-05,-8.774478684200346e-16
25025.535,-1.811981201171875e-05,-40885208974.963005,32405217325.240784,52169899586.08777,-4.57763671875e-05,-8.774478684200346e-16
25085.535,-1.811981201171875e-05,-40885208974.963005,32405217325.240784,52169899586.08777,-4.57763671875e-05,-8.774478684200346e-16
25145.535,-1.8596649169921875e-05,-40885208974.963,32405217325.240784,52169899586.08776,-5.340576171875e-05,-1.0236891798233737e-15
25205.535,-1.8358230590820312e-05,-40885208974.963,32405217325.240788,52169899586.08777,-4.57763671875e-05,-8.774478684200346e-16
25265.535,-2.0056962966918945e-05,-40885208974.963005,32405217325.240788,52169899586.087776,-3.814697265625e-05,-7.312065570166955e-16
25325.535,-2.1457672119140625e-05,-40885208974.963,32405217325.24078,52169899586.08776,-5.340576171875e-05,-1.0236891798233737e-15
25385.535,-2.09808349609375e-05,-40885208974.963,32405217325.24078,52169899586.08776,-5.340576171875e-05,-1.0236891798233737e-15
25445.535,-2.193450927734375e-05,-40885208974.96299,32405217325.240784,52169899586.08776,-5.340576171875e-05,-1.0236891798233737e-15
25505.535,-2.09808349609375e-05,-40885208974.963,32405217325.240784,52169899586.08776,-5.340576171875e-05,-1.0236891798233737e-15
25565.535,-1.9073486328125e-05,-40885208974.963,32405217325.24078,52169899586.08776,-5.340576171875e-05,-1.0236891798233737e-15
25625.535,-2.09808349609375e-05,-40885208974.963005,32405217325.240784,52169899586.08777,-4.57763671875e-05,-8.774478684200346e-16
25685.535,-1.9073486328125e-05,-40885208974.963,32405217325.240784,52169899586.08776,-5.340576171875e-05,-1.0236891798233737e-15
25745.535,-1.71661376953125e-05,-40885208974.963,32405217325.240784,52169899586.08776,-5.340576171875e-05,-1.0236891798233737e-15
25805.535,-1.71661376953125e-05,-40885208974.96299,32405217325.240784,52169899586.08776,-5.340576171875e-05,-1.0236891798233737e-15
25865.535,-1.71661376953125e-05,-40885208974.96298,32405217325.240784,52169899586.08775,-6.103515625e-05,-1.1699304912267128e-15
25925.535,-1.9073486328125e-05,-40885208974.96298,32405217325.24078,52169899586.087746,-6.866455078125e-05,-1.316171802630052e-15
25985.535,-1.71661376953125e-05,-40885208974.96298,32405217325.240776,52169899586.087746,-6.866455078125e-05,-1.316171802630052e-15
26045.535,-1.71661376953125e-05,-40885208974.96298,32405217325.240776,52169899586.087746,-6.866455078125e-05,-1.316171802630052e-15
26105.535,-1.52587890625e-05,-40885208974.96298,32405217325.240784,52169899586.08775,-6.103515625e-05,-1.1699304912267128e-15
26165.535,-1.52587890625e-05,-40885208974.96298,32405217325.240784,52169899586.08775,-6.103515625e-05,-1.1699304912267128e-15
26225.535,-1.52587890625e-05,-40885208974.96299,32405217325.240784,52169899586.08776,-5.340576171875e-05,-1.0236891798233737e-15
26285.535,-1.71661376953125e-05,-40885208974.96298,32405217325.240784,52169899586.08775,-6.103515625e-05,-1.1699304912267128e-15
26345.535,-1.52587890625e-05,-40885208974.96298,32405217325.24078,52169899586.087746,-6.866455078125e-05,-1.316171802630052e-15
26405.535,-1.621246337890625e-05,-40885208974.962975,32405217325.24078,52169899586.087746,-6.866455078125e-05,-1.316171802630052e-15
26465.535,-1.621246337890625e-05,-40885208974.962975,32405217325.240776,52169899586.087746,-6.866455078125e-05,-1.316171802630052e-15
26525.535,-1.71661376953125e-05,-40885208974.962975,32405217325.240776,52169899586.087746,-6.866455078125e-05,-1.316171802630052e-15
26585.535,-1.6689300537109375e-05,-40885208974.96298,32405217325.24078,52169899586.087746,-6.866455078125e-05,-1.316171802630052e-15
26645.535,-1.4066696166992188e-05,-40885208974.962975,32405217325.24078,52169899586.087746,-6.866455078125e-05,-1.316171802630052e-15
26705.535,-1.4662742614746094e-05,-40885208974.962975,32405217325.24078,52169899586.087746,-6.866455078125e-05,-1.316171802630052e-15
26765.535,-1.2874603271484375e-05,-40885208974.962975,32405217325.240776,52169899586.087746,-6.866455078125e-05,-1.316171802630052e-15
26825.535,-1.1444091796875e-05,-40885208974.962975,32405217325.240776,52169899586.087746,-6.866455078125e-05,-1.316171802630052e-15
26885.535,-1.239776611328125e-05,-40885208974.962975,32405217325.240776,52169899586.087746,-6.866455078125e-05,-1.316171802630052e-15
26945.535,-1.33514404296875e-05,-40885208974.96298,32405217325.240776,52169899586.087746,-6.866455078125e-05,-1.316171802630052e-15
27005.535,-1.33514404296875e-05,-40885208974.96298,32405217325.24078,52169899586.087746,-6.866455078125e-05,-1.316171802630052e-15
27065.535,-1.52587890625e-05,-40885208974.962975,32405217325.240776,52169899586.087746,-6.866455078125e-05,-1.316171802630052e-15
27125.535,-1.52587890625e-05,-40885208974.962975,32405217325.240776,52169899586.087746,-6.866455078125e-05,-1.316171802630052e-15
27185.535,-1.33514404296875e-05,-40885208974.96297,32405217325.240776,52169899586.08774,-7.62939453125e-05,-1.462413114033391e-15
27245.535,-1.1444091796875e-05,-40885208974.962975,32405217325.24078,52169899586.087746,-6.866455078125e-05,-1.316171802630052e-15
27305.535,-1.1444091796875e-05,-40885208974.96297,32405217325.24078,52169899586.08774,-7.62939453125e-05,-1.462413114033391e-15
27365.535,-1.33514404296875e-05,-40885208974.96297,32405217325.240776,52169899586.08774,-7.62939453125e-05,-1.462413114033391e-15
27425.535,-1.52587890625e-05,-40885208974.96297,32405217325.240784,52169899586.08774,-7.62939453125e-05,-1.462413114033391e-15
27485.535,-1.33514404296875e-05,-40885208974.962975,32405217325.240784,52169899586.087746,-6.866455078125e-05,-1.316171802630052e-15
27545.535,-7.62939453125e-06,-40885208974.96297,32405217325.240784,52169899586.08774,-7.62939453125e-05,-1.462413114033391e-15
27605.535,-9.5367431640625e-06,-40885208974.96297,32405217325.24078,52169899586.08774,-7.62939453125e-05,-1.462413114033391e-15
27665.535,-1.1444091796875e-05,-40885208974.96297,32405217325.24078,52169899586.08774,-7.62939453125e-05,-1.462413114033391e-15
27725.535,-9.5367431640625e-06,-40885208974.96297,32405217325.24078,52169899586.08774,-7.62939453125e-05,-1.462413114033391e-15
27785.535,-9.5367431640625e-06,-40885208974.96297,32405217325.24078,52169899586.08774,-7.62939453125e-05,-1.462413114033391e-15
27845.535,-1.049041748046875e-05,-40885208974.96297,32405217325.240776,52169899586.08774,-7.62939453125e-05,-1.462413114033391e-15
27905.535,-1.049041748046875e-05,-40885208974.96297,32405217325.240776,52169899586.08774,-7.62939453125e-05,-1.462413114033391e-15
27965.535,-8.58306884765625e-06,-40885208974.96297,32405217325.240776,52169899586.08774,-7.62939453125e-05,-1.462413114033391e-15
28025.535,-8.58306884765625e-06,-40885208974.96297,32405217325.24078,52169899586.08774,-7.62939453125e-05,-1.462413114033391e-15
28085.535,-7.987022399902344e-06,-40885208974.96296,32405217325.240772,52169899586.08773,-8.392333984375e-05,-1.6086544254367302e-15
28145.535,-7.62939453125e-06,-40885208974.96296,32405217325.240772,52169899586.08773,-8.392333984375e-05,-1.6086544254367302e-15
28205.535,-6.67572021484375e-06,-40885208974.96296,32405217325.240772,52169899586.08773,-8.392333984375e-05,-1.6086544254367302e-15
28265.535,-5.7220458984375e-06,-40885208974.96296,32405217325.240776,52169899586.08773,-8.392333984375e-05,-1.6086544254367302e-15
28325.535,-5.7220458984375e-06,-40885208974.96297,32405217325.240776,52169899586.08774,-7.62939453125e-05,-1.462413114033391e-15
28385.535,-6.67572021484375e-06,-40885208974.96297,32405217325.240776,52169899586.08774,-7.62939453125e-05,-1.462413114033391e-15
28445.535,-5.7220458984375e-06,-40885208974.96297,32405217325.240776,52169899586.08774,-7.62939453125e-05,-1.462413114033391e-15
28505.535,-5.7220458984375e-06,-40885208974.96296,32405217325.240772,52169899586.08773,-8.392333984375e-05,-1.6086544254367302e-15
28565.535,-7.62939453125e-06,-40885208974.96296,32405217325.240776,52169899586.08773,-8.392333984375e-05,-1.6086544254367302e-15
28625.535,-5.7220458984375e-06,-40885208974.96296,32405217325.240776,52169899586.08773,-8.392333984375e-05,-1.6086544254367302e-15
28685.535,-5.7220458984375e-06,-40885208974.96295,32405217325.240776,52169899586.08772,-9.1552734375e-05,-1.7548957368400693e-15
28745.535,-5.7220458984375e-06,-40885208974.96295,32405217325.240776,52169899586.08772,-9.1552734375e-05,-1.7548957368400693e-15
28805.535,-3.814697265625e-06,-40885208974.96295,32405217325.240776,52169899586.08772,-9.1552734375e-05,-1.7548957368400693e-15
28865.535,-3.814697265625e-06,-40885208974.96295,32405217325.240776,52169899586.08772,-9.1552734375e-05,-1.7548957368400693e-15
28925.535,-1.9073486328125e-06,-40885208974.96295,32405217325.240776,52169899586.08772,-9.1552734375e-05,-1.7548957368400693e-15
28985.535,-3.814697265625e-06,-40885208974.96295,32405217325.240776,52169899586.08772,-9.1552734375e-05,-1.7548957368400693e-15
29045.535,0.0,-40885208974.96295,32405217325.240776,52169899586.08772,-9.1552734375e-05,-1.7548957368400693e-15
29105.535,0.0,-40885208974.96295,32405217325.240776,52169899586.08772,-9.1552734375e-05,-1.7548957368400693e-15
29165.535,0.0,-40885208974.96295,32405217325.240772,52169899586.08772,-9.1552734375e-05,-1.7548957368400693e-15
29225.535,1.9073486328125e-06,-40885208974.96295,32405217325.240776,52169899586.08772,-9.1552734375e-05,-1.7548957368400693e-15
29285.535,2.86102294921875e-06,-40885208974.96295,32405217325.240776,52169899586.08772,-9.1552734375e-05,-1.7548957368400693e-15
29345.535,3.814697265625e-06,-40885208974.96295,32405217325.24078,52169899586.08772,-9.1552734375e-05,-1.7548957368400693e-15
29405.535,3.337860107421875e-06,-40885208974.962944,32405217325.24078,52169899586.087715,-9.918212890625e-05,-1.9011370482434084e-15
29465.535,4.351139068603516e-06,-40885208974.96295,32405217325.24078,52169899586.08772,-9.1552734375e-05,-1.7548957368400693e-15
29525.535,5.245208740234375e-06,-40885208974.96295,32405217325.24078,52169899586.08772,-9.1552734375e-05,-1.7548957368400693e-15
29585.535,5.7220458984375e-06,-40885208974.96295,32405217325.24078,52169899586.08772,-9.1552734375e-05,-1.7548957368400693e-15
29645.535,4.76837158203125e-06,-40885208974.96295,32405217325.240776,52169899586.08772,-9.1552734375e-05,-1.7548957368400693e-15
29705.535,1.9073486328125e-06,-40885208974.96295,32405217325.24078,52169899586.08772,-9.1552734375e-05,-1.7548957368400693e-15
29765.535,9.5367431640625e-07,-40885208974.96295,32405217325.240776,52169899586.08772,-9.1552734375e-05,-1.7548957368400693e-15
29825.535,3.814697265625e-06,-40885208974.96295,32405217325.24078,52169899586.08772,-9.1552734375e-05,-1.7548957368400693e-15
29885.535,1.9073486328125e-06,-40885208974.96295,32405217325.240776,52169899586.08772,-9.1552734375e-05,-1.7548957368400693e-15
29945.535,3.814697265625e-06,-40885208974.96295,32405217325.240776,52169899586.08772,-9.1552734375e-05,-1.7548957368400693e-15
30005.535,3.814697265625e-06,-40885208974.96295,32405217325.240776,52169899586.08772,-9.1552734375e-05,-1.7548957368400693e-15
30065.535,1.9073486328125e-06,-40885208974.96295,32405217325.240776,52169899586.08772,-9.1552734375e-05,-1.7548957368400693e-15
30125.535,3.814697265625e-06,-40885208974.96295,32405217325.240776,52169899586.08772,-9.1552734375e-05,-1.7548957368400693e-15
30185.535,3.814697265625e-06,-40885208974.96295,32405217325.24077,52169899586.087715,-9.918212890625e-05,-1.9011370482434084e-15
30245.535,1.9073486328125e-06,-40885208974.962944,32405217325.24077,52169899586.087715,-9.918212890625e-05,-1.9011370482434084e-15
30305.535,-1.9073486328125e-06,-40885208974.96295,32405217325.240776,52169899586.08772,-9.1552734375e-05,-1.7548957368400693e-15
30365.535,1.9073486328125e-06,-40885208974.96295,32405217325.240776,52169899586.08772,-9.1552734375e-05,-1.7548957368400693e-15
30425.535,1.9073486328125e-06,-40885208974.96295,32405217325.240772,52169899586.08772,-9.1552734375e-05,-1.7548957368400693e-15
30485.535,3.814697265625e-06,-40885208974.962944,32405217325.240772,52169899586.087715,-9.918212890625e-05,-1.9011370482434084e-15
30545.535,3.814697265625e-06,-40885208974.96295,32405217325.24077,52169899586.087715,-9.918212890625e-05,-1.9011370482434084e-15
30605.535,1.9073486328125e-06,-40885208974.962944,32405217325.24077,52169899586.087715,-9.918212890625e-05,-1.9011370482434084e-15
30665.535,1.9073486328125e-06,-40885208974.96295,32405217325.24077,52169899586.087715,-9.918212890625e-05,-1.9011370482434084e-15
30725.535,1.9073486328125e-06,-40885208974.96295,32405217325.24077,52169899586.087715,-9.918212890625e-05,-1.9011370482434084e-15
30785.535,1.9073486328125e-06,-40885208974.96295,32405217325.24077,52169899586.087715,-9.918212890625e-05,-1.9011370482434084e-15
30845.535,2.1457672119140625e-06,-40885208974.96295,32405217325.240765,52169899586.087715,-9.918212890625e-05,-1.9011370482434084e-15
30905.535,2.0265579223632812e-06,-40885208974.96295,32405217325.240765,52169899586.087715,-9.918212890625e-05,-1.9011370482434084e-15
30965.535,0.0,-40885208974.96295,32405217325.24076,52169899586.087715,-9.918212890625e-05,-1.9011370482434084e-15
31025.535,-1.9073486328125e-06,-40885208974.96295,32405217325.240765,52169899586.087715,-9.918212890625e-05,-1.9011370482434084e-15
31085.535,-2.86102294921875e-06,-40885208974.96295,32405217325.240765,52169899586.087715,-9.918212890625e-05,-1.9011370482434084e-15
31145.535,-9.5367431640625e-07,-40885208974.96295,32405217325.240765,52169899586.087715,-9.918212890625e-05,-1.9011370482434084e-15
31205.535,-1.9073486328125e-06,-40885208974.96295,32405217325.240765,52169899586.087715,-9.918212890625e-05,-1.9011370482434084e-15
31265.535,-1.9073486328125e-06,-40885208974.96295,32405217325.240772,52169899586.08772,-9.1552734375e-05,-1.7548957368400693e-15
31325.535,-1.9073486328125e-06,-40885208974.96296,32405217325.240772,52169899586.08773,-8.392333984375e-05,-1.6086544254367302e-15
31385.535,0.0,-40885208974.96296,32405217325.240776,52169899586.08773,-8.392333984375e-05,-1.6086544254367302e-15
31445.535,0.0,-40885208974.96296,32405217325.24077,52169899586.08773,-8.392333984375e-05,-1.6086544254367302e-15
31505.535,0.0,-40885208974.96295,32405217325.24077,52169899586.087715,-9.918212890625e-05,-1.9011370482434084e-15
31565.535,0.0,-40885208974.96295,32405217325.24077,52169899586.087715,-9.918212890625e-05,-1.9011370482434084e-15
31625.535,0.0,-40885208974.96295,32405217325.240765,52169899586.087715,-9.918212890625e-05,-1.9011370482434084e-15
31685.535,1.9073486328125e-06,-40885208974.962944,32405217325.24076,52169899586.08771,-0.0001068115234375,-2.0473783596467473e-15
31745.535,1.9073486328125e-06,-40885208974.96295,32405217325.24076,52169899586.087715,-9.918212890625e-05,-1.9011370482434084e-15
31805.535,3.814697265625e-06,-40885208974.962944,32405217325.24076,52169899586.08771,-0.0001068115234375,-2.0473783596467473e-15
31865.535,1.9073486328125e-06,-40885208974.962944,32405217325.24076,52169899586.08771,-0.0001068115234375,-2.0473783596467473e-15
31925.535,0.0,-40885208974.96295,32405217325.240757,52169899586.087715,-9.918212890625e-05,-1.9011370482434084e-15
31985.535,0.0,-40885208974.962944,32405217325.24076,52169899586.08771,-0.0001068115234375,-2.0473783596467473e-15
32045.535,-1.9073486328125e-06,-40885208974.962944,32405217325.24076,52169899586.08771,-0.0001068115234375,-2.0473783596467473e-15
32105.535,-9.5367431640625e-07,-40885208974.962944,32405217325.24076,52169899586.08771,-0.0001068115234375,-2.0473783596467473e-15
32165.535,-1.430511474609375e-06,-40885208974.96295,32405217325.24076,52169899586.087715,-9.918212890625e-05,-1.9011370482434084e-15
32225.535,-2.1457672119140625e-06,-40885208974.96295,32405217325.24076,52169899586.087715,-9.918212890625e-05,-1.9011370482434084e-15
32285.535,6.92903995513916e-07,-40885208974.96295,32405217325.24077,52169899586.087715,-9.918212890625e-05,-1.9011370482434084e-15
32345.535,2.384185791015625e-07,-40885208974.96295,32405217325.24077,52169899586.087715,-9.918212890625e-05,-1.9011370482434084e-15
32405.535,0.0,-40885208974.96295,32405217325.240765,52169899586.087715,-9.918212890625e-05,-1.9011370482434084e-15
32465.535,1.9073486328125e-06,-40885208974.962944,32405217325.240765,52169899586.087715,-9.918212890625e-05,-1.9011370482434084e-15
32525.535,9.5367431640625e-07,-40885208974.962944,32405217325.240757,52169899586.08771,-0.0001068115234375,-2.0473783596467473e-15
32585.535,9.5367431640625e-07,-40885208974.962944,32405217325.240757,52169899586.08771,-0.0001068115234375,-2.0473783596467473e-15
32645.535,0.0,-40885208974.962944,32405217325.240757,52169899586.08771,-0.0001068115234375,-2.0473783596467473e-15
32705.535,0.0,-40885208974.96295,32405217325.240757,52169899586.087715,-9.918212890625e-05,-1.9011370482434084e-15
32765.535,-3.814697265625e-06,-40885208974.962944,32405217325.240757,52169899586.08771,-0.0001068115234375,-2.0473783596467473e-15
32825.535,-3.814697265625e-06,-40885208974.962944,32405217325.24076,52169899586.08771,-0.0001068115234375,-2.0473783596467473e-15
32885.535,-3.814697265625e-06,-40885208974.962944,32405217325.24076,52169899586.08771,-0.0001068115234375,-2.0473783596467473e-15
32945.535,-3.814697265625e-06,-40885208974.962944,32405217325.240765,52169899586.087715,-9.918212890625e-05,-1.9011370482434084e-15
33005.535,-7.62939453125e-06,-40885208974.962944,32405217325.240765,52169899586.087715,-9.918212890625e-05,-1.9011370482434084e-15
33065.535,-7.62939453125e-06,-40885208974.96294,32405217325.240765,52169899586.08771,-0.0001068115234375,-2.0473783596467473e-15
33125.535,-7.62939453125e-06,-40885208974.962944,32405217325.24076,52169899586.08771,-0.0001068115234375,-2.0473783596467473e-15
33185.535,-5.7220458984375e-06,-40885208974.96294,32405217325.24076,52169899586.0877,-0.00011444091796875,-2.1936196710500867e-15
33245.535,-7.62939453125e-06,-40885208974.96294,32405217325.24076,52169899586.0877,-0.00011444091796875,-2.1936196710500867e-15
33305.535,-7.62939453125e-06,-40885208974.962944,32405217325.240765,52169899586.087715,-9.918212890625e-05,-1.9011370482434084e-15
33365.535,-6.67572021484375e-06,-40885208974.96295,32405217325.24077,52169899586.087715,-9.918212890625e-05,-1.9011370482434084e-15
33425.535,-9.5367431640625e-06,-40885208974.962944,32405217325.24077,52169899586.087715,-9.918212890625e-05,-1.9011370482434084e-15
33485.535,-8.58306884765625e-06,-40885208974.962944,32405217325.24077,52169899586.087715,-9.918212890625e-05,-1.9011370482434084e-15
33545.535,-8.58306884765625e-06,-40885208974.962944,32405217325.240765,52169899586.087715,-9.918212890625e-05,-1.9011370482434084e-15
33605.535,-1.0013580322265625e-05,-40885208974.962944,32405217325.240765,52169899586.087715,-9.918212890625e-05,-1.9011370482434084e-15
33665.535,-7.987022399902344e-06,-40885208974.962944,32405217325.24076,52169899586.08771,-0.0001068115234375,-2.0473783596467473e-15
33725.535,-8.106231689453125e-06,-40885208974.96294,32405217325.24076,52169899586.0877,-0.00011444091796875,-2.1936196710500867e-15
33785.535,-8.106231689453125e-06,-40885208974.962944,32405217325.240765,52169899586.087715,-9.918212890625e-05,-1.9011370482434084e-15
33845.535,-4.76837158203125e-06,-40885208974.96295,32405217325.240765,52169899586.087715,-9.918212890625e-05,-1.9011370482434084e-15
33905.535,-3.814697265625e-06,-40885208974.962944,32405217325.240765,52169899586.087715,-9.918212890625e-05,-1.9011370482434084e-15
33965.535,-4.76837158203125e-06,-40885208974.96296,32405217325.24077,52169899586.08773,-8.392333984375e-05,-1.6086544254367302e-15
34025.535,-1.9073486328125e-06,-40885208974.96296,32405217325.24077,52169899586.08773,-8.392333984375e-05,-1.6086544254367302e-15
34085.535,-3.814697265625e-06,-40885208974.96296,32405217325.240772,52169899586.08773,-8.392333984375e-05,-1.6086544254367302e-15
34145.535,-3.814697265625e-06,-40885208974.96296,32405217325.240776,52169899586.08773,-8.392333984375e-05,-1.6086544254367302e-15
34205.535,-1.9073486328125e-06,-40885208974.96297,32405217325.240776,52169899586.08774,-7.62939453125e-05,-1.462413114033391e-15
34265.535,-3.814697265625e-06,-40885208974.96297,32405217325.240772,52169899586.08773,-8.392333984375e-05,-1.6086544254367302e-15
34325.535,-3.814697265625e-06,-40885208974.96296,32405217325.24077,52169899586.08773,-8.392333984375e-05,-1.6086544254367302e-15
34385.535,-3.814697265625e-06,-40885208974.96296,32405217325.240776,52169899586.08773,-8.392333984375e-05,-1.6086544254367302e-15
34445.535,-3.814697265625e-06,-40885208974.96297,32405217325.240776,52169899586.08774,-7.62939453125e-05,-1.462413114033391e-15
34505.535,-3.814697265625e-06,-40885208974.96297,32405217325.240776,52169899586.08774,-7.62939453125e-05,-1.462413114033391e-15
34565.535,-5.7220458984375e-06,-40885208974.96297,32405217325.240776,52169899586.08774,-7.62939453125e-05,-1.462413114033391e-15
34625.535,-5.7220458984375e-06,-40885208974.96296,32405217325.240776,52169899586.08773,-8.392333984375e-05,-1.6086544254367302e-15
34685.535,-3.814697265625e-06,-40885208974.96296,32405217325.240772,52169899586.08773,-8.392333984375e-05,-1.6086544254367302e-15
34745.535,-1.9073486328125e-06,-40885208974.96296,32405217325.24077,52169899586.08773,-8.392333984375e-05,-1.6086544254367302e-15
34805.535,-9.5367431640625e-07,-40885208974.96296,32405217325.24077,52169899586.08773,-8.392333984375e-05,-1.6086544254367302e-15
34865.535,0.0,-40885208974.96296,32405217325.24077,52169899586.08773,-8.392333984375e-05,-1.6086544254367302e-15
34925.535,-1.9073486328125e-06,-40885208974.96296,32405217325.24077,52169899586.08773,-8.392333984375e-05,-1.6086544254367302e-15
34985.535,0.0,-40885208974.96297,32405217325.240772,52169899586.08773,-8.392333984375e-05,-1.6086544254367302e-15
35045.535,3.5762786865234375e-06,-40885208974.96297,32405217325.240776,52169899586.08774,-7.62939453125e-05,-1.462413114033391e-15
35105.535,6.020069122314453e-06,-40885208974.96297,32405217325.240772,52169899586.08773,-8.392333984375e-05,-1.6086544254367302e-15
35165.535,3.0994415283203125e-06,-40885208974.96296,32405217325.24077,52169899586.08773,-8.392333984375e-05,-1.6086544254367302e-15
35225.535,5.7220458984375e-06,-40885208974.96296,32405217325.240772,52169899586.08773,-8.392333984375e-05,-1.6086544254367302e-15
35285.535,6.67572021484375e-06,-40885208974.96295,32405217325.24077,52169899586.087715,-9.918212890625e-05,-1.9011370482434084e-15
35345.535,7.62939453125e-06,-40885208974.96295,32405217325.240772,52169899586.08772,-9.1552734375e-05,-1.7548957368400693e-15
35405.535,6.67572021484375e-06,-40885208974.96295,32405217325.240776,52169899586.08772,-9.1552734375e-05,-1.7548957368400693e-15
35465.535,3.814697265625e-06,-40885208974.96295,32405217325.240772,52169899586.08772,-9.1552734375e-05,-1.7548957368400693e-15
35525.535,3.814697265625e-06,-40885208974.96295,32405217325.240772,52169899586.08772,-9.1552734375e-05,-1.7548957368400693e-15
35585.535,3.814697265625e-06,-40885208974.96295,32405217325.240776,52169899586.08772,-9.1552734375e-05,-1.7548957368400693e-15
35645.535,3.814697265625e-06,-40885208974.96295,32405217325.240776,52169899586.08772,-9.1552734375e-05,-1.7548957368400693e-15
35705.535,5.7220458984375e-06,-40885208974.96295,32405217325.240776,52169899586.08772,-9.1552734375e-05,-1.7548957368400693e-15
35765.535,5.7220458984375e-06,-40885208974.96295,32405217325.240772,52169899586.08772,-9.1552734375e-05,-1.7548957368400693e-15
35825.535,5.7220458984375e-06,-40885208974.96295,32405217325.240772,52169899586.08772,-9.1552734375e-05,-1.7548957368400693e-15
35885.535,7.62939453125e-06,-40885208974.96295,32405217325.240776,52169899586.08772,-9.1552734375e-05,-1.7548957368400693e-15
35945.535,1.1444091796875e-05,-40885208974.96295,32405217325.240776,52169899586.08772,-9.1552734375e-05,-1.7548957368400693e-15
36005.535,1.1444091796875e-05,-40885208974.96295,32405217325.24077,52169899586.087715,-9.918212890625e-05,-1.9011370482434084e-15
36065.535,1.1444091796875e-05,-40885208974.96295,32405217325.240772,52169899586.08772,-9.1552734375e-05,-1.7548957368400693e-15
36125.535,1.33514404296875e-05,-40885208974.962944,32405217325.240776,52169899586.087715,-9.918212890625e-05,-1.9011370482434084e-15
36185.535,1.430511474609375e-05,-40885208974.962944,32405217325.240776,52169899586.087715,-9.918212890625e-05,-1.9011370482434084e-15
36245.535,1.239776611328125e-05,-40885208974.96295,32405217325.240776,52169899586.08772,-9.1552734375e-05,-1.7548957368400693e-15
36305.535,1.33514404296875e-05,-40885208974.96295,32405217325.24078,52169899586.08772,-9.1552734375e-05,-1.7548957368400693e-15
36365.535,1.33514404296875e-05,-40885208974.96295,32405217325.240776,52169899586.08772,-9.1552734375e-05,-1.7548957368400693e-15
36425.535,1.0967254638671875e-05,-40885208974.96295,32405217325.240772,52169899586.08772,-9.1552734375e-05,-1.7548957368400693e-15
36485.535,1.0311603546142578e-05,-40885208974.96295,32405217325.240776,52169899586.08772,-9.1552734375e-05,-1.7548957368400693e-15
36545.535,9.5367431640625e-06,-40885208974.962944,32405217325.240776,52169899586.087715,-9.918212890625e-05,-1.9011370482434084e-15
36605.535,8.106231689453125e-06,-40885208974.962944,32405217325.24078,52169899586.087715,-9.918212890625e-05,-1.9011370482434084e-15
36665.535,1.049041748046875e-05,-40885208974.962944,32405217325.240772,52169899586.087715,-9.918212890625e-05,-1.9011370482434084e-15
36725.535,9.5367431640625e-06,-40885208974.962944,32405217325.24078,52169899586.087715,-9.918212890625e-05,-1.9011370482434084e-15
36785.535,9.5367431640625e-06,-40885208974.96294,32405217325.240772,52169899586.087715,-9.918212890625e-05,-1.9011370482434084e-15
36845.535,7.62939453125e-06,-40885208974.96294,32405217325.240776,52169899586.087715,-9.918212890625e-05,-1.9011370482434084e-15
36905.535,7.62939453125e-06,-40885208974.96294,32405217325.240772,52169899586.087715,-9.918212890625e-05,-1.9011370482434084e-15
36965.535,3.814697265625e-06,-40885208974.96294,32405217325.24077,52169899586.08771,-0.0001068115234375,-2.0473783596467473e-15
37025.535,3.814697265625e-06,-40885208974.96294,32405217325.24077,52169899586.08771,-0.0001068115234375,-2.0473783596467473e-15
37085.535,3.814697265625e-06,-40885208974.96293,32405217325.24077,52169899586.0877,-0.00011444091796875,-2.1936196710500867e-15
37145.535,1.9073486328125e-06,-40885208974.96294,32405217325.24077,52169899586.08771,-0.0001068115234375,-2.0473783596467473e-15
37205.535,0.0,-40885208974.96294,32405217325.240765,52169899586.08771,-0.0001068115234375,-2.0473783596467473e-15
37265.535,1.9073486328125e-06,-40885208974.96294,32405217325.24077,52169899586.08771,-0.0001068115234375,-2.0473783596467473e-15
37325.535,1.9073486328125e-06,-40885208974.96294,32405217325.240776,52169899586.087715,-9.918212890625e-05,-1.9011370482434084e-15
37385.535,1.9073486328125e-06,-40885208974.96294,32405217325.240776,52169899586.087715,-9.918212890625e-05,-1.9011370482434084e-15
37445.535,0.0,-40885208974.96294,32405217325.240772,52169899586.087715,-9.918212890625e-05,-1.9011370482434084e-15
37505.535,0.0,-40885208974.962944,32405217325.240776,52169899586.087715,-9.918212890625e-05,-1.9011370482434084e-15
37565.535,1.9073486328125e-06,-40885208974.96295,32405217325.240776,52169899586.08772,-9.1552734375e-05,-1.7548957368400693e-15
37625.535,0.0,-40885208974.96295,32405217325.240776,52169899586.08772,-9.1552734375e-05,-1.7548957368400693e-15
37685.535,-9.5367431640625e-07,-40885208974.96295,32405217325.240776,52169899586.08772,-9.1552734375e-05,-1.7548957368400693e-15
37745.535,-9.5367431640625e-07,-40885208974.96295,32405217325.24078,52169899586.08772,-9.1552734375e-05,-1.7548957368400693e-15
37805.535,4.76837158203125e-07,-40885208974.96295,32405217325.24078,52169899586.08772,-9.1552734375e-05,-1.7548957368400693e-15
37865.535,2.1457672119140625e-06,-40885208974.96295,32405217325.240784,52169899586.08773,-8.392333984375e-05,-1.6086544254367302e-15
37925.535,5.960464477539062e-07,-40885208974.96295,32405217325.240784,52169899586.08773,-8.392333984375e-05,-1.6086544254367302e-15
37985.535,1.9073486328125e-06,-40885208974.96295,32405217325.24078,52169899586.08772,-9.1552734375e-05,-1.7548957368400693e-15
38045.535,4.76837158203125e-07,-40885208974.96295,32405217325.24078,52169899586.08772,-9.1552734375e-05,-1.7548957368400693e-15
38105.535,9.5367431640625e-07,-40885208974.96295,32405217325.240784,52169899586.08773,-8.392333984375e-05,-1.6086544254367302e-15
38165.535,2.86102294921875e-06,-40885208974.96296,32405217325.240784,52169899586.08773,-8.392333984375e-05,-1.6086544254367302e-15
38225.535,0.0,-40885208974.96296,32405217325.240784,52169899586.08773,-8.392333984375e-05,-1.6086544254367302e-15
38285.535,1.9073486328125e-06,-40885208974.96297,32405217325.240784,52169899586.08774,-7.62939453125e-05,-1.462413114033391e-15
38345.535,1.9073486328125e-06,-40885208974.96296,32405217325.240788,52169899586.08774,-7.62939453125e-05,-1.462413114033391e-15
38405.535,0.0,-40885208974.96296,32405217325.240784,52169899586.08773,-8.392333984375e-05,-1.6086544254367302e-15
38465.535,1.9073486328125e-06,-40885208974.96296,32405217325.240784,52169899586.08773,-8.392333984375e-05,-1.6086544254367302e-15
38525.535,3.814697265625e-06,-40885208974.96296,32405217325.240784,52169899586.08773,-8.392333984375e-05,-1.6086544254367302e-15
38585.535,1.9073486328125e-06,-40885208974.96297,32405217325.240784,52169899586.08774,-7.62939453125e-05,-1.462413114033391e-15
38645.535,0.0,-40885208974.96297,32405217325.240788,52169899586.087746,-6.866455078125e-05,-1.316171802630052e-15
38705.535,-1.9073486328125e-06,-40885208974.96297,32405217325.240784,52169899586.08774,-7.62939453125e-05,-1.462413114033391e-15
38765.535,-5.7220458984375e-06,-40885208974.96296,32405217325.240784,52169899586.08773,-8.392333984375e-05,-1.6086544254367302e-15
38825.535,-7.62939453125e-06,-40885208974.96296,32405217325.240788,52169899586.08774,-7.62939453125e-05,-1.462413114033391e-15
38885.535,-7.62939453125e-06,-40885208974.96297,32405217325.24079,52169899586.087746,-6.866455078125e-05,-1.316171802630052e-15
38945.535,-7.62939453125e-06,-40885208974.96297,32405217325.24079,52169899586.087746,-6.866455078125e-05,-1.316171802630052e-15
39005.535,-6.67572021484375e-06,-40885208974.96296,32405217325.240795,52169899586.087746,-6.866455078125e-05,-1.316171802630052e-15
39065.535,-7.62939453125e-06,-40885208974.96296,32405217325.24079,52169899586.08774,-7.62939453125e-05,-1.462413114033391e-15
39125.535,-6.67572021484375e-06,-40885208974.96295,32405217325.24079,52169899586.08773,-8.392333984375e-05,-1.6086544254367302e-15
39185.535,-6.67572021484375e-06,-40885208974.96295,32405217325.24079,52169899586.08773,-8.392333984375e-05,-1.6086544254367302e-15
39245.535,-5.0067901611328125e-06,-40885208974.96295,32405217325.24079,52169899586.08773,-8.392333984375e-05,-1.6086544254367302e-15
39305.535,-4.623085260391235e-06,-40885208974.962944,32405217325.240788,52169899586.08772,-9.1552734375e-05,-1.7548957368400693e-15
39365.535,-5.245208740234375e-06,-40885208974.96295,32405217325.240788,52169899586.08773,-8.392333984375e-05,-1.6086544254367302e-15
39425.535,-4.291534423828125e-06,-40885208974.962944,32405217325.240788,52169899586.08772,-9.1552734375e-05,-1.7548957368400693e-15
39485.535,-3.814697265625e-06,-40885208974.96295,32405217325.24079,52169899586.08773,-8.392333984375e-05,-1.6086544254367302e-15
39545.535,-2.86102294921875e-06,-40885208974.96295,32405217325.24079,52169899586.08773,-8.392333984375e-05,-1.6086544254367302e-15
39605.535,-1.9073486328125e-06,-40885208974.96296,32405217325.240795,52169899586.087746,-6.866455078125e-05,-1.316171802630052e-15
39665.535,0.0,-40885208974.96295,32405217325.240795,52169899586.08773,-8.392333984375e-05,-1.6086544254367302e-15
39725.535,-3.814697265625e-06,-40885208974.96295,32405217325.24079,52169899586.08773,-8.392333984375e-05,-1.6086544254367302e-15
39785.535,-1.9073486328125e-06,-40885208974.96295,32405217325.24079,52169899586.08773,-8.392333984375e-05,-1.6086544254367302e-15
39845.535,0.0,-40885208974.962944,32405217325.24079,52169899586.08773,-8.392333984375e-05,-1.6086544254367302e-15
39905.535,-1.9073486328125e-06,-40885208974.962944,32405217325.24079,52169899586.08773,-8.392333984375e-05,-1.6086544254367302e-15
39965.535,0.0,-40885208974.96294,32405217325.24079,52169899586.08772,-9.1552734375e-05,-1.7548957368400693e-15
40025.535,0.0,-40885208974.96294,32405217325.240795,52169899586.08772,-9.1552734375e-05,-1.7548957368400693e-15
40085.535,-1.9073486328125e-06,-40885208974.962944,32405217325.24079,52169899586.08773,-8.392333984375e-05,-1.6086544254367302e-15
40145.535,-1.9073486328125e-06,-40885208974.96294,32405217325.240795,52169899586.08772,-9.1552734375e-05,-1.7548957368400693e-15
40205.535,-3.814697265625e-06,-40885208974.96295,32405217325.2408,52169899586.08774,-7.62939453125e-05,-1.462413114033391e-15
40265.535,0.0,-40885208974.96295,32405217325.2408,52169899586.08774,-7.62939453125e-05,-1.462413114033391e-15
40325.535,1.9073486328125e-06,-40885208974.96295,32405217325.240795,52169899586.08773,-8.392333984375e-05,-1.6086544254367302e-15
40385.535,6.67572021484375e-06,-40885208974.96294,32405217325.24079,52169899586.08772,-9.1552734375e-05,-1.7548957368400693e-15
40445.535,2.86102294921875e-06,-40885208974.962944,32405217325.240795,52169899586.08773,-8.392333984375e-05,-1.6086544254367302e-15
40505.535,2.86102294921875e-06,-40885208974.96294,32405217325.240795,52169899586.08772,-9.1552734375e-05,-1.7548957368400693e-15
40565.535,4.291534423828125e-06,-40885208974.96294,32405217325.2408,52169899586.08773,-8.392333984375e-05,-1.6086544254367302e-15
40625.535,4.76837158203125e-06,-40885208974.96294,32405217325.240795,52169899586.08772,-9.1552734375e-05,-1.7548957368400693e-15
40685.535,6.079673767089844e-06,-40885208974.96294,32405217325.2408,52169899586.08773,-8.392333984375e-05,-1.6086544254367302e-15
40745.535,7.3909759521484375e-06,-40885208974.96294,32405217325.240795,52169899586.08772,-9.1552734375e-05,-1.7548957368400693e-15
40805.535,6.67572021484375e-06,-40885208974.962944,32405217325.240795,52169899586.08773,-8.392333984375e-05,-1.6086544254367302e-15
40865.535,8.58306884765625e-06,-40885208974.96294,32405217325.24079,52169899586.08772,-9.1552734375e-05,-1.7548957368400693e-15
40925.535,7.62939453125e-06,-40885208974.96294,32405217325.24079,52169899586.08772,-9.1552734375e-05,-1.7548957368400693e-15
40985.535,6.67572021484375e-06,-40885208974.96294,32405217325.240788,52169899586.087715,-9.918212890625e-05,-1.9011370482434084e-15
41045.535,7.62939453125e-06,-40885208974.962944,32405217325.24079,52169899586.08773,-8.392333984375e-05,-1.6086544254367302e-15
41105.535,7.62939453125e-06,-40885208974.962944,32405217325.240788,52169899586.08772,-9.1552734375e-05,-1.7548957368400693e-15
41165.535,9.5367431640625e-06,-40885208974.96294,32405217325.24079,52169899586.08772,-9.1552734375e-05,-1.7548957368400693e-15
41225.535,7.62939453125e-06,-40885208974.962944,32405217325.24079,52169899586.08773,-8.392333984375e-05,-1.6086544254367302e-15
41285.535,7.62939453125e-06,-40885208974.962944,32405217325.240795,52169899586.08773,-8.392333984375e-05,-1.6086544254367302e-15
41345.535,7.62939453125e-06,-40885208974.962944,32405217325.24079,52169899586.08773,-8.392333984375e-05,-1.6086544254367302e-15
41405.535,9.5367431640625e-06,-40885208974.96295,32405217325.24079,52169899586.08773,-8.392333984375e-05,-1.6086544254367302e-15
41465.535,9.5367431640625e-06,-40885208974.96295,32405217325.24079,52169899586.08773,-8.392333984375e-05,-1.6086544254367302e-15
41525.535,9.5367431640625e-06,-40885208974.96295,32405217325.24079,52169899586.08773,-8.392333984375e-05,-1.6086544254367302e-15
41585.535,1.1444091796875e-05,-40885208974.96295,32405217325.24079,52169899586.08773,-8.392333984375e-05,-1.6086544254367302e-15
41645.535,1.1444091796875e-05,-40885208974.96296,32405217325.24079,52169899586.08774,-7.62939453125e-05,-1.462413114033391e-15
41705.535,9.5367431640625e-06,-40885208974.96295,32405217325.24079,52169899586.08773,-8.392333984375e-05,-1.6086544254367302e-15
41765.535,9.5367431640625e-06,-40885208974.96295,32405217325.24079,52169899586.08773,-8.392333984375e-05,-1.6086544254367302e-15
41825.535,8.58306884765625e-06,-40885208974.96296,32405217325.24079,52169899586.08774,-7.62939453125e-05,-1.462413114033391e-15
41885.535,6.67572021484375e-06,-40885208974.96296,32405217325.24079,52169899586.08774,-7.62939453125e-05,-1.462413114033391e-15
41945.535,6.67572021484375e-06,-40885208974.96296,32405217325.24079,52169899586.08774,-7.62939453125e-05,-1.462413114033391e-15
42005.535,5.245208740234375e-06,-40885208974.96296,32405217325.24079,52169899586.08774,-7.62939453125e-05,-1.462413114033391e-15
42065.535,2.384185791015625e-06,-40885208974.96296,32405217325.24079,52169899586.08774,-7.62939453125e-05,-1.462413114033391e-15
42125.535,1.0728836059570312e-06,-40885208974.96296,32405217325.240795,52169899586.087746,-6.866455078125e-05,-1.316171802630052e-15
42185.535,9.5367431640625e-07,-40885208974.96296,32405217325.240795,52169899586.087746,-6.866455078125e-05,-1.316171802630052e-15
42245.535,9.5367431640625e-07,-40885208974.96296,32405217325.240795,52169899586.087746,-6.866455078125e-05,-1.316171802630052e-15
42305.535,0.0,-40885208974.96296,32405217325.240795,52169899586.087746,-6.866455078125e-05,-1.316171802630052e-15
42365.535,0.0,-40885208974.96297,32405217325.24079,52169899586.087746,-6.866455078125e-05,-1.316171802630052e-15
42425.535,0.0,-40885208974.96297,32405217325.24079,52169899586.087746,-6.866455078125e-05,-1.316171802630052e-15
42485.535,1.9073486328125e-06,-40885208974.96297,32405217325.24079,52169899586.087746,-6.866455078125e-05,-1.316171802630052e-15
42545.535,-1.9073486328125e-06,-40885208974.96297,32405217325.24079,52169899586.087746,-6.866455078125e-05,-1.316171802630052e-15
42605.535,-3.814697265625e-06,-40885208974.96297,32405217325.240784,52169899586.08774,-7.62939453125e-05,-1.462413114033391e-15
42665.535,-3.814697265625e-06,-40885208974.96297,32405217325.240788,52169899586.087746,-6.866455078125e-05,-1.316171802630052e-15
42725.535,-3.814697265625e-06,-40885208974.96297,32405217325.240784,52169899586.08774,-7.62939453125e-05,-1.462413114033391e-15
42785.535,-1.9073486328125e-06,-40885208974.96297,32405217325.240788,52169899586.087746,-6.866455078125e-05,-1.316171802630052e-15
42845.535,-3.814697265625e-06,-40885208974.96297,32405217325.24079,52169899586.087746,-6.866455078125e-05,-1.316171802630052e-15
42905.535,-1.9073486328125e-06,-40885208974.96297,32405217325.24079,52169899586.087746,-6.866455078125e-05,-1.316171802630052e-15
42965.535,0.0,-40885208974.96297,32405217325.240788,52169899586.087746,-6.866455078125e-05,-1.316171802630052e-15
43025.535,-1.9073486328125e-06,-40885208974.96297,32405217325.240788,52169899586.087746,-6.866455078125e-05,-1.316171802630052e-15
43085.535,-1.9073486328125e-06,-40885208974.96296,32405217325.24078,52169899586.08773,-8.392333984375e-05,-1.6086544254367302e-15
43145.535,-1.9073486328125e-06,-40885208974.96295,32405217325.24078,52169899586.08772,-9.1552734375e-05,-1.7548957368400693e-15
43205.535,-2.86102294921875e-06,-40885208974.96296,32405217325.24078,52169899586.08773,-8.392333984375e-05,-1.6086544254367302e-15
43265.535,-3.814697265625e-06,-40885208974.96295,32405217325.24078,52169899586.08772,-9.1552734375e-05,-1.7548957368400693e-15
43325.535,-1.9073486328125e-06,-40885208974.96296,32405217325.240784,52169899586.08773,-8.392333984375e-05,-1.6086544254367302e-15
43385.535,-1.430511474609375e-06,-40885208974.96296,32405217325.240784,52169899586.08773,-8.392333984375e-05,-1.6086544254367302e-15
43445.535,9.5367431640625e-07,-40885208974.96295,32405217325.240784,52169899586.08773,-8.392333984375e-05,-1.6086544254367302e-15
43505.535,1.1920928955078125e-06,-40885208974.96295,32405217325.240784,52169899586.08773,-8.392333984375e-05,-1.6086544254367302e-15
43565.535,-1.6689300537109375e-06,-40885208974.96296,32405217325.240788,52169899586.08774,-7.62939453125e-05,-1.462413114033391e-15
43625.535,-1.430511474609375e-06,-40885208974.96296,32405217325.24078,52169899586.08773,-8.392333984375e-05,-1.6086544254367302e-15
43685.535,-2.86102294921875e-06,-40885208974.96296,32405217325.24078,52169899586.08773,-8.392333984375e-05,-1.6086544254367302e-15
43745.535,-2.86102294921875e-06,-40885208974.96296,32405217325.240776,52169899586.08773,-8.392333984375e-05,-1.6086544254367302e-15
43805.535,-2.86102294921875e-06,-40885208974.96295,32405217325.240776,52169899586.08772,-9.1552734375e-05,-1.7548957368400693e-15
43865.535,-3.814697265625e-06,-40885208974.96295,32405217325.240776,52169899586.08772,-9.1552734375e-05,-1.7548957368400693e-15
43925.535,-3.814697265625e-06,-40885208974.96295,32405217325.240772,52169899586.08772,-9.1552734375e-05,-1.7548957368400693e-15
43985.535,-1.9073486328125e-06,-40885208974.96295,32405217325.240776,52169899586.08772,-9.1552734375e-05,-1.7548957368400693e-15
44045.535,-3.814697265625e-06,-40885208974.96295,32405217325.24077,52169899586.087715,-9.918212890625e-05,-1.9011370482434084e-15
44105.535,-3.814697265625e-06,-40885208974.96295,32405217325.240772,52169899586.08772,-9.1552734375e-05,-1.7548957368400693e-15
44165.535,-5.7220458984375e-06,-40885208974.96295,32405217325.240772,52169899586.08772,-9.1552734375e-05,-1.7548957368400693e-15
44225.535,-5.7220458984375e-06,-40885208974.96295,32405217325.240772,52169899586.08772,-9.1552734375e-05,-1.7548957368400693e-15
44285.535,-5.7220458984375e-06,-40885208974.96295,32405217325.240776,52169899586.08772,-9.1552734375e-05,-1.7548957368400693e-15
44345.535,-3.814697265625e-06,-40885208974.96295,32405217325.24077,52169899586.087715,-9.918212890625e-05,-1.9011370482434084e-15
44405.535,-3.814697265625e-06,-40885208974.96295,32405217325.240776,52169899586.08772,-9.1552734375e-05,-1.7548957368400693e-15
44465.535,-3.814697265625e-06,-40885208974.962944,32405217325.24077,52169899586.087715,-9.918212890625e-05,-1.9011370482434084e-15
44525.535,-1.9073486328125e-06,-40885208974.962944,32405217325.240772,52169899586.087715,-9.918212890625e-05,-1.9011370482434084e-15
44585.535,-1.9073486328125e-06,-40885208974.96294,32405217325.24077,52169899586.08771,-0.0001068115234375,-2.0473783596467473e-15
44645.535,-2.86102294921875e-06,-40885208974.96294,32405217325.24077,52169899586.08771,-0.0001068115234375,-2.0473783596467473e-15
44705.535,-1.9073486328125e-06,-40885208974.96294,32405217325.24076,52169899586.0877,-0.00011444091796875,-2.1936196710500867e-15
44765.535,-3.814697265625e-06,-40885208974.96294,32405217325.24076,52169899586.0877,-0.00011444091796875,-2.1936196710500867e-15
44825.535,-4.76837158203125e-06,-40885208974.962944,32405217325.240765,52169899586.087715,-9.918212890625e-05,-1.9011370482434084e-15
44885.535,-3.814697265625e-06,-40885208974.962944,32405217325.24077,52169899586.087715,-9.918212890625e-05,-1.9011370482434084e-15
44945.535,-4.887580871582031e-06,-40885208974.962944,32405217325.240765,52169899586.087715,-9.918212890625e-05,-1.9011370482434084e-15
45005.535,-1.430511474609375e-06,-40885208974.96294,32405217325.24076,52169899586.0877,-0.00011444091796875,-2.1936196710500867e-15
45065.535,-1.430511474609375e-06,-40885208974.96294,32405217325.240765,52169899586.08771,-0.0001068115234375,-2.0473783596467473e-15
45125.535,-1.9073486328125e-06,-40885208974.96294,32405217325.24076,52169899586.0877,-0.00011444091796875,-2.1936196710500867e-15
45185.535,-3.814697265625e-06,-40885208974.96294,32405217325.240765,52169899586.08771,-0.0001068115234375,-2.0473783596467473e-15
45245.535,-3.814697265625e-06,-40885208974.962944,32405217325.240765,52169899586.087715,-9.918212890625e-05,-1.9011370482434084e-15
45305.535,-3.814697265625e-06,-40885208974.962944,32405217325.240765,52169899586.087715,-9.918212890625e-05,-1.9011370482434084e-15
45365.535,-5.7220458984375e-06,-40885208974.96294,32405217325.240765,52169899586.08771,-0.0001068115234375,-2.0473783596467473e-15
45425.535,-1.1444091796875e-05,-40885208974.96294,32405217325.240765,52169899586.08771,-0.0001068115234375,-2.0473783596467473e-15
45485.535,-1.1444091796875e-05,-40885208974.96294,32405217325.24076,52169899586.0877,-0.00011444091796875,-2.1936196710500867e-15
45545.535,-1.1444091796875e-05,-40885208974.96294,32405217325.240765,52169899586.08771,-0.0001068115234375,-2.0473783596467473e-15
45605.535,-9.5367431640625e-06,-40885208974.96294,32405217325.24076,52169899586.0877,-0.00011444091796875,-2.1936196710500867e-15
45665.535,-1.1444091796875e-05,-40885208974.96294,32405217325.24077,52169899586.08771,-0.0001068115234375,-2.0473783596467473e-15
45725.535,-1.1444091796875e-05,-40885208974.96294,32405217325.240765,52169899586.08771,-0.0001068115234375,-2.0473783596467473e-15
45785.535,-1.33514404296875e-05,-40885208974.96294,32405217325.24076,52169899586.0877,-0.00011444091796875,-2.1936196710500867e-15
45845.535,-1.1444091796875e-05,-40885208974.96294,32405217325.24077,52169899586.08771,-0.0001068115234375,-2.0473783596467473e-15
45905.535,-1.33514404296875e-05,-40885208974.96294,32405217325.240765,52169899586.08771,-0.0001068115234375,-2.0473783596467473e-15
45965.535,-1.33514404296875e-05,-40885208974.96293,32405217325.24077,52169899586.0877,-0.00011444091796875,-2.1936196710500867e-15
46025.535,-1.239776611328125e-05,-40885208974.96293,32405217325.240765,52169899586.0877,-0.00011444091796875,-2.1936196710500867e-15
46085.535,-1.33514404296875e-05,-40885208974.96293,32405217325.240765,52169899586.0877,-0.00011444091796875,-2.1936196710500867e-15
46145.535,-1.52587890625e-05,-40885208974.96292,32405217325.24076,52169899586.08769,-0.0001220703125,-2.3398609824534256e-15
46205.535,-1.52587890625e-05,-40885208974.96292,32405217325.240765,52169899586.08769,-0.0001220703125,-2.3398609824534256e-15
46265.535,-1.430511474609375e-05,-40885208974.96292,32405217325.24077,52169899586.0877,-0.00011444091796875,-2.1936196710500867e-15
46325.535,-1.3191252946853638e-05,-40885208974.96292,32405217325.240765,52169899586.08769,-0.0001220703125,-2.3398609824534256e-15
46385.535,-1.4543533325195312e-05,-40885208974.96292,32405217325.24076,52169899586.08769,-0.0001220703125,-2.3398609824534256e-15
46445.535,-1.2874603271484375e-05,-40885208974.96293,32405217325.24076,52169899586.0877,-0.00011444091796875,-2.1936196710500867e-15
46505.535,-1.239776611328125e-05,-40885208974.96292,32405217325.24076,52169899586.08769,-0.0001220703125,-2.3398609824534256e-15
46565.535,-1.239776611328125e-05,-40885208974.96292,32405217325.24076,52169899586.08769,-0.0001220703125,-2.3398609824534256e-15
46625.535,-1.049041748046875e-05,-40885208974.96293,32405217325.24076,52169899586.0877,-0.00011444091796875,-2.1936196710500867e-15
46685.535,-1.1444091796875e-05,-40885208974.96293,32405217325.24076,52169899586.0877,-0.00011444091796875,-2.1936196710500867e-15
46745.535,-1.1444091796875e-05,-40885208974.96294,32405217325.24076,52169899586.0877,-0.00011444091796875,-2.1936196710500867e-15
46805.535,-1.1444091796875e-05,-40885208974.96294,32405217325.240765,52169899586.08771,-0.0001068115234375,-2.0473783596467473e-15
46865.535,-1.33514404296875e-05,-40885208974.96294,32405217325.24076,52169899586.0877,-0.00011444091796875,-2.1936196710500867e-15
46925.535,-1.33514404296875e-05,-40885208974.96294,32405217325.24076,52169899586.0877,-0.00011444091796875,-2.1936196710500867e-15
46985.535,-1.1444091796875e-05,-40885208974.96294,32405217325.24076,52169899586.0877,-0.00011444091796875,-2.1936196710500867e-15
47045.535,-1.33514404296875e-05,-40885208974.96294,32405217325.24076,52169899586.0877,-0.00011444091796875,-2.1936196710500867e-15
47105.535,-1.1444091796875e-05,-40885208974.96294,32405217325.24076,52169899586.0877,-0.00011444091796875,-2.1936196710500867e-15
47165.535,-1.1444091796875e-05,-40885208974.96294,32405217325.24076,52169899586.0877,-0.00011444091796875,-2.1936196710500867e-15
47225.535,-1.1444091796875e-05,-40885208974.96294,32405217325.24076,52169899586.0877,-0.00011444091796875,-2.1936196710500867e-15
47285.535,-1.33514404296875e-05,-40885208974.96294,32405217325.240757,52169899586.0877,-0.00011444091796875,-2.1936196710500867e-15
47345.535,-1.52587890625e-05,-40885208974.96294,32405217325.240753,52169899586.0877,-0.00011444091796875,-2.1936196710500867e-15
47405.535,-1.811981201171875e-05,-40885208974.96294,32405217325.240757,52169899586.0877,-0.00011444091796875,-2.1936196710500867e-15
47465.535,-1.811981201171875e-05,-40885208974.96293,32405217325.240757,52169899586.08769,-0.0001220703125,-2.3398609824534256e-15
47525.535,-1.9073486328125e-05,-40885208974.96293,32405217325.240757,52169899586.08769,-0.0001220703125,-2.3398609824534256e-15
47585.535,-1.71661376953125e-05,-40885208974.96294,32405217325.240753,52169899586.0877,-0.00011444091796875,-2.1936196710500867e-15
47645.535,-1.6689300537109375e-05,-40885208974.96293,32405217325.240753,52169899586.08769,-0.0001220703125,-2.3398609824534256e-15
47705.535,-1.6927719116210938e-05,-40885208974.96293,32405217325.24075,52169899586.087685,-0.00012969970703125,-2.486102293856765e-15
47765.535,-1.7762184143066406e-05,-40885208974.96293,32405217325.240753,52169899586.08769,-0.0001220703125,-2.3398609824534256e-15
47825.535,-1.9073486328125e-05,-40885208974.96293,32405217325.240753,52169899586.08769,-0.0001220703125,-2.3398609824534256e-15
47885.535,-1.811981201171875e-05,-40885208974.96293,32405217325.240753,52169899586.08769,-0.0001220703125,-2.3398609824534256e-15
47945.535,-1.71661376953125e-05,-40885208974.96294,32405217325.240753,52169899586.0877,-0.00011444091796875,-2.1936196710500867e-15
48005.535,-1.9073486328125e-05,-40885208974.96294,32405217325.240753,52169899586.0877,-0.00011444091796875,-2.1936196710500867e-15
48065.535,-2.09808349609375e-05,-40885208974.96294,32405217325.240753,52169899586.0877,-0.00011444091796875,-2.1936196710500867e-15
48125.535,-1.9073486328125e-05,-40885208974.96294,32405217325.240757,52169899586.0877,-0.00011444091796875,-2.1936196710500867e-15
48185.535,-2.09808349609375e-05,-40885208974.96294,32405217325.240753,52169899586.0877,-0.00011444091796875,-2.1936196710500867e-15
48245.535,-1.71661376953125e-05,-40885208974.96294,32405217325.240753,52169899586.0877,-0.00011444091796875,-2.1936196710500867e-15
48305.535,-1.71661376953125e-05,-40885208974.96294,32405217325.240753,52169899586.0877,-0.00011444091796875,-2.1936196710500867e-15
48365.535,-1.52587890625e-05,-40885208974.96294,32405217325.240753,52169899586.0877,-0.00011444091796875,-2.1936196710500867e-15
48425.535,-1.33514404296875e-05,-40885208974.96294,32405217325.240753,52169899586.0877,-0.00011444091796875,-2.1936196710500867e-15
48485.535,-1.33514404296875e-05,-40885208974.96294,32405217325.240753,52169899586.0877,-0.00011444091796875,-2.1936196710500867e-15
48545.535,-1.1444091796875e-05,-40885208974.96293,32405217325.24075,52169899586.087685,-0.00012969970703125,-2.486102293856765e-15
48605.535,-1.33514404296875e-05,-40885208974.96294,32405217325.24075,52169899586.0877,-0.00011444091796875,-2.1936196710500867e-15
48665.535,-1.1444091796875e-05,-40885208974.96293,32405217325.240753,52169899586.08769,-0.0001220703125,-2.3398609824534256e-15
48725.535,-1.33514404296875e-05,-40885208974.96293,32405217325.24075,52169899586.087685,-0.00012969970703125,-2.486102293856765e-15
48785.535,-1.33514404296875e-05,-40885208974.96293,32405217325.24075,52169899586.087685,-0.00012969970703125,-2.486102293856765e-15
48845.535,-1.430511474609375e-05,-40885208974.96293,32405217325.24075,52169899586.087685,-0.00012969970703125,-2.486102293856765e-15
48905.535,-1.621246337890625e-05,-40885208974.96293,32405217325.240746,52169899586.087685,-0.00012969970703125,-2.486102293856765e-15
48965.535,-1.9073486328125e-05,-40885208974.96293,32405217325.240746,52169899586.087685,-0.00012969970703125,-2.486102293856765e-15
49025.535,-1.811981201171875e-05,-40885208974.96293,32405217325.240746,52169899586.087685,-0.00012969970703125,-2.486102293856765e-15
49085.535,-1.9311904907226562e-05,-40885208974.96294,32405217325.240746,52169899586.08769,-0.0001220703125,-2.3398609824534256e-15
49145.535,-1.8596649169921875e-05,-40885208974.96294,32405217325.240746,52169899586.08769,-0.0001220703125,-2.3398609824534256e-15
49205.535,-1.811981201171875e-05,-40885208974.96293,32405217325.240746,52169899586.087685,-0.00012969970703125,-2.486102293856765e-15
49265.535,-1.9073486328125e-05,-40885208974.96294,32405217325.240746,52169899586.08769,-0.0001220703125,-2.3398609824534256e-15
49325.535,-2.002716064453125e-05,-40885208974.96294,32405217325.240746,52169899586.08769,-0.0001220703125,-2.3398609824534256e-15
49385.535,-2.002716064453125e-05,-40885208974.962944,32405217325.24074,52169899586.0877,-0.00011444091796875,-2.1936196710500867e-15
49445.535,-2.09808349609375e-05,-40885208974.962944,32405217325.240746,52169899586.0877,-0.00011444091796875,-2.1936196710500867e-15
49505.535,-2.288818359375e-05,-40885208974.96294,32405217325.240746,52169899586.08769,-0.0001220703125,-2.3398609824534256e-15
49565.535,-2.09808349609375e-05,-40885208974.96294,32405217325.24075,52169899586.0877,-0.00011444091796875,-2.1936196710500867e-15
49625.535,-2.288818359375e-05,-40885208974.96294,32405217325.24075,52169899586.0877,-0.00011444091796875,-2.1936196710500867e-15
49685.535,-2.09808349609375e-05,-40885208974.96294,32405217325.240746,52169899586.08769,-0.0001220703125,-2.3398609824534256e-15
49745.535,-1.9073486328125e-05,-40885208974.96294,32405217325.240753,52169899586.0877,-0.00011444091796875,-2.1936196710500867e-15
49805.535,-1.9073486328125e-05,-40885208974.96294,32405217325.24076,52169899586.0877,-0.00011444091796875,-2.1936196710500867e-15
49865.535,-2.09808349609375e-05,-40885208974.962944,32405217325.240753,52169899586.0877,-0.00011444091796875,-2.1936196710500867e-15
49925.535,-1.9073486328125e-05,-40885208974.96294,32405217325.24076,52169899586.0877,-0.00011444091796875,-2.1936196710500867e-15
49985.535,-1.71661376953125e-05,-40885208974.96294,32405217325.240753,52169899586.0877,-0.00011444091796875,-2.1936196710500867e-15
50045.535,-2.09808349609375e-05,-40885208974.96294,32405217325.240753,52169899586.0877,-0.00011444091796875,-2.1936196710500867e-15
50105.535,-1.9073486328125e-05,-40885208974.96293,32405217325.24075,52169899586.087685,-0.00012969970703125,-2.486102293856765e-15
50165.535,-2.09808349609375e-05,-40885208974.96293,32405217325.240753,52169899586.08769,-0.0001220703125,-2.3398609824534256e-15
50225.535,-2.002716064453125e-05,-40885208974.96293,32405217325.240753,52169899586.08769,-0.0001220703125,-2.3398609824534256e-15
50285.535,-2.09808349609375e-05,-40885208974.96293,32405217325.240757,52169899586.08769,-0.0001220703125,-2.3398609824534256e-15
50345.535,-2.09808349609375e-05,-40885208974.96294,32405217325.240757,52169899586.0877,-0.00011444091796875,-2.1936196710500867e-15
50405.535,-1.8596649169921875e-05,-40885208974.96293,32405217325.24076,52169899586.0877,-0.00011444091796875,-2.1936196710500867e-15
50465.535,-1.8835067749023438e-05,-40885208974.96294,32405217325.24076,52169899586.0877,-0.00011444091796875,-2.1936196710500867e-15
50525.535,-1.728534698486328e-05,-40885208974.96294,32405217325.24076,52169899586.0877,-0.00011444091796875,-2.1936196710500867e-15
50585.535,-2.0503997802734375e-05,-40885208974.96294,32405217325.240765,52169899586.08771,-0.0001068115234375,-2.0473783596467473e-15
50645.535,-1.9073486328125e-05,-40885208974.96293,32405217325.24076,52169899586.0877,-0.00011444091796875,-2.1936196710500867e-15
50705.535,-1.621246337890625e-05,-40885208974.96292,32405217325.240757,52169899586.087685,-0.00012969970703125,-2.486102293856765e-15
50765.535,-1.621246337890625e-05,-40885208974.96292,32405217325.240757,52169899586.087685,-0.00012969970703125,-2.486102293856765e-15
50825.535,-1.621246337890625e-05,-40885208974.96294,32405217325.240753,52169899586.0877,-0.00011444091796875,-2.1936196710500867e-15
50885.535,-1.52587890625e-05,-40885208974.96294,32405217325.240757,52169899586.0877,-0.00011444091796875,-2.1936196710500867e-15
50945.535,-1.52587890625e-05,-40885208974.96293,32405217325.240753,52169899586.08769,-0.0001220703125,-2.3398609824534256e-15
51005.535,-1.1444091796875e-05,-40885208974.96292,32405217325.240753,52169899586.087685,-0.00012969970703125,-2.486102293856765e-15
51065.535,-9.5367431640625e-06,-40885208974.96293,32405217325.240753,52169899586.08769,-0.0001220703125,-2.3398609824534256e-15
51125.535,-9.5367431640625e-06,-40885208974.96293,32405217325.240753,52169899586.08769,-0.0001220703125,-2.3398609824534256e-15
51185.535,-9.5367431640625e-06,-40885208974.96292,32405217325.240753,52169899586.087685,-0.00012969970703125,-2.486102293856765e-15
51245.535,-9.5367431640625e-06,-40885208974.96292,32405217325.240746,52169899586.087685,-0.00012969970703125,-2.486102293856765e-15
51305.535,-1.33514404296875e-05,-40885208974.96292,32405217325.240746,52169899586.087685,-0.00012969970703125,-2.486102293856765e-15
51365.535,-9.5367431640625e-06,-40885208974.96292,32405217325.240746,52169899586.087685,-0.00012969970703125,-2.486102293856765e-15
51425.535,-7.62939453125e-06,-40885208974.96293,32405217325.240746,52169899586.087685,-0.00012969970703125,-2.486102293856765e-15
51485.535,-5.7220458984375e-06,-40885208974.96292,32405217325.240746,52169899586.087685,-0.00012969970703125,-2.486102293856765e-15
51545.535,-5.7220458984375e-06,-40885208974.96293,32405217325.240746,52169899586.087685,-0.00012969970703125,-2.486102293856765e-15
51605.535,-9.5367431640625e-06,-40885208974.96292,32405217325.240746,52169899586.087685,-0.00012969970703125,-2.486102293856765e-15
51665.535,-9.5367431640625e-06,-40885208974.96293,32405217325.240746,52169899586.087685,-0.00012969970703125,-2.486102293856765e-15
51725.535,-9.5367431640625e-06,-40885208974.96293,32405217325.240746,52169899586.087685,-0.00012969970703125,-2.486102293856765e-15
51785.535,-7.62939453125e-06,-40885208974.96292,32405217325.24075,52169899586.087685,-0.00012969970703125,-2.486102293856765e-15
51845.535,-6.67572021484375e-06,-40885208974.96292,32405217325.240746,52169899586.087685,-0.00012969970703125,-2.486102293856765e-15
51905.535,-6.9141387939453125e-06,-40885208974.96292,32405217325.24074,52169899586.08768,-0.0001373291015625,-2.632343605260104e-15
51965.535,-3.6954879760742188e-06,-40885208974.96292,32405217325.24074,52169899586.08768,-0.0001373291015625,-2.632343605260104e-15
52025.535,-2.384185791015625e-06,-40885208974.96292,32405217325.240746,52169899586.087685,-0.00012969970703125,-2.486102293856765e-15
52085.535,-3.814697265625e-06,-40885208974.96292,32405217325.240746,52169899586.087685,-0.00012969970703125,-2.486102293856765e-15
52145.535,-3.814697265625e-06,-40885208974.96293,32405217325.240746,52169899586.087685,-0.00012969970703125,-2.486102293856765e-15
52205.535,-3.814697265625e-06,-40885208974.96293,32405217325.240753,52169899586.08769,-0.0001220703125,-2.3398609824534256e-15
52265.535,-3.814697265625e-06,-40885208974.96293,32405217325.24075,52169899586.087685,-0.00012969970703125,-2.486102293856765e-15
52325.535,-1.9073486328125e-06,-40885208974.96292,32405217325.24075,52169899586.087685,-0.00012969970703125,-2.486102293856765e-15
52385.535,-1.9073486328125e-06,-40885208974.96292,32405217325.240746,52169899586.087685,-0.00012969970703125,-2.486102293856765e-15
52445.535,0.0,-40885208974.96292,32405217325.24074,52169899586.08768,-0.0001373291015625,-2.632343605260104e-15
52505.535,-1.9073486328125e-06,-40885208974.96292,32405217325.240746,52169899586.087685,-0.00012969970703125,-2.486102293856765e-15
52565.535,-5.7220458984375e-06,-40885208974.96292,32405217325.240746,52169899586.087685,-0.00012969970703125,-2.486102293856765e-15
52625.535,-7.62939453125e-06,-40885208974.96292,32405217325.240746,52169899586.087685,-0.00012969970703125,-2.486102293856765e-15
52685.535,-9.5367431640625e-06,-40885208974.96291,32405217325.240738,52169899586.08767,-0.00014495849609375,-2.778584916663443e-15
52745.535,-9.5367431640625e-06,-40885208974.962906,32405217325.240738,52169899586.08766,-0.000152587890625,-2.924826228066782e-15
52805.535,-1.1444091796875e-05,-40885208974.962906,32405217325.240738,52169899586.08766,-0.000152587890625,-2.924826228066782e-15
52865.535,-9.5367431640625e-06,-40885208974.962906,32405217325.240738,52169899586.08766,-0.000152587890625,-2.924826228066782e-15
52925.535,-9.5367431640625e-06,-40885208974.96291,32405217325.240746,52169899586.08768,-0.0001373291015625,-2.632343605260104e-15
52985.535,-9.5367431640625e-06,-40885208974.962906,32405217325.24074,52169899586.08767,-0.00014495849609375,-2.778584916663443e-15
53045.535,-8.58306884765625e-06,-40885208974.962906,32405217325.24074,52169899586.08767,-0.00014495849609375,-2.778584916663443e-15
53105.535,-9.5367431640625e-06,-40885208974.962906,32405217325.240746,52169899586.08767,-0.00014495849609375,-2.778584916663443e-15
53165.535,-8.58306884765625e-06,-40885208974.962906,32405217325.240746,52169899586.08767,-0.00014495849609375,-2.778584916663443e-15
53225.535,-8.106231689453125e-06,-40885208974.962906,32405217325.240746,52169899586.08767,-0.00014495849609375,-2.778584916663443e-15
53285.535,-8.106231689453125e-06,-40885208974.96291,32405217325.240746,52169899586.08768,-0.0001373291015625,-2.632343605260104e-15
53345.535,-1.0214745998382568e-05,-40885208974.96291,32405217325.240746,52169899586.08768,-0.0001373291015625,-2.632343605260104e-15
53405.535,-9.298324584960938e-06,-40885208974.962906,32405217325.240738,52169899586.08766,-0.000152587890625,-2.924826228066782e-15
53465.535,-9.059906005859375e-06,-40885208974.96291,32405217325.240738,52169899586.08767,-0.00014495849609375,-2.778584916663443e-15
53525.535,-9.5367431640625e-06,-40885208974.962906,32405217325.240734,52169899586.08766,-0.000152587890625,-2.924826228066782e-15
53585.535,-1.1444091796875e-05,-40885208974.962906,32405217325.24074,52169899586.08767,-0.00014495849609375,-2.778584916663443e-15
53645.535,-9.5367431640625e-06,-40885208974.962906,32405217325.24074,52169899586.08767,-0.00014495849609375,-2.778584916663443e-15
53705.535,-7.62939453125e-06,-40885208974.962906,32405217325.240734,52169899586.08766,-0.000152587890625,-2.924826228066782e-15
53765.535,-7.62939453125e-06,-40885208974.96291,32405217325.240738,52169899586.08767,-0.00014495849609375,-2.778584916663443e-15
53825.535,-7.62939453125e-06,-40885208974.96291,32405217325.240738,52169899586.08767,-0.00014495849609375,-2.778584916663443e-15
53885.535,-5.7220458984375e-06,-40885208974.962906,32405217325.240738,52169899586.08766,-0.000152587890625,-2.924826228066782e-15
53945.535,-5.7220458984375e-06,-40885208974.96291,32405217325.240738,52169899586.08767,-0.00014495849609375,-2.778584916663443e-15
54005.535,-7.62939453125e-06,-40885208974.962906,32405217325.240734,52169899586.08766,-0.000152587890625,-2.924826228066782e-15
54065.535,-5.7220458984375e-06,-40885208974.962906,32405217325.24073,52169899586.087654,-0.00016021728515625,-3.0710675394701214e-15
54125.535,-3.814697265625e-06,-40885208974.96291,32405217325.240738,52169899586.08767,-0.00014495849609375,-2.778584916663443e-15
54185.535,-5.7220458984375e-06,-40885208974.96291,32405217325.240734,52169899586.08767,-0.00014495849609375,-2.778584916663443e-15
54245.535,-1.9073486328125e-06,-40885208974.96291,32405217325.240734,52169899586.08767,-0.00014495849609375,-2.778584916663443e-15
54305.535,-3.814697265625e-06,-40885208974.96291,32405217325.240734,52169899586.08767,-0.00014495849609375,-2.778584916663443e-15
54365.535,-1.9073486328125e-06,-40885208974.96291,32405217325.240734,52169899586.08767,-0.00014495849609375,-2.778584916663443e-15
54425.535,-9.5367431640625e-07,-40885208974.96291,32405217325.240734,52169899586.08767,-0.00014495849609375,-2.778584916663443e-15
54485.535,-9.5367431640625e-07,-40885208974.96291,32405217325.240734,52169899586.08767,-0.00014495849609375,-2.778584916663443e-15
54545.535,0.0,-40885208974.96291,32405217325.240734,52169899586.08767,-0.00014495849609375,-2.778584916663443e-15
54605.535,0.0,-40885208974.96291,32405217325.24073,52169899586.08767,-0.00014495849609375,-2.778584916663443e-15
54665.535,4.76837158203125e-07,-40885208974.96291,32405217325.24073,52169899586.08767,-0.00014495849609375,-2.778584916663443e-15
54725.535,1.7881393432617188e-06,-40885208974.96291,32405217325.240723,52169899586.08766,-0.000152587890625,-2.924826228066782e-15
54785.535,3.2186508178710938e-06,-40885208974.96291,32405217325.24072,52169899586.087654,-0.00016021728515625,-3.0710675394701214e-15
54845.535,1.9073486328125e-06,-40885208974.962906,32405217325.240723,52169899586.087654,-0.00016021728515625,-3.0710675394701214e-15
54905.535,1.9073486328125e-06,-40885208974.962906,32405217325.240723,52169899586.087654,-0.00016021728515625,-3.0710675394701214e-15
54965.535,2.86102294921875e-06,-40885208974.96291,32405217325.240726,52169899586.08766,-0.000152587890625,-2.924826228066782e-15
55025.535,1.9073486328125e-06,-40885208974.962906,32405217325.240723,52169899586.087654,-0.00016021728515625,-3.0710675394701214e-15
55085.535,3.814697265625e-06,-40885208974.96291,32405217325.240726,52169899586.08766,-0.000152587890625,-2.924826228066782e-15
55145.535,3.814697265625e-06,-40885208974.96291,32405217325.240726,52169899586.08766,-0.000152587890625,-2.924826228066782e-15
55205.535,3.814697265625e-06,-40885208974.96292,32405217325.240726,52169899586.08767,-0.00014495849609375,-2.778584916663443e-15
55265.535,3.814697265625e-06,-40885208974.96291,32405217325.240726,52169899586.08766,-0.000152587890625,-2.924826228066782e-15
55325.535,3.814697265625e-06,-40885208974.96291,32405217325.240723,52169899586.08766,-0.000152587890625,-2.924826228066782e-15
55385.535,1.9073486328125e-06,-40885208974.962906,32405217325.240723,52169899586.087654,-0.00016021728515625,-3.0710675394701214e-15
55445.535,3.814697265625e-06,-40885208974.962906,32405217325.240723,52169899586.087654,-0.00016021728515625,-3.0710675394701214e-15
55505.535,7.62939453125e-06,-40885208974.962906,32405217325.24072,52169899586.087654,-0.00016021728515625,-3.0710675394701214e-15
55565.535,5.7220458984375e-06,-40885208974.9629,32405217325.240715,52169899586.08764,-0.00017547607421875,-3.3635501622767993e-15
55625.535,3.814697265625e-06,-40885208974.962906,32405217325.240723,52169899586.087654,-0.00016021728515625,-3.0710675394701214e-15
55685.535,5.7220458984375e-06,-40885208974.9629,32405217325.240715,52169899586.08764,-0.00017547607421875,-3.3635501622767993e-15
55745.535,3.814697265625e-06,-40885208974.9629,32405217325.24072,52169899586.08765,-0.0001678466796875,-3.2173088508734603e-15
55805.535,5.7220458984375e-06,-40885208974.96289,32405217325.240715,52169899586.08764,-0.00017547607421875,-3.3635501622767993e-15
55865.535,5.7220458984375e-06,-40885208974.96289,32405217325.240715,52169899586.08764,-0.00017547607421875,-3.3635501622767993e-15
55925.535,2.86102294921875e-06,-40885208974.96289,32405217325.240715,52169899586.08764,-0.00017547607421875,-3.3635501622767993e-15
55985.535,3.814697265625e-06,-40885208974.96289,32405217325.240715,52169899586.08764,-0.00017547607421875,-3.3635501622767993e-15
56045.535,2.384185791015625e-06,-40885208974.96289,32405217325.24072,52169899586.08764,-0.00017547607421875,-3.3635501622767993e-15
56105.535,3.0994415283203125e-06,-40885208974.96289,32405217325.240715,52169899586.08764,-0.00017547607421875,-3.3635501622767993e-15
56165.535,1.1324882507324219e-06,-40885208974.96288,32405217325.240707,52169899586.08762,-0.00019073486328125,-3.656032785083478e-15
56225.535,4.0531158447265625e-06,-40885208974.962875,32405217325.240707,52169899586.08762,-0.00019073486328125,-3.656032785083478e-15
56285.535,3.814697265625e-06,-40885208974.96288,32405217325.240707,52169899586.08762,-0.00019073486328125,-3.656032785083478e-15
56345.535,4.76837158203125e-06,-40885208974.96289,32405217325.240704,52169899586.08763,-0.00018310546875,-3.5097914736801386e-15
56405.535,3.814697265625e-06,-40885208974.96289,32405217325.2407,52169899586.08762,-0.00019073486328125,-3.656032785083478e-15
56465.535,6.67572021484375e-06,-40885208974.96288,32405217325.2407,52169899586.08762,-0.00019073486328125,-3.656032785083478e-15
56525.535,7.62939453125e-06,-40885208974.96288,32405217325.240704,52169899586.08762,-0.00019073486328125,-3.656032785083478e-15
56585.535,7.62939453125e-06,-40885208974.96288,32405217325.240704,52169899586.08762,-0.00019073486328125,-3.656032785083478e-15
56645.535,7.62939453125e-06,-40885208974.96288,32405217325.2407,52169899586.08762,-0.00019073486328125,-3.656032785083478e-15
56705.535,5.7220458984375e-06,-40885208974.962875,32405217325.2407,52169899586.087616,-0.0001983642578125,-3.802274096486817e-15
56765.535,9.5367431640625e-06,-40885208974.962875,32405217325.240696,52169899586.087616,-0.0001983642578125,-3.802274096486817e-15
56825.535,7.62939453125e-06,-40885208974.962875,32405217325.240692,52169899586.08761,-0.00020599365234375,-3.948515407890156e-15
56885.535,7.62939453125e-06,-40885208974.96287,32405217325.240692,52169899586.08761,-0.00020599365234375,-3.948515407890156e-15
56945.535,9.5367431640625e-06,-40885208974.962875,32405217325.240692,52169899586.08761,-0.00020599365234375,-3.948515407890156e-15
57005.535,7.62939453125e-06,-40885208974.96287,32405217325.240692,52169899586.08761,-0.00020599365234375,-3.948515407890156e-15
57065.535,7.62939453125e-06,-40885208974.96287,32405217325.240692,52169899586.08761,-0.00020599365234375,-3.948515407890156e-15
57125.535,7.62939453125e-06,-40885208974.96286,32405217325.240692,52169899586.0876,-0.000213623046875,-4.094756719293495e-15
57185.535,7.62939453125e-06,-40885208974.96286,32405217325.240692,52169899586.0876,-0.000213623046875,-4.094756719293495e-15
57245.535,7.62939453125e-06,-40885208974.96287,32405217325.240696,52169899586.08761,-0.00020599365234375,-3.948515407890156e-15
57305.535,7.62939453125e-06,-40885208974.96286,32405217325.240692,52169899586.0876,-0.000213623046875,-4.094756719293495e-15
57365.535,3.814697265625e-06,-40885208974.96286,32405217325.240692,52169899586.0876,-0.000213623046875,-4.094756719293495e-15
57425.535,3.337860107421875e-06,-40885208974.96286,32405217325.240692,52169899586.0876,-0.000213623046875,-4.094756719293495e-15
57485.535,2.384185791015625e-06,-40885208974.96286,32405217325.240692,52169899586.0876,-0.000213623046875,-4.094756719293495e-15
57545.535,3.3974647521972656e-06,-40885208974.96287,32405217325.240692,52169899586.08761,-0.00020599365234375,-3.948515407890156e-15
57605.535,-9.5367431640625e-07,-40885208974.96286,32405217325.240692,52169899586.0876,-0.000213623046875,-4.094756719293495e-15
57665.535,9.5367431640625e-07,-40885208974.96287,32405217325.240692,52169899586.08761,-0.00020599365234375,-3.948515407890156e-15
57725.535,1.9073486328125e-06,-40885208974.96287,32405217325.240692,52169899586.08761,-0.00020599365234375,-3.948515407890156e-15
57785.535,1.9073486328125e-06,-40885208974.96287,32405217325.240692,52169899586.08761,-0.00020599365234375,-3.948515407890156e-15
57845.535,3.814697265625e-06,-40885208974.96286,32405217325.240692,52169899586.0876,-0.000213623046875,-4.094756719293495e-15
57905.535,1.9073486328125e-06,-40885208974.96286,32405217325.24069,52169899586.0876,-0.000213623046875,-4.094756719293495e-15
57965.535,3.814697265625e-06,-40885208974.96286,32405217325.24069,52169899586.0876,-0.000213623046875,-4.094756719293495e-15
58025.535,1.9073486328125e-06,-40885208974.96286,32405217325.24069,52169899586.0876,-0.000213623046875,-4.094756719293495e-15
58085.535,3.814697265625e-06,-40885208974.96286,32405217325.240685,52169899586.0876,-0.000213623046875,-4.094756719293495e-15
58145.535,1.9073486328125e-06,-40885208974.96286,32405217325.24069,52169899586.0876,-0.000213623046875,-4.094756719293495e-15
58205.535,1.9073486328125e-06,-40885208974.96286,32405217325.240692,52169899586.0876,-0.000213623046875,-4.094756719293495e-15
58265.535,0.0,-40885208974.96286,32405217325.24069,52169899586.0876,-0.000213623046875,-4.094756719293495e-15
58325.535,-1.9073486328125e-06,-40885208974.96286,32405217325.240685,52169899586.0876,-0.000213623046875,-4.094756719293495e-15
58385.535,-1.9073486328125e-06,-40885208974.96286,32405217325.240692,52169899586.0876,-0.000213623046875,-4.094756719293495e-15
58445.535,0.0,-40885208974.96286,32405217325.24069,52169899586.0876,-0.000213623046875,-4.094756719293495e-15
58505.535,0.0,-40885208974.96286,32405217325.24069,52169899586.0876,-0.000213623046875,-4.094756719293495e-15
58565.535,1.9073486328125e-06,-40885208974.96286,32405217325.24069,52169899586.0876,-0.000213623046875,-4.094756719293495e-15
58625.535,1.9073486328125e-06,-40885208974.96287,32405217325.240692,52169899586.08761,-0.00020599365234375,-3.948515407890156e-15
58685.535,1.9073486328125e-06,-40885208974.96287,32405217325.240692,52169899586.08761,-0.00020599365234375,-3.948515407890156e-15
58745.535,5.7220458984375e-06,-40885208974.96287,32405217325.240696,52169899586.08761,-0.00020599365234375,-3.948515407890156e-15
58805.535,3.337860107421875e-06,-40885208974.96287,32405217325.240692,52169899586.08761,-0.00020599365234375,-3.948515407890156e-15
58865.535,2.384185791015625e-06,-40885208974.96287,32405217325.240685,52169899586.0876,-0.000213623046875,-4.094756719293495e-15
58925.535,3.4570693969726562e-06,-40885208974.96287,32405217325.24069,52169899586.0876,-0.000213623046875,-4.094756719293495e-15
58985.535,2.5033950805664062e-06,-40885208974.96286,32405217325.240692,52169899586.0876,-0.000213623046875,-4.094756719293495e-15
59045.535,3.337860107421875e-06,-40885208974.96287,32405217325.24069,52169899586.0876,-0.000213623046875,-4.094756719293495e-15
59105.535,1.430511474609375e-06,-40885208974.96286,32405217325.24069,52169899586.0876,-0.000213623046875,-4.094756719293495e-15
59165.535,9.5367431640625e-07,-40885208974.96287,32405217325.240692,52169899586.08761,-0.00020599365234375,-3.948515407890156e-15
59225.535,9.5367431640625e-07,-40885208974.96287,32405217325.240692,52169899586.08761,-0.00020599365234375,-3.948515407890156e-15
59285.535,9.5367431640625e-07,-40885208974.96286,32405217325.240696,52169899586.0876,-0.000213623046875,-4.094756719293495e-15
59345.535,1.9073486328125e-06,-40885208974.96286,32405217325.240692,52169899586.0876,-0.000213623046875,-4.094756719293495e-15
59405.535,1.9073486328125e-06,-40885208974.96286,32405217325.240692,52169899586.0876,-0.000213623046875,-4.094756719293495e-15
59465.535,3.814697265625e-06,-40885208974.96286,32405217325.240692,52169899586.0876,-0.000213623046875,-4.094756719293495e-15
59525.535,5.7220458984375e-06,-40885208974.96286,32405217325.240692,52169899586.0876,-0.000213623046875,-4.094756719293495e-15
59585.535,7.62939453125e-06,-40885208974.96286,32405217325.240692,52169899586.0876,-0.000213623046875,-4.094756719293495e-15
59645.535,9.5367431640625e-06,-40885208974.96285,32405217325.240692,52169899586.0876,-0.000213623046875,-4.094756719293495e-15
59705.535,7.62939453125e-06,-40885208974.96286,32405217325.240692,52169899586.0876,-0.000213623046875,-4.094756719293495e-15
59765.535,7.62939453125e-06,-40885208974.96285,32405217325.240692,52169899586.0876,-0.000213623046875,-4.094756719293495e-15
59825.535,7.62939453125e-06,-40885208974.96285,32405217325.240696,52169899586.0876,-0.000213623046875,-4.094756719293495e-15
59885.535,7.62939453125e-06,-40885208974.962845,32405217325.240692,52169899586.087585,-0.0002288818359375,-4.387239342100173e-15
59945.535,5.7220458984375e-06,-40885208974.962845,32405217325.240696,52169899586.08759,-0.00022125244140625,-4.2409980306968344e-15
60005.535,1.9073486328125e-06,-40885208974.962845,32405217325.240696,52169899586.08759,-0.00022125244140625,-4.2409980306968344e-15
60065.535,3.814697265625e-06,-40885208974.962845,32405217325.240696,52169899586.08759,-0.00022125244140625,-4.2409980306968344e-15
60125.535,1.9073486328125e-06,-40885208974.962845,32405217325.240696,52169899586.08759,-0.00022125244140625,-4.2409980306968344e-15
60185.535,1.9073486328125e-06,-40885208974.962845,32405217325.2407,52169899586.08759,-0.00022125244140625,-4.2409980306968344e-15
60245.535,1.430511474609375e-06,-40885208974.962845,32405217325.240696,52169899586.08759,-0.00022125244140625,-4.2409980306968344e-15
60305.535,0.0,-40885208974.96285,32405217325.240696,52169899586.0876,-0.000213623046875,-4.094756719293495e-15
60365.535,3.7178397178649902e-06,-40885208974.962845,32405217325.240696,52169899586.08759,-0.00022125244140625,-4.2409980306968344e-15
60425.535,1.1920928955078125e-06,-40885208974.962845,32405217325.240696,52169899586.08759,-0.00022125244140625,-4.2409980306968344e-15
60485.535,1.430511474609375e-06,-40885208974.962845,32405217325.240692,52169899586.087585,-0.0002288818359375,-4.387239342100173e-15
60545.535,9.5367431640625e-07,-40885208974.962845,32405217325.240692,52169899586.087585,-0.0002288818359375,-4.387239342100173e-15
60605.535,2.86102294921875e-06,-40885208974.962845,32405217325.240696,52169899586.08759,-0.00022125244140625,-4.2409980306968344e-15
60665.535,3.814697265625e-06,-40885208974.962845,32405217325.240692,52169899586.087585,-0.0002288818359375,-4.387239342100173e-15
60725.535,3.814697265625e-06,-40885208974.962845,32405217325.240692,52169899586.087585,-0.0002288818359375,-4.387239342100173e-15
60785.535,1.9073486328125e-06,-40885208974.962845,32405217325.240692,52169899586.087585,-0.0002288818359375,-4.387239342100173e-15
60845.535,3.814697265625e-06,-40885208974.962845,32405217325.240692,52169899586.087585,-0.0002288818359375,-4.387239342100173e-15
60905.535,3.814697265625e-06,-40885208974.962845,32405217325.240692,52169899586.087585,-0.0002288818359375,-4.387239342100173e-15
60965.535,1.9073486328125e-06,-40885208974.962845,32405217325.240692,52169899586.087585,-0.0002288818359375,-4.387239342100173e-15
61025.535,3.814697265625e-06,-40885208974.962845,32405217325.240692,52169899586.087585,-0.0002288818359375,-4.387239342100173e-15
61085.535,7.62939453125e-06,-40885208974.962845,32405217325.240692,52169899586.087585,-0.0002288818359375,-4.387239342100173e-15
61145.535,5.7220458984375e-06,-40885208974.962845,32405217325.240692,52169899586.087585,-0.0002288818359375,-4.387239342100173e-15
61205.535,9.5367431640625e-06,-40885208974.962845,32405217325.240696,52169899586.08759,-0.00022125244140625,-4.2409980306968344e-15
61265.535,7.62939453125e-06,-40885208974.962845,32405217325.2407,52169899586.08759,-0.00022125244140625,-4.2409980306968344e-15
61325.535,9.5367431640625e-06,-40885208974.962845,32405217325.240696,52169899586.08759,-0.00022125244140625,-4.2409980306968344e-15
61385.535,9.5367431640625e-06,-40885208974.962845,32405217325.240696,52169899586.08759,-0.00022125244140625,-4.2409980306968344e-15
61445.535,1.430511474609375e-05,-40885208974.96284,32405217325.240692,52169899586.087585,-0.0002288818359375,-4.387239342100173e-15
61505.535,1.430511474609375e-05,-40885208974.96284,32405217325.240696,52169899586.087585,-0.0002288818359375,-4.387239342100173e-15
61565.535,1.33514404296875e-05,-40885208974.96284,32405217325.240696,52169899586.087585,-0.0002288818359375,-4.387239342100173e-15
61625.535,1.33514404296875e-05,-40885208974.962845,32405217325.240692,52169899586.087585,-0.0002288818359375,-4.387239342100173e-15
61685.535,1.33514404296875e-05,-40885208974.96284,32405217325.240692,52169899586.087585,-0.0002288818359375,-4.387239342100173e-15
61745.535,1.3709068298339844e-05,-40885208974.96283,32405217325.240692,52169899586.08758,-0.00023651123046875,-4.533480653503512e-15
61805.535,1.239776611328125e-05,-40885208974.96284,32405217325.240692,52169899586.087585,-0.0002288818359375,-4.387239342100173e-15
61865.535,8.106231689453125e-06,-40885208974.96284,32405217325.240692,52169899586.087585,-0.0002288818359375,-4.387239342100173e-15
61925.535,6.67572021484375e-06,-40885208974.96283,32405217325.24069,52169899586.08757,-0.000244140625,-4.679721964906851e-15
61985.535,7.62939453125e-06,-40885208974.96283,32405217325.24069,52169899586.08757,-0.000244140625,-4.679721964906851e-15
62045.535,1.049041748046875e-05,-40885208974.96283,32405217325.24069,52169899586.08757,-0.000244140625,-4.679721964906851e-15
62105.535,1.33514404296875e-05,-40885208974.96283,32405217325.240685,52169899586.08757,-0.000244140625,-4.679721964906851e-15
62165.535,1.33514404296875e-05,-40885208974.96283,32405217325.240685,52169899586.08757,-0.000244140625,-4.679721964906851e-15
62225.535,1.33514404296875e-05,-40885208974.96282,32405217325.24068,52169899586.08756,-0.00025177001953125,-4.82596327631019e-15
62285.535,1.1444091796875e-05,-40885208974.962814,32405217325.240677,52169899586.087555,-0.0002593994140625,-4.97220458771353e-15
62345.535,1.1444091796875e-05,-40885208974.962814,32405217325.24067,52169899586.087555,-0.0002593994140625,-4.97220458771353e-15
62405.535,1.1444091796875e-05,-40885208974.962814,32405217325.240673,52169899586.087555,-0.0002593994140625,-4.97220458771353e-15
62465.535,1.33514404296875e-05,-40885208974.96281,32405217325.24067,52169899586.08754,-0.000274658203125,-5.264687210520208e-15
62525.535,1.1444091796875e-05,-40885208974.96281,32405217325.240677,52169899586.08755,-0.00026702880859375,-5.118445899116869e-15
62585.535,1.1444091796875e-05,-40885208974.96281,32405217325.240677,52169899586.08755,-0.00026702880859375,-5.118445899116869e-15
62645.535,1.1444091796875e-05,-40885208974.96281,32405217325.240677,52169899586.08755,-0.00026702880859375,-5.118445899116869e-15
62705.535,1.1444091796875e-05,-40885208974.96281,32405217325.24068,52169899586.087555,-0.0002593994140625,-4.97220458771353e-15
62765.535,1.1444091796875e-05,-40885208974.962814,32405217325.24068,52169899586.087555,-0.0002593994140625,-4.97220458771353e-15
62825.535,1.1444091796875e-05,-40885208974.962814,32405217325.24068,52169899586.087555,-0.0002593994140625,-4.97220458771353e-15
62885.535,1.33514404296875e-05,-40885208974.96281,32405217325.240685,52169899586.087555,-0.0002593994140625,-4.97220458771353e-15
62945.535,1.52587890625e-05,-40885208974.96281,32405217325.240685,52169899586.087555,-0.0002593994140625,-4.97220458771353e-15
63005.535,1.52587890625e-05,-40885208974.962814,32405217325.240685,52169899586.08756,-0.00025177001953125,-4.82596327631019e-15
63065.535,1.430511474609375e-05,-40885208974.962814,32405217325.240685,52169899586.08756,-0.00025177001953125,-4.82596327631019e-15
63125.535,1.4781951904296875e-05,-40885208974.96281,32405217325.24068,52169899586.087555,-0.0002593994140625,-4.97220458771353e-15
63185.535,1.4483928680419922e-05,-40885208974.96281,32405217325.240685,52169899586.087555,-0.0002593994140625,-4.97220458771353e-15
63245.535,1.71661376953125e-05,-40885208974.9628,32405217325.24068,52169899586.08755,-0.00026702880859375,-5.118445899116869e-15
63305.535,1.3828277587890625e-05,-40885208974.9628,32405217325.240677,52169899586.08754,-0.000274658203125,-5.264687210520208e-15
63365.535,1.430511474609375e-05,-40885208974.9628,32405217325.240677,52169899586.08754,-0.000274658203125,-5.264687210520208e-15
63425.535,1.33514404296875e-05,-40885208974.9628,32405217325.24068,52169899586.08755,-0.00026702880859375,-5.118445899116869e-15
63485.535,1.430511474609375e-05,-40885208974.96281,32405217325.240677,52169899586.08755,-0.00026702880859375,-5.118445899116869e-15
63545.535,1.33514404296875e-05,-40885208974.9628,32405217325.240677,52169899586.08754,-0.000274658203125,-5.264687210520208e-15
63605.535,1.52587890625e-05,-40885208974.9628,32405217325.240677,52169899586.08754,-0.000274658203125,-5.264687210520208e-15
63665.535,1.1444091796875e-05,-40885208974.9628,32405217325.240677,52169899586.08754,-0.000274658203125,-5.264687210520208e-15
63725.535,1.52587890625e-05,-40885208974.9628,32405217325.240677,52169899586.08754,-0.000274658203125,-5.264687210520208e-15
63785.535,1.52587890625e-05,-40885208974.9628,32405217325.24068,52169899586.08755,-0.00026702880859375,-5.118445899116869e-15
63845.535,1.52587890625e-05,-40885208974.9628,32405217325.24068,52169899586.08755,-0.00026702880859375,-5.118445899116869e-15
63905.535,1.52587890625e-05,-40885208974.9628,32405217325.240677,52169899586.08754,-0.000274658203125,-5.264687210520208e-15
63965.535,1.52587890625e-05,-40885208974.9628,32405217325.240673,52169899586.08754,-0.000274658203125,-5.264687210520208e-15
64025.535,1.33514404296875e-05,-40885208974.9628,32405217325.240673,52169899586.08754,-0.000274658203125,-5.264687210520208e-15
64085.535,1.33514404296875e-05,-40885208974.9628,32405217325.240673,52169899586.08754,-0.000274658203125,-5.264687210520208e-15
64145.535,1.33514404296875e-05,-40885208974.9628,32405217325.24067,52169899586.08754,-0.000274658203125,-5.264687210520208e-15
64205.535,1.33514404296875e-05,-40885208974.96279,32405217325.240665,52169899586.087524,-0.0002899169921875,-5.557169833326886e-15
64265.535,1.239776611328125e-05,-40885208974.9628,32405217325.24066,52169899586.08753,-0.00028228759765625,-5.410928521923547e-15
64325.535,1.239776611328125e-05,-40885208974.96279,32405217325.240658,52169899586.087524,-0.0002899169921875,-5.557169833326886e-15
64385.535,1.33514404296875e-05,-40885208974.96279,32405217325.240658,52169899586.087524,-0.0002899169921875,-5.557169833326886e-15
64445.535,1.1444091796875e-05,-40885208974.9628,32405217325.240658,52169899586.08753,-0.00028228759765625,-5.410928521923547e-15
64505.535,1.3589859008789062e-05,-40885208974.9628,32405217325.24066,52169899586.08753,-0.00028228759765625,-5.410928521923547e-15
64565.535,1.3977289199829102e-05,-40885208974.96279,32405217325.240658,52169899586.087524,-0.0002899169921875,-5.557169833326886e-15
64625.535,1.5020370483398438e-05,-40885208974.96279,32405217325.240658,52169899586.087524,-0.0002899169921875,-5.557169833326886e-15
64685.535,1.430511474609375e-05,-40885208974.9628,32405217325.240658,52169899586.08753,-0.00028228759765625,-5.410928521923547e-15
64745.535,1.239776611328125e-05,-40885208974.9628,32405217325.240654,52169899586.087524,-0.0002899169921875,-5.557169833326886e-15
64805.535,1.1444091796875e-05,-40885208974.9628,32405217325.240658,52169899586.08753,-0.00028228759765625,-5.410928521923547e-15
64865.535,1.430511474609375e-05,-40885208974.96279,32405217325.240654,52169899586.087524,-0.0002899169921875,-5.557169833326886e-15
64925.535,1.52587890625e-05,-40885208974.9628,32405217325.240654,52169899586.087524,-0.0002899169921875,-5.557169833326886e-15
64985.535,1.52587890625e-05,-40885208974.9628,32405217325.240654,52169899586.087524,-0.0002899169921875,-5.557169833326886e-15
65045.535,1.71661376953125e-05,-40885208974.9628,32405217325.24066,52169899586.08753,-0.00028228759765625,-5.410928521923547e-15
65105.535,2.09808349609375e-05,-40885208974.9628,32405217325.24066,52169899586.08753,-0.00028228759765625,-5.410928521923547e-15
65165.535,2.09808349609375e-05,-40885208974.96279,32405217325.240654,52169899586.087524,-0.0002899169921875,-5.557169833326886e-15
65225.535,2.288818359375e-05,-40885208974.96279,32405217325.240654,52169899586.087524,-0.0002899169921875,-5.557169833326886e-15
65285.535,2.288818359375e-05,-40885208974.9628,32405217325.240658,52169899586.08753,-0.00028228759765625,-5.410928521923547e-15
65345.535,2.6702880859375e-05,-40885208974.9628,32405217325.240658,52169899586.08753,-0.00028228759765625,-5.410928521923547e-15
65405.535,2.288818359375e-05,-40885208974.9628,32405217325.24066,52169899586.08753,-0.00028228759765625,-5.410928521923547e-15
65465.535,2.288818359375e-05,-40885208974.9628,32405217325.24066,52169899586.08753,-0.00028228759765625,-5.410928521923547e-15
65525.535,2.09808349609375e-05,-40885208974.9628,32405217325.24066,52169899586.08753,-0.00028228759765625,-5.410928521923547e-15
65585.535,1.71661376953125e-05,-40885208974.9628,32405217325.24066,52169899586.08753,-0.00028228759765625,-5.410928521923547e-15
65645.535,2.09808349609375e-05,-40885208974.9628,32405217325.240665,52169899586.08754,-0.000274658203125,-5.264687210520208e-15
65705.535,1.71661376953125e-05,-40885208974.9628,32405217325.240658,52169899586.08753,-0.00028228759765625,-5.410928521923547e-15
65765.535,2.002716064453125e-05,-40885208974.9628,32405217325.24066,52169899586.08753,-0.00028228759765625,-5.410928521923547e-15
65825.535,2.09808349609375e-05,-40885208974.9628,32405217325.240658,52169899586.08753,-0.00028228759765625,-5.410928521923547e-15
65885.535,2.193450927734375e-05,-40885208974.96279,32405217325.24066,52169899586.087524,-0.0002899169921875,-5.557169833326886e-15
65945.535,2.3365020751953125e-05,-40885208974.96279,32405217325.240658,52169899586.087524,-0.0002899169921875,-5.557169833326886e-15
66005.535,2.4318695068359375e-05,-40885208974.962776,32405217325.240658,52169899586.08751,-0.00030517578125,-5.849652456133564e-15
66065.535,2.1457672119140625e-05,-40885208974.962776,32405217325.240654,52169899586.08751,-0.00030517578125,-5.849652456133564e-15
66125.535,2.0503997802734375e-05,-40885208974.962776,32405217325.240658,52169899586.08751,-0.00030517578125,-5.849652456133564e-15
66185.535,2.193450927734375e-05,-40885208974.96278,32405217325.240654,52169899586.08752,-0.00029754638671875,-5.703411144730225e-15
66245.535,1.9073486328125e-05,-40885208974.96278,32405217325.240654,52169899586.08752,-0.00029754638671875,-5.703411144730225e-15
66305.535,1.9073486328125e-05,-40885208974.96278,32405217325.240658,52169899586.08752,-0.00029754638671875,-5.703411144730225e-15
66365.535,1.9073486328125e-05,-40885208974.96278,32405217325.24066,52169899586.087524,-0.0002899169921875,-5.557169833326886e-15
66425.535,1.71661376953125e-05,-40885208974.96278,32405217325.24066,52169899586.087524,-0.0002899169921875,-5.557169833326886e-15
66485.535,1.52587890625e-05,-40885208974.96278,32405217325.24066,52169899586.087524,-0.0002899169921875,-5.557169833326886e-15
66545.535,1.71661376953125e-05,-40885208974.96278,32405217325.24066,52169899586.087524,-0.0002899169921875,-5.557169833326886e-15
66605.535,1.9073486328125e-05,-40885208974.96278,32405217325.24066,52169899586.087524,-0.0002899169921875,-5.557169833326886e-15
66665.535,1.9073486328125e-05,-40885208974.96278,32405217325.24066,52169899586.087524,-0.0002899169921875,-5.557169833326886e-15
66725.535,1.71661376953125e-05,-40885208974.96278,32405217325.24066,52169899586.087524,-0.0002899169921875,-5.557169833326886e-15
66785.535,1.71661376953125e-05,-40885208974.96278,32405217325.240658,52169899586.08752,-0.00029754638671875,-5.703411144730225e-15
66845.535,1.9073486328125e-05,-40885208974.96278,32405217325.240654,52169899586.08752,-0.00029754638671875,-5.703411144730225e-15
66905.535,1.9073486328125e-05,-40885208974.96278,32405217325.240658,52169899586.08752,-0.00029754638671875,-5.703411144730225e-15
66965.535,1.9073486328125e-05,-40885208974.96278,32405217325.24066,52169899586.087524,-0.0002899169921875,-5.557169833326886e-15
67025.535,1.9073486328125e-05,-40885208974.96278,32405217325.24066,52169899586.087524,-0.0002899169921875,-5.557169833326886e-15
67085.535,1.811981201171875e-05,-40885208974.96278,32405217325.24066,52169899586.087524,-0.0002899169921875,-5.557169833326886e-15
67145.535,1.71661376953125e-05,-40885208974.96278,32405217325.240665,52169899586.087524,-0.0002899169921875,-5.557169833326886e-15
67205.535,1.71661376953125e-05,-40885208974.96278,32405217325.24066,52169899586.087524,-0.0002899169921875,-5.557169833326886e-15
67265.535,1.52587890625e-05,-40885208974.96279,32405217325.24066,52169899586.087524,-0.0002899169921875,-5.557169833326886e-15
67325.535,1.52587890625e-05,-40885208974.96278,32405217325.24066,52169899586.087524,-0.0002899169921875,-5.557169833326886e-15
67385.535,1.2978911399841309e-05,-40885208974.96278,32405217325.240654,52169899586.08752,-0.00029754638671875,-5.703411144730225e-15
67445.535,1.2636184692382812e-05,-40885208974.96278,32405217325.240658,52169899586.08752,-0.00029754638671875,-5.703411144730225e-15
67505.535,1.049041748046875e-05,-40885208974.96278,32405217325.24066,52169899586.087524,-0.0002899169921875,-5.557169833326886e-15
67565.535,1.239776611328125e-05,-40885208974.96278,32405217325.24066,52169899586.087524,-0.0002899169921875,-5.557169833326886e-15
67625.535,1.52587890625e-05,-40885208974.96279,32405217325.240658,52169899586.087524,-0.0002899169921875,-5.557169833326886e-15
67685.535,1.71661376953125e-05,-40885208974.96278,32405217325.24066,52169899586.087524,-0.0002899169921875,-5.557169833326886e-15
67745.535,1.9073486328125e-05,-40885208974.96278,32405217325.24066,52169899586.087524,-0.0002899169921875,-5.557169833326886e-15
67805.535,2.09808349609375e-05,-40885208974.962776,32405217325.24066,52169899586.08752,-0.00029754638671875,-5.703411144730225e-15
67865.535,2.09808349609375e-05,-40885208974.96278,32405217325.240658,52169899586.08752,-0.00029754638671875,-5.703411144730225e-15
67925.535,2.09808349609375e-05,-40885208974.962776,32405217325.24066,52169899586.08752,-0.00029754638671875,-5.703411144730225e-15
67985.535,2.288818359375e-05,-40885208974.962776,32405217325.24066,52169899586.08752,-0.00029754638671875,-5.703411144730225e-15
68045.535,2.6702880859375e-05,-40885208974.96278,32405217325.24067,52169899586.087524,-0.0002899169921875,-5.557169833326886e-15
68105.535,2.86102294921875e-05,-40885208974.96278,32405217325.24067,52169899586.087524,-0.0002899169921875,-5.557169833326886e-15
68165.535,2.6702880859375e-05,-40885208974.96278,32405217325.24067,52169899586.087524,-0.0002899169921875,-5.557169833326886e-15
68225.535,2.47955322265625e-05,-40885208974.96278,32405217325.24067,52169899586.087524,-0.0002899169921875,-5.557169833326886e-15
68285.535,2.288818359375e-05,-40885208974.96278,32405217325.24067,52169899586.087524,-0.0002899169921875,-5.557169833326886e-15
68345.535,1.9073486328125e-05,-40885208974.96278,32405217325.24067,52169899586.087524,-0.0002899169921875,-5.557169833326886e-15
68405.535,1.9073486328125e-05,-40885208974.96278,32405217325.24067,52169899586.087524,-0.0002899169921875,-5.557169833326886e-15
68465.535,1.9073486328125e-05,-40885208974.96278,32405217325.240673,52169899586.087524,-0.0002899169921875,-5.557169833326886e-15
68525.535,1.71661376953125e-05,-40885208974.96278,32405217325.240673,52169899586.087524,-0.0002899169921875,-5.557169833326886e-15
68585.535,2.09808349609375e-05,-40885208974.96278,32405217325.240673,52169899586.087524,-0.0002899169921875,-5.557169833326886e-15
68645.535,2.09808349609375e-05,-40885208974.96279,32405217325.240673,52169899586.08753,-0.00028228759765625,-5.410928521923547e-15
68705.535,1.9550323486328125e-05,-40885208974.96279,32405217325.240677,52169899586.08754,-0.000274658203125,-5.264687210520208e-15
68765.535,2.1338462829589844e-05,-40885208974.96279,32405217325.240677,52169899586.08754,-0.000274658203125,-5.264687210520208e-15
68825.535,2.2411346435546875e-05,-40885208974.96279,32405217325.240673,52169899586.08753,-0.00028228759765625,-5.410928521923547e-15
68885.535,2.2411346435546875e-05,-40885208974.96278,32405217325.240673,52169899586.087524,-0.0002899169921875,-5.557169833326886e-15
68945.535,2.193450927734375e-05,-40885208974.96278,32405217325.240673,52169899586.087524,-0.0002899169921875,-5.557169833326886e-15
69005.535,2.384185791015625e-05,-40885208974.96278,32405217325.240673,52169899586.087524,-0.0002899169921875,-5.557169833326886e-15
69065.535,2.09808349609375e-05,-40885208974.96278,32405217325.240673,52169899586.087524,-0.0002899169921875,-5.557169833326886e-15
69125.535,2.288818359375e-05,-40885208974.962776,32405217325.24067,52169899586.087524,-0.0002899169921875,-5.557169833326886e-15
69185.535,2.288818359375e-05,-40885208974.962776,32405217325.24067,52169899586.087524,-0.0002899169921875,-5.557169833326886e-15
69245.535,2.288818359375e-05,-40885208974.96278,32405217325.24067,52169899586.087524,-0.0002899169921875,-5.557169833326886e-15
69305.535,2.288818359375e-05,-40885208974.96278,32405217325.24067,52169899586.087524,-0.0002899169921875,-5.557169833326886e-15
69365.535,2.47955322265625e-05,-40885208974.962776,32405217325.240673,52169899586.087524,-0.0002899169921875,-5.557169833326886e-15
69425.535,2.47955322265625e-05,-40885208974.96278,32405217325.240673,52169899586.087524,-0.0002899169921875,-5.557169833326886e-15
69485.535,2.47955322265625e-05,-40885208974.96278,32405217325.240677,52169899586.08753,-0.00028228759765625,-5.410928521923547e-15
69545.535,2.6702880859375e-05,-40885208974.962776,32405217325.240673,52169899586.087524,-0.0002899169921875,-5.557169833326886e-15
69605.535,2.47955322265625e-05,-40885208974.96278,32405217325.240673,52169899586.087524,-0.0002899169921875,-5.557169833326886e-15
69665.535,2.86102294921875e-05,-40885208974.96278,32405217325.24067,52169899586.087524,-0.0002899169921875,-5.557169833326886e-15
69725.535,2.86102294921875e-05,-40885208974.96278,32405217325.24067,52169899586.087524,-0.0002899169921875,-5.557169833326886e-15
69785.535,2.86102294921875e-05,-40885208974.96278,32405217325.240673,52169899586.087524,-0.0002899169921875,-5.557169833326886e-15
69845.535,2.86102294921875e-05,-40885208974.962776,32405217325.24067,52169899586.087524,-0.0002899169921875,-5.557169833326886e-15
69905.535,2.86102294921875e-05,-40885208974.962776,32405217325.240673,52169899586.087524,-0.0002899169921875,-5.557169833326886e-15
69965.535,2.956390380859375e-05,-40885208974.962776,32405217325.240677,52169899586.087524,-0.0002899169921875,-5.557169833326886e-15
70025.535,2.86102294921875e-05,-40885208974.96277,32405217325.24067,52169899586.08751,-0.00030517578125,-5.849652456133564e-15
70085.535,3.0994415283203125e-05,-40885208974.962776,32405217325.240673,52169899586.087524,-0.0002899169921875,-5.557169833326886e-15
70145.535,3.0517578125e-05,-40885208974.962776,32405217325.240677,52169899586.087524,-0.0002899169921875,-5.557169833326886e-15
70205.535,3.057718276977539e-05,-40885208974.96277,32405217325.240677,52169899586.08752,-0.00029754638671875,-5.703411144730225e-15
70265.535,3.147125244140625e-05,-40885208974.962776,32405217325.24068,52169899586.087524,-0.0002899169921875,-5.557169833326886e-15
70325.535,2.86102294921875e-05,-40885208974.962776,32405217325.24068,52169899586.087524,-0.0002899169921875,-5.557169833326886e-15
70385.535,2.765655517578125e-05,-40885208974.96277,32405217325.240685,52169899586.087524,-0.0002899169921875,-5.557169833326886e-15
70445.535,2.6702880859375e-05,-40885208974.96277,32405217325.240685,52169899586.087524,-0.0002899169921875,-5.557169833326886e-15
70505.535,2.86102294921875e-05,-40885208974.962776,32405217325.240692,52169899586.08754,-0.000274658203125,-5.264687210520208e-15
70565.535,2.86102294921875e-05,-40885208974.962776,32405217325.24069,52169899586.08753,-0.00028228759765625,-5.410928521923547e-15
70625.535,2.86102294921875e-05,-40885208974.962776,32405217325.240692,52169899586.08754,-0.000274658203125,-5.264687210520208e-15
70685.535,3.0517578125e-05,-40885208974.962776,32405217325.240685,52169899586.08753,-0.00028228759765625,-5.410928521923547e-15
70745.535,3.0517578125e-05,-40885208974.96278,32405217325.24069,52169899586.08754,-0.000274658203125,-5.264687210520208e-15
70805.535,3.0517578125e-05,-40885208974.96278,32405217325.240685,52169899586.08754,-0.000274658203125,-5.264687210520208e-15
70865.535,3.0517578125e-05,-40885208974.96278,32405217325.240685,52169899586.08754,-0.000274658203125,-5.264687210520208e-15
70925.535,3.0517578125e-05,-40885208974.96278,32405217325.240685,52169899586.08754,-0.000274658203125,-5.264687210520208e-15
70985.535,3.24249267578125e-05,-40885208974.962776,32405217325.240685,52169899586.08753,-0.00028228759765625,-5.410928521923547e-15
71045.535,3.24249267578125e-05,-40885208974.96278,32405217325.240685,52169899586.08754,-0.000274658203125,-5.264687210520208e-15
71105.535,3.24249267578125e-05,-40885208974.96278,32405217325.240677,52169899586.08753,-0.00028228759765625,-5.410928521923547e-15
71165.535,3.24249267578125e-05,-40885208974.96277,32405217325.240677,52169899586.08752,-0.00029754638671875,-5.703411144730225e-15
71225.535,3.4332275390625e-05,-40885208974.96277,32405217325.240677,52169899586.08752,-0.00029754638671875,-5.703411144730225e-15
71285.535,3.4332275390625e-05,-40885208974.96277,32405217325.240677,52169899586.08752,-0.00029754638671875,-5.703411144730225e-15
71345.535,3.719329833984375e-05,-40885208974.96277,32405217325.240677,52169899586.08752,-0.00029754638671875,-5.703411144730225e-15
71405.535,3.528594970703125e-05,-40885208974.962776,32405217325.240677,52169899586.087524,-0.0002899169921875,-5.557169833326886e-15
71465.535,3.910064697265625e-05,-40885208974.96277,32405217325.240673,52169899586.08752,-0.00029754638671875,-5.703411144730225e-15
71525.535,4.0531158447265625e-05,-40885208974.96277,32405217325.240677,52169899586.08752,-0.00029754638671875,-5.703411144730225e-15
71585.535,4.06801700592041e-05,-40885208974.96277,32405217325.240677,52169899586.08752,-0.00029754638671875,-5.703411144730225e-15
71645.535,3.814697265625e-05,-40885208974.96277,32405217325.240677,52169899586.08752,-0.00029754638671875,-5.703411144730225e-15
71705.535,3.62396240234375e-05,-40885208974.962776,32405217325.240677,52169899586.087524,-0.0002899169921875,-5.557169833326886e-15
71765.535,3.910064697265625e-05,-40885208974.962776,32405217325.24068,52169899586.087524,-0.0002899169921875,-5.557169833326886e-15
71825.535,3.62396240234375e-05,-40885208974.962776,32405217325.24068,52169899586.087524,-0.0002899169921875,-5.557169833326886e-15
71885.535,3.62396240234375e-05,-40885208974.962776,32405217325.24068,52169899586.087524,-0.0002899169921875,-5.557169833326886e-15
71945.535,3.814697265625e-05,-40885208974.962776,32405217325.240677,52169899586.087524,-0.0002899169921875,-5.557169833326886e-15
72005.535,3.62396240234375e-05,-40885208974.962776,32405217325.240677,52169899586.087524,-0.0002899169921875,-5.557169833326886e-15
72065.535,3.4332275390625e-05,-40885208974.96277,32405217325.24068,52169899586.087524,-0.0002899169921875,-5.557169833326886e-15
72125.535,3.0517578125e-05,-40885208974.962776,32405217325.240677,52169899586.087524,-0.0002899169921875,-5.557169833326886e-15
72185.535,3.62396240234375e-05,-40885208974.962776,32405217325.240677,52169899586.087524,-0.0002899169921875,-5.557169833326886e-15
72245.535,3.4332275390625e-05,-40885208974.962776,32405217325.240677,52169899586.087524,-0.0002899169921875,-5.557169833326886e-15
72305.535,3.4332275390625e-05,-40885208974.96277,32405217325.240677,52169899586.08752,-0.00029754638671875,-5.703411144730225e-15
72365.535,3.4332275390625e-05,-40885208974.96277,32405217325.240677,52169899586.08752,-0.00029754638671875,-5.703411144730225e-15
72425.535,3.4332275390625e-05,-40885208974.96277,32405217325.240677,52169899586.08752,-0.00029754638671875,-5.703411144730225e-15
72485.535,3.62396240234375e-05,-40885208974.96277,32405217325.24068,52169899586.087524,-0.0002899169921875,-5.557169833326886e-15
72545.535,3.24249267578125e-05,-40885208974.96277,32405217325.240677,52169899586.08752,-0.00029754638671875,-5.703411144730225e-15
72605.535,3.24249267578125e-05,-40885208974.96277,32405217325.24068,52169899586.087524,-0.0002899169921875,-5.557169833326886e-15
72665.535,3.0517578125e-05,-40885208974.96277,32405217325.24068,52169899586.087524,-0.0002899169921875,-5.557169833326886e-15
72725.535,2.86102294921875e-05,-40885208974.96277,32405217325.24068,52169899586.087524,-0.0002899169921875,-5.557169833326886e-15
72785.535,2.86102294921875e-05,-40885208974.96277,32405217325.24068,52169899586.087524,-0.0002899169921875,-5.557169833326886e-15
72845.535,2.86102294921875e-05,-40885208974.96277,32405217325.240677,52169899586.08752,-0.00029754638671875,-5.703411144730225e-15
72905.535,2.956390380859375e-05,-40885208974.962776,32405217325.24068,52169899586.087524,-0.0002899169921875,-5.557169833326886e-15
72965.535,2.8133392333984375e-05,-40885208974.96277,32405217325.24068,52169899586.087524,-0.0002899169921875,-5.557169833326886e-15
73025.535,2.777576446533203e-05,-40885208974.96277,32405217325.24068,52169899586.087524,-0.0002899169921875,-5.557169833326886e-15
73085.535,2.765655517578125e-05,-40885208974.962776,32405217325.24069,52169899586.08753,-0.00028228759765625,-5.410928521923547e-15
73145.535,2.6702880859375e-05,-40885208974.96277,32405217325.24069,52169899586.087524,-0.0002899169921875,-5.557169833326886e-15
73205.535,2.574920654296875e-05,-40885208974.96276,32405217325.24069,52169899586.087524,-0.0002899169921875,-5.557169833326886e-15
73265.535,2.956390380859375e-05,-40885208974.96277,32405217325.240685,52169899586.087524,-0.0002899169921875,-5.557169833326886e-15
73325.535,2.86102294921875e-05,-40885208974.96277,32405217325.24069,52169899586.087524,-0.0002899169921875,-5.557169833326886e-15
73385.535,3.24249267578125e-05,-40885208974.962776,32405217325.24069,52169899586.08753,-0.00028228759765625,-5.410928521923547e-15
73445.535,3.24249267578125e-05,-40885208974.96278,32405217325.240692,52169899586.08754,-0.000274658203125,-5.264687210520208e-15
73505.535,3.0517578125e-05,-40885208974.962776,32405217325.240692,52169899586.08754,-0.000274658203125,-5.264687210520208e-15
73565.535,2.86102294921875e-05,-40885208974.96277,32405217325.24069,52169899586.087524,-0.0002899169921875,-5.557169833326886e-15
73625.535,2.6702880859375e-05,-40885208974.96277,32405217325.24069,52169899586.087524,-0.0002899169921875,-5.557169833326886e-15
73685.535,2.288818359375e-05,-40885208974.96277,32405217325.24069,52169899586.087524,-0.0002899169921875,-5.557169833326886e-15
73745.535,2.288818359375e-05,-40885208974.96277,32405217325.240685,52169899586.087524,-0.0002899169921875,-5.557169833326886e-15
73805.535,1.9073486328125e-05,-40885208974.96277,32405217325.240692,52169899586.087524,-0.0002899169921875,-5.557169833326886e-15
73865.535,2.09808349609375e-05,-40885208974.96277,32405217325.24069,52169899586.087524,-0.0002899169921875,-5.557169833326886e-15
73925.535,1.71661376953125e-05,-40885208974.96277,32405217325.24069,52169899586.087524,-0.0002899169921875,-5.557169833326886e-15
73985.535,1.9073486328125e-05,-40885208974.96277,32405217325.24069,52169899586.087524,-0.0002899169921875,-5.557169833326886e-15
74045.535,2.09808349609375e-05,-40885208974.962776,32405217325.240692,52169899586.08754,-0.000274658203125,-5.264687210520208e-15
74105.535,2.002716064453125e-05,-40885208974.96277,32405217325.240692,52169899586.087524,-0.0002899169921875,-5.557169833326886e-15
74165.535,1.71661376953125e-05,-40885208974.962776,32405217325.240692,52169899586.08754,-0.000274658203125,-5.264687210520208e-15
74225.535,1.430511474609375e-05,-40885208974.96277,32405217325.240692,52169899586.087524,-0.0002899169921875,-5.557169833326886e-15
74285.535,1.5735626220703125e-05,-40885208974.96276,32405217325.240692,52169899586.087524,-0.0002899169921875,-5.557169833326886e-15
74345.535,1.3828277587890625e-05,-40885208974.96276,32405217325.240692,52169899586.087524,-0.0002899169921875,-5.557169833326886e-15
74405.535,1.564621925354004e-05,-40885208974.96276,32405217325.240696,52169899586.087524,-0.0002899169921875,-5.557169833326886e-15
74465.535,1.52587890625e-05,-40885208974.96276,32405217325.240692,52169899586.087524,-0.0002899169921875,-5.557169833326886e-15
74525.535,1.7642974853515625e-05,-40885208974.96276,32405217325.240696,52169899586.087524,-0.0002899169921875,-5.557169833326886e-15
74585.535,1.811981201171875e-05,-40885208974.96276,32405217325.240692,52169899586.087524,-0.0002899169921875,-5.557169833326886e-15
74645.535,1.621246337890625e-05,-40885208974.96276,32405217325.240692,52169899586.087524,-0.0002899169921875,-5.557169833326886e-15
74705.535,1.621246337890625e-05,-40885208974.96276,32405217325.240692,52169899586.087524,-0.0002899169921875,-5.557169833326886e-15
74765.535,1.52587890625e-05,-40885208974.96275,32405217325.240692,52169899586.08752,-0.00029754638671875,-5.703411144730225e-15
74825.535,1.52587890625e-05,-40885208974.96275,32405217325.240692,52169899586.08752,-0.00029754638671875,-5.703411144730225e-15
74885.535,1.71661376953125e-05,-40885208974.96275,32405217325.240685,52169899586.08751,-0.00030517578125,-5.849652456133564e-15
74945.535,1.52587890625e-05,-40885208974.96275,32405217325.24069,52169899586.08752,-0.00029754638671875,-5.703411144730225e-15
75005.535,1.71661376953125e-05,-40885208974.96275,32405217325.240692,52169899586.08752,-0.00029754638671875,-5.703411144730225e-15
75065.535,1.71661376953125e-05,-40885208974.96275,32405217325.240685,52169899586.08751,-0.00030517578125,-5.849652456133564e-15
75125.535,1.71661376953125e-05,-40885208974.962746,32405217325.240685,52169899586.08751,-0.00030517578125,-5.849652456133564e-15
75185.535,1.9073486328125e-05,-40885208974.962746,32405217325.24069,52169899586.08751,-0.00030517578125,-5.849652456133564e-15
75245.535,1.9073486328125e-05,-40885208974.96275,32405217325.240692,52169899586.08752,-0.00029754638671875,-5.703411144730225e-15
75305.535,1.9073486328125e-05,-40885208974.96274,32405217325.24069,52169899586.0875,-0.00031280517578125,-5.995893767536903e-15
75365.535,1.71661376953125e-05,-40885208974.962746,32405217325.240692,52169899586.08751,-0.00030517578125,-5.849652456133564e-15
75425.535,1.71661376953125e-05,-40885208974.96275,32405217325.240692,52169899586.08752,-0.00029754638671875,-5.703411144730225e-15
75485.535,1.71661376953125e-05,-40885208974.96275,32405217325.240685,52169899586.08751,-0.00030517578125,-5.849652456133564e-15
75545.535,1.811981201171875e-05,-40885208974.962746,32405217325.240685,52169899586.08751,-0.00030517578125,-5.849652456133564e-15
75605.535,1.430511474609375e-05,-40885208974.962746,32405217325.240685,52169899586.08751,-0.00030517578125,-5.849652456133564e-15
75665.535,1.52587890625e-05,-40885208974.962746,32405217325.240685,52169899586.08751,-0.00030517578125,-5.849652456133564e-15
75725.535,1.52587890625e-05,-40885208974.96275,32405217325.24069,52169899586.08752,-0.00029754638671875,-5.703411144730225e-15
75785.535,1.5974044799804688e-05,-40885208974.96275,32405217325.240692,52169899586.08752,-0.00029754638671875,-5.703411144730225e-15
75845.535,1.5974044799804688e-05,-40885208974.962746,32405217325.240692,52169899586.08751,-0.00030517578125,-5.849652456133564e-15
75905.535,1.4781951904296875e-05,-40885208974.96275,32405217325.240692,52169899586.08752,-0.00029754638671875,-5.703411144730225e-15
75965.535,1.621246337890625e-05,-40885208974.96275,32405217325.240696,52169899586.087524,-0.0002899169921875,-5.557169833326886e-15
76025.535,1.811981201171875e-05,-40885208974.96276,32405217325.240692,52169899586.087524,-0.0002899169921875,-5.557169833326886e-15
76085.535,1.9073486328125e-05,-40885208974.96275,32405217325.24069,52169899586.08752,-0.00029754638671875,-5.703411144730225e-15
76145.535,1.9073486328125e-05,-40885208974.96275,32405217325.24069,52169899586.08752,-0.00029754638671875,-5.703411144730225e-15
76205.535,1.71661376953125e-05,-40885208974.96275,32405217325.240685,52169899586.08751,-0.00030517578125,-5.849652456133564e-15
76265.535,1.71661376953125e-05,-40885208974.96275,32405217325.24069,52169899586.08752,-0.00029754638671875,-5.703411144730225e-15
76325.535,1.71661376953125e-05,-40885208974.96275,32405217325.240692,52169899586.08752,-0.00029754638671875,-5.703411144730225e-15
76385.535,1.71661376953125e-05,-40885208974.96275,32405217325.240692,52169899586.08752,-0.00029754638671875,-5.703411144730225e-15
76445.535,1.9073486328125e-05,-40885208974.96275,32405217325.240692,52169899586.08752,-0.00029754638671875,-5.703411144730225e-15
76505.535,2.09808349609375e-05,-40885208974.96275,32405217325.240692,52169899586.08752,-0.00029754638671875,-5.703411144730225e-15
76565.535,2.09808349609375e-05,-40885208974.96275,32405217325.240692,52169899586.08752,-0.00029754638671875,-5.703411144730225e-15
76625.535,2.288818359375e-05,-40885208974.96275,32405217325.24069,52169899586.08752,-0.00029754638671875,-5.703411144730225e-15
76685.535,2.288818359375e-05,-40885208974.962746,32405217325.240685,52169899586.08751,-0.00030517578125,-5.849652456133564e-15
76745.535,2.09808349609375e-05,-40885208974.962746,32405217325.240685,52169899586.08751,-0.00030517578125,-5.849652456133564e-15
76805.535,1.9073486328125e-05,-40885208974.962746,32405217325.240685,52169899586.08751,-0.00030517578125,-5.849652456133564e-15
76865.535,2.09808349609375e-05,-40885208974.962746,32405217325.24069,52169899586.08751,-0.00030517578125,-5.849652456133564e-15
76925.535,1.9073486328125e-05,-40885208974.962746,32405217325.240692,52169899586.08751,-0.00030517578125,-5.849652456133564e-15
76985.535,1.811981201171875e-05,-40885208974.96275,32405217325.24069,52169899586.08752,-0.00029754638671875,-5.703411144730225e-15
77045.535,1.9073486328125e-05,-40885208974.96275,32405217325.240685,52169899586.08751,-0.00030517578125,-5.849652456133564e-15
77105.535,1.6689300537109375e-05,-40885208974.962746,32405217325.240685,52169899586.08751,-0.00030517578125,-5.849652456133564e-15
77165.535,1.6450881958007812e-05,-40885208974.962746,32405217325.24068,52169899586.0875,-0.00031280517578125,-5.995893767536903e-15
77225.535,1.430511474609375e-05,-40885208974.962746,32405217325.240677,52169899586.0875,-0.00031280517578125,-5.995893767536903e-15
77285.535,1.3828277587890625e-05,-40885208974.96274,32405217325.240673,52169899586.087494,-0.0003204345703125,-6.142135078940243e-15
77345.535,1.33514404296875e-05,-40885208974.96274,32405217325.240673,52169899586.087494,-0.0003204345703125,-6.142135078940243e-15
77405.535,1.430511474609375e-05,-40885208974.96274,32405217325.240673,52169899586.087494,-0.0003204345703125,-6.142135078940243e-15
77465.535,1.239776611328125e-05,-40885208974.96274,32405217325.24067,52169899586.087494,-0.0003204345703125,-6.142135078940243e-15
77525.535,1.239776611328125e-05,-40885208974.96274,32405217325.240673,52169899586.087494,-0.0003204345703125,-6.142135078940243e-15
77585.535,1.33514404296875e-05,-40885208974.96274,32405217325.240673,52169899586.087494,-0.0003204345703125,-6.142135078940243e-15
77645.535,1.52587890625e-05,-40885208974.96274,32405217325.240677,52169899586.087494,-0.0003204345703125,-6.142135078940243e-15
77705.535,1.71661376953125e-05,-40885208974.96274,32405217325.240673,52169899586.087494,-0.0003204345703125,-6.142135078940243e-15
77765.535,1.9073486328125e-05,-40885208974.96274,32405217325.240673,52169899586.087494,-0.0003204345703125,-6.142135078940243e-15
77825.535,1.71661376953125e-05,-40885208974.96274,32405217325.24067,52169899586.087494,-0.0003204345703125,-6.142135078940243e-15
77885.535,1.52587890625e-05,-40885208974.96274,32405217325.240677,52169899586.087494,-0.0003204345703125,-6.142135078940243e-15
77945.535,1.71661376953125e-05,-40885208974.96275,32405217325.240677,52169899586.08751,-0.00030517578125,-5.849652456133564e-15
78005.535,1.71661376953125e-05,-40885208974.962746,32405217325.240677,52169899586.0875,-0.00031280517578125,-5.995893767536903e-15
78065.535,1.52587890625e-05,-40885208974.96275,32405217325.240677,52169899586.08751,-0.00030517578125,-5.849652456133564e-15
78125.535,1.71661376953125e-05,-40885208974.962746,32405217325.240677,52169899586.0875,-0.00031280517578125,-5.995893767536903e-15
78185.535,1.71661376953125e-05,-40885208974.96275,32405217325.240677,52169899586.08751,-0.00030517578125,-5.849652456133564e-15
78245.535,1.71661376953125e-05,-40885208974.962746,32405217325.240677,52169899586.0875,-0.00031280517578125,-5.995893767536903e-15
78305.535,1.811981201171875e-05,-40885208974.96274,32405217325.240685,52169899586.0875,-0.00031280517578125,-5.995893767536903e-15
78365.535,1.811981201171875e-05,-40885208974.962746,32405217325.240685,52169899586.08751,-0.00030517578125,-5.849652456133564e-15
78425.535,1.811981201171875e-05,-40885208974.962746,32405217325.240685,52169899586.08751,-0.00030517578125,-5.849652456133564e-15
78485.535,1.811981201171875e-05,-40885208974.96274,32405217325.24068,52169899586.087494,-0.0003204345703125,-6.142135078940243e-15
78545.535,1.7881393432617188e-05,-40885208974.96274,32405217325.24068,52169899586.087494,-0.0003204345703125,-6.142135078940243e-15
78605.535,1.850724220275879e-05,-40885208974.96274,32405217325.24068,52169899586.087494,-0.0003204345703125,-6.142135078940243e-15
78665.535,1.8596649169921875e-05,-40885208974.96274,32405217325.240685,52169899586.0875,-0.00031280517578125,-5.995893767536903e-15
78725.535,1.9550323486328125e-05,-40885208974.96274,32405217325.240685,52169899586.0875,-0.00031280517578125,-5.995893767536903e-15
78785.535,1.9073486328125e-05,-40885208974.96274,32405217325.240685,52169899586.0875,-0.00031280517578125,-5.995893767536903e-15
78845.535,2.002716064453125e-05,-40885208974.96274,32405217325.240685,52169899586.0875,-0.00031280517578125,-5.995893767536903e-15
78905.535,2.002716064453125e-05,-40885208974.96274,32405217325.240685,52169899586.0875,-0.00031280517578125,-5.995893767536903e-15
78965.535,1.71661376953125e-05,-40885208974.96274,32405217325.24068,52169899586.087494,-0.0003204345703125,-6.142135078940243e-15
79025.535,1.9073486328125e-05,-40885208974.96273,32405217325.24068,52169899586.087494,-0.0003204345703125,-6.142135078940243e-15
79085.535,2.09808349609375e-05,-40885208974.96273,32405217325.240677,52169899586.08749,-0.00032806396484375,-6.288376390343582e-15
79145.535,2.09808349609375e-05,-40885208974.96273,32405217325.240677,52169899586.08749,-0.00032806396484375,-6.288376390343582e-15
79205.535,2.09808349609375e-05,-40885208974.96274,32405217325.240677,52169899586.087494,-0.0003204345703125,-6.142135078940243e-15
79265.535,2.09808349609375e-05,-40885208974.96274,32405217325.240677,52169899586.087494,-0.0003204345703125,-6.142135078940243e-15
79325.535,2.09808349609375e-05,-40885208974.962746,32405217325.240685,52169899586.08751,-0.00030517578125,-5.849652456133564e-15
79385.535,2.288818359375e-05,-40885208974.96274,32405217325.240685,52169899586.0875,-0.00031280517578125,-5.995893767536903e-15
79445.535,2.6702880859375e-05,-40885208974.96274,32405217325.240677,52169899586.087494,-0.0003204345703125,-6.142135078940243e-15
79505.535,2.6702880859375e-05,-40885208974.96274,32405217325.240677,52169899586.087494,-0.0003204345703125,-6.142135078940243e-15
79565.535,2.86102294921875e-05,-40885208974.96274,32405217325.24068,52169899586.087494,-0.0003204345703125,-6.142135078940243e-15
79625.535,3.0517578125e-05,-40885208974.96274,32405217325.240677,52169899586.087494,-0.0003204345703125,-6.142135078940243e-15
79685.535,3.0517578125e-05,-40885208974.96274,32405217325.240677,52169899586.087494,-0.0003204345703125,-6.142135078940243e-15
79745.535,3.147125244140625e-05,-40885208974.96274,32405217325.24068,52169899586.087494,-0.0003204345703125,-6.142135078940243e-15
79805.535,3.24249267578125e-05,-40885208974.96274,32405217325.24068,52169899586.087494,-0.0003204345703125,-6.142135078940243e-15
79865.535,3.147125244140625e-05,-40885208974.962746,32405217325.24068,52169899586.0875,-0.00031280517578125,-5.995893767536903e-15
79925.535,3.147125244140625e-05,-40885208974.96274,32405217325.240677,52169899586.087494,-0.0003204345703125,-6.142135078940243e-15
79985.535,3.3855438232421875e-05,-40885208974.962746,32405217325.24068,52169899586.0875,-0.00031280517578125,-5.995893767536903e-15
80045.535,3.409385681152344e-05,-40885208974.962746,32405217325.240685,52169899586.08751,-0.00030517578125,-5.849652456133564e-15
80105.535,3.0994415283203125e-05,-40885208974.96275,32405217325.24069,52169899586.08752,-0.00029754638671875,-5.703411144730225e-15
80165.535,3.1948089599609375e-05,-40885208974.96275,32405217325.24069,52169899586.08752,-0.00029754638671875,-5.703411144730225e-15
80225.535,3.337860107421875e-05,-40885208974.96275,32405217325.24069,52169899586.08752,-0.00029754638671875,-5.703411144730225e-15
80285.535,3.4332275390625e-05,-40885208974.96275,32405217325.240692,52169899586.08752,-0.00029754638671875,-5.703411144730225e-15
80345.535,3.528594970703125e-05,-40885208974.96275,32405217325.240685,52169899586.08751,-0.00030517578125,-5.849652456133564e-15
80405.535,3.62396240234375e-05,-40885208974.962746,32405217325.24069,52169899586.08751,-0.00030517578125,-5.849652456133564e-15
80465.535,3.62396240234375e-05,-40885208974.962746,32405217325.240685,52169899586.08751,-0.00030517578125,-5.849652456133564e-15
80525.535,4.00543212890625e-05,-40885208974.96275,32405217325.240685,52169899586.08751,-0.00030517578125,-5.849652456133564e-15
80585.535,4.00543212890625e-05,-40885208974.96275,32405217325.240685,52169899586.08751,-0.00030517578125,-5.849652456133564e-15
80645.535,3.814697265625e-05,-40885208974.96275,32405217325.240685,52169899586.08751,-0.00030517578125,-5.849652456133564e-15
80705.535,4.00543212890625e-05,-40885208974.962746,32405217325.240685,52169899586.08751,-0.00030517578125,-5.849652456133564e-15
80765.535,3.814697265625e-05,-40885208974.962746,32405217325.24068,52169899586.0875,-0.00031280517578125,-5.995893767536903e-15
80825.535,4.00543212890625e-05,-40885208974.962746,32405217325.240685,52169899586.08751,-0.00030517578125,-5.849652456133564e-15
80885.535,4.00543212890625e-05,-40885208974.962746,32405217325.240677,52169899586.0875,-0.00031280517578125,-5.995893767536903e-15
80945.535,4.00543212890625e-05,-40885208974.962746,32405217325.240677,52169899586.0875,-0.00031280517578125,-5.995893767536903e-15
81005.535,4.00543212890625e-05,-40885208974.96274,32405217325.240677,52169899586.087494,-0.0003204345703125,-6.142135078940243e-15
81065.535,3.62396240234375e-05,-40885208974.96274,32405217325.240677,52169899586.087494,-0.0003204345703125,-6.142135078940243e-15
81125.535,3.719329833984375e-05,-40885208974.96275,32405217325.240677,52169899586.08751,-0.00030517578125,-5.849652456133564e-15
81185.535,3.719329833984375e-05,-40885208974.96274,32405217325.240677,52169899586.087494,-0.0003204345703125,-6.142135078940243e-15
81245.535,3.62396240234375e-05,-40885208974.96274,32405217325.240673,52169899586.087494,-0.0003204345703125,-6.142135078940243e-15
81305.535,3.4332275390625e-05,-40885208974.96274,32405217325.240673,52169899586.087494,-0.0003204345703125,-6.142135078940243e-15
81365.535,3.361701965332031e-05,-40885208974.96274,32405217325.24067,52169899586.087494,-0.0003204345703125,-6.142135078940243e-15
81425.535,3.293156623840332e-05,-40885208974.96274,32405217325.240673,52169899586.087494,-0.0003204345703125,-6.142135078940243e-15
81485.535,3.24249267578125e-05,-40885208974.96274,32405217325.240673,52169899586.087494,-0.0003204345703125,-6.142135078940243e-15
81545.535,3.24249267578125e-05,-40885208974.96274,32405217325.240677,52169899586.087494,-0.0003204345703125,-6.142135078940243e-15
81605.535,3.0517578125e-05,-40885208974.96274,32405217325.240677,52169899586.087494,-0.0003204345703125,-6.142135078940243e-15
81665.535,2.956390380859375e-05,-40885208974.96274,32405217325.24067,52169899586.087494,-0.0003204345703125,-6.142135078940243e-15
81725.535,2.86102294921875e-05,-40885208974.96274,32405217325.24067,52169899586.087494,-0.0003204345703125,-6.142135078940243e-15
81785.535,2.86102294921875e-05,-40885208974.96274,32405217325.24067,52169899586.087494,-0.0003204345703125,-6.142135078940243e-15
81845.535,3.0517578125e-05,-40885208974.96274,32405217325.24067,52169899586.087494,-0.0003204345703125,-6.142135078940243e-15
81905.535,3.24249267578125e-05,-40885208974.96274,32405217325.24067,52169899586.087494,-0.0003204345703125,-6.142135078940243e-15
81965.535,3.0517578125e-05,-40885208974.962746,32405217325.24067,52169899586.087494,-0.0003204345703125,-6.142135078940243e-15
82025.535,3.24249267578125e-05,-40885208974.96274,32405217325.240673,52169899586.087494,-0.0003204345703125,-6.142135078940243e-15
82085.535,3.4332275390625e-05,-40885208974.96274,32405217325.24067,52169899586.087494,-0.0003204345703125,-6.142135078940243e-15
82145.535,3.24249267578125e-05,-40885208974.962746,32405217325.24067,52169899586.087494,-0.0003204345703125,-6.142135078940243e-15
82205.535,3.24249267578125e-05,-40885208974.962746,32405217325.240673,52169899586.087494,-0.0003204345703125,-6.142135078940243e-15
82265.535,3.4332275390625e-05,-40885208974.962746,32405217325.240673,52169899586.087494,-0.0003204345703125,-6.142135078940243e-15
82325.535,3.0517578125e-05,-40885208974.96275,32405217325.240677,52169899586.08751,-0.00030517578125,-5.849652456133564e-15
82385.535,3.24249267578125e-05,-40885208974.962746,32405217325.240673,52169899586.087494,-0.0003204345703125,-6.142135078940243e-15
82445.535,3.0517578125e-05,-40885208974.962746,32405217325.240677,52169899586.0875,-0.00031280517578125,-5.995893767536903e-15
82505.535,3.24249267578125e-05,-40885208974.96275,32405217325.240677,52169899586.08751,-0.00030517578125,-5.849652456133564e-15
82565.535,3.24249267578125e-05,-40885208974.96275,32405217325.240677,52169899586.08751,-0.00030517578125,-5.849652456133564e-15
82625.535,3.0517578125e-05,-40885208974.96275,32405217325.240677,52169899586.08751,-0.00030517578125,-5.849652456133564e-15
82685.535,3.0517578125e-05,-40885208974.96275,32405217325.240673,52169899586.08751,-0.00030517578125,-5.849652456133564e-15
82745.535,2.956390380859375e-05,-40885208974.96275,32405217325.240673,52169899586.08751,-0.00030517578125,-5.849652456133564e-15
82805.535,2.9981136322021484e-05,-40885208974.96275,32405217325.240677,52169899586.08751,-0.00030517578125,-5.849652456133564e-15
82865.535,3.075599670410156e-05,-40885208974.96275,32405217325.240677,52169899586.08751,-0.00030517578125,-5.849652456133564e-15
82925.535,2.9087066650390625e-05,-40885208974.96275,32405217325.240677,52169899586.08751,-0.00030517578125,-5.849652456133564e-15
82985.535,3.147125244140625e-05,-40885208974.96276,32405217325.240677,52169899586.08751,-0.00030517578125,-5.849652456133564e-15
83045.535,3.0517578125e-05,-40885208974.96276,32405217325.240677,52169899586.08751,-0.00030517578125,-5.849652456133564e-15
83105.535,3.24249267578125e-05,-40885208974.96275,32405217325.240677,52169899586.08751,-0.00030517578125,-5.849652456133564e-15
83165.535,3.0517578125e-05,-40885208974.96275,32405217325.240677,52169899586.08751,-0.00030517578125,-5.849652456133564e-15
83225.535,3.0517578125e-05,-40885208974.96275,32405217325.240677,52169899586.08751,-0.00030517578125,-5.849652456133564e-15
83285.535,2.6702880859375e-05,-40885208974.96275,32405217325.240673,52169899586.08751,-0.00030517578125,-5.849652456133564e-15
83345.535,2.86102294921875e-05,-40885208974.96275,32405217325.24067,52169899586.0875,-0.00031280517578125,-5.995893767536903e-15
83405.535,2.6702880859375e-05,-40885208974.96275,32405217325.24067,52169899586.0875,-0.00031280517578125,-5.995893767536903e-15
83465.535,2.09808349609375e-05,-40885208974.96275,32405217325.240665,52169899586.0875,-0.00031280517578125,-5.995893767536903e-15
83525.535,2.288818359375e-05,-40885208974.96275,32405217325.240665,52169899586.0875,-0.00031280517578125,-5.995893767536903e-15
83585.535,2.288818359375e-05,-40885208974.96274,32405217325.24066,52169899586.08749,-0.00032806396484375,-6.288376390343582e-15
83645.535,2.288818359375e-05,-40885208974.962746,32405217325.24066,52169899586.087494,-0.0003204345703125,-6.142135078940243e-15
83705.535,2.09808349609375e-05,-40885208974.962746,32405217325.24066,52169899586.087494,-0.0003204345703125,-6.142135078940243e-15
83765.535,2.47955322265625e-05,-40885208974.962746,32405217325.24066,52169899586.087494,-0.0003204345703125,-6.142135078940243e-15
83825.535,2.09808349609375e-05,-40885208974.962746,32405217325.240658,52169899586.08749,-0.00032806396484375,-6.288376390343582e-15
83885.535,1.9073486328125e-05,-40885208974.96275,32405217325.240654,52169899586.087494,-0.0003204345703125,-6.142135078940243e-15
83945.535,2.002716064453125e-05,-40885208974.962746,32405217325.240658,52169899586.08749,-0.00032806396484375,-6.288376390343582e-15
84005.535,2.09808349609375e-05,-40885208974.962746,32405217325.240658,52169899586.08749,-0.00032806396484375,-6.288376390343582e-15
84065.535,1.9073486328125e-05,-40885208974.962746,32405217325.240654,52169899586.08749,-0.00032806396484375,-6.288376390343582e-15
84125.535,1.8596649169921875e-05,-40885208974.962746,32405217325.240654,52169899586.08749,-0.00032806396484375,-6.288376390343582e-15
84185.535,1.9073486328125e-05,-40885208974.962746,32405217325.240654,52169899586.08749,-0.00032806396484375,-6.288376390343582e-15
84245.535,1.7881393432617188e-05,-40885208974.962746,32405217325.240654,52169899586.08749,-0.00032806396484375,-6.288376390343582e-15
84305.535,1.811981201171875e-05,-40885208974.962746,32405217325.240654,52169899586.08749,-0.00032806396484375,-6.288376390343582e-15
84365.535,1.71661376953125e-05,-40885208974.962746,32405217325.24065,52169899586.08748,-0.000335693359375,-6.434617701746921e-15
84425.535,1.71661376953125e-05,-40885208974.962746,32405217325.24065,52169899586.08748,-0.000335693359375,-6.434617701746921e-15
84485.535,1.9073486328125e-05,-40885208974.962746,32405217325.240643,52169899586.08748,-0.000335693359375,-6.434617701746921e-15
84545.535,1.621246337890625e-05,-40885208974.96274,32405217325.240646,52169899586.08748,-0.000335693359375,-6.434617701746921e-15
84605.535,1.52587890625e-05,-40885208974.962746,32405217325.240654,52169899586.08749,-0.00032806396484375,-6.288376390343582e-15
84665.535,1.71661376953125e-05,-40885208974.962746,32405217325.240654,52169899586.08749,-0.00032806396484375,-6.288376390343582e-15
84725.535,1.52587890625e-05,-40885208974.962746,32405217325.240654,52169899586.08749,-0.00032806396484375,-6.288376390343582e-15
84785.535,1.52587890625e-05,-40885208974.962746,32405217325.240654,52169899586.08749,-0.00032806396484375,-6.288376390343582e-15
84845.535,1.71661376953125e-05,-40885208974.96274,32405217325.240654,52169899586.08748,-0.000335693359375,-6.434617701746921e-15
84905.535,1.52587890625e-05,-40885208974.96274,32405217325.240658,52169899586.08748,-0.000335693359375,-6.434617701746921e-15
84965.535,1.33514404296875e-05,-40885208974.962746,32405217325.240654,52169899586.08749,-0.00032806396484375,-6.288376390343582e-15
85025.535,1.33514404296875e-05,-40885208974.962746,32405217325.240654,52169899586.08749,-0.00032806396484375,-6.288376390343582e-15
85085.535,1.33514404296875e-05,-40885208974.962746,32405217325.240654,52169899586.08749,-0.00032806396484375,-6.288376390343582e-15
85145.535,1.1444091796875e-05,-40885208974.96274,32405217325.240654,52169899586.08748,-0.000335693359375,-6.434617701746921e-15
85205.535,1.33514404296875e-05,-40885208974.96274,32405217325.240654,52169899586.08748,-0.000335693359375,-6.434617701746921e-15
85265.535,1.33514404296875e-05,-40885208974.96274,32405217325.240654,52169899586.08748,-0.000335693359375,-6.434617701746921e-15
85325.535,1.1444091796875e-05,-40885208974.962746,32405217325.24065,52169899586.08748,-0.000335693359375,-6.434617701746921e-15
85385.535,8.58306884765625e-06,-40885208974.96274,32405217325.240646,52169899586.08748,-0.000335693359375,-6.434617701746921e-15
85445.535,9.5367431640625e-06,-40885208974.962746,32405217325.24065,52169899586.08748,-0.000335693359375,-6.434617701746921e-15
85505.535,9.5367431640625e-06,-40885208974.96274,32405217325.240646,52169899586.08748,-0.000335693359375,-6.434617701746921e-15
85565.535,1.049041748046875e-05,-40885208974.962746,32405217325.240646,52169899586.08748,-0.000335693359375,-6.434617701746921e-15
85625.535,1.0788440704345703e-05,-40885208974.962746,32405217325.240643,52169899586.08748,-0.000335693359375,-6.434617701746921e-15
85685.535,1.3113021850585938e-05,-40885208974.962746,32405217325.240643,52169899586.08748,-0.000335693359375,-6.434617701746921e-15
85745.535,1.430511474609375e-05,-40885208974.962746,32405217325.240646,52169899586.08748,-0.000335693359375,-6.434617701746921e-15
85805.535,1.33514404296875e-05,-40885208974.96275,32405217325.240646,52169899586.08749,-0.00032806396484375,-6.288376390343582e-15
85865.535,1.239776611328125e-05,-40885208974.96275,32405217325.240643,52169899586.08749,-0.00032806396484375,-6.288376390343582e-15
85925.535,1.621246337890625e-05,-40885208974.96275,32405217325.240643,52169899586.08749,-0.00032806396484375,-6.288376390343582e-15
85985.535,1.71661376953125e-05,-40885208974.96275,32405217325.240643,52169899586.08749,-0.00032806396484375,-6.288376390343582e-15
86045.535,1.52587890625e-05,-40885208974.96275,32405217325.240643,52169899586.08749,-0.00032806396484375,-6.288376390343582e-15
86105.535,1.52587890625e-05,-40885208974.96276,32405217325.240646,52169899586.087494,-0.0003204345703125,-6.142135078940243e-15
86165.535,1.52587890625e-05,-40885208974.96276,32405217325.240646,52169899586.087494,-0.0003204345703125,-6.142135078940243e-15
86225.535,1.52587890625e-05,-40885208974.96275,32405217325.24064,52169899586.08749,-0.00032806396484375,-6.288376390343582e-15
86285.535,1.52587890625e-05,-40885208974.96276,32405217325.24064,52169899586.087494,-0.0003204345703125,-6.142135078940243e-15
86345.535,1.71661376953125e-05,-40885208974.96275,32405217325.240643,52169899586.08749,-0.00032806396484375,-6.288376390343582e-15
86400.0,1.71661376953125e-05,-40885208974.96275,32405217325.24064,52169899586.08749,-0.00032806396484375,-6.288376390343582e-15
