time_s,a_m,e_,i_deg,Omega_deg,omega_deg,nu_deg
0.0,6828136.9948609155,7.526333976200949e-10,51.60000000000001,0.0,180.0,180.0
10.0,6828132.738998967,4.682126813806004e-07,51.599999999999994,0.0,180.32484354527946,180.3162747654772
20.0,6828128.4528206885,9.389884050832561e-07,51.59999999999997,0.0,180.6456330427614,180.63660357879363
30.0,6828124.16544046,1.4098671555513725e-06,51.60000000000007,0.0,180.96632358048333,180.95703135202743
40.0,6828119.877571106,1.8807558999822826e-06,51.600000000000136,0.0,181.28697498183197,181.27749826197876
50.0,6828115.589435397,2.3516154310337613e-06,51.60000000000019,0.0,181.60760528348365,181.5979862722344
60.0,6828111.301132581,2.8224201036595228e-06,51.60000000000021,0.0,181.92822236872098,181.9184874998524
70.0,6828107.0127153965,3.2931493925242565e-06,51.600000000000264,0.0,182.2488303986699,182.23899778412078
80.0,6828102.724215414,3.763785095800143e-06,51.600000000000286,0.0,182.56943183138048,182.5595146674788
90.0,6828098.435652855,4.234310255276966e-06,51.60000000000023,0.0,182.8900282577242,182.88003655962203
100.0,6828094.147041669,4.7047086151324874e-06,51.600000000000286,0.0,183.21062072952625,183.2005624093657
110.0,6828089.858391697,5.174964366244581e-06,51.60000000000034,0.0,183.53121003549055,183.52109142872234
120.0,6828085.569710302,5.645061981799921e-06,51.600000000000314,0.0,183.8517967205792,183.8416230735208
130.0,6828081.281002993,6.114986143160925e-06,51.60000000000024,0.0,184.172381206599,184.16215692282074
140.0,6828076.992274054,6.584721669268435e-06,51.60000000000037,0.0,184.49296383628135,184.4826926348326
150.0,6828072.703526948,7.054253474829856e-06,51.600000000000406,0.0,184.81354486967683,184.80322995052114
160.0,6828068.414764336,7.523566567107512e-06,51.60000000000049,0.0,185.13412452927503,185.12376864848858
170.0,6828064.125988528,7.992646004934993e-06,51.60000000000057,0.0,185.45470297417558,185.44430857080044
180.0,6828059.83720135,8.461476906329763e-06,51.600000000000605,0.0,185.7752803419698,185.76484958110504
190.0,6828055.548404363,8.930044421883324e-06,51.60000000000053,0.0,186.095856755482,186.08539155789265
200.0,6828051.259598911,9.398333739047127e-06,51.60000000000058,0.0,186.4164323061005,186.4059344111627
210.0,6828046.970786111,9.866330073670673e-06,51.60000000000064,0.0,186.73700709500105,186.7264780412016
220.0,6828042.681966848,1.0334018679819294e-05,51.600000000000584,0.0,187.0575812014472,187.04702237028252
230.0,6828038.3931420045,1.0801384820832823e-05,51.60000000000066,0.0,187.3781546756335,187.3675673498197
240.0,6828034.104312331,1.1268413784426651e-05,51.60000000000087,0.0,187.6987275762323,187.68811292282388
250.0,6828029.815478397,1.1735090887306689e-05,51.60000000000088,0.0,188.019299960607,188.0086590336878
260.0,6828025.526640746,1.2201401465312575e-05,51.600000000000904,0.0,188.33987187313124,188.3292056398663
270.0,6828021.23779994,1.2667330856935291e-05,51.600000000000875,0.0,188.66044334306295,188.64975271400357
280.0,6828016.948956329,1.3132864437616778e-05,51.600000000000804,0.0,188.98101441417313,188.97030021430234
290.0,6828012.660110333,1.3597987587875913e-05,51.60000000000087,0.0,189.3015851237787,189.29084810549236
300.0,6828008.371262315,1.406268571362735e-05,51.60000000000094,0.0,189.62215548540004,189.61139637617106
310.0,6828004.082412603,1.4526944228890374e-05,51.600000000000925,0.0,189.94272553162438,189.93194499594148
320.0,6827999.793561427,1.4990748577526274e-05,51.6000000000009,0.0,190.26329527488053,190.25249395463615
330.0,6827995.5047090575,1.5454084209112077e-05,51.600000000000904,0.0,190.58386474724597,190.57304322250974
340.0,6827991.21585571,1.591693659671437e-05,51.60000000000092,0.0,190.90443396797602,190.89359278271084
350.0,6827986.92700161,1.6379291225170546e-05,51.60000000000088,0.0,191.22500295524452,191.21414261953873
360.0,6827982.638146889,1.684113361044564e-05,51.60000000000081,0.0,191.54557173233144,191.53469271225816
370.0,6827978.349291817,1.730244926472819e-05,51.600000000000705,0.0,191.86614029342257,191.85524306929725
380.0,6827974.060436402,1.776322374407963e-05,51.60000000000071,0.0,192.1867086775953,192.17579365426212
390.0,6827969.771580897,1.822344259921066e-05,51.60000000000073,0.0,192.50727687445095,192.49634448030426
400.0,6827965.482725352,1.868309141510901e-05,51.60000000000071,0.0,192.82784491998632,192.8168955142488
410.0,6827961.193869892,1.9142155790565507e-05,51.60000000000083,0.0,193.14841281489365,193.13744675829366
420.0,6827956.905014606,1.9600621348206968e-05,51.60000000000081,0.0,193.46898056515073,193.4579982094195
430.0,6827952.616159625,2.0058473716980356e-05,51.6000000000007,0.0,193.7895481884061,193.77854985300448
440.0,6827948.327305037,2.0515698560736572e-05,51.600000000000705,0.0,194.11011568765403,194.09910168914786
450.0,6827944.038450911,2.0972281553636503e-05,51.60000000000075,0.0,194.4306830729916,194.41965371091322
460.0,6827939.749597262,2.142820840411205e-05,51.60000000000067,0.0,194.75125035899944,194.7402059069477
470.0,6827935.460744257,2.1883464821867083e-05,51.60000000000065,0.0,195.07181754187184,195.06075828435053
480.0,6827931.1718918495,2.2338036556976544e-05,51.60000000000058,0.0,195.39238464543573,195.38131082265463
490.0,6827926.883040162,2.2791909369573986e-05,51.60000000000059,0.0,195.71295166346002,195.70186353151604
500.0,6827922.594189195,2.3245069048111794e-05,51.600000000000634,0.0,196.03351861804688,196.02241639232258
510.0,6827918.305338945,2.3697501410342368e-05,51.600000000000556,0.0,196.35408551352143,196.34296940430377
520.0,6827914.016489565,2.4149192275076264e-05,51.60000000000053,0.0,196.6746523359337,196.66352258502812
530.0,6827909.727640964,2.4600127512596153e-05,51.60000000000047,0.0,196.99521911773502,196.98407590572685
540.0,6827905.438793274,2.5050292990374603e-05,51.600000000000456,0.0,197.31578584190675,197.30462938716408
550.0,6827901.14994645,2.549967462048534e-05,51.60000000000038,0.0,197.63635253508008,197.62518300651695
560.0,6827896.861100571,2.5948258330072072e-05,51.60000000000043,0.0,197.95691919334175,197.94573677156907
570.0,6827892.572255609,2.6396030076372148e-05,51.60000000000037,0.0,198.27748582120367,198.26629068174108
580.0,6827888.28341158,2.6842975839396774e-05,51.60000000000049,0.0,198.5980524344359,198.58684472525655
590.0,6827883.994568532,2.7289081622437266e-05,51.60000000000051,0.0,198.91861902650086,198.90739891270735
600.0,6827879.705726405,2.7734333468509376e-05,51.60000000000047,0.0,199.23918560734649,199.2279532382601
610.0,6827875.416885271,2.817871742996757e-05,51.60000000000049,360.0,199.55975218197457,199.54850770108754
620.0,6827871.12804506,2.862221960170727e-05,51.60000000000046,360.0,199.880318751002,199.86906230480653
630.0,6827866.839205866,2.906482608947715e-05,51.600000000000456,360.0,200.20088532243213,200.1896170457059
640.0,6827862.550367599,2.9506523047971022e-05,51.60000000000044,360.0,200.52145191034379,200.51017191405745
650.0,6827858.26153038,2.9947296638219203e-05,51.600000000000406,360.0,200.84201850000142,200.83072692900475
660.0,6827853.972694055,3.0387133073614132e-05,51.600000000000406,360.0,201.1625851061427,201.15128208027545
670.0,6827849.683858747,3.082601857633305e-05,51.600000000000406,360.0,201.48315173082804,201.4718373703305
680.0,6827845.395024301,3.126393941530894e-05,51.60000000000044,360.0,201.80371839051318,201.79239278729239
690.0,6827841.106190835,3.1700881874494685e-05,51.600000000000406,360.0,202.12428507258988,202.1129483484022
700.0,6827836.817358264,3.213683228190065e-05,51.60000000000047,360.0,202.44485179198406,202.4335040434218
710.0,6827832.528526545,3.257177698959779e-05,51.6000000000005,360.0,202.76541856317613,202.75405986261342
720.0,6827828.2396957325,3.300570238349108e-05,51.60000000000047,360.0,203.08598537015692,203.07461582678098
730.0,6827823.950865803,3.3438594876651134e-05,51.60000000000052,360.0,203.4065522201228,203.39517193357742
740.0,6827819.662036732,3.387044092160087e-05,51.60000000000046,360.0,203.7271191202867,203.7157281806907
750.0,6827815.37320845,3.430122699971378e-05,51.60000000000043,360.0,204.0476860797838,204.03628456393852
760.0,6827811.084380955,3.473093962712638e-05,51.600000000000456,360.0,204.36825310641333,204.3568410805262
770.0,6827806.795554246,3.515956535306845e-05,51.60000000000054,360.0,204.6888201919048,204.67739774377853
780.0,6827802.506728289,3.558709076000296e-05,51.60000000000051,360.0,205.00938734617577,204.99795454888218
790.0,6827798.2179030245,3.601350247012972e-05,51.60000000000055,360.0,205.32995457143141,205.31851149878597
800.0,6827793.9290785175,3.6438787125998955e-05,51.600000000000534,360.0,205.6505218681241,205.63906859824002
810.0,6827789.640254593,3.686293142852101e-05,51.60000000000055,360.0,205.97108925412238,205.95962583462685
820.0,6827785.351431352,3.7285922089507234e-05,51.600000000000556,360.0,206.2916567242613,206.28018321840878
830.0,6827781.0626086695,3.770774588192936e-05,51.60000000000058,360.0,206.61222428166207,206.60074075180847
840.0,6827776.773786518,3.8128389597167846e-05,51.60000000000049,360.0,206.93279193411763,206.9212984324243
850.0,6827772.484964974,3.854784005926833e-05,51.60000000000055,360.0,207.25335967902745,207.2418562682923
860.0,6827768.196143842,3.896608415497463e-05,51.60000000000046,360.0,207.5739275261588,207.56241425512525
870.0,6827763.907323206,3.938310878273317e-05,51.60000000000051,360.0,207.89449547678547,207.88297239717411
880.0,6827759.618502985,3.979890089119705e-05,51.60000000000046,360.0,208.21506354047935,208.20353069043466
890.0,6827755.329683121,4.0213447469327795e-05,51.60000000000042,360.0,208.53563171460053,208.5240891431566
900.0,6827751.040863579,4.062673554208858e-05,51.60000000000047,360.0,208.85620000837693,208.84464775176446
910.0,6827746.75204425,4.103875217645131e-05,51.60000000000044,360.0,209.17676843098317,209.1652065127768
920.0,6827742.463225229,4.1449484466641895e-05,51.60000000000038,360.0,209.49733697522228,209.48576543912418
930.0,6827738.174406414,4.185891956201031e-05,51.60000000000044,360.0,209.8179056445008,209.80632453317344
940.0,6827733.885587737,4.2267044648750185e-05,51.60000000000038,360.0,210.1384744542768,210.12688378527884
950.0,6827729.5967691615,4.267384695286992e-05,51.60000000000044,360.0,210.4590434024053,210.4474432034363
960.0,6827725.307950608,4.3079313743061674e-05,51.600000000000406,360.0,210.7796124940819,210.7680027883383
970.0,6827721.019132014,4.348343233016236e-05,51.60000000000035,360.0,211.10018173758894,211.0885625376277
980.0,6827716.7303133905,4.388619005997075e-05,51.60000000000046,360.0,211.42075113469556,211.4091224554964
990.0,6827712.441494546,4.428757434001975e-05,51.60000000000052,360.0,211.74132069885056,211.72968253449167
1000.0,6827708.152675513,4.4687572598724506e-05,51.60000000000052,360.0,212.06189042435665,212.05024278634204
1010.0,6827703.863856251,4.5086172314779675e-05,51.60000000000067,360.0,212.3824603196568,212.3708032086699
1020.0,6827699.575036668,4.548336101736056e-05,51.60000000000075,360.0,212.70303038512077,212.69136380720258
1030.0,6827695.2862167405,4.587912627070446e-05,51.600000000000804,360.0,213.0236006265125,213.01192458230682
1040.0,6827690.997396319,4.627345569631302e-05,51.600000000000776,360.0,213.34417105473855,213.3324855292374
1050.0,6827686.708575394,4.6666336946899185e-05,51.60000000000087,360.0,213.66474167443513,213.65304664955153
1060.0,6827682.419753814,4.705775773601805e-05,51.60000000000079,360.0,213.9853124928456,213.9736079422268
1070.0,6827678.1309315385,4.744770580784831e-05,51.60000000000076,360.0,214.30588351423947,214.29416940924642
1080.0,6827673.84210848,4.7836168961046076e-05,51.600000000000776,360.0,214.62645474089237,214.61473105461448
1090.0,6827669.553284596,4.822313503621064e-05,51.60000000000079,360.0,214.9470261794864,214.93529287795707
1100.0,6827665.2644596705,4.8608591934932764e-05,51.60000000000085,360.0,215.26759784888222,215.255854866748
1110.0,6827660.9756336445,4.8992527592158886e-05,51.60000000000076,360.0,215.58816974738022,215.5764170290471
1120.0,6827656.6868064515,4.9374929989489896e-05,51.60000000000073,360.0,215.90874188274262,215.89697936347858
1130.0,6827652.397978009,4.975578716041616e-05,51.600000000000634,360.0,216.22931426106325,216.2175418703585
1140.0,6827648.109148082,5.013508719848813e-05,51.60000000000059,360.0,216.5498868996367,216.53810453882647
1150.0,6827643.820316585,5.051281823459276e-05,51.600000000000534,360.0,216.87045980501745,216.85866736878515
1160.0,6827639.531483384,5.088896845053559e-05,51.60000000000057,360.0,217.19103298209686,217.17923036182145
1170.0,6827635.242648341,5.126352607822001e-05,51.60000000000051,360.0,217.5116064445575,217.49979351075356
1180.0,6827630.953811193,5.163647941077365e-05,51.600000000000456,360.0,217.83218020859763,217.82035680590377
1190.0,6827626.66497178,5.200781678306051e-05,51.6000000000004,360.0,218.1527542858265,218.1409202422032
1200.0,6827622.376129895,5.237752658373367e-05,51.60000000000035,360.0,218.4733286926694,218.461483809785
1210.0,6827618.087285309,5.274559725245887e-05,51.600000000000435,360.0,218.79390344174917,218.78204750260338
1220.0,6827613.798437716,5.311201728760487e-05,51.60000000000039,360.0,219.11447855459542,219.1026113057233
1230.0,6827609.509586772,5.347677524383465e-05,51.6000000000004,360.0,219.43505405673196,219.42317520023087
1240.0,6827605.220732151,5.3839859723047924e-05,51.60000000000043,360.0,219.75562996789728,219.74373917301313
1250.0,6827600.931873481,5.420125938556988e-05,51.60000000000035,360.0,220.0762063172836,220.06430320151958
1260.0,6827596.6430101665,5.4560962962411206e-05,51.6000000000004,360.0,220.3967831437248,220.3848672535703
1270.0,6827592.354141608,5.491895923718338e-05,51.60000000000044,360.0,220.71736048993458,220.7054312931185
1280.0,6827588.065267016,5.527523705962988e-05,51.60000000000051,360.0,221.03793841061213,221.0259952721451
1290.0,6827583.776385573,5.5629785340184064e-05,51.60000000000047,360.0,221.35851696391296,221.34655913918516
1300.0,6827579.48749609,5.598259306852422e-05,51.600000000000584,360.0,221.67909623405393,221.66712281672346
1310.0,6827575.198596993,5.6333649319951794e-05,51.60000000000075,360.0,221.9996763298728,221.98768620263337
1320.0,6827570.9096864555,5.668294324713756e-05,51.600000000000804,360.0,222.32025738167928,222.30824917332495
1330.0,6827566.620761538,5.70304641453151e-05,51.60000000000072,360.0,222.64083960208882,222.62881152291058
1340.0,6827562.331818404,5.737620143327385e-05,51.60000000000078,360.0,222.96142326450789,222.94937298471868
1350.0,6827558.042851149,5.772014474919505e-05,51.6000000000007,360.0,223.2820087942567,223.26993314017048
1360.0,6827553.753850157,5.806228407870581e-05,51.60000000000064,360.0,223.6025968869159,223.59049130043215
1370.0,6827549.464798341,5.840261005254266e-05,51.60000000000043,360.0,223.92318879007522,223.91104622466517
1380.0,6827545.175660286,5.8741114788862286e-05,51.60000000000047,360.0,224.24378709689205,224.23159532646733
1390.0,6827540.886340405,5.9077795163931204e-05,51.600000000000485,360.0,224.56439885170096,224.5521315682616
1400.0,6827536.59632209,5.9412680913624184e-05,51.60000000000047,360.0,224.88506238498184,224.87261662632855
1410.0,6827532.307472208,5.9745616796163086e-05,51.60000000000044,360.0,225.20563751963175,225.1931906845322
1420.0,6827528.019304864,6.0076629008028476e-05,51.60000000000052,360.0,225.52616279100891,225.51381521427666
1430.0,6827523.730811943,6.040578582140788e-05,51.60000000000071,360.0,225.84671297762762,225.8344154438082
1440.0,6827519.442210595,6.0733060137592195e-05,51.60000000000093,360.0,226.167271688932,226.15500777044286
1450.0,6827515.153553634,6.105843763869352e-05,51.60000000000095,360.0,226.48783491377213,226.47559621208805
1460.0,6827510.864862402,6.138190648966549e-05,51.60000000000098,360.0,226.8084010165002,226.79618241114704
1470.0,6827506.576147622,6.170345573792274e-05,51.60000000000083,360.0,227.12896917295907,227.116767198527
1480.0,6827502.287415431,6.202307483691637e-05,51.60000000000085,360.0,227.44953890349154,227.43735106063136
1490.0,6827497.998669674,6.23407534878922e-05,51.60000000000085,360.0,227.77010991210614,227.75793430019252
1500.0,6827493.709912841,6.265648154821048e-05,51.60000000000105,360.0,228.09068200189577,228.078517120852
1510.0,6827489.421146659,6.297024899489068e-05,51.60000000000095,360.0,228.41125503461848,228.39909966757818
1520.0,6827485.132372649,6.328204588094346e-05,51.60000000000097,360.0,228.73182888774227,228.7196820696222
1530.0,6827480.843591659,6.359186237830122e-05,51.60000000000094,360.0,229.05240349443562,229.04026440052561
1540.0,6827476.554804373,6.389968872818933e-05,51.60000000000093,360.0,229.37297879899072,229.36084672269638
1550.0,6827472.266011376,6.420551524307623e-05,51.60000000000094,360.0,229.6935547517372,229.68142909249434
1560.0,6827467.977213148,6.450933230663359e-05,51.600000000000996,360.0,230.01413131534093,230.002011553932
1570.0,6827463.688409967,6.481113037601386e-05,51.60000000000096,360.0,230.33470846342001,230.32259414005733
1580.0,6827459.399602167,6.511089997379149e-05,51.60000000000111,360.0,230.65528616927892,230.64317688421866
1590.0,6827455.110789973,6.540863168918713e-05,51.60000000000113,360.0,230.97586441154047,230.96375981443177
1600.0,6827450.821973535,6.570431618242396e-05,51.600000000001074,360.0,231.296443176976,231.28434295054961
1610.0,6827446.533153085,6.599794417333492e-05,51.60000000000106,360.0,231.61702244581213,231.6049263189543
1620.0,6827442.244328705,6.62895064541756e-05,51.600000000001074,360.0,231.93760221091898,231.9255099333678
1630.0,6827437.955500508,6.657899388240434e-05,51.60000000000098,360.0,232.2581824620102,232.2460938106512
1640.0,6827433.666668568,6.686639738025466e-05,51.60000000000093,360.0,232.57876318976417,232.56667796668313
1650.0,6827429.377832938,6.715170793831554e-05,51.60000000000095,360.0,232.8993443884393,232.88726241374306
1660.0,6827425.088993659,6.74349166141017e-05,51.60000000000099,360.0,233.2199260545432,233.20784716184133
1670.0,6827420.800150799,6.771601452548555e-05,51.600000000000826,360.0,233.5405081814329,233.52843222411937
1680.0,6827416.511304401,6.799499286337298e-05,51.60000000000086,360.0,233.86109076353017,233.84901761263097
1690.0,6827412.222454454,6.827184288486557e-05,51.60000000000085,360.0,234.18167380148833,234.169603333177
1700.0,6827407.93360106,6.85465559067871e-05,51.60000000000087,360.0,234.5022572850226,234.49018940247413
1710.0,6827403.644744164,6.881912332198779e-05,51.60000000000081,360.0,234.8228412166387,234.81077582442424
1720.0,6827399.355883819,6.908953658827365e-05,51.600000000000755,360.0,235.14342559150558,235.13136261024027
1730.0,6827395.067020022,6.935778722737677e-05,51.60000000000069,360.0,235.4640104090588,235.45194976684508
1740.0,6827390.7781527275,6.96238668374562e-05,51.60000000000078,360.0,235.7845956717044,235.77253729816388
1750.0,6827386.489281921,6.988776708024155e-05,51.60000000000082,360.0,236.10518137880624,236.09312521113736
1760.0,6827382.2004076075,7.014947968107121e-05,51.60000000000088,360.0,236.42576752943307,236.4137135129734
1770.0,6827377.91152987,7.040899643532324e-05,51.60000000000079,360.0,236.7463541160486,236.73430221745636
1780.0,6827373.622648595,7.066630921591278e-05,51.60000000000083,360.0,237.06694114589666,237.05489132356138
1790.0,6827369.333763917,7.092140994454141e-05,51.60000000000079,360.0,237.38752860825014,237.37548084820466
1800.0,6827365.04487559,7.117429064566573e-05,51.60000000000075,360.0,237.7081165191252,237.69607078152788
1810.0,6827360.755983789,7.142494338003185e-05,51.60000000000069,360.0,238.0287048675889,238.01666114059034
1820.0,6827356.467088431,7.167336029514916e-05,51.60000000000061,360.0,238.3492936569353,238.33725192819168
1830.0,6827352.1781895375,7.191953360192512e-05,51.600000000000605,360.0,238.66988288508023,238.65784315247677
1840.0,6827347.889287039,7.216345558800446e-05,51.60000000000065,360.0,238.99047255568024,238.9784348158156
1850.0,6827343.600380929,7.240511860859794e-05,51.60000000000071,360.0,239.31106266972773,239.29902692320906
1860.0,6827339.311471236,7.26445150873146e-05,51.60000000000068,360.0,239.6316532224717,239.61961948536415
1870.0,6827335.02255786,7.28816375211301e-05,51.6000000000006,360.0,239.95224422045203,239.94021250166128
1880.0,6827330.733640835,7.311647847784741e-05,51.60000000000053,360.0,240.27283566261025,240.26080597904263
1890.0,6827326.444720146,7.334903058976986e-05,51.60000000000058,360.0,240.59342754838772,240.58139992391364
1900.0,6827322.155795712,7.357928657565849e-05,51.6000000000006,360.0,240.9140198829317,240.90199433693408
1910.0,6827317.866867537,7.380723921212097e-05,51.60000000000055,360.0,241.23461266530072,241.22258922481402
1920.0,6827313.577935647,7.403288135451457e-05,51.60000000000053,360.0,241.55520589160227,241.54318459717484
1930.0,6827309.28900001,7.425620592377197e-05,51.60000000000049,360.0,241.8757995661863,241.86378045535432
1940.0,6827305.000060537,7.447720593149446e-05,51.60000000000049,360.0,242.19639369352137,242.18437680053097
1950.0,6827300.711117325,7.469587443270844e-05,51.60000000000053,360.0,242.5169882654971,242.50497364642013
1960.0,6827296.422170255,7.49122045846781e-05,51.600000000000485,360.0,242.83758329009234,242.82557099060529
1970.0,6827292.133219317,7.512618960083214e-05,51.6000000000006,360.0,243.1581787677166,243.14616883819596
1980.0,6827287.844264543,7.533782276572588e-05,51.60000000000051,360.0,243.4787746972233,243.46676719581325
1990.0,6827283.555305865,7.55470974518489e-05,51.600000000000584,360.0,243.79937108124233,243.78736606625728
2000.0,6827279.266343291,7.575400709003257e-05,51.60000000000051,360.0,244.11996791933845,244.1079654553485
2010.0,6827274.977376779,7.5958545196521e-05,51.60000000000049,360.0,244.44056521236774,244.42856536756847
2020.0,6827270.688406323,7.616070535406358e-05,51.60000000000054,360.0,244.76116296112795,244.74916580741223
2030.0,6827266.399431939,7.636048122329042e-05,51.600000000000534,360.0,245.08176116366934,245.06976678207317
2040.0,6827262.110453543,7.655786654295503e-05,51.60000000000051,360.0,245.40235982755559,245.39036828918427
2050.0,6827257.821471152,7.675285512249518e-05,51.600000000000485,360.0,245.72295894749215,245.71097033918687
2060.0,6827253.532484777,7.694544083961763e-05,51.600000000000406,360.0,246.04355852582339,246.03157293483548
2070.0,6827249.243494359,7.713561766071501e-05,51.60000000000042,360.0,246.36415856458473,246.35217607914234
2080.0,6827244.954499926,7.732337961389459e-05,51.600000000000406,360.0,246.68475906164213,246.6727797792395
2090.0,6827240.665501402,7.750872081697583e-05,51.6000000000004,360.0,247.00536002012083,246.99338403694773
2100.0,6827236.376498832,7.769163545100204e-05,51.60000000000037,360.0,247.32596143928953,247.3139888578924
2110.0,6827232.087492187,7.7872117781012e-05,51.60000000000048,360.0,247.64656331901455,247.63459424704902
2120.0,6827227.798481424,7.805016214224445e-05,51.60000000000059,360.0,247.96716566308856,247.95520020541437
2130.0,6827223.50946656,7.822576295383371e-05,51.60000000000066,360.0,248.28776846771132,248.27580674152213
2140.0,6827219.220447622,7.839891469613503e-05,51.60000000000066,360.0,248.6083717319944,248.59641386094262
2150.0,6827214.9314246,7.856961194195227e-05,51.600000000000634,360.0,248.9289754572043,248.91702156703502
2160.0,6827210.642397498,7.87378493341841e-05,51.60000000000071,360.0,249.24957964035366,249.2376298673559
2170.0,6827206.353366224,7.890362159795956e-05,51.60000000000065,360.0,249.5701842889789,249.55823875888365
2180.0,6827202.064330886,7.906692352296191e-05,51.600000000000755,360.0,249.8907893952338,249.87884825392186
2190.0,6827197.775291454,7.922774998626385e-05,51.60000000000081,360.0,250.21139496030852,250.19945835568117
2200.0,6827193.486247889,7.938609594029755e-05,51.60000000000075,360.0,250.53200098748428,250.52006906522217
2210.0,6827189.197200246,7.954195641240113e-05,51.600000000000726,360.0,250.85260747231254,250.84068039127914
2220.0,6827184.908148432,7.969532652262255e-05,51.600000000000755,360.0,251.17321442045503,251.16129233241526
2230.0,6827180.619092573,7.984620144526559e-05,51.60000000000077,360.0,251.4938218205767,251.48190490413177
2240.0,6827176.33003264,7.999457644336583e-05,51.60000000000066,360.0,251.81442967801735,251.8025181051957
2250.0,6827172.040968662,8.014044686055677e-05,51.600000000000755,360.0,252.13503798687847,252.1231319455513
2260.0,6827167.75190067,8.028380811551997e-05,51.600000000000776,360.0,252.4556467465878,252.4437464297555
2270.0,6827163.462828584,8.042465570628187e-05,51.60000000000075,360.0,252.7762559626971,252.76436155618072
2280.0,6827159.173752497,8.056298521365738e-05,51.600000000000726,360.0,253.09686562711656,253.08497733677976
2290.0,6827154.884672483,8.06987922861461e-05,51.60000000000069,360.0,253.41747573521207,253.40559377998454
2300.0,6827150.59558844,8.083207266528616e-05,51.600000000000705,360.0,253.73808629283081,253.72621088368507
2310.0,6827146.306500507,8.096282216040249e-05,51.60000000000068,360.0,254.0586972898097,254.04682866171706
2320.0,6827142.017408677,8.109103666375309e-05,51.60000000000068,360.0,254.37930872640263,254.36744711743745
2330.0,6827137.728312965,8.121671214771951e-05,51.600000000000634,360.0,254.69992060300825,254.68806625399245
2340.0,6827133.439213466,8.133984466417036e-05,51.600000000000634,360.0,255.02053290974519,255.0086860847451
2350.0,6827129.150110193,8.146043034631148e-05,51.600000000000655,360.0,255.3411456446162,255.32930661510716
2360.0,6827124.8610031875,8.157846539865714e-05,51.600000000000705,360.0,255.6617588074701,255.64992784857978
2370.0,6827120.571892508,8.16939461169658e-05,51.60000000000066,360.0,255.98237238907492,255.9705497976803
2380.0,6827116.282778345,8.180686886415836e-05,51.600000000000634,360.0,256.3029863793267,256.29117247573
2390.0,6827111.993660661,8.191723009175452e-05,51.60000000000059,360.0,256.62360077950564,256.61179588459987
2400.0,6827107.704539545,8.202502633343603e-05,51.60000000000071,360.0,256.94421558140215,256.93242003558277
2410.0,6827103.415415038,8.213025419952727e-05,51.60000000000064,360.0,257.2648307833801,257.253044933331
2420.0,6827099.126287287,8.223291037665473e-05,51.600000000000534,360.0,257.5854463726964,257.57367059353663
2430.0,6827094.837156472,8.233299163206307e-05,51.600000000000584,360.0,257.9060623377385,257.8942970306929
2440.0,6827090.548022578,8.243049482216081e-05,51.6000000000005,360.0,258.22667867822923,258.2149242478873
2450.0,6827086.25888581,8.252541687741704e-05,51.600000000000485,360.0,258.5472953789775,258.53555226305406
2460.0,6827081.969746268,8.261775480859541e-05,51.60000000000039,360.0,258.8679124324281,258.85618108642126
2470.0,6827077.68060417,8.270750570741291e-05,51.600000000000335,360.0,259.18852982319976,259.17681073597373
2480.0,6827073.391459656,8.279466675357808e-05,51.60000000000031,360.0,259.5091475370992,259.4974412284386
2490.0,6827069.102312858,8.287923519943697e-05,51.60000000000035,360.0,259.8297655658974,259.8180725745066
2500.0,6827064.813164085,8.296120837804483e-05,51.60000000000035,360.0,260.1503838870828,260.1387047990829
2510.0,6827060.5240135025,8.3040583708843e-05,51.60000000000028,360.0,260.4710024866462,260.4593379184979
2520.0,6827056.234861429,8.311735868678258e-05,51.60000000000028,360.0,260.7916213429687,260.7799719566204
2530.0,6827051.94570813,8.319153089373416e-05,51.60000000000044,360.0,261.1122404341402,261.10060693753957
2540.0,6827047.65655393,8.326309798937088e-05,51.60000000000034,360.0,261.43285973659164,261.42124288693185
2550.0,6827043.3673991915,8.333205771503808e-05,51.60000000000037,360.0,261.7534792247345,261.74187983242047
2560.0,6827039.078244332,8.339840789271948e-05,51.60000000000037,360.0,262.07409886471515,262.062517809821
2570.0,6827034.789089735,8.346214642977371e-05,51.60000000000032,360.0,262.3947186270437,262.3831568505135
2580.0,6827030.499936063,8.352327130895015e-05,51.60000000000034,360.0,262.71533846495157,262.70379700308445
2590.0,6827026.210783816,8.358178059932248e-05,51.600000000000406,360.0,263.0359583403189,263.0244383073973
2600.0,6827021.921633699,8.36376724491992e-05,51.60000000000049,360.0,263.356578197749,263.34508082051997
2610.0,6827017.632486521,8.369094508978209e-05,51.60000000000046,360.0,263.6771979773492,263.6657246039432
2620.0,6827013.343343149,8.374159683109016e-05,51.60000000000048,360.0,263.997817617956,263.98636972035314
2630.0,6827009.054204773,8.37896260653411e-05,51.6000000000006,360.0,264.3184370273063,264.3070162634637
2640.0,6827004.765072549,8.383503126872665e-05,51.600000000000605,360.0,264.6390561188082,264.6276643212427
2650.0,6827000.475947997,8.387781099597979e-05,51.60000000000054,360.0,264.95967478099215,264.9483140064606
2660.0,6826996.186832898,8.391796388300853e-05,51.60000000000054,360.0,265.2802928794459,265.268965454758
2670.0,6826991.897729378,8.395548864984538e-05,51.60000000000055,360.0,265.60091025553254,265.58961882592456
2680.0,6826987.60864013,8.399038409431756e-05,51.600000000000456,360.0,265.921526705902,265.9102743243883
2690.0,6826983.319568522,8.402264909506947e-05,51.60000000000035,360.0,266.24214198148684,266.23093220021957
2700.0,6826979.030518797,8.405228261157255e-05,51.60000000000053,360.0,266.5627557644417,266.5515927721932
2710.0,6826974.741496287,8.4079283682852e-05,51.600000000000534,360.0,266.8833676562397,266.8722564396897
2720.0,6826970.4525082465,8.410365142562064e-05,51.6000000000006,360.0,267.20397711352257,267.19292374684505
2730.0,6826966.16356469,8.412538503332192e-05,51.600000000000776,360.0,267.52458339010207,267.5135954405506
2740.0,6826961.874679519,8.414448377707434e-05,51.600000000000996,360.0,267.84518544509064,267.8342725623213
2750.0,6826957.585873537,8.416094699816505e-05,51.60000000000084,360.0,268.16578172184796,268.1549566693499
2760.0,6826953.297179736,8.417477410342883e-05,51.60000000000097,360.0,268.4863697571696,268.47565022531774
2770.0,6826949.008654559,8.418596455755027e-05,51.60000000000095,360.0,268.80694533120237,268.7963574504798
2780.0,6826944.720408359,8.419451785740758e-05,51.60000000000102,360.0,269.1275001934837,269.1170865956231
2790.0,6826940.432706856,8.42004334765328e-05,51.60000000000116,360.0,269.4480144824047,269.43785752260806
2800.0,6826936.1465546405,8.420371064661831e-05,51.60000000000111,360.0,269.76841310279787,269.7587453267735
2810.0,6826931.886359461,8.420434236436422e-05,51.600000000001074,360.0,270.0868715226889,270.08157454019386
2820.0,6826927.590864657,8.420232838884737e-05,51.600000000000996,360.0,270.4079688091257,270.40176609584495
2830.0,6826923.299129666,8.419767947342595e-05,51.60000000000079,360.0,270.7287851835968,270.7222397721837
2840.0,6826919.008229969,8.419039468154982e-05,51.60000000000095,360.0,271.04953926500343,271.04277695017987
2850.0,6826914.717707221,8.418047387795953e-05,51.60000000000094,360.0,271.3702653108514,271.3633433721234
2860.0,6826910.42739846,8.416791717975097e-05,51.600000000001074,360.0,271.6909755058913,271.6839268529826
2870.0,6826906.1372267995,8.415272485674366e-05,51.600000000001195,360.0,272.01167559747046,272.00452164505487
2880.0,6826901.847149584,8.413489729685468e-05,51.600000000001344,360.0,272.33236877487417,272.3251245586223
2890.0,6826897.557140797,8.41144349891977e-05,51.60000000000128,360.0,272.65305698146204,272.64573364982
2900.0,6826893.267183434,8.409133852036612e-05,51.600000000001195,360.0,272.9737414912818,272.96634764401574
2910.0,6826888.977265718,8.406560856833473e-05,51.60000000000117,360.0,273.2944231832958,273.28696566159056
2920.0,6826884.687379068,8.403724589760773e-05,51.600000000001245,360.0,273.6151026984745,273.6075870608396
2930.0,6826880.397517216,8.400625136222824e-05,51.60000000000126,360.0,273.9357805067479,273.92821137102504
2940.0,6826876.107675392,8.397262590084743e-05,51.600000000001394,360.0,274.25645696541375,274.24883823396567
2950.0,6826871.817849749,8.39363705366472e-05,51.6000000000015,360.0,274.5771323581745,274.5694673649998
2960.0,6826867.528037264,8.389748637792281e-05,51.600000000001465,360.0,274.8978069166502,274.890098531475
2970.0,6826863.238235545,8.385597461684489e-05,51.600000000001565,360.0,275.21848081758463,275.21073155553887
2980.0,6826858.948442537,8.381183652887345e-05,51.6000000000016,360.0,275.53915421373983,275.53136628324614
2990.0,6826854.6586566605,8.376507347537164e-05,51.60000000000138,360.0,275.85982722592576,275.85200259252883
3000.0,6826850.368876477,8.371568689664603e-05,51.600000000001195,360.0,276.1804999602967,276.1726403759016
3010.0,6826846.079100827,8.366367831883669e-05,51.600000000001195,360.0,276.5011725020281,276.49327954678404
3020.0,6826841.789328742,8.360904935220125e-05,51.60000000000111,360.0,276.82184492836353,276.81392002645157
3030.0,6826837.499559282,8.35518016858684e-05,51.60000000000114,360.0,277.1425173060559,277.1345617465978
3040.0,6826833.209791783,8.349193709464291e-05,51.60000000000125,360.0,277.4631896871645,277.45520465353655
3050.0,6826828.9200255545,8.342945743552733e-05,51.600000000001074,360.0,277.78386212441717,277.7758486928394
3060.0,6826824.630260032,8.336436464465594e-05,51.60000000000113,360.0,278.1045346581244,278.0964938224213
3070.0,6826820.340494699,8.329666074359333e-05,51.60000000000117,360.0,278.42520732575616,278.417140002966
3080.0,6826816.050729068,8.322634783281403e-05,51.60000000000115,360.0,278.74588016637546,278.7377871934916
3090.0,6826811.760962757,8.315342809650259e-05,51.600000000001195,360.0,279.06655320892247,279.05843536306526
3100.0,6826807.471195481,8.307790380776571e-05,51.600000000001224,360.0,279.3872264757719,279.3790844872479
3110.0,6826803.181426953,8.299977731289672e-05,51.600000000001074,360.0,279.7078999876133,279.699734543213
3120.0,6826798.891656736,8.29190510392634e-05,51.60000000000114,360.0,280.0285737776061,280.0203854955932
3130.0,6826794.601884703,8.283572750220065e-05,51.60000000000119,360.0,280.3492478582827,280.3410373295788
3140.0,6826790.312110634,8.274980929461945e-05,51.600000000001195,360.0,280.66992224320154,280.6616900292578
3150.0,6826786.022334319,8.266129909270186e-05,51.600000000001174,360.0,280.9905969515011,280.9823435730724
3160.0,6826781.7325554965,8.257019964861593e-05,51.60000000000125,360.0,281.31127199870923,281.30299794300174
3170.0,6826777.442774096,8.247651380653511e-05,51.60000000000119,360.0,281.63194739629114,281.6236531250187
3180.0,6826773.152989864,8.23802444805548e-05,51.60000000000111,360.0,281.95262315862567,281.9443091021117
3190.0,6826768.863202737,8.228139466997584e-05,51.60000000000101,360.0,282.273299293381,282.26496586391045
3200.0,6826764.573412557,8.217996745998131e-05,51.60000000000088,360.0,282.59397581169134,282.58562339651047
3210.0,6826760.283619197,8.207596600981269e-05,51.600000000000826,360.0,282.91465272614596,282.9062816844828
3220.0,6826755.993822607,8.196939356454695e-05,51.60000000000083,360.0,283.23533003895267,283.22694072270906
3230.0,6826751.704022624,8.186025344547468e-05,51.60000000000073,360.0,283.55600776321995,283.54760049510503
3240.0,6826747.414219191,8.174854905485158e-05,51.60000000000078,360.0,283.87668590323545,283.86826099433915
3250.0,6826743.124412281,8.163428388275853e-05,51.60000000000085,360.0,284.1973644616781,284.18892221461897
3260.0,6826738.834601728,8.151746148942563e-05,51.600000000000904,360.0,284.5180434516106,284.50958413970386
3270.0,6826734.544787543,8.139808552374539e-05,51.600000000000755,360.0,284.83872287325835,284.83024676612115
3280.0,6826730.254969654,8.127615970900227e-05,51.6000000000009,360.0,285.1594027326305,285.1509100845516
3290.0,6826725.96514793,8.115168784442879e-05,51.6000000000009,360.0,285.48008303879135,285.4715740825507
3300.0,6826721.675322427,8.102467382514198e-05,51.60000000000094,360.0,285.8007637911906,285.79223875722704
3310.0,6826717.385492981,8.089512160804823e-05,51.60000000000081,360.0,286.121444998649,286.112904096251
3320.0,6826713.095659676,8.076303524293372e-05,51.600000000000826,360.0,286.442126657627,286.433570099589
3330.0,6826708.805822472,8.062841885523694e-05,51.600000000000904,360.0,286.7628087721441,286.75423675958433
3340.0,6826704.515981265,8.04912766464157e-05,51.600000000000804,360.0,287.08349135289006,287.07490406184644
3350.0,6826700.226136083,8.035161290077637e-05,51.60000000000077,360.0,287.40417439610326,287.39557200637347
3360.0,6826695.936286817,8.020943197438342e-05,51.60000000000073,360.0,287.7248579090501,287.71624058207243
3370.0,6826691.646433569,8.006473830967498e-05,51.600000000000875,360.0,288.0455418859431,288.03690979084206
3380.0,6826687.356576238,7.991753642859133e-05,51.600000000000804,360.0,288.36622633435366,288.3575796211604
3390.0,6826683.066714866,7.976783093008011e-05,51.600000000000705,360.0,288.68691125421105,288.6782500690858
3400.0,6826678.776849381,7.961562648888116e-05,51.60000000000064,360.0,289.0075966500651,288.9989211259957
3410.0,6826674.4869797565,7.946092785989726e-05,51.60000000000063,360.0,289.32828252391704,289.3195927857573
3420.0,6826670.197106063,7.93037398773355e-05,51.60000000000065,360.0,289.6489688726717,289.6402650472722
3430.0,6826665.907228244,7.914406745442128e-05,51.60000000000075,360.0,289.9696557000767,289.9609379025414
3440.0,6826661.617346299,7.898191557909989e-05,51.60000000000082,360.0,290.2903430085819,290.2816113448052
3450.0,6826657.327460216,7.881728931540083e-05,51.60000000000079,360.0,290.61103079766104,290.60228537022056
3460.0,6826653.037570028,7.865019381594947e-05,51.60000000000082,360.0,290.93171906887704,290.92295997279837
3470.0,6826648.74767569,7.848063429672034e-05,51.600000000000804,360.0,291.2524078233225,291.24363514696296
3480.0,6826644.457777213,7.83086160587586e-05,51.60000000000076,360.0,291.5730970642899,291.5643108848823
3490.0,6826640.167874608,7.813414448260548e-05,51.60000000000072,360.0,291.89378678863704,291.88498718510266
3500.0,6826635.877967889,7.79572250179571e-05,51.600000000000705,360.0,292.2144769961653,292.2056640431721
3510.0,6826631.588057001,7.777786319217827e-05,51.600000000000726,360.0,292.5351676934218,292.5263414478385
3520.0,6826627.298142057,7.759606462526409e-05,51.60000000000073,360.0,292.85585887453254,292.847019400215
3530.0,6826623.008222999,7.741183499317097e-05,51.6000000000007,360.0,293.17655054289844,293.16769789208854
3540.0,6826618.718299855,7.722518005590883e-05,51.60000000000068,360.0,293.49724269851316,293.48837691859836
3550.0,6826614.428372648,7.703610565191948e-05,51.60000000000068,360.0,293.8179353406582,293.809056475544
3560.0,6826610.138441375,7.684461769148649e-05,51.60000000000066,360.0,294.13862846776664,294.1297365595232
3570.0,6826605.848506029,7.665072215934467e-05,51.60000000000067,360.0,294.4593220837582,294.4504171615938
3580.0,6826601.558566643,7.64544251248372e-05,51.60000000000059,360.0,294.7800161873036,294.7710982780141
3590.0,6826597.268623201,7.62557327204868e-05,51.60000000000054,360.0,295.10071077779287,295.09177990427173
3600.0,6826592.978675817,7.605465116876842e-05,51.60000000000052,360.0,295.42140585229976,295.4124620381214
3610.0,6826588.688724411,7.585118675540879e-05,51.60000000000054,360.0,295.74210141560286,295.7331446695663
3620.0,6826584.39876905,7.564534583784545e-05,51.600000000000584,360.0,296.06279746279876,296.0538277982418
3630.0,6826580.108809671,7.543713485871408e-05,51.600000000000556,360.0,296.3834940006284,296.37451141209215
3640.0,6826575.818846382,7.522656033347e-05,51.60000000000049,360.0,296.7041910229112,296.69519551193724
3650.0,6826571.5288790995,7.501362884085529e-05,51.6000000000005,360.0,297.02488853610373,297.0158800859131
3660.0,6826567.238907914,7.479834704879356e-05,51.60000000000061,360.0,297.34558653675253,297.3365651320209
3670.0,6826562.948932811,7.458072169011904e-05,51.60000000000055,360.0,297.66628502380905,297.65725064581216
3680.0,6826558.658953833,7.43607595705201e-05,51.600000000000534,360.0,297.9869839971615,297.9779366218583
3690.0,6826554.36897097,7.413846757353324e-05,51.60000000000058,360.0,298.30768345940953,298.2986230519754
3700.0,6826550.07898427,7.391385265337253e-05,51.60000000000044,360.0,298.628383407116,298.61930993397476
3710.0,6826545.7889937265,7.36869218323966e-05,51.600000000000485,360.0,298.94908384298526,298.93999725948356
3720.0,6826541.498999368,7.345768221994598e-05,51.60000000000042,360.0,299.26978476623066,299.2606850235793
3730.0,6826537.2090011835,7.322614097593068e-05,51.60000000000037,360.0,299.59048617865557,299.5813732187094
3740.0,6826532.918999246,7.299230535611825e-05,51.60000000000037,360.0,299.9111880780751,299.90206184126987
3750.0,6826528.628993505,7.275618267042309e-05,51.60000000000037,360.0,300.2318904681819,300.2227508817397
3760.0,6826524.338984038,7.251778030839599e-05,51.60000000000039,360.0,300.5525933433603,300.5434403398688
3770.0,6826520.048970834,7.227710573028023e-05,51.60000000000026,360.0,300.87329670634364,300.86413020702
3780.0,6826515.758953892,7.20341664654584e-05,51.600000000000286,360.0,301.19400056172225,301.1848204726624
3790.0,6826511.468933203,7.178897011576162e-05,51.60000000000034,360.0,301.51470491039464,301.50551112992275
3800.0,6826507.178908822,7.154152435336952e-05,51.60000000000037,360.0,301.83540974845766,301.82620217669154
3810.0,6826502.888880717,7.129183692184166e-05,51.60000000000031,360.0,302.1561150809651,302.14689360186986
3820.0,6826498.598848996,7.103991564051409e-05,51.60000000000042,360.0,302.476820902092,302.46758540520415
3830.0,6826494.308813591,7.078576838452938e-05,51.60000000000031,360.0,302.79752721855766,302.7882775738616
3840.0,6826490.018774494,7.052940310774962e-05,51.60000000000031,360.0,303.1182340322007,303.1089700998591
3850.0,6826485.728731752,7.027082783536756e-05,51.60000000000037,360.0,303.4389413423193,303.429662977724
3860.0,6826481.438685348,7.00100506587729e-05,51.60000000000035,360.0,303.75964915120574,303.75035619895664
3870.0,6826477.148635291,6.974707973834254e-05,51.60000000000034,360.0,304.0803574612239,304.0710497549569
3880.0,6826472.858581539,6.948192330205416e-05,51.60000000000028,360.0,304.40106627730813,304.3917436345252
3890.0,6826468.56852411,6.921458964483439e-05,51.60000000000031,360.0,304.72177559909863,304.71243783172787
3900.0,6826464.278463009,6.894508713801944e-05,51.600000000000286,360.0,305.04248543081644,305.03313233602205
3910.0,6826459.988398175,6.867342420949408e-05,51.600000000000264,360.0,305.363195777448,305.3538271360755
3920.0,6826455.698329627,6.839960936388244e-05,51.60000000000025,360.0,305.68390663932706,305.6745222251799
3930.0,6826451.408257337,6.81236511713601e-05,51.600000000000264,360.0,306.0046180228103,305.9952175905805
3940.0,6826447.118181242,6.784555825803371e-05,51.60000000000024,360.0,306.325329934128,306.3159132196241
3950.0,6826442.828101276,6.756533932512631e-05,51.600000000000286,360.0,306.6460423821237,306.63660909701946
3960.0,6826438.538017385,6.728300314215556e-05,51.60000000000031,360.0,306.9667553728363,306.95730521026076
3970.0,6826434.247929539,6.699855854381573e-05,51.60000000000025,360.0,307.28746891114207,307.2780015479795
3980.0,6826429.95783758,6.671201441791239e-05,51.60000000000032,360.0,307.6081830132821,307.59869808742303
3990.0,6826425.667741521,6.642337973783907e-05,51.60000000000038,360.0,307.9288976800623,307.9193948212534
4000.0,6826421.377641146,6.613266352312758e-05,51.60000000000022,360.0,308.24961293131224,308.24009172308973
4010.0,6826417.087536339,6.58398748644784e-05,51.60000000000017,360.0,308.5703287805915,308.5607887728024
4020.0,6826412.797426942,6.554502291663816e-05,51.60000000000021,360.0,308.89104524097945,308.88148595072414
4030.0,6826408.507312792,6.524811689555562e-05,51.60000000000026,360.0,309.21176233149026,309.2021832312348
4040.0,6826404.217193538,6.494916607153626e-05,51.600000000000264,360.0,309.5324800810607,309.52288057877826
4050.0,6826399.927069008,6.464817979069985e-05,51.60000000000031,360.0,309.8531985087735,309.8435779676363
4060.0,6826395.636938764,6.434516744247069e-05,51.60000000000028,360.0,310.1739176511317,310.16427535465317
4070.0,6826391.346802357,6.404013847753315e-05,51.60000000000031,360.0,310.49463754882447,310.4849726924767
4080.0,6826387.056659254,6.373310240720212e-05,51.600000000000456,360.0,310.81535824709687,310.80566992918415
4090.0,6826382.766508713,6.342406878870524e-05,51.60000000000054,360.0,311.1360798062011,311.12636699783565
4100.0,6826378.4763499,6.311304723488434e-05,51.600000000000634,360.0,311.45680229812007,311.44706381974714
4110.0,6826374.186181553,6.280004738885697e-05,51.600000000000655,360.0,311.7775258245571,311.76776028650596
4120.0,6826369.896002233,6.248507894031117e-05,51.60000000000066,360.0,312.0982505035627,312.0884562733416
4130.0,6826365.605809743,6.216815158436108e-05,51.60000000000053,360.0,312.418976512059,312.4091515966024
4140.0,6826361.315601342,6.184927503793493e-05,51.60000000000053,360.0,312.73970406574654,312.729846033854
4150.0,6826357.0253723925,6.152845892993313e-05,51.600000000000364,360.0,313.06043353145964,313.0505392115196
4160.0,6826352.735116345,6.120571280540249e-05,51.60000000000026,360.0,313.3811654199868,313.371230612061
4170.0,6826348.444821864,6.088104590301846e-05,51.600000000000364,360.0,313.70190060866327,313.69191935138684
4180.0,6826344.1544681275,6.055446679335068e-05,51.60000000000061,360.0,314.0226406941498,314.01260382608046
4190.0,6826339.864008653,6.0225982122478755e-05,51.60000000000068,360.0,314.34338922383023,314.33328048199485
4200.0,6826335.5732996175,5.989559107303515e-05,51.60000000000078,360.0,314.664157089041,314.65393842103134
4210.0,6826331.28054226,5.956316452804858e-05,51.60000000000073,360.0,314.98507930008674,314.9744426261165
4220.0,6826326.992445035,5.922923377473487e-05,51.60000000000064,360.0,315.305654045124,315.2952949023283
4230.0,6826322.702837531,5.889332923372562e-05,51.60000000000066,360.0,315.62634109679743,315.61603547025385
4240.0,6826318.413018887,5.855556266704083e-05,51.60000000000057,360.0,315.9470439335155,315.93676084471787
4250.0,6826314.123115289,5.821595450914887e-05,51.60000000000053,360.0,316.26775323549276,316.257480338739
4260.0,6826309.833165139,5.787451840715478e-05,51.60000000000054,360.0,316.5884661832647,316.57819676502453
4270.0,6826305.543185386,5.7531266383885946e-05,51.60000000000054,360.0,316.9091815430405,316.8989113506017
4280.0,6826301.2531849295,5.718620989022173e-05,51.600000000000655,360.0,317.22989867189125,317.21962473164467
4290.0,6826296.963169099,5.683936015627648e-05,51.600000000000776,360.0,317.5506171844242,317.5403372867961
4300.0,6826292.673141366,5.64907283142182e-05,51.600000000000826,360.0,317.87133684020307,317.8610492497494
4310.0,6826288.383104069,5.6140325470865314e-05,51.600000000000826,360.0,318.1920574727571,318.1817607802368
4320.0,6826284.093058837,5.5788162730206136e-05,51.600000000000726,360.0,318.51277896807574,318.50247198553956
4330.0,6826279.803006993,5.5434251226405806e-05,51.600000000000726,360.0,318.8335012357084,318.8231829493847
4340.0,6826275.512949451,5.507860211855714e-05,51.60000000000076,360.0,319.1542242130236,319.14389372769165
4350.0,6826271.222887076,5.472122661106213e-05,51.60000000000072,360.0,319.47494784867376,319.46460436510796
4360.0,6826266.9328204505,5.4362135945083084e-05,51.60000000000086,360.0,319.7956721030269,319.7853148945704
4370.0,6826262.64274998,5.4001341398911874e-05,51.60000000000082,360.0,320.1163969525821,320.1060253329031
4380.0,6826258.352676153,5.363885431134834e-05,51.600000000000904,360.0,320.4371223689456,320.42673570183
4390.0,6826254.062599253,5.3274686060007224e-05,51.6000000000009,360.0,320.7578483346614,320.74744601215474
4400.0,6826249.772519661,5.2908848080839824e-05,51.600000000000904,360.0,321.0785748243017,321.06815628266315
4410.0,6826245.482437632,5.25413518533254e-05,51.600000000000996,360.0,321.3993018268864,321.38886651771287
4420.0,6826241.1923533585,5.2172208904041114e-05,51.60000000000111,360.0,321.72002933787456,321.70957671523644
4430.0,6826236.902267029,5.1801430808573176e-05,51.60000000000112,360.0,322.04075734651843,322.0302868793892
4440.0,6826232.612178837,5.142902919746724e-05,51.600000000001046,360.0,322.36148584510823,322.3509970113061
4450.0,6826228.322089002,5.105501575187668e-05,51.60000000000116,360.0,322.6822148230257,322.67170711505133
4460.0,6826224.031997639,5.067940219724515e-05,51.60000000000134,360.0,323.00294427737396,322.9924171869824
4470.0,6826219.741904837,5.030220030512575e-05,51.600000000001366,360.0,323.3236742055082,323.31312722322735
4480.0,6826215.451810769,4.99234219043845e-05,51.60000000000141,360.0,323.64440460599957,323.63383721872077
4490.0,6826211.161715517,4.9543078869344855e-05,51.600000000001394,360.0,323.9651354739342,323.95454717190023
4500.0,6826206.87161922,4.916118312164251e-05,51.6000000000015,360.0,324.2858668077084,324.27525707792006
4510.0,6826202.581521958,4.8777746631844496e-05,51.60000000000148,360.0,324.6065986087572,324.59596692891495
4520.0,6826198.2914238535,4.8392781420030116e-05,51.60000000000156,360.0,324.92733087286746,324.91667672269534
4530.0,6826194.001325017,4.800629955403128e-05,51.600000000001494,360.0,325.2480636002528,325.2373864526666
4540.0,6826189.711225461,4.761831314075233e-05,51.60000000000152,360.0,325.5687967964423,325.55809610694524
4550.0,6826185.421125278,4.722883434166968e-05,51.60000000000149,360.0,325.88953046333006,325.8788056773103
4560.0,6826181.131024619,4.6837875370694e-05,51.60000000000154,360.0,326.2102645962998,326.19951516207846
4570.0,6826176.840923485,4.644544847382773e-05,51.600000000001565,360.0,326.5309992016401,326.5202245486901
4580.0,6826172.550821986,4.60515659534153e-05,51.60000000000144,360.0,326.85173428153644,326.8409338287151
4590.0,6826168.260720151,4.565624015080784e-05,51.600000000001494,360.0,327.17246984351635,327.16164298841295
4600.0,6826163.970617985,4.5259483449675944e-05,51.6000000000016,360.0,327.4932058977969,327.4823520113837
4610.0,6826159.680515646,4.4861308291616285e-05,51.60000000000164,360.0,327.81394243675595,327.80306089909567
4620.0,6826155.3904131735,4.4461727155314227e-05,51.600000000001664,360.0,328.13467946950414,328.1237696363215
4630.0,6826151.100310605,4.4060752558567534e-05,51.60000000000169,360.0,328.4554170004077,328.44447821260496
4640.0,6826146.810207965,4.365839706557418e-05,51.60000000000156,360.0,328.7761550397933,328.76518661156746
4650.0,6826142.5201054,4.325467329346189e-05,51.60000000000151,360.0,329.09689358570535,329.0858948291437
4660.0,6826138.230002869,4.2849593886706545e-05,51.60000000000157,360.0,329.41763265712626,329.40660284036727
4670.0,6826133.939900425,4.2443171539343426e-05,51.600000000001614,360.0,329.7383722584567,329.7273106348903
4680.0,6826129.64979821,4.2035418995075336e-05,51.60000000000166,360.0,330.0591123852131,330.0480182112826
4690.0,6826125.359696242,4.162634903231225e-05,51.600000000001735,360.0,330.3798530566616,330.3687255444044
4700.0,6826121.069594499,4.121597445971317e-05,51.60000000000162,360.0,330.7005942803836,330.689432620836
4710.0,6826116.779493039,4.080430813920428e-05,51.60000000000168,360.0,331.02133607212687,331.01013941903096
4720.0,6826112.489391986,4.039136298116478e-05,51.6000000000017,360.0,331.34207842947836,331.3308459356446
4730.0,6826108.1992912805,3.997715191456225e-05,51.60000000000185,360.0,331.6628213781202,331.6515521392762
4740.0,6826103.909190981,3.9561687922940505e-05,51.60000000000186,360.0,331.9835649238592,331.972258018443
4750.0,6826099.619091172,3.9144984028244044e-05,51.60000000000181,360.0,332.30430907515284,332.292963559048
4760.0,6826095.328991855,3.872705328518952e-05,51.60000000000187,360.0,332.625053855054,332.6136687324472
4770.0,6826091.038893107,3.83079087946491e-05,51.60000000000193,360.0,332.9457992696271,332.93437352702387
4780.0,6826086.748794921,3.7887563687245066e-05,51.60000000000193,360.0,333.26654533713145,333.25507791901083
4790.0,6826082.4586973535,3.7466031135835335e-05,51.60000000000199,360.0,333.58729207926865,333.5757818812457
4800.0,6826078.1686003795,3.704332434425681e-05,51.600000000001984,360.0,333.9080395093466,333.8964853950023
4810.0,6826073.878504103,3.66194565677024e-05,51.60000000000199,360.0,334.2287876465444,334.21718843573086
4820.0,6826069.588408521,3.61944410812249e-05,51.60000000000205,360.0,334.54953650299234,334.53789098597457
4830.0,6826065.298313661,3.576829120592588e-05,51.60000000000207,360.0,334.87028610710223,334.8585930120429
4840.0,6826061.008219561,3.534102029414923e-05,51.60000000000208,360.0,335.19103648048974,335.17929448709026
4850.0,6826056.718126239,3.4912641734938796e-05,51.60000000000207,360.0,335.51178764748084,335.4999953816075
4860.0,6826052.428033708,3.448316895129883e-05,51.60000000000208,360.0,335.83253963807783,335.82069566046107
4870.0,6826048.137942064,3.405261540522928e-05,51.60000000000211,360.0,336.1532924616282,336.1413953092192
4880.0,6826043.8478512205,3.3620994579153423e-05,51.60000000000207,360.0,336.47404616158707,336.4620942793928
4890.0,6826039.557761246,3.318832000257423e-05,51.60000000000208,360.0,336.79480076242066,336.7827925415345
4900.0,6826035.267672146,3.275460523120336e-05,51.60000000000211,360.0,337.11555630206584,337.10349005277794
4910.0,6826030.977584012,3.231986385955345e-05,51.60000000000208,360.0,337.4363127958522,337.42418679291336
4920.0,6826026.687496785,3.188410950966748e-05,51.60000000000217,360.0,337.75707030566815,337.74488269522897
4930.0,6826022.397410507,3.144735583268402e-05,51.600000000002126,360.0,338.07782885451024,338.0655777319543
4940.0,6826018.1073251525,3.100961650790339e-05,51.60000000000211,360.0,338.3985884814839,338.38627185926686
4950.0,6826013.817240749,3.0570905255114305e-05,51.600000000002055,360.0,338.7193492362944,338.70696502279975
4960.0,6826009.527157271,3.013123581669991e-05,51.60000000000203,360.0,339.0401111588522,339.0276571780336
4970.0,6826005.237074813,2.969062197769056e-05,51.60000000000197,360.0,339.36087430696773,339.34834826260237
4980.0,6826000.946993294,2.9249077534614035e-05,51.60000000000193,360.0,339.6816387331745,339.66903821948125
4990.0,6825996.656912778,2.88066163288117e-05,51.60000000000191,360.0,340.0024044886348,339.98972699306756
5000.0,6825992.366833254,2.8363252222359154e-05,51.60000000000201,360.0,340.3231716348048,340.3104145175242
5010.0,6825988.076754709,2.7918999100306928e-05,51.600000000002,360.0,340.6439402297518,340.6311007304597
5020.0,6825983.786677136,2.747387088391279e-05,51.60000000000188,360.0,340.9647103551677,340.95178554591763
5030.0,6825979.496600544,2.70278815210859e-05,51.60000000000189,360.0,341.2854820701225,341.27246890062287
5040.0,6825975.206524894,2.6581044979896596e-05,51.6000000000019,360.0,341.60625546289225,341.59315070215206
5050.0,6825970.916450192,2.6133375261161757e-05,51.60000000000187,360.0,341.92703061750035,341.91383086239625
5060.0,6825966.626376447,2.5684886392376165e-05,51.60000000000181,360.0,342.24780761720757,342.2345092940688
5070.0,6825962.33630363,2.5235592423773088e-05,51.60000000000189,360.0,342.56858657011196,342.55518588510853
5080.0,6825958.0462317085,2.4785507428269383e-05,51.60000000000194,360.0,342.8893675857245,342.875860522103
5090.0,6825953.756160657,2.4334645503014875e-05,51.60000000000194,360.0,343.21015077588066,343.1965330893756
5100.0,6825949.466090454,2.3883020774586815e-05,51.60000000000187,360.0,343.53093626252246,343.5172034612065
5110.0,6825945.1760211075,2.3430647389506194e-05,51.60000000000191,360.0,343.8517241632298,343.83787151630054
5120.0,6825940.885952517,2.297753951635517e-05,51.6000000000019,360.0,344.1725146378124,344.1585370911985
5130.0,6825936.59588463,2.252371134490538e-05,51.60000000000182,360.0,344.4933078447472,344.47920002383603
5140.0,6825932.305817489,2.2069177095600546e-05,51.600000000001785,360.0,344.81410394430355,344.799860150423
5150.0,6825928.015751019,2.1613951005745695e-05,51.600000000001735,360.0,345.13490312340616,345.1205172805755
5160.0,6825923.725685116,2.115804732497176e-05,51.600000000001685,360.0,345.45570559412835,345.4411711988292
5170.0,6825919.435619754,2.07014803365239e-05,51.60000000000164,360.0,345.7765115678707,345.7618216904557
5180.0,6825915.145554846,2.024426433664574e-05,51.60000000000158,360.0,346.0973212901277,346.08246850670184
5190.0,6825910.855490316,1.9786413643293046e-05,51.60000000000158,360.0,346.4181350281354,346.40311137713894
5200.0,6825906.565426107,1.9327942592691084e-05,51.60000000000156,360.0,346.7389530602536,346.7237500202802
5210.0,6825902.275362083,1.8868865539529415e-05,51.600000000001636,360.0,347.0597757159231,347.04438410362496
5220.0,6825897.985298164,1.8409196859089495e-05,51.60000000000163,360.0,347.3806033522279,347.3650132670975
5230.0,6825893.695234225,1.7948950938891374e-05,51.600000000001565,360.0,347.70143635198787,347.6856371249579
5240.0,6825889.405170108,1.7488142181973486e-05,51.600000000001685,360.0,348.02227514772966,348.0062552418223
5250.0,6825885.115105767,1.7026785022295764e-05,51.600000000001806,360.0,348.34312021481435,348.3268671395462
5260.0,6825880.825040974,1.6564893890117545e-05,51.600000000001835,360.0,348.66397208383995,348.6474722848136
5270.0,6825876.53497567,1.610248325270321e-05,51.6000000000017,360.0,348.98483135737666,348.9680700724082
5280.0,6825872.244909626,1.5639567573882984e-05,51.60000000000166,360.0,349.30569870599606,349.2886598291834
5290.0,6825867.954842635,1.517616133497504e-05,51.60000000000175,360.0,349.626574873651,349.6092408086771
5300.0,6825863.664774441,1.4712279026236599e-05,51.60000000000182,360.0,349.94746071834646,349.9298121504494
5310.0,6825859.374704861,1.4247935166962503e-05,51.60000000000184,360.0,350.26835719293706,350.2503728992805
5320.0,6825855.084633547,1.3783144265402823e-05,51.60000000000181,360.0,350.5892653963377,350.57092195396245
5330.0,6825850.794560313,1.3317920866002999e-05,51.60000000000175,360.0,350.91018657316744,350.891458067652
5340.0,6825846.504484681,1.2852279493330772e-05,51.60000000000173,360.0,351.23112216554216,351.2119797960843
5350.0,6825842.214406311,1.2386234699963951e-05,51.600000000001835,360.0,351.5520738161876,351.5324854944556
5360.0,6825837.924324832,1.1919801049952741e-05,51.60000000000181,360.0,351.8730434371428,351.8529732487168
5370.0,6825833.63423971,1.1452993095573387e-05,51.60000000000169,360.0,352.19403325151285,352.1734408338311
5380.0,6825829.344150458,1.098582541558734e-05,51.60000000000156,360.0,352.51504588290305,352.4938856243315
5390.0,6825825.054056461,1.051831257702114e-05,51.600000000001614,360.0,352.83608440007146,352.81430454967233
5400.0,6825820.763957091,1.0050469163482275e-05,51.600000000001714,360.0,353.1571524543263,353.1346939568283
5410.0,6825816.4738513995,9.582309727620906e-06,51.60000000000172,360.0,353.47825444168984,353.45504944813854
5420.0,6825812.183738557,9.113848845893876e-06,51.60000000000176,360.0,353.79939563669507,353.7753657474992
5430.0,6825807.893617428,8.64510107629663e-06,51.600000000001785,360.0,354.1205824818998,354.0956364108605
5440.0,6825803.603486819,8.176080975447035e-06,51.60000000000161,360.0,354.44182290990835,354.4158535041965
5450.0,6825799.313345206,7.706803071423296e-06,51.60000000000152,360.0,354.7631268096471,354.73600713723596
5460.0,6825795.02319081,7.2372818733716585e-06,51.600000000001394,360.0,355.0845066134888,355.05608487633504
5470.0,6825790.733021511,6.76753186134112e-06,51.60000000000133,360.0,355.40597826501,355.37607077671845
5480.0,6825786.442834722,6.297567468127138e-06,51.60000000000123,360.0,355.7275624639469,355.69594413752844
5490.0,6825782.152627269,5.827403071466163e-06,51.600000000001195,360.0,356.04928663431525,356.01567753370267
5500.0,6825777.862395145,5.357052968986794e-06,51.60000000000127,360.0,356.3711878715882,356.33523386879324
5510.0,6825773.572133316,4.8865313395507535e-06,51.60000000000132,360.0,356.6933175910737,356.6545617265958
5520.0,6825769.281834975,4.415852184099359e-06,51.60000000000128,360.0,357.0157492360912,356.9735876629667
5530.0,6825764.991491159,3.9450292696519635e-06,51.60000000000119,360.0,357.3385913984841,357.2922030853182
5540.0,6825760.701089536,3.474075991877662e-06,51.60000000000133,360.0,357.6620117014124,357.61024036981735
5550.0,6825756.410612355,3.003005163022934e-06,51.60000000000126,360.0,357.9862831926603,357.9274264680837
5560.0,6825752.120032507,2.531828569025141e-06,51.600000000001195,360.0,358.31188258767025,358.2432846641541
5570.0,6825747.829306337,2.0605561904215187e-06,51.600000000001195,360.0,358.6397235180214,358.5569013260059
5580.0,6825743.53835551,1.5891942103301717e-06,51.60000000000112,360.0,358.97180532987494,358.8662771071046
5590.0,6825739.247017786,1.1177396379475474e-06,51.60000000000102,360.0,359.31350550366756,359.16603452672246
5600.0,6825734.954855198,6.461593752273226e-07,51.600000000001074,360.0,359.68592221647896,359.4350754075626
5610.0,6825730.659505081,1.7421162036302646e-07,51.60000000000111,360.0,0.3392149475407975,359.4232402702493
5620.0,6825726.390834345,2.94823269195748e-07,51.60000000000099,360.0,179.93626303579703,180.46764977578033
5630.0,6825722.104980456,7.657266205778748e-07,51.60000000000093,360.0,180.42295595984547,180.6224144455466
5640.0,6825717.81714727,1.2368253892669954e-06,51.60000000000088,360.0,180.78334316551235,180.90348483382778
5650.0,6825713.528664403,1.7079574532983287e-06,51.6000000000009,360.0,181.12188839894355,181.20639719462903
5660.0,6825709.239855011,2.1790723675872647e-06,51.600000000000925,360.0,181.45274935731302,181.51699383101456
5670.0,6825704.950849486,2.650140994909527e-06,51.60000000000078,360.0,181.78002053906567,181.8311802448526
5680.0,6825700.661713354,3.121141355074432e-06,51.60000000000068,360.0,182.10532559873187,182.1473327820018
5690.0,6825696.372484474,3.592054518899886e-06,51.600000000000655,360.0,182.42943696350727,182.4646790157257
5700.0,6825692.083186522,4.062863126628468e-06,51.6000000000006,360.0,182.75276911409466,182.78280446586356
5710.0,6825687.7938354025,4.533550672488858e-06,51.600000000000705,360.0,183.0755644513949,183.1014667321277
5720.0,6825683.504442236,5.004101183971974e-06,51.6000000000007,360.0,183.39797419276658,183.42051459785077
5730.0,6825679.215015147,5.474499020619257e-06,51.60000000000071,360.0,183.72009759868348,183.7398488033211
5740.0,6825674.925560296,5.944728766401111e-06,51.60000000000084,360.0,184.042002509949,184.05940150857765
5750.0,6825670.636082359,6.4147751719789395e-06,51.60000000000069,360.0,184.36373689019223,184.379124750908
5760.0,6825666.346585018,6.8846231026215564e-06,51.60000000000064,360.0,184.68533560192142,184.6989836687924
5770.0,6825662.057071283,7.354257503291465e-06,51.600000000000534,360.0,185.00682459557564,185.01895231286036
5780.0,6825657.7675435655,7.823663393267558e-06,51.60000000000054,360.0,185.3282236009307,185.33901095447388
5790.0,6825653.478003908,8.292825843025346e-06,51.60000000000051,360.0,185.64954785140952,185.6591443614265
5800.0,6825649.188453843,8.761729978824025e-06,51.600000000000485,360.0,185.97080935163476,185.97934053038537
5810.0,6825644.898894869,9.230360941767366e-06,51.60000000000058,360.0,186.29201764702262,186.29958991729623
5820.0,6825640.609328129,9.698703920785968e-06,51.600000000000435,360.0,186.61318044010508,186.61988482106625
5830.0,6825636.319754648,1.0166744130649361e-05,51.6000000000004,360.0,186.9343040060339,186.9402189680553
5840.0,6825632.030175283,1.0634466807779003e-05,51.600000000000314,360.0,187.25539352862333,187.2605871760343
5850.0,6825627.740590809,1.1101857211630737e-05,51.6000000000003,360.0,187.57645330511582,187.58098514942017
5860.0,6825623.451001914,1.1568900619762746e-05,51.60000000000028,360.0,187.89748693587515,187.90140928958226
5870.0,6825619.161409141,1.2035582339728352e-05,51.600000000000165,360.0,188.21849746537634,188.2218565538502
5880.0,6825614.8718129285,1.2501887697463779e-05,51.600000000000115,360.0,188.53948748966,188.5423243480642
5890.0,6825610.58221387,1.2967802017077523e-05,51.6000000000001,360.0,188.8604592118485,188.86281047105206
5900.0,6825606.292612295,1.343331066015547e-05,51.600000000000136,360.0,189.18141454519326,189.18331301158707
5910.0,6825602.003008535,1.3898399001872976e-05,51.60000000000021,360.0,189.50235515455017,189.50383030690736
5920.0,6825597.713402941,1.4363052433355093e-05,51.60000000000025,360.0,189.8232824508657,189.82436094823595
5930.0,6825593.423795855,1.4827256356565128e-05,51.600000000000335,360.0,190.14419769558415,190.14490367636768
5940.0,6825589.134187446,1.529099620488882e-05,51.60000000000035,360.0,190.4651019927987,190.46545738952221
5950.0,6825584.844577994,1.5754257413965054e-05,51.60000000000025,360.0,190.78599632088947,190.78602111169965
5960.0,6825580.554967723,1.621702544131926e-05,51.600000000000406,360.0,191.10688153734264,191.10659398786717
5970.0,6825576.265356802,1.6679285770979692e-05,51.60000000000028,360.0,191.42775840377794,191.4271752589289
5980.0,6825571.975745405,1.7141023897404977e-05,51.60000000000023,360.0,191.74862759773998,191.74776424993283
5990.0,6825567.686133649,1.7602225336981105e-05,51.60000000000014,360.0,192.0694897368622,192.0683603459086
6000.0,6825563.396521726,1.8062875618838403e-05,51.6000000000001,360.0,192.3903453618315,192.38896300890391
6010.0,6825559.106909769,1.8522960290476115e-05,51.60000000000026,360.0,192.71119496763933,192.7095717467291
6020.0,6825554.8172978405,1.898246492723006e-05,51.60000000000035,360.0,193.03203900536275,193.0301861111778
6030.0,6825550.5276860995,1.9441375111804695e-05,51.60000000000024,360.0,193.35287786810406,193.3508057120868
6040.0,6825546.238074544,1.989967646557099e-05,51.600000000000065,360.0,193.67371192776062,193.67143018056623
6050.0,6825541.948463352,2.0357354606166267e-05,51.60000000000001,360.0,193.9945415089258,193.99205919509924
6060.0,6825537.658852635,2.0814395178477904e-05,51.59999999999996,360.0,194.3153669143338,194.31269245609235
6070.0,6825533.369242351,2.127078386566759e-05,51.59999999999999,360.0,194.63618842078887,194.6333296899508
6080.0,6825529.079632715,2.1726506342947404e-05,51.60000000000003,360.0,194.9570062758148,194.95397065242932
6090.0,6825524.790023624,2.2181548337236826e-05,51.60000000000016,360.0,195.27782071994878,195.27461510633157
6100.0,6825520.500415249,2.2635895573898125e-05,51.60000000000008,360.0,195.59863196426576,195.59526284398902
6110.0,6825516.2108076,2.3089533811891915e-05,51.600000000000136,360.0,195.9194402022353,195.91591367540576
6120.0,6825511.921200711,2.35424488318832e-05,51.600000000000165,360.0,196.2402456134585,196.23656742452002
6130.0,6825507.631594579,2.3994626439953575e-05,51.60000000000023,360.0,196.56104836483271,196.5572239280357
6140.0,6825503.341989274,2.444605245827595e-05,51.60000000000016,360.0,196.88184862332076,196.87788302265716
6150.0,6825499.052384875,2.4896712732467402e-05,51.6000000000002,360.0,197.2026465131855,197.19854458784997
6160.0,6825494.762781334,2.5346593141656384e-05,51.60000000000024,360.0,197.52344218246037,197.5192084793755
6170.0,6825490.473178706,2.579567958749027e-05,51.60000000000024,360.0,197.84423575172346,197.83987458051112
6180.0,6825486.18357698,2.6243957994659965e-05,51.6000000000002,360.0,198.16502732733363,198.16054278881302
6190.0,6825481.893976205,2.6691414308012738e-05,51.60000000000016,360.0,198.48581703016578,198.48121298738658
6200.0,6825477.604376404,2.713803450527629e-05,51.60000000000011,360.0,198.80660494214297,198.80188509835003
6210.0,6825473.314777559,2.7583804589478207e-05,51.60000000000011,360.0,199.12739116874766,199.12255902031964
6220.0,6825469.025179626,2.8028710594192954e-05,51.59999999999999,360.0,199.44817581079505,199.44323465664274
6230.0,6825464.73558275,2.8472738566780272e-05,51.59999999999992,360.0,199.7689589216652,199.76391195815933
6240.0,6825460.445986791,2.8915874602389657e-05,51.59999999999991,360.0,200.08974060279147,200.08459082771446
6250.0,6825456.156391802,2.935810480892483e-05,51.59999999999994,360.0,200.4105209127718,200.40527121104878
6260.0,6825451.86679778,2.9799415326591922e-05,51.600000000000016,360.0,200.73129992535408,200.72595303880902
6270.0,6825447.577204685,3.023979232742695e-05,51.599999999999994,360.0,201.05207771272762,201.04663624325832
6280.0,6825443.287612589,3.067922200658716e-05,51.59999999999997,360.0,201.3728543227375,201.36732078106388
6290.0,6825438.998021454,3.1117690597094085e-05,51.60000000000001,360.0,201.69362981951792,201.6880065926575
6300.0,6825434.708431197,3.155518436181837e-05,51.60000000000001,360.0,202.01440426387862,202.00869362184943
6310.0,6825430.418841901,3.1991689585960314e-05,51.60000000000009,360.0,202.3351776896147,202.3293818395225
6320.0,6825426.129253488,3.242719259494229e-05,51.60000000000009,360.0,202.65595016311673,202.65007118401837
6330.0,6825421.839665955,3.286167974166501e-05,51.60000000000001,360.0,202.97672172386908,202.97076162063664
6340.0,6825417.5500792805,3.3295137410195404e-05,51.60000000000001,360.0,203.2974924139054,203.291453112183
6350.0,6825413.26049346,3.372755201597224e-05,51.60000000000005,360.0,203.61826227840766,203.612145618367
6360.0,6825408.970908511,3.415891000542052e-05,51.600000000000044,360.0,203.93903135126595,203.93283911024403
6370.0,6825404.68132435,3.4589197868897527e-05,51.60000000000001,360.0,204.25979967574088,204.25353354954578
6380.0,6825400.391740984,3.501840211996327e-05,51.59999999999999,360.0,204.58056728495256,204.57422890819828
6390.0,6825396.102158384,3.544650930988483e-05,51.600000000000016,360.0,204.90133421339547,204.8949251568046
6400.0,6825391.812576464,3.587350603327016e-05,51.60000000000008,360.0,205.2221004953323,205.21562226624454
6410.0,6825387.522995256,3.629937889993526e-05,51.60000000000001,360.0,205.54286616243863,205.5363202100404
6420.0,6825383.2334147245,3.672411456920919e-05,51.60000000000003,360.0,205.86363123758997,205.8570189705593
6430.0,6825378.943834809,3.714769973259812e-05,51.60000000000014,360.0,206.18439576411862,206.1777185097594
6440.0,6825374.654255519,3.7570121113773044e-05,51.60000000000014,360.0,206.50515976007202,206.49841881493103
6450.0,6825370.364676809,3.799136547937852e-05,51.60000000000013,360.0,206.82592324872124,206.81911986818642
6460.0,6825366.0750986645,3.841141962822108e-05,51.60000000000011,360.0,207.14668625492922,207.13982165009136
6470.0,6825361.785520992,3.8830270402654063e-05,51.60000000000019,360.0,207.46744880965161,207.46052413516628
6480.0,6825357.495943782,3.924790467585413e-05,51.600000000000165,360.0,207.78821093348552,207.78122730833266
6490.0,6825353.206367005,3.9664309361949935e-05,51.60000000000005,360.0,208.10897264414763,208.10193115743502
6500.0,6825348.916790582,4.0079471417620476e-05,51.600000000000165,360.0,208.42973397704543,208.42263565267123
6510.0,6825344.627214526,4.049337783029563e-05,51.6000000000001,360.0,208.75049493868767,208.74334079318186
6520.0,6825340.337638808,4.090601562763571e-05,51.60000000000011,360.0,209.07125555255004,209.06404656117815
6530.0,6825336.048063277,4.131737189271703e-05,51.60000000000009,360.0,209.39201585005958,209.38475293096363
6540.0,6825331.758487933,4.172743373261177e-05,51.60000000000007,360.0,209.7127758405875,209.7054598989376
6550.0,6825327.4689128045,4.213618828996928e-05,51.600000000000044,360.0,210.0335355391992,210.0261674558436
6560.0,6825323.17933772,4.2543622768179944e-05,51.59999999999999,360.0,210.3542949760026,210.34687557741944
6570.0,6825318.889762728,4.294972439555339e-05,51.599999999999966,360.0,210.67505415405154,210.667584266497
6580.0,6825314.600187735,4.335448045125612e-05,51.59999999999997,360.0,210.99581309958984,210.98829350275602
6590.0,6825310.3106126785,4.375787825507103e-05,51.599999999999994,360.0,211.3165718245975,211.3090032801746
6600.0,6825306.021037473,4.4159905168497226e-05,51.59999999999999,360.0,211.637330352541,211.62971358128152
6610.0,6825301.731462169,4.456054858729298e-05,51.59999999999993,360.0,211.95808868265678,211.95042441287097
6620.0,6825297.44188656,4.495979597165593e-05,51.60000000000001,360.0,212.27884685149394,212.27113574445562
6630.0,6825293.152310621,4.535763481047086e-05,51.59999999999996,360.0,212.59960486393697,212.59184757724785
6640.0,6825288.862734334,4.575405263331217e-05,51.59999999999994,360.0,212.92036273723804,212.91255990012652
6650.0,6825284.573157661,4.614903701981569e-05,51.59999999999992,360.0,213.24112048060022,213.2332727100498
6660.0,6825280.283580397,4.6542575606448684e-05,51.59999999999983,360.0,213.56187812110045,213.55398598613286
6670.0,6825275.994002615,4.693465605049058e-05,51.59999999999984,360.0,213.882635655221,213.87469973811625
6680.0,6825271.704424145,4.732526607936451e-05,51.59999999999996,360.0,214.2033931109281,214.19541394428717
6690.0,6825267.414844886,4.77143934557088e-05,51.599999999999866,360.0,214.5241504982777,214.51612860086883
6700.0,6825263.125264785,4.810202598541888e-05,51.599999999999795,360.0,214.84490783204353,214.83684369939942
6710.0,6825258.835683719,4.8488151531444206e-05,51.59999999999978,360.0,215.16566512675607,215.1575592316821
6720.0,6825254.546101618,4.88727579942035e-05,51.59999999999982,360.0,215.48642239961325,215.47827518688004
6730.0,6825250.256518375,4.925583332757005e-05,51.59999999999987,360.0,215.8071796623231,215.79899155967686
6740.0,6825245.966933891,4.963736553051774e-05,51.59999999999987,360.0,216.1279369241927,216.1197083471755
6750.0,6825241.677347975,5.001734266044386e-05,51.59999999999985,360.0,216.4486942083912,216.44042553264535
6760.0,6825237.387760513,5.039575281548707e-05,51.599999999999895,360.0,216.76945153215829,216.76114310530514
6770.0,6825233.098171396,5.077258414256549e-05,51.599999999999895,360.0,217.09020890666758,217.08186106046384
6780.0,6825228.80858047,5.1147824840288347e-05,51.599999999999795,360.0,217.41096634413066,217.40257939241445
6790.0,6825224.5189875765,5.152146316230307e-05,51.599999999999845,360.0,217.73172386714688,217.72329808508232
6800.0,6825220.229392474,5.1893487412073355e-05,51.5999999999999,360.0,218.05248149530712,218.04401712542014
6810.0,6825215.939794963,5.226388594491637e-05,51.599999999999866,360.0,218.3732392498587,218.36473649874628
6820.0,6825211.650194849,5.263264716494448e-05,51.59999999999982,360.0,218.6939971442061,218.68545619823408
6830.0,6825207.360591808,5.2999759539153725e-05,51.59999999999975,360.0,219.01475521085572,219.00617619798038
6840.0,6825203.070985562,5.33652115800454e-05,51.59999999999968,360.0,219.33551346921826,219.32689648518735
6850.0,6825198.781375661,5.3728991870306704e-05,51.5999999999997,360.0,219.65627195975665,219.64761702602524
6860.0,6825194.491761807,5.40910890277241e-05,51.59999999999962,360.0,219.97703070359475,219.96833780601582
6870.0,6825190.202143494,5.4451491740679606e-05,51.59999999999961,360.0,220.29778974393486,220.28905878861738
6880.0,6825185.912520191,5.481018875494703e-05,51.59999999999955,360.0,220.61854911895497,220.6097799423277
6890.0,6825181.622891057,5.516716889240646e-05,51.599999999999575,360.0,220.93930889328183,220.93050120920327
6900.0,6825177.333255334,5.55224210218828e-05,51.599999999999696,360.0,221.2600691217766,221.25122254108402
6910.0,6825173.043611948,5.5875934093603766e-05,51.599999999999646,360.0,221.58082988651185,221.57194386260502
6920.0,6825168.753959508,5.6227697134314586e-05,51.599999999999696,360.0,221.90159128741854,221.89266508055357
6930.0,6825164.464296211,5.6577699257890297e-05,51.599999999999696,360.0,222.22235345434783,222.21338607180616
6940.0,6825160.174619454,5.692592970068552e-05,51.599999999999596,360.0,222.54311658097302,222.53410664942575
6950.0,6825155.8849258805,5.7272377809700676e-05,51.59999999999972,360.0,222.8638809074628,222.8548265799883
6960.0,6825151.595210198,5.7617033142396224e-05,51.59999999999975,360.0,223.18464681886513,223.17554548519433
6970.0,6825147.305464054,5.7959885553037216e-05,51.59999999999975,360.0,223.5054149239535,223.49626276302507
6980.0,6825143.015673485,5.830092539097342e-05,51.599999999999774,360.0,223.82618624056715,223.81697740240446
6990.0,6825138.725810451,5.8640144166268246e-05,51.59999999999976,360.0,224.1469628239215,224.13768735487912
7000.0,6825134.435806526,5.8977536602779587e-05,51.59999999999976,360.0,224.46774971179846,224.45838758943611
7010.0,6825130.145391192,5.931311324624198e-05,51.599999999999696,360.0,224.78856694239423,224.77905807464947
7020.0,6825125.855350683,5.9646802828337065e-05,51.59999999999966,360.0,225.10935499162733,225.09975834137308
7030.0,6825121.566726398,5.997851280949169e-05,51.599999999999625,360.0,225.430038156863,225.42056409901377
7040.0,6825117.277532782,6.030838737197258e-05,51.59999999999974,360.0,225.75076446255383,225.74132732988917
7050.0,6825112.988198842,6.063638295602168e-05,51.59999999999964,360.0,226.07150159642828,226.06208035304113
7060.0,6825108.698798847,6.0962483547322514e-05,51.5999999999997,360.0,226.39224392589878,226.3828288078288
7070.0,6825104.4093598155,6.128667684168519e-05,51.59999999999972,360.0,226.71298938894589,226.70357476303522
7080.0,6825100.11989473,6.160895167746163e-05,51.59999999999952,360.0,227.03373699013275,227.02431922086177
7090.0,6825095.830410681,6.192929740709515e-05,51.5999999999995,360.0,227.35448618362494,227.3450627339008
7100.0,6825091.540912112,6.224770364154354e-05,51.5999999999995,360.0,227.67523662196396,227.6658056563629
7110.0,6825087.251401831,6.256416018523185e-05,51.59999999999939,360.0,227.99598808855893,227.98654821158524
7120.0,6825082.961881836,6.287865696330837e-05,51.59999999999957,360.0,228.31674042854837,228.3072905611705
7130.0,6825078.672353526,6.319118400538263e-05,51.59999999999951,360.0,228.63749353046492,228.62803282331603
7140.0,6825074.382817933,6.350173143237214e-05,51.59999999999955,360.0,228.95824731380122,228.9487750852541
7150.0,6825070.093275876,6.381028944365229e-05,51.59999999999947,360.0,229.2790017140405,229.26951741821478
7160.0,6825065.803728028,6.411684831199099e-05,51.59999999999958,360.0,229.59975667821428,229.59025988186684
7170.0,6825061.514174802,6.442139839144453e-05,51.59999999999966,360.0,229.92051217305723,229.91100251617078
7180.0,6825057.224616529,6.472393010777129e-05,51.599999999999575,360.0,230.24126817415384,230.2317453522199
7190.0,6825052.935053538,6.502443394373344e-05,51.59999999999957,360.0,230.56202465281504,230.55248842537188
7200.0,6825048.645486107,6.532290045497664e-05,51.599999999999554,360.0,230.88278158895565,230.87323176236453
7210.0,6825044.355914413,6.561932027112686e-05,51.59999999999958,360.0,231.2035389686177,231.1939753837943
7220.0,6825040.066338616,6.591368407702761e-05,51.59999999999946,360.0,231.52429677676227,231.51471931132411
7230.0,6825035.776758901,6.620598262870548e-05,51.59999999999949,360.0,231.84505500077034,231.83546356418077
7240.0,6825031.4871753175,6.649620675301072e-05,51.59999999999949,360.0,232.16581363505787,232.15620815453798
7250.0,6825027.197587931,6.678434734209911e-05,51.599999999999454,360.0,232.4865726763665,232.47695309222482
7260.0,6825022.907996904,6.707039534632194e-05,51.599999999999525,360.0,232.8073321120431,232.79769839644797
7270.0,6825018.618402219,6.73543417923132e-05,51.59999999999955,360.0,233.1280919419482,233.11844407388153
7280.0,6825014.328803967,6.763617776649766e-05,51.599999999999525,360.0,233.4488521592839,233.43919013783795
7290.0,6825010.039202102,6.791589443256435e-05,51.599999999999454,360.0,233.76961276835937,233.75993659050067
7300.0,6825005.749596703,6.819348301039034e-05,51.59999999999951,360.0,234.09037376357023,234.08068344394317
7310.0,6825001.459987813,6.846893478519726e-05,51.59999999999952,360.0,234.4111351393538,234.40143071017815
7320.0,6824997.170375463,6.87422411149523e-05,51.59999999999948,360.0,234.7318968933291,234.72217839800902
7330.0,6824992.88075963,6.901339342796925e-05,51.5999999999994,360.0,235.05265903009425,235.04292650923597
7340.0,6824988.591140258,6.928238322250103e-05,51.599999999999305,360.0,235.3734215528182,235.36367504706806
7350.0,6824984.301517439,6.954920204988519e-05,51.599999999999255,360.0,235.6941844524259,235.68442402692767
7360.0,6824980.0118911825,6.981384154075733e-05,51.59999999999932,360.0,236.01494773140175,236.0051734526512
7370.0,6824975.722261467,7.007629339109677e-05,51.59999999999934,360.0,236.33571138938967,236.3259233308884
7380.0,6824971.432628238,7.033654937064801e-05,51.5999999999994,360.0,236.65647543258888,236.6466736617069
7390.0,6824967.142991528,7.059460131299378e-05,51.59999999999948,360.0,236.97723985528893,236.96742445705488
7400.0,6824962.853351333,7.085044111545285e-05,51.5999999999994,360.0,237.29800466153378,237.28817571909653
7410.0,6824958.563707611,7.110406075876319e-05,51.59999999999947,360.0,237.6187698525451,237.6089274527818
7420.0,6824954.27406031,7.13554522842863e-05,51.599999999999376,360.0,237.93953543267023,237.92967965991105
7430.0,6824949.984409505,7.160460780279953e-05,51.59999999999928,360.0,238.2603013965953,238.25043235190955
7440.0,6824945.694755103,7.185151949901977e-05,51.599999999999255,360.0,238.58106775154496,238.5711855276333
7450.0,6824941.405097135,7.209617961995966e-05,51.59999999999919,360.0,238.9018344962956,238.8919391943515
7460.0,6824937.115435532,7.233858050032597e-05,51.59999999999923,360.0,239.222601634831,239.21269335408908
7470.0,6824932.825770299,7.257871452988114e-05,51.59999999999929,360.0,239.54336916747664,239.53344801249668
7480.0,6824928.536101456,7.281657416678317e-05,51.59999999999944,360.0,239.8641370920319,239.8542031777157
7490.0,6824924.246428978,7.305215194982751e-05,51.59999999999943,360.0,240.1849054114064,240.17495885273948
7500.0,6824919.956752834,7.328544048668509e-05,51.59999999999949,360.0,240.50567412892758,240.49571504010524
7510.0,6824915.667072948,7.351643245933153e-05,51.59999999999955,360.0,240.82644324919593,240.81647174104063
7520.0,6824911.377389359,7.374512061784024e-05,51.59999999999951,360.0,241.14721276891856,241.13722896462593
7530.0,6824907.08770196,7.39714977883806e-05,51.599999999999376,360.0,241.4679826975386,241.45798670716562
7540.0,6824902.798010893,7.419555685969393e-05,51.59999999999949,360.0,241.78875302379686,241.77874498562747
7550.0,6824898.508315995,7.441729080441428e-05,51.59999999999944,360.0,242.10952376023585,242.09950379313472
7560.0,6824894.218617301,7.46366926646446e-05,51.599999999999405,360.0,242.43029490549327,242.4202631366755
7570.0,6824889.928914745,7.4853755554044e-05,51.59999999999935,360.0,242.75106646281955,242.74102301858096
7580.0,6824885.639208366,7.506847265584694e-05,51.59999999999929,360.0,243.07183843026436,243.06178344634301
7590.0,6824881.349498128,7.528083723169497e-05,51.59999999999919,360.0,243.39261081008542,243.38254442319626
7600.0,6824877.059784025,7.549084261432517e-05,51.5999999999992,360.0,243.7133836047468,243.70330595212903
7610.0,6824872.770066005,7.569848221648353e-05,51.5999999999992,360.0,244.03415681626205,244.02406803653147
7620.0,6824868.4803440515,7.590374951940864e-05,51.59999999999927,360.0,244.35493044769794,244.34483067869746
7630.0,6824864.1906181555,7.610663807518093e-05,51.599999999999234,360.0,244.67570449954246,244.66559388345027
7640.0,6824859.900888304,7.630714151767957e-05,51.599999999999284,360.0,244.99647897153366,244.9863576563163
7650.0,6824855.611154524,7.650525355138762e-05,51.59999999999928,360.0,245.3172538635411,245.30712200264344
7660.0,6824851.321416738,7.670096795721351e-05,51.5999999999992,360.0,245.6380291793219,245.62788692384296
7670.0,6824847.031674904,7.68942785946636e-05,51.59999999999918,360.0,245.95880492209645,245.94865242181288
7680.0,6824842.741929052,7.708517938688378e-05,51.59999999999914,360.0,246.27958109160792,246.26941850188163
7690.0,6824838.452179164,7.727366434357001e-05,51.59999999999921,360.0,246.6003576884624,246.59018516845848
7700.0,6824834.162425232,7.745972754163363e-05,51.59999999999925,360.0,246.92113471546483,246.91095242370665
7710.0,6824829.872667222,7.764336314234419e-05,51.59999999999925,360.0,247.24191217309925,247.23172027205882
7720.0,6824825.582905131,7.782456538105909e-05,51.59999999999916,360.0,247.56269006119348,247.55248871854866
7730.0,6824821.293139019,7.800332855528268e-05,51.5999999999992,360.0,247.88346837860786,247.87325776912613
7740.0,6824817.003368807,7.817964706137896e-05,51.59999999999923,360.0,248.20424712835035,248.1940274255401
7750.0,6824812.713594497,7.835351536188499e-05,51.599999999999305,360.0,248.5250263101802,248.51479769273303
7760.0,6824808.423816011,7.852492799570922e-05,51.59999999999936,360.0,248.84580592948828,248.83556856996037
7770.0,6824804.13403348,7.869387957328291e-05,51.59999999999929,360.0,249.16658598108685,249.1563400670017
7780.0,6824799.844246833,7.886036478441712e-05,51.59999999999934,360.0,249.48736646886854,249.4771121844998
7790.0,6824795.554456092,7.902437840343591e-05,51.59999999999937,360.0,249.8081473888696,249.79788493089666
7800.0,6824791.264661214,7.918591528258788e-05,51.59999999999937,360.0,250.12892874356703,250.11865830813983
7810.0,6824786.974862213,7.934497034231243e-05,51.59999999999931,360.0,250.4497105350909,250.439432318462
7820.0,6824782.685059103,7.95015385823258e-05,51.599999999999255,360.0,250.77049276311214,250.76020696649687
7830.0,6824778.395251899,7.965561508558186e-05,51.599999999999234,360.0,251.09127542444872,251.0809822596754
7840.0,6824774.105440645,7.980719500639733e-05,51.59999999999931,360.0,251.41205851749586,251.40175820379088
7850.0,6824769.815625282,7.995627358634542e-05,51.59999999999928,360.0,251.7328420446466,251.72253480057478
7860.0,6824765.525805875,8.010284613621169e-05,51.599999999999234,360.0,252.05362600338327,252.0433120566134
7870.0,6824761.235982331,8.024690805609348e-05,51.59999999999932,360.0,252.37441039851038,252.3640899711107
7880.0,6824756.94615478,8.038845480701017e-05,51.599999999999305,360.0,252.6951952236933,252.68486855434602
7890.0,6824752.656323196,8.052748194460163e-05,51.599999999999284,360.0,253.0159804784124,253.00564781071952
7900.0,6824748.366487634,8.066398509937478e-05,51.59999999999934,360.0,253.33676615836995,253.32642774835472
7910.0,6824744.076648093,8.07979599779565e-05,51.5999999999994,360.0,253.65755226388637,253.64720837068555
7920.0,6824739.786804595,8.092940236384202e-05,51.59999999999931,360.0,253.97833879544885,253.9679896809216
7930.0,6824735.496957204,8.105830812594176e-05,51.59999999999933,360.0,254.29912574773002,254.28877168801944
7940.0,6824731.207105964,8.118467320817715e-05,51.59999999999928,360.0,254.6199131181036,254.60955439817437
7950.0,6824726.917250917,8.130849363807726e-05,51.599999999999234,360.0,254.9407009032536,254.93033781820407
7960.0,6824722.62739203,8.142976552345194e-05,51.599999999999284,360.0,255.26148910395193,255.25112195077045
7970.0,6824718.337529465,8.15484850445648e-05,51.59999999999934,360.0,255.58227771127488,255.57190680817192
7980.0,6824714.047663258,8.166464846572716e-05,51.59999999999944,360.0,255.90306671926623,255.89269239966964
7990.0,6824709.757793394,8.177825213726242e-05,51.599999999999525,360.0,256.2238561304205,256.2134787260071
8000.0,6824705.467920056,8.188929247500189e-05,51.59999999999946,360.0,256.544645933067,256.5342658020283
8010.0,6824701.17804323,8.199776599249322e-05,51.599999999999724,360.0,256.8654361264471,256.85505363159643
8020.0,6824696.888163079,8.210366926527575e-05,51.59999999999968,360.0,257.1862267012677,257.1758422270423
8030.0,6824692.598279594,8.22069989672955e-05,51.599999999999525,360.0,257.50701765586757,257.49663159299786
8040.0,6824688.308393028,8.230775183875553e-05,51.59999999999957,360.0,257.82780897224904,257.8174217503602
8050.0,6824684.018503328,8.240592471384026e-05,51.59999999999974,360.0,258.1486006542389,258.13821269813513
8060.0,6824679.728610711,8.250151449459087e-05,51.59999999999969,360.0,258.4693926860512,258.4590044548723
8070.0,6824675.438715395,8.259451816556534e-05,51.59999999999979,360.0,258.79018505398017,258.77979703697105
8080.0,6824671.148817383,8.268493280151388e-05,51.599999999999866,360.0,259.11097775369365,259.10059045138877
8090.0,6824666.858916934,8.277275554926871e-05,51.599999999999845,360.0,259.43177076951963,259.42138471634973
8100.0,6824662.56901413,8.285798364398913e-05,51.599999999999696,360.0,259.75256409323646,259.7421798425615
8110.0,6824658.279109256,8.294061439568829e-05,51.599999999999554,360.0,260.07335770383884,260.0629758534395
8120.0,6824653.989202583,8.302064519759412e-05,51.59999999999957,360.0,260.3941515829357,260.38377276971903
8130.0,6824649.699294342,8.309807352315856e-05,51.5999999999995,360.0,260.7149457132582,260.70457061094066
8140.0,6824645.409384845,8.317289692996796e-05,51.599999999999405,360.0,261.0357400717631,261.0253694023446
8150.0,6824641.119474338,8.324511305500776e-05,51.599999999999305,360.0,261.35653463954765,261.34616916496145
8160.0,6824636.829563167,8.33147196182425e-05,51.59999999999932,360.0,261.67732939121703,261.6669699262419
8170.0,6824632.539651836,8.338171441669467e-05,51.59999999999936,360.0,261.99812429059637,261.98777172434154
8180.0,6824628.249740552,8.344609534052095e-05,51.599999999999454,360.0,262.3189193190604,262.3085745797962
8190.0,6824623.959830063,8.35078603457411e-05,51.599999999999426,360.0,262.6397144237181,262.6293785473346
8200.0,6824619.669920946,8.35670074790553e-05,51.599999999999376,360.0,262.9605095606999,262.95018367258814
8210.0,6824615.380013741,8.362353486988002e-05,51.59999999999946,360.0,263.28130469105395,263.2709899962048
8220.0,6824611.090109296,8.367744072428521e-05,51.599999999999426,360.0,263.6020997493538,263.59179758522237
8230.0,6824606.800208509,8.372872333278987e-05,51.599999999999596,360.0,263.92289467148834,263.9126065052974
8240.0,6824602.51031241,8.377738106587075e-05,51.5999999999997,360.0,264.2436893803643,264.23341683499143
8250.0,6824598.2204221105,8.382341237992002e-05,51.59999999999966,360.0,264.5644837909206,264.55422866076395
8260.0,6824593.930539168,8.386681580762054e-05,51.59999999999972,360.0,264.88527778975657,264.8750420973316
8270.0,6824589.640665249,8.390758996488065e-05,51.599999999999646,360.0,265.2060712499284,265.19585727288666
8280.0,6824585.350802342,8.394573355121841e-05,51.59999999999956,360.0,265.5268640253496,265.5166743346895
8290.0,6824581.0609531095,8.398124534255241e-05,51.59999999999949,360.0,265.84765591619555,265.8374934836574
8300.0,6824576.771120689,8.401412419831922e-05,51.59999999999957,360.0,266.16844668972766,266.1583149535566
8310.0,6824572.48130901,8.404436905866892e-05,51.599999999999696,360.0,266.48923605012476,266.47913904115364
8320.0,6824568.191523255,8.407197894311769e-05,51.599999999999675,360.0,266.8100236102304,266.7999661344759
8330.0,6824563.901770192,8.409695294803589e-05,51.59999999999963,360.0,267.1308088668283,267.1207967375339
8340.0,6824559.612059023,8.411929025062701e-05,51.59999999999975,360.0,267.45159113027205,267.44163154069867
8350.0,6824555.322402727,8.413899010232592e-05,51.59999999999976,360.0,267.77236943013287,267.7624715150408
8360.0,6824551.032820204,8.415605182845517e-05,51.599999999999675,360.0,268.09314235381584,268.0833180737273
8370.0,6824546.743340948,8.41704748208539e-05,51.599999999999866,360.0,268.41390769720175,268.40417342137556
8380.0,6824542.45401469,8.418225853137804e-05,51.59999999999988,360.0,268.73466174228304,268.725041276403
8390.0,6824538.164935135,8.419140245269868e-05,51.59999999999993,360.0,269.0553974809077,269.045928647312
8400.0,6824533.876315285,8.419790607194135e-05,51.59999999999992,360.0,269.37609898537266,269.3668514620722
8410.0,6824529.588853224,8.420176871766758e-05,51.60000000000007,360.0,269.6967140546534,269.6878619218978
8420.0,6824525.333618224,8.42029872453851e-05,51.59999999999996,360.0,270.0149193338851,270.01128338176994
8430.0,6824521.031468862,8.420155291901853e-05,51.60000000000007,360.0,270.33663299943834,270.33119766535316
8440.0,6824516.738632251,8.419748167849717e-05,51.600000000000065,360.0,270.65765040542334,270.6518094185037
8450.0,6824512.446850835,8.419077190955698e-05,51.60000000000028,360.0,270.9785890493589,270.97250114359167
8460.0,6824508.15550734,8.418142338555478e-05,51.60000000000016,360.0,271.29949509220086,271.2932266794694
8470.0,6824503.86440338,8.416943618226615e-05,51.600000000000136,360.0,271.6203833698526,271.61397118997405
8480.0,6824499.573449459,8.415481053942492e-05,51.60000000000011,360.0,271.9412605744504,271.93472798262593
8490.0,6824495.282597575,8.413754682092408e-05,51.600000000000115,360.0,272.2621302956876,272.2554934673174
8500.0,6824490.991818985,8.411764549681494e-05,51.60000000000014,360.0,272.58299468393346,272.57626549318695
8510.0,6824486.701094938,8.409510713252441e-05,51.600000000000165,360.0,272.9038551409683,272.89704265788515
8520.0,6824482.4104128275,8.406993238793521e-05,51.600000000000335,360.0,273.22471261152066,273.2178240160425
8530.0,6824478.119763449,8.404212201025347e-05,51.60000000000032,360.0,273.545567784081,273.5386088784514
8540.0,6824473.829140141,8.40116768365763e-05,51.600000000000115,360.0,273.86642115798753,273.8593967449817
8550.0,6824469.538537759,8.397859778637578e-05,51.600000000000115,360.0,274.18727311728645,274.1801872307159
8560.0,6824465.247952346,8.394288586964017e-05,51.60000000000013,360.0,274.50812395987674,274.50098003681074
8570.0,6824460.957380694,8.390454217605355e-05,51.600000000000264,360.0,274.82897392421006,274.82177492379594
8580.0,6824456.666820178,8.386356788136415e-05,51.600000000000136,360.0,275.1498232077687,275.1425716930943
8590.0,6824452.3762689,8.381996424733235e-05,51.60000000000022,360.0,275.47067195431555,275.46337019977324
8600.0,6824448.085725023,8.377373261790067e-05,51.600000000000286,360.0,275.7915203017874,275.78417030465806
8610.0,6824443.795187211,8.372487442121984e-05,51.60000000000014,360.0,276.1123683511557,276.1049719054561
8620.0,6824439.504654074,8.367339116476323e-05,51.60000000000003,360.0,276.43321620437445,276.42577489882075
8630.0,6824435.214124685,8.361928444447397e-05,51.60000000000005,360.0,276.7540639335281,276.7465792111972
8640.0,6824430.923598147,8.356255593632537e-05,51.60000000000011,360.0,277.0749116067951,277.0673847728722
8650.0,6824426.633073662,8.3503207397831e-05,51.600000000000044,360.0,277.3957592816287,277.388191524776
8660.0,6824422.342550498,8.344124067259033e-05,51.60000000000009,360.0,277.71660701818143,277.70899940506723
8670.0,6824418.052028289,8.337665768549368e-05,51.60000000000007,360.0,278.0374548410278,278.02980838740865
8680.0,6824413.761506304,8.330946044032736e-05,51.600000000000115,360.0,278.3583028054553,278.35061841468416
8690.0,6824409.470984131,8.323965102941792e-05,51.6000000000002,360.0,278.6791509452095,278.67142945123504
8700.0,6824405.180461421,8.316723162333626e-05,51.60000000000025,360.0,278.9999992869264,278.99224146844875
8710.0,6824400.8899377715,8.309220447347168e-05,51.60000000000023,360.0,279.320847860072,279.3130544348008
8720.0,6824396.599412906,8.301457191658026e-05,51.600000000000186,360.0,279.6416966843554,279.6338683284668
8730.0,6824392.308886544,8.293433637156708e-05,51.60000000000021,360.0,279.96254578489925,279.95468312212
8740.0,6824388.018358303,8.285150033366759e-05,51.60000000000032,360.0,280.28339518947286,280.2754987857249
8750.0,6824383.7278280705,8.276606638859048e-05,51.60000000000039,360.0,280.6042449100369,280.59631530498234
8760.0,6824379.437295592,8.267803719570907e-05,51.600000000000406,360.0,280.9250949621868,280.91713266188367
8770.0,6824375.146760732,8.258741550306745e-05,51.600000000000406,360.0,281.2459453613055,281.23795083856345
8780.0,6824370.856223239,8.249420413473688e-05,51.600000000000406,360.0,281.56679612410954,281.55876981575705
8790.0,6824366.565683017,8.23984059969191e-05,51.60000000000035,360.0,281.88764725894174,281.8795895824947
8800.0,6824362.275139903,8.230002407701227e-05,51.60000000000037,360.0,282.208498779188,282.2004101227025
8810.0,6824357.984593754,8.219906144623088e-05,51.60000000000049,360.0,282.52935069595685,282.521231422509
8820.0,6824353.694044425,8.209552125342456e-05,51.600000000000584,360.0,282.85020302027067,282.8420534680619
8830.0,6824349.403491895,8.198940673424298e-05,51.60000000000064,360.0,283.17105575690715,283.162876251682
8840.0,6824345.112935995,8.188072119833702e-05,51.60000000000059,360.0,283.49190892008676,283.4836997561818
8850.0,6824340.822376682,8.176946803984754e-05,51.600000000000584,360.0,283.8127625115776,283.804523976759
8860.0,6824336.53181383,8.165565073055011e-05,51.60000000000069,360.0,284.13361654129005,284.12534890039944
8870.0,6824332.24124745,8.153927283045013e-05,51.60000000000078,360.0,284.4544710113884,284.4461745217655
8880.0,6824327.95067733,8.142033796710733e-05,51.60000000000078,360.0,284.77532593772605,284.7670008217675
8890.0,6824323.660103536,8.129884986213838e-05,51.60000000000083,360.0,285.09618131743997,285.08782779996653
8900.0,6824319.36952597,8.117481230839589e-05,51.60000000000083,360.0,285.4170371592479,285.40865544426975
8910.0,6824315.078944615,8.104822918324436e-05,51.60000000000083,360.0,285.73789346294654,285.7294837514444
8920.0,6824310.788359397,8.091910443891393e-05,51.60000000000082,360.0,286.0587502376499,286.0503127088823
8930.0,6824306.497770332,8.078744211731236e-05,51.600000000000804,360.0,286.379607483136,286.37114231322914
8940.0,6824302.207177289,8.065324632865377e-05,51.60000000000071,360.0,286.7004652090117,286.6919725512584
8950.0,6824297.916580235,8.051652126167843e-05,51.60000000000072,360.0,287.0213234191333,287.01280341541167
8960.0,6824293.625979249,8.037727120090771e-05,51.600000000000705,360.0,287.3421821102328,287.3336349052018
8970.0,6824289.335374184,8.023550049484105e-05,51.6000000000007,360.0,287.663041292388,287.6544670067294
8980.0,6824285.044765133,8.009121357671023e-05,51.60000000000072,360.0,287.9839009596732,287.97529972204353
8990.0,6824280.754151971,7.99444149550178e-05,51.60000000000076,360.0,288.3047611229716,288.29613303631
9000.0,6824276.46353475,7.97951092261505e-05,51.60000000000063,360.0,288.62562178271975,288.616966945091
9010.0,6824272.172913461,7.964330105875111e-05,51.600000000000634,360.0,288.94648293950377,288.93780144372624
9020.0,6824267.882288049,7.948899519596591e-05,51.60000000000071,360.0,289.2673445960798,289.258636525337
9030.0,6824263.591658491,7.933219646915775e-05,51.600000000000755,360.0,289.5882067578656,289.5794721803151
9040.0,6824259.301024829,7.917290977765062e-05,51.60000000000084,360.0,289.90906942114464,289.90030840813
9050.0,6824255.010387038,7.901114010695933e-05,51.60000000000084,360.0,290.2299325916187,290.2211451987732
9060.0,6824250.719745139,7.884689251914287e-05,51.600000000000804,360.0,290.5507962687229,290.541982548447
9070.0,6824246.429099113,7.868017215414291e-05,51.60000000000082,360.0,290.87166045448316,290.86282045070226
9080.0,6824242.138448954,7.851098422261201e-05,51.60000000000085,360.0,291.192525149715,291.1836589002456
9090.0,6824237.847794653,7.833933402253742e-05,51.60000000000079,360.0,291.51339035675926,291.5044978902008
9100.0,6824233.557136181,7.816522691909179e-05,51.60000000000079,360.0,291.834256079917,291.82533741166674
9110.0,6824229.26647364,7.79886683683997e-05,51.600000000000776,360.0,292.1551223129286,292.1461774662633
9120.0,6824224.975806966,7.780966389415959e-05,51.600000000000755,360.0,292.4759890633727,292.4670180417061
9130.0,6824220.685136169,7.762821909283599e-05,51.600000000000726,360.0,292.7968563307723,292.7878591337131
9140.0,6824216.3944612825,7.744433964764344e-05,51.60000000000068,360.0,293.11772411536685,293.10870073723623
9150.0,6824212.103782322,7.72580313125466e-05,51.60000000000061,360.0,293.43859241634703,293.42954284822264
9160.0,6824207.813099254,7.706929992120036e-05,51.60000000000077,360.0,293.75946123806574,293.7503854573983
9170.0,6824203.5224121325,7.687815138118437e-05,51.60000000000087,360.0,294.08033057819785,294.0712285621201
9180.0,6824199.231720909,7.668459167295224e-05,51.60000000000082,360.0,294.40120044258214,294.39207215153516
9190.0,6824194.941025639,7.648862685681078e-05,51.60000000000084,360.0,294.72207082837974,294.7129162234076
9200.0,6824190.6503263125,7.62902630643902e-05,51.600000000000925,360.0,295.04294173674504,295.03376077146
9210.0,6824186.359623034,7.608950651520568e-05,51.600000000000925,360.0,295.3638131627959,295.354605795408
9220.0,6824182.068915697,7.588636348175321e-05,51.60000000000101,360.0,295.684685115555,295.675451281006
9230.0,6824177.778204387,7.568084033351461e-05,51.600000000001046,360.0,296.00555759188046,295.9962972261295
9240.0,6824173.487489058,7.547294349990644e-05,51.60000000000108,360.0,296.32643059654373,296.3171436206966
9250.0,6824169.196769832,7.526267950001669e-05,51.60000000000108,360.0,296.64730412283393,296.63799046605476
9260.0,6824164.906046592,7.505005490615323e-05,51.60000000000102,360.0,296.9681781794229,296.9588377481248
9270.0,6824160.615319476,7.483507638271723e-05,51.60000000000108,360.0,297.28905275964894,297.2796854681166
9280.0,6824156.324588442,7.461775066338152e-05,51.60000000000108,360.0,297.60992786947276,297.60053361456926
9290.0,6824152.033853535,7.439808455194275e-05,51.600000000001025,360.0,297.9308035064099,297.92138218442824
9300.0,6824147.743114766,7.417608492456631e-05,51.60000000000102,360.0,298.2516796715721,298.2422311709934
9310.0,6824143.452372126,7.395175873323567e-05,51.60000000000111,360.0,298.5725563687233,298.56308056487313
9320.0,6824139.161625626,7.372511300628283e-05,51.60000000000117,360.0,298.8934335985673,298.88393035969676
9330.0,6824134.870875307,7.349615484549958e-05,51.60000000000122,360.0,299.21431136051535,299.2047805503433
9340.0,6824130.580121177,7.326489141839518e-05,51.60000000000115,360.0,299.5351896564774,299.5256311291464
9350.0,6824126.2893632725,7.303132996594384e-05,51.60000000000115,360.0,299.8560684854939,299.8464820912783
9360.0,6824121.998601575,7.279547780843878e-05,51.60000000000114,360.0,300.1769478516993,300.16733342677486
9370.0,6824117.70783612,7.255734232930075e-05,51.60000000000102,360.0,300.49782775427013,300.4881851305867
9380.0,6824113.417066885,7.231693098738511e-05,51.60000000000093,360.0,300.8187081983211,300.8090371916971
9390.0,6824109.126293938,7.207425131405362e-05,51.60000000000095,360.0,301.1395891802096,301.1298896078025
9400.0,6824104.83551731,7.1829310916409e-05,51.60000000000095,360.0,301.46047070137723,301.45074237148384
9410.0,6824100.544736943,7.158211745726552e-05,51.60000000000095,360.0,301.7813527683491,301.77159547020153
9420.0,6824096.253952893,7.133267868604523e-05,51.60000000000095,360.0,302.10223537957825,302.0924488994502
9430.0,6824091.963165161,7.108100241566997e-05,51.60000000000079,360.0,302.4231185370049,302.4133026512094
9440.0,6824087.672373781,7.08270965312353e-05,51.60000000000087,360.0,302.74400224129323,302.7341567186978
9450.0,6824083.381578711,7.057096898340878e-05,51.60000000000104,360.0,303.0648865020852,303.0550110861245
9460.0,6824079.090779953,7.031262779844e-05,51.600000000001046,360.0,303.385771316794,303.37586574989416
9470.0,6824074.79997756,7.005208106881979e-05,51.600000000001046,360.0,303.7066566877764,303.69672070144435
9480.0,6824070.5091714915,6.978933695516857e-05,51.60000000000101,360.0,304.0275426207511,304.01757592880926
9490.0,6824066.218361734,6.952440368800684e-05,51.600000000000826,360.0,304.34842911890706,304.3384314225365
9500.0,6824061.927548289,6.925728956471001e-05,51.60000000000077,360.0,304.66931618635977,304.65928717220555
9510.0,6824057.63673115,6.898800295562827e-05,51.60000000000082,360.0,304.9902038274219,304.9801431671806
9520.0,6824053.3459103,6.871655229279294e-05,51.600000000000804,360.0,305.3110920455263,305.30099939767535
9530.0,6824049.055085644,6.84429460789808e-05,51.60000000000075,360.0,305.6319808541958,305.62185584378375
9540.0,6824044.764257331,6.8167192890803e-05,51.60000000000085,360.0,305.95287024497526,305.94271250756077
9550.0,6824040.473425216,6.788930136495475e-05,51.600000000000726,360.0,306.2737602306709,306.2635693697702
9560.0,6824036.182589209,6.76092801973503e-05,51.60000000000081,360.0,306.5946508235401,306.5844264117039
9570.0,6824031.891749319,6.732713816365948e-05,51.60000000000081,360.0,306.915542026504,306.90528362396316
9580.0,6824027.6009054445,6.704288409722826e-05,51.60000000000077,360.0,307.23643385317075,307.2261409864428
9590.0,6824023.310057516,6.675652689747962e-05,51.60000000000084,360.0,307.5573263122055,307.54699848395495
9600.0,6824019.01920545,6.646807553251511e-05,51.6000000000009,360.0,307.8782194147708,307.8678560988063
9610.0,6824014.72834916,6.617753903413101e-05,51.6000000000009,360.0,308.1991131732123,308.18871381208754
9620.0,6824010.43748838,6.588492649027973e-05,51.60000000000075,360.0,308.5200076099151,308.509571594836
9630.0,6824006.146623112,6.559024706707206e-05,51.60000000000079,360.0,308.84090273144693,308.83042943388926
9640.0,6824001.855753055,6.529350997669442e-05,51.60000000000076,360.0,309.1617985671445,309.15128729329854
9650.0,6823997.564878001,6.499472450362561e-05,51.600000000000705,360.0,309.48269513734914,309.4721451460922
9660.0,6823993.27399768,6.469389999263117e-05,51.60000000000064,360.0,309.8035924691331,309.79300295855626
9670.0,6823988.983111694,6.439104583999002e-05,51.60000000000059,360.0,310.12449059928895,310.11386068723704
9680.0,6823984.692219628,6.408617150625387e-05,51.60000000000057,360.0,310.4453895655541,310.43471828772914
9690.0,6823980.4013209585,6.377928650602942e-05,51.600000000000605,360.0,310.7662894164171,310.75557570485086
9700.0,6823976.110415005,6.347040040831923e-05,51.60000000000076,360.0,311.08719020960234,311.07643287419137
9710.0,6823971.8195008645,6.31595228232066e-05,51.600000000000755,360.0,311.40809202423225,311.39728970991
9720.0,6823967.528577498,6.284666341944629e-05,51.60000000000067,360.0,311.7289949452973,311.718146120301
9730.0,6823963.237643332,6.253183187944852e-05,51.60000000000053,360.0,312.0498991055502,312.03900196588336
9740.0,6823958.9466964,6.22150379274578e-05,51.60000000000044,360.0,312.3708046618373,312.3598570830675
9750.0,6823954.655733889,6.189629127616588e-05,51.60000000000048,360.0,312.69171184233943,312.68071123693534
9760.0,6823950.3647518065,6.157560161355455e-05,51.60000000000049,360.0,313.0126209638264,313.0015641039566
9770.0,6823946.073743729,6.125297849862099e-05,51.60000000000055,360.0,313.3335325310783,313.32241517260246
9780.0,6823941.782699405,6.092843126252187e-05,51.600000000000456,360.0,313.6544473397982,313.6432636403982
9790.0,6823937.49159986,6.060196862158635e-05,51.6000000000005,360.0,313.97536685146514,313.964108039102
9800.0,6823933.200404491,6.0273597682914056e-05,51.60000000000047,360.0,314.296294171247,314.28494525677024
9810.0,6823928.908995692,5.994331966140308e-05,51.60000000000051,360.0,314.6172382206472,314.60576636512343
9820.0,6823924.616515739,5.9611078452865205e-05,51.600000000000456,360.0,314.9382635393475,314.92650681771033
9830.0,6823920.326204901,5.927713638945934e-05,51.60000000000052,360.0,315.2591281966034,315.24740853848834
9840.0,6823916.0359031325,5.8941335061506146e-05,51.60000000000058,360.0,315.57999165179604,315.568312061304
9850.0,6823911.74534667,5.8603664842007905e-05,51.60000000000064,360.0,315.9008742590237,315.8891970252833
9860.0,6823907.454695688,5.8264148830690925e-05,51.600000000000556,360.0,316.2217641711665,316.21007527076796
9870.0,6823903.163994415,5.7922801137223535e-05,51.60000000000046,360.0,316.5426581417696,316.53095003743863
9880.0,6823898.873261698,5.7579633944161616e-05,51.600000000000485,360.0,316.8635547977512,316.851822691608
9890.0,6823894.5825072,5.723465877073078e-05,51.60000000000068,360.0,317.18445344305036,317.1726939225711
9900.0,6823890.291736728,5.688788689058273e-05,51.60000000000066,360.0,317.50535366477175,317.4935641364614
9910.0,6823886.000953896,5.6539329461519496e-05,51.60000000000057,360.0,317.8262552091762,317.81443358026297
9920.0,6823881.710161209,5.6188997610642056e-05,51.60000000000048,360.0,318.1471579024674,318.1353024210197
9930.0,6823877.419360423,5.5836902459068e-05,51.60000000000057,360.0,318.46806163032875,318.4561707663094
9940.0,6823873.128552858,5.5483055151745154e-05,51.600000000000534,360.0,318.78896630366773,318.7770386984922
9950.0,6823868.837739477,5.512746686045913e-05,51.60000000000044,360.0,319.10987186236787,319.09790627095657
9960.0,6823864.546921159,5.477014880323783e-05,51.60000000000035,360.0,319.430778251996,319.4187735314236
9970.0,6823860.256098431,5.441111222463177e-05,51.600000000000286,360.0,319.7516854434687,319.73964050227477
9980.0,6823855.965271813,5.405036842363265e-05,51.600000000000186,360.0,320.0725934110132,320.0605072025854
9990.0,6823851.674441845,5.368792875432119e-05,51.600000000000165,360.0,320.39350212148304,320.3813736588287
10000.0,6823847.383608815,5.3323804603271715e-05,51.60000000000023,360.0,320.71441156701013,320.70223987220606
10010.0,6823843.092773005,5.295800741003842e-05,51.60000000000026,360.0,321.03532173463543,321.0231058490196
10020.0,6823838.80193468,5.2590548664923874e-05,51.60000000000028,360.0,321.3562326211693,321.3439715858285
10030.0,6823834.511094065,5.22214399076286e-05,51.60000000000032,360.0,321.67714421531696,321.6648370873016
10040.0,6823830.220251413,5.185069273114807e-05,51.60000000000031,360.0,321.9980565120891,321.98570235182433
10050.0,6823825.929406905,5.1478318777128986e-05,51.60000000000035,360.0,322.3189695068745,322.3065673774216
10060.0,6823821.63856064,5.1104329727652365e-05,51.600000000000364,360.0,322.63988320463847,322.62743215255847
10070.0,6823817.347712808,5.0728737325557536e-05,51.60000000000039,360.0,322.9607976028646,322.94829667320374
10080.0,6823813.056863556,5.035155335953461e-05,51.60000000000039,360.0,323.2817127048044,323.2691609295755
10090.0,6823808.766013021,4.997278966811086e-05,51.600000000000435,360.0,323.6026285103657,323.590024915254
10100.0,6823804.475161313,4.959245813645831e-05,51.60000000000044,360.0,323.92354502432477,323.91088861897975
10110.0,6823800.18430854,4.9210570700058905e-05,51.6000000000004,360.0,324.2444622560307,324.23175202493786
10120.0,6823795.893454849,4.882713934554995e-05,51.60000000000037,360.0,324.56538019974215,324.55261513242806
10130.0,6823791.602600222,4.844217609289788e-05,51.60000000000037,360.0,324.88629887752745,324.8734779129651
10140.0,6823787.31174489,4.8055693035303726e-05,51.600000000000456,360.0,325.20721828786037,325.1943403616771
10150.0,6823783.020888805,4.766770228619903e-05,51.600000000000364,360.0,325.5281384407014,325.51520246224214
10160.0,6823778.730032071,4.727821602052606e-05,51.600000000000364,360.0,325.8490593506774,325.8360641936913
10170.0,6823774.439174802,4.688724646257305e-05,51.6000000000004,360.0,326.16998102415704,326.15692554334197
10180.0,6823770.148317066,4.649480587805498e-05,51.6000000000003,360.0,326.4909034721448,326.47778649390506
10190.0,6823765.857458934,4.610090657708423e-05,51.6000000000003,360.0,326.81182671082837,326.79864702293435
10200.0,6823761.566600499,4.5705560921103216e-05,51.60000000000046,360.0,327.13275074274804,327.1195071216652
10210.0,6823757.2757417755,4.5308781310369864e-05,51.60000000000044,360.0,327.45367559018797,327.44036676161966
10220.0,6823752.984882865,4.4910580192456174e-05,51.6000000000005,360.0,327.77460126108696,327.7612259286894
10230.0,6823748.69402371,4.451097005214295e-05,51.6000000000005,360.0,328.09552778232637,328.0820845898591
10240.0,6823744.403164502,4.410996343828303e-05,51.60000000000058,360.0,328.41645515822785,328.40294273470437
10250.0,6823740.112305301,4.37075729289235e-05,51.60000000000054,360.0,328.7373834070242,328.72380033892813
10260.0,6823735.821446076,4.3303811141532674e-05,51.60000000000054,360.0,329.05831255024987,329.04465737496463
10270.0,6823731.530586913,4.2898690744688866e-05,51.60000000000053,360.0,329.37924260751026,329.3655138172081
10280.0,6823727.239727913,4.249222445033811e-05,51.6000000000006,360.0,329.7001735945817,329.6863696439183
10290.0,6823722.948869059,4.2084425007958384e-05,51.60000000000059,360.0,330.02110553774753,330.00722482288506
10300.0,6823718.658010404,4.167530520868655e-05,51.600000000000634,360.0,330.3420384588777,330.3280793263567
10310.0,6823714.367151955,4.126487788234412e-05,51.600000000000655,360.0,330.6629723859568,330.64893312049213
10320.0,6823710.076293813,4.0853155910900194e-05,51.60000000000061,360.0,330.9839073361123,330.9697861823522
10330.0,6823705.7854360435,4.044015221223957e-05,51.60000000000073,360.0,331.3048433394042,331.29063847610587
10340.0,6823701.4945786465,4.00258797377554e-05,51.600000000000776,360.0,331.62578042021136,331.61148997164065
10350.0,6823697.203721679,3.961035148393596e-05,51.60000000000076,360.0,331.9467186119392,331.9323406298621
10360.0,6823692.912865214,3.91935804914856e-05,51.60000000000084,360.0,332.2676579393525,332.2531904203534
10370.0,6823688.62200922,3.877557982524799e-05,51.60000000000082,360.0,332.58859843902474,332.5740393009358
10380.0,6823684.33115375,3.8356362599115274e-05,51.60000000000083,360.0,332.9095401478017,332.8948872291979
10390.0,6823680.040298874,3.793594196823418e-05,51.60000000000081,360.0,333.23048309852715,333.21573416677495
10400.0,6823675.749444563,3.751433111500668e-05,51.600000000000904,360.0,333.5514273282968,333.5365800710917
10410.0,6823671.458590884,3.7091543268164146e-05,51.60000000000095,360.0,333.8723728823575,333.85742489147304
10420.0,6823667.167737925,3.66675916954922e-05,51.600000000000904,360.0,334.19331979188473,334.1782685913563
10430.0,6823662.876885615,3.624248968576277e-05,51.60000000000095,360.0,334.514268111979,334.49911111030616
10440.0,6823658.586033991,3.581625057667022e-05,51.60000000000097,360.0,334.835217894599,334.8199523910685
10450.0,6823654.295183136,3.5388887739519605e-05,51.600000000000996,360.0,335.15616917274303,335.14079239540365
10460.0,6823650.004333119,3.496041458794445e-05,51.60000000000096,360.0,335.4771220068045,335.46163105771944
10470.0,6823645.713483836,3.453084454978637e-05,51.60000000000092,360.0,335.79807645444146,335.78246831521096
10480.0,6823641.422635423,3.410019110811906e-05,51.60000000000088,360.0,336.11903256439274,336.10330411404334
10490.0,6823637.131787875,3.3668467768313785e-05,51.6000000000009,360.0,336.4399904021848,336.42413838364587
10500.0,6823632.840941163,3.323568806997352e-05,51.60000000000095,360.0,336.760950041622,336.74497104521487
10510.0,6823628.5500953365,3.280186559314956e-05,51.60000000000097,360.0,337.08191155518136,337.06580202133193
10520.0,6823624.259250439,3.2367013945147293e-05,51.600000000000996,360.0,337.40287500026557,337.38663124969895
10530.0,6823619.968406408,3.193114675937659e-05,51.60000000000101,360.0,337.72384046633437,337.7074586360248
10540.0,6823615.67756337,3.1494277718420106e-05,51.60000000000095,360.0,338.0448080310827,338.0282840978234
10550.0,6823611.3867212515,3.105642051648935e-05,51.60000000000099,360.0,338.36577778695636,338.34910753791894
10560.0,6823607.09588013,3.0617588893453975e-05,51.60000000000093,360.0,338.68674981889677,338.66992886669794
10570.0,6823602.805039908,3.017779660176585e-05,51.6000000000009,360.0,339.00772423125784,338.99074797517903
10580.0,6823598.514200707,2.9737057454945163e-05,51.600000000000925,360.0,339.32870113489065,339.3115647479494
10590.0,6823594.223362461,2.9295385259940008e-05,51.60000000000088,360.0,339.64968064144347,339.6323790688502
10600.0,6823589.932525207,2.885279387836708e-05,51.60000000000084,360.0,339.97066286222565,339.9531908221216
10610.0,6823585.64168894,2.8409297188315297e-05,51.60000000000077,360.0,340.2916479299437,340.27399987066275
10620.0,6823581.350853637,2.796490909924164e-05,51.60000000000078,360.0,340.6126359804064,340.5948060743267
10630.0,6823577.060019325,2.7519643551950783e-05,51.60000000000069,360.0,340.93362715603115,340.91560928642053
10640.0,6823572.76918601,2.7073514510317634e-05,51.60000000000071,360.0,341.2546216119509,341.23640934759146
10650.0,6823568.478353662,2.6626535965429558e-05,51.60000000000066,360.0,341.5756195192437,341.55720608260344
10660.0,6823564.187522265,2.617872193580278e-05,51.60000000000066,360.0,341.8966210621943,341.8779993030703
10670.0,6823559.896691858,2.5730086468564062e-05,51.60000000000069,360.0,342.2176264189428,342.1987888268217
10680.0,6823555.6058623055,2.5280643624320793e-05,51.60000000000077,360.0,342.53863582226137,342.5195744171035
10690.0,6823551.3150336705,2.483040750206025e-05,51.60000000000075,360.0,342.859649474482,342.84035586767004
10700.0,6823547.024205868,2.4379392215769257e-05,51.600000000000705,360.0,343.180667622172,343.16113292810087
10710.0,6823542.733378979,2.3927611922319202e-05,51.6000000000007,360.0,343.5016905205625,343.48190533937594
10720.0,6823538.44255285,2.3475080774095564e-05,51.60000000000082,360.0,343.8227184529825,343.80267281443787
10730.0,6823534.151727538,2.3021812969791352e-05,51.600000000000755,360.0,344.14375171591547,344.123435053142
10740.0,6823529.860903028,2.2567822727144268e-05,51.600000000000776,360.0,344.4647906324543,344.44419172879714
10750.0,6823525.570079159,2.2113124268344712e-05,51.60000000000084,360.0,344.7858355784364,344.7649424620312
10760.0,6823521.279255996,2.1657731857576155e-05,51.60000000000083,360.0,345.1068869148368,345.08568688839614
10770.0,6823516.988433391,2.120165976805951e-05,51.600000000000755,360.0,345.4279450829522,345.4064245631992
10780.0,6823512.697611303,2.074492229821057e-05,51.60000000000084,360.0,345.74901053886947,345.7271550270114
10790.0,6823508.406789696,2.0287533770097025e-05,51.60000000000075,360.0,346.07008377961427,346.0478777795384
10800.0,6823504.115968486,1.9829508520327565e-05,51.60000000000073,360.0,346.39116535276816,346.36859226999024
10810.0,6823499.825147566,1.9370860903028976e-05,51.60000000000075,360.0,346.71225585899117,346.6892978945722
10820.0,6823495.5343268365,1.89116052962021e-05,51.60000000000072,360.0,347.03335597626733,347.00999397222563
10830.0,6823491.243506291,1.845175610303079e-05,51.60000000000071,360.0,347.3544664174062,347.33067978714195
10840.0,6823486.952685757,1.7991327722964944e-05,51.60000000000064,360.0,347.67558798162554,347.6513545371701
10850.0,6823482.661865077,1.753033458673502e-05,51.60000000000061,360.0,347.9967215786027,347.972017309767
10860.0,6823478.371044137,1.706879114091519e-05,51.60000000000067,360.0,348.3178682002821,348.29266711019386
10870.0,6823474.0802228125,1.6606711849807405e-05,51.60000000000073,360.0,348.6390289475353,348.61330283484716
10880.0,6823469.789400868,1.6144111177608637e-05,51.600000000000655,360.0,348.9602050526486,348.93392324878494
10890.0,6823465.49857826,1.5681003633441588e-05,51.600000000000605,360.0,349.28139789233205,349.2545269727151
10900.0,6823461.207754704,1.5217403709530666e-05,51.60000000000064,360.0,349.602609017915,349.5751124527882
10910.0,6823456.916929947,1.4753325922430316e-05,51.60000000000054,360.0,349.9238401963453,349.89567791960945
10920.0,6823452.626103881,1.4288784813006635e-05,51.60000000000049,360.0,350.24509338086807,350.216221417557
10930.0,6823448.335276095,1.3823794912124732e-05,51.600000000000485,360.0,350.5663708506182,350.5367406651947
10940.0,6823444.044446382,1.3358370778999864e-05,51.600000000000485,360.0,350.8876751471723,350.85723311871334
10950.0,6823439.753614397,1.2892526975894899e-05,51.60000000000063,360.0,351.20900922658245,351.1776958198981
10960.0,6823435.462779701,1.2426278066974373e-05,51.6000000000007,360.0,351.53037648326136,351.49812537225495
10970.0,6823431.171941899,1.1959638635156978e-05,51.600000000000705,360.0,351.85178084149254,351.8185178494768
10980.0,6823426.881100495,1.1492623260358008e-05,51.60000000000072,360.0,352.17322686428156,352.13886868661814
10990.0,6823422.590255068,1.102524654617744e-05,51.6000000000007,360.0,352.4947198981785,352.4591725352595
11000.0,6823418.299404919,1.0557523076023755e-05,51.60000000000072,360.0,352.8162662476691,352.7794230891168
11010.0,6823414.008549397,1.0089467451067655e-05,51.60000000000072,360.0,353.13787340024027,353.0996128589789
11020.0,6823409.717687643,9.621094259364992e-06,51.60000000000071,360.0,353.45955031140534,353.4197328876826
11030.0,6823405.426818781,9.152418095189732e-06,51.600000000000804,360.0,353.7813077706925,353.7397723841195
11040.0,6823401.1359417,8.683453537209971e-06,51.60000000000083,360.0,354.10315891942406,354.0597182054672
11050.0,6823396.845055323,8.214215178158845e-06,51.600000000000826,360.0,354.4251199092405,354.3795541986588
11060.0,6823392.554158049,7.74471756498632e-06,51.600000000000826,360.0,354.74721084377484,354.6992602587058
11070.0,6823388.263248125,7.274975227706644e-06,51.60000000000087,360.0,355.06945702963054,355.0188110777226
11080.0,6823383.9723235,6.805002677805896e-06,51.6000000000007,360.0,355.3918907972486,355.33817432406653
11090.0,6823379.681381661,6.334814381160764e-06,51.60000000000071,360.0,355.71455409070376,355.65730805253145
11100.0,6823375.390419356,5.864424731364939e-06,51.60000000000075,360.0,356.03750239102106,355.97615678103796
11110.0,6823371.099432692,5.393848059517445e-06,51.60000000000069,360.0,356.36081057350935,356.2946456332964
11120.0,6823366.808416705,4.923098581060461e-06,51.60000000000067,360.0,356.6845822203626,356.6126710262084
11130.0,6823362.517364779,4.4521903383832754e-06,51.60000000000059,360.0,357.0089648410129,356.930085449513
11140.0,6823358.226268217,3.9811371519466115e-06,51.6000000000006,360.0,357.33417589534673,357.2466714425689
11150.0,6823353.935114998,3.5099524885619427e-06,51.600000000000705,360.0,357.66054980128814,357.562094586771
11160.0,6823349.643887638,3.0386492168550012e-06,51.600000000000776,360.0,357.98862879754455,357.8758126428111
11170.0,6823345.352560179,2.5672392896010244e-06,51.60000000000084,360.0,358.3193538676247,358.1868846266532
11180.0,6823341.061090491,2.095732909137234e-06,51.600000000000705,360.0,358.6545137907784,358.4935217585995
11190.0,6823336.769403967,1.6241367622116526e-06,51.600000000000755,360.0,358.99797704337885,358.79185556189594
11200.0,6823332.477347892,1.1524491098772726e-06,51.600000000000776,360.0,359.35995128134647,359.07167838032274
11210.0,6823328.18452077,6.806415732735694e-07,51.60000000000066,360.0,359.7789737160097,359.2944530023334
11220.0,6823323.888952456,2.085220528093617e-07,51.60000000000064,360.0,0.6430708578038226,359.0721529173335
11230.0,6823319.61852154,2.608899079854307e-07,51.60000000000075,360.0,179.55551522659675,180.80150560539337
11240.0,6823315.332237036,7.319915934755564e-07,51.60000000000069,360.0,180.2798465715004,180.71897131739684
11250.0,6823311.043720594,1.2033239074076712e-06,51.600000000000776,360.0,180.68834341800311,180.95227152794445
11260.0,6823306.7545132125,1.6746960497292484e-06,51.60000000000078,360.0,181.04757189407482,181.2348401092146
11270.0,6823302.464965219,2.1460539192842963e-06,51.6000000000009,360.0,181.38998392353398,181.53422513762382
11280.0,6823298.175214505,2.6173673484480858e-06,51.600000000000925,360.0,181.7246607840527,181.84134533580516
11290.0,6823293.885329638,3.0886139230523443e-06,51.600000000000925,360.0,182.055141852094,182.15266132767832
11300.0,6823289.59534986,3.5597745109542896e-06,51.60000000000084,360.0,182.3830925806672,182.4665076606949
11310.0,6823285.305299603,4.03083162158379e-06,51.60000000000092,360.0,182.7093998073993,182.78199749776329
11320.0,6823281.015195207,4.501768672828524e-06,51.6000000000009,360.0,183.03457918889998,183.09861518288017
11330.0,6823276.725048072,4.972569628470181e-06,51.60000000000079,360.0,183.3589510129701,183.4160404289316
11340.0,6823272.434866608,5.443218793593591e-06,51.60000000000073,360.0,183.6827247149912,183.73406380130044
11350.0,6823268.144656865,5.9137007325146135e-06,51.60000000000087,360.0,184.00604306791314,184.05254252787014
11360.0,6823263.854423807,6.384000140292072e-06,51.6000000000009,360.0,184.32900671078156,184.37137597051034
11370.0,6823259.564171106,6.8541018598504425e-06,51.60000000000087,360.0,184.65168864729466,184.69049112650796
11380.0,6823255.273901915,7.3239907962176576e-06,51.6000000000009,360.0,184.97414311593954,185.00983375843887
11390.0,6823250.98361855,7.793651953467398e-06,51.60000000000075,360.0,185.29641127276474,185.3293627113929
11400.0,6823246.693323029,8.263070378547798e-06,51.600000000000655,360.0,185.61852489229724,185.64904621205332
11410.0,6823242.403017046,8.732231155803229e-06,51.60000000000054,360.0,185.9405089185263,185.96885931771814
11420.0,6823238.112702109,9.201119403196856e-06,51.60000000000058,360.0,186.2623831901883,186.28878219101279
11430.0,6823233.822379337,9.66972028906322e-06,51.60000000000075,360.0,186.58416368999397,186.60879885066217
11440.0,6823229.532049684,1.0138019010819977e-05,51.60000000000078,360.0,186.90586343156397,186.92889628455248
11450.0,6823225.241714084,1.0606000771639417e-05,51.60000000000092,360.0,187.2274931478312,187.24906376133757
11460.0,6823220.951373333,1.10736508059846e-05,51.60000000000086,360.0,187.54906172494208,187.56929239652655
11470.0,6823216.6610281095,1.1540954367471205e-05,51.60000000000082,360.0,187.87057661393123,187.88957474081909
11480.0,6823212.370678991,1.200789673565273e-05,51.60000000000079,360.0,188.19204410771263,188.20990450309844
11490.0,6823208.08032643,1.2474463212944963e-05,51.60000000000088,360.0,188.51346954020028,188.53027635133495
11500.0,6823203.789970917,1.2940639109151909e-05,51.60000000000087,360.0,188.83485747220368,188.8506857266681
11510.0,6823199.49961289,1.3406409755033359e-05,51.600000000000826,360.0,189.15621183857482,189.1711286962676
11520.0,6823195.209252729,1.3871760494260601e-05,51.60000000000082,360.0,189.47753604362384,189.4916018579181
11530.0,6823190.918890723,1.4336676698863655e-05,51.600000000000875,360.0,189.79883303785078,189.81210226328625
11540.0,6823186.628527083,1.480114375986285e-05,51.60000000000094,360.0,190.12010540554934,190.13262733031831
11550.0,6823182.338162224,1.5265147064475015e-05,51.60000000000085,360.0,190.4413553921562,190.45317481588822
11560.0,6823178.047796301,1.572867203773383e-05,51.60000000000085,360.0,190.7625850135216,190.7737427065285
11570.0,6823173.757429511,1.6191704117985215e-05,51.60000000000073,360.0,191.08379602393532,191.0943292504016
11580.0,6823169.467062035,1.66542287593685e-05,51.60000000000072,360.0,191.4049900011478,191.4149328722806
11590.0,6823165.17669405,1.7116231433263423e-05,51.60000000000075,360.0,191.72616833704436,191.73555218287376
11600.0,6823160.886325689,1.757769763186266e-05,51.600000000000776,360.0,192.0473322906057,192.05618592586328
11610.0,6823156.595957208,1.803861285275899e-05,51.6000000000009,360.0,192.36848295444076,192.37683301137398
11620.0,6823152.305588579,1.849896263614185e-05,51.600000000000996,360.0,192.68962135758485,192.6974924131775
11630.0,6823148.015220088,1.8958732516971427e-05,51.60000000000095,360.0,193.01074838403022,193.01816325014778
11640.0,6823143.724851751,1.941790806331084e-05,51.60000000000092,360.0,193.33186487203284,193.3388446869727
11650.0,6823139.434483686,1.9876474861075612e-05,51.60000000000094,360.0,193.65297155738364,193.65953599086484
11660.0,6823135.144115899,2.033441852084407e-05,51.6000000000009,360.0,193.97406913446991,193.98023647052113
11670.0,6823130.85374857,2.079172466337591e-05,51.600000000000875,360.0,194.29515818967818,194.30094554269652
11680.0,6823126.563381745,2.1248378934248973e-05,51.60000000000087,360.0,194.61623930827227,194.621662625339
11690.0,6823122.273015478,2.1704366999190712e-05,51.60000000000088,360.0,194.9373129973174,194.94238721465862
11700.0,6823117.982649817,2.2159674551867552e-05,51.60000000000092,360.0,195.25837972234837,195.2631188484665
11710.0,6823113.692284869,2.261428729905339e-05,51.60000000000092,360.0,195.57943991293826,195.58385710059528
11720.0,6823109.4019205095,2.306819098668627e-05,51.60000000000084,360.0,195.90049398935705,195.90460155425646
11730.0,6823105.111557011,2.3521371350491892e-05,51.600000000000776,360.0,196.22154228684104,196.22535187775378
11740.0,6823100.8211943,2.3973814178782864e-05,51.60000000000071,360.0,196.54258516669006,196.54610771338832
11750.0,6823096.530832421,2.4425505274690893e-05,51.60000000000063,360.0,196.86362292906884,196.86686876466928
11760.0,6823092.240471432,2.487643046110067e-05,51.60000000000068,360.0,197.18465587322328,197.18763473607913
11770.0,6823087.950111321,2.532657559533789e-05,51.60000000000063,360.0,197.50568425707203,197.50840537349816
11780.0,6823083.659752046,2.57759265595315e-05,51.60000000000061,360.0,197.82670834484873,197.82918041654838
11790.0,6823079.369393743,2.6224469240235523e-05,51.60000000000061,360.0,198.147728352038,198.14995965366867
11800.0,6823075.079036322,2.6672189576598494e-05,51.60000000000052,360.0,198.4687445178831,198.4707428495986
11810.0,6823070.788679882,2.7119073514149065e-05,51.60000000000061,360.0,198.78975702010814,198.79152983065816
11820.0,6823066.498324415,2.756510703149797e-05,51.60000000000071,360.0,199.11076606967669,199.11232038998776
11830.0,6823062.207969931,2.801027613451151e-05,51.600000000000776,360.0,199.4317718274053,199.43311437093377
11840.0,6823057.917616429,2.8454566858909736e-05,51.60000000000075,360.0,199.75277445721335,199.7539116138027
11850.0,6823053.627263888,2.8897965269493847e-05,51.60000000000066,360.0,200.07377411354102,200.0747119684382
11860.0,6823049.336912299,2.9340457453870628e-05,51.600000000000755,360.0,200.39477095227852,200.39551528329255
11870.0,6823045.046561659,2.9782029530507075e-05,51.60000000000084,360.0,200.71576510355362,200.71632143264014
11880.0,6823040.756211965,3.0222667654008888e-05,51.60000000000075,360.0,201.03675669262785,201.03713029567146
11890.0,6823036.465863279,3.066235798558728e-05,51.60000000000087,360.0,201.3577458430544,201.35794175335272
11900.0,6823032.17551552,3.110108674222474e-05,51.60000000000085,360.0,201.67873267367807,201.6787556914099
11910.0,6823027.885168686,3.153884016067174e-05,51.60000000000082,360.0,201.99971728520467,201.99957201376088
11920.0,6823023.594822784,3.197560450577381e-05,51.600000000000776,360.0,202.3206997774927,202.3203906252322
11930.0,6823019.304477775,3.241136607669841e-05,51.60000000000073,360.0,202.64168025383626,202.6412114272653
11940.0,6823015.0141336955,3.284611120043748e-05,51.60000000000073,360.0,202.96265879773526,202.9620343411536
11950.0,6823010.723790447,3.3279826250172066e-05,51.60000000000067,360.0,203.2836355030641,203.28285927786422
11960.0,6823006.433448038,3.371249761748544e-05,51.60000000000066,360.0,203.60461044987971,203.60368616223943
11970.0,6823002.143106455,3.414411172490733e-05,51.60000000000058,360.0,203.9255837130884,203.9245149243226
11980.0,6822997.852765652,3.4574655038590614e-05,51.600000000000634,360.0,204.24655536823133,204.24534549357193
11990.0,6822993.562425669,3.500411404671987e-05,51.600000000000605,360.0,204.56752547744992,204.56617781290063
12000.0,6822989.272086472,3.543247527927632e-05,51.60000000000059,360.0,204.88849411075125,204.88701181739907
12010.0,6822984.9817479635,3.585972530342104e-05,51.60000000000055,360.0,205.20946133780524,205.2078474425568
12020.0,6822980.691410168,3.628585071683825e-05,51.60000000000053,360.0,205.53042721072669,205.528684641457
12030.0,6822976.401073032,3.671083815232387e-05,51.600000000000534,360.0,205.85139179370526,205.84952335515894
12040.0,6822972.110736556,3.713467428043935e-05,51.60000000000053,360.0,206.17235513670275,206.17036353899607
12050.0,6822967.820400706,3.75573458006613e-05,51.60000000000042,360.0,206.49331729081197,206.49120514721974
12060.0,6822963.530065424,3.7978839461935086e-05,51.600000000000406,360.0,206.8142783069832,206.81204813427968
12070.0,6822959.239730688,3.8399142039470446e-05,51.6000000000005,360.0,207.13523823705768,207.13289245376174
12080.0,6822954.949396444,3.8818240352001695e-05,51.60000000000042,360.0,207.45619712213502,207.45373807004924
12090.0,6822950.659062636,3.923612125695566e-05,51.600000000000456,360.0,207.7771550174762,207.77458493341356
12100.0,6822946.368729256,3.965277164356482e-05,51.60000000000047,360.0,208.09811194743008,208.09543302507134
12110.0,6822942.078396272,4.006817844182628e-05,51.60000000000053,360.0,208.41906796378822,208.41628229884174
12120.0,6822937.788063617,4.0482328624579897e-05,51.600000000000485,360.0,208.74002310430703,208.73713272262935
12130.0,6822933.497731274,4.089520919998133e-05,51.60000000000054,360.0,209.06097740676168,209.05798426434964
12140.0,6822929.207399161,4.1306807220152464e-05,51.60000000000051,360.0,209.38193090552912,209.3788368953652
12150.0,6822924.917067282,4.1717109771562256e-05,51.60000000000053,360.0,209.70288363456802,209.6996905874958
12160.0,6822920.626735531,4.212610398938831e-05,51.6000000000005,360.0,210.02383562952616,210.0205453109099
12170.0,6822916.3364039315,4.253377703826552e-05,51.60000000000051,360.0,210.34478691833485,210.34140104353384
12180.0,6822912.046072354,4.2940116140448637e-05,51.60000000000058,360.0,210.66573753626338,210.66225775598866
12190.0,6822907.75574072,4.334510855239264e-05,51.60000000000063,360.0,210.98668752033313,210.98311541718468
12200.0,6822903.465409074,4.374874156189248e-05,51.60000000000067,360.0,211.3076368839575,211.3039740196816
12210.0,6822899.175077322,4.415100251300693e-05,51.60000000000066,360.0,211.62858566520939,211.62483353140263
12220.0,6822894.88474543,4.4551878788951806e-05,51.60000000000059,360.0,211.94953388460308,211.9456939378754
12230.0,6822890.594413199,4.4951357827261355e-05,51.600000000000556,360.0,212.27048158621508,212.26655520109364
12240.0,6822886.30408077,4.534942708056364e-05,51.60000000000053,360.0,212.59142877341196,212.5874173238007
12250.0,6822882.013747947,4.574607407645041e-05,51.60000000000067,360.0,212.91237548955095,212.9082802687729
12260.0,6822877.723414668,4.614128637393139e-05,51.600000000000705,360.0,213.23332174986422,213.22914402695412
12270.0,6822873.433080888,4.653505157685327e-05,51.600000000000776,360.0,213.55426757903103,213.55000857985942
12280.0,6822869.142746499,4.692735733857434e-05,51.600000000000755,360.0,213.8752130055087,213.87087390526744
12290.0,6822864.85241145,4.73181913530547e-05,51.60000000000076,360.0,214.19615804575037,214.1917399929892
12300.0,6822860.562075611,4.77075413669387e-05,51.600000000000776,360.0,214.51710273391902,214.51260681514904
12310.0,6822856.271738985,4.809539516382289e-05,51.60000000000078,360.0,214.83804707597616,214.83347437210512
12320.0,6822851.9814014165,4.848174058455198e-05,51.60000000000081,360.0,215.15899110318153,215.15434263893843
12330.0,6822847.691062728,4.88665655246114e-05,51.60000000000086,360.0,215.47993484276125,215.47521159479976
12340.0,6822843.400722951,4.9249857904625136e-05,51.60000000000104,360.0,215.80087830525554,215.79608123554533
12350.0,6822839.110381894,4.9631605710384925e-05,51.60000000000106,360.0,216.12182151891457,216.11695153934818
12360.0,6822834.820039451,5.001179697383276e-05,51.60000000000114,360.0,216.44276450714523,216.4378224892458
12370.0,6822830.52969545,5.0390419776899564e-05,51.60000000000105,360.0,216.76370729246042,216.75869406919603
12380.0,6822826.23934983,5.07674622447563e-05,51.60000000000096,360.0,217.08464988870813,217.07956627184467
12390.0,6822821.949002366,5.114291256564855e-05,51.60000000000095,360.0,217.40559233018115,217.40043906941048
12400.0,6822817.6586529,5.1516758968226936e-05,51.60000000000117,360.0,217.72653463477798,217.72131245053234
12410.0,6822813.368301272,5.188898973485888e-05,51.600000000001074,360.0,218.0474768234766,218.04218640078264
12420.0,6822809.077947187,5.2259593209099954e-05,51.6000000000011,360.0,218.36841893337004,218.3630608896442
12430.0,6822804.787590443,5.262855777573079e-05,51.600000000001046,360.0,218.68936098087624,218.68393590729053
12440.0,6822800.497230835,5.299587187348711e-05,51.60000000000112,360.0,219.01030299549123,219.00481143083297
12450.0,6822796.20686804,5.336152400147056e-05,51.600000000001096,360.0,219.3312450067121,219.32568743740617
12460.0,6822791.916501608,5.3725502720614145e-05,51.60000000000104,360.0,219.65218705681937,219.64656389136547
12470.0,6822787.626131205,5.4087796636191495e-05,51.60000000000098,360.0,219.9731291770782,219.96744076810288
12480.0,6822783.335756352,5.444839441807604e-05,51.60000000000096,360.0,220.29407141204354,220.28831802973482
12490.0,6822779.045376548,5.4807284787345174e-05,51.600000000000996,360.0,220.6150138016979,220.60919564296918
12500.0,6822774.7549908785,5.51644565571071e-05,51.60000000000102,360.0,220.93595642258694,220.9300735379508
12510.0,6822770.464598688,5.5519898568588936e-05,51.600000000001074,360.0,221.25689932465755,221.2509516714419
12520.0,6822766.174198785,5.587359976419478e-05,51.600000000001074,360.0,221.57784260313477,221.5718299549385
12530.0,6822761.883789786,5.622554914983321e-05,51.60000000000105,360.0,221.89878635926755,221.89270829391631
12540.0,6822757.593369883,5.657573582670912e-05,51.60000000000099,360.0,222.21973073120324,222.21358655696682
12550.0,6822753.302936576,5.69241490027926e-05,51.60000000000094,360.0,222.5406759041071,222.5344645656759
12560.0,6822749.012486394,5.727077801906935e-05,51.60000000000096,360.0,222.86162213393462,222.85534207083685
12570.0,6822744.722014125,5.7615612406426477e-05,51.600000000000996,360.0,223.18256980053422,223.17621869936957
12580.0,6822740.431511605,5.795864198946764e-05,51.600000000001074,360.0,223.50351950403342,223.49709385790388
12590.0,6822736.140964586,5.829985712295149e-05,51.600000000001074,360.0,223.82447228603556,223.8179665116116
12600.0,6822731.850344979,5.863924930536127e-05,51.60000000000096,360.0,224.14543021018912,224.13883460361987
12610.0,6822727.559584586,5.897681322867641e-05,51.60000000000102,360.0,224.4663983039995,224.45969311320158
12620.0,6822723.268412417,5.931255946447346e-05,51.60000000000105,360.0,224.78739664925303,224.78052196534958
12630.0,6822718.977856095,5.9646397909089566e-05,51.600000000000996,360.0,225.1083477075947,225.1013987052
12640.0,6822714.68847355,5.9978273525019157e-05,51.600000000000925,360.0,225.4292119875666,225.42236283099479
12650.0,6822710.398523053,6.030831164803723e-05,51.60000000000104,360.0,225.7501191979579,225.74328464072693
12660.0,6822706.108432344,6.0636468788861415e-05,51.60000000000115,360.0,226.07103711103352,226.06419636891235
12670.0,6822701.8182757255,6.0962728913190464e-05,51.60000000000132,360.0,226.39196009236124,226.3851036567638
12680.0,6822697.528080078,6.128707971058217e-05,51.60000000000141,360.0,226.7128860925423,226.70600856045652
12690.0,6822693.237858312,6.160951001034683e-05,51.60000000000129,360.0,227.03381412421436,227.02691207412437
12700.0,6822688.947617593,6.193000914001841e-05,51.60000000000133,360.0,227.35474363528772,227.3478147566291
12710.0,6822684.657362375,6.224856669962933e-05,51.6000000000015,360.0,227.6756742836549,227.66871695683844
12720.0,6822680.367095455,6.25651724737731e-05,51.600000000001565,360.0,227.99660585285633,227.98961889797175
12730.0,6822676.076818866,6.287981637127514e-05,51.60000000000157,360.0,228.31753818834034,228.3105207413275
12740.0,6822671.786533927,6.31924884148501e-05,51.60000000000141,360.0,228.63847118806171,228.631422595693
12750.0,6822667.496241725,6.350317870442157e-05,51.60000000000145,360.0,228.95940476819771,228.95232455162804
12760.0,6822663.205943141,6.38118774200193e-05,51.60000000000151,360.0,229.28033886196033,229.27322668264017
12770.0,6822658.915638641,6.411857483308968e-05,51.60000000000145,360.0,229.60127343293567,229.5941290318594
12780.0,6822654.6253287885,6.442326127516829e-05,51.6000000000014,360.0,229.92220844068393,229.91503164643234
12790.0,6822650.335013969,6.472592715108146e-05,51.60000000000142,360.0,230.2431438558407,230.23593456240368
12800.0,6822646.0446943985,6.502656294067552e-05,51.600000000001366,360.0,230.5640796628456,230.55683780201997
12810.0,6822641.754370358,6.532515918589587e-05,51.60000000000137,360.0,230.88501584190197,230.87774139173263
12820.0,6822637.464042112,6.562170649062275e-05,51.600000000001366,360.0,231.205952373022,231.1986453581833
12830.0,6822633.173709684,6.591619553998688e-05,51.60000000000132,360.0,231.52688925531385,231.5195497088996
12840.0,6822628.883373315,6.620861707188957e-05,51.600000000001366,360.0,231.8478264730621,231.84045446621093
12850.0,6822624.5930331275,6.649896189351341e-05,51.600000000001366,360.0,232.16876401790103,232.16135964508337
12860.0,6822620.302689136,6.678722088641632e-05,51.600000000001295,360.0,232.4897018896179,232.4822652523119
12870.0,6822616.012341451,6.707338499336439e-05,51.600000000001195,360.0,232.81064008149818,232.8031713011782
12880.0,6822611.721990108,6.735744522314321e-05,51.60000000000123,360.0,233.13157859232632,233.12407779943487
12890.0,6822607.431635177,6.76393926530168e-05,51.60000000000131,360.0,233.45251741866588,233.4449847570467
12900.0,6822603.141276723,6.79192184220385e-05,51.6000000000012,360.0,233.77345655514605,233.76589218588342
12910.0,6822598.850914764,6.819691374264194e-05,51.60000000000129,360.0,234.0943960036396,234.08680009055482
12920.0,6822594.560549281,6.847246989278746e-05,51.60000000000134,360.0,234.41533576567247,234.40770847599399
12930.0,6822590.270180282,6.87458782210777e-05,51.600000000001465,360.0,234.7362758438145,234.72861734606116
12940.0,6822585.979807817,6.901713013207552e-05,51.60000000000141,360.0,235.05721623444018,235.049526710795
12950.0,6822581.6894318545,6.928621711612484e-05,51.60000000000144,360.0,235.37815694119143,235.37043657293412
12960.0,6822577.399052418,6.955313071841026e-05,51.6000000000015,360.0,235.69909796399796,235.69134693890658
12970.0,6822573.1086694375,6.981786255838069e-05,51.60000000000157,360.0,236.02003931018453,236.0122578077201
12980.0,6822568.818283056,7.008040431387733e-05,51.60000000000161,360.0,236.34098096751666,236.33316919791292
12990.0,6822564.527893224,7.034074774109557e-05,51.60000000000163,360.0,236.66192294405607,236.6540811076972
13000.0,6822560.237499826,7.059888466540355e-05,51.60000000000155,360.0,236.98286524793596,236.9749935351897
13010.0,6822555.9471029015,7.085480698320222e-05,51.60000000000149,360.0,237.30380787887785,237.29590648687832
13020.0,6822551.6567025315,7.110850664344521e-05,51.60000000000158,360.0,237.62475083109962,237.616819974736
13030.0,6822547.3662986,7.135997569083226e-05,51.60000000000157,360.0,237.94569411596112,237.93773399355402
13040.0,6822543.075891105,7.160920622135965e-05,51.60000000000166,360.0,238.26663773385596,238.25864854906027
13050.0,6822538.785479999,7.18561904115617e-05,51.60000000000158,360.0,238.58758168948808,238.57956364263774
13060.0,6822534.49506537,7.210092049505117e-05,51.60000000000154,360.0,238.9085259764056,238.90047928679223
13070.0,6822530.204647116,7.234338879309422e-05,51.600000000001494,360.0,239.22947060476346,239.2213954773874
13080.0,6822525.914225268,7.258358768560548e-05,51.60000000000153,360.0,239.55041557335787,239.54231222161675
13090.0,6822521.623799796,7.28215096262222e-05,51.600000000001515,360.0,239.87136088583375,239.86322952177656
13100.0,6822517.333370623,7.305714714453857e-05,51.60000000000143,360.0,240.1923065481965,240.18414737777235
13110.0,6822513.0429377835,7.32904928368337e-05,51.60000000000151,360.0,240.51325256049645,240.50506579543244
13120.0,6822508.752501212,7.352153937542727e-05,51.600000000001494,360.0,240.8341989278455,240.82598477547813
13130.0,6822504.462060949,7.375027950049092e-05,51.60000000000149,360.0,241.15514564683977,241.1469043271098
13140.0,6822500.1716169445,7.39767060238666e-05,51.60000000000148,360.0,241.47609272413032,241.46782444942951
13150.0,6822495.881169185,7.42008118350408e-05,51.60000000000148,360.0,241.79704016197132,241.7887451459027
13160.0,6822491.590717598,7.442258989222993e-05,51.60000000000153,360.0,242.11798796553407,242.10966641702905
13170.0,6822487.300262215,7.464203322624067e-05,51.60000000000144,360.0,242.43893613442546,242.43058826883598
13180.0,6822483.009802973,7.485913494713613e-05,51.60000000000142,360.0,242.75988467273973,242.75151070281743
13190.0,6822478.719339891,7.507388822857091e-05,51.6000000000014,360.0,243.08083358178305,243.07243372321443
13200.0,6822474.428872914,7.528628632613611e-05,51.60000000000133,360.0,243.40178286621423,243.39335733086995
13210.0,6822470.138402062,7.549632256361049e-05,51.60000000000132,360.0,243.72273252435645,243.71428153291976
13220.0,6822465.847927337,7.570399034021381e-05,51.600000000001295,360.0,244.04368255772994,244.03520633325374
13230.0,6822461.557448668,7.590928313267302e-05,51.60000000000138,360.0,244.36463297257032,244.35613173100185
13240.0,6822457.266966035,7.611219449054984e-05,51.60000000000142,360.0,244.68558377338954,244.6770577269724
13250.0,6822452.976479519,7.631271802553653e-05,51.600000000001494,360.0,245.00653495254912,244.99798433407562
13260.0,6822448.685988988,7.651084744899453e-05,51.60000000000154,360.0,245.32748652125122,245.31891154633425
13270.0,6822444.395494453,7.670657653177446e-05,51.600000000001565,360.0,245.64843847972793,245.6398393686879
13280.0,6822440.104995874,7.689989911899258e-05,51.60000000000154,360.0,245.96939083260474,245.9607678016367
13290.0,6822435.81449332,7.709080913257276e-05,51.600000000001515,360.0,246.29034357413812,246.28169685600105
13300.0,6822431.523986681,7.727930058154757e-05,51.60000000000152,360.0,246.61129671250794,246.6026265286266
13310.0,6822427.233476011,7.746536752910588e-05,51.60000000000154,360.0,246.93225024694087,246.92355682525636
13320.0,6822422.942961286,7.764900412964098e-05,51.60000000000154,360.0,247.2532041777687,247.24448775047998
13330.0,6822418.652442448,7.783020461249957e-05,51.60000000000149,360.0,247.57415851312567,247.56541930103177
13340.0,6822414.361919539,7.800896327974533e-05,51.60000000000153,360.0,247.89511324585987,247.88635148888153
13350.0,6822410.071392509,7.818527451455108e-05,51.60000000000152,360.0,248.21606838510237,248.2072843096565
13360.0,6822405.780861405,7.835913276943606e-05,51.60000000000149,360.0,248.53702392711165,248.52821777180318
13370.0,6822401.490326157,7.853053257937301e-05,51.60000000000141,360.0,248.85797987629581,248.84915187557465
13380.0,6822397.199786824,7.8699468550895e-05,51.60000000000142,360.0,249.178936230336,249.17008662787865
13390.0,6822392.909243427,7.886593537283732e-05,51.60000000000146,360.0,249.49989298832676,249.49102203416274
13400.0,6822388.61869584,7.90299278137636e-05,51.60000000000135,360.0,249.82085016094481,249.81195808823475
13410.0,6822384.328144201,7.919144070959953e-05,51.600000000001394,360.0,250.14180773641368,250.13289480629535
13420.0,6822380.037588455,7.935046898478583e-05,51.6000000000015,360.0,250.46276572052852,250.45383218692078
13430.0,6822375.74702854,7.950700763790871e-05,51.60000000000149,360.0,250.78372411801817,250.77477022969026
13440.0,6822371.456464526,7.966105174269095e-05,51.60000000000142,360.0,251.10468292617801,251.09570894155993
13450.0,6822367.165896428,7.981259645350475e-05,51.60000000000146,360.0,251.4256421432509,251.41664832847835
13460.0,6822362.875324193,7.996163700572714e-05,51.60000000000143,360.0,251.74660177511652,251.73758838869583
13470.0,6822358.584747978,8.010816870421791e-05,51.60000000000141,360.0,252.06756181060032,252.05852913746082
13480.0,6822354.29416765,8.025218694178358e-05,51.60000000000144,360.0,252.38852225789716,252.379470570586
13490.0,6822350.003583309,8.039368718546798e-05,51.600000000001494,360.0,252.7094831116948,252.70041269733508
13500.0,6822345.712994953,8.053266498256242e-05,51.6000000000015,360.0,253.03044437302367,253.02135552055913
13510.0,6822341.422402575,8.066911595997071e-05,51.60000000000151,360.0,253.35140604431055,253.3422990416567
13520.0,6822337.13180625,8.080303581925534e-05,51.60000000000154,360.0,253.67236811968263,253.66324327026678
13530.0,6822332.841205967,8.093442034967122e-05,51.6000000000015,360.0,253.99333060007785,253.9841882091465
13540.0,6822328.550601744,8.106326541477698e-05,51.60000000000141,360.0,254.31429348473299,254.3051338626906
13550.0,6822324.259993659,8.118956695544208e-05,51.600000000001344,360.0,254.6352567665495,254.6260802415664
13560.0,6822319.969381764,8.131332099515296e-05,51.600000000001174,360.0,254.95622044646808,254.94702734833993
13570.0,6822315.678766086,8.143452363841248e-05,51.60000000000111,360.0,255.2771845194062,255.26797519152888
13580.0,6822311.388146692,8.1553171066011e-05,51.60000000000102,360.0,255.59814898322776,255.5889237766473
13590.0,6822307.09752368,8.16692595387785e-05,51.600000000001074,360.0,255.91911383183253,255.90987311309848
13600.0,6822302.806897067,8.178278539974287e-05,51.600000000001224,360.0,256.24007906340773,256.230823205937
13610.0,6822298.516266844,8.189374507915535e-05,51.60000000000106,360.0,256.561044677845,256.5517740584451
13620.0,6822294.225633249,8.200213507273646e-05,51.60000000000098,360.0,256.8820106598712,256.8727256890072
13630.0,6822289.934996269,8.21079519696454e-05,51.60000000000088,360.0,257.2029770101761,257.1936780999675
13640.0,6822285.644355989,8.221119243320735e-05,51.60000000000087,360.0,257.52394372542756,257.514631297627
13650.0,6822281.353712575,8.231185320724194e-05,51.600000000000904,360.0,257.8449107901172,257.83558530039824
13660.0,6822277.06306616,8.240993111830376e-05,51.60000000000094,360.0,258.16587819889844,258.1565401164595
13670.0,6822272.772416766,8.250542307677031e-05,51.60000000000096,360.0,258.4868459457752,258.477495754571
13680.0,6822268.4817645615,8.25983260679189e-05,51.600000000000904,360.0,258.8078140224344,258.7984522257392
13690.0,6822264.19110981,8.268863715951046e-05,51.600000000001046,360.0,259.12878240999396,259.11940955147264
13700.0,6822259.900452533,8.277635350354556e-05,51.600000000001025,360.0,259.44975110465185,259.4403677381254
13710.0,6822255.609793066,8.286147233067862e-05,51.60000000000093,0.0,259.7707200840584,259.7613268105322
13720.0,6822251.319131481,8.294399095524388e-05,51.60000000000083,0.0,260.09168934396916,260.08228677534896
13730.0,6822247.02846811,8.30239067713322e-05,51.60000000000082,0.0,260.4126588588003,260.40324766050065
13740.0,6822242.737803147,8.310121725407298e-05,51.60000000000079,0.0,260.73362861565187,260.72420948115627
13750.0,6822238.447136936,8.317591996019807e-05,51.60000000000078,0.0,261.05459858804966,261.04517226598995
13760.0,6822234.156469703,8.324801253031216e-05,51.60000000000076,0.0,261.37556876156964,261.36613603155166
13770.0,6822229.865801872,8.331749268141512e-05,51.60000000000053,0.0,261.69653910308347,261.6871008130218
13780.0,6822225.575133852,8.338435821689727e-05,51.60000000000061,0.0,262.01750958643436,262.0080666385434
13790.0,6822221.284466022,8.344860702252935e-05,51.60000000000053,0.0,262.3384801786431,262.32903354299697
13800.0,6822216.993798955,8.351023706325419e-05,51.60000000000058,0.0,262.6594508397212,262.6500015682094
13810.0,6822212.703133291,8.356924638250523e-05,51.600000000000584,0.0,262.9804215251675,262.9709707604464
13820.0,6822208.412469607,8.36256331151238e-05,51.60000000000059,0.0,263.3013921908663,263.2919411655083
13830.0,6822204.121808836,8.367939546730656e-05,51.60000000000069,0.0,263.62236276670535,263.612912855124
13840.0,6822199.831151657,8.373053173469428e-05,51.60000000000066,0.0,263.9433332029678,263.933885880552
13850.0,6822195.540499246,8.377904029079312e-05,51.60000000000072,0.0,264.26430341130344,264.2548603316078
13860.0,6822191.249852751,8.382491959310752e-05,51.600000000000584,0.0,264.5852733080238,264.5758362933745
13870.0,6822186.959213672,8.386816817846085e-05,51.60000000000057,0.0,264.9062427817931,264.8968138784994
13880.0,6822182.668583721,8.390878466633138e-05,51.600000000000534,0.0,265.22721170485715,265.2177932159896
13890.0,6822178.377965092,8.394676775707559e-05,51.600000000000534,0.0,265.54817991209813,265.53877447212375
13900.0,6822174.087360273,8.398211623383228e-05,51.60000000000061,0.0,265.86914722006264,265.8597578314505
13910.0,6822169.796772513,8.401482895828476e-05,51.60000000000059,0.0,266.1901133859362,266.1807435378055
13920.0,6822165.506205812,8.404490487404154e-05,51.60000000000051,0.0,266.5110781123466,266.50173188950185
13930.0,6822161.2156654345,8.407234300505382e-05,51.60000000000047,0.0,266.83204100459307,266.82272328210735
13940.0,6822156.925158346,8.40971424523797e-05,51.60000000000043,0.0,267.1530015433086,267.1437182357846
13950.0,6822152.634693928,8.411930239721501e-05,51.60000000000046,0.0,267.4739590258991,267.46471745384434
13960.0,6822148.344285536,8.413882209374227e-05,51.60000000000053,0.0,267.79491245658727,267.78572193270264
13970.0,6822144.053952642,8.415570087246973e-05,51.60000000000068,0.0,268.11586037726414,268.1067331310346
13980.0,6822139.76372583,8.416993812933465e-05,51.60000000000059,0.0,268.4368005011064,268.4277533361544
13990.0,6822135.473656987,8.418153331919101e-05,51.60000000000065,0.0,268.75772894906214,268.7487864275257
14000.0,6822131.183845077,8.419048593476361e-05,51.60000000000071,0.0,269.0786383181358,269.0698398084822
14010.0,6822126.8945188625,8.419679545947836e-05,51.600000000000826,0.0,269.3995114947596,269.390930592857
14020.0,6822122.606462539,8.420046119362765e-05,51.600000000000925,0.0,269.7202898162425,269.7121174435239
14030.0,6822118.346594827,8.420147867261377e-05,51.60000000000098,0.0,270.0389595637214,270.03541407945517
14040.0,6822114.047029515,8.419984248062771e-05,51.60000000000096,0.0,270.36059912767075,270.3557421102119
14050.0,6822109.753565893,8.41955662852956e-05,51.60000000000094,0.0,270.6817823872514,270.67652765659
14060.0,6822105.46107342,8.418864877970684e-05,51.60000000000095,0.0,271.0028931443723,270.9973869165635
14070.0,6822101.168996495,8.417908977135102e-05,51.600000000000925,0.0,271.3239729648355,271.31827832413177
14080.0,6822096.877149785,8.416688934992673e-05,51.600000000001046,0.0,271.6450357083633,271.63918801930475
14090.0,6822092.585448472,8.415204776729971e-05,51.600000000000925,0.0,271.96608772312567,271.9601096535681
14100.0,6822088.293846511,8.413456539727349e-05,51.60000000000102,0.0,272.28713245830784,272.28103977731087
14110.0,6822084.002316052,8.411444271722509e-05,51.6000000000011,0.0,272.60817199369365,272.6019763102524
14120.0,6822079.7108390555,8.409168030224537e-05,51.60000000000106,0.0,272.92920768071383,272.92291790038814
14130.0,6822075.419403108,8.406627881967249e-05,51.60000000000112,0.0,273.2502404507456,273.24386361568855
14140.0,6822071.127999321,8.403823902526639e-05,51.60000000000108,0.0,273.5712709670281,273.56481279219076
14150.0,6822066.836621082,8.400756176248389e-05,51.60000000000113,0.0,273.89229972528125,273.8857649333755
14160.0,6822062.545263482,8.397424796460034e-05,51.600000000001195,0.0,274.21332709709395,274.20671966677577
14170.0,6822058.253922552,8.39382986452628e-05,51.60000000000114,0.0,274.53435337795463,274.52767669595295
14180.0,6822053.962595221,8.389971490563327e-05,51.600000000001046,0.0,274.85537879857674,274.8486357891655
14190.0,6822049.671278888,8.385849793087094e-05,51.60000000000087,0.0,275.17640355558495,275.1695967486881
14200.0,6822045.379971614,8.381464899021202e-05,51.60000000000099,0.0,275.49742779316847,275.49055942915436
14210.0,6822041.088671583,8.37681694364052e-05,51.60000000000094,0.0,275.81845165072235,275.81152368991496
14220.0,6822036.797377393,8.371906070459973e-05,51.60000000000099,0.0,276.1394752310226,276.1324894268693
14230.0,6822032.506087903,8.366732431668342e-05,51.60000000000101,0.0,276.4604986222293,276.45345655045577
14240.0,6822028.214802037,8.361296187443925e-05,51.60000000000095,0.0,276.78152190540146,276.7744249781403
14250.0,6822023.92351896,8.355597506568731e-05,51.60000000000102,0.0,277.1025451455463,277.09539464336416
14260.0,6822019.632237938,8.349636565872895e-05,51.60000000000087,0.0,277.42356839615366,277.41636549101895
14270.0,6822015.340958191,8.34341355053745e-05,51.600000000000875,0.0,277.74459171826885,277.7373374583596
14280.0,6822011.0496792495,8.336928653986568e-05,51.6000000000009,0.0,278.0656151471051,278.05831050840266
14290.0,6822006.758400541,8.330182077995001e-05,51.60000000000083,0.0,278.3866387269477,278.37928459502035
14300.0,6822002.467121684,8.323174032788754e-05,51.60000000000101,0.0,278.70766248946086,278.70025968462613
14310.0,6821998.1758422535,8.315904736310828e-05,51.600000000000925,0.0,279.02868646612535,279.0212357437556
14320.0,6821993.884561812,8.308374415012739e-05,51.600000000000925,0.0,279.3497106892952,279.34221273798846
14330.0,6821989.593280077,8.300583303629306e-05,51.60000000000083,0.0,279.670735183615,279.6631906405477
14340.0,6821985.301996813,8.292531645023178e-05,51.600000000000875,0.0,279.99175996654463,279.98416943176653
14350.0,6821981.010711763,8.284219690394805e-05,51.60000000000098,0.0,280.31278506086517,280.3051490865852
14360.0,6821976.719424693,8.27564769885094e-05,51.60000000000105,0.0,280.6338104830815,280.6261295861464
14370.0,6821972.42813527,8.266815937656659e-05,51.60000000000097,0.0,280.9548362586834,280.94711090254026
14380.0,6821968.136843419,8.257724682738968e-05,51.60000000000102,0.0,281.275862396033,281.2680930249153
14390.0,6821963.845548975,8.2483742178833e-05,51.60000000000092,0.0,281.59688890877123,281.5890759370656
14400.0,6821959.554251802,8.23876483510273e-05,51.60000000000081,0.0,281.91791580669656,281.9100596265592
14410.0,6821955.262951661,8.22889683414391e-05,51.60000000000083,0.0,282.23894311107773,282.23104406942804
14420.0,6821950.971648458,8.218770523122477e-05,51.60000000000087,0.0,282.5599708280782,282.5520292567341
14430.0,6821946.680342151,8.208386219023282e-05,51.600000000000875,0.0,282.8809989650876,282.8730151782457
14440.0,6821942.3890326265,8.197744246054724e-05,51.60000000000078,0.0,283.20202753003804,283.19400182311904
14450.0,6821938.097719708,8.186844936569735e-05,51.60000000000072,0.0,283.52305653719736,283.51498917411067
14460.0,6821933.806403362,8.175688631480658e-05,51.60000000000079,0.0,283.8440859914706,283.8359772232645
14470.0,6821929.515083432,8.164275678947572e-05,51.600000000000705,0.0,284.16511590307596,284.1569659572474
14480.0,6821925.223759952,8.15260643663447e-05,51.600000000000655,0.0,284.4861462762915,284.4779553685999
14490.0,6821920.932432799,8.140681268737983e-05,51.60000000000071,0.0,284.80717711831375,284.7989454468756
14500.0,6821916.641101933,8.128500548746086e-05,51.60000000000068,0.0,285.1282084350015,285.1199361829025
14510.0,6821912.3497672705,8.116064657247419e-05,51.60000000000068,0.0,285.4492402337523,285.44092756589595
14520.0,6821908.058428811,8.103373983263139e-05,51.6000000000007,0.0,285.77027251495616,285.76191959202055
14530.0,6821903.767086479,8.090428923969223e-05,51.60000000000084,0.0,286.0913052868609,286.082912249516
14540.0,6821899.475740193,8.077229883712981e-05,51.60000000000082,0.0,286.41233855766427,286.40390552660455
14550.0,6821895.184390001,8.063777276189491e-05,51.600000000000826,0.0,286.7333723234479,286.7248994235648
14560.0,6821890.8930358,8.050071522171004e-05,51.600000000000804,0.0,287.0544065958035,287.0458939250973
14570.0,6821886.601677654,8.036113050914803e-05,51.600000000000804,0.0,287.37544137098985,287.36688903117323
14580.0,6821882.310315519,8.021902299069657e-05,51.600000000000804,0.0,287.69647665451413,287.6878847324511
14590.0,6821878.018949278,8.007439710592427e-05,51.60000000000083,0.0,288.0175124547184,288.0088810166958
14600.0,6821873.72757894,7.992725738724922e-05,51.60000000000085,0.0,288.3385487750928,288.32987787645885
14610.0,6821869.436204565,7.977760844269189e-05,51.60000000000093,0.0,288.6595856109477,288.65087531241187
14620.0,6821865.1448261,7.962545495771272e-05,51.60000000000102,0.0,288.9806229702517,288.97187331250177
14630.0,6821860.853443498,7.947080169251323e-05,51.60000000000095,0.0,289.3016608564328,289.2928718691636
14640.0,6821856.562056774,7.931365349191239e-05,51.6000000000009,0.0,289.622699272471,289.6138709752135
14650.0,6821852.270665949,7.91540152771944e-05,51.6000000000009,0.0,289.94373821695336,289.9348706278074
14660.0,6821847.979271015,7.899189205015648e-05,51.60000000000088,0.0,290.26477769358644,290.25587081891734
14670.0,6821843.687871923,7.882728888328578e-05,51.6000000000009,0.0,290.5858177061526,290.5768715403847
14680.0,6821839.396468718,7.866021093166323e-05,51.600000000000925,0.0,290.90685825263307,290.89787278979315
14690.0,6821835.105061323,7.849066342621773e-05,51.60000000000085,0.0,291.2278993427081,291.2188745529685
14700.0,6821830.813649786,7.831865167746777e-05,51.600000000000826,0.0,291.5489409732138,291.53987682852807
14710.0,6821826.522234172,7.814418108352956e-05,51.60000000000077,0.0,291.86998314483975,291.8608796111734
14720.0,6821822.23081437,7.796725709906641e-05,51.600000000000776,0.0,292.1910258635986,292.1818828902342
14730.0,6821817.939390503,7.778788527283427e-05,51.60000000000077,360.0,292.5120691250252,292.50288666545595
14740.0,6821813.6479625115,7.76060712195749e-05,51.60000000000082,360.0,292.8331129349341,292.8238909262529
14750.0,6821809.356530413,7.742182063542691e-05,51.60000000000081,0.0,293.15415729451274,293.14489566661234
14760.0,6821805.065094221,7.723513930179741e-05,51.60000000000079,0.0,293.4752022063764,293.4659008790455
14770.0,6821800.773653916,7.704603305862842e-05,51.600000000000826,0.0,293.7962476719381,293.78690655720743
14780.0,6821796.482209601,7.685450783926308e-05,51.60000000000088,0.0,294.11729368679164,294.1079127005196
14790.0,6821792.190761224,7.66605696426499e-05,51.60000000000081,0.0,294.4383402565429,294.42891929834525
14800.0,6821787.899308783,7.646422454401171e-05,51.600000000000875,0.0,294.7593873835642,294.7499263432252
14810.0,6821783.607852276,7.626547869687035e-05,51.60000000000094,0.0,295.08043507212284,295.0709338257572
14820.0,6821779.316391765,7.606433832781967e-05,51.600000000000904,0.0,295.4014833189543,295.39194174402553
14830.0,6821775.024927239,7.586080974562104e-05,51.60000000000085,0.0,295.7225321261886,295.71295009066506
14840.0,6821770.7334587425,7.565489932495612e-05,51.6000000000009,0.0,296.0435814965969,296.0339588576228
14850.0,6821766.4419862265,7.544661352206041e-05,51.60000000000098,0.0,296.36463143394246,296.35496803580764
14860.0,6821762.150509762,7.523595886992229e-05,51.60000000000096,0.0,296.68568193609474,296.6759776219793
14870.0,6821757.859029365,7.502294196331803e-05,51.60000000000105,0.0,297.00673300441986,296.99698760934564
14880.0,6821753.567545044,7.480756948445088e-05,51.60000000000114,360.0,297.3277846416715,297.3179979896877
14890.0,6821749.276056807,7.458984818622393e-05,51.60000000000114,360.0,297.64883684938525,297.63900875595823
14900.0,6821744.984564702,7.436978489313195e-05,51.60000000000114,360.0,297.9698896285713,297.9600199015902
14910.0,6821740.693068687,7.414738650099913e-05,51.60000000000112,360.0,298.2909429829454,298.28103141726814
14920.0,6821736.401568804,7.39226599836998e-05,51.60000000000101,360.0,298.6119969130124,298.6020432968489
14930.0,6821732.110065097,7.369561238887383e-05,51.60000000000101,360.0,298.9330514192433,298.92305553417543
14940.0,6821727.818557586,7.346625083393289e-05,51.600000000001074,360.0,299.25410650307026,299.24406812209446
14950.0,6821723.527046205,7.323458250757693e-05,51.60000000000105,360.0,299.5751621732749,299.56508104605473
14960.0,6821719.23553107,7.300061467717183e-05,51.60000000000105,360.0,299.89621842249767,299.8860943076142
14970.0,6821714.944012143,7.276435467647731e-05,51.60000000000095,360.0,300.217275258648,300.2071078930158
14980.0,6821710.652489477,7.252580991793537e-05,51.600000000001074,360.0,300.53833268080024,300.5281217973048
14990.0,6821706.360963086,7.228498787840125e-05,51.60000000000105,360.0,300.8593906921961,300.849136011319
15000.0,6821702.069432984,7.204189610897383e-05,51.600000000001074,360.0,301.1804492930421,301.17015052888746
15010.0,6821697.777899137,7.179654222772751e-05,51.60000000000113,360.0,301.50150849102437,301.49116533634384
15020.0,6821693.486361547,7.154893393102545e-05,51.60000000000113,360.0,301.8225682882396,301.81218042555537
15030.0,6821689.19482027,7.129907898619674e-05,51.60000000000108,360.0,302.1436286872855,302.1331957878615
15040.0,6821684.903275356,7.104698522962996e-05,51.600000000001074,360.0,302.4646896858261,302.45421141950067
15050.0,6821680.611726732,7.07926605633752e-05,51.60000000000106,360.0,302.7857512947173,302.7752273034929
15060.0,6821676.320174417,7.053611295968602e-05,51.60000000000102,360.0,303.10681351581655,303.0962434318148
15070.0,6821672.028618481,7.027735046796853e-05,51.6000000000011,360.0,303.4278763480996,303.4172597992937
15080.0,6821667.737058856,7.001638120293124e-05,51.600000000001046,360.0,303.74893980070357,303.7382763905701
15090.0,6821663.445495531,6.975321334731308e-05,51.6000000000009,360.0,304.07000388011335,304.05929319290857
15100.0,6821659.15392853,6.948785515188564e-05,51.60000000000101,360.0,304.3910685879697,304.3803101983796
15110.0,6821654.86235782,6.92203149370131e-05,51.60000000000102,360.0,304.71213393207677,304.70132739286754
15120.0,6821650.570783458,6.895060109808454e-05,51.60000000000102,360.0,305.03319991244285,305.0223447700243
15130.0,6821646.279205409,6.867872209315844e-05,51.60000000000105,360.0,305.3542665357391,305.3433623168125
15140.0,6821641.987623618,6.840468644128868e-05,51.60000000000112,360.0,305.67533381252326,305.66438001628376
15150.0,6821637.69603801,6.812850273647277e-05,51.60000000000112,360.0,305.99640175248635,305.9853978523284
15160.0,6821633.40444859,6.785017963949064e-05,51.60000000000117,360.0,306.3174703622388,306.3064158118878
15170.0,6821629.112855281,6.756972587486032e-05,51.600000000001174,360.0,306.6385396522567,306.6274338780272
15180.0,6821624.821258065,6.728715023807168e-05,51.600000000001025,360.0,306.95960962909083,306.948452037706
15190.0,6821620.529656884,6.700246158720694e-05,51.600000000001074,360.0,307.280680303216,307.2694702739381
15200.0,6821616.238051617,6.671566884693839e-05,51.60000000000098,360.0,307.60175168924513,307.59048856557837
15210.0,6821611.946442189,6.642678100186626e-05,51.600000000000904,0.0,307.92282380001086,307.9115068932433
15220.0,6821607.6548284795,6.613580710798275e-05,51.600000000000875,360.0,308.24389665200874,308.2325252338654
15230.0,6821603.36321033,6.584275628241019e-05,51.600000000000804,0.0,308.5649702615728,308.5535435645181
15240.0,6821599.071587629,6.554763770639595e-05,51.600000000000875,0.0,308.88604464694373,308.87456186035394
15250.0,6821594.779960123,6.525046062212292e-05,51.600000000000755,0.0,309.2071198323806,309.1955800904915
15260.0,6821590.488327548,6.495123433367006e-05,51.60000000000069,0.0,309.52819584600417,309.5165982201655
15270.0,6821586.196689668,6.46499682084619e-05,51.60000000000067,0.0,309.84927271299387,309.8376162175445
15280.0,6821581.905046074,6.434667166767192e-05,51.600000000000705,0.0,310.17035047449326,310.1586340348088
15290.0,6821577.613396302,6.404135419176802e-05,51.60000000000071,0.0,310.4914291741265,310.47965162165116
15300.0,6821573.321739864,6.373402532467727e-05,51.6000000000007,0.0,310.81250885696073,310.800668926309
15310.0,6821569.030076027,6.342469465173818e-05,51.60000000000066,0.0,311.1335895899767,311.12168587508995
15320.0,6821564.738403794,6.311337180393644e-05,51.60000000000064,0.0,311.4546714586731,311.442702375775
15330.0,6821560.446722116,6.280006646801722e-05,51.600000000000705,0.0,311.7757545556624,311.76371832902123
15340.0,6821556.1550294375,6.248478835791817e-05,51.60000000000075,0.0,312.09683901002967,312.084733599
15350.0,6821551.863323692,6.216754721268241e-05,51.60000000000081,0.0,312.4179249900033,312.40574801073615
15360.0,6821547.571601812,6.184835274810614e-05,51.60000000000075,0.0,312.7390127470857,312.7267613059704
15370.0,6821543.279859551,6.152721465968588e-05,51.60000000000071,0.0,313.0601026182602,313.0477731409574
15380.0,6821538.988090146,6.120414250395555e-05,51.60000000000064,0.0,313.3811951378915,313.36878297456207
15390.0,6821534.696282402,6.0879145562537336e-05,51.60000000000072,0.0,313.70229117744793,313.68978992853823
15400.0,6821530.40441528,6.0552232417649985e-05,51.60000000000055,0.0,314.0233923591457,314.0107923738924
15410.0,6821526.112442357,6.0223409752861974e-05,51.6000000000004,0.0,314.3445022301762,314.33178675665323
15420.0,6821521.820219639,5.9892676759927675e-05,51.6000000000003,0.0,314.66563171101126,314.65276214955975
15430.0,6821517.52592677,5.955990258568511e-05,51.60000000000034,0.0,314.9869175371824,314.97358181029296
15440.0,6821513.238542271,5.9225794467484594e-05,51.60000000000038,0.0,315.30768593265,315.2949195081035
15450.0,6821508.94742057,5.8889535481546696e-05,51.600000000000406,0.0,315.6287334506948,315.61597868292415
15460.0,6821504.656088184,5.855141070244122e-05,51.600000000000406,0.0,315.9497969738566,315.93702244542806
15470.0,6821500.364671039,5.8211440586875044e-05,51.600000000000406,0.0,316.2708671986012,316.2580600923634
15480.0,6821496.07320746,5.7869638808313055e-05,51.600000000000456,0.0,316.591941317513,316.57909442436215
15490.0,6821491.781714245,5.7526017417145896e-05,51.6000000000005,0.0,316.91301810956026,316.90012665566934
15500.0,6821487.490200319,5.718058790117581e-05,51.600000000000655,0.0,317.2340969349819,317.2211574192768
15510.0,6821483.198671003,5.683336151947091e-05,51.60000000000064,0.0,317.5551774201522,317.5421870820386
15520.0,6821478.90712976,5.6484349445583035e-05,51.600000000000584,0.0,317.876259324008,317.86321587825114
15530.0,6821474.615579031,5.613356282549319e-05,51.60000000000063,0.0,318.19734248378404,318.18424396391924
15540.0,6821470.324020391,5.578101279419868e-05,51.600000000000534,0.0,318.51842679633677,318.50527143543843
15550.0,6821466.032455149,5.542671052163155e-05,51.600000000000406,0.0,318.839512177723,318.82629837000974
15560.0,6821461.740884204,5.507066719814314e-05,51.600000000000534,0.0,319.1605985786491,319.14732481019183
15570.0,6821457.449308373,5.4712894063508334e-05,51.60000000000057,0.0,319.48168595314274,319.4683507952346
15580.0,6821453.157728231,5.4353402393129965e-05,51.60000000000065,0.0,319.802774269916,319.78937634971464
15590.0,6821448.8661443265,5.399220351566177e-05,51.60000000000068,0.0,320.1238635029451,320.110401492953
15600.0,6821444.574557051,5.362930879890774e-05,51.60000000000073,0.0,320.4449536361802,320.43142623430936
15610.0,6821440.282966747,5.326472965940119e-05,51.60000000000079,0.0,320.76604466212035,320.75245057461825
15620.0,6821435.991373759,5.289847756901986e-05,51.60000000000073,0.0,321.0871365657189,321.0734745222597
15630.0,6821431.699778269,5.2530564036515065e-05,51.60000000000071,0.0,321.40822935373205,321.3944980638339
15640.0,6821427.408180511,5.216100063116891e-05,51.60000000000064,0.0,321.7293230182234,321.7155212006542
15650.0,6821423.11658072,5.178979897106694e-05,51.600000000000605,0.0,322.0504175591533,322.03654392614084
15660.0,6821418.824979141,5.1416970725027545e-05,51.600000000000726,0.0,322.37151297672955,322.35756623349266
15670.0,6821414.533375846,5.104252760391912e-05,51.60000000000068,0.0,322.6926092789956,322.6785881080929
15680.0,6821410.241771051,5.0666481378331394e-05,51.60000000000063,0.0,323.01370646808584,322.99960954124913
15690.0,6821405.9501648,5.028884385509615e-05,51.600000000000556,0.0,323.3348045581775,323.32063051224753
15700.0,6821401.658557308,4.990962690564602e-05,51.60000000000058,0.0,323.65590355166194,323.64165101218106
15710.0,6821397.36694866,4.952884244117402e-05,51.60000000000052,0.0,323.9770034558487,323.9626710272466
15720.0,6821393.075339012,4.914650242726015e-05,51.60000000000051,0.0,324.29810428211437,324.2836905395962
15730.0,6821388.783728372,4.87626188634264e-05,51.60000000000047,0.0,324.61920605026717,324.6047095229753
15740.0,6821384.492116864,4.8377203811755804e-05,51.60000000000055,0.0,324.9403087668441,324.92572796442005
15750.0,6821380.20050456,4.799026937803769e-05,51.600000000000435,0.0,325.2614124501464,325.2467458392331
15760.0,6821375.908891629,4.7601827721064324e-05,51.60000000000037,0.0,325.582517108248,325.56776313296865
15770.0,6821371.617278072,4.7211891034921586e-05,51.6000000000005,0.0,325.90362276654184,325.88877981388805
15780.0,6821367.325663998,4.682047156873627e-05,51.60000000000063,0.0,326.22472943605896,326.2097958646392
15790.0,6821363.034049443,4.64275816129452e-05,51.60000000000065,0.0,326.54583713884824,326.5308112568865
15800.0,6821358.7424344765,4.6033233507856956e-05,51.60000000000069,0.0,326.86694589325907,326.85182596601703
15810.0,6821354.450819176,4.563743963600578e-05,51.60000000000069,0.0,327.18805571861964,327.17283996646864
15820.0,6821350.159203621,4.524021243255183e-05,51.600000000000634,0.0,327.5091666358265,327.4938532311452
15830.0,6821345.867587852,4.4841564370930814e-05,51.60000000000061,0.0,327.830278671545,327.8148657272124
15840.0,6821341.575971948,4.444150796872197e-05,51.600000000000534,0.0,328.1513918460942,328.1358774282163
15850.0,6821337.284355985,4.404005579231736e-05,51.60000000000048,0.0,328.4725061857532,328.4568883017659
15860.0,6821332.992739993,4.363722045045535e-05,51.600000000000435,0.0,328.7936217178854,328.7778983144315
15870.0,6821328.701124021,4.32330145895895e-05,51.60000000000043,0.0,329.1147384733363,329.0989074293333
15880.0,6821324.409508104,4.282745090335078e-05,51.60000000000054,0.0,329.4358564757178,329.4199156168575
15890.0,6821320.1178923035,4.242054212822416e-05,51.60000000000051,0.0,329.7569757647711,329.74092283129477
15900.0,6821315.826276695,4.201230104679215e-05,51.60000000000051,0.0,330.0780963651119,330.061929042104
15910.0,6821311.534661353,4.160274048241624e-05,51.60000000000063,0.0,330.3992183139366,330.3829342061944
15920.0,6821307.243046216,4.119187328435317e-05,51.60000000000076,0.0,330.72034165019943,330.703938278758
15930.0,6821302.951431385,4.07797123615988e-05,51.600000000000705,0.0,331.04146640832636,331.0249412195563
15940.0,6821298.659816888,4.036627065683751e-05,51.60000000000071,0.0,331.3625926317524,331.3459429793782
15950.0,6821294.368202788,3.995156115470363e-05,51.60000000000081,0.0,331.68372036045196,331.6669435125196
15960.0,6821290.076589102,3.953559687630824e-05,51.60000000000077,0.0,332.00484963511735,331.9879427725908
15970.0,6821285.784975901,3.911839088839773e-05,51.60000000000072,0.0,332.325980504099,332.3089407055933
15980.0,6821281.493363196,3.869995628623412e-05,51.6000000000007,0.0,332.64711301873695,332.6299372545761
15990.0,6821277.201751093,3.828030621980041e-05,51.60000000000072,0.0,332.9682472209702,332.950932372034
16000.0,6821272.910139531,3.785945385563837e-05,51.6000000000007,0.0,333.2893831733587,333.27192598988927
16010.0,6821268.618528607,3.743741241881449e-05,51.60000000000067,0.0,333.6105209290837,333.59291804948447
16020.0,6821264.326918318,3.701419515683239e-05,51.60000000000072,0.0,333.9316605483164,333.91390848521235
16030.0,6821260.035308682,3.6589815358588526e-05,51.60000000000061,0.0,334.2528020944603,334.2348972282867
16040.0,6821255.743699754,3.616428635078795e-05,51.60000000000061,0.0,334.5739456345568,334.55588420632444
16050.0,6821251.45209151,3.5737621495356576e-05,51.60000000000055,0.0,334.8950912441928,334.8768693384511
16060.0,6821247.160484069,3.53098341982092e-05,51.60000000000055,0.0,335.2162389889605,335.1978525538275
16070.0,6821242.868877405,3.488093788500418e-05,51.6000000000006,0.0,335.53738894301824,335.518833773101
16080.0,6821238.577271552,3.4450946024069056e-05,51.600000000000605,0.0,335.85854119153436,335.83981290596216
16090.0,6821234.285666518,3.40198721180787e-05,51.60000000000061,0.0,336.1796958296746,336.1607898521418
16100.0,6821229.994062382,3.3587729709702895e-05,51.60000000000054,0.0,336.5008529342408,336.4817645297993
16110.0,6821225.702459055,3.31545323555196e-05,51.60000000000049,0.0,336.8220126193283,336.8027368198429
16120.0,6821221.410856648,3.272029366686313e-05,51.600000000000406,0.0,337.14317496636784,337.12370663590195
16130.0,6821217.119255129,3.2285027276789456e-05,51.600000000000435,0.0,337.46434010341477,337.4446738450295
16140.0,6821212.827654547,3.184874685426615e-05,51.600000000000456,0.0,337.78550813225314,337.76563834060534
16150.0,6821208.536054956,3.141146610155022e-05,51.60000000000042,0.0,338.1066791736786,338.08659999705276
16160.0,6821204.244456265,3.0973198740551736e-05,51.60000000000035,0.0,338.42785336679907,338.4075586705339
16170.0,6821199.952858475,3.053395853294577e-05,51.6000000000003,0.0,338.7490308529087,338.7285142150826
16180.0,6821195.661261712,3.009375927820274e-05,51.60000000000026,0.0,339.07021175354123,339.0494665045456
16190.0,6821191.369665903,2.9652614792230007e-05,51.60000000000026,0.0,339.39139624671174,339.37041535634694
16200.0,6821187.078071048,2.921053892261847e-05,51.600000000000264,0.0,339.7125844899273,339.6913606084772
16210.0,6821182.786477195,2.8767545559202195e-05,51.60000000000028,0.0,340.033776663352,340.0123020763219
16220.0,6821178.494884339,2.8323648608634412e-05,51.60000000000035,0.0,340.3549729452434,340.3332395772342
16230.0,6821174.2032924695,2.7878862005342373e-05,51.60000000000031,0.0,340.67617354145295,340.6541729010297
16240.0,6821169.911701586,2.7433199714211257e-05,51.60000000000032,0.0,340.99737866051333,340.97510183490084
16250.0,6821165.62011165,2.6986675727151543e-05,51.6000000000003,0.0,341.3185885404462,341.2960261366155
16260.0,6821161.328522681,2.6539304064496195e-05,51.60000000000037,0.0,341.63980342188495,341.6169455613894
16270.0,6821157.036934712,2.609109877480961e-05,51.60000000000039,0.0,341.96102356315185,341.9378598468024
16280.0,6821152.745347651,2.564207392074333e-05,51.600000000000456,0.0,342.2822492532692,342.2587686998028
16290.0,6821148.453761531,2.519224360552339e-05,51.60000000000049,0.0,342.6034807981223,342.5796718105312
16300.0,6821144.162176337,2.4741621951200254e-05,51.6000000000005,0.0,342.9247185064739,342.90056886631737
16310.0,6821139.870591984,2.429022309821751e-05,51.60000000000049,0.0,343.2459627466349,343.221459495006
16320.0,6821135.579008443,2.383806121453201e-05,51.60000000000047,0.0,343.5672138965742,343.5423433148449
16330.0,6821131.287425746,2.3385150502088118e-05,51.60000000000038,0.0,343.8884723642392,343.86321991416565
16340.0,6821126.995843836,2.2931505177497647e-05,51.60000000000043,0.0,344.2097385933022,344.18408884563945
16350.0,6821122.704262682,2.2477139478279748e-05,51.60000000000051,0.0,344.5310130559089,344.5049496335315
16360.0,6821118.412682146,2.2022067654475138e-05,51.600000000000435,0.0,344.85229628552486,344.8258017408455
16370.0,6821114.121102323,2.1566304006920935e-05,51.60000000000044,0.0,345.1735888291295,345.1466446171449
16380.0,6821109.829523088,2.1109862833947862e-05,51.600000000000485,0.0,345.49489132116156,345.4674776245904
16390.0,6821105.537944382,2.065275845958859e-05,51.60000000000053,0.0,345.8162044328452,345.7883000886335
16400.0,6821101.246366084,2.019500522465241e-05,51.60000000000057,0.0,346.1375288934474,346.1091112767514
16410.0,6821096.954788176,1.9736617499923785e-05,51.60000000000051,0.0,346.45886552291194,346.4299103657829
16420.0,6821092.663210601,1.927760967081934e-05,51.60000000000048,0.0,346.7802151848104,346.7506964890416
16430.0,6821088.371633163,1.8817996126760023e-05,51.60000000000053,0.0,347.10157886905125,347.071468653552
16440.0,6821084.080055815,1.835779129992991e-05,51.60000000000053,0.0,347.4229576479622,347.39222578400137
16450.0,6821079.788478485,1.7897009626718186e-05,51.60000000000042,0.0,347.7443526841211,347.71296671488335
16460.0,6821075.496901058,1.743566556479121e-05,51.60000000000043,0.0,348.0657653064538,348.0336901144174
16470.0,6821071.205323279,1.6973773575366628e-05,51.6000000000005,0.0,348.3871969866271,348.3543945081426
16480.0,6821066.913745099,1.651134815191055e-05,51.60000000000047,0.0,348.70864932574995,348.67507829223825
16490.0,6821062.622166294,1.6048403793238534e-05,51.600000000000485,0.0,349.0301241526073,348.99573963527223
16500.0,6821058.330586718,1.5584955015741874e-05,51.600000000000435,0.0,349.3516234945164,349.3163765073508
16510.0,6821054.039006223,1.5121016362009713e-05,51.60000000000048,0.0,349.67314963728467,349.6369866201629
16520.0,6821049.747424482,1.465660236001812e-05,51.600000000000435,0.0,349.9947051776904,349.95756737449443
16530.0,6821045.45584127,1.4191727567091083e-05,51.6000000000006,0.0,350.31629301623303,350.2781158674782
16540.0,6821041.164256307,1.3726406551291781e-05,51.600000000000556,0.0,350.63791649476155,350.59862875497794
16550.0,6821036.872669353,1.3260653894231363e-05,51.600000000000634,0.0,350.95957939616824,350.91910225187513
16560.0,6821032.581079993,1.279448417839841e-05,51.60000000000072,0.0,351.2812860837542,351.23953199271966
16570.0,6821028.28948796,1.232791200974858e-05,51.600000000000705,0.0,351.60304157647835,351.5599129564814
16580.0,6821023.997892714,1.1860951982241347e-05,51.600000000000584,0.0,351.9248516943589,351.88023932113634
16590.0,6821019.706293825,1.139361870978431e-05,51.600000000000605,0.0,352.24672321212796,352.20050431002363
16600.0,6821015.414690666,1.0925926799696283e-05,51.60000000000064,0.0,352.5686640969346,352.5206999541378
16610.0,6821011.123082656,1.0457890874453062e-05,51.60000000000067,0.0,352.8906837218754,352.8408168785903
16620.0,6821006.831469067,9.989525549856233e-06,51.60000000000061,0.0,353.21279326051655,353.16084390810937
16630.0,6821002.53984911,9.520845447041326e-06,51.60000000000073,0.0,353.5350060679887,353.4807676859237
16640.0,6820998.248221872,9.051865183093905e-06,51.60000000000079,0.0,353.85733829812136,353.8005720566395
16650.0,6820993.956586224,8.582599359350776e-06,51.60000000000067,0.0,354.1798096535218,354.1202373161644
16660.0,6820989.664940888,8.113062572753467e-06,51.600000000000584,0.0,354.502444422993,354.43973917428536
16670.0,6820985.373284288,7.643269395665729e-06,51.60000000000058,0.0,354.82527290358377,354.7590473326052
16680.0,6820981.081614693,7.173234389513758e-06,51.60000000000066,0.0,355.1483333346239,355.0781235505271
16690.0,6820976.789929811,6.702972064893436e-06,51.60000000000064,0.0,355.471674746274,355.3969187967024
16700.0,6820972.498227049,6.232496903065116e-06,51.60000000000066,0.0,355.7953610011667,355.71536920738725
16710.0,6820968.206503099,5.761823319351021e-06,51.60000000000067,0.0,356.1194768984549,356.03338998238974
16720.0,6820963.914753846,5.290965642654193e-06,51.60000000000063,0.0,356.4441374902106,356.3508660686671
16730.0,6820959.622973909,4.819938073690235e-06,51.60000000000048,0.0,356.76950290186284,356.66763733989643
16740.0,6820955.331156311,4.348754644950345e-06,51.600000000000534,0.0,357.09580279596713,356.983474132711
16750.0,6820951.039291778,3.8774291443941644e-06,51.60000000000044,0.0,357.4233786594387,357.2980349594583
16760.0,6820946.74736722,3.4059749494476833e-06,51.60000000000048,0.0,357.75276132630995,357.6107889854453
16770.0,6820942.455363757,2.9344048206179905e-06,51.600000000000534,0.0,358.0848232877763,357.9208637188915
16780.0,6820938.163252552,2.4627304525277135e-06,51.60000000000054,0.0,358.4211061210228,358.2267175820892
16790.0,6820933.870986188,1.9909615459981523e-06,51.6000000000006,0.0,358.7646138592084,358.5253465414578
16800.0,6820929.578478438,1.519103675855601e-06,51.60000000000066,0.0,359.1220859493258,358.8100111496352
16810.0,6820925.285545161,1.0471520830484997e-06,51.600000000000705,0.0,359.51242095488914,359.0618128428208
16820.0,6820920.991658363,5.750664135334258e-07,51.60000000000079,0.0,0.016626581583586115,359.19974391514694
16830.0,6820916.6931291595,1.0251205985467046e-07,51.60000000000079,0.0,2.2121370628819985,357.6463701329655
16840.0,6820912.426309068,3.6672992305467035e-07,51.60000000000084,0.0,179.61582476582166,180.88481912922202
16850.0,6820908.138411404,8.381617499189414e-07,51.60000000000084,0.0,180.29580567108738,180.84697492324364
16860.0,6820903.848927708,1.309751257683433e-06,51.600000000000826,0.0,180.71747366126624,181.06744363253193
16870.0,6820899.558868361,1.7813652326755254e-06,51.60000000000098,0.0,181.08591273002514,181.34114126360367
16880.0,6820895.268509559,2.2529573021652093e-06,51.60000000000094,0.0,181.43453943590433,181.634651258167
16890.0,6820890.97796728,2.7244995432175647e-06,51.60000000000095,0.0,181.77363854373058,181.9376888517029
16900.0,6820886.6873014625,3.195970402677412e-06,51.600000000001046,0.0,182.10742586908188,182.24603822905152
16910.0,6820882.3965471815,3.6673511494937257e-06,51.600000000000996,0.0,182.43794940990273,182.55765139274104
16920.0,6820878.10572672,4.138624489621167e-06,51.600000000001096,0.0,182.7663240767967,182.8714134327144
16930.0,6820873.814855069,4.609773954596496e-06,51.600000000001025,0.0,183.09320878736108,183.18666543201473
16940.0,6820869.523942755,5.080783576765748e-06,51.60000000000106,0.0,183.41901799267242,183.50299294025208
16950.0,6820865.232997607,5.551637693494511e-06,51.60000000000127,0.0,183.74402542115445,183.82012222979455
16960.0,6820860.942025539,6.022320863188969e-06,51.60000000000131,0.0,184.06841914609382,184.13786522821624
16970.0,6820856.651030961,6.492817815573812e-06,51.600000000001366,0.0,184.392332662075,184.4560884418528
16980.0,6820852.3600175865,6.963113365143332e-06,51.600000000001366,0.0,184.7158633495364,184.7746944912756
16990.0,6820848.068988209,7.433192434275065e-06,51.6000000000015,0.0,185.03908391795494,185.09361066808904
17000.0,6820843.777945178,7.903039998793882e-06,51.60000000000144,0.0,185.36204974377108,185.41278159701588
17010.0,6820839.486890425,8.37264109381783e-06,51.60000000000138,0.0,185.68480376529382,185.7321643409691
17020.0,6820835.195825453,8.841980802765226e-06,51.60000000000139,0.0,186.00737977787608,186.05172510590367
17030.0,6820830.904751843,9.311044214506357e-06,51.60000000000141,0.0,186.3298047241552,186.37143695056287
17040.0,6820826.613670685,9.779816480470415e-06,51.60000000000143,0.0,186.6521003896822,186.69127809086064
17050.0,6820822.322582871,1.0248282778247376e-05,51.600000000001565,0.0,186.9742845664129,187.01123073635665
17060.0,6820818.0314893415,1.0716428294859497e-05,51.600000000001465,0.0,187.29637189994682,187.3312802430634
17070.0,6820813.7403908195,1.1184238250387169e-05,51.60000000000153,0.0,187.618374588705,187.65141441423947
17080.0,6820809.449287903,1.1651697887724406e-05,51.60000000000149,0.0,187.94030286055158,187.97162302375645
17090.0,6820805.158181197,1.2118792459945992e-05,51.6000000000015,0.0,188.26216537333318,188.29189741560697
17100.0,6820800.867071202,1.2585507245439534e-05,51.60000000000144,0.0,188.58396946906478,188.61223024967754
17110.0,6820796.575958396,1.3051827536420632e-05,51.60000000000134,0.0,188.90572143532845,188.9326152403399
17120.0,6820792.284843089,1.351773864987187e-05,51.60000000000145,0.0,189.22742672470125,189.25304693707017
17130.0,6820787.9937257655,1.398322590676449e-05,51.600000000001444,0.0,189.54909000041158,189.57352067875803
17140.0,6820783.702606646,1.4448274662724423e-05,51.60000000000142,0.0,189.87071537242943,189.8940323576171
17150.0,6820779.41148599,1.4912870285883808e-05,51.600000000001515,0.0,190.1923064101717,190.21457840649018
17160.0,6820775.120364139,1.53769981480876e-05,51.60000000000149,0.0,190.5138662443433,190.5351556970017
17170.0,6820770.829241223,1.5840643661759645e-05,51.60000000000133,360.0,190.83539764018673,190.85576146631195
17180.0,6820766.538117503,1.6303792239629916e-05,51.60000000000148,0.0,191.15690305347528,191.17639326113726
17190.0,6820762.24699318,1.6766429311974146e-05,51.600000000001614,0.0,191.4783846572241,191.49704891099432
17200.0,6820757.955868382,1.722854033752733e-05,51.60000000000173,0.0,191.79984439491577,191.81772647500458
17210.0,6820753.664743317,1.769011078203011e-05,51.60000000000182,0.0,192.12128399755943,192.13842422485757
17220.0,6820749.37361812,1.8151126135029602e-05,51.60000000000185,0.0,192.44270502814823,192.45914060031595
17230.0,6820745.082492836,1.8611571914431512e-05,51.60000000000191,0.0,192.76410888660286,192.7798742042809
17240.0,6820740.791367678,1.9071433643368607e-05,51.60000000000187,0.0,193.08549681288198,193.10062379968193
17250.0,6820736.50024264,1.9530696874140632e-05,51.600000000001856,0.0,193.40686997855556,193.4213882179125
17260.0,6820732.209117956,1.9989347158318407e-05,51.60000000000181,0.0,193.72822941269786,193.74216643293397
17270.0,6820727.917993551,2.0447370102015416e-05,51.60000000000186,0.0,194.04957606232475,194.06295750082154
17280.0,6820723.62686963,2.090475130130882e-05,51.60000000000175,0.0,194.37091077217835,194.3837605800061
17290.0,6820719.3357462585,2.1361476382508085e-05,51.600000000001735,0.0,194.69223434034873,194.70457487562408
17300.0,6820715.04462341,2.1817531008826687e-05,51.60000000000167,0.0,195.01354747287073,195.02539968494222
17310.0,6820710.753501247,2.227290083989836e-05,51.60000000000173,0.0,195.33485082854523,195.34623435252553
17320.0,6820706.462379783,2.272757157278452e-05,51.60000000000168,0.0,195.6561450102561,195.66707827893012
17330.0,6820702.171258992,2.3181528932469716e-05,51.600000000001664,0.0,195.97743058400636,195.98793090163582
17340.0,6820697.880139022,2.363475864827981e-05,51.600000000001614,0.0,196.2987080454748,196.30879172854273
17350.0,6820693.589019795,2.40872464912198e-05,51.60000000000168,0.0,196.61997788092793,196.62966027699724
17360.0,6820689.297901442,2.453897823984686e-05,51.600000000001735,0.0,196.94124053215145,196.95053610890895
17370.0,6820685.006783969,2.498993970652664e-05,51.600000000001785,0.0,197.2624963861471,197.27141884102352
17380.0,6820680.715667394,2.5440116728944524e-05,51.60000000000186,0.0,197.58374582932217,197.59230809076135
17390.0,6820676.424551628,2.588949517485305e-05,51.60000000000174,0.0,197.90498921650826,197.91320350716663
17400.0,6820672.1334368475,2.633806091463101e-05,51.60000000000178,0.0,198.22622685920825,198.23410478268974
17410.0,6820667.842322997,2.6785799868236832e-05,51.600000000001735,360.0,198.54745906341668,198.555011615331
17420.0,6820663.551210149,2.7232697966306024e-05,51.60000000000163,360.0,198.8686861052499,198.87592373303332
17430.0,6820659.260098233,2.7678741180604133e-05,51.60000000000161,360.0,199.1899082549117,199.19684086972708
17440.0,6820654.96898731,2.812391549597586e-05,51.6000000000017,360.0,199.51112576326054,199.51776277873645
17450.0,6820650.677877326,2.8568206940758646e-05,51.600000000001664,0.0,199.83233885590798,199.83868923870563
17460.0,6820646.386768299,2.9011601555683854e-05,51.60000000000163,0.0,200.1535477554829,200.1596200313051
17470.0,6820642.095660213,2.945408541922678e-05,51.600000000001685,0.0,200.47475265745504,200.48055496542642
17480.0,6820637.804553171,2.9895644626846325e-05,51.60000000000169,0.0,200.79595373827144,200.80149386904725
17490.0,6820633.5134470835,3.0336265317516908e-05,51.600000000001586,360.0,201.1171511979422,201.12243654664027
17500.0,6820629.22234193,3.0775933655416275e-05,51.60000000000153,360.0,201.43834519633336,201.44338284287568
17510.0,6820624.931237729,3.1214635829686024e-05,51.6000000000015,360.0,201.75953590352844,201.76433259226096
17520.0,6820620.640134465,3.1652358063843544e-05,51.60000000000151,360.0,202.0807234556757,202.0852856632904
17530.0,6820616.349032045,3.2089086621866395e-05,51.60000000000154,360.0,202.40190801080203,202.40624190264208
17540.0,6820612.05793059,3.2524807773543396e-05,51.600000000001494,360.0,202.7230896776909,202.72720120629464
17550.0,6820607.766830006,3.295950784509721e-05,51.60000000000156,360.0,203.0442686044193,203.04816343098776
17560.0,6820603.475730275,3.339317319024675e-05,51.60000000000153,360.0,203.3654449019734,203.3691284705979
17570.0,6820599.184631409,3.3825790183378964e-05,51.60000000000154,360.0,203.68661867969098,203.69009622070627
17580.0,6820594.893533367,3.425734523993472e-05,51.60000000000151,360.0,204.00779005597323,204.01106656788505
17590.0,6820590.602436112,3.4687824813953664e-05,51.60000000000145,360.0,204.32895912029667,204.33203942766815
17600.0,6820586.311339655,3.51172153816352e-05,51.600000000001366,360.0,204.65012597103043,204.65301470676835
17610.0,6820582.020243933,3.5545503464932606e-05,51.600000000001316,0.0,204.9712907069819,204.97399231150402
17620.0,6820577.729148953,3.597267560978933e-05,51.6000000000014,0.0,205.29245340953398,205.29497216566264
17630.0,6820573.438054675,3.6398718404397344e-05,51.600000000001344,0.0,205.61361416858065,205.61595418457506
17640.0,6820569.146960985,3.68236184785378e-05,51.600000000001344,0.0,205.93477307133588,205.9369382862909
17650.0,6820564.85586797,3.724736248082083e-05,51.60000000000127,0.0,206.2559301802001,206.2579244137324
17660.0,6820560.56477554,3.7669937110380385e-05,51.60000000000131,0.0,206.57708556853038,206.57891249891182
17670.0,6820556.273683642,3.8091329100093373e-05,51.60000000000117,0.0,206.8982393145682,206.89990246899393
17680.0,6820551.982592305,3.851152521158275e-05,51.60000000000122,0.0,207.21939147306085,207.22089427469209
17690.0,6820547.69150149,3.8930512249610915e-05,51.600000000001174,0.0,207.54054210242987,207.5418878630888
17700.0,6820543.400411057,3.934827707084316e-05,51.60000000000108,0.0,207.8616912826965,207.86288315969924
17710.0,6820539.109321074,3.976480654625315e-05,51.60000000000102,0.0,208.1828390596685,208.1838801243185
17720.0,6820534.818231508,4.018008759518459e-05,51.60000000000106,0.0,208.50398548880528,208.50487870711294
17730.0,6820530.527142263,4.0594107186193926e-05,51.60000000000104,0.0,208.82513062537012,208.82587885850202
17740.0,6820526.236053273,4.1006852318054804e-05,51.60000000000102,0.0,209.1462745235516,209.14688053000273
17750.0,6820521.944964527,4.141831003017596e-05,51.60000000000098,0.0,209.4674172275932,209.46788368313952
17760.0,6820517.653875942,4.182846740533197e-05,51.60000000000095,0.0,209.78855879205886,209.78888826913803
17770.0,6820513.362787554,4.223731155801472e-05,51.60000000000102,0.0,210.1096992486252,210.10989426216318
17780.0,6820509.0716992915,4.264482965412297e-05,51.6000000000009,0.0,210.43083864796043,210.4309016174208
17790.0,6820504.780611029,4.305100890077061e-05,51.60000000000083,0.0,210.75197703905567,210.75191029183156
17800.0,6820500.489522737,4.345583654962686e-05,51.60000000000092,0.0,211.07311446360703,211.07292024965022
17810.0,6820496.1984343575,4.3859299885820665e-05,51.60000000000083,0.0,211.3942509556849,211.39393146279647
17820.0,6820491.907345888,4.426138623702243e-05,51.60000000000078,0.0,211.7153865468983,211.71494390568213
17830.0,6820487.61625724,4.4662082982454445e-05,51.600000000000776,0.0,212.0365212797303,212.03595754188095
17840.0,6820483.32516831,4.5061377543290496e-05,51.600000000000655,0.0,212.35765519465264,212.3569723370127
17850.0,6820479.034079085,4.545925738289913e-05,51.60000000000076,0.0,212.67878832160343,212.67798826725885
17860.0,6820474.742989412,4.5855710012155996e-05,51.600000000000705,0.0,212.99992069992322,212.999005299444
17870.0,6820470.4518993,4.6250722978474444e-05,51.600000000000705,0.0,213.32105235310738,213.3200234162568
17880.0,6820466.160808679,4.6644283881450623e-05,51.6000000000007,0.0,213.64218331959685,213.64104258547417
17890.0,6820461.869717426,4.70363803693931e-05,51.60000000000066,0.0,213.96331363024245,213.96206278250182
17900.0,6820457.578625496,4.74270001293174e-05,51.60000000000068,0.0,214.2844433110189,214.28308398763622
17910.0,6820453.287532753,4.781613090189428e-05,51.60000000000064,0.0,214.60557239573745,214.60410617337595
17920.0,6820448.996439175,4.8203760466748207e-05,51.60000000000075,0.0,214.92670091090721,214.92512931956188
17930.0,6820444.705344611,4.858987665931269e-05,51.6000000000007,0.0,215.24782888573864,215.24615340333318
17940.0,6820440.414248957,4.8974467358642965e-05,51.60000000000069,0.0,215.5689563539557,215.56717839735217
17950.0,6820436.123152101,4.935752049589444e-05,51.60000000000072,0.0,215.89008334287428,215.88820428072427
17960.0,6820431.8320539845,4.9739024040763025e-05,51.60000000000078,0.0,216.21120987273758,216.2092310396424
17970.0,6820427.540954481,5.011896601998103e-05,51.60000000000083,0.0,216.53233597314565,216.53025865097098
17980.0,6820423.249853416,5.049733451445477e-05,51.600000000001074,0.0,216.85346167496664,216.85128709033157
17990.0,6820418.958750624,5.087411764989316e-05,51.60000000000114,0.0,217.17458700551626,217.17231633691094
18000.0,6820414.667645895,5.124930360824373e-05,51.600000000001174,0.0,217.4957119962719,217.49334636576907
18010.0,6820410.376539074,5.162288061574929e-05,51.600000000001195,0.0,217.81683667816367,217.8143771525216
18020.0,6820406.085430001,5.199483695017917e-05,51.60000000000114,0.0,218.13796107079074,218.135408684142
18030.0,6820401.794318498,5.2365160941228387e-05,51.60000000000111,0.0,218.45908520653822,218.45644093482727
18040.0,6820397.5032042805,5.27338409790494e-05,51.60000000000127,0.0,218.78020912372557,218.77747387286783
18050.0,6820393.212087068,5.310086550437539e-05,51.600000000001295,0.0,219.10133285070188,219.09850747654528
18060.0,6820388.920966494,5.346622301663187e-05,51.60000000000129,0.0,219.42245642607074,219.4195417138902
18070.0,6820384.629842271,5.382990205877716e-05,51.600000000001245,0.0,219.74357988660853,219.7405765547866
18080.0,6820380.338714008,5.419189123929288e-05,51.60000000000127,0.0,220.0647032693012,220.0616119689169
18090.0,6820376.047581055,5.455217923846999e-05,51.600000000001394,0.0,220.38582663435182,220.38264790276378
18100.0,6820371.756442888,5.491075477910309e-05,51.60000000000126,0.0,220.70695002811237,220.70368431667862
18110.0,6820367.465298736,5.5267606657458045e-05,51.6000000000012,0.0,221.02807351689725,221.02472115105658
18120.0,6820363.174147647,5.562272373961574e-05,51.600000000001224,0.0,221.34919718181706,221.3457583315061
18130.0,6820358.88298851,5.597609495673962e-05,51.60000000000122,0.0,221.67032110836288,221.6667957792668
18140.0,6820354.591819843,5.6327709324428416e-05,51.600000000001025,0.0,221.99144541192072,221.9878333856942
18150.0,6820350.300639665,5.667755595576844e-05,51.60000000000093,0.0,222.31257024831058,222.30887100172703
18160.0,6820346.009445215,5.702562407853482e-05,51.600000000000925,0.0,222.6336958229623,222.6299084286883
18170.0,6820341.718232484,5.737190307345036e-05,51.600000000000776,0.0,222.95482243270683,222.9509453765165
18180.0,6820337.426995673,5.77163825192068e-05,51.6000000000007,0.0,223.2759505041772,223.27198142534888
18190.0,6820333.1357251005,5.8059052360031676e-05,51.6000000000007,0.0,223.59708075246473,223.5930158668768
18200.0,6820328.844403727,5.839990317004904e-05,51.60000000000083,0.0,223.9182144283056,223.91404745713615
18210.0,6820324.552996223,5.873892701363817e-05,51.60000000000093,0.0,224.2393541306943,224.2350736039302
18220.0,6820320.26140678,5.907612074111629e-05,51.600000000000925,0.0,224.5605069360368,224.55608723764072
18230.0,6820315.969116549,5.9411514254366654e-05,51.60000000000092,0.0,224.8817113951328,224.87704981425446
18240.0,6820311.677846944,5.9744963468634134e-05,51.60000000000095,0.0,225.2028379809892,225.19809086756217
18250.0,6820307.387407454,6.007647158343376e-05,51.60000000000098,0.0,225.5239032116119,225.51919388635343
18260.0,6820303.096644,6.040611822665864e-05,51.600000000000925,0.0,225.84499293163822,225.840273032782
18270.0,6820298.805772507,6.073387633035075e-05,51.60000000000111,0.0,226.16609083098584,226.1613446237201
18280.0,6820294.514845488,6.10597315426211e-05,51.600000000001195,0.0,226.4871929190007,226.4824126566133
18290.0,6820290.223884317,6.138367198235212e-05,51.600000000001074,0.0,226.80829756776222,226.8034787661641
18300.0,6820285.932899598,6.170568665445939e-05,51.600000000001074,0.0,227.12940396445302,227.12454377197247
18310.0,6820281.641897454,6.202576497234108e-05,51.600000000000996,0.0,227.45051164068082,227.44560814921618
18320.0,6820277.350881779,6.2343896582278e-05,51.60000000000096,0.0,227.7716203000352,227.76667220106842
18330.0,6820273.059855029,6.266007129848151e-05,51.60000000000087,0.0,228.09272975395197,228.08773612286555
18340.0,6820268.768819047,6.29742790445487e-05,51.600000000000925,0.0,228.413839861661,228.4088000621322
18350.0,6820264.477775137,6.328650984672298e-05,51.60000000000086,0.0,228.73495052505208,228.7298641237217
18360.0,6820260.186724249,6.359675381960208e-05,51.6000000000009,0.0,229.05606167218252,229.05092838633195
18370.0,6820255.895667103,6.390500116015286e-05,51.60000000000096,0.0,229.37717325062422,229.37199290911485
18380.0,6820251.604604266,6.421124213840687e-05,51.600000000000996,0.0,229.6982852196664,229.69305773950438
18390.0,6820247.313536151,6.451546709667615e-05,51.60000000000106,0.0,230.01939754894173,230.01412291456862
18400.0,6820243.022463186,6.481766644214867e-05,51.60000000000099,0.0,230.34051020790054,230.33518847156805
18410.0,6820238.731385491,6.51178306653219e-05,51.60000000000082,0.0,230.66162319040075,230.656254423321
18420.0,6820234.440303431,6.541595030806454e-05,51.60000000000071,0.0,230.98273647091702,230.97732080201646
18430.0,6820230.149217158,6.571201598692344e-05,51.600000000000655,0.0,231.30385004018152,231.29838762358554
18440.0,6820225.8581268005,6.600601838710058e-05,51.60000000000072,0.0,231.62496389077333,231.61945490208944
18450.0,6820221.5670325365,6.629794825375067e-05,51.600000000000726,0.0,231.94607801304312,231.9405226537879
18460.0,6820217.275934422,6.658779640619938e-05,51.600000000000726,0.0,232.26719240416355,232.26159088813162
18470.0,6820212.984832598,6.687555372327167e-05,51.60000000000083,0.0,232.58830705641856,232.5826596194063
18480.0,6820208.693727046,6.71612111590365e-05,51.60000000000063,0.0,232.90942197260577,232.90372885138237
18490.0,6820204.402617902,6.744475972647036e-05,51.60000000000063,0.0,233.23053714592672,233.2247985974173
18500.0,6820200.111505175,6.772619051117141e-05,51.60000000000065,0.0,233.55165257882126,233.5458688615988
18510.0,6820195.820388911,6.800549466135887e-05,51.60000000000066,0.0,233.87276826886432,233.86693965284914
18520.0,6820191.529269006,6.828266340454244e-05,51.60000000000064,0.0,234.19388422848314,234.1880109652264
18530.0,6820187.238145643,6.855768801360949e-05,51.60000000000068,0.0,234.5150004448713,234.509082817998
18540.0,6820182.947018843,6.883055983965416e-05,51.60000000000064,0.0,234.836116918255,234.83015521737477
18550.0,6820178.6558885565,6.910127030901355e-05,51.60000000000061,0.0,235.15723365532932,235.15122816306922
18560.0,6820174.364754743,6.936981090940984e-05,51.600000000000485,0.0,235.47835066191388,235.47230165564883
18570.0,6820170.073617535,6.963617319610231e-05,51.60000000000057,0.0,235.79946793116255,235.7933757083263
18580.0,6820165.782476796,6.990034879581152e-05,51.600000000000534,0.0,236.12058547540286,236.1144503150943
18590.0,6820161.491332557,7.016232940565195e-05,51.6000000000005,0.0,236.44170329328378,236.43552548362226
18600.0,6820157.200184819,7.04221067854915e-05,51.60000000000037,0.0,236.7628213864722,236.75660121850487
18610.0,6820152.909033597,7.067967276700642e-05,51.60000000000037,0.0,237.08393975869342,237.07767752227554
18620.0,6820148.617878863,7.093501925617915e-05,51.60000000000046,0.0,237.40505841070706,237.39875440037846
18630.0,6820144.32672065,7.118813821561126e-05,51.60000000000055,0.0,237.72617734465197,237.71983185686997
18640.0,6820140.035558801,7.143902169612747e-05,51.60000000000049,0.0,238.04729657450628,238.04090988391906
18650.0,6820135.744393477,7.168766180341519e-05,51.60000000000057,0.0,238.36841608840896,238.3619884995103
18660.0,6820131.453224532,7.193405072335807e-05,51.60000000000059,0.0,238.68953590160703,238.6830676944787
18670.0,6820127.162051994,7.217818070472486e-05,51.60000000000055,0.0,239.0106560121791,239.0041474768004
18680.0,6820122.870875877,7.242004407390781e-05,51.600000000000534,0.0,239.33177642259457,239.32522785002422
18690.0,6820118.579696094,7.26596332266534e-05,51.60000000000047,0.0,239.65289714073643,239.6463088122498
18700.0,6820114.288512654,7.289694062806987e-05,51.600000000000335,0.0,239.974018167016,239.96739036901172
18710.0,6820109.997325585,7.313195881812795e-05,51.60000000000049,0.0,240.29513950132625,240.2884725263277
18720.0,6820105.706134804,7.336468039868483e-05,51.6000000000005,0.0,240.61626115221054,240.6095552815173
18730.0,6820101.414940283,7.359509805917657e-05,51.60000000000049,0.0,240.9373831247296,240.93063863534832
18740.0,6820097.123742076,7.382320454898093e-05,51.60000000000059,0.0,241.25850541369275,241.25172259881336
18750.0,6820092.832540089,7.4048992698009e-05,51.6000000000006,0.0,241.57962802986108,241.57280716690133
18760.0,6820088.541334323,7.427245540180914e-05,51.6000000000007,0.0,241.90075097444108,241.8938923441179
18770.0,6820084.250124766,7.449358563782954e-05,51.60000000000084,0.0,242.22187424973103,242.21497813383044
18780.0,6820079.958911395,7.471237644388756e-05,51.600000000000826,0.0,242.54299786047315,242.53606453692296
18790.0,6820075.667694166,7.492882094299286e-05,51.60000000000077,0.0,242.86412180887098,242.857151556781
18800.0,6820071.376473109,7.514291232629133e-05,51.600000000000826,0.0,243.1852460966738,243.1782391971914
18810.0,6820067.085248149,7.535464385805031e-05,51.60000000000081,0.0,243.50637073007533,243.4993274574606
18820.0,6820062.794019325,7.556400887726117e-05,51.60000000000086,0.0,243.827495708409,243.82041634370572
18830.0,6820058.502786543,7.577100080285881e-05,51.6000000000009,0.0,244.14862103995046,244.1415058530499
18840.0,6820054.2115498595,7.597561311999668e-05,51.6000000000009,0.0,244.46974671927362,244.4625959962874
18850.0,6820049.920309197,7.617783939432113e-05,51.60000000000086,0.0,244.79087275834786,244.78368676676314
18860.0,6820045.629064594,7.637767325855662e-05,51.60000000000087,0.0,245.1119991536473,245.10477817325415
18870.0,6820041.337815953,7.65751084329375e-05,51.600000000000875,0.0,245.4331259124247,245.4258702137316
18880.0,6820037.046563356,7.677013869718806e-05,51.60000000000081,0.0,245.7542530325522,245.74696289549
18890.0,6820032.755306717,7.696275792224222e-05,51.60000000000082,0.0,246.07538051962692,246.06805621804682
18900.0,6820028.464046092,7.715296004174426e-05,51.60000000000076,0.0,246.39650837051988,246.38915018959347
18910.0,6820024.172781389,7.734073907342381e-05,51.60000000000077,0.0,246.71763659503907,246.71024480533856
18920.0,6820019.881512608,7.752608910869437e-05,51.60000000000075,0.0,247.03876519365596,247.03134006977822
18930.0,6820015.590239737,7.770900431464892e-05,51.60000000000085,0.0,247.35989417002966,247.3524359841621
18940.0,6820011.29896282,7.78894789347015e-05,51.60000000000078,0.0,247.6810235221062,247.6735325554061
18950.0,6820007.007681781,7.806750729000808e-05,51.600000000000755,0.0,248.00215325404875,247.9946297841444
18960.0,6820002.716396654,7.824308377517781e-05,51.60000000000073,0.0,248.32328336551413,248.31572767547843
18970.0,6819998.425107418,7.841620286321402e-05,51.60000000000082,0.0,248.64441385926315,248.6368262313348
18980.0,6819994.133814115,7.858685910540819e-05,51.60000000000076,0.0,248.9655447355749,248.95792545608748
18990.0,6819989.842516679,7.875504712682478e-05,51.600000000000755,0.0,249.2866759996771,249.2790253490837
19000.0,6819985.551215094,7.89207616399864e-05,51.600000000000726,0.0,249.60780765153933,249.60012591488163
19010.0,6819981.259909387,7.908399742513791e-05,51.60000000000071,0.0,249.9289396924786,249.92122715663837
19020.0,6819976.968599558,7.92447493386992e-05,51.60000000000065,0.0,250.2500721246246,250.24232907663736
19030.0,6819972.677285682,7.940301232028344e-05,51.60000000000065,0.0,250.57120494369923,250.56343168351103
19040.0,6819968.385967631,7.955878138880225e-05,51.600000000000556,0.0,250.89233815831443,250.88453497294938
19050.0,6819964.094645443,7.971205164219089e-05,51.60000000000058,0.0,251.21347176469033,251.20563895296766
19060.0,6819959.803319181,7.986281824669378e-05,51.60000000000063,0.0,251.53460576239615,251.5267436281681
19070.0,6819955.5119888475,8.001107645626522e-05,51.60000000000061,0.0,251.85574015217773,251.84784900193
19080.0,6819951.220654419,8.01568216040009e-05,51.60000000000071,0.0,252.17687493612334,252.16895507621766
19090.0,6819946.929315958,8.030004909515198e-05,51.6000000000007,0.0,252.49801011066512,252.49006185859423
19100.0,6819942.637973463,8.044075441861067e-05,51.600000000000655,0.0,252.8191456771746,252.81116935161995
19110.0,6819938.346626921,8.057893314494178e-05,51.60000000000063,0.0,253.14028163717472,253.13227755764294
19120.0,6819934.055276435,8.071458091360512e-05,51.600000000000584,0.0,253.46141798651573,253.45338648462382
19130.0,6819929.76392195,8.084769345600702e-05,51.60000000000049,0.0,253.78255472749632,253.77449613400603
19140.0,6819925.472563544,8.097826657939416e-05,51.60000000000054,0.0,254.1036918546288,254.0956065149636
19150.0,6819921.181201246,8.110629616037989e-05,51.60000000000044,0.0,254.42482937046697,254.4167176285556
19160.0,6819916.889835109,8.123177816624548e-05,51.60000000000042,0.0,254.74596726951495,254.73782948383683
19170.0,6819912.598465153,8.135470864829236e-05,51.600000000000364,0.0,255.0671055515913,255.05894208447262
19180.0,6819908.3070914745,8.147508372434137e-05,51.600000000000406,0.0,255.38824420932428,255.38005544125176
19190.0,6819904.015714081,8.159289960103051e-05,51.60000000000022,0.0,255.70938324355583,255.701169556686
19200.0,6819899.724332998,8.170815256271685e-05,51.60000000000024,0.0,256.03052265593215,256.0222844324247
19210.0,6819895.432948354,8.182083897739403e-05,51.60000000000011,0.0,256.3516624337835,256.3434000843518
19220.0,6819891.1415602425,8.193095528952196e-05,51.60000000000021,0.0,256.672802573181,256.66451651955913
19230.0,6819886.850168669,8.203849802298256e-05,51.60000000000008,0.0,256.99394307639636,256.9856337388634
19240.0,6819882.558773748,8.214346378620691e-05,51.60000000000008,0.0,257.3150839336027,257.30675175510885
19250.0,6819878.267375621,8.224584926682644e-05,51.59999999999999,0.0,257.63622513622875,257.62787057980984
19260.0,6819873.975974348,8.234565123432824e-05,51.59999999999988,0.0,257.9573666794974,257.94899022062924
19270.0,6819869.684570088,8.244286653773201e-05,51.599999999999966,0.0,258.2785085544876,258.27011068930796
19280.0,6819865.393162936,8.253749210848935e-05,51.59999999999992,0.0,258.59965075334736,258.59123199643454
19290.0,6819861.101753101,8.26295249577933e-05,51.599999999999895,0.0,258.9207932625328,258.9123541582289
19300.0,6819856.810340686,8.271896217882598e-05,51.59999999999988,0.0,259.2419360750103,259.2334771843367
19310.0,6819852.518925804,8.280580094752066e-05,51.599999999999966,0.0,259.563079182808,259.5546010852509
19320.0,6819848.227508825,8.289003851770126e-05,51.59999999999982,0.0,259.8842225578312,259.8757258915276
19330.0,6819843.936089858,8.297167222880227e-05,51.59999999999984,0.0,260.20536619550865,260.19685161013905
19340.0,6819839.644669119,8.305069950236075e-05,51.59999999999981,0.0,260.5265100789595,260.51797826027735
19350.0,6819835.3532469105,8.312711783482998e-05,51.59999999999981,0.0,260.8476541871466,260.83910586523194
19360.0,6819831.061823522,8.320092481118426e-05,51.59999999999986,0.0,261.1687984989072,261.16023444833803
19370.0,6819826.770399256,8.32721180941916e-05,51.59999999999978,0.0,261.48994299395304,261.4813640319865
19380.0,6819822.4789745305,8.334069543169453e-05,51.59999999999982,0.0,261.8110876398057,261.802494650699
19390.0,6819818.187549756,8.340665464922923e-05,51.59999999999986,0.0,262.132232407432,262.12362633545087
19400.0,6819813.896125426,8.346999365868502e-05,51.5999999999998,0.0,262.45337726252006,262.4447591224474
19410.0,6819809.604702071,8.353071045253371e-05,51.59999999999984,0.0,262.7745221640286,262.76589305453354
19420.0,6819805.313280271,8.358880310297106e-05,51.5999999999998,0.0,263.09566707126896,263.08702817414564
19430.0,6819801.021860754,8.364426976747374e-05,51.59999999999991,0.0,263.4168119285533,263.408164538638
19440.0,6819796.730444331,8.369710868294433e-05,51.59999999999981,0.0,263.73795667898116,263.72930220649107
19450.0,6819792.439031985,8.374731816761921e-05,51.59999999999991,0.0,264.0591012478333,264.05044125394403
19460.0,6819788.147624778,8.379489662421708e-05,51.60000000000007,0.0,264.3802455573641,264.3715817601882
19470.0,6819783.856223995,8.383984253744e-05,51.60000000000001,0.0,264.7013895121838,264.69272382197795
19480.0,6819779.564831316,8.388215446960846e-05,51.59999999999999,0.0,265.0225329895312,265.0138675633716
19490.0,6819775.273448467,8.392183107099746e-05,51.59999999999999,0.0,265.3436758583416,265.3350131166526
19500.0,6819770.982077749,8.395887106895831e-05,51.600000000000044,0.0,265.66481794788996,265.65616065368124
19510.0,6819766.69072194,8.399327327247257e-05,51.60000000000008,0.0,265.9859590517091,265.9773103819899
19520.0,6819762.39938454,8.402503657312896e-05,51.6000000000001,0.0,266.307098908544,266.2984625638335
19530.0,6819758.108070158,8.405415993900767e-05,51.6000000000003,0.0,266.6282371761571,266.61961754236484
19540.0,6819753.816784355,8.408064242448817e-05,51.600000000000165,0.0,266.9493734385259,266.9407757344609
19550.0,6819749.525534953,8.410448315828353e-05,51.600000000000186,0.0,267.27050710939176,267.2619377271264
19560.0,6819745.234332617,8.412568134656535e-05,51.60000000000022,0.0,267.59163739322145,267.5831043165893
19570.0,6819740.943192622,8.41442362718684e-05,51.60000000000026,0.0,267.912763148672,267.90427664481206
19580.0,6819736.652137718,8.416014728833823e-05,51.60000000000016,0.0,268.23388267357564,268.2254564144973
19590.0,6819732.361204844,8.417341381344389e-05,51.60000000000002,0.0,268.5549932045128,268.54664638953193
19600.0,6819728.070458697,8.418403531918813e-05,51.60000000000005,0.0,268.87608990190773,268.86785140987087
19610.0,6819723.780030639,8.419201130302816e-05,51.60000000000019,0.0,269.1971629363392,269.1890813052483
19620.0,6819719.490259281,8.419734121392932e-05,51.60000000000007,0.0,269.5181869674092,269.5103614162966
19630.0,6819715.2027073195,8.420002412917511e-05,51.60000000000002,0.0,269.83904505331094,269.83180868498164
19640.0,6819710.934365904,8.420005068240613e-05,51.600000000000165,0.0,270.15846566404224,270.15469464138835
19650.0,6819706.638326552,8.41974283830685e-05,51.60000000000011,0.0,270.47995918995287,270.4755088951685
19660.0,6819702.344589809,8.419216250919613e-05,51.600000000000065,0.0,270.801280544958,270.7964965323399
19670.0,6819698.051529184,8.418425244247206e-05,51.600000000000065,0.0,271.12255145180256,271.11753583001126
19680.0,6819693.758795397,8.417369812256375e-05,51.600000000000165,0.0,271.44379804835745,271.43860065008
19690.0,6819689.466253349,8.416049970758366e-05,51.6000000000001,0.0,271.7650304456122,271.75968088126154
19700.0,6819685.17383644,8.414465749795353e-05,51.600000000000016,0.0,272.08625362884277,272.08077153790634
19710.0,6819680.881507019,8.412617190847996e-05,51.59999999999992,0.0,272.40747041764814,272.40186979996207
19720.0,6819676.589241513,8.410504345519205e-05,51.59999999999973,0.0,272.7286825758798,272.7229739030529
19730.0,6819672.297024345,8.40812727494967e-05,51.599999999999675,0.0,273.0498912704842,273.04408267962776
19740.0,6819668.004844553,8.405486049238074e-05,51.59999999999967,0.0,273.3710973250137,273.3651953054528
19750.0,6819663.712694289,8.402580747551252e-05,51.599999999999795,0.0,273.69230132519783,273.68631119404364
19760.0,6819659.420567561,8.399411457755245e-05,51.59999999999976,0.0,274.01350372357905,274.0074298920259
19770.0,6819655.128459856,8.395978276247387e-05,51.599999999999795,0.0,274.334704858354,274.328551060298
19780.0,6819650.836367495,8.392281307844194e-05,51.59999999999979,0.0,274.65590500290205,274.6496744244981
19790.0,6819646.5442876965,8.388320666131111e-05,51.599999999999866,0.0,274.9771043702902,274.9707997705037
19800.0,6819642.252218172,8.384096473052302e-05,51.59999999999991,0.0,275.2983031312308,275.2919269264643
19810.0,6819637.960156883,8.379608858727362e-05,51.5999999999998,0.0,275.61950143988594,275.6130557370176
19820.0,6819633.668102415,8.374857962255415e-05,51.599999999999774,0.0,275.94069940456666,275.9341860925691
19830.0,6819629.376053396,8.369843930608329e-05,51.59999999999982,0.0,276.26189712948707,276.2553178875496
19840.0,6819625.084008576,8.364566918976671e-05,51.59999999999985,0.0,276.5830947072909,276.5764510278781
19850.0,6819620.79196707,8.359027091325256e-05,51.59999999999981,0.0,276.9042922074685,276.89758544255824
19860.0,6819616.499928054,8.353224619626905e-05,51.59999999999968,0.0,277.2254896914757,277.2187210685641
19870.0,6819612.207890731,8.347159684158856e-05,51.59999999999973,0.0,277.5466872199723,277.53985784357616
19880.0,6819607.915854525,8.340832473877386e-05,51.59999999999987,0.0,277.86788483925,277.86099571956595
19890.0,6819603.623818848,8.33424318546504e-05,51.599999999999895,0.0,278.18908259426894,278.18213464977345
19900.0,6819599.331783322,8.327392024398009e-05,51.59999999999991,0.0,278.51028051410304,278.50327460325303
19910.0,6819595.039747355,8.320279204051765e-05,51.59999999999987,0.0,278.83147864522317,278.82441553160135
19920.0,6819590.747710669,8.312904946218437e-05,51.59999999999991,0.0,279.15267700960794,279.1455574107979
19930.0,6819586.4556729235,8.305269480879697e-05,51.59999999999994,0.0,279.47387563451286,279.4667002114943
19940.0,6819582.163633802,8.297373046259096e-05,51.59999999999997,0.0,279.79507454443086,279.7878439070416
19950.0,6819577.871593044,8.289215888960695e-05,51.59999999999999,0.0,280.11627376129235,280.10898847327104
19960.0,6819573.579550358,8.280798263316797e-05,51.5999999999999,0.0,280.43747330674665,280.43013388621927
19970.0,6819569.287505562,8.272120432332484e-05,51.600000000000016,0.0,280.7586731978676,280.7512801264318
19980.0,6819564.995458377,8.263182666982388e-05,51.60000000000008,0.0,281.07987345471196,281.0724271713978
19990.0,6819560.703408702,8.253985246635426e-05,51.600000000000044,0.0,281.401074088444,281.39357500743415
20000.0,6819556.411356379,8.244528459185059e-05,51.60000000000005,0.0,281.72227511443873,281.7147236165612
20010.0,6819552.119301167,8.234812599411398e-05,51.600000000000165,0.0,282.043476547318,282.0358729815036
20020.0,6819547.827242978,8.224837971386378e-05,51.600000000000044,0.0,282.3646783985204,282.3570230880815
20030.0,6819543.53518172,8.214604887095747e-05,51.59999999999999,0.0,282.685880676335,282.67817392519646
20040.0,6819539.243117256,8.204113666427958e-05,51.600000000000016,0.0,283.0070833930881,282.9993254776614
20050.0,6819534.951049486,8.19336463764031e-05,51.60000000000013,0.0,283.32828655702974,283.32047773427746
20060.0,6819530.658978327,8.182358137171377e-05,51.600000000000115,0.0,283.64949017663616,283.64163068356004
20070.0,6819526.366903698,8.171094509434973e-05,51.600000000000165,0.0,283.9706942594056,283.96278431493164
20080.0,6819522.074825527,8.159574107009485e-05,51.60000000000005,0.0,284.2918988138674,284.2839386167149
20090.0,6819517.782743761,8.147797290181055e-05,51.60000000000001,0.0,284.61310384323804,284.60509358248015
20100.0,6819513.49065828,8.135764427525858e-05,51.59999999999996,0.0,284.93430935926403,284.92624919719975
20110.0,6819509.198569068,8.123475895892433e-05,51.59999999999986,0.0,285.2555153653647,285.2474054541093
20120.0,6819504.906476038,8.110932079960888e-05,51.599999999999866,0.0,285.57672186953005,285.5685623417982
20130.0,6819500.614379123,8.098133372309076e-05,51.59999999999983,0.0,285.8979288785028,285.88971985005355
20140.0,6819496.322278372,8.085080174510287e-05,51.59999999999984,0.0,286.2191363931579,286.2108779744504
20150.0,6819492.030173718,8.071772895013187e-05,51.599999999999774,0.0,286.5403444177718,286.5320367071021
20160.0,6819487.7380651,8.058211950244427e-05,51.599999999999696,0.0,286.86155296032524,286.85319603635304
20170.0,6819483.445952482,8.044397765596105e-05,51.59999999999972,0.0,287.18276202558474,287.17435595370046
20180.0,6819479.153835859,8.030330773338483e-05,51.599999999999845,0.0,287.50397161295643,287.4955164559385
20190.0,6819474.861715153,8.016011414077854e-05,51.599999999999845,0.0,287.8251817343469,287.81667752729453
20200.0,6819470.569590384,8.0014401366879e-05,51.59999999999991,0.0,288.1463923878588,288.1378391657432
20210.0,6819466.277461577,7.986617398109109e-05,51.5999999999999,0.0,288.467603576511,288.45900136427537
20220.0,6819461.9853287,7.971543662652968e-05,51.59999999999984,0.0,288.7888153015078,288.7801641176264
20230.0,6819457.693191722,7.956219403108893e-05,51.59999999999985,0.0,289.11002757056895,289.1013274139795
20240.0,6819453.401050553,7.940645098809782e-05,51.59999999999982,0.0,289.4312403886295,289.4224912442222
20250.0,6819449.108905306,7.924821238568938e-05,51.59999999999984,0.0,289.75245375084626,289.7436556089727
20260.0,6819444.816755964,7.90874831885673e-05,51.599999999999866,0.0,290.0736676626801,290.0648204984709
20270.0,6819440.524602458,7.892426842658038e-05,51.59999999999979,0.0,290.39488213305253,290.38598589945303
20280.0,6819436.232444858,7.875857322383317e-05,51.59999999999983,0.0,290.71609715640204,290.7071518130645
20290.0,6819431.940283041,7.859040276622471e-05,51.59999999999981,0.0,291.0373127431706,291.02831822440527
20300.0,6819427.648117151,7.841976233601998e-05,51.59999999999981,0.0,291.3585288876339,291.34948513467316
20310.0,6819423.355947111,7.82466572801154e-05,51.59999999999986,0.0,291.6797455960882,291.6706525329857
20320.0,6819419.063772911,7.807109302287302e-05,51.59999999999983,0.0,292.000962872594,291.9918204106559
20330.0,6819414.7715946045,7.789307507879731e-05,51.599999999999895,0.0,292.3221807158737,292.3129887642666
20340.0,6819410.4794121785,7.771260902471682e-05,51.59999999999986,0.0,292.6433991309743,292.634157584029
20350.0,6819406.187225605,7.752970051818027e-05,51.59999999999988,0.0,292.96461811996284,292.95532686306746
20360.0,6819401.895034925,7.734435529929224e-05,51.59999999999988,0.0,293.2858376850172,293.2764965943527
20370.0,6819397.602840155,7.71565791822082e-05,51.59999999999987,0.0,293.60705782822185,293.59766677090016
20380.0,6819393.310641317,7.696637805780038e-05,51.59999999999991,0.0,293.92827854751545,293.9188373898085
20390.0,6819389.0184384035,7.677375788964006e-05,51.59999999999987,0.0,294.24949984752703,294.2400084414303
20400.0,6819384.726231464,7.657872472730398e-05,51.59999999999988,0.0,294.57072172864036,294.56117992032614
20410.0,6819380.4340204485,7.638128467897978e-05,51.599999999999866,0.0,294.8919441965889,294.88235181564664
20420.0,6819376.141805357,7.618144393891787e-05,51.599999999999895,0.0,295.21316725366165,295.203524119938
20430.0,6819371.8495862605,7.597920878352839e-05,51.59999999999981,0.0,295.5343908980542,295.52469682979904
20440.0,6819367.557363158,7.577458555567828e-05,51.59999999999983,0.0,295.8556151343338,295.8458699353988
20450.0,6819363.265136121,7.556758067895333e-05,51.59999999999984,0.0,296.1768399588073,296.1670434351175
20460.0,6819358.972905093,7.53582006450847e-05,51.59999999999988,0.0,296.498065381116,296.4882173139629
20470.0,6819354.680670107,7.514645202396257e-05,51.59999999999986,0.0,296.81929139954286,296.80939156824894
20480.0,6819350.388431205,7.493234146154122e-05,51.59999999999986,0.0,297.1405180156445,297.13056619096596
20490.0,6819346.096188337,7.471587567404237e-05,51.59999999999991,0.0,297.46174523602093,297.45174117001693
20500.0,6819341.803941577,7.449706145397445e-05,51.599999999999866,0.0,297.7829730599025,297.7729165006415
20510.0,6819337.511690937,7.427590567498556e-05,51.59999999999986,0.0,298.1042014882912,298.09409217625216
20520.0,6819333.219436433,7.405241527094395e-05,51.59999999999999,0.0,298.4254305237566,298.41526818865515
20530.0,6819328.927178023,7.382659725649179e-05,51.599999999999994,0.0,298.7466601730339,298.7364445254412
20540.0,6819324.63491583,7.359845872430485e-05,51.59999999999999,0.0,299.0678904326581,299.0576211843646
20550.0,6819320.34264979,7.3368006826598e-05,51.600000000000136,0.0,299.389121308801,299.3787981535079
20560.0,6819316.050379985,7.313524880633766e-05,51.60000000000024,0.0,299.71035280077774,299.69997542777037
20570.0,6819311.758106349,7.290019196325634e-05,51.60000000000014,0.0,300.03158491615795,300.02115299374213
20580.0,6819307.465828969,7.266284367625862e-05,51.60000000000019,0.0,300.35281765416295,300.3423308463359
20590.0,6819303.173547783,7.242321139020899e-05,51.6000000000002,0.0,300.6740510219042,300.6635089725356
20600.0,6819298.881262961,7.218130263800406e-05,51.60000000000023,0.0,300.995285012332,300.98468737344183
20610.0,6819294.5889743455,7.19371250013563e-05,51.60000000000034,0.0,301.3165196407855,301.3058660277275
20620.0,6819290.296682053,7.169068615497023e-05,51.600000000000406,0.0,301.63775490299133,301.62704493366107
20630.0,6819286.004386005,7.144199382522717e-05,51.60000000000035,0.0,301.9589908097409,301.94822407438903
20640.0,6819281.712086281,7.11910558301757e-05,51.60000000000035,0.0,302.2802273607187,302.2694034441414
20650.0,6819277.419782886,7.093788004280541e-05,51.60000000000024,0.0,302.60146455715363,302.5905830355747
20660.0,6819273.127475768,7.06824744047318e-05,51.600000000000165,0.0,302.92270241096804,302.91176283060605
20670.0,6819268.83516496,7.042484693854419e-05,51.60000000000014,0.0,303.2439409233457,303.2329428218668
20680.0,6819264.5428504925,7.01650057321208e-05,51.60000000000005,0.0,303.5651800983738,303.5541229990574
20690.0,6819260.250532407,6.99029589438808e-05,51.59999999999997,0.0,303.88641993646905,303.8753033555099
20700.0,6819255.958210569,6.963871479317287e-05,51.59999999999983,0.0,304.20766045340974,304.1964838691736
20710.0,6819251.665885085,6.937228158192072e-05,51.59999999999975,0.0,304.528901647227,304.5176645357058
20720.0,6819247.373555905,6.910366767292937e-05,51.59999999999974,0.0,304.8501435289927,304.83884533769975
20730.0,6819243.08122302,6.883288149718153e-05,51.59999999999981,0.0,305.1713861037412,305.16002626376536
20740.0,6819238.788886427,6.855993155448242e-05,51.59999999999993,0.0,305.49262937751445,305.48120730147036
20750.0,6819234.49654604,6.828482641301669e-05,51.599999999999866,0.0,305.81387336128853,305.8023884334249
20760.0,6819230.204201889,6.800757470901897e-05,51.59999999999992,0.0,306.13511806043624,306.1235696478148
20770.0,6819225.911853879,6.772818514358174e-05,51.59999999999987,0.0,306.4563634884901,306.44475092465126
20780.0,6819221.6195019875,6.74466664829702e-05,51.599999999999845,0.0,306.7776096550964,306.76593224779464
20790.0,6819217.327146155,6.71630275662227e-05,51.59999999999979,0.0,307.0988565700455,307.08711360095646
20800.0,6819213.034786319,6.687727729538491e-05,51.59999999999973,0.0,307.4201042461027,307.40829496483724
20810.0,6819208.742422372,6.658942463310846e-05,51.599999999999724,0.0,307.7413526982546,307.7294763178956
20820.0,6819204.450054176,6.629947861055991e-05,51.59999999999964,0.0,308.0626019437215,308.0506576363431
20830.0,6819200.157681665,6.60074483253693e-05,51.599999999999575,0.0,308.38385199610633,308.371838899987
20840.0,6819195.865304687,6.571334293632301e-05,51.59999999999967,0.0,308.7051028749133,308.69302008271666
20850.0,6819191.572923017,6.541717166353431e-05,51.59999999999973,0.0,309.02635460671746,309.0142011513267
20860.0,6819187.280536406,6.511894379188354e-05,51.59999999999968,0.0,309.3476072179778,309.3353820727209
20870.0,6819182.98814467,6.481866867121919e-05,51.59999999999966,0.0,309.6688607316407,309.6565628172857
20880.0,6819178.695747393,6.451635570033254e-05,51.5999999999995,0.0,309.9901151888187,309.97774333723964
20890.0,6819174.403344251,6.421201435296611e-05,51.59999999999955,0.0,310.31137062401353,310.2989235913982
20900.0,6819170.11093473,6.390565414251926e-05,51.59999999999951,0.0,310.63262708763074,310.62010352265037
20910.0,6819165.818518219,6.359728464691961e-05,51.599999999999575,0.0,310.95388463770104,310.941283066247
20920.0,6819161.526093857,6.328691549155715e-05,51.599999999999625,0.0,311.27514334807455,311.2624621416264
20930.0,6819157.233660777,6.297455635358521e-05,51.59999999999964,0.0,311.5964033003493,311.58364066044805
20940.0,6819152.941217617,6.266021694359744e-05,51.59999999999944,0.0,311.91766461026145,311.9048185002247
20950.0,6819148.6487625465,6.23439069936988e-05,51.5999999999994,0.0,312.238927432348,312.22599549967003
20960.0,6819144.356293143,6.202563625637281e-05,51.59999999999955,0.0,312.560191966066,312.54717145256393
20970.0,6819140.063805922,6.170541446184217e-05,51.599999999999405,0.0,312.8814584944166,312.8683460691382
20980.0,6819135.771295721,6.138325127815717e-05,51.599999999999376,0.0,313.2027274274217,313.18951893258287
20990.0,6819131.478754136,6.105915618134551e-05,51.5999999999995,0.0,313.52399942514046,313.5106893760627
21000.0,6819127.186166603,6.0733138235262005e-05,51.599999999999525,0.0,313.84527561880554,313.83185626155745
21010.0,6819122.893503921,6.040520543026845e-05,51.59999999999941,0.0,314.1665582567798,314.15301733391146
21020.0,6819118.600693765,6.007536249315215e-05,51.59999999999944,0.0,314.4878528469762,314.474167078418
21030.0,6819114.30743429,5.974359641718099e-05,51.59999999999957,0.0,314.80918221167315,314.7952826660008
21040.0,6819110.014334348,5.940996537286994e-05,51.59999999999936,0.0,315.1305016465685,315.1164087941621
21050.0,6819105.722830606,5.907459044260253e-05,51.5999999999994,0.0,315.45170153721136,315.4376550705579
21060.0,6819101.430828437,5.873731949063322e-05,51.599999999999376,0.0,315.77293894217104,315.7588644298186
21070.0,6819097.138693956,5.839819168980243e-05,51.59999999999935,0.0,316.09418668150664,316.08006404508467
21080.0,6819092.84649618,5.805722310005695e-05,51.59999999999929,0.0,316.4154396752757,316.401258989498
21090.0,6819088.55426097,5.771442646422188e-05,51.599999999999376,0.0,316.73669603851016,316.72245114124786
21100.0,6819084.262000727,5.736981352894962e-05,51.59999999999932,0.0,317.05795487829243,317.0436413864555
21110.0,6819079.969722573,5.7023395683576513e-05,51.59999999999939,0.0,317.3792156899631,317.36483022299814
21120.0,6819075.677430661,5.667518414009131e-05,51.599999999999376,0.0,317.70047818661914,317.6860179310004
21130.0,6819071.38512797,5.6325190074720266e-05,51.59999999999937,0.0,318.02174216728815,318.00720470465484
21140.0,6819067.092816651,5.597342465416252e-05,51.599999999999426,0.0,318.3430074920705,318.32839067709784
21150.0,6819062.800497941,5.5619899028328864e-05,51.599999999999376,0.0,318.66427408772705,318.6495759148124
21160.0,6819058.508173158,5.526462441151258e-05,51.59999999999949,0.0,318.9855418729285,318.9707604923838
21170.0,6819054.215843038,5.4907612021134274e-05,51.59999999999951,0.0,319.30681081436455,319.29194443637743
21180.0,6819049.92350832,5.454887313720319e-05,51.59999999999947,0.0,319.62808087189205,319.61312778020505
21190.0,6819045.631169511,5.4188419068890724e-05,51.59999999999952,0.0,319.9493520280244,319.9343105346372
21200.0,6819041.338827154,5.382626118722591e-05,51.599999999999596,0.0,320.2706242581961,320.2554927175363
21210.0,6819037.046481552,5.346241089403609e-05,51.5999999999996,0.0,320.59189756000944,320.5766743246074
21220.0,6819032.754133132,5.3096879656670504e-05,51.59999999999963,0.0,320.9131719216195,320.8978553610165
21230.0,6819028.461782026,5.27296789702684e-05,51.59999999999967,0.0,321.2344473538119,321.2190358093154
21240.0,6819024.169428578,5.236082040065824e-05,51.599999999999554,0.0,321.5557238471122,321.54021567233036
21250.0,6819019.877073046,5.1990315559273877e-05,51.59999999999966,0.0,321.877001402536,321.8613949424115
21260.0,6819015.584715537,5.1618176097861736e-05,51.59999999999966,0.0,322.1982800325006,322.18257360054275
21270.0,6819011.29235624,5.124441372147531e-05,51.59999999999968,0.0,322.51955974732226,322.50375162979645
21280.0,6819006.999995348,5.086904019293257e-05,51.59999999999972,0.0,322.8408405556132,322.8249290149792
21290.0,6819002.707632959,5.049206731278641e-05,51.59999999999973,0.0,323.16212246765457,323.14610573925626
21300.0,6818998.4152692715,5.011350694389047e-05,51.59999999999983,0.0,323.48340549452064,323.4672817850198
21310.0,6818994.122904325,4.973337098597837e-05,51.59999999999983,0.0,323.80468965629234,323.78845712567227
21320.0,6818989.830538275,4.935167139490018e-05,51.59999999999993,0.0,324.12597496689335,324.10963174079995
21330.0,6818985.538171183,4.896842016987161e-05,51.599999999999994,0.0,324.4472614478003,324.430805602454
21340.0,6818981.245803248,4.85836293715202e-05,51.599999999999966,0.0,324.76854911020547,324.75197869298773
21350.0,6818976.953434447,4.819731108975164e-05,51.59999999999999,0.0,325.0898379810951,325.07315097899783
21360.0,6818972.661064942,4.780947747678985e-05,51.59999999999999,0.0,325.4111280781806,325.3943224363794
21370.0,6818968.368694754,4.742014072130561e-05,51.600000000000065,0.0,325.7324194319675,325.7154930282472
21380.0,6818964.076324021,4.7029313069827386e-05,51.59999999999997,0.0,326.05371205373973,326.03666273698906
21390.0,6818959.7839528015,4.663700680851483e-05,51.599999999999994,0.0,326.3750059741623,326.3578315256086
21400.0,6818955.491581171,4.6243234272879515e-05,51.60000000000002,0.0,326.6963012218701,326.67899935918905
21410.0,6818951.199209133,4.5848007836265334e-05,51.600000000000044,0.0,327.0175978310616,327.00016619728547
21420.0,6818946.906836801,4.5451339929338356e-05,51.60000000000011,0.0,327.33889582684833,327.32133200854986
21430.0,6818942.61446425,4.505324302285923e-05,51.60000000000016,0.0,327.6601952405581,327.64249675545676
21440.0,6818938.322091534,4.4653729632123255e-05,51.600000000000165,0.0,327.9814961057454,327.96366039829627
21450.0,6818934.0297187045,4.425281231505039e-05,51.60000000000023,0.0,328.302798453946,328.2848228993888
21460.0,6818929.737345798,4.385050367649154e-05,51.60000000000024,0.0,328.62410232596534,328.6059842118362
21470.0,6818925.444972852,4.344681636258064e-05,51.600000000000286,0.0,328.94540776423094,328.92714428714635
21480.0,6818921.152599964,4.304176306709019e-05,51.60000000000025,0.0,329.2667147991997,329.24830308883764
21490.0,6818916.860227169,4.2635356523273205e-05,51.60000000000025,0.0,329.5880234764917,329.56946056528614
21500.0,6818912.567854565,4.222760950999458e-05,51.600000000000286,0.0,329.9093338384311,329.8906166682185
21510.0,6818908.275482136,4.1818534840729036e-05,51.600000000000264,0.0,330.230645931305,330.2117713454218
21520.0,6818903.983109949,4.140814537635161e-05,51.60000000000039,0.0,330.5519598094559,330.532924536676
21530.0,6818899.690738051,4.099645402151954e-05,51.60000000000034,0.0,330.8732755185017,330.8540761905165
21540.0,6818895.398366468,4.058347371388663e-05,51.60000000000042,0.0,331.19459311262045,331.1752262469672
21550.0,6818891.10599526,4.01692174390647e-05,51.60000000000047,0.0,331.5159126475405,331.49637464452627
21560.0,6818886.813624485,3.975369822189174e-05,51.60000000000051,0.0,331.8372341822225,331.81752131851
21570.0,6818882.521254132,3.933692911817878e-05,51.600000000000456,0.0,332.15855777941664,332.1386662004951
21580.0,6818878.228884285,3.89189232338718e-05,51.600000000000335,0.0,332.479883494988,332.459809228971
21590.0,6818873.936514936,3.849969370490991e-05,51.600000000000364,0.0,332.80121140968055,332.78095031759494
21600.0,6818869.644146187,3.8079253719159864e-05,51.600000000000406,0.0,333.1225415885788,333.10208939573073
21610.0,6818865.351778061,3.765761649016248e-05,51.600000000000485,0.0,333.44387410350726,333.4232263860409
21620.0,6818861.059410525,3.723479526678359e-05,51.60000000000048,0.0,333.7652090421832,333.7443611953525
21630.0,6818856.767043619,3.6810803342074674e-05,51.600000000000584,0.0,334.0865464855051,334.06549373734316
21640.0,6818852.474677446,3.638565404797696e-05,51.60000000000061,0.0,334.40788651339375,334.3866239267214
21650.0,6818848.182311965,3.59593607449756e-05,51.60000000000057,0.0,334.72922922385965,334.7077516601562
21660.0,6818843.889947246,3.553193684030169e-05,51.60000000000059,0.0,335.0505747141453,335.0288768351294
21670.0,6818839.597583301,3.5103395764651e-05,51.600000000000655,0.0,335.37192308035014,335.349999350304
21680.0,6818835.305220121,3.467375098856157e-05,51.60000000000066,0.0,335.6932744382475,335.6711190847306
21690.0,6818831.012857773,3.424301601849071e-05,51.60000000000058,0.0,336.0146288915864,335.9922359295371
21700.0,6818826.720496215,3.3811204390318694e-05,51.6000000000006,0.0,336.3359865774831,336.3133497425218
21710.0,6818822.42813556,3.337832968523017e-05,51.600000000000634,0.0,336.6573476125502,336.63446040204246
21720.0,6818818.1357757505,3.294440550619867e-05,51.6000000000007,0.0,336.978712137206,336.9555677627094
21730.0,6818813.84341684,3.250944549083685e-05,51.60000000000071,0.0,337.30008028189036,337.2766716891565
21740.0,6818809.551058874,3.2073463320725443e-05,51.6000000000009,0.0,337.6214522019507,337.5977720211593
21750.0,6818805.258701863,3.1636472691690884e-05,51.60000000000092,0.0,337.94282804629,337.9188686050063
21760.0,6818800.966345746,3.119848733848461e-05,51.600000000000925,0.0,338.26420800642103,338.23996124441464
21770.0,6818796.6739905905,3.075952103067739e-05,51.60000000000093,0.0,338.585592245328,338.5610497716936
21780.0,6818792.381636431,3.031958757021463e-05,51.60000000000098,0.0,338.90698095620417,338.8821339889963
21790.0,6818788.089283271,2.987870078410881e-05,51.60000000000104,0.0,339.2283743421109,339.20321368866104
21800.0,6818783.796931063,2.9436874524480776e-05,51.60000000000102,0.0,339.5497726172617,339.5242886519415
21810.0,6818779.504579813,2.89941226808125e-05,51.60000000000106,0.0,339.871176019812,339.8453586361901
21820.0,6818775.212229588,2.8550459173096463e-05,51.600000000001195,0.0,340.1925847808366,340.16642340590283
21830.0,6818770.91988035,2.8105897941102532e-05,51.60000000000114,0.0,340.51399916051673,340.48748269653566
21840.0,6818766.627532062,2.766045295789164e-05,51.60000000000111,0.0,340.83541944267085,340.80853621995806
21850.0,6818762.335184747,2.721413822515736e-05,51.600000000001074,0.0,341.15684593290376,341.1295836663153
21860.0,6818758.042838449,2.6766967773997656e-05,51.60000000000112,0.0,341.47827893097565,341.4506247316576
21870.0,6818753.750493062,2.6318955648497888e-05,51.60000000000098,0.0,341.79971879806504,341.77165905067835
21880.0,6818749.458148648,2.5870115936705797e-05,51.60000000000092,0.0,342.1211658831193,342.092686270356
21890.0,6818745.16580516,2.542046274265835e-05,51.60000000000102,0.0,342.44262059865207,342.41370597417364
21900.0,6818740.8734626,2.4970010194776985e-05,51.60000000000095,0.0,342.7640833395628,342.73471776327335
21910.0,6818736.581120908,2.4518772453826162e-05,51.60000000000097,0.0,343.0855545786089,343.05572116102417
21920.0,6818732.288780081,2.4066763695242895e-05,51.60000000000097,0.0,343.4070347975685,343.3767156818245
21930.0,6818727.996440048,2.3613998122892333e-05,51.60000000000104,0.0,343.72852453166547,343.69770078669154
21940.0,6818723.704100857,2.3160489969233374e-05,51.60000000000104,0.0,344.0500243444383,344.01867590839043
21950.0,6818719.411762389,2.2706253480163663e-05,51.60000000000102,0.0,344.3715348637539,344.3396404154365
21960.0,6818715.11942466,2.225130293275647e-05,51.60000000000098,0.0,344.69305675121524,344.6605936426476
21970.0,6818710.827087611,2.179565262056794e-05,51.60000000000099,0.0,345.0145907344725,344.9815348588831
21980.0,6818706.534751102,2.1339316852202306e-05,51.600000000001096,0.0,345.3361376234359,345.30246325079537
21990.0,6818702.242415207,2.088230997592982e-05,51.60000000000114,0.0,345.6576982617846,345.62337797132653
22000.0,6818697.950079794,2.0424646345902157e-05,51.60000000000105,0.0,345.97927360076056,345.9442780659491
22010.0,6818693.657744855,1.9966340343730037e-05,51.60000000000105,0.0,346.3008646610533,346.26516251072974
22020.0,6818689.365410169,1.95074063534764e-05,51.60000000000102,0.0,346.6224725928318,346.5860301523349
22030.0,6818685.073075757,1.9047858799813936e-05,51.60000000000096,0.0,346.9440986249385,346.90687975882594
22040.0,6818680.780741506,1.8587712120327564e-05,51.60000000000069,0.0,347.265744137106,347.22770994742825
22050.0,6818676.488407334,1.812698076247679e-05,51.60000000000058,0.0,347.58741062586614,347.5485192186498
22060.0,6818672.196073046,1.7665679191837074e-05,51.60000000000061,0.0,347.90909976695434,347.86930589386515
22070.0,6818667.903738591,1.720382190060442e-05,51.60000000000065,0.0,348.23081341306334,348.19006811755514
22080.0,6818663.611403789,1.674142338760812e-05,51.60000000000067,0.0,348.5525536221344,348.51080382901733
22090.0,6818659.319068431,1.627849816669512e-05,51.600000000000556,0.0,348.8743227145003,348.831510705243
22100.0,6818655.026732385,1.5815060770737323e-05,51.600000000000605,0.0,349.1961232407614,349.15218619300856
22110.0,6818650.734395437,1.535112574904288e-05,51.60000000000047,0.0,349.5179581106971,349.47282737999194
22120.0,6818646.442057452,1.4886707663856689e-05,51.60000000000054,0.0,349.8398305500298,349.7934310379937
22130.0,6818642.149718198,1.4421821089291564e-05,51.60000000000044,0.0,350.1617442545313,350.11399346884406
22140.0,6818637.857377258,1.3956480595090093e-05,51.60000000000052,0.0,350.4837034052014,350.43451048920394
22150.0,6818633.565034458,1.3490700789578588e-05,51.60000000000054,0.0,350.80571274901695,350.75497734984157
22160.0,6818629.272689441,1.3024496274322031e-05,51.60000000000043,0.0,351.12777774048743,351.07538859405753
22170.0,6818624.980341892,1.2557881667741218e-05,51.60000000000035,0.0,351.4499046303031,351.39573796905114
22180.0,6818620.687991458,1.2090871602659289e-05,51.60000000000059,0.0,351.7721006664172,351.7160182248169
22190.0,6818616.395637467,1.1623480680256637e-05,51.60000000000058,0.0,352.0943742646308,352.03622094359054
22200.0,6818612.103279519,1.115572355235207e-05,51.60000000000068,0.0,352.4167352589047,352.35633628951643
22210.0,6818607.81091702,1.0687614855062144e-05,51.60000000000068,0.0,352.739195214593,352.67635269541216
22220.0,6818603.518549377,1.0219169236694933e-05,51.60000000000081,0.0,353.06176783059226,352.9962564606291
22230.0,6818599.226175765,9.750401335509163e-06,51.60000000000072,0.0,353.38446947242466,353.3160312179744
22240.0,6818594.933795319,9.281325794182593e-06,51.60000000000065,0.0,353.7073198190973,353.63565728683676
22250.0,6818590.641407044,8.81195724504535e-06,51.60000000000061,0.0,354.0303427639648,353.95511077233505
22260.0,6818586.349009733,8.342310314514755e-06,51.60000000000068,0.0,354.3535676111104,354.27436236893607
22270.0,6818582.056601897,7.872399601203979e-06,51.600000000000634,0.0,354.67703069642704,354.5933757393657
22280.0,6818577.764181977,7.402239708691906e-06,51.60000000000051,0.0,355.00077759942707,354.9121053028034
22290.0,6818573.4717479,6.931845188591162e-06,51.60000000000057,0.0,355.3248663225595,355.2304930555658
22300.0,6818569.179297356,6.461230577032926e-06,51.60000000000059,0.0,355.6493718200353,355.54846404230074
22310.0,6818564.886827248,5.990410333456753e-06,51.60000000000075,0.0,355.9743926889745,355.8659196648033
22320.0,6818560.594333865,5.519398852378095e-06,51.60000000000085,0.0,356.30006124032883,356.18272761111893
22330.0,6818556.301812579,5.048210440031012e-06,51.60000000000073,0.0,356.62655927395576,356.49870608046757
22340.0,6818552.009257335,4.576859257090362e-06,51.60000000000078,0.0,356.95414363849693,356.81359822334883
22350.0,6818547.716659943,4.10535923429234e-06,51.600000000000804,0.0,357.2831893689818,357.1270290039542
22360.0,6818543.4240094125,3.633724012929986e-06,51.60000000000088,0.0,357.6142664399016,357.4384284470936
22370.0,6818539.131289974,3.1619667266570513e-06,51.60000000000093,0.0,357.9482854030814,357.7468860003224
22380.0,6818534.838478335,2.6900997152298964e-06,51.60000000000105,0.0,358.2867962906124,358.05085163099403
22390.0,6818530.545537569,2.2181338857021395e-06,51.60000000000108,0.0,358.63266948405254,358.34745495708665
22400.0,6818526.252403964,1.746077353239076e-06,51.60000000000097,0.0,358.99188173217686,358.6307192294241
22410.0,6818521.9589528665,1.273931948423382e-06,51.60000000000081,0.0,359.3792762263613,358.88580125630824
22420.0,6818517.664881996,8.016816300132093e-07,51.60000000000087,0.0,359.84469536743194,359.0628586366677
22430.0,6818513.3690282265,3.2922928786353294e-07,51.60000000000087,0.0,0.7243542630645864,358.82567626266075
22440.0,6818509.092619126,1.4127152774670158e-07,51.600000000000875,0.0,177.88906785985608,182.30343918760056
22450.0,6818504.806669846,6.125867772738864e-07,51.600000000000826,0.0,179.91102024707325,180.92396332220008
22460.0,6818500.516948648,1.084368386456956e-06,51.600000000000804,0.0,180.4541113051733,181.02334878606808
22470.0,6818496.226354757,1.55621869709884e-06,51.60000000000072,0.0,180.86273974370326,181.2571968697877
22480.0,6818491.935362109,2.028066282056017e-06,51.600000000000726,0.0,181.23073070655954,181.5316824296774
22490.0,6818487.644140881,2.4998764980714537e-06,51.600000000000755,0.0,181.58108882423335,181.82380083554563
22500.0,6818483.352771775,2.9716252399389053e-06,51.60000000000079,0.0,181.92221087361398,182.12515531085563
22510.0,6818479.061299575,3.443292569625819e-06,51.60000000000088,0.0,182.25789224027076,182.4319504704837
22520.0,6818474.769751598,3.9148605630976245e-06,51.60000000000079,0.0,182.59009913246138,182.74222010669308
22530.0,6818470.478145895,4.386312357353149e-06,51.600000000000776,0.0,182.91995207658925,183.0548436936694
22540.0,6818466.186494985,4.857631720501147e-06,51.60000000000086,0.0,183.24813645987948,183.3691358448614
22550.0,6818461.894807792,5.328802835914526e-06,51.60000000000083,0.0,183.57509508233457,183.68465376099647
22560.0,6818457.603091068,5.799810136119159e-06,51.60000000000077,0.0,183.90112674652636,184.00109864034278
22570.0,6818453.311349853,6.270638250156657e-06,51.600000000000755,0.0,184.22644043010632,184.3182615061361
22580.0,6818449.019588197,6.7412719262163705e-06,51.600000000000705,0.0,184.5511866577024,184.63599183472292
22590.0,6818444.72780918,7.21169602135832e-06,51.60000000000071,0.0,184.8754766208934,184.95417843556598
22600.0,6818440.4360154895,7.681895449771207e-06,51.600000000000726,0.0,185.19939422169864,185.27273740777807
22610.0,6818436.144209106,8.151855210256472e-06,51.60000000000068,0.0,185.52300397445728,185.59160423821663
22620.0,6818431.852391986,8.621560316408696e-06,51.600000000000755,0.0,185.84635628270007,185.91072852462457
22630.0,6818427.560565517,9.090995841326574e-06,51.60000000000072,0.0,186.16949114612288,186.23007026864929
22640.0,6818423.268730913,9.560146897490762e-06,51.600000000000705,0.0,186.49244065880512,186.54959737763104
22650.0,6818418.976889237,1.0028998618957327e-05,51.600000000000755,0.0,186.81523089325407,186.8692837805704
22660.0,6818414.68504144,1.0497536159684646e-05,51.60000000000069,0.0,187.1378832495655,187.18910807893445
22670.0,6818410.3931883285,1.0965744701378584e-05,51.600000000000776,0.0,187.46041545851514,187.5090525436043
22680.0,6818406.101330601,1.1433609449940938e-05,51.600000000000804,0.0,187.78284234211222,187.82910235427278
22690.0,6818401.809468811,1.1901115633480093e-05,51.600000000000826,0.0,188.1051763753587,188.14924503773665
22700.0,6818397.5176035585,1.2368248493548855e-05,51.6000000000009,0.0,188.42742812157607,188.46947003254763
22710.0,6818393.225735174,1.2834993305066576e-05,51.60000000000077,0.0,188.7496066244368,188.78976829696555
22720.0,6818388.933864241,1.3301335331159313e-05,51.60000000000095,0.0,189.071719626075,189.11013209087483
22730.0,6818384.641990976,1.376725988973056e-05,51.60000000000092,0.0,189.3937738458712,189.43055469697723
22740.0,6818380.350115823,1.4232752283507258e-05,51.60000000000087,0.0,189.71577507757368,189.75103032368378
22750.0,6818376.058239038,1.4697797849594817e-05,51.600000000000996,0.0,190.03772840560535,190.07155388880082
22760.0,6818371.766360893,1.5162381942007249e-05,51.60000000000094,0.0,190.3596382614935,190.39212096309953
22770.0,6818367.474481628,1.5626489928403476e-05,51.6000000000009,0.0,190.68150856701575,190.71272762717936
22780.0,6818363.182601498,1.6090107190982358e-05,51.60000000000086,0.0,191.00334276663318,191.033370439029
22790.0,6818358.890720601,1.6553219139454564e-05,51.60000000000099,0.0,191.32514395155204,191.3540463099527
22800.0,6818354.598839134,1.7015811203615876e-05,51.60000000000088,0.0,191.64691482011014,191.6747525441964
22810.0,6818350.306957322,1.7477868808439158e-05,51.60000000000086,0.0,191.96865782083503,191.9954866958954
22820.0,6818346.015075303,1.7939377416083797e-05,51.60000000000083,0.0,192.29037513162484,192.31624658986738
22830.0,6818341.723193246,1.8400322500377992e-05,51.60000000000084,0.0,192.61206871254208,192.63703026885858
22840.0,6818337.431311171,1.8860689567465644e-05,51.60000000000085,0.0,192.9337403374374,192.95783596188232
22850.0,6818333.1394292405,1.9320464126765623e-05,51.60000000000087,0.0,193.25539160048248,193.27866207769827
22860.0,6818328.847547543,1.9779631715855338e-05,51.6000000000009,0.0,193.57702394319682,193.59950717779617
22870.0,6818324.555666197,2.023817788656728e-05,51.600000000000776,0.0,193.89863866967747,193.920369961144
22880.0,6818320.263785206,2.069608822414094e-05,51.600000000000804,0.0,194.22023698881313,194.24124922199871
22890.0,6818315.971904742,2.1153348314071608e-05,51.60000000000084,0.0,194.54181997850262,194.5621438856667
22900.0,6818311.680024806,2.160994377804746e-05,51.60000000000081,0.0,194.86338864330122,194.88305295086286
22910.0,6818307.388145478,2.2065860254835756e-05,51.60000000000078,0.0,195.18494388450375,195.203975519636
22920.0,6818303.096266819,2.252108340717798e-05,51.60000000000092,0.0,195.50648654175595,195.52491075575418
22930.0,6818298.804388882,2.297559891795876e-05,51.60000000000084,0.0,195.82801738152364,195.84585789621576
22940.0,6818294.512511655,2.342939249820062e-05,51.60000000000081,0.0,196.14953712019548,196.1668162281726
22950.0,6818290.22063522,2.3882449872732036e-05,51.60000000000076,0.0,196.47104641026232,196.48778510273152
22960.0,6818285.928759585,2.4334756798536183e-05,51.60000000000067,0.0,196.79254584545018,196.80876392984985
22970.0,6818281.636884832,2.4786299049877058e-05,51.600000000000726,0.0,197.1140359771068,197.12975216190029
22980.0,6818277.345010982,2.5237062424900948e-05,51.60000000000082,0.0,197.43551734359588,197.4507492643164
22990.0,6818273.053138007,2.568703275891764e-05,51.600000000000904,0.0,197.75699040722617,197.77175477864816
23000.0,6818268.7612658935,2.6136195903942565e-05,51.6000000000009,0.0,198.07845562929913,198.09276824751186
23010.0,6818264.469394833,2.658453772279461e-05,51.60000000000086,0.0,198.39991340145508,198.41378928325253
23020.0,6818260.177524705,2.7032044126629347e-05,51.60000000000087,0.0,198.72136414030336,198.73481747330038
23030.0,6818255.885655482,2.7478701055271567e-05,51.60000000000084,0.0,199.04280818990753,199.05585247771046
23040.0,6818251.593787262,2.792449445206375e-05,51.60000000000084,0.0,199.36424588941895,199.3768939614869
23050.0,6818247.301920008,2.83694103089796e-05,51.600000000000804,0.0,199.68567755999973,199.69794160769692
23060.0,6818243.010053712,2.8813434640323238e-05,51.60000000000071,0.0,200.00710349029256,200.0189951319814
23070.0,6818238.718188473,2.9256553475188846e-05,51.600000000000726,0.0,200.32852395052618,200.34005426845363
23080.0,6818234.426324123,2.9698752896114756e-05,51.60000000000076,0.0,200.64993922071554,200.66111874150957
23090.0,6818230.13446075,3.0140018995457313e-05,51.60000000000076,0.0,200.97134952928792,200.98218832718072
23100.0,6818225.842598323,3.0580337902535585e-05,51.600000000000755,0.0,201.2927551224776,201.30326278375367
23110.0,6818221.550736839,3.1019695773475464e-05,51.600000000000726,0.0,201.61415620282952,201.62434191325266
23120.0,6818217.258876257,3.145807880236904e-05,51.60000000000081,0.0,201.93555297990088,201.94542551075006
23130.0,6818212.967016617,3.189547319695643e-05,51.60000000000095,0.0,202.2569456440744,202.2665133905565
23140.0,6818208.675157947,3.2331865210856864e-05,51.600000000000904,0.0,202.57833437471476,202.58760537804486
23150.0,6818204.383300161,3.2767241129465705e-05,51.60000000000086,0.0,202.89971933656608,202.9087013132671
23160.0,6818200.091443237,3.320158726486142e-05,51.60000000000088,0.0,203.22110070745381,203.22980102325522
23170.0,6818195.799587111,3.363488996620502e-05,51.60000000000095,0.0,203.54247864061793,203.55090435966372
23180.0,6818191.507731872,3.4067135607862326e-05,51.60000000000092,0.0,203.86385326841406,203.87201119509254
23190.0,6818187.215877434,3.449831060657459e-05,51.600000000000904,0.0,204.18522473613547,204.19312138925517
23200.0,6818182.924023781,3.492840140572874e-05,51.600000000000904,0.0,204.50659317360544,204.51423481739084
23210.0,6818178.632170893,3.535739448495133e-05,51.60000000000092,0.0,204.82795871380654,204.8353513516285
23220.0,6818174.340318728,3.578527636126395e-05,51.60000000000088,0.0,205.14932146687167,205.15647088699305
23230.0,6818170.048467273,3.621203358442802e-05,51.600000000000925,0.0,205.4706815435453,205.47759331794458
23240.0,6818165.756616544,3.663765273495726e-05,51.6000000000009,0.0,205.79203905078847,205.79871854278485
23250.0,6818161.464766439,3.706212043992654e-05,51.6000000000009,0.0,206.1133940950522,206.119846460372
23260.0,6818157.172916908,3.748542335782101e-05,51.60000000000082,0.0,206.43474677497036,206.44097697741395
23270.0,6818152.881067994,3.790754817717923e-05,51.60000000000077,0.0,206.75609718194815,206.76211000791483
23280.0,6818148.589219624,3.83284816340456e-05,51.60000000000081,0.0,207.07744540184112,207.0832454714642
23290.0,6818144.297371791,3.874821049259376e-05,51.6000000000009,0.0,207.39879151856456,207.4043832896366
23300.0,6818140.005524346,3.916672156945998e-05,51.60000000000095,0.0,207.72013562589265,207.72552337419745
23310.0,6818135.713677388,3.958400169794502e-05,51.60000000000095,0.0,208.04147778826422,208.04666566627517
23320.0,6818131.421830846,4.000003776435916e-05,51.60000000000102,0.0,208.36281808025893,208.36781009693422
23330.0,6818127.129984583,4.041481670055951e-05,51.6000000000011,0.0,208.6841565829983,208.68895659069926
23340.0,6818122.838138675,4.082832545701797e-05,51.60000000000106,0.0,209.00549334834722,209.01010510142865
23350.0,6818118.546293003,4.124055104437419e-05,51.60000000000099,0.0,209.32682845600675,209.33125555515696
23360.0,6818114.25444756,4.165148050203945e-05,51.6000000000011,0.0,209.6481619663394,209.6524078973203
23370.0,6818109.962602277,4.2061100916405084e-05,51.600000000001025,0.0,209.96949393111203,209.9735620819757
23380.0,6818105.670757051,4.246939941539963e-05,51.60000000000101,0.0,210.2908244211997,210.29471804411762
23390.0,6818101.378911946,4.287636315411433e-05,51.600000000000996,0.0,210.61215348462662,210.61587574162417
23400.0,6818097.087066824,4.32819793527654e-05,51.60000000000093,0.0,210.9334811750407,210.93703512679883
23410.0,6818092.795221663,4.368623525653285e-05,51.600000000000925,0.0,211.25480754729267,211.2581961507691
23420.0,6818088.503376426,4.4089118158919305e-05,51.60000000000088,0.0,211.57613264608244,211.57935877485363
23430.0,6818084.21153097,4.449061540467532e-05,51.60000000000093,0.0,211.89745653084088,211.90052294566797
23440.0,6818079.919685344,4.489071436381638e-05,51.60000000000095,0.0,212.2187792381609,212.22168863270588
23450.0,6818075.627839384,4.528940247122792e-05,51.60000000000095,0.0,212.54010081979442,212.5428557903407
23460.0,6818071.335993137,4.5686667184850366e-05,51.6000000000009,0.0,212.86142130860313,212.86402439185986
23470.0,6818067.044146387,4.608249603426437e-05,51.600000000000996,0.0,213.18274076557762,213.1851943824554
23480.0,6818062.752299162,4.647687656941308e-05,51.60000000000093,0.0,213.5040592167721,213.50636574229696
23490.0,6818058.460451341,4.6869796398326024e-05,51.60000000000102,0.0,213.8253767073087,213.82753843250208
23500.0,6818054.168602878,4.7261243172265595e-05,51.60000000000102,0.0,214.14669327125503,214.14871242528247
23510.0,6818049.8767536795,4.7651204587258344e-05,51.600000000001074,0.0,214.46800895538962,214.46988768016257
23520.0,6818045.584903639,4.803966839271843e-05,51.60000000000094,0.0,214.78932379038616,214.79106417281105
23530.0,6818041.293052629,4.8426622381029005e-05,51.60000000000098,0.0,215.11063782159462,215.11224186423115
23540.0,6818037.001200643,4.881205438726764e-05,51.60000000000099,0.0,215.43195107225768,215.43342073757114
23550.0,6818032.709347474,4.919595230682927e-05,51.60000000000099,0.0,215.75326358873124,215.75460075289243
23560.0,6818028.417493067,4.957830407409132e-05,51.600000000000826,0.0,216.0745753988526,216.07578188878992
23570.0,6818024.125637252,4.9959097677633675e-05,51.60000000000076,0.0,216.39588653849535,216.39696411585766
23580.0,6818019.833780027,5.033832114513422e-05,51.600000000000804,0.0,216.71719703705915,216.71814741118806
23590.0,6818015.541921082,5.0715962575110065e-05,51.60000000000081,0.0,217.03850693620913,217.03933173961303
23600.0,6818011.25006035,5.1092010097965824e-05,51.60000000000072,0.0,217.35981626710893,217.36051707651336
23610.0,6818006.9581976095,5.146645190580198e-05,51.600000000000804,0.0,217.68112506583319,217.68170339235834
23620.0,6818002.6663327785,5.183927623209317e-05,51.600000000000904,0.0,218.00243335831638,218.0028906677853
23630.0,6817998.374465505,5.2210471378835694e-05,51.6000000000009,0.0,218.32374119144632,218.32407886250166
23640.0,6817994.082595629,5.258002568776697e-05,51.60000000000092,0.0,218.64504859521955,218.6452679531175
23650.0,6817989.790722821,5.2947927563876334e-05,51.60000000000083,0.0,218.9663556092006,218.9664579066982
23660.0,6817985.498846851,5.3314165451453703e-05,51.60000000000083,0.0,219.28766227082696,219.28764869245225
23670.0,6817981.206967396,5.367872786458649e-05,51.6000000000009,0.0,219.60896862417604,219.6088402729602
23680.0,6817976.915084029,5.4041603369995554e-05,51.60000000000083,0.0,219.9302747100267,219.93003261411798
23690.0,6817972.623196229,5.4402780598694094e-05,51.600000000000904,0.0,220.2515805866424,220.25122566435698
23700.0,6817968.331303447,5.476224823393354e-05,51.600000000000925,0.0,220.57288630213745,220.57241938225732
23710.0,6817964.039405062,5.5119995022567215e-05,51.60000000000093,0.0,220.89419192217994,220.89361370887664
23720.0,6817959.7475001495,5.547600978749057e-05,51.6000000000009,0.0,221.21549752657648,221.2148085711283
23730.0,6817955.455587748,5.5830281408112245e-05,51.600000000001074,0.0,221.53680319504687,221.53600389604142
23740.0,6817951.1636664225,5.618279885765943e-05,51.600000000001096,0.0,221.8581090454298,221.85719957252175
23750.0,6817946.871734462,5.653355118499907e-05,51.600000000001074,0.0,222.1794152130854,222.17839547196405
23760.0,6817942.579789456,5.6882527549711064e-05,51.600000000001174,0.0,222.50072188221984,222.49959141693193
23770.0,6817938.287827974,5.722971725055474e-05,51.600000000001245,0.0,222.82202931434432,222.82078715268582
23780.0,6817933.995845127,5.7575109754355097e-05,51.60000000000127,0.0,223.14333787386167,223.14198232160396
23790.0,6817929.703833023,5.791869482226433e-05,51.60000000000119,0.0,223.4646481453746,223.46317634586774
23800.0,6817925.411778446,5.8260462688378416e-05,51.600000000001046,0.0,223.7859611015097,223.78436825964735
23810.0,6817921.119655574,5.860040463601874e-05,51.60000000000092,0.0,224.10727864674314,224.1055561652675
23820.0,6817916.827403401,5.893851475460321e-05,51.60000000000105,0.0,224.428605280895,224.42673556969808
23830.0,6817912.5347990515,5.927479984022557e-05,51.60000000000093,0.0,224.7499575313871,224.74788995231816
23840.0,6817908.241386042,5.960928527032516e-05,51.6000000000009,0.0,225.0713686699189,225.06898604823306
23850.0,6817903.950701211,5.994168448543609e-05,51.60000000000088,0.0,225.3925756312902,225.3902869294429
23860.0,6817899.659262368,6.027225784490133e-05,51.60000000000094,0.0,225.71383933856242,225.7115316796968
23870.0,6817895.367667862,6.06009485525409e-05,51.60000000000072,0.0,226.0351147251281,226.03276537240887
23880.0,6817891.076002944,6.0927739679370584e-05,51.60000000000075,0.0,226.35639532594027,226.35399447942174
23890.0,6817886.784297069,6.125261867946367e-05,51.60000000000093,0.0,226.67767890156438,226.67522124696927
23900.0,6817882.492564121,6.157557426511312e-05,51.60000000000085,0.0,226.9989643914393,226.99644674240378
23910.0,6817878.200811644,6.189659570173289e-05,51.60000000000076,0.0,227.32025122241257,227.317671545664
23920.0,6817873.909044199,6.221567253873691e-05,51.60000000000081,0.0,227.64153904506918,227.63889601295534
23930.0,6817869.617264874,6.25327945035249e-05,51.60000000000081,0.0,227.96282762526553,227.96012038520072
23940.0,6817865.325475587,6.284795147372437e-05,51.60000000000086,0.0,228.2841168196869,228.28134481249356
23950.0,6817861.033677916,6.316113341497021e-05,51.60000000000086,0.0,228.60540651002796,228.6025694198963
23960.0,6817856.741872916,6.347233039693975e-05,51.600000000000875,0.0,228.92669662089486,228.92379428955292
23970.0,6817852.450061382,6.3781532565927e-05,51.60000000000088,0.0,229.2479870924546,229.2450194880479
23980.0,6817848.158243927,6.408873014799084e-05,51.600000000000804,0.0,229.56927788316415,229.5662450636577
23990.0,6817843.866420989,6.439391344856794e-05,51.60000000000077,0.0,229.89056896542778,229.88747105070786
24000.0,6817839.574593064,6.469707282525838e-05,51.60000000000066,0.0,230.21186030108632,230.2086974940608
24010.0,6817835.282760342,6.499819872668184e-05,51.600000000000634,0.0,230.5331518831563,230.52992440740545
24020.0,6817830.990923153,6.52972816530643e-05,51.60000000000069,0.0,230.85444369032135,230.85115181873803
24030.0,6817826.699081676,6.559431218124874e-05,51.60000000000071,0.0,231.17573571105225,231.17237974626397
24040.0,6817822.40723613,6.588928094681932e-05,51.60000000000069,0.0,231.4970279331416,231.49360820884715
24050.0,6817818.115386587,6.618217866587978e-05,51.60000000000078,0.0,231.81832035662828,231.8148372130852
24060.0,6817813.823533151,6.647299611357369e-05,51.60000000000085,0.0,232.13961297800847,232.1360667691115
24070.0,6817809.531675942,6.676172412727766e-05,51.60000000000072,0.0,232.4609057906968,232.4572968901036
24080.0,6817805.239815035,6.704835361928712e-05,51.60000000000071,0.0,232.7821987934811,232.7785275838633
24090.0,6817800.947950441,6.733287556877362e-05,51.60000000000073,0.0,233.10349198993455,233.09975885338315
24100.0,6817796.656082257,6.76152810129646e-05,51.60000000000077,0.0,233.4247853759879,233.42099070928072
24110.0,6817792.364210502,6.789556106349704e-05,51.60000000000067,0.0,233.74607895476692,233.74222315495982
24120.0,6817788.072335202,6.817370689895132e-05,51.60000000000067,0.0,234.06737272775766,234.06345619542154
24130.0,6817783.780456421,6.84497097583656e-05,51.60000000000064,0.0,234.38866669296323,234.38468983915277
24140.0,6817779.488574103,6.872356096273545e-05,51.60000000000067,0.0,234.70996086068232,234.7059240823122
24150.0,6817775.196688327,6.899525188667113e-05,51.6000000000006,0.0,235.0312552252186,235.02715893701523
24160.0,6817770.904799056,6.926477398270431e-05,51.60000000000051,0.0,235.35254979672024,235.34839439953097
24170.0,6817766.612906324,6.953211876444587e-05,51.6000000000004,0.0,235.67384457512773,235.66963047629932
24180.0,6817762.3210100895,6.979727781793235e-05,51.60000000000031,0.0,235.99513956512445,235.99086716897978
24190.0,6817758.029110357,7.006024280322355e-05,51.60000000000043,0.0,236.3164347705843,236.31210448003674
24200.0,6817753.737207163,7.032100543657409e-05,51.600000000000406,0.0,236.6377301942542,236.63334241301138
24210.0,6817749.445300468,7.057955751346306e-05,51.60000000000049,0.0,236.95902583983988,236.9545809704598
24220.0,6817745.153390295,7.083589089212699e-05,51.600000000000534,0.0,237.280321709966,237.27582015600723
24230.0,6817740.861476535,7.108999751078375e-05,51.60000000000039,0.0,237.6016178153951,237.59705996509263
24240.0,6817736.569559283,7.1341869365226e-05,51.60000000000026,0.0,237.9229141531623,237.9183004068443
24250.0,6817732.277638422,7.159149854033162e-05,51.60000000000032,0.0,238.244210733256,238.23954147743407
24260.0,6817727.985713982,7.183887716959396e-05,51.60000000000032,0.0,238.56550755944204,238.56078317919204
24270.0,6817723.693785965,7.20839974653575e-05,51.60000000000031,0.0,238.88680463154247,238.88202551837733
24280.0,6817719.401854335,7.232685171495452e-05,51.600000000000286,0.0,239.20810195769656,239.2032684929004
24290.0,6817715.109919119,7.256743226731297e-05,51.60000000000028,0.0,239.52939953618315,239.5245121104726
24300.0,6817710.817980256,7.280573155736524e-05,51.600000000000314,0.0,239.8506973765958,239.8457563674738
24310.0,6817706.5260376735,7.304174208305598e-05,51.60000000000031,0.0,240.17199548648207,240.16700126228451
24320.0,6817702.234091426,7.327545641052059e-05,51.6000000000002,0.0,240.49329386397338,240.48824680267379
24330.0,6817697.942141495,7.350686718526618e-05,51.60000000000019,0.0,240.81459251212425,240.80949299143805
24340.0,6817693.650187844,7.373596712115002e-05,51.60000000000017,0.0,241.13589143840554,241.13073982692129
24350.0,6817689.358230448,7.396274900594861e-05,51.60000000000016,0.0,241.45719064586768,241.45198731185496
24360.0,6817685.066269312,7.418720569839523e-05,51.600000000000165,0.0,241.77849013672193,241.77323544976227
24370.0,6817680.774304368,7.440933013342452e-05,51.600000000000165,0.0,242.09978992121603,242.09448423608893
24380.0,6817676.482335589,7.462911531967287e-05,51.60000000000024,0.0,242.42109000023171,242.41573367560525
24390.0,6817672.190362995,7.484655433445496e-05,51.600000000000186,0.0,242.74239037548256,242.7369837722014
24400.0,6817667.898386491,7.506164033558801e-05,51.60000000000013,0.0,243.06369105811052,243.05823452030452
24410.0,6817663.606406167,7.527436654392333e-05,51.60000000000007,0.0,243.38499204271156,243.37948593084576
24420.0,6817659.3144219015,7.548472627022069e-05,51.60000000000003,0.0,243.70629333933286,243.70073799925257
24430.0,6817655.022433756,7.569271288208055e-05,51.60000000000007,0.0,244.02759494709986,244.02199073182666
24440.0,6817650.730441634,7.589831983209009e-05,51.60000000000001,0.0,244.34889687627938,244.34324412368838
24450.0,6817646.438445585,7.610154064360852e-05,51.59999999999997,0.0,244.67019912368679,244.66449818336068
24460.0,6817642.146445579,7.63023689193085e-05,51.60000000000002,0.0,244.99150169181846,244.98575291363625
24470.0,6817637.854441645,7.650079832915162e-05,51.600000000000065,0.0,245.31280458489022,245.3070083155396
24480.0,6817633.562433677,7.669682262960693e-05,51.600000000000065,0.0,245.63410781120737,245.62826438595323
24490.0,6817629.270421644,7.689043565195561e-05,51.59999999999999,0.0,245.95541137092653,245.94952112988116
24500.0,6817624.978405612,7.708163128217701e-05,51.59999999999992,0.0,246.27671526822814,246.27077854821553
24510.0,6817620.686385519,7.72704035096057e-05,51.59999999999988,0.0,246.59801950412734,246.59203664499256
24520.0,6817616.394361344,7.74567463866112e-05,51.59999999999983,0.0,246.9193240857801,246.91329541805118
24530.0,6817612.1023331275,7.764065403750481e-05,51.59999999999981,0.0,247.24062901099924,247.23455487451284
24540.0,6817607.810300856,7.782212066850817e-05,51.599999999999774,0.0,247.5619342828011,247.55581501624462
24550.0,6817603.518264482,7.80011405682604e-05,51.59999999999972,0.0,247.8832399065436,247.8770758427242
24560.0,6817599.226224039,7.817770809430598e-05,51.59999999999969,0.0,248.20454587921745,248.19833736173058
24570.0,6817594.934179505,7.835181767963962e-05,51.59999999999972,0.0,248.52585220705686,248.51959957175924
24580.0,6817590.642130799,7.852346384287423e-05,51.59999999999967,0.0,248.847158896488,248.84086247105205
24590.0,6817586.350077974,7.869264117479063e-05,51.5999999999997,0.0,249.16846594493148,249.1621260668028
24600.0,6817582.058020996,7.885934434437194e-05,51.59999999999973,0.0,249.48977335876,249.48339035718902
24610.0,6817577.765959911,7.902356809243566e-05,51.599999999999675,0.0,249.8110811339642,249.8046553507299
24620.0,6817573.473894769,7.91853072434905e-05,51.5999999999995,0.0,250.13238927127395,250.12592105112032
24630.0,6817569.181825481,7.934455670476159e-05,51.599999999999426,0.0,250.4536977777251,250.44718745571868
24640.0,6817564.889752089,7.95013114536053e-05,51.59999999999949,0.0,250.7750066506093,250.76845457155983
24650.0,6817560.597674544,7.96555665500936e-05,51.59999999999944,0.0,251.0963158953941,251.0897223974427
24660.0,6817556.305592857,7.980731713708729e-05,51.599999999999525,0.0,251.41762551317038,251.41099093647233
24670.0,6817552.01350711,7.995655841914828e-05,51.59999999999947,0.0,251.73893549990163,251.7322601968319
24680.0,6817547.721417325,8.010328569305538e-05,51.59999999999943,0.0,252.0602458564313,252.0535301817763
24690.0,6817543.429323469,8.02474943353202e-05,51.59999999999948,0.0,252.38155658430736,252.37480089377107
24700.0,6817539.137225581,8.038917979925283e-05,51.59999999999949,0.0,252.70286768480693,252.69607233550133
24710.0,6817534.845123629,8.052833761224476e-05,51.59999999999945,0.0,253.0241791588944,253.0173445099017
24720.0,6817530.553017646,8.066496339004631e-05,51.599999999999376,0.0,253.34549100789548,253.3386174194821
24730.0,6817526.260907695,8.079905282331454e-05,51.599999999999426,0.0,253.6668032259909,253.65989107384883
24740.0,6817521.96879385,8.093060167349121e-05,51.59999999999947,0.0,253.9881158134241,253.98116547645398
24750.0,6817517.676676138,8.105960579633047e-05,51.59999999999963,0.0,254.30942876695323,254.3024406341897
24760.0,6817513.384554508,8.11860611247843e-05,51.59999999999964,0.0,254.63074209147715,254.62371654573664
24770.0,6817509.092429031,8.130996366535402e-05,51.59999999999957,0.0,254.95205578456384,254.94499321704419
24780.0,6817504.800299736,8.143130951182722e-05,51.599999999999646,0.0,255.27336984281465,255.2662706549547
24790.0,6817500.508166707,8.155009482849173e-05,51.599999999999724,0.0,255.594684266424,255.58754886266547
24800.0,6817496.21603003,8.166631586820658e-05,51.5999999999996,0.0,255.91599904577447,255.9088278531101
24810.0,6817491.923889742,8.177996896305244e-05,51.599999999999596,0.0,256.2373141793753,256.23010763103554
24820.0,6817487.631745987,8.189105052097982e-05,51.59999999999962,0.0,256.5586296606619,256.551388206185
24830.0,6817483.339598724,8.199955703945204e-05,51.59999999999962,0.0,256.87994549129735,256.8726695800118
24840.0,6817479.047448109,8.210548509159709e-05,51.599999999999646,0.0,257.20126166127955,257.1939517655628
24850.0,6817474.755294236,8.220883132868589e-05,51.59999999999967,0.0,257.5225781682135,257.5152347682113
24860.0,6817470.463137201,8.230959248365368e-05,51.599999999999746,360.0,257.84389500373214,257.83651859924345
24870.0,6817466.170977116,8.240776537899992e-05,51.599999999999866,360.0,258.1652121614602,258.15780326786916
24880.0,6817461.878814071,8.250334690719923e-05,51.59999999999995,360.0,258.4865296351918,258.47908878307317
24890.0,6817457.586648259,8.25963340489705e-05,51.600000000000016,360.0,258.80784741231247,258.8003751601673
24900.0,6817453.294479813,8.26867238649646e-05,51.59999999999999,360.0,259.1291654840101,259.12166241059623
24910.0,6817449.002308862,8.277451349824813e-05,51.59999999999986,360.0,259.4504838407564,259.4429505464532
24920.0,6817444.710135706,8.28597001679035e-05,51.599999999999845,360.0,259.7718024657217,259.76423958706175
24930.0,6817440.417960491,8.294228117995135e-05,51.599999999999895,360.0,260.0931213444415,260.085529549292
24940.0,6817436.125783463,8.302225392311695e-05,51.59999999999992,360.0,260.41444046415637,260.4068204482638
24950.0,6817431.833604864,8.30996158636665e-05,51.59999999999999,360.0,260.7357598042838,260.7281123068282
24960.0,6817427.541424955,8.317436455423413e-05,51.600000000000016,360.0,261.05707934927307,261.04940514274926
24970.0,6817423.249244093,8.324649762735565e-05,51.600000000000044,360.0,261.37839907184514,261.3706989854329
24980.0,6817418.957062637,8.331601279750406e-05,51.60000000000005,360.0,261.69971894645715,261.69199386247493
24990.0,6817414.664880943,8.338290786015837e-05,51.600000000000044,360.0,262.0210389470648,262.0132898019143
25000.0,6817410.372699522,8.344718069112905e-05,51.60000000000002,360.0,262.34235904050774,262.334586838821
25010.0,6817406.080518847,8.350882925374491e-05,51.60000000000005,360.0,262.6636791901478,262.65588501167707
25020.0,6817401.788339534,8.356785159223773e-05,51.59999999999994,360.0,262.9849993496892,262.97718436854336
25030.0,6817397.496162233,8.362424582772376e-05,51.600000000000065,360.0,263.30631947359853,263.29848495664754
25040.0,6817393.203987783,8.367801016812386e-05,51.600000000000044,360.0,263.6276395004545,263.61978683901896
25050.0,6817388.911817078,8.372914290327195e-05,51.60000000000016,360.0,263.9489593635693,263.9410900839051
25060.0,6817384.619651126,8.377764240326065e-05,51.60000000000013,360.0,264.270278989627,264.2623947660734
25070.0,6817380.327491109,8.382350712178262e-05,51.6000000000001,360.0,264.59159829203156,264.583700973533
25080.0,6817376.035338606,8.386673559444245e-05,51.60000000000011,360.0,264.91291715379145,264.9050088245788
25090.0,6817371.743195261,8.39073264382988e-05,51.600000000000115,360.0,265.2342354529676,265.2263184424113
25100.0,6817367.451063311,8.394527835122294e-05,51.60000000000016,360.0,265.5555530231969,265.54762999455676
25110.0,6817363.158945248,8.398059011488955e-05,51.60000000000013,360.0,265.87686967784873,265.8689436687346
25120.0,6817358.866844343,8.401326058932651e-05,51.600000000000065,360.0,266.19818517611867,266.19025970677455
25130.0,6817354.5747646885,8.404328871876005e-05,51.600000000000136,360.0,266.5194992099623,266.5115784176687
25140.0,6817350.282711646,8.407067352339824e-05,51.6000000000001,360.0,266.84081138240225,266.8329001992605
25150.0,6817345.990692137,8.40954141065687e-05,51.60000000000005,360.0,267.16212117542125,267.15422557035566
25160.0,6817341.698715714,8.411750964795769e-05,51.600000000000044,360.0,267.4834278734554,267.47555524723435
25170.0,6817337.406795824,8.413695940312663e-05,51.60000000000024,360.0,267.80473047469184,267.7968902323621
25180.0,6817333.114952333,8.415376270208507e-05,51.600000000000165,360.0,268.1260274889939,268.1182320164275
25190.0,6817328.823216356,8.416791894144557e-05,51.600000000000044,360.0,268.4473165907031,268.4395829255889
25200.0,6817324.531641003,8.417942757607311e-05,51.600000000000044,360.0,268.76859380654423,268.7609469335154
25210.0,6817320.240327998,8.418828809852937e-05,51.60000000000011,360.0,269.0898515205124,269.0823316565628
25220.0,6817315.949515284,8.419449998808907e-05,51.600000000000044,360.0,269.41107192493257,269.4037549026602
25230.0,6817311.660038577,8.419806252894176e-05,51.60000000000013,360.0,269.7321924503247,269.72527924147863
25240.0,6817307.397170943,8.419897065159358e-05,51.600000000000165,360.0,270.0513211008711,270.0487966689331
25250.0,6817303.0970476335,8.419722059049744e-05,51.600000000000165,360.0,270.3732389442538,270.3695261173791
25260.0,6817298.802135362,8.419282487677238e-05,51.600000000000165,360.0,270.6947668254489,270.6906467417898
25270.0,6817294.508153163,8.418578231899226e-05,51.60000000000011,360.0,271.0162252263406,271.0118380601559
25280.0,6817290.214574967,8.4176092740766e-05,51.60000000000014,360.0,271.3376535319677,271.33306068725454
25290.0,6817285.9212221755,8.416375624148128e-05,51.60000000000011,360.0,271.6590651138634,271.6543012512601
25300.0,6817281.628012247,8.414877307989736e-05,51.60000000000007,360.0,271.98046615268896,271.975553571177
25310.0,6817277.334900158,8.413114363466406e-05,51.600000000000165,360.0,272.3018600203203,272.2968142746907
25320.0,6817273.041858678,8.411086839138685e-05,51.60000000000014,360.0,272.62324875872355,272.61808131933566
25330.0,6817268.748870077,8.408794793158019e-05,51.60000000000011,360.0,272.94463369504257,272.9393533773877
25340.0,6817264.455922117,8.406238292852165e-05,51.5999999999999,360.0,273.26601574818045,273.2606295292819
25350.0,6817260.163005926,8.403417414511658e-05,51.59999999999996,360.0,273.58739558213034,273.5819091103062
25360.0,6817255.870115088,8.400332243239769e-05,51.59999999999999,360.0,273.90877367814085,273.90319163839564
25370.0,6817251.577244622,8.396982872871966e-05,51.599999999999895,360.0,274.2301504121911,274.224476736684
25380.0,6817247.284390653,8.393369405881999e-05,51.59999999999993,360.0,274.55152607854046,274.54576410996077
25390.0,6817242.991549993,8.389491952988678e-05,51.59999999999982,360.0,274.872900913691,274.8670535206889
25400.0,6817238.698720352,8.385350633686206e-05,51.59999999999969,360.0,275.1942750913657,275.1883447940317
25410.0,6817234.405899618,8.380945575703215e-05,51.59999999999966,360.0,275.5156487698511,275.50963777052306
25420.0,6817230.11308611,8.376276915339792e-05,51.5999999999996,360.0,275.83702207968014,275.8309323183672
25430.0,6817225.820278459,8.371344797287955e-05,51.59999999999963,360.0,276.1583951253137,276.15222833176693
25440.0,6817221.527475378,8.366149374230646e-05,51.59999999999966,360.0,276.4797680016827,276.4735257143825
25450.0,6817217.234675883,8.360690807813597e-05,51.59999999999952,360.0,276.80114078511735,276.7948243884009
25460.0,6817212.941879133,8.354969267642027e-05,51.59999999999949,360.0,277.1225135406721,277.11612428720275
25470.0,6817208.649084385,8.348984931796745e-05,51.599999999999596,360.0,277.4438863257045,277.43742535180337
25480.0,6817204.35629096,8.342737986526067e-05,51.59999999999966,360.0,277.7652591938333,277.75872752687707
25490.0,6817200.063498205,8.336228626443894e-05,51.59999999999978,360.0,278.08663219484606,278.0800307608521
25500.0,6817195.770705698,8.329457054373424e-05,51.59999999999974,360.0,278.4080053604585,278.40133502016084
25510.0,6817191.477912996,8.32242348175298e-05,51.59999999999974,360.0,278.7293787284383,278.7226402651065
25520.0,6817187.1851195665,8.31512812769085e-05,51.59999999999967,360.0,279.0507523393418,279.0439464531242
25530.0,6817182.892325223,8.307571220266293e-05,51.5999999999997,360.0,279.3721262081296,279.36525356718386
25540.0,6817178.599529613,8.299752995555822e-05,51.599999999999675,360.0,279.69350036317906,279.68656157676503
25550.0,6817174.306732369,8.291673697448109e-05,51.5999999999996,360.0,280.0148748344278,280.0078704497179
25560.0,6817170.013933284,8.283333578350697e-05,51.59999999999973,360.0,280.3362496397412,280.3291801658779
25570.0,6817165.721132165,8.274732899529012e-05,51.599999999999646,360.0,280.65762479551336,280.6504907064907
25580.0,6817161.428328746,8.26587192965725e-05,51.599999999999596,360.0,280.979000323831,280.97180204702573
25590.0,6817157.135522849,8.256750945677663e-05,51.59999999999949,360.0,281.3003762379242,281.2931141717588
25600.0,6817152.842714384,8.24737023326713e-05,51.5999999999996,360.0,281.62175255038494,281.6144270655202
25610.0,6817148.549903138,8.237730085444115e-05,51.59999999999969,360.0,281.9431292746325,281.9357407122389
25620.0,6817144.257088927,8.227830804404992e-05,51.59999999999984,360.0,282.26450643030654,282.25705508956025
25630.0,6817139.964271631,8.217672699375775e-05,51.59999999999991,360.0,282.5858840242718,282.5783701878373
25640.0,6817135.6714511905,8.207256088980283e-05,51.59999999999974,360.0,282.9072620662278,282.8996859945063
25650.0,6817131.378627469,8.196581299174476e-05,51.59999999999968,360.0,283.2286405676811,283.22100249513716
25660.0,6817127.085800426,8.185648664719116e-05,51.59999999999961,360.0,283.5500195351404,283.5423196802316
25670.0,6817122.792969911,8.174458527289648e-05,51.59999999999957,360.0,283.87139897775967,283.8636375375725
25680.0,6817118.500135806,8.16301123759951e-05,51.5999999999994,360.0,284.1927789111585,284.18495604840507
25690.0,6817114.207298174,8.15130715455064e-05,51.59999999999945,360.0,284.51415933085866,284.5062752140153
25700.0,6817109.914456846,8.139346644777038e-05,51.5999999999995,360.0,284.8355402512395,284.8275950167563
25710.0,6817105.621611755,8.127130083032189e-05,51.5999999999994,360.0,285.1569216813485,285.148915444246
25720.0,6817101.328762905,8.114657852390414e-05,51.599999999999376,360.0,285.47830362191564,285.4702364923549
25730.0,6817097.035910228,8.101930343534661e-05,51.599999999999405,360.0,285.79968608063837,285.7915581499268
25740.0,6817092.743053715,8.08894795578329e-05,51.59999999999943,360.0,286.1210690608385,286.112880410102
25750.0,6817088.450193242,8.075711095972874e-05,51.599999999999426,360.0,286.44245257489246,286.4342032569093
25760.0,6817084.157328803,8.062220179175738e-05,51.5999999999994,360.0,286.76383662521687,286.7555266842776
25770.0,6817079.864460422,8.048475628150073e-05,51.59999999999939,360.0,287.08522121060037,287.0768506896859
25780.0,6817075.571588024,8.034477874331952e-05,51.59999999999945,360.0,287.4066063410437,287.3981752593565
25790.0,6817071.278711574,8.0202273565614e-05,51.59999999999941,360.0,287.7279920218795,287.7195003840973
25800.0,6817066.98583109,8.005724521849279e-05,51.59999999999945,360.0,288.0493782548066,288.0408260583016
25810.0,6817062.692946473,7.990969824763945e-05,51.5999999999994,360.0,288.37076504720477,288.3621522706065
25820.0,6817058.400057833,7.975963729178851e-05,51.59999999999945,360.0,288.6921523962491,288.68347901980576
25830.0,6817054.107165026,7.960706704760348e-05,51.59999999999944,360.0,289.013540314474,289.0048062892634
25840.0,6817049.814268129,7.94519923072415e-05,51.5999999999995,360.0,289.3349287977913,289.326134078897
25850.0,6817045.521367088,7.929441793523894e-05,51.59999999999954,360.0,289.656317853881,289.6474623768233
25860.0,6817041.228461901,7.913434887917577e-05,51.59999999999945,360.0,289.97770748752913,289.96879117396736
25870.0,6817036.935552612,7.897179015988914e-05,51.59999999999946,360.0,290.29909769502893,290.29012046969774
25880.0,6817032.642639202,7.880674687650533e-05,51.599999999999426,360.0,290.6204884831611,290.61145025284554
25890.0,6817028.349721597,7.86392242109822e-05,51.59999999999941,360.0,290.9418798590447,290.9327805118161
25900.0,6817024.056799873,7.846922742298303e-05,51.59999999999934,360.0,291.2632718212544,291.2541112435367
25910.0,6817019.763874062,7.829676185319472e-05,51.59999999999933,360.0,291.58466436881145,291.57544244441755
25920.0,6817015.470944089,7.812183290741924e-05,51.5999999999994,360.0,291.9060575111825,291.89677410035824
25930.0,6817011.178010007,7.79444460787846e-05,51.59999999999943,360.0,292.2274512476955,292.21810620735494
25940.0,6817006.8850718,7.77646069384917e-05,51.5999999999994,360.0,292.5488455833814,292.53943875563465
25950.0,6817002.592129464,7.75823211245563e-05,51.59999999999935,360.0,292.87024051856565,292.86077174008557
25960.0,6816998.299183024,7.739759437152183e-05,51.59999999999929,360.0,293.19163606054127,293.1821051485638
25970.0,6816994.006232474,7.721043247267589e-05,51.59999999999931,360.0,293.5130322085446,293.50343897693205
25980.0,6816989.713277797,7.702084130331303e-05,51.59999999999925,360.0,293.83442896863875,293.8247732141764
25990.0,6816985.420319066,7.682882681941616e-05,51.59999999999923,360.0,294.15582633667873,294.1461078594416
26000.0,6816981.12735629,7.663439505551651e-05,51.59999999999921,360.0,294.4772243186016,294.4674429017345
26010.0,6816976.834389404,7.643755211043943e-05,51.599999999999255,360.0,294.79862292159066,294.7887783287627
26020.0,6816972.541418489,7.623830417097324e-05,51.59999999999921,360.0,295.1200221427991,295.11011413821404
26030.0,6816968.248443589,7.603665749548656e-05,51.59999999999914,360.0,295.44142198410475,295.43145032300447
26040.0,6816963.955464694,7.583261841775125e-05,51.59999999999916,360.0,295.7628224481628,295.7527868752378
26050.0,6816959.66248175,7.562619334011086e-05,51.599999999999135,360.0,296.08422354488135,296.07412377968484
26060.0,6816955.369494826,7.541738874893612e-05,51.599999999999085,360.0,296.40562527213814,296.3954610331213
26070.0,6816951.076503957,7.520621120716352e-05,51.59999999999903,360.0,296.72702763156735,296.7167986285227
26080.0,6816946.783509133,7.499266734524888e-05,51.59999999999891,360.0,297.04843062794924,297.03813655565625
26090.0,6816942.490510385,7.477676387214962e-05,51.59999999999884,360.0,297.3698342624339,297.3594748078845
26100.0,6816938.1975077465,7.45585075711955e-05,51.599999999998765,360.0,297.69123853600075,297.6808133787002
26110.0,6816933.90450119,7.433790529530564e-05,51.59999999999876,360.0,298.0126434571619,298.0021522540089
26120.0,6816929.611490769,7.41149639745609e-05,51.59999999999881,360.0,298.3340490252862,298.3234914288157
26130.0,6816925.318476473,7.388969061718135e-05,51.59999999999881,360.0,298.6554552443268,298.6448308935045
26140.0,6816921.025458344,7.366209230229824e-05,51.59999999999875,360.0,298.976862118068,298.9661706385848
26150.0,6816916.732436365,7.343217617498198e-05,51.59999999999878,360.0,299.2982696503834,299.2875106544275
26160.0,6816912.439410578,7.319994946300392e-05,51.59999999999881,360.0,299.6196778438886,299.6088509326355
26170.0,6816908.146380975,7.296541946293469e-05,51.59999999999869,360.0,299.94108670314466,299.93019146281944
26180.0,6816903.8533476535,7.272859354330195e-05,51.59999999999877,360.0,300.2624962269451,300.2515322403147
26190.0,6816899.560310561,7.24894791446319e-05,51.5999999999988,360.0,300.5839064239057,300.5728732505985
26200.0,6816895.267269653,7.224808377870093e-05,51.599999999998786,360.0,300.90531730138747,300.8942144803688
26210.0,6816890.974225069,7.200441503450078e-05,51.599999999998886,360.0,301.2267288573637,301.21555592567364
26220.0,6816886.681176732,7.175848056939687e-05,51.59999999999884,360.0,301.54814110060187,301.5368975717198
26230.0,6816882.388124687,7.151028811123918e-05,51.59999999999872,360.0,301.869554032757,301.85823941081
26240.0,6816878.09506893,7.125984545644157e-05,51.59999999999866,360.0,302.19096765992356,302.1795814307542
26250.0,6816873.802009511,7.100716048096132e-05,51.59999999999847,360.0,302.512381984568,302.5009236229719
26260.0,6816869.508946379,7.075224111935045e-05,51.59999999999845,360.0,302.8337970152348,302.8222659727607
26270.0,6816865.215879606,7.049509538597354e-05,51.59999999999848,360.0,303.15521275702486,303.1436084688345
26280.0,6816860.922809146,7.023573135931078e-05,51.59999999999837,360.0,303.476629214392,303.4649511005226
26290.0,6816856.629735005,6.997415718947189e-05,51.59999999999849,360.0,303.79804639485604,303.78629385405407
26300.0,6816852.336657171,6.971038110130006e-05,51.5999999999983,360.0,304.11946430692024,304.1076367146539
26310.0,6816848.043575702,6.944441138170284e-05,51.59999999999832,360.0,304.44088295175055,304.42897967483674
26320.0,6816843.750490505,6.91762563846329e-05,51.599999999998346,360.0,304.76230234237033,304.7503227152549
26330.0,6816839.457401635,6.890592454421284e-05,51.59999999999837,360.0,305.08372248318375,305.07166582513315
26340.0,6816835.164309023,6.863342434833626e-05,51.59999999999847,360.0,305.4051433856055,305.393008986665
26350.0,6816830.871212687,6.835876436827599e-05,51.59999999999852,360.0,305.72656505539175,305.71435218767994
26360.0,6816826.578112485,6.808195322055909e-05,51.599999999998516,360.0,306.04798750959947,306.0356954046864
26370.0,6816822.2850084705,6.780299961175249e-05,51.59999999999854,360.0,306.36941075465546,306.3570386247762
26380.0,6816817.991900671,6.752191231456624e-05,51.59999999999847,360.0,306.690834794281,306.6783818377502
26390.0,6816813.698788848,6.72387001437827e-05,51.59999999999851,360.0,307.0122596553343,306.9997250102421
26400.0,6816809.405673057,6.695337200607874e-05,51.59999999999855,360.0,307.33368534219437,307.3210681313236
26410.0,6816805.112553178,6.666593686153651e-05,51.59999999999846,360.0,307.6551118727373,307.64241117657104
26420.0,6816800.819429118,6.637640373830217e-05,51.59999999999844,360.0,307.9765392629496,307.9637541234157
26430.0,6816796.526300768,6.608478173084763e-05,51.59999999999852,360.0,308.2979675307529,308.28509694734913
26440.0,6816792.233167947,6.579107999485202e-05,51.5999999999984,360.0,308.6193966979198,308.60643961998403
26450.0,6816787.940030487,6.549530774939533e-05,51.599999999998346,360.0,308.94082678789295,308.92778211124534
26460.0,6816783.646888202,6.519747427741692e-05,51.599999999998346,360.0,309.2622578256825,309.2491243894719
26470.0,6816779.353740859,6.489758892479694e-05,51.599999999998396,360.0,309.5836898387363,309.57046642055525
26480.0,6816775.060588025,6.45956610874257e-05,51.599999999998424,360.0,309.9051228713519,309.8918081535112
26490.0,6816770.767429436,6.429170024004287e-05,51.59999999999849,360.0,310.2265569557037,310.21314954947104
26500.0,6816766.474264598,6.398571589925802e-05,51.59999999999845,360.0,310.5479921411684,310.53449055236024
26510.0,6816762.1810929915,6.367771764704178e-05,51.59999999999846,360.0,310.86942847961666,310.8558311035804
26520.0,6816757.887913795,6.336771510714084e-05,51.59999999999837,360.0,311.1908660458505,311.1771711216008
26530.0,6816753.594726066,6.305571795010788e-05,51.59999999999844,360.0,311.5123049288421,311.49851051070357
26540.0,6816749.301528618,6.274173590218275e-05,51.59999999999848,360.0,311.83374522991545,311.81984916281374
26550.0,6816745.0083198305,6.242577870948502e-05,51.5999999999984,360.0,312.155187092149,312.14118692808034
26560.0,6816740.7150973845,6.210785613312696e-05,51.599999999998545,360.0,312.47663070619666,312.46252360909114
26570.0,6816736.42185821,6.178797793263192e-05,51.59999999999849,360.0,312.7980763273779,312.78385894374253
26580.0,6816732.128597575,6.146615380884427e-05,51.59999999999847,360.0,313.11952433329526,313.1051925476452
26590.0,6816727.835308167,6.114239332080457e-05,51.5999999999984,360.0,313.4409753050027,313.42652383294666
26600.0,6816723.541977459,6.081670568789997e-05,51.59999999999843,360.0,313.762430221152,313.74785181420884
26610.0,6816719.2485815035,6.048909931159129e-05,51.59999999999847,360.0,314.0838909295436,314.0691746368235
26620.0,6816714.955064795,6.015958021022498e-05,51.599999999998545,360.0,314.40536167658234,314.390488047579
26630.0,6816710.661236046,5.9828143952201346e-05,51.59999999999864,360.0,314.72685695815153,314.7117775437849
26640.0,6816706.366260757,5.949473646199266e-05,51.59999999999856,360.0,315.0484401192192,315.0329797736729
26650.0,6816702.074599329,5.915971436105353e-05,51.59999999999864,360.0,315.36977574280866,315.3544301474052
26660.0,6816697.781902344,5.8822749717280404e-05,51.59999999999882,360.0,315.6911890784246,315.6758034086683
26670.0,6816693.48903491,5.84839205946564e-05,51.59999999999881,360.0,316.01261569885855,315.99716397786375
26680.0,6816689.1960930545,5.814324517058021e-05,51.599999999998644,360.0,316.3340485164568,316.3185189358261
26690.0,6816684.903108845,5.78007366755544e-05,51.59999999999845,360.0,316.65548519086957,316.6398706161202
26700.0,6816680.610097205,5.745640705576893e-05,51.59999999999838,360.0,316.9769246472228,316.961220086806
26710.0,6816676.317066079,5.711026776819147e-05,51.599999999998325,360.0,317.29836632210623,317.2825679045012
26720.0,6816672.024020377,5.676233008684198e-05,51.599999999998396,360.0,317.61980987767583,317.60391440026314
26730.0,6816667.730963198,5.641260520006042e-05,51.59999999999838,360.0,317.9412551080845,317.92525977314955
26740.0,6816663.437896879,5.6061104293515634e-05,51.59999999999844,360.0,318.2627018616681,318.24660416804426
26750.0,6816659.144822876,5.570783853818473e-05,51.59999999999851,360.0,318.58415005285167,318.5679476637597
26760.0,6816654.851742619,5.5352819158020564e-05,51.599999999998595,360.0,318.9055995962412,318.88929033891674
26770.0,6816650.55865675,5.4996057372555884e-05,51.599999999998595,360.0,319.2270504665139,319.2106322120928
26780.0,6816646.265566072,5.463756446525209e-05,51.59999999999861,360.0,319.5485026253271,319.53197331489235
26790.0,6816641.972471287,5.427735176833736e-05,51.59999999999861,360.0,319.8699560419398,319.8533136713143
26800.0,6816637.679372767,5.391543064059595e-05,51.599999999998694,360.0,320.1914107147807,320.17465327622364
26810.0,6816633.386270942,5.355181250014125e-05,51.59999999999881,360.0,320.5128666335426,320.495992133211
26820.0,6816629.09316609,5.318650880844133e-05,51.59999999999877,360.0,320.8343237967483,320.8173302370651
26830.0,6816624.800058638,5.2819531090072816e-05,51.599999999998715,360.0,321.15578219772107,321.1386675877936
26840.0,6816620.506948783,5.245089090240392e-05,51.59999999999867,360.0,321.4772418458372,321.4600041693492
26850.0,6816616.213836719,5.208059985520498e-05,51.599999999998666,360.0,321.79870275753547,321.78133995863936
26860.0,6816611.9207226625,5.170866961575489e-05,51.59999999999855,360.0,322.12016493409016,322.10267494777196
26870.0,6816607.627606762,5.133511189318826e-05,51.599999999998595,360.0,322.44162839663863,322.424009108995
26880.0,6816603.334489223,5.095993845542087e-05,51.599999999998616,360.0,322.76309315254497,322.7453424283589
26890.0,6816599.041370223,5.0583161118020625e-05,51.599999999998694,360.0,323.08455921996625,323.0666748811289
26900.0,6816594.748249803,5.020479173519901e-05,51.5999999999988,360.0,323.4060266234882,323.3880064361645
26910.0,6816590.455128131,4.982484222360592e-05,51.59999999999876,360.0,323.7274953783408,323.709337071712
26920.0,6816586.162005343,4.944332454557514e-05,51.599999999998964,360.0,324.04896550995875,324.0306667558191
26930.0,6816581.868881477,4.90602507066813e-05,51.599999999998985,360.0,324.37043704228114,324.35199545806876
26940.0,6816577.57575673,4.867563277109609e-05,51.59999999999904,360.0,324.69190999420704,324.67332315309085
26950.0,6816573.282631117,4.828948284191549e-05,51.59999999999892,360.0,325.0133843972842,324.9946498029031
26960.0,6816568.989504705,4.790181306911961e-05,51.5999999999989,360.0,325.3348602842196,325.3159753683879
26970.0,6816564.696377681,4.7512635663149764e-05,51.59999999999905,360.0,325.65633767490823,325.63729982325646
26980.0,6816560.403250022,4.712196286785756e-05,51.599999999999085,360.0,325.97781661180323,325.9586231187002
26990.0,6816556.110121918,4.6729806984620165e-05,51.59999999999907,0.0,326.29929711199935,326.2799452312885
27000.0,6816551.816993284,4.63361803458744e-05,51.59999999999903,360.0,326.62077923079795,326.60126609942085
27010.0,6816547.523864318,4.5941095351301134e-05,51.59999999999907,360.0,326.9422629908263,326.92258569420136
27020.0,6816543.230734993,4.554456442340062e-05,51.59999999999907,0.0,327.2637484371692,327.24390396429686
27030.0,6816538.937605472,4.514660005517272e-05,51.59999999999902,0.0,327.5852356041152,327.56522086920063
27040.0,6816534.644475752,4.474721476149832e-05,51.599999999999014,0.0,327.90672453601127,327.8865363583889
27050.0,6816530.3513459,4.4346421115585015e-05,51.59999999999896,0.0,328.22821528197215,328.207850376603
27060.0,6816526.058215965,4.394423172778441e-05,51.59999999999899,0.0,328.549707886421,328.52916287329435
27070.0,6816521.765086033,4.354065925972174e-05,51.59999999999895,0.0,328.8712023950467,328.850473796694
27080.0,6816517.471956133,4.313571640919784e-05,51.599999999999014,0.0,329.19269886055076,329.1717830880537
27090.0,6816513.178826316,4.272941592167052e-05,51.59999999999893,0.0,329.5141973329652,329.4930906913353
27100.0,6816508.88569661,4.2321770578967006e-05,51.59999999999891,0.0,329.8356978747309,329.81439653811657
27110.0,6816504.592567155,4.191279322057645e-05,51.599999999998886,0.0,330.15720053307797,330.13570057523594
27120.0,6816500.299437923,4.150249670662939e-05,51.59999999999898,0.0,330.47870537720553,330.4570027275827
27130.0,6816496.00630892,4.109089395059556e-05,51.59999999999896,0.0,330.800212478994,330.7783029174255
27140.0,6816491.713180227,4.0677997905773535e-05,51.59999999999896,0.0,331.12172189131667,331.09960108606816
27150.0,6816487.420051932,4.026382157088463e-05,51.599999999999014,0.0,331.44323369055786,331.42089715133176
27160.0,6816483.126924025,3.9848377975449146e-05,51.599999999999056,0.0,331.7647479492573,331.74219103494227
27170.0,6816478.833796554,3.9431680194298444e-05,51.59999999999898,0.0,332.08626474494,332.06348265367285
27180.0,6816474.5406695325,3.9013741338342196e-05,51.599999999998886,0.0,332.40778416254176,332.3847719169301
27190.0,6816470.2475429755,3.8594574556256904e-05,51.59999999999883,0.0,332.72930628910615,332.7060587320672
27200.0,6816465.954417032,3.8174193050612704e-05,51.59999999999891,0.0,333.05083120337025,333.02734301475795
27210.0,6816461.6612917045,3.775261004677545e-05,51.59999999999903,0.0,333.37235899945614,333.3486246653575
27220.0,6816457.368166993,3.732983880960427e-05,51.59999999999894,0.0,333.6938897837611,333.6699035719848
27230.0,6816453.075042938,3.6905892642710325e-05,51.59999999999899,0.0,334.0154236599095,333.9911796255812
27240.0,6816448.781919515,3.648078488212925e-05,51.59999999999904,0.0,334.33696073919606,334.31245270946334
27250.0,6816444.488796823,3.605452891264463e-05,51.59999999999907,0.0,334.65850112956844,334.63372271032836
27260.0,6816440.195674891,3.562713814788499e-05,51.59999999999905,0.0,334.98004495487754,334.95498949904066
27270.0,6816435.90255372,3.519862603534156e-05,51.59999999999907,360.0,335.3015923446335,335.27625294084265
27280.0,6816431.609433336,3.476900605599064e-05,51.59999999999903,360.0,335.6231434316496,335.5975128977237
27290.0,6816427.316313746,3.43382917305202e-05,51.59999999999903,0.0,335.94469836118725,335.9187692192713
27300.0,6816423.023195033,3.390649661641755e-05,51.59999999999902,0.0,336.2662572761515,336.240021757484
27310.0,6816418.73007714,3.3473634293069914e-05,51.59999999999899,0.0,336.58782033933153,336.56127034452066
27320.0,6816414.436960153,3.303971839095195e-05,51.599999999999014,0.0,336.9093877176807,336.88251480843155
27330.0,6816410.143844058,3.260476255759484e-05,51.599999999999014,0.0,337.2309595819775,337.20375497349744
27340.0,6816405.850728855,3.216878048303232e-05,51.59999999999899,0.0,337.55253613810646,337.5249906289389
27350.0,6816401.557614595,3.173178588413515e-05,51.599999999998964,360.0,337.87411756368016,337.8462215923087
27360.0,6816397.264501273,3.129379251216129e-05,51.59999999999895,360.0,338.19570407685814,338.167447640668
27370.0,6816392.971388916,3.085481415090181e-05,51.599999999999,360.0,338.5172959059265,338.48866854100214
27380.0,6816388.678277471,3.0414864606006206e-05,51.599999999999014,360.0,338.8388932778172,338.809884061705
27390.0,6816384.385167033,2.9973957728594892e-05,51.59999999999887,360.0,339.16049644898476,339.13109394170556
27400.0,6816380.0920576025,2.9532107391702045e-05,51.59999999999887,360.0,339.4821056799834,339.4522979158831
27410.0,6816375.798949132,2.9089327492211466e-05,51.59999999999885,360.0,339.8037212626409,339.77349568790487
27420.0,6816371.505841657,2.8645631965335532e-05,51.599999999998815,360.0,340.125343498662,340.0946869516289
27430.0,6816367.212735068,2.8201034762173412e-05,51.599999999998694,360.0,340.44697272634613,340.41587136436226
27440.0,6816362.919629535,2.7755549887257013e-05,51.59999999999864,360.0,340.76860926402657,340.7370486034422
27450.0,6816358.626525026,2.7309191356400003e-05,51.599999999998644,360.0,341.09025349048636,341.0582182858253
27460.0,6816354.333421473,2.6861973202700643e-05,51.599999999998644,360.0,341.41190580216363,341.3793800108535
27470.0,6816350.040318894,2.641390950306566e-05,51.5999999999987,360.0,341.7335666149629,341.7005333584721
27480.0,6816345.747217217,2.59650143445559e-05,51.59999999999871,360.0,342.05523639500615,342.02167785847803
27490.0,6816341.454116452,2.5515301857042575e-05,51.59999999999861,360.0,342.37691562669715,342.3428130224314
27500.0,6816337.1610165965,2.506478618728287e-05,51.59999999999857,360.0,342.6986048246355,342.6639383317675
27510.0,6816332.867917725,2.461348151618717e-05,51.59999999999852,360.0,343.0203045446388,342.9850532267688
27520.0,6816328.574819669,2.416140202787306e-05,51.59999999999848,360.0,343.3420154048763,343.306157085429
27530.0,6816324.281722483,2.370856195597588e-05,51.59999999999854,360.0,343.66373805254494,343.6272492567654
27540.0,6816319.988626106,2.3254975540769003e-05,51.59999999999871,360.0,343.98547319856016,343.94832902615235
27550.0,6816315.69553052,2.2800657050453225e-05,51.59999999999884,0.0,344.3072216073991,344.2693956254703
27560.0,6816311.402435596,2.234562076630993e-05,51.59999999999887,0.0,344.62898410557057,344.5904482246258
27570.0,6816307.109341384,2.1889881012777085e-05,51.59999999999876,0.0,344.9507615864976,344.9114859266629
27580.0,6816302.816247763,2.1433452120132927e-05,51.599999999998666,0.0,345.2725550469851,345.23250773132986
27590.0,6816298.523154706,2.0976348442733204e-05,51.59999999999864,0.0,345.59436553796974,345.5535125843062
27600.0,6816294.230062179,2.0518584362349182e-05,51.59999999999861,0.0,345.9161942266453,345.8744993150801
27610.0,6816289.9369701,2.006017426937083e-05,51.59999999999858,0.0,346.23804237912253,346.19546665428646
27620.0,6816285.643878329,1.9601132578956596e-05,51.59999999999859,0.0,346.5599113957891,346.5164131983418
27630.0,6816281.350786846,1.914147372941112e-05,51.59999999999859,0.0,346.88180280657264,346.83733741421236
27640.0,6816277.057695529,1.8681212172106357e-05,51.59999999999857,0.0,347.2037182920079,347.1582376183048
27650.0,6816272.764604237,1.822036237630024e-05,51.59999999999854,0.0,347.525659725517,347.4791119342133
27660.0,6816268.471512957,1.7758938836199454e-05,51.59999999999845,0.0,347.8476291388915,347.79995832724103
27670.0,6816264.178421521,1.729695605406082e-05,51.599999999998424,0.0,348.1696288141364,348.1207745125314
27680.0,6816259.885329691,1.683442854324947e-05,51.59999999999837,0.0,348.4916613034435,348.44155793512425
27690.0,6816255.592237422,1.6371370853825232e-05,51.59999999999826,0.0,348.81372941427674,348.7623057848439
27700.0,6816251.299144518,1.590779753199009e-05,51.59999999999828,0.0,349.1358363044316,349.083014901272
27710.0,6816247.006050728,1.544372314029051e-05,51.5999999999983,0.0,349.4579855184954,349.40368173724505
27720.0,6816242.7129558865,1.497916226297301e-05,51.59999999999827,0.0,349.78018105583783,349.7243022909102
27730.0,6816238.419859761,1.4514129491023029e-05,51.59999999999826,0.0,350.10242740357694,350.04487207272507
27740.0,6816234.126762123,1.404863943345185e-05,51.59999999999817,0.0,350.42472967730123,350.3653859647495
27750.0,6816229.83366268,1.358270670737283e-05,51.5999999999982,0.0,350.7470936938554,350.68583814786786
27760.0,6816225.540561125,1.311634593570613e-05,51.59999999999827,0.0,351.06952610357337,351.0062219695357
27770.0,6816221.247457097,1.2649571758054485e-05,51.59999999999822,0.0,351.39203454939695,351.3265297846762
27780.0,6816216.95435012,1.2182398810939505e-05,51.59999999999822,0.0,351.71462786923786,351.6467527533276
27790.0,6816212.661239837,1.1714841757947482e-05,51.599999999998325,0.0,352.0373163003611,351.9668806362301
27800.0,6816208.368125708,1.1246915249719862e-05,51.5999999999983,0.0,352.360111809617,352.28690146461645
27810.0,6816204.075007169,1.0778633948582595e-05,51.5999999999982,0.0,352.6830284490565,352.60680118459607
27820.0,6816199.781883565,1.0310012521244229e-05,51.599999999998076,0.0,353.0060828601744,352.9265631529096
27830.0,6816195.488754167,9.841065631020615e-06,51.59999999999817,0.0,353.32929484831516,353.24616756251595
27840.0,6816191.195618061,9.371807940260825e-06,51.599999999998204,0.0,353.65268823531653,353.56559058996436
27850.0,6816186.902474326,8.902254111145473e-06,51.599999999998076,0.0,353.97629186429594,353.8848033905867
27860.0,6816182.609321798,8.432418796019614e-06,51.599999999998104,0.0,354.30014106737957,354.20377063078826
27870.0,6816178.316159058,7.96231662680689e-06,51.59999999999809,0.0,354.6242795366964,354.52244861704764
27880.0,6816174.02298453,7.49196222207163e-06,51.599999999998104,0.0,354.94876196150244,354.84078265878566
27890.0,6816169.729796315,7.0213701797629045e-06,51.599999999998055,0.0,355.2736577637036,355.15870333285136
27900.0,6816165.436592111,6.5505550593122106e-06,51.59999999999817,0.0,355.59905637812284,355.4761212032557
27910.0,6816161.143368928,6.0795313564043776e-06,51.599999999998246,0.0,355.925075030898,355.7929190427635
27920.0,6816156.850123249,5.60831351459796e-06,51.59999999999831,0.0,356.2518704194842,356.10894015290285
27930.0,6816152.5568507025,5.136915892138376e-06,51.59999999999838,0.0,356.57965687780865,356.4239701987906
27940.0,6816148.263545337,4.665352687111704e-06,51.59999999999847,0.0,356.90873556267053,356.737708022769
27950.0,6816143.970199541,4.193637926979488e-06,51.59999999999849,0.0,357.2395433284784,357.04971676963913
27960.0,6816139.676802974,3.7217853555011843e-06,51.59999999999843,0.0,357.5727388280456,357.3593377858686
27970.0,6816135.383340889,3.2498082592398346e-06,51.599999999998325,0.0,357.909363781992,357.66552935020536
27980.0,6816131.089791704,2.7777192235404626e-06,51.59999999999829,0.0,358.25116877150515,357.96654088088013
27990.0,6816126.796121573,2.3055295661412513e-06,51.59999999999811,0.0,358.601339632034,358.259186541975
28000.0,6816122.502273569,1.8332482693825541e-06,51.59999999999814,0.0,358.96634735359123,358.53699534305787
28010.0,6816118.2081387155,1.3608791203790805e-06,51.59999999999805,0.0,359.36165310374633,358.7845061162227
28020.0,6816113.913466045,8.884122470861564e-07,51.59999999999804,0.0,359.83562831073067,358.9533474329827
28030.0,6816109.617402975,4.15784678242137e-07,51.59999999999809,0.0,0.6567606935131496,358.7750315741834
28040.0,6816105.335143011,5.584106100329818e-08,51.599999999998104,0.0,173.0248661310863,187.0497426607269
28050.0,6816101.051849314,5.267315378378519e-07,51.59999999999807,0.0,179.61957473684575,181.097850579193
28060.0,6816096.761658564,9.987177401776904e-07,51.599999999997976,0.0,180.29177174599738,181.0684700944125
28070.0,6816092.470414832,1.4708021800086362e-06,51.59999999999791,0.0,180.7388862747013,181.26417209036197
28080.0,6816088.17872096,1.9428939057041142e-06,51.599999999998026,0.0,181.12494379569614,181.52093109449544
28090.0,6816083.886776737,2.4149539440958964e-06,51.59999999999802,0.0,181.48574336950588,181.80294804655662
28100.0,6816079.59467349,2.8869566553216278e-06,51.59999999999801,0.0,181.8336726863669,182.0978352566733
28110.0,6816075.302460516,3.35888143939224e-06,51.59999999999796,0.0,182.17415669583661,182.400167775715
28120.0,6816071.010167741,3.830709988081143e-06,51.59999999999792,0.0,182.5099468376948,182.70719416439664
28130.0,6816066.71781444,4.302425241807929e-06,51.59999999999801,0.0,182.84258739551652,183.01737013973303
28140.0,6816062.425413923,4.774010837752064e-06,51.59999999999811,0.0,183.173012089245,183.3297619824321
28150.0,6816058.132975731,5.2454508482556485e-06,51.59999999999818,0.0,183.5018186938364,183.6437719182788
28160.0,6816053.840506839,5.7167296445903415e-06,51.599999999998246,0.0,183.82940768909236,183.95899946827495
28170.0,6816049.548012666,6.187831788393334e-06,51.59999999999813,0.0,184.1560574177594,184.2751662905652
28180.0,6816045.2554973615,6.658741983590884e-06,51.5999999999983,0.0,184.48196739593016,184.59207287000837
28190.0,6816040.962964265,7.129445033782942e-06,51.59999999999831,0.0,184.80728434356598,184.90957248767876
28200.0,6816036.670416061,7.599925827544644e-06,51.59999999999831,0.0,185.13211856957292,185.22755483578572
28210.0,6816032.3778549265,8.070169313439332e-06,51.599999999998225,0.0,185.45655462211408,185.54593536735405
28220.0,6816028.0852826275,8.540160495626874e-06,51.599999999998225,0.0,185.78065839545343,185.86464818937912
28230.0,6816023.792700722,9.00988440976736e-06,51.59999999999814,0.0,186.1044819843815,186.18364120840516
28240.0,6816019.500110534,9.479326126679575e-06,51.59999999999818,0.0,186.42806713719438,186.50287267755309
28250.0,6816015.207513087,9.948470756490334e-06,51.59999999999828,0.0,186.75144770870736,186.82230874349273
28260.0,6816010.914909372,1.0417303430726771e-05,51.59999999999845,0.0,187.07465141009757,187.14192169661507
28270.0,6816006.622300205,1.0885809302502382e-05,51.599999999998396,0.0,187.39770117000882,187.46168860990278
28280.0,6816002.329686288,1.1353973546751098e-05,51.599999999998666,0.0,187.72061613036473,187.7815903431349
28290.0,6815998.037068231,1.1821781364589783e-05,51.599999999998644,0.0,188.04341236928866,188.10161081998706
28300.0,6815993.744446475,1.2289217984549855e-05,51.59999999999872,0.0,188.36610352437904,188.42173640470355
28310.0,6815989.45182161,1.2756268634021709e-05,51.59999999999866,0.0,188.6887012004821,188.741955494376
28320.0,6815985.159194117,1.3222918561380933e-05,51.59999999999867,0.0,189.01121534539644,189.06225814320885
28330.0,6815980.866564279,1.368915304890136e-05,51.59999999999869,0.0,189.3336545795385,189.3826357328581
28340.0,6815976.573932484,1.4154957381443292e-05,51.599999999998694,0.0,189.6560263472714,189.70308082111342
28350.0,6815972.281298932,1.462031687649323e-05,51.5999999999988,0.0,189.97833715682214,190.02358690197417
28360.0,6815967.988664048,1.5085216844693384e-05,51.59999999999885,0.0,190.3005926808871,190.34414830502718
28370.0,6815963.696027919,1.554964264482274e-05,51.59999999999873,0.0,190.6227979376828,190.66476001443058
28380.0,6815959.4033909,1.60135796238972e-05,51.59999999999881,0.0,190.94495733536147,190.98541762445868
28390.0,6815955.110753173,1.6477013161487127e-05,51.599999999998694,0.0,191.26707478536878,191.3061172261843
28400.0,6815950.818114899,1.6939928655022403e-05,51.599999999998765,0.0,191.5891537759079,191.62685533397553
28410.0,6815946.525476131,1.740231152967706e-05,51.5999999999987,0.0,191.91119742830602,191.94762882915606
28420.0,6815942.232837142,1.7864147206168445e-05,51.59999999999863,0.0,192.2332085033724,192.26843495363772
28430.0,6815937.940198106,1.8325421131786265e-05,51.59999999999849,0.0,192.55518949888057,192.589271212443
28440.0,6815933.647559014,1.8786118789918873e-05,51.59999999999856,0.0,192.87714267558624,192.91013534766648
28450.0,6815929.354920068,1.9246225659845558e-05,51.599999999998765,0.0,193.19907005698465,193.2310253387462
28460.0,6815925.062281339,1.9705727256582144e-05,51.599999999998815,0.0,193.52097347882028,193.55193935293107
28470.0,6815920.769642893,2.0164609108859056e-05,51.599999999998886,0.0,193.8428546155084,193.87287571887967
28480.0,6815916.477004919,2.0622856760329067e-05,51.59999999999888,0.0,194.16471496501882,194.19383294174332
28490.0,6815912.18436737,2.1080455789806954e-05,51.59999999999884,0.0,194.48655593353615,194.5148096185451
28500.0,6815907.89173036,2.1537391784757523e-05,51.59999999999882,0.0,194.80837877317668,194.83580450044175
28510.0,6815903.599093991,2.1993650353186033e-05,51.599999999998815,0.0,195.13018465377357,195.15681642092724
28520.0,6815899.306458228,2.244921714371832e-05,51.59999999999883,0.0,195.45197462074648,195.47784433799643
28530.0,6815895.013823191,2.2904077803959316e-05,51.5999999999988,0.0,195.7737496537986,195.79888727540003
28540.0,6815890.721188896,2.335821801771219e-05,51.599999999998815,0.0,196.09551065016768,196.11994433944082
28550.0,6815886.428555373,2.381162349108496e-05,51.59999999999873,0.0,196.417258435887,196.44101470768211
28560.0,6815882.1359226415,2.4264279952257702e-05,51.599999999998694,0.0,196.73899377506837,196.7620976196781
28570.0,6815877.843290777,2.4716173146971307e-05,51.599999999998694,0.0,197.06071736921427,197.0831923776587
28580.0,6815873.550659853,2.516728884300922e-05,51.59999999999875,0.0,197.38242987821047,197.4042983255225
28590.0,6815869.258029793,2.561761285320938e-05,51.59999999999876,0.0,197.70413191986944,197.7254148493134
28600.0,6815864.96540072,2.6067130994629836e-05,51.599999999998644,0.0,198.0258240424901,198.04654140464243
28610.0,6815860.672772547,2.6515829127595295e-05,51.599999999998694,0.0,198.3475067775986,198.3676774639768
28620.0,6815856.380145262,2.6963693131226056e-05,51.599999999998616,0.0,198.66918061669622,198.68882253984893
28630.0,6815852.087518945,2.741070890394898e-05,51.59999999999858,0.0,198.99084601720077,199.00997617894387
28640.0,6815847.794893598,2.785686237796271e-05,51.59999999999856,0.0,199.31250339566233,199.3311379688719
28650.0,6815843.502269236,2.8302139508413703e-05,51.59999999999859,0.0,199.63415315975072,199.65230750619654
28660.0,6815839.209645819,2.8746526286916274e-05,51.59999999999863,0.0,199.95579568094428,199.97348442370932
28670.0,6815834.917023421,2.9190008719858603e-05,51.59999999999857,0.0,200.27743130750153,200.29466837749948
28680.0,6815830.624401956,2.963257285823259e-05,51.59999999999864,0.0,200.5990603633324,200.61585904806526
28690.0,6815826.331781484,3.0074204765480576e-05,51.599999999998644,0.0,200.92068316046746,200.93705612782898
28700.0,6815822.0391619755,3.0514890548179213e-05,51.599999999998715,0.0,201.24229999026107,201.2582593299608
28710.0,6815817.746543411,3.095461633765043e-05,51.59999999999876,0.0,201.56391112537816,201.57946838635962
28720.0,6815813.453925789,3.139336829466686e-05,51.59999999999878,0.0,201.88551681879417,201.90068304868376
28730.0,6815809.161309025,3.183113262051083e-05,51.599999999998815,0.0,202.2071173222277,202.2219030699011
28740.0,6815804.868693248,3.226789552400955e-05,51.599999999998836,0.0,202.52871284841416,202.5431282420201
28750.0,6815800.57607834,3.2703643271911516e-05,51.599999999998815,0.0,202.85030362573193,202.86435834145874
28760.0,6815796.283464336,3.3138362146344685e-05,51.5999999999988,0.0,203.17188984708648,203.18559318015224
28770.0,6815791.990851189,3.3572038466216076e-05,51.59999999999885,0.0,203.49347171430531,203.50683256117935
28780.0,6815787.6982388245,3.400465859349038e-05,51.59999999999888,0.0,203.81504942129942,203.82807629558744
28790.0,6815783.405627325,3.443620890493796e-05,51.599999999998936,0.0,204.13662311870416,204.14932423775318
28800.0,6815779.113016598,3.486667582510205e-05,51.59999999999898,0.0,204.45819298636255,204.4705762128826
28810.0,6815774.820406652,3.529604580534094e-05,51.59999999999894,0.0,204.77975917430555,204.79183207606334
28820.0,6815770.527797405,3.572430533942475e-05,51.59999999999894,0.0,205.1013218364352,205.1130916785498
28830.0,6815766.235188893,3.615144094683813e-05,51.59999999999892,0.0,205.42288110229757,205.43435489600654
28840.0,6815761.942581087,3.657743918432634e-05,51.59999999999894,0.0,205.74443711838424,205.75562158720695
28850.0,6815757.649973911,3.700228665171468e-05,51.599999999998936,0.0,206.06599000940375,206.07689163274537
28860.0,6815753.357367351,3.742596997967944e-05,51.59999999999892,0.0,206.38753989610058,206.39816491722797
28870.0,6815749.064761421,3.784847583342611e-05,51.59999999999893,0.0,206.70908688439454,206.71944134014163
28880.0,6815744.77215602,3.826979092174917e-05,51.59999999999892,0.0,207.03063109757858,207.04072078363598
28890.0,6815740.479551121,3.868990198723328e-05,51.59999999999888,0.0,207.35217264410005,207.36200314476858
28900.0,6815736.186946701,3.910879580739909e-05,51.599999999998886,0.0,207.67371162158796,207.68328833144204
28910.0,6815731.89434272,3.952645920500691e-05,51.59999999999884,0.0,207.99524812328215,208.0045762560021
28920.0,6815727.601739101,3.994287903957221e-05,51.59999999999881,0.0,208.3167822496448,208.32586682361082
28930.0,6815723.309135853,4.035804220175054e-05,51.59999999999873,0.0,208.6383140822331,208.64715995837275
28940.0,6815719.0165329585,4.077193562788876e-05,51.59999999999882,0.0,208.95984370373583,208.96845558332603
28950.0,6815714.723930329,4.118454630003383e-05,51.599999999998836,0.0,209.28137119815025,209.28975362021436
28960.0,6815710.431327875,4.159586123804383e-05,51.59999999999876,0.0,209.6028966454828,209.61105399482213
28970.0,6815706.138725586,4.200586749539145e-05,51.59999999999863,0.0,209.9244201223853,209.93235663633686
28980.0,6815701.84612342,4.241455217117479e-05,51.59999999999866,0.0,210.24594170102017,210.2536614784662
28990.0,6815697.553521346,4.282190240491075e-05,51.59999999999867,0.0,210.5674614442144,210.5749684642939
29000.0,6815693.260919301,4.3227905379672185e-05,51.59999999999881,0.0,210.88897942799522,210.89627752374065
29010.0,6815688.96831718,4.3632548327567553e-05,51.59999999999875,0.0,211.2104957084634,211.21758860669306
29020.0,6815684.675714989,4.403581850816865e-05,51.59999999999872,0.0,211.5320103493745,211.53890165541281
29030.0,6815680.383112597,4.4437703240586534e-05,51.59999999999882,0.0,211.85352341657352,211.86021661010952
29040.0,6815676.090510009,4.4838189874189654e-05,51.5999999999989,0.0,212.17503496004866,212.18153342689695
29050.0,6815671.79790716,4.523726581083669e-05,51.599999999998865,0.0,212.4965450348897,212.50285205679415
29060.0,6815667.505303963,4.563491849201649e-05,51.59999999999876,0.0,212.8180537019249,212.82417244514943
29070.0,6815663.212700268,4.603113541738599e-05,51.59999999999884,0.0,213.13956101695982,213.14549454233185
29080.0,6815658.92009613,4.642590410891256e-05,51.59999999999895,0.0,213.4610670204696,213.46681831409373
29090.0,6815654.627491439,4.6819212149281554e-05,51.599999999998985,0.0,213.78257176186878,213.78814371728043
29100.0,6815650.334886091,4.7211047168104484e-05,51.59999999999888,0.0,214.10407528950978,214.10947070981027
29110.0,6815646.042279999,4.7601396835839336e-05,51.59999999999891,0.0,214.42557765136735,214.43079925003036
29120.0,6815641.749673095,4.7990248872586134e-05,51.599999999998836,0.0,214.74707889070328,214.75212930101281
29130.0,6815637.45706525,4.837759104872993e-05,51.59999999999875,0.0,215.0685790580202,215.07346081862664
29140.0,6815633.1644564215,4.876341117360812e-05,51.59999999999855,0.0,215.39007818730025,215.39479377528778
29150.0,6815628.871846472,4.914769711559333e-05,51.599999999998495,0.0,215.71157632778417,215.71612812816923
29160.0,6815624.579235284,4.953043678712329e-05,51.599999999998715,0.0,216.03307352028932,216.03746384290568
29170.0,6815620.286622759,4.991161814630117e-05,51.59999999999875,0.0,216.35456979795754,216.35880089281918
29180.0,6815615.994008689,5.029122921291335e-05,51.5999999999988,0.0,216.67606521542885,216.68013922976905
29190.0,6815611.701393005,5.066925803979338e-05,51.5999999999988,0.0,216.99755979925985,217.0014788337139
29200.0,6815607.408775525,5.104569274363873e-05,51.599999999998715,0.0,217.3190535965731,217.32281966406723
29210.0,6815603.116156103,5.1420521486672345e-05,51.59999999999877,0.0,217.64054664138547,217.64416169337346
29220.0,6815598.823534498,5.17937324869581e-05,51.59999999999883,0.0,217.96203898138828,217.96550488052128
29230.0,6815594.53091058,5.2165314007385435e-05,51.59999999999872,0.0,218.283530648412,218.2868492002807
29240.0,6815590.238284024,5.2535254375001854e-05,51.59999999999857,0.0,218.60502169251748,218.60819460921172
29250.0,6815585.945654641,5.290354196102997e-05,51.59999999999857,0.0,218.9265121512932,218.9295410763608
29260.0,6815581.653022177,5.327016519028122e-05,51.599999999998644,0.0,219.24800206359785,219.25088856951564
29270.0,6815577.360386212,5.363511255558361e-05,51.59999999999863,0.0,219.56949148388563,219.57223704090504
29280.0,6815573.067746302,5.399837260319036e-05,51.59999999999847,0.0,219.89098046237513,219.89358644697649
29290.0,6815568.775102052,5.43599339299282e-05,51.59999999999838,0.0,220.21246905202503,220.2149367414892
29300.0,6815564.482452957,5.471978519203003e-05,51.599999999998495,0.0,220.53395730669877,220.53628787727766
29310.0,6815560.189798289,5.507791511931364e-05,51.599999999998595,0.0,220.85544529627415,220.857639791194
29320.0,6815555.897137156,5.543431250781541e-05,51.59999999999847,0.0,221.17693310258994,221.1789924081395
29330.0,6815551.604468662,5.5788966208375896e-05,51.59999999999869,0.0,221.4984208078403,221.50034565266148
29340.0,6815547.311791397,5.6141865168100176e-05,51.59999999999852,0.0,221.8199085297486,221.82169941379783
29350.0,6815543.019103678,5.6492998412197725e-05,51.59999999999844,0.0,222.14139640709791,222.14305355953735
29360.0,6815538.726403249,5.684235506451422e-05,51.599999999998374,0.0,222.4628846187295,222.46440791780793
29370.0,6815534.433686798,5.7189924387628065e-05,51.599999999998346,0.0,222.7843734165288,222.78576224351158
29380.0,6815530.140949678,5.753569580845918e-05,51.59999999999823,0.0,223.1058631541372,223.10711618980025
29390.0,6815525.848184406,5.787965903136309e-05,51.59999999999811,0.0,223.4273543871373,223.42846920788406
29400.0,6815521.555378513,5.822180420823203e-05,51.59999999999811,0.0,223.74884803658782,223.74982038350066
29410.0,6815517.262508227,5.856212243901713e-05,51.59999999999814,0.0,224.07034585907633,224.0711679668794
29420.0,6815512.96951886,5.890060730126852e-05,51.59999999999808,0.0,224.3918518954092,224.3925079240192
29430.0,6815508.676224292,5.923726269889497e-05,51.59999999999807,0.0,224.71337994243777,224.71382646487697
29440.0,6815504.382552582,5.957208400370632e-05,51.599999999997976,0.0,225.03493466224882,225.03511893418414
29450.0,6815500.091506315,5.990482592599008e-05,51.59999999999791,0.0,225.35629321074845,225.35660818284825
29460.0,6815495.799339981,6.0235769614638974e-05,51.59999999999802,0.0,225.6777359001322,225.67801390548527
29470.0,6815491.506999468,6.0564831231663285e-05,51.599999999997976,0.0,225.99919155260625,225.9994072867054
29480.0,6815487.214583244,6.089199280027418e-05,51.59999999999817,0.0,226.32065270615388,226.32079579533792
29490.0,6815482.922123948,6.121724150337324e-05,51.59999999999823,0.0,226.64211687948034,226.64218191947867
29500.0,6815478.629636434,6.154056595462175e-05,51.59999999999816,0.0,226.96358293979557,226.96356679873324
29510.0,6815474.337128812,6.186195535371895e-05,51.59999999999819,0.0,227.28505027306832,227.28495105392815
29520.0,6815470.044605825,6.218139921995212e-05,51.59999999999809,0.0,227.60651852306412,227.60633504809795
29530.0,6815465.752070619,6.249888724681703e-05,51.59999999999818,0.0,227.9279874482182,227.92771902959595
29540.0,6815461.459525326,6.28144092764611e-05,51.59999999999816,0.0,228.24945689267298,228.2491031610631
29550.0,6815457.166971521,6.312795525100644e-05,51.59999999999815,0.0,228.57092673974014,228.57048756595685
29560.0,6815452.8744102325,6.343951521980042e-05,51.59999999999813,0.0,228.89239691861192,228.89187232186174
29570.0,6815448.5818423005,6.374907930632388e-05,51.599999999998104,0.0,229.21386736888383,229.2132574959257
29580.0,6815444.289268421,6.405663770827356e-05,51.59999999999816,0.0,229.53533804302222,229.53464314244496
29590.0,6815439.9966890905,6.436218070056071e-05,51.59999999999813,0.0,229.85680890945784,229.856029299715
29600.0,6815435.704104592,6.466569864089898e-05,51.59999999999813,0.0,230.17827995327832,230.17741598937786
29610.0,6815431.411515419,6.496718193183791e-05,51.59999999999808,0.0,230.49975114175942,230.49880325086383
29620.0,6815427.118921716,6.526662106796654e-05,51.59999999999816,0.0,230.8212224718449,230.8201910939337
29630.0,6815422.826323705,6.556400659856715e-05,51.59999999999818,0.0,231.14269393058134,231.1415795382128
29640.0,6815418.533721511,6.585932914730913e-05,51.599999999998204,0.0,231.46416551428564,231.4629685940595
29650.0,6815414.241115356,6.615257939896583e-05,51.59999999999825,0.0,231.78563721317528,231.78435827791063
29660.0,6815409.948505321,6.644374810660917e-05,51.59999999999828,0.0,232.10710902662714,232.10574859701399
29670.0,6815405.655891497,6.673282609059233e-05,51.5999999999983,0.0,232.42858095234166,232.4271395602956
29680.0,6815401.363273951,6.701980424338205e-05,51.59999999999834,0.0,232.75005299112286,232.74853117353783
29690.0,6815397.070652716,6.730467351945451e-05,51.59999999999834,0.0,233.07152514661294,233.06992343968443
29700.0,6815392.778027881,6.758742493932596e-05,51.59999999999834,0.0,233.39299741788236,233.3913163662187
29710.0,6815388.485399482,6.786804959094876e-05,51.59999999999837,0.0,233.71446980666053,233.71270995794762
29720.0,6815384.192767529,6.814653863673026e-05,51.59999999999832,0.0,234.0359423183673,234.03410421597033
29730.0,6815379.900132052,6.84228832976583e-05,51.59999999999828,0.0,234.35741495662228,234.35549914315743
29740.0,6815375.607493137,6.869707485991732e-05,51.59999999999831,0.0,234.67888771687453,234.67689475052555
29750.0,6815371.314850684,6.896910469627687e-05,51.599999999998346,0.0,235.00036061411217,234.99829102953095
29760.0,6815367.0222047465,6.923896423149329e-05,51.59999999999834,0.0,235.32183364814242,235.31968798678085
29770.0,6815362.72955532,6.95066449628849e-05,51.59999999999838,0.0,235.64330682592603,235.6410856217144
29780.0,6815358.436902367,6.977213845864793e-05,51.599999999998374,0.0,235.96478015415966,235.96248393398943
29790.0,6815354.144246005,7.003543634339435e-05,51.599999999998246,0.0,236.28625362935904,236.28388293343264
29800.0,6815349.851586143,7.029653033252965e-05,51.59999999999827,0.0,236.6077272610883,236.605282616792
29810.0,6815345.558922746,7.055541219843529e-05,51.599999999998325,0.0,236.92920105679494,236.92668298289828
29820.0,6815341.266255826,7.081207377921284e-05,51.599999999998225,0.0,237.25067502060384,237.24808403387877
29830.0,6815336.9735854035,7.106650699004395e-05,51.59999999999817,0.0,237.5721491565773,237.5694857718853
29840.0,6815332.680911414,7.131870381948968e-05,51.599999999998104,0.0,237.8936234717245,237.89088819609714
29850.0,6815328.388233887,7.156865631197284e-05,51.59999999999804,0.0,238.21509797033164,238.21229130838518
29860.0,6815324.095552807,7.181635659396881e-05,51.59999999999801,0.0,238.53657265573986,238.53369511152857
29870.0,6815319.802868137,7.206179686574837e-05,51.59999999999804,0.0,238.8580475357509,238.8550996038083
29880.0,6815315.510179831,7.230496939423337e-05,51.59999999999801,0.0,239.17952261692326,239.17650478472737
29890.0,6815311.217487925,7.254586650822671e-05,51.599999999998026,0.0,239.50099790167428,239.49791065787966
29900.0,6815306.924792345,7.278448062152592e-05,51.599999999998,0.0,239.8224733982387,239.81931722101467
29910.0,6815302.632093173,7.30208042143688e-05,51.59999999999796,0.0,240.14394910456437,240.1407244821226
29920.0,6815298.339390289,7.325482983985098e-05,51.59999999999805,0.0,240.46542503348823,240.46213243428616
29930.0,6815294.046683688,7.34865501236057e-05,51.59999999999813,0.0,240.78690118895224,240.7835410794194
29940.0,6815289.753973395,7.371595776370109e-05,51.599999999998325,0.0,241.1083775730024,241.10495042130222
29950.0,6815285.461259295,7.394304552642164e-05,51.59999999999831,0.0,241.4298541978775,241.42636045348925
29960.0,6815281.168541431,7.416780626071006e-05,51.59999999999829,0.0,241.751331061927,241.74777118338483
29970.0,6815276.875819741,7.439023288066501e-05,51.59999999999825,0.0,242.0728081747207,242.06918260711245
29980.0,6815272.58309428,7.461031837521109e-05,51.59999999999832,0.0,242.39428553624035,242.39059473036698
29990.0,6815268.290364996,7.482805580845432e-05,51.5999999999984,0.0,242.7157631519755,242.71200755327402
30000.0,6815263.997631838,7.504343831783158e-05,51.5999999999984,0.0,243.03724102851666,243.03342107482604
30010.0,6815259.704894819,7.525645911171621e-05,51.59999999999838,0.0,243.35871916881567,243.3548352976031
30020.0,6815255.412153881,7.546711147664272e-05,51.59999999999837,0.0,243.68019758094633,243.67625021901551
30030.0,6815251.119409062,7.567538877080713e-05,51.59999999999845,0.0,244.00167626484316,243.99766584457817
30040.0,6815246.826660296,7.588128443246135e-05,51.59999999999846,0.0,244.32315522710917,244.31908217307816
30050.0,6815242.533907531,7.608479197179244e-05,51.59999999999849,0.0,244.64463447521862,244.64049920239546
30060.0,6815238.241150866,7.628590496244456e-05,51.599999999998424,0.0,244.96611400634683,244.96191694065615
30070.0,6815233.948390188,7.648461707000562e-05,51.59999999999841,0.0,245.28759383093063,245.28333538267324
30080.0,6815229.655625486,7.668092203730349e-05,51.5999999999984,0.0,245.60907394975854,245.6047545328648
30090.0,6815225.362856804,7.687481366271982e-05,51.599999999998424,0.0,245.93055436515797,245.92617439406138
30100.0,6815221.070084015,7.706628584069508e-05,51.59999999999847,0.0,246.25203508922095,246.24759495927728
30110.0,6815216.77730721,7.725533253138843e-05,51.59999999999847,0.0,246.57351611608377,246.5690162394219
30120.0,6815212.484526314,7.744194777310905e-05,51.59999999999843,0.0,246.89499745584865,246.89043822940064
30130.0,6815208.191741368,7.762612567801215e-05,51.59999999999837,0.0,247.21647910723723,247.21186093543488
30140.0,6815203.898952357,7.78078604386885e-05,51.59999999999844,0.0,247.53796107621935,247.53328435646216
30150.0,6815199.606159266,7.798714632214568e-05,51.59999999999855,0.0,247.85944336256432,247.85470849755023
30160.0,6815195.3133620825,7.816397767933421e-05,51.59999999999858,0.0,248.18092597051236,248.17613335924318
30170.0,6815191.02056081,7.833834892654739e-05,51.599999999998495,0.0,248.50240890329255,248.49755894305326
30180.0,6815186.727755416,7.851025456832258e-05,51.599999999998595,0.0,248.82389216635366,248.81898524821386
30190.0,6815182.434945891,7.867968917797184e-05,51.599999999998715,0.0,249.1453757609337,249.14041227810344
30200.0,6815178.1421322,7.884664741540327e-05,51.599999999998744,0.0,249.46685969225172,249.46184003207807
30210.0,6815173.849314388,7.901112400908628e-05,51.59999999999867,0.0,249.78834395991632,249.78326851503004
30220.0,6815169.556492475,7.917311376827424e-05,51.59999999999858,0.0,250.10982856502466,250.1046977303248
30230.0,6815165.263666458,7.933261158579749e-05,51.599999999998744,0.0,250.431313509612,250.4261276803126
30240.0,6815160.970836321,7.948961243007834e-05,51.599999999998836,0.0,250.75279879597798,250.74755836702522
30250.0,6815156.678002027,7.964411134570185e-05,51.599999999998815,0.0,251.07428443091987,251.0689897879521
30260.0,6815152.3851636695,7.979610345009576e-05,51.59999999999884,0.0,251.39577040871842,251.3904219530248
30270.0,6815148.092321188,7.994558395428173e-05,51.59999999999888,0.0,251.71725673650906,251.71185485926915
30280.0,6815143.799474618,8.009254813722478e-05,51.59999999999883,0.0,252.03874341314392,252.03328851192572
30290.0,6815139.506624014,8.023699136000365e-05,51.59999999999878,0.0,252.360230437479,252.35472291616028
30300.0,6815135.213769365,8.037890906190847e-05,51.59999999999877,0.0,252.68171780986998,252.6761580756031
30310.0,6815130.920910695,8.05182967605572e-05,51.59999999999887,0.0,253.00320553291112,252.99759399156724
30320.0,6815126.628047972,8.065515006036286e-05,51.59999999999895,0.0,253.3246936097121,253.3190306647801
30330.0,6815122.3351812605,8.078946464050766e-05,51.599999999998936,0.0,253.64618204004606,253.64046809926518
30340.0,6815118.042310639,8.092123625530633e-05,51.59999999999891,0.0,253.96767081653985,253.96190630610775
30350.0,6815113.749436051,8.105046074531186e-05,51.599999999998886,0.0,254.28915994846824,254.28334527968727
30360.0,6815109.456557604,8.117713402813891e-05,51.59999999999883,0.0,254.61064942812752,254.604785031304
30370.0,6815105.163675333,8.130125210304708e-05,51.59999999999884,0.0,254.93213925396714,254.9262255660299
30380.0,6815100.87078929,8.142281104690716e-05,51.59999999999878,0.0,255.25362942706548,255.2476668862499
30390.0,6815096.577899501,8.154180701997622e-05,51.59999999999869,0.0,255.5751199456133,255.56910899716013
30400.0,6815092.28500601,8.165823626635603e-05,51.599999999998616,0.0,255.8966108059732,255.8905519057246
30410.0,6815087.992108915,8.177209510402825e-05,51.599999999998666,0.0,256.2181020039697,256.2119956193845
30420.0,6815083.699208305,8.18833799361544e-05,51.59999999999872,0.0,256.53959353494525,256.53344014599355
30430.0,6815079.406304239,8.199208723869134e-05,51.599999999998644,0.0,256.8610853984192,256.85488548914446
30440.0,6815075.113396759,8.209821358079232e-05,51.599999999998516,0.0,257.18257759023663,257.1763316560584
30450.0,6815070.8204860985,8.220175560084834e-05,51.59999999999845,0.0,257.5040700975717,257.497778662546
30460.0,6815066.527572186,8.23027100323061e-05,51.59999999999857,0.0,257.8255629245114,257.81922650744417
30470.0,6815062.234655214,8.240107367673192e-05,51.59999999999851,0.0,258.14705606011603,258.14067520453744
30480.0,6815057.941735242,8.249684342680273e-05,51.5999999999984,0.0,258.46854950105364,258.46212475993786
30490.0,6815053.648812555,8.259001624424155e-05,51.599999999998346,0.0,258.7900432302,258.7835751934845
30500.0,6815049.355887174,8.268058918810763e-05,51.5999999999983,0.0,259.1115372452132,259.10502651015497
30510.0,6815045.06295932,8.276855938721587e-05,51.59999999999827,0.0,259.433031530513,259.4264787280992
30520.0,6815040.7700292375,8.28539240577558e-05,51.59999999999828,0.0,259.75452607176095,259.7479318641536
30530.0,6815036.47709707,8.2936680495395e-05,51.59999999999816,0.0,260.07602085786243,260.0693859318413
30540.0,6815032.184163064,8.301682608019144e-05,51.59999999999813,0.0,260.3975158744166,260.3908409479197
30550.0,6815027.891227492,8.309435826924404e-05,51.599999999998204,0.0,260.71901110053,260.71229693555847
30560.0,6815023.598290605,8.316927461194727e-05,51.59999999999817,0.0,261.04050651845523,261.03375391472343
30570.0,6815019.305352733,8.324157272421464e-05,51.59999999999815,0.0,261.36200210946896,261.3552119062763
30580.0,6815015.012414191,8.331125032018457e-05,51.599999999998204,0.0,261.68349784700706,261.67667093884563
30590.0,6815010.719475448,8.337830518405922e-05,51.59999999999818,0.0,262.0049936996568,261.9981310458366
30600.0,6815006.426536935,8.344273518703096e-05,51.59999999999822,0.0,262.32648963672926,262.31959225986657
30610.0,6815002.1335991565,8.350453828555681e-05,51.599999999998225,0.0,262.647985621781,262.64105461921065
30620.0,6814997.840662734,8.356371251302808e-05,51.59999999999814,0.0,262.9694816106775,262.962518169787
30630.0,6814993.547728251,8.36202559873692e-05,51.599999999997976,0.0,263.29097756094296,263.28398295576204
30640.0,6814989.254796596,8.367416690931092e-05,51.599999999997955,0.0,263.61247340840043,263.60544904294824
30650.0,6814984.961868612,8.372544356062413e-05,51.59999999999809,0.0,263.93396909174226,263.9269164941891
30660.0,6814980.668945412,8.377408430821387e-05,51.5999999999982,0.0,264.2554645273542,264.248385394577
30670.0,6814976.376028116,8.382008759654805e-05,51.599999999998204,0.0,264.57695963488635,264.56985582587174
30680.0,6814972.083118217,8.38634519563826e-05,51.599999999998246,0.0,264.898454304676,264.89132789904966
30690.0,6814967.790217442,8.390417599977072e-05,51.599999999998346,0.0,265.2199484071059,265.21280174498924
30700.0,6814963.497327875,8.394225841915674e-05,51.599999999998396,0.0,265.5414417911901,265.5342775158472
30710.0,6814959.2044521775,8.397769798846568e-05,51.59999999999848,0.0,265.8629342573883,265.85575541226314
30720.0,6814954.91159343,8.401049356721552e-05,51.59999999999841,0.0,266.18442557402744,266.17723566693815
30730.0,6814950.618755818,8.404064408966514e-05,51.599999999998516,0.0,266.5059154328059,266.4987185891191
30740.0,6814946.325944488,8.406814857575299e-05,51.59999999999852,0.0,266.8274034463514,266.82020456704925
30750.0,6814942.0331663685,8.40930061220889e-05,51.599999999998346,0.0,267.1488891005877,267.1416941156046
30760.0,6814937.740431021,8.411521590295456e-05,51.59999999999831,0.0,267.47037168208584,267.4631879489354
30770.0,6814933.447751561,8.41347771720098e-05,51.59999999999837,0.0,267.79185020664323,267.7846870518842
30780.0,6814929.1551476745,8.415168925336544e-05,51.59999999999837,0.0,268.1133232055687,268.1061928937149
30790.0,6814924.862649889,8.416595154124497e-05,51.59999999999845,0.0,268.4347883924822,268.42770776130004
30800.0,6814920.570310132,8.41775634879826e-05,51.59999999999832,0.0,268.75624188133366,268.74923554110546
30810.0,6814916.27822756,8.418652458438477e-05,51.59999999999832,0.0,269.0776762484866,269.0707836570994
30820.0,6814911.986631815,8.41928343120469e-05,51.599999999998225,0.0,269.39907429511015,269.3923693083868
30830.0,6814907.696311884,8.419649196883032e-05,51.59999999999799,0.0,269.720376938001,269.7140515783435
30840.0,6814903.433786215,8.41974930668496e-05,51.59999999999804,0.0,270.03959820365696,270.0378164405916
30850.0,6814899.1320836535,8.419583234943813e-05,51.599999999997955,0.0,270.36175357776693,270.3586484094842
30860.0,6814894.836359433,8.419152334978017e-05,51.599999999997976,0.0,270.6834613815941,270.6799291637013
30870.0,6814890.541600467,8.418456476628463e-05,51.59999999999792,0.0,271.00509704558107,271.0012832726872
30880.0,6814886.247255245,8.417495640757958e-05,51.59999999999804,0.0,271.3267018739436,271.3226694320188
30890.0,6814881.953139414,8.416269836684727e-05,51.59999999999798,0.0,271.648289676887,271.64407383123046
30900.0,6814877.659168481,8.414779089829306e-05,51.599999999998076,0.0,271.9698667823273,271.9654901420502
30910.0,6814873.36529661,8.41302343789638e-05,51.59999999999816,0.0,272.2914366248217,272.286914929498
30920.0,6814869.071496097,8.411002929095109e-05,51.5999999999984,0.0,272.61300128268255,272.6083461147569
30930.0,6814864.77774891,8.408717621378415e-05,51.5999999999984,0.0,272.9345621068687,272.92978234629896
30940.0,6814860.484042675,8.406167581844483e-05,51.59999999999847,0.0,273.2561200253946,273.2512226954498
30950.0,6814856.190368502,8.40335288677822e-05,51.59999999999837,0.0,273.57767570686383,273.57266649287095
30960.0,6814851.896719874,8.400273621213818e-05,51.59999999999836,0.0,273.89922964101527,273.89411324801995
30970.0,6814847.603091728,8.396929878823914e-05,51.599999999998396,0.0,274.2207822090845,274.21556257878467
30980.0,6814843.309480176,8.393321761836599e-05,51.59999999999838,0.0,274.54233370356144,274.53701419170744
30990.0,6814839.015882191,8.389449381062625e-05,51.5999999999984,0.0,274.86388435144767,274.85846785875907
31000.0,6814834.7222951995,8.3853128558541e-05,51.59999999999838,0.0,275.1854343497875,275.179923381781
31010.0,6814830.428717142,8.380912314144798e-05,51.59999999999825,0.0,275.5069838547251,275.5013806034458
31020.0,6814826.135146345,8.376247892078653e-05,51.599999999998204,0.0,275.8285329954609,275.82283939329574
31030.0,6814821.841581423,8.371319734250149e-05,51.599999999998225,0.0,276.1500818745033,276.1442996474818
31040.0,6814817.548021132,8.366127993733374e-05,51.599999999998225,0.0,276.4716305880863,276.4657612683633
31050.0,6814813.254464449,8.360672831851067e-05,51.59999999999825,0.0,276.7931792159696,276.78722417469515
31060.0,6814808.960910544,8.354954418359065e-05,51.599999999998225,0.0,277.1147278200889,277.1086883029851
31070.0,6814804.667358589,8.34897293141886e-05,51.59999999999826,0.0,277.43627646680744,277.43015358523496
31080.0,6814800.3738079835,8.342728557424867e-05,51.599999999998374,0.0,277.75782520117133,277.75161997468246
31090.0,6814796.080258117,8.336221491291446e-05,51.59999999999829,0.0,278.07937407334384,278.0730874193889
31100.0,6814791.786708451,8.32945193578006e-05,51.59999999999838,0.0,278.40092312436343,278.3945558764567
31110.0,6814787.493158612,8.322420102437851e-05,51.59999999999843,0.0,278.72247238371716,278.7160253144733
31120.0,6814783.199608126,8.315126210938628e-05,51.59999999999832,0.0,279.0440218900985,279.03749569274214
31130.0,6814778.906056673,8.307570489275014e-05,51.59999999999843,0.0,279.3655716711704,279.35896698152374
31140.0,6814774.612503921,8.299753173367595e-05,51.599999999998396,0.0,279.68712175018925,279.6804391554114
31150.0,6814770.318949609,8.291674507999322e-05,51.599999999998424,0.0,280.00867215385006,280.00191218548883
31160.0,6814766.02539345,8.28333474569698e-05,51.599999999998346,0.0,280.3302229023445,280.3233860492777
31170.0,6814761.731835178,8.274734147473506e-05,51.599999999998225,0.0,280.6517740190992,280.6448607209817
31180.0,6814757.438274702,8.265872982607396e-05,51.59999999999827,0.0,280.9733255129003,280.9663361893714
31190.0,6814753.144711722,8.256751528437013e-05,51.59999999999823,0.0,281.29487740986394,281.28781242583665
31200.0,6814748.851146072,8.247370070487987e-05,51.59999999999816,0.0,281.616429722296,281.6092894154792
31210.0,6814744.55757776,8.237728903224235e-05,51.59999999999817,0.0,281.93798245428604,281.93076715156974
31220.0,6814740.264006525,8.227828328108688e-05,51.5999999999982,0.0,282.2595356266892,282.2522456105222
31230.0,6814735.970432189,8.217668655541835e-05,51.5999999999982,0.0,282.5810892578866,282.5737247711784
31240.0,6814731.676854691,8.207250203964141e-05,51.599999999998104,0.0,282.90264335266863,282.89520462588155
31250.0,6814727.383273913,8.196573299737157e-05,51.59999999999817,0.0,283.22419792178414,283.216685160955
31260.0,6814723.08968976,8.185638277829979e-05,51.599999999998225,0.0,283.5457529753604,283.53816636326803
31270.0,6814718.796102136,8.17444548080964e-05,51.59999999999818,0.0,283.86730852265,283.8596482205047
31280.0,6814714.50251098,8.162995259947139e-05,51.599999999998104,0.0,284.18886457330746,284.1811307198831
31290.0,6814710.208916238,8.151287974078745e-05,51.59999999999811,0.0,284.5104211292747,284.5026138562478
31300.0,6814705.915317785,8.139323990476756e-05,51.59999999999817,0.0,284.83197820711035,284.82409760977083
31310.0,6814701.621715592,8.127103684913385e-05,51.59999999999825,0.0,285.1535358123393,285.1455819715978
31320.0,6814697.328109615,8.114627440356613e-05,51.59999999999818,0.0,285.4750939474084,285.4670669358726
31330.0,6814693.03449987,8.101895648757674e-05,51.599999999998225,0.0,285.7966526156611,285.78855249579095
31340.0,6814688.740886206,8.088908709024743e-05,51.59999999999817,0.0,286.11821183247406,286.1100386324298
31350.0,6814684.4472686015,8.075667028992783e-05,51.59999999999816,0.0,286.4397716011044,286.43152533894204
31360.0,6814680.1536470605,8.062171024498739e-05,51.59999999999813,0.0,286.7613319234471,286.7530126097586
31370.0,6814675.860021552,8.048421119051235e-05,51.59999999999809,0.0,287.08289280690747,287.0745004337505
31380.0,6814671.566392051,8.034417744236118e-05,51.59999999999798,0.0,287.40445425527906,287.39598880332244
31390.0,6814667.272758496,8.020161340143644e-05,51.599999999997976,0.0,287.7260162778549,287.71747770533455
31400.0,6814662.979120894,8.00565235393413e-05,51.599999999997976,0.0,288.0475788728209,288.038967137671
31410.0,6814658.685479245,7.990891241665001e-05,51.59999999999794,0.0,288.36914204739327,288.3604570891463
31420.0,6814654.391833446,7.975878466244632e-05,51.59999999999788,0.0,288.6907058096085,288.68194754767427
31430.0,6814650.098183609,7.960614499644895e-05,51.59999999999796,0.0,289.0122701545151,289.0034385141027
31440.0,6814645.804529579,7.945099820912336e-05,51.59999999999788,0.0,289.33383510052016,289.3249299658494
31450.0,6814641.510871416,7.929334917224184e-05,51.599999999997856,0.0,289.65540064141857,289.64642190489707
31460.0,6814637.217209113,7.913320284549695e-05,51.59999999999782,0.0,289.97696678543133,289.9679143187482
31470.0,6814632.923542743,7.897056425646646e-05,51.59999999999797,0.0,290.29853352814297,290.2894072074666
31480.0,6814628.629872202,7.880543851324129e-05,51.59999999999798,0.0,290.62010088160145,290.6109005545965
31490.0,6814624.336197458,7.863783079999455e-05,51.59999999999807,0.0,290.94166885076646,290.9323943507196
31500.0,6814620.042518632,7.846774638996828e-05,51.59999999999808,0.0,291.26323743320404,291.25388859374897
31510.0,6814615.748835666,7.829519063047758e-05,51.59999999999793,0.0,291.58480663532896,291.57538327269583
31520.0,6814611.45514854,7.812016893343425e-05,51.59999999999786,0.0,291.9063764605664,291.89687837949464
31530.0,6814607.161457328,7.794268681275053e-05,51.599999999997834,0.0,292.227946910738,292.21837390763915
31540.0,6814602.867761894,7.776274982869658e-05,51.59999999999784,0.0,292.54951799461713,292.53986984360444
31550.0,6814598.574062385,7.75803636471522e-05,51.599999999997785,0.0,292.87108970671267,292.86136618809036
31560.0,6814594.2803587625,7.739553399993101e-05,51.59999999999779,0.0,293.19266205517107,293.1828629280965
31570.0,6814589.986651047,7.720826669628669e-05,51.5999999999978,0.0,293.5142350433215,293.5043600553816
31580.0,6814585.692939225,7.701856761923237e-05,51.599999999997856,0.0,293.835808675569,293.8258575605779
31590.0,6814581.399223337,7.68264427358107e-05,51.59999999999782,0.0,294.1573829534177,294.1473554371769
31600.0,6814577.105503371,7.663189808599315e-05,51.59999999999787,0.0,294.47895788154636,294.4688536754318
31610.0,6814572.81177936,7.643493978391725e-05,51.599999999997856,0.0,294.8005334616459,294.7903522685341
31620.0,6814568.518051282,7.62355740236463e-05,51.59999999999784,0.0,295.1221096994805,295.1118512055621
31630.0,6814564.224319196,7.603380706995549e-05,51.59999999999784,0.0,295.4436865952997,295.43335048106076
31640.0,6814559.930583097,7.582964526624679e-05,51.5999999999978,0.0,295.7652641531382,295.7548500857132
31650.0,6814555.636843017,7.562309503814011e-05,51.599999999997856,0.0,296.08684237776947,296.07635000944373
31660.0,6814551.343098935,7.541416287403634e-05,51.59999999999782,0.0,296.4084212731948,296.39785024289137
31670.0,6814547.049350862,7.520285534489953e-05,51.59999999999779,0.0,296.7300008443175,296.71935077573954
31680.0,6814542.755598863,7.498917909600347e-05,51.59999999999782,0.0,297.0515810909444,297.04085160273166
31690.0,6814538.46184295,7.477314085094198e-05,51.599999999997756,0.0,297.37316201625964,297.3623527151862
31700.0,6814534.16808311,7.455474739725687e-05,51.599999999997806,0.0,297.69474362592206,297.6838541019002
31710.0,6814529.874319368,7.433400560653491e-05,51.599999999997785,0.0,298.01632592482923,298.00535575238933
31720.0,6814525.5805517575,7.411092241809856e-05,51.59999999999779,0.0,298.33790891538615,298.3268576586147
31730.0,6814521.28678028,7.38855048545774e-05,51.599999999997735,0.0,298.6594926031198,298.64835980937295
31740.0,6814516.99300493,7.365775999638691e-05,51.59999999999765,0.0,298.9810769922891,298.9698621946932
31750.0,6814512.699225752,7.342769501331468e-05,51.599999999997614,0.0,299.3026620865503,299.2913648051535
31760.0,6814508.405442766,7.319531713663142e-05,51.5999999999976,0.0,299.6242478907359,299.6128676301379
31770.0,6814504.111655931,7.296063367622787e-05,51.59999999999758,0.0,299.94583441244725,299.9343706561988
31780.0,6814499.817865396,7.2723652022278e-05,51.5999999999977,0.0,300.26742164661346,300.25587388252484
31790.0,6814495.524071073,7.248437962139863e-05,51.599999999997564,0.0,300.5890096037397,300.5773772926974
31800.0,6814491.230272995,7.224282400153709e-05,51.59999999999753,0.0,300.91059829000784,300.89888087458667
31810.0,6814486.936471183,7.199899276184906e-05,51.59999999999757,0.0,301.2321877098794,301.2203846177365
31820.0,6814482.642665651,7.175289357324409e-05,51.59999999999752,0.0,301.5537778693064,301.54188851016715
31830.0,6814478.348856436,7.150453417766686e-05,51.59999999999751,0.0,301.87536877069033,301.86339254341453
31840.0,6814474.0550434645,7.125392237926416e-05,51.59999999999751,0.0,302.19696042643915,302.1848966989768
31850.0,6814469.761226846,7.100106607701282e-05,51.59999999999737,0.0,302.5185528363376,302.5064009709366
31860.0,6814465.467406491,7.07459732121687e-05,51.59999999999731,0.0,302.84014601111045,302.82790534239797
31870.0,6814461.173582489,7.048865181517189e-05,51.599999999997344,0.0,303.16173995299613,303.14940980494254
31880.0,6814456.879754796,7.022910997962132e-05,51.599999999997294,0.0,303.4833346742528,303.4709143400689
31890.0,6814452.585923454,6.996735587232059e-05,51.59999999999713,0.0,303.8049301770883,303.7924189393112
31900.0,6814448.292088409,6.970339772837739e-05,51.59999999999711,0.0,304.12652647446095,304.11392358342476
31910.0,6814443.998249683,6.943724384783754e-05,51.59999999999716,0.0,304.4481235705793,304.4354282618844
31920.0,6814439.704407219,6.916890260164059e-05,51.59999999999708,0.0,304.76972147909106,304.75693295469887
31930.0,6814435.410561139,6.889838244076039e-05,51.59999999999719,0.0,305.09132019902074,305.07843765645873
31940.0,6814431.116711287,6.862569186658568e-05,51.59999999999726,0.0,305.412919751206,305.3999423399321
31950.0,6814426.8228576565,6.835083945866456e-05,51.59999999999719,0.0,305.73452014449873,305.72144698984476
31960.0,6814422.529000237,6.807383386303401e-05,51.599999999997145,0.0,306.05612138824273,306.04295159039305
31970.0,6814418.235139033,6.77946837960333e-05,51.59999999999727,0.0,306.3777234918949,306.3644561256446
31980.0,6814413.941273908,6.751339803178634e-05,51.59999999999734,0.0,306.6993264741247,306.68596057043635
31990.0,6814409.647404881,6.722998542395697e-05,51.599999999997316,0.0,307.0209303436458,307.0074649095249
32000.0,6814405.353531806,6.69444548775604e-05,51.59999999999728,0.0,307.3425351210939,307.3289691157313
32010.0,6814401.059654616,6.66568153723655e-05,51.59999999999722,0.0,307.6641408227205,307.65047316623577
32020.0,6814396.765773319,6.636707596130216e-05,51.599999999997344,0.0,307.98574745742087,307.9719770455519
32030.0,6814392.471887637,6.607524574078724e-05,51.59999999999731,0.0,308.3073550581604,308.29348071411783
32040.0,6814388.17799756,6.578133389218666e-05,51.59999999999734,0.0,308.6289636370626,308.6149841531783
32050.0,6814383.884102772,6.548534964385681e-05,51.59999999999732,0.0,308.950573228413,308.93648732181396
32060.0,6814379.590203163,6.518730230175164e-05,51.59999999999735,0.0,309.27218385360385,309.2579901919702
32070.0,6814375.29629843,6.488720122061679e-05,51.599999999997436,0.0,309.5937955490457,309.579492720561
32080.0,6814371.002388262,6.458505582800374e-05,51.59999999999734,0.0,309.915408348716,309.9009948669117
32090.0,6814366.708472274,6.428087560030362e-05,51.59999999999724,0.0,310.2370222962353,310.22249658070353
32100.0,6814362.414550069,6.397467008138931e-05,51.5999999999972,0.0,310.5586374365839,310.5439978102341
32110.0,6814358.120620955,6.366644885604632e-05,51.59999999999726,0.0,310.8802538370763,310.8654984814598
32120.0,6814353.826684246,6.335622157484961e-05,51.599999999997316,0.0,311.20187156486946,311.18699852048167
32130.0,6814349.532739053,6.30439979347268e-05,51.599999999997316,0.0,311.52349070375953,311.50849783673965
32140.0,6814345.238784077,6.272978766667878e-05,51.59999999999757,0.0,311.84511136829826,311.8299963089338
32150.0,6814340.9448176455,6.241360052862393e-05,51.59999999999754,0.0,312.16673370763976,312.1514937811221
32160.0,6814336.650837578,6.209544631225031e-05,51.599999999997515,0.0,312.4883579048597,312.47299006345406
32170.0,6814332.3568405565,6.177533477591708e-05,51.59999999999746,0.0,312.80998423592706,312.79448487316296
32180.0,6814328.062821881,6.145327563963074e-05,51.59999999999735,0.0,313.13161307920757,313.1159778250932
32190.0,6814323.7687740475,6.112927846644442e-05,51.599999999997465,0.0,313.45324503264294,313.43746831449613
32200.0,6814319.47468426,6.0803352473974474e-05,51.599999999997515,0.0,313.7748810977785,313.75895533302344
32210.0,6814315.1805278985,6.04755060277048e-05,51.59999999999756,0.0,314.09652317780007,314.0804369706743
32220.0,6814310.886247345,6.0145745003842655e-05,51.59999999999772,0.0,314.41817568015017,314.40190881319023
32230.0,6814306.5916389655,5.9814064019771574e-05,51.59999999999758,0.0,314.7398540464717,314.7233554121105
32240.0,6814302.295944095,5.948041492345437e-05,51.599999999997706,0.0,315.0616160149987,315.0447190223808
32250.0,6814298.0033724,5.914513495095507e-05,51.59999999999792,0.0,315.38314478684254,315.3663164360757
32260.0,6814293.7099075,5.880792198926974e-05,51.59999999999794,0.0,315.7047408044384,315.6878472039365
32270.0,6814289.4162789,5.846884358226871e-05,51.59999999999791,0.0,316.0263497457709,316.00936564115375
32280.0,6814285.122577791,5.8127917544397185e-05,51.59999999999785,0.0,316.3479648897617,316.330878462004
32290.0,6814280.82883519,5.778515704979762e-05,51.59999999999809,0.0,316.66958397005885,316.65238792601156
32300.0,6814276.535065408,5.7440574013884594e-05,51.599999999998104,0.0,316.99120596272513,316.9738950503057
32310.0,6814272.241276451,5.709417991918565e-05,51.59999999999816,0.0,317.31283030180106,317.295400394037
32320.0,6814267.947472973,5.6745986037640074e-05,51.599999999998026,0.0,317.63445667336185,317.61690426433165
32330.0,6814263.65365833,5.6396003600217245e-05,51.59999999999792,0.0,317.9560848536357,317.9384068781599
32340.0,6814259.359834522,5.604424378314824e-05,51.59999999999801,0.0,318.2777147214335,318.25990834993394
32350.0,6814255.0660031475,5.569071779113863e-05,51.59999999999781,0.0,318.5993461809855,318.58140876863905
32360.0,6814250.772165403,5.533543684782649e-05,51.59999999999774,0.0,318.9209791744243,318.90290818536516
32370.0,6814246.478322144,5.497841220847173e-05,51.599999999997706,0.0,319.2426136610991,319.2244066340073
32380.0,6814242.184474132,5.461965517496731e-05,51.59999999999763,0.0,319.5642496109697,319.54590413784564
32390.0,6814237.890621981,5.425917709358292e-05,51.59999999999763,0.0,319.8858870055403,319.8674007086439
32400.0,6814233.596766119,5.389698934692475e-05,51.5999999999976,0.0,320.20752583947194,320.1888963450082
32410.0,6814229.30290698,5.353310337537455e-05,51.59999999999745,0.0,320.52916610645224,320.5103910465384
32420.0,6814225.009044885,5.316753066083726e-05,51.59999999999734,0.0,320.85080781289463,320.8318848001182
32430.0,6814220.715180096,5.280028273657904e-05,51.599999999997394,0.0,321.17245096861063,321.15337758924
32440.0,6814216.421312888,5.2431371188158626e-05,51.59999999999743,0.0,321.49409557992846,321.47486940091636
32450.0,6814212.127443586,5.206080765861009e-05,51.5999999999974,0.0,321.8157416523019,321.79636022302776
32460.0,6814207.833572197,5.1688603814751356e-05,51.59999999999734,0.0,322.1373892216012,322.1178500130744
32470.0,6814203.539699105,5.131477140980168e-05,51.599999999997365,0.0,322.45903828737994,322.4393387648791
32480.0,6814199.24582433,5.093932221477372e-05,51.59999999999738,0.0,322.7806888811807,322.7608264402948
32490.0,6814194.951948089,5.0562268073172535e-05,51.599999999997294,0.0,323.1023410183034,323.08231301744013
32500.0,6814190.658070446,5.018362085868467e-05,51.59999999999729,0.0,323.42399473557697,323.4037984529281
32510.0,6814186.364191551,4.9803392511919306e-05,51.59999999999723,0.0,323.7456500506587,323.72528272255664
32520.0,6814182.070311546,4.942159501412572e-05,51.599999999997394,0.0,324.0673069949282,324.0467657884325
32530.0,6814177.776430517,4.903824039593857e-05,51.599999999997436,0.0,324.38896559757285,324.36824761487276
32540.0,6814173.482548535,4.865334073383717e-05,51.59999999999754,0.0,324.710625898543,324.689728155454
32550.0,6814169.188665735,4.826690816077984e-05,51.599999999997586,0.0,325.03228792402155,325.01120737754843
32560.0,6814164.894782118,4.787895484526809e-05,51.59999999999756,0.0,325.3539517203477,325.3326852283891
32570.0,6814160.600897851,4.7489493019159974e-05,51.59999999999757,0.0,325.67561731734276,325.6541616717734
32580.0,6814156.307013014,4.709853495144329e-05,51.59999999999752,0.0,325.99728475542594,325.97563666090394
32590.0,6814152.013127716,4.6706092966115136e-05,51.599999999997486,0.0,326.3189540743645,326.2971101496771
32600.0,6814147.719241911,4.631217941514581e-05,51.59999999999753,0.0,326.64062532674717,326.61858207919175
32610.0,6814143.4253557995,4.591680672049445e-05,51.59999999999746,0.0,326.9622985462373,326.9400524095029
32620.0,6814139.131469357,4.55199873331203e-05,51.59999999999753,0.0,327.28397379290345,327.26152107428476
32630.0,6814134.837582659,4.51217337535765e-05,51.59999999999749,0.0,327.605651109807,327.58298802426236
32640.0,6814130.543695771,4.4722058528707234e-05,51.59999999999749,0.0,327.92733055390426,327.9044531962841
32650.0,6814126.249808719,4.4320974250148664e-05,51.59999999999749,0.0,328.24901218724733,328.2259165221428
32660.0,6814121.955921648,4.3918493561638e-05,51.59999999999752,0.0,328.5706960525847,328.54737795296444
32670.0,6814117.662034539,4.3514629133717125e-05,51.59999999999746,0.0,328.89238221448073,328.86883741810317
32680.0,6814113.368147484,4.3109393695293844e-05,51.59999999999749,0.0,329.21407074275857,329.19029484167635
32690.0,6814109.0742604975,4.270280000708265e-05,51.59999999999755,0.0,329.5357617029851,329.5117501520979
32700.0,6814104.780373674,4.2294860884208096e-05,51.59999999999751,0.0,329.85745515838823,329.83320328016003
32710.0,6814100.4864870515,4.188558917837562e-05,51.599999999997436,0.0,330.1791511846544,330.1546541442293
32720.0,6814096.192600666,4.1474997783358774e-05,51.59999999999756,0.0,330.50084986344586,330.4761026567361
32730.0,6814091.898714534,4.1063099627546565e-05,51.59999999999746,0.0,330.82255126691535,330.7975487396616
32740.0,6814087.604828749,4.0649907692395025e-05,51.59999999999746,0.0,331.14425547881837,331.11899230341965
32750.0,6814083.310943271,4.023543498912497e-05,51.599999999997436,0.0,331.46596259244944,331.4404332489299
32760.0,6814079.017058201,3.981969457865416e-05,51.59999999999737,0.0,331.7876726949352,331.76187148331206
32770.0,6814074.723173568,3.940269955811579e-05,51.59999999999735,0.0,332.1093858836296,332.0833069035088
32780.0,6814070.42928941,3.898446306299946e-05,51.59999999999731,0.0,332.43110225854275,332.4047394038383
32790.0,6814066.135405795,3.8564998272965944e-05,51.59999999999734,0.0,332.75282192099394,332.72616887737263
32800.0,6814061.841522725,3.814431839656305e-05,51.599999999997394,0.0,333.0745449886873,333.0475952008195
32810.0,6814057.547640249,3.7722436690506905e-05,51.59999999999738,0.0,333.39627157463605,333.3690182556608
32820.0,6814053.253758436,3.729936644789587e-05,51.59999999999743,0.0,333.7180017965964,333.6904379186186
32830.0,6814048.959877232,3.687512098865328e-05,51.59999999999742,0.0,334.0397357970048,334.011854041822
32840.0,6814044.665996742,3.644971368012879e-05,51.599999999997465,0.0,334.36147369059364,334.3332665051528
32850.0,6814040.372116915,3.602315791881366e-05,51.59999999999748,0.0,334.68321563694786,334.6546751436506
32860.0,6814036.078237864,3.5595467152695305e-05,51.59999999999749,0.0,335.0049617781894,334.9760798099216
32870.0,6814031.784359622,3.5166654850050374e-05,51.59999999999751,0.0,335.3267122644568,335.29748034857045
32880.0,6814027.490482158,3.4736734515156286e-05,51.59999999999749,0.0,335.6484672719846,335.61887657815527
32890.0,6814023.196605439,3.430571968870796e-05,51.599999999997465,0.0,335.9702269834886,335.9402683108093
32900.0,6814018.90272957,3.387362395219064e-05,51.59999999999746,0.0,336.2919915766446,336.26165536374066
32910.0,6814014.608854572,3.344046091813143e-05,51.59999999999735,0.0,336.61376124060763,336.58303754275937
32920.0,6814010.314980409,3.3006244227554266e-05,51.59999999999732,0.0,336.93553619536584,336.90441462287384
32930.0,6814006.021107175,3.2570987565389466e-05,51.59999999999725,0.0,337.25731664438484,337.2257863956801
32940.0,6814001.727234902,3.213470464334937e-05,51.599999999997294,0.0,337.5791028227693,337.5471526211617
32950.0,6813997.433363533,3.169740919595886e-05,51.59999999999731,0.0,337.9008949714104,337.86851305359323
32960.0,6813993.139493109,3.125911500101313e-05,51.59999999999734,0.0,338.22269335883385,338.1898674196718
32970.0,6813988.845623608,3.081983585977761e-05,51.59999999999726,0.0,338.5444982534246,338.51121544625863
32980.0,6813984.551755135,3.0379585620798564e-05,51.59999999999723,0.0,338.86630994194127,338.83255684194154
32990.0,6813980.257887635,2.9938378142482046e-05,51.599999999997195,0.0,339.1881287419594,339.15389128452483
33000.0,6813975.964021103,2.9496227323472983e-05,51.5999999999972,0.0,339.5099549929715,339.4752184299442
33010.0,6813971.670155587,2.905314709525929e-05,51.59999999999716,0.0,339.8317890297234,339.7965379389414
33020.0,6813967.37629102,2.8609151407095696e-05,51.59999999999709,0.0,340.153631230798,340.11784942849414
33030.0,6813963.082427453,2.8164254245784663e-05,51.59999999999712,0.0,340.47548199607195,340.43915249434093
33040.0,6813958.78856486,2.771846962613911e-05,51.59999999999706,0.0,340.7973417466937,340.76044671098805
33050.0,6813954.494703224,2.7271811583082606e-05,51.59999999999714,0.0,341.1192109537602,341.0817316030707
33060.0,6813950.20084259,2.6824294192865008e-05,51.59999999999722,0.0,341.4410900818023,341.4030067018586
33070.0,6813945.906982918,2.6375931543281282e-05,51.59999999999719,0.0,341.762979664224,341.7242714697847
33080.0,6813941.613124133,2.5926737752731134e-05,51.599999999997074,0.0,342.0848802631191,342.04552534066823
33090.0,6813937.319266327,2.547672698023336e-05,51.59999999999706,0.0,342.4067924742405,342.36676771472276
33100.0,6813933.025409429,2.502591338911339e-05,51.59999999999705,0.0,342.7287169329824,342.6879979525981
33110.0,6813928.7315534875,2.4574311185784462e-05,51.59999999999711,0.0,343.0506543351584,343.0092153545777
33120.0,6813924.437698344,2.4121934577571858e-05,51.59999999999711,0.0,343.37260544075207,343.330419156817
33130.0,6813920.143844068,2.366879782022118e-05,51.59999999999712,0.0,343.6945710419509,343.65160856336297
33140.0,6813915.849990582,2.3214915182441462e-05,51.599999999997166,0.0,344.01655202773065,343.9727826815422
33150.0,6813911.556137861,2.2760300952013458e-05,51.59999999999724,0.0,344.33854932055726,344.29394058522496
33160.0,6813907.262285907,2.23049694528783e-05,51.59999999999727,0.0,344.6605639459184,344.61508124532975
33170.0,6813902.968434556,2.184893500934307e-05,51.59999999999727,0.0,344.9825970275865,344.9362035345769
33180.0,6813898.674583869,2.1392211989549586e-05,51.599999999997436,0.0,345.3046497602207,345.257306254858
33190.0,6813894.3807337405,2.0934814771522972e-05,51.599999999997436,0.0,345.62672346566205,345.57838808093805
33200.0,6813890.086884074,2.0476757750875273e-05,51.59999999999749,0.0,345.94881958094646,345.89944757246536
33210.0,6813885.793034839,2.001805535456559e-05,51.59999999999745,0.0,346.27093967835515,346.2204831539047
33220.0,6813881.499185974,1.955872202348783e-05,51.5999999999974,0.0,346.5930854837494,346.5414930961961
33230.0,6813877.205337364,1.909877221400737e-05,51.59999999999745,0.0,346.9152588803346,346.86247551303546
33240.0,6813872.911488926,1.8638220407310563e-05,51.59999999999746,0.0,347.2374619488593,347.18342832061956
33250.0,6813868.617640491,1.8177081087195486e-05,51.59999999999757,0.0,347.55969699009955,347.50434921519377
33260.0,6813864.323792062,1.771536878248163e-05,51.59999999999761,0.0,347.88196653559663,347.825235662304
33270.0,6813860.02994343,1.725309801291708e-05,51.59999999999745,0.0,348.204273411932,348.1460848325302
33280.0,6813855.736094416,1.679028332068296e-05,51.59999999999738,0.0,348.52662075443277,348.4668935877717
33290.0,6813851.442244908,1.6326939274555472e-05,51.59999999999748,0.0,348.8490120665783,348.7876584218267
33300.0,6813847.148394751,1.5863080449727782e-05,51.599999999997486,0.0,349.17145123008845,349.1083754503721
33310.0,6813842.854543746,1.539872143725837e-05,51.599999999997564,0.0,349.4939426516834,349.4290402641162
33320.0,6813838.560691669,1.4933876839731908e-05,51.59999999999758,0.0,349.8164912643285,349.7496479276084
33330.0,6813834.266838286,1.4468561275758712e-05,51.59999999999748,0.0,350.139102655845,350.0701928505917
33340.0,6813829.972983329,1.4002789371539632e-05,51.599999999997394,0.0,350.4617831475524,350.39066870944055
33350.0,6813825.679126538,1.3536575771406398e-05,51.599999999997316,0.0,350.7845399574505,350.7110682838318
33360.0,6813821.385267588,1.3069935126297124e-05,51.599999999997436,0.0,351.1073813499483,351.0313833071854
33370.0,6813817.091406108,1.260288209709037e-05,51.59999999999742,0.0,351.43031680708606,351.35160429533545
33380.0,6813812.797541648,1.213543134536745e-05,51.599999999997394,0.0,351.75335729748053,351.6717202775863
33390.0,6813808.503673853,1.1667597558681714e-05,51.59999999999749,0.0,352.07651555902106,351.9917185140849
33400.0,6813804.209802146,1.1199395411407761e-05,51.59999999999757,0.0,352.3998064701008,352.3115841245244
33410.0,6813799.915925972,1.0730839591161776e-05,51.59999999999753,0.0,352.7232475236598,352.63129961411244
33420.0,6813795.622044641,1.0261944782447116e-05,51.59999999999738,0.0,353.0468594412135,352.95084425958015
33430.0,6813791.328157408,9.792725675851726e-06,51.599999999997394,0.0,353.37066692661654,353.2701933553889
33440.0,6813787.03426345,9.323196963520055e-06,51.599999999997316,0.0,353.69469969007986,353.5893171897171
33450.0,6813782.740361698,8.853373322494796e-06,51.599999999997294,0.0,354.0189937961448,353.90817969647776
33460.0,6813778.446451021,8.38326943064867e-06,51.59999999999734,0.0,354.343593400666,354.2267367183678
33470.0,6813774.152530035,7.912899945286149e-06,51.599999999997294,0.0,354.6685532090055,354.54493354861665
33480.0,6813769.858597013,7.442279501504487e-06,51.59999999999731,0.0,354.9939418371041,354.8627015699683
33490.0,6813765.564650058,6.9714227222926456e-06,51.59999999999722,0.0,355.31984647006755,355.17995359608693
33500.0,6813761.270686856,6.5003441903624105e-06,51.59999999999737,0.0,355.6463796209672,355.4965771127424
33510.0,6813756.9767043395,6.0290584196342604e-06,51.59999999999731,0.0,355.97368910475546,355.81242430388005
33520.0,6813752.68269891,5.5575798748921175e-06,51.599999999997365,0.0,356.3019730104769,356.1272970794401
33530.0,6813748.388665966,5.085922918686598e-06,51.599999999997216,0.0,356.631502992025,356.44092378460374
33540.0,6813744.094599535,4.6141017838740175e-06,51.59999999999727,0.0,356.96266205745974,356.75292141045327
33550.0,6813739.8004916925,4.142130496922842e-06,51.59999999999713,0.0,357.2960079750543,357.0627321879169
33560.0,6813735.50633163,3.6700227975785807e-06,51.59999999999713,0.0,357.6323858812507,357.3695109798543
33570.0,6813731.212104028,3.197791972851609e-06,51.59999999999712,0.0,357.97314064950143,357.6719129121756
33580.0,6813726.917786327,2.7254505788560666e-06,51.59999999999719,0.0,358.32055020892926,357.96766005519294
33590.0,6813722.623342813,2.2530098627041887e-06,51.599999999997046,0.0,358.6788045795115,358.2525623884652
33600.0,6813718.328712534,1.7804786337386327e-06,51.59999999999713,0.0,359.05654463908894,358.5179790337405
33610.0,6813714.033777324,1.307860302526871e-06,51.599999999997145,0.0,359.4749086190108,358.7427717593546
33620.0,6813709.73825652,8.351438797217684e-07,51.59999999999717,0.0,0.00292277022421495,358.8579143141942
33630.0,6813705.441124162,3.6226256362177083e-07,51.599999999997145,0.0,1.070331074488302,358.4336627160079
33640.0,6813701.161585562,1.0916207213685598e-07,51.59999999999731,0.0,175.69912508504225,184.4480254117942
33650.0,6813696.875025536,5.806840268433287e-07,51.59999999999726,0.0,179.57561814706705,181.21468905624366
33660.0,6813692.583891696,1.052923318398041e-06,51.5999999999972,0.0,180.26604741688436,181.16741649307852
33670.0,6813688.29182224,1.5252494316080128e-06,51.59999999999709,0.0,180.72812774883872,181.34849286809686
33680.0,6813683.999335618,1.9975786503634716e-06,51.599999999996996,0.0,181.12379522409978,181.59598210033096
33690.0,6813679.706612464,2.4698734391161695e-06,51.59999999999684,0.0,181.49114356127416,181.87179047145852
33700.0,6813675.413737459,2.9421086095609225e-06,51.59999999999694,0.0,181.84380878026636,182.16228196194362
33710.0,6813671.12075689,3.4142637497963564e-06,51.59999999999707,0.0,182.18788289807466,182.46136455522168
33720.0,6813666.827699081,3.886320635338884e-06,51.59999999999719,0.0,182.52649711880272,182.76590704770345
33730.0,6813662.534582557,4.358262230378706e-06,51.5999999999971,0.0,182.86142572710148,183.07413515532014
33740.0,6813658.24142005,4.830072187323186e-06,51.59999999999723,0.0,183.19374929502615,183.38496830670124
33750.0,6813653.948220818,5.301734575148594e-06,51.599999999997145,0.0,183.5241635271531,183.6977107979984
33760.0,6813649.654991596,5.7732337591060775e-06,51.599999999997195,0.0,183.8531366309251,184.01189442260176
33770.0,6813645.361737621,6.244554287000527e-06,51.599999999997294,0.0,184.1809952702944,184.32719251744135
33780.0,6813641.068462984,6.715680843668243e-06,51.599999999997316,0.0,184.50797428428044,184.643370244472
33790.0,6813636.775170843,7.186598228153945e-06,51.59999999999738,0.0,184.83424687533375,184.96025440229116
33800.0,6813632.481863819,7.657291303325359e-06,51.599999999997436,0.0,185.1599435497133,185.27771448576516
33810.0,6813628.188544101,8.127744999482736e-06,51.599999999997436,0.0,185.48516451525876,185.5956502882428
33820.0,6813623.895213504,8.597944287511466e-06,51.59999999999743,0.0,185.80998800958645,185.91398357339358
33830.0,6813619.601873379,9.067874201653622e-06,51.59999999999738,0.0,186.1344760154154,186.2326523598424
33840.0,6813615.308525088,9.537519785666752e-06,51.59999999999741,0.0,186.4586782363421,186.5516069454141
33850.0,6813611.015169698,1.0006866125354914e-05,51.59999999999722,0.0,186.78263502711965,186.87080697684289
33860.0,6813606.721808173,1.0475898327404404e-05,51.59999999999725,0.0,187.10637947836818,187.19021936510325
33870.0,6813602.428441226,1.0944601533176465e-05,51.599999999997166,0.0,187.42993900656148,187.50981669535685
33880.0,6813598.135069605,1.1412960896114266e-05,51.5999999999972,0.0,187.75333647812135,187.8295761029063
33890.0,6813593.841693931,1.1880961591372483e-05,51.59999999999726,0.0,188.07659114210537,188.14947834048408
33900.0,6813589.548314752,1.2348588812572033e-05,51.59999999999737,0.0,188.39971932536133,188.4695070831121
33910.0,6813585.254932447,1.2815827786363519e-05,51.599999999997365,0.0,188.7227349620365,188.78964839858546
33920.0,6813580.961547518,1.3282663739526597e-05,51.59999999999738,0.0,189.0456499870973,189.10989035396327
33930.0,6813576.6681602765,1.3749081925999965e-05,51.59999999999749,0.0,189.3684747348959,189.4302226169716
33940.0,6813572.374771104,1.4215067617258937e-05,51.59999999999746,0.0,189.69121813589058,189.75063625931202
33950.0,6813568.081380315,1.4680606092356752e-05,51.59999999999735,0.0,190.01388801132245,190.0711234619841
33960.0,6813563.7879881095,1.5145682666352011e-05,51.5999999999974,0.0,190.33649119739232,190.39167739110428
33970.0,6813559.494594796,1.5610282650287972e-05,51.59999999999727,0.0,190.6590337120885,190.71229203104878
33980.0,6813555.20120053,1.60743913939879e-05,51.599999999997294,0.0,190.98152087094263,191.03296206873605
33990.0,6813550.9078056,1.6537994244717936e-05,51.59999999999725,0.0,191.30395737244143,191.35368280820884
34000.0,6813546.614410208,1.700107657503831e-05,51.59999999999734,0.0,191.62634741206998,191.6744500565753
34010.0,6813542.3210143605,1.7463623790433948e-05,51.59999999999728,0.0,191.94869475341784,191.99526005289755
34020.0,6813538.027618273,1.792562129943304e-05,51.59999999999732,0.0,192.27100273314494,192.31610946323804
34030.0,6813533.734222112,1.8387054531207744e-05,51.59999999999743,0.0,192.59327435391597,192.636995287767
34040.0,6813529.440825966,1.884790893540576e-05,51.59999999999723,0.0,192.91551233926435,192.95791480581002
34050.0,6813525.1474299375,1.9308169985503367e-05,51.59999999999714,0.0,193.23771912503733,193.278865584459
34060.0,6813520.854034132,1.9767823167490815e-05,51.59999999999708,0.0,193.5598969383672,193.5998453995927
34070.0,6813516.560638652,2.0226853990654366e-05,51.59999999999691,0.0,193.8820477881086,193.9208522454425
34080.0,6813512.267243656,2.0685247978603305e-05,51.59999999999685,0.0,194.20417349421706,194.2418843051862
34090.0,6813507.97384911,2.1142990689006527e-05,51.599999999996804,0.0,194.5262757436073,194.56293989513878
34100.0,6813503.680455078,2.160006769599882e-05,51.599999999996754,0.0,194.84835605797258,194.88401749688578
34110.0,6813499.38706166,2.2056464589842787e-05,51.599999999996804,0.0,195.17041582851675,195.20511572256757
34120.0,6813495.093668891,2.2512166990687738e-05,51.59999999999673,0.0,195.4924563305525,195.526233300295
34130.0,6813490.800276819,2.2967160532542597e-05,51.59999999999679,0.0,195.81447875273724,195.84736904489526
34140.0,6813486.50688555,2.342143087391298e-05,51.599999999996726,0.0,196.13648416616547,196.16852188881901
34150.0,6813482.213495129,2.3874963694740987e-05,51.599999999996875,0.0,196.45847357265265,196.48969083386385
34160.0,6813477.920105456,2.4327744721973115e-05,51.599999999996804,0.0,196.78044789056486,196.81087496535014
34170.0,6813473.62671663,2.4779759675452018e-05,51.59999999999677,0.0,197.1024080024893,197.1320734044277
34180.0,6813469.333328685,2.5230994315548348e-05,51.59999999999676,0.0,197.42435466447824,197.45328539884147
34190.0,6813465.039941614,2.568143442388324e-05,51.59999999999664,0.0,197.74628862471982,197.77451020426977
34200.0,6813460.746555538,2.61310657965069e-05,51.59999999999669,0.0,198.06821056065837,198.09574714721828
34210.0,6813456.453170355,2.6579874279999495e-05,51.59999999999657,0.0,198.3901211165511,198.41699558741877
34220.0,6813452.15978606,2.702784573335654e-05,51.59999999999658,0.0,198.71202088228827,198.73825493902356
34230.0,6813447.866402802,2.7474966030135058e-05,51.59999999999652,0.0,199.03391039970754,199.05952466433882
34240.0,6813443.573020476,2.7921221093633696e-05,51.599999999996555,0.0,199.35579019225278,199.38080424407994
34250.0,6813439.2796391295,2.8366596859706647e-05,51.599999999996456,0.0,199.67766073949997,199.7020932029123
34260.0,6813434.986258766,2.8811079296992047e-05,51.59999999999649,0.0,199.99952249308808,200.02339109351087
34270.0,6813430.6928793425,2.9254654401597267e-05,51.59999999999653,0.0,200.32137587798434,200.3446974952518
34280.0,6813426.399500929,2.9697308198902028e-05,51.59999999999655,0.0,200.64322128516972,200.66601202157077
34290.0,6813422.106123469,3.0139026741687366e-05,51.59999999999658,0.0,200.96505909373556,200.9873342978359
34300.0,6813417.812747008,3.057979611453576e-05,51.599999999996605,0.0,201.28688963979917,201.30866399248848
34310.0,6813413.51937149,3.101960243288028e-05,51.5999999999967,0.0,201.6087132645616,201.6300007689145
34320.0,6813409.22599692,3.1458431844311635e-05,51.59999999999678,0.0,201.93053027455818,201.95134432519987
34330.0,6813404.932623229,3.189627052498913e-05,51.59999999999677,0.0,202.25234097008962,202.27269436576978
34340.0,6813400.639250479,3.2333104672959364e-05,51.59999999999681,0.0,202.5741456270984,202.59405061943153
34350.0,6813396.345878599,3.2768920535859245e-05,51.599999999996825,0.0,202.89594449809286,202.91541283848076
34360.0,6813392.052507585,3.320370438454867e-05,51.59999999999681,0.0,203.21773783385052,203.23678077701862
34370.0,6813387.759137429,3.3637442517293645e-05,51.599999999996754,0.0,203.5395258664666,203.5581542078647
34380.0,6813383.46576812,3.407012127026155e-05,51.59999999999684,0.0,203.86130882017127,203.87953291174992
34390.0,6813379.172399624,3.4501727017564694e-05,51.59999999999681,0.0,204.18308690226505,204.20091668641152
34400.0,6813374.879031927,3.493224616225164e-05,51.59999999999676,0.0,204.50486030597932,204.52230534368536
34410.0,6813370.585664975,3.536166514214091e-05,51.599999999996626,0.0,204.82662923010858,204.8436986899052
34420.0,6813366.292298746,3.5789970432102805e-05,51.599999999996626,0.0,205.1483938471148,205.16509655779385
34430.0,6813361.998933224,3.6217148538618155e-05,51.599999999996605,0.0,205.47015432880082,205.48649878076523
34440.0,6813357.705568403,3.664318600246971e-05,51.5999999999966,0.0,205.79191083761376,205.8079052016411
34450.0,6813353.412204218,3.7068069406911436e-05,51.599999999996584,0.0,206.11366352858786,206.12931567072022
34460.0,6813349.118840644,3.7491785366065215e-05,51.59999999999653,0.0,206.4354125546925,206.45073004039898
34470.0,6813344.825477644,3.791432053353676e-05,51.59999999999655,0.0,206.7571580486203,206.7721481833945
34480.0,6813340.532115209,3.8335661598168975e-05,51.599999999996605,0.0,207.07890014560536,207.09356996995453
34490.0,6813336.238753293,3.8755795288042504e-05,51.599999999996705,0.0,207.40063897607016,207.41499527515717
34500.0,6813331.945391837,3.917470837303154e-05,51.599999999996584,0.0,207.72237465288833,207.73642399168432
34510.0,6813327.652030772,3.959238765850087e-05,51.59999999999654,0.0,208.04410730416603,208.05785599701736
34520.0,6813323.358670182,4.000881997737153e-05,51.599999999996555,0.0,208.36583703068035,208.37929119603857
34530.0,6813319.065309898,4.0423992222201465e-05,51.59999999999666,0.0,208.68756394955207,208.70072947730029
34540.0,6813314.771949931,4.083789131256576e-05,51.59999999999667,0.0,209.00928815463269,209.022170752679
34550.0,6813310.478590198,4.12505042145012e-05,51.59999999999661,0.0,209.33100975012673,209.34361492374364
34560.0,6813306.185230674,4.166181792942603e-05,51.59999999999658,0.0,209.65272882695496,209.66506190538314
34570.0,6813301.891871283,4.207181950165382e-05,51.599999999996584,0.0,209.97444548265977,209.9865116058905
34580.0,6813297.598512043,4.2480496013788846e-05,51.599999999996555,0.0,210.2961597913075,210.30796395708296
34590.0,6813293.305152881,4.2887834593835405e-05,51.59999999999652,0.0,210.61787184050078,210.6294188773182
34600.0,6813289.011793728,4.329382241387116e-05,51.5999999999965,0.0,210.93958171346955,210.9508762893126
34610.0,6813284.718434553,4.369844668345283e-05,51.59999999999664,0.0,211.26128948729914,211.27233612195602
34620.0,6813280.425075215,4.4101694666191727e-05,51.59999999999664,0.0,211.5829952366451,211.5937983066595
34630.0,6813276.131715719,4.450355365506122e-05,51.599999999996676,0.0,211.90469903313956,211.91526277785076
34640.0,6813271.838355997,4.490401099063427e-05,51.59999999999673,0.0,212.22640094225792,212.2367294761628
34650.0,6813267.544995962,4.5303054065793587e-05,51.59999999999675,0.0,212.54810103228934,212.55819833943085
34660.0,6813263.25163556,4.570067031073233e-05,51.59999999999672,0.0,212.8697993701617,212.87966930691647
34670.0,6813258.958274732,4.609684719733876e-05,51.599999999996726,0.0,213.19149601501354,213.20114232568906
34680.0,6813254.66491338,4.649157225415718e-05,51.59999999999672,0.0,213.51319103263077,213.52261733620077
34690.0,6813250.371551458,4.6884833047129664e-05,51.599999999996676,0.0,213.83488447570468,213.84409429202765
34700.0,6813246.078188844,4.7276617192759403e-05,51.5999999999966,0.0,214.1565764045317,214.16557313915948
34710.0,6813241.784825534,4.766691234615888e-05,51.59999999999661,0.0,214.47826686682728,214.48705383622334
34720.0,6813237.491461381,4.805570622072424e-05,51.59999999999649,0.0,214.7999559173968,214.80853633475763
34730.0,6813233.198096333,4.8442986569448756e-05,51.599999999996484,0.0,215.12164361032836,215.1300205870483
34740.0,6813228.90473018,4.882874120760123e-05,51.59999999999638,0.0,215.44333000251535,215.4515065426294
34750.0,6813224.611362884,4.9212957979990144e-05,51.5999999999964,0.0,215.76501514157005,215.77299416031644
34760.0,6813220.317994364,4.959562478617826e-05,51.599999999996434,0.0,216.08669907087562,216.094483403187
34770.0,6813216.024624478,4.99767295790154e-05,51.599999999996434,0.0,216.4083818378509,216.4159742303129
34780.0,6813211.731253077,5.0356260361509564e-05,51.59999999999653,0.0,216.73006349704133,216.73746659364087
34790.0,6813207.437879987,5.073420518736142e-05,51.599999999996555,0.0,217.0517440915571,217.0589604566028
34800.0,6813203.144505091,5.1110552155230484e-05,51.59999999999652,0.0,217.37342366256965,217.3804557845758
34810.0,6813198.8511282,5.148528942202529e-05,51.59999999999655,0.0,217.69510226071608,217.70195253350792
34820.0,6813194.55774915,5.1858405190202846e-05,51.599999999996584,0.0,218.01677993098073,218.02345066499652
34830.0,6813190.264367684,5.222988772521377e-05,51.59999999999649,0.0,218.3384567229956,218.34495013602177
34840.0,6813185.97098356,5.259972533639217e-05,51.599999999996584,0.0,218.66013268546038,218.66645090451948
34850.0,6813181.677596555,5.296790638697456e-05,51.599999999996584,0.0,218.98180785854527,218.98795293697344
34860.0,6813177.3842063155,5.333441930428903e-05,51.59999999999658,0.0,219.30348230021758,219.30945618208517
34870.0,6813173.0908126095,5.369925255460936e-05,51.59999999999661,0.0,219.62515605268388,219.63096060431542
34880.0,6813168.7974149315,5.406239468249435e-05,51.59999999999673,0.0,219.94682917678378,219.9524661495373
34890.0,6813164.504012708,5.442383428767586e-05,51.59999999999679,0.0,220.2685017402817,220.27397275668
34900.0,6813160.210605576,5.478356000920366e-05,51.599999999996854,0.0,220.59017379172883,220.59548038393342
34910.0,6813155.917192666,5.514156058063025e-05,51.59999999999689,0.0,220.91184541872732,220.9169889504207
34920.0,6813151.623773215,5.549782477845291e-05,51.599999999996996,0.0,221.23351669701017,221.23849838717572
34930.0,6813147.330346089,5.585234146671892e-05,51.59999999999688,0.0,221.55518773102293,221.56000859649077
34940.0,6813143.036909913,5.620509958084951e-05,51.59999999999682,0.0,221.87685863884863,221.88151946706515
34950.0,6813138.743462993,5.655608813761745e-05,51.5999999999967,0.0,222.19852956130723,222.20303086485387
34960.0,6813134.450002759,5.690529628105935e-05,51.59999999999695,0.0,222.52020070547374,222.52454258959577
34970.0,6813130.1565258885,5.725271326645777e-05,51.59999999999673,0.0,222.8418723276356,222.8460543917693
34980.0,6813125.863027098,5.759832856457996e-05,51.59999999999667,0.0,223.16354483100224,223.16756587497622
34990.0,6813121.569498387,5.794213191357719e-05,51.59999999999669,0.0,223.48521881312382,223.4890764484761
35000.0,6813117.27592583,5.828411357782917e-05,51.59999999999673,0.0,223.80689530928336,223.8105850837967
35010.0,6813112.982282156,5.862426492198701e-05,51.59999999999678,0.0,224.12857633490398,224.1320897723442
35020.0,6813108.688501246,5.896258041312687e-05,51.59999999999667,0.0,224.4502667817234,224.4535856291843
35030.0,6813104.394327923,5.9299069349541276e-05,51.599999999996726,0.0,224.77198559820042,224.77505371268234
35040.0,6813100.10076571,5.963364333064361e-05,51.599999999996676,0.0,225.09365695088718,225.0965698631122
35050.0,6813095.808404732,5.99662446613271e-05,51.59999999999664,0.0,225.41523890871147,225.4181760183786
35060.0,6813091.515432882,6.029700428933317e-05,51.59999999999664,0.0,225.73686663711678,225.73973701986475
35070.0,6813087.2223169245,6.0625875584880814e-05,51.5999999999967,0.0,226.0585049341663,226.06128807632325
35080.0,6813082.929133824,6.095284223200096e-05,51.59999999999664,0.0,226.38014796343776,226.38283503099413
35090.0,6813078.635911262,6.127789178747337e-05,51.59999999999679,0.0,226.70179361918414,226.70437999644957
35100.0,6813074.34266239,6.160101299712987e-05,51.59999999999672,0.0,227.02344090484402,227.02592397605937
35110.0,6813070.049394409,6.19221951240172e-05,51.599999999996854,0.0,227.3450892766675,227.34746752039686
35120.0,6813065.756111755,6.224142770034784e-05,51.599999999996776,0.0,227.66673839899872,227.66901097191848
35130.0,6813061.462817393,6.255870043672775e-05,51.59999999999676,0.0,227.9883880524345,227.9905545568191
35140.0,6813057.169513267,6.287400318576996e-05,51.59999999999678,0.0,228.3100380963496,228.31209842252156
35150.0,6813052.876200774,6.318732589603224e-05,51.59999999999673,0.0,228.6316884289994,228.63364267756057
35160.0,6813048.582881059,6.349865860692515e-05,51.59999999999689,0.0,228.95333897381167,228.9551874052867
35170.0,6813044.289554864,6.380799144455863e-05,51.59999999999695,0.0,229.27498967880618,229.27673266442386
35180.0,6813039.996222787,6.411531461176625e-05,51.599999999996896,0.0,229.5966405073993,229.59827849833846
35190.0,6813035.702885321,6.44206183824675e-05,51.599999999996896,0.0,229.91829142981297,229.9198249435285
35200.0,6813031.409542816,6.472389310420922e-05,51.59999999999694,0.0,230.23994242739667,230.24137202540317
35210.0,6813027.116195594,6.502512918947151e-05,51.59999999999687,0.0,230.56159348274008,230.56291976807486
35220.0,6813022.822843916,6.53243171220919e-05,51.59999999999698,0.0,230.8832445854468,230.88446818864958
35230.0,6813018.529488023,6.562144745030287e-05,51.59999999999716,0.0,231.20489572391074,231.20601730541443
35240.0,6813014.236127954,6.591651079985391e-05,51.59999999999716,0.0,231.52654690191568,231.5275671212598
35250.0,6813009.942763889,6.620949785544623e-05,51.59999999999709,0.0,231.84819811383,231.84911764848104
35260.0,6813005.649395988,6.650039936416333e-05,51.59999999999714,0.0,232.16984935594726,232.1706688974353
35270.0,6813001.3560242355,6.678920615651398e-05,51.59999999999716,0.0,232.49150063611864,232.4922208668796
35280.0,6812997.062648813,6.7075909110277e-05,51.59999999999725,0.0,232.8131519480717,232.81377356969878
35290.0,6812992.769269774,6.73604991793053e-05,51.59999999999728,0.0,233.13480329486936,233.13532700940092
35300.0,6812988.475887159,6.7642967389011e-05,51.59999999999726,0.0,233.4564546809974,233.45688118808232
35310.0,6812984.182500908,6.792330483310985e-05,51.59999999999719,0.0,233.77810611656525,233.77843610217406
35320.0,6812979.8891110625,6.820150266970479e-05,51.599999999997166,0.0,234.09975760614728,234.09999175359246
35330.0,6812975.595717804,6.847755211265136e-05,51.59999999999719,0.0,234.42140914197907,234.42154815664531
35340.0,6812971.302320989,6.875144446034097e-05,51.599999999997145,0.0,234.74306074143854,234.74310530040867
35350.0,6812967.008920704,6.90231710753152e-05,51.59999999999713,0.0,235.06471240480053,235.06466319104328
35360.0,6812962.715516882,6.929272338528269e-05,51.59999999999713,0.0,235.38636414383606,235.38622182320603
35370.0,6812958.42210965,6.956009288617094e-05,51.59999999999707,0.0,235.70801595329706,235.70778120854857
35380.0,6812954.128698872,6.982527115024165e-05,51.59999999999706,0.0,236.02966785099014,236.02934133563303
35390.0,6812949.835284662,7.008824980442127e-05,51.59999999999701,0.0,236.35131983524676,236.3509022124526
35400.0,6812945.541866965,7.034902056101013e-05,51.599999999997024,0.0,236.6729719139678,236.67246383743617
35410.0,6812941.248445784,7.060757519200871e-05,51.599999999996996,0.0,236.99462409364614,236.99402621037132
35420.0,6812936.955021038,7.086390554900113e-05,51.59999999999701,0.0,237.3162763864106,237.31558932538925
35430.0,6812932.66159277,7.111800354171008e-05,51.59999999999695,0.0,237.63792879480278,237.63715318615695
35440.0,6812928.368160978,7.136986115464538e-05,51.59999999999696,0.0,237.95958132381742,237.9587177938806
35450.0,6812924.074725581,7.161947044767552e-05,51.599999999996946,0.0,238.28123398332858,238.2802831448438
35460.0,6812919.781286632,7.18668235436439e-05,51.599999999997,0.0,238.60288677661336,238.60184924188303
35470.0,6812915.487844118,7.211191264010365e-05,51.59999999999706,0.0,238.92453970792027,238.9234160868471
35480.0,6812911.194397958,7.235473000927238e-05,51.59999999999706,0.0,239.2461927896173,239.2449836734253
35490.0,6812906.900948149,7.259526798931587e-05,51.5999999999969,0.0,239.56784602693253,239.56655200240695
35500.0,6812902.607494686,7.283351899535132e-05,51.59999999999699,0.0,239.8894994258499,239.8881210737715
35510.0,6812898.314037533,7.306947551027432e-05,51.59999999999707,0.0,240.21115299200028,240.2096908878651
35520.0,6812894.020576682,7.330313008986074e-05,51.59999999999696,0.0,240.53280672980753,240.53126144615592
35530.0,6812889.7271121545,7.353447536182314e-05,51.599999999997,0.0,240.8544606435968,240.85283275016678
35540.0,6812885.433643897,7.376350402891923e-05,51.59999999999709,0.0,241.17611474352597,241.17440479559872
35550.0,6812881.140171891,7.399020886264898e-05,51.599999999997074,0.0,241.49776903235744,241.49597758546784
35560.0,6812876.846696081,7.421458271313357e-05,51.599999999997024,0.0,241.81942351974578,241.81755111587725
35570.0,6812872.553216463,7.443661850489212e-05,51.59999999999693,0.0,242.14107821090826,242.13912538730003
35580.0,6812868.259733043,7.465630922616655e-05,51.59999999999699,0.0,242.46273310955593,242.46070040169053
35590.0,6812863.966245777,7.487364795032271e-05,51.59999999999697,0.0,242.78438822153566,242.78227615884168
35600.0,6812859.672754636,7.508862782352271e-05,51.599999999996996,0.0,243.10604355462186,243.1038526565415
35610.0,6812855.379259627,7.53012420496902e-05,51.599999999996925,0.0,243.42769911116747,243.42542989797082
35620.0,6812851.085760693,7.551148393151338e-05,51.59999999999698,0.0,243.74935490003398,243.74700787974828
35630.0,6812846.792257875,7.571934682186405e-05,51.599999999996854,0.0,244.07101092135366,244.06858660718873
35640.0,6812842.498751068,7.592482417775919e-05,51.59999999999691,0.0,244.39266718628636,244.39016607453522
35650.0,6812838.205240327,7.61279095002358e-05,51.59999999999696,0.0,244.71432369710885,244.711746284848
35660.0,6812833.911725658,7.632859638306165e-05,51.599999999996996,0.0,245.0359804540962,245.0333272431637
35670.0,6812829.618206914,7.652687849999972e-05,51.59999999999701,0.0,245.35763747282533,245.35490893914738
35680.0,6812825.324684213,7.672274958288989e-05,51.59999999999704,0.0,245.67929474780468,245.67649138348983
35690.0,6812821.031157467,7.691620345677112e-05,51.599999999997046,0.0,246.00095228831128,245.99807457206498
35700.0,6812816.737626718,7.710723400688712e-05,51.59999999999698,0.0,246.32261009536757,246.3196585089585
35710.0,6812812.444091908,7.729583520912488e-05,51.59999999999689,0.0,246.64426817763342,246.6412431905583
35720.0,6812808.150553026,7.748200110857654e-05,51.59999999999691,0.0,246.9659265369944,246.96282861997193
35730.0,6812803.857010101,7.766572582759163e-05,51.59999999999694,0.0,247.28758517603885,247.28441479955572
35740.0,6812799.563463059,7.784700356832038e-05,51.59999999999702,0.0,247.6092441017601,247.606001727221
35750.0,6812795.269911925,7.802582860240383e-05,51.599999999997024,0.0,247.9309033193344,247.92758940263153
35760.0,6812790.97635661,7.820219529613687e-05,51.599999999997046,0.0,248.25256283430048,248.24917782502337
35770.0,6812786.682797228,7.837609806645355e-05,51.599999999997074,0.0,248.57422264408828,248.57076700168489
35780.0,6812782.3892337335,7.854753142758907e-05,51.599999999997145,0.0,248.8958827519312,248.89235693408523
35790.0,6812778.0956661105,7.8716489965526e-05,51.59999999999716,0.0,249.2175431641279,249.21394762051924
35800.0,6812773.802094374,7.88829683452466e-05,51.5999999999972,0.0,249.53920388263862,249.53553906361032
35810.0,6812769.508518503,7.904696130532659e-05,51.59999999999727,0.0,249.86086491277288,249.85713126254274
35820.0,6812765.214938511,7.92084636697482e-05,51.59999999999732,0.0,250.18252625358025,250.17872422269792
35830.0,6812760.921354436,7.936747033188375e-05,51.599999999997294,0.0,250.50418790926946,250.5003179442615
35840.0,6812756.62776617,7.952397627741501e-05,51.599999999997316,0.0,250.82584988680605,250.8219124246071
35850.0,6812752.334173862,7.967797655459811e-05,51.599999999997344,0.0,251.14751217930547,251.14350767487522
35860.0,6812748.040577374,7.982946630735267e-05,51.59999999999731,0.0,251.46917479895953,251.46510368709087
35870.0,6812743.746976827,7.997844074309894e-05,51.59999999999726,0.0,251.79083773881862,251.78670047234957
35880.0,6812739.453372222,8.012489515307994e-05,51.599999999997294,0.0,252.11250100339177,252.108298030241
35890.0,6812735.159763548,8.026882490768193e-05,51.59999999999723,0.0,252.43416459643782,252.42989636101996
35900.0,6812730.86615075,8.041022546871184e-05,51.59999999999724,0.0,252.7558285229395,252.75149546366802
35910.0,6812726.572533975,8.05490923572974e-05,51.599999999997166,360.0,253.0774927752631,253.07309534972543
35920.0,6812722.278913193,8.06854211896431e-05,51.59999999999725,360.0,253.39915735592453,253.3946960205114
35930.0,6812717.985288417,8.08192076581156e-05,51.599999999997166,360.0,253.72082226922356,253.71629747549443
35940.0,6812713.691659701,8.0950447530586e-05,51.599999999997166,360.0,254.0424875114837,254.03789972207352
35950.0,6812709.398027083,8.107913665558874e-05,51.59999999999722,360.0,254.36415308533103,254.35950276126272
35960.0,6812705.104390589,8.120527096718712e-05,51.599999999997195,360.0,254.68581898853225,254.681106598873
35970.0,6812700.8107502675,8.132884647394796e-05,51.599999999997365,360.0,255.00748521961813,255.0027112398765
35980.0,6812696.517106173,8.1449859268925e-05,51.59999999999749,360.0,255.32915177871547,255.32431668762337
35990.0,6812692.223458316,8.156830552677482e-05,51.59999999999749,360.0,255.65081866674674,255.6459229445595
36000.0,6812687.929806834,8.168418149748115e-05,51.59999999999742,360.0,255.97248587557274,255.9675300221357
36010.0,6812683.636151761,8.179748351636168e-05,51.59999999999735,360.0,256.29415340509854,256.2891379237067
36020.0,6812679.342493137,8.190820800002208e-05,51.59999999999732,360.0,256.61582125592133,256.6107466518523
36030.0,6812675.048831094,8.201635143975961e-05,51.59999999999734,0.0,256.9374894191106,256.93235621861095
36040.0,6812670.755165681,8.21219104193719e-05,51.599999999997365,0.0,257.25915789231146,257.25396662938306
36050.0,6812666.461497,8.222488159383615e-05,51.59999999999719,0.0,257.5808266715011,257.5755778911702
36060.0,6812662.167825146,8.232526170486581e-05,51.599999999997074,0.0,257.90249575113626,257.8971900124316
36070.0,6812657.874150326,8.242304757183522e-05,51.59999999999701,0.0,258.2241651181009,258.2188030091166
36080.0,6812653.580472559,8.251823610076147e-05,51.59999999999699,0.0,258.5458347733521,258.5404168830321
36090.0,6812649.286792034,8.261082427276691e-05,51.59999999999697,0.0,258.8675047061459,258.8620316476135
36100.0,6812644.993108902,8.270080915951799e-05,51.59999999999711,0.0,259.1891749033562,259.18364731863045
36110.0,6812640.699423377,8.2788187904248e-05,51.599999999997216,0.0,259.51084535566935,259.5052639079402
36120.0,6812636.40573564,8.287295773990197e-05,51.59999999999727,0.0,259.83251604794503,259.8268814331651
36130.0,6812632.112045833,8.295511597842163e-05,51.599999999997294,0.0,260.15418697569527,260.1484999012141
36140.0,6812627.818354239,8.303466001393789e-05,51.59999999999724,0.0,260.47585811612095,260.47011933722786
36150.0,6812623.52466116,8.311158732411333e-05,51.59999999999735,0.0,260.79752945092207,260.7917397617585
36160.0,6812619.230966849,8.31858954666015e-05,51.59999999999748,0.0,261.119200962414,261.11336119471173
36170.0,6812614.9372715745,8.32575820821474e-05,51.59999999999742,0.0,261.4408726334066,261.43498365538875
36180.0,6812610.643575795,8.332664489358368e-05,51.59999999999743,0.0,261.7625444318768,261.75660717786656
36190.0,6812606.349879944,8.339308170806037e-05,51.59999999999752,0.0,262.0842163252496,262.07823179669083
36200.0,6812602.05618436,8.34568904146621e-05,51.599999999997486,0.0,262.40588829287935,262.39985753443017
36210.0,6812597.762489703,8.351806898280285e-05,51.59999999999749,0.0,262.72756028556245,262.7214844421118
36220.0,6812593.468796563,8.357661546549233e-05,51.59999999999737,0.0,263.04923226120496,263.0431125635772
36230.0,6812589.175105621,8.363252799765419e-05,51.599999999997436,0.0,263.3709041721811,263.36474194814775
36240.0,6812584.881417678,8.368580479997136e-05,51.59999999999745,0.0,263.69257595990206,263.68637265599887
36250.0,6812580.587733646,8.373644417081466e-05,51.599999999997486,0.0,264.01424755778334,264.00800475527404
36260.0,6812576.294054665,8.378444449392086e-05,51.599999999997564,0.0,264.33591888349866,264.3296383297454
36270.0,6812572.000381896,8.382980423552025e-05,51.599999999997614,0.0,264.6575898520211,264.65127346581556
36280.0,6812567.706716925,8.387252194233249e-05,51.599999999997564,0.0,264.9792603456499,264.9729102825092
36290.0,6812563.413061593,8.391259624527225e-05,51.5999999999976,0.0,265.3009302293304,265.2945489161118
36300.0,6812559.119418124,8.395002585666819e-05,51.59999999999754,0.0,265.62259933618606,265.6161895346468
36310.0,6812554.825789196,8.398480956973772e-05,51.599999999997614,0.0,265.9442674709066,265.9378323345195
36320.0,6812550.532178252,8.401694625836305e-05,51.59999999999767,0.0,266.26593437697085,266.25947757325207
36330.0,6812546.238589652,8.404643488070632e-05,51.59999999999788,0.0,266.5875997274689,266.581125578693
36340.0,6812541.945028956,8.407327447269665e-05,51.599999999997785,0.0,266.90926311030614,266.90277676378383
36350.0,6812537.651503628,8.409746415105218e-05,51.59999999999782,0.0,267.23092396695,267.2244316878316
36360.0,6812533.358023985,8.411900310872398e-05,51.59999999999785,0.0,267.55258152818226,267.54609112076395
36370.0,6812529.064604654,8.413789061684085e-05,51.599999999997856,0.0,267.87423470090505,267.86775615629233
36380.0,6812524.771267382,8.415412601722146e-05,51.59999999999788,0.0,268.1958818555999,268.1894284245124
36390.0,6812520.478047085,8.416770871997185e-05,51.599999999997856,0.0,268.5175203804754,268.51111053765237
36400.0,6812516.18500435,8.417863818857233e-05,51.59999999999787,0.0,268.83914573707233,268.8328070345876
36410.0,6812511.892259674,8.418691391811332e-05,51.599999999998,0.0,269.1607489006167,269.1545269404175
36420.0,6812507.600113635,8.419253536844005e-05,51.59999999999801,0.0,269.4823073538032,269.4762927726912
36430.0,6812503.309817301,8.419550169965281e-05,51.599999999998104,0.0,269.8037273733209,269.79819825489153
36440.0,6812499.041022427,8.41958047224198e-05,51.599999999998055,0.0,270.1235366886394,270.1217156576141
36450.0,6812494.742065005,8.419344858861729e-05,51.599999999998055,0.0,270.44560586643644,270.4429744142056
36460.0,6812490.445942362,8.418844077410682e-05,51.59999999999802,0.0,270.76746281761285,270.764446613704
36470.0,6812486.150563458,8.418078052532013e-05,51.59999999999804,0.0,271.0892641987521,271.08597559938255
36480.0,6812481.855533094,8.417046774863658e-05,51.59999999999804,0.0,271.4110396190265,271.4075317618597
36490.0,6812477.560704145,8.415750258636933e-05,51.59999999999807,0.0,271.73280010415385,271.72910407512774
36500.0,6812473.266005594,8.414188532860625e-05,51.59999999999801,0.0,272.05455097938375,272.0506872135509
36510.0,6812468.971397545,8.412361638091568e-05,51.59999999999799,0.0,272.37629523377666,272.3722781876262
36520.0,6812464.676855345,8.4102696252227e-05,51.599999999997976,0.0,272.6980347148699,272.69387514930725
36530.0,6812460.382362757,8.407912554892554e-05,51.59999999999791,0.0,273.01977064267123,273.0154768779666
36540.0,6812456.087908508,8.405290496690778e-05,51.59999999999781,0.0,273.34150386293254,273.3370825271912
36550.0,6812451.793484461,8.402403529528099e-05,51.59999999999786,0.0,273.6632349915381,273.6586914803513
36560.0,6812447.499084447,8.399251740608977e-05,51.599999999997934,0.0,273.984964488101,273.98030327698757
36570.0,6812443.2047038525,8.395835226358358e-05,51.59999999999788,0.0,274.30669270429854,274.30191756452496
36580.0,6812438.910338922,8.392154091325852e-05,51.59999999999781,0.0,274.62841992067627,274.6235340614325
36590.0,6812434.615986761,8.388208448843591e-05,51.59999999999786,0.0,274.9501463580299,274.9451525458646
36600.0,6812430.321645029,8.383998420733116e-05,51.5999999999979,0.0,275.2718721920611,275.26677284099907
36610.0,6812426.027311858,8.379524137394078e-05,51.59999999999787,0.0,275.5935975697886,275.5883947985836
36620.0,6812421.732985513,8.3747857374436e-05,51.599999999997955,0.0,275.91532261972503,275.91001828884987
36630.0,6812417.438664759,8.369783368144312e-05,51.59999999999811,0.0,276.2370474389138,276.2316432133867
36640.0,6812413.144348274,8.364517184823466e-05,51.59999999999798,0.0,276.5587721263417,276.5532694717723
36650.0,6812408.850035171,8.358987351562484e-05,51.599999999997905,0.0,276.88049675282235,276.87489699168333
36660.0,6812404.555724625,8.353194040606515e-05,51.5999999999978,0.0,277.20222138206185,277.19652570783205
36670.0,6812400.261415844,8.347137432567727e-05,51.5999999999978,0.0,277.5239460745504,277.5181555580726
36680.0,6812395.967108221,8.34081771662638e-05,51.599999999997685,0.0,277.8456708809279,277.8397864900414
36690.0,6812391.672801272,8.334235090029296e-05,51.599999999997785,0.0,278.16739583796215,278.16141846516274
36700.0,6812387.378494389,8.327389758400987e-05,51.5999999999977,0.0,278.4891209949638,278.4830514322349
36710.0,6812383.084187105,8.320281935669079e-05,51.599999999997635,0.0,278.8108463889419,278.8046853523103
36720.0,6812378.789879154,8.312911844480402e-05,51.59999999999772,0.0,279.13257204384144,279.12632019940645
36730.0,6812374.495570104,8.305279714821155e-05,51.59999999999768,0.0,279.4542979912877,279.44795593979626
36740.0,6812370.201259718,8.297385786061011e-05,51.59999999999753,0.0,279.77602425521246,279.7695925473983
36750.0,6812365.906947616,8.289230305204241e-05,51.5999999999974,0.0,280.0977508636691,280.09122999190396
36760.0,6812361.612633677,8.280813527474771e-05,51.599999999997394,0.0,280.419477829739,280.4128682579047
36770.0,6812357.31831757,8.272135716949184e-05,51.59999999999731,360.0,280.7412051820146,280.7345073144318
36780.0,6812353.0239991695,8.263197145326427e-05,51.599999999997394,360.0,281.0629329329014,281.0561471466069
36790.0,6812348.729678203,8.253998092747925e-05,51.59999999999712,360.0,281.3846611040758,281.3777877302318
36800.0,6812344.435354578,8.244538847708557e-05,51.59999999999717,0.0,281.7063897051536,281.6994290530887
36810.0,6812340.141028135,8.234819706838882e-05,51.5999999999972,0.0,282.0281187537097,282.02107109491544
36820.0,6812335.846698765,8.224840974946746e-05,51.599999999997195,0.0,282.3498482590925,282.3427138436424
36830.0,6812331.5523662865,8.214602964957814e-05,51.599999999997294,0.0,282.67157823701075,282.66435728072105
36840.0,6812327.258030596,8.20410599774079e-05,51.59999999999722,0.0,282.9933086968225,282.9860013939264
36850.0,6812322.963691586,8.193350403155867e-05,51.59999999999717,0.0,283.31503965139416,283.3076461674399
36860.0,6812318.669349199,8.182336518703059e-05,51.59999999999724,0.0,283.63677111001897,283.6292915889354
36870.0,6812314.375003327,8.171064690257849e-05,51.59999999999727,0.0,283.9585030814511,283.95093764658355
36880.0,6812310.080653873,8.159535271278932e-05,51.59999999999725,0.0,284.28023557661845,284.27258432628383
36890.0,6812305.786300773,8.147748624130359e-05,51.59999999999728,0.0,284.60196860376743,284.59423161656844
36900.0,6812301.491944058,8.135705119096457e-05,51.59999999999726,0.0,284.92370216412394,284.9158795129014
36910.0,6812297.19758358,8.123405134017891e-05,51.59999999999729,360.0,285.2454362709287,285.2375279986906
36920.0,6812292.903219318,8.110849055258572e-05,51.59999999999726,0.0,285.5671709292376,285.5591770654659
36930.0,6812288.60885119,8.098037277421381e-05,51.59999999999728,360.0,285.888906149838,285.88082669893447
36940.0,6812284.314479162,8.084970202810592e-05,51.59999999999719,360.0,286.2106419377952,286.2024768904808
36950.0,6812280.020103247,8.07164824227751e-05,51.59999999999719,360.0,286.53237829532316,286.5241276342536
36960.0,6812275.725723279,8.058071813858826e-05,51.599999999997365,360.0,286.8541152349701,286.8457789140216
36970.0,6812271.43133937,8.044241344394726e-05,51.5999999999974,360.0,287.17585275657376,287.16743072618044
36980.0,6812267.136951445,8.030157268940983e-05,51.59999999999738,360.0,287.4975908688672,287.4890830582061
36990.0,6812262.842559413,8.01582002947372e-05,51.59999999999737,360.0,287.8193295802399,287.81073589780664
37000.0,6812258.548163377,8.001230077812127e-05,51.599999999997486,360.0,288.14106888848397,288.13238924326805
37010.0,6812254.253763246,7.986387871499137e-05,51.59999999999756,360.0,288.4628088019785,288.4540430821676
37020.0,6812249.959358997,7.971293877734483e-05,51.599999999997486,360.0,288.78454932850735,288.77569740267813
37030.0,6812245.664950594,7.955948570780625e-05,51.599999999997486,360.0,289.1062904732033,289.0973521955443
37040.0,6812241.37053809,7.940352432795669e-05,51.59999999999745,360.0,289.4280322360991,289.4190074565278
37050.0,6812237.076121508,7.924505955113188e-05,51.59999999999748,360.0,289.74977462009895,289.7406631784876
37060.0,6812232.781700738,7.908409635199064e-05,51.599999999997436,360.0,290.0715176382723,290.06231934402643
37070.0,6812228.487275857,7.8920639798703e-05,51.59999999999743,360.0,290.3932612848015,290.38397595459793
37080.0,6812224.192846796,7.875469502679871e-05,51.59999999999749,360.0,290.7150055728178,290.7056329926429
37090.0,6812219.898413578,7.858626725696082e-05,51.59999999999737,360.0,291.03675050312194,291.0272904528861
37100.0,6812215.60397623,7.841536179039892e-05,51.599999999997344,360.0,291.35849607949314,291.3489483269966
37110.0,6812211.309534748,7.824198399961019e-05,51.59999999999738,360.0,291.680242304583,291.67060660770863
37120.0,6812207.015089133,7.806613933826355e-05,51.599999999997436,0.0,292.00198918262635,291.9922652861382
37130.0,6812202.720639392,7.788783334403852e-05,51.599999999997465,360.0,292.3237367196434,292.3139243515563
37140.0,6812198.426185515,7.770707162313171e-05,51.59999999999741,360.0,292.64548491999915,292.6355837948316
37150.0,6812194.131727486,7.752385985689866e-05,51.59999999999746,360.0,292.96723378814386,292.9572436066921
37160.0,6812189.83726533,7.733820381639862e-05,51.59999999999754,360.0,293.2889833263657,293.27890377996926
37170.0,6812185.542799123,7.715010934608783e-05,51.59999999999755,360.0,293.61073353713977,293.60056430725535
37180.0,6812181.24832878,7.695958235318275e-05,51.59999999999765,360.0,293.93248442593074,293.92222517811206
37190.0,6812176.953854386,7.67666288463632e-05,51.599999999997614,0.0,294.2542359971601,294.2438863830564
37200.0,6812172.659375911,7.657125489512153e-05,51.59999999999756,0.0,294.57598825622784,294.56554791161665
37210.0,6812168.364893395,7.637346664127423e-05,51.599999999997486,0.0,294.8977412023348,294.88720975946944
37220.0,6812164.07040684,7.61732703160439e-05,51.599999999997436,0.0,295.21949484711604,295.208871909761
37230.0,6812159.77591627,7.597067221907234e-05,51.59999999999754,0.0,295.5412491868372,295.5305343610082
37240.0,6812155.481421657,7.57656787227786e-05,51.59999999999754,0.0,295.8630042314445,295.85219709797275
37250.0,6812151.186923062,7.555829628259522e-05,51.599999999997664,0.0,296.1847599823766,296.17386011387845
37260.0,6812146.892420505,7.534853143012023e-05,51.599999999997564,0.0,296.5065164423199,296.49552340067845
37270.0,6812142.597913942,7.513639076051491e-05,51.599999999997586,0.0,296.82827362262464,296.81718694155336
37280.0,6812138.3034034595,7.492188095758678e-05,51.59999999999764,0.0,297.15003151920814,297.13885073514734
37290.0,6812134.008889035,7.470500876871897e-05,51.59999999999765,0.0,297.4717901412398,297.46051476673875
37300.0,6812129.714370648,7.448578102586666e-05,51.59999999999767,0.0,297.7935494967608,297.7821790227636
37310.0,6812125.419848463,7.426420463699172e-05,51.59999999999764,0.0,298.1153095789445,298.10384350439784
37320.0,6812121.125322341,7.404028656795059e-05,51.599999999997635,0.0,298.4370704040191,298.4255081897771
37330.0,6812116.830792405,7.381403387540104e-05,51.59999999999764,360.0,298.7588319697455,298.7471730754347
37340.0,6812112.536258627,7.358545367792969e-05,51.59999999999772,360.0,299.080594282758,299.0688381490123
37350.0,6812108.241720966,7.335455316894266e-05,51.59999999999773,360.0,299.4023573544988,299.3905033932772
37360.0,6812103.947179486,7.31213396249363e-05,51.59999999999765,360.0,299.7241211873852,299.71216879999423
37370.0,6812099.652634245,7.288582039043991e-05,51.59999999999769,360.0,300.04588578185394,300.0338343628662
37380.0,6812095.358085182,7.264800287647762e-05,51.599999999997664,360.0,300.3676511489033,300.3555000649988
37390.0,6812091.063532365,7.240789457244546e-05,51.599999999997685,360.0,300.6894172927692,300.6771658962215
37400.0,6812086.768975846,7.216550304676571e-05,51.59999999999765,360.0,301.0111842162366,300.99883184777144
37410.0,6812082.474415593,7.192083592464368e-05,51.59999999999768,360.0,301.3329519287995,301.32049790413873
37420.0,6812078.179851583,7.167390091168929e-05,51.599999999997614,360.0,301.65472043872956,301.64216405101894
37430.0,6812073.885283872,7.142470578284342e-05,51.59999999999754,360.0,301.97648975009474,301.9638302782342
37440.0,6812069.590712503,7.117325839053808e-05,51.59999999999767,360.0,302.29825986741463,302.2854965751775
37450.0,6812065.2961374475,7.091956665087611e-05,51.59999999999772,360.0,302.62003080106484,302.6071629253011
37460.0,6812061.001558681,7.066363855231177e-05,51.599999999997685,360.0,302.94180256099827,302.9288293124853
37470.0,6812056.706976239,7.040548215337853e-05,51.5999999999977,360.0,303.2635751526603,303.25049572505407
37480.0,6812052.412390041,7.014510558192398e-05,51.599999999997586,360.0,303.58534859038616,303.5721621424305
37490.0,6812048.1178001845,6.988251704171403e-05,51.59999999999768,360.0,303.9071228774298,303.8938285550789
37500.0,6812043.823206688,6.961772480386164e-05,51.59999999999773,360.0,304.2288980188307,304.21549495165897
37510.0,6812039.528609525,6.935073720773417e-05,51.59999999999776,360.0,304.5506740285428,304.53716131187673
37520.0,6812035.234008653,6.90815626559313e-05,51.5999999999979,360.0,304.87245091697486,304.8588276189451
37530.0,6812030.939404008,6.881020962450965e-05,51.599999999997955,360.0,305.19422869944293,305.18049385117905
37540.0,6812026.644795653,6.853668666653496e-05,51.59999999999793,360.0,305.51600738009085,305.50215999800383
37550.0,6812022.350183498,6.826100238652918e-05,51.59999999999797,360.0,305.83778697711904,305.82382603476947
37560.0,6812018.055567551,6.798316546935792e-05,51.599999999997905,360.0,306.15956749911936,306.14549194640955
37570.0,6812013.760947784,6.770318466279963e-05,51.599999999998,360.0,306.48134895959316,306.46715771295834
37580.0,6812009.466324143,6.742106878276867e-05,51.59999999999807,360.0,306.8031313741228,306.7888233122755
37590.0,6812005.17169653,6.713682670918642e-05,51.59999999999811,360.0,307.12491475957125,307.1104887209702
37600.0,6812000.877064857,6.68504673884484e-05,51.599999999998076,360.0,307.44669913649506,307.4321539119279
37610.0,6811996.582429107,6.656199984183483e-05,51.599999999998104,360.0,307.7684845157511,307.75381886771424
37620.0,6811992.287789122,6.627143314272593e-05,51.59999999999813,360.0,308.09027092312215,308.0754835559369
37630.0,6811987.993144715,6.597877643294716e-05,51.59999999999802,360.0,308.4120583850157,308.39714794356615
37640.0,6811983.698495797,6.568403892402973e-05,51.59999999999801,360.0,308.73384692229826,308.7188120030955
37650.0,6811979.4038421875,6.538722988868962e-05,51.599999999997934,360.0,309.0556365600637,309.04047570276225
37660.0,6811975.109183594,6.508835865226255e-05,51.599999999998,360.0,309.3774273364618,309.362138997763
37670.0,6811970.814519839,6.478743462051377e-05,51.599999999998126,360.0,309.6992192785642,309.68380185431846
37680.0,6811966.519850611,6.448446724866825e-05,51.5999999999982,360.0,310.02101242475936,310.0054642273453
37690.0,6811962.2251753565,6.41794660435267e-05,51.59999999999817,360.0,310.3428068319655,310.32712605321154
37700.0,6811957.930493659,6.387244058137835e-05,51.599999999998225,360.0,310.6646025505594,310.64878727478464
37710.0,6811953.635804904,6.356340049152093e-05,51.599999999998204,360.0,310.9863996420057,310.97044782386837
37720.0,6811949.341108201,6.325235543997033e-05,51.59999999999816,360.0,311.308198192961,311.29210760704245
37730.0,6811945.04640265,6.293931516359291e-05,51.59999999999829,360.0,311.62999828989734,311.61376653108124
37740.0,6811940.751686747,6.262428940795756e-05,51.599999999998104,360.0,311.95180006849256,311.93542445351403
37750.0,6811936.456958806,6.230728797295852e-05,51.59999999999817,360.0,312.27360367760804,312.2570812186855
37760.0,6811932.162216197,6.198832064919306e-05,51.599999999998246,360.0,312.59540933801014,312.57873659904254
37770.0,6811927.86745528,6.166739720730064e-05,51.599999999998246,360.0,312.91721735325797,312.900390284227
37780.0,6811923.572670626,6.134452734755866e-05,51.599999999998225,360.0,313.2390281615775,313.22204182919984
37790.0,6811919.277853265,6.1019720555620446e-05,51.599999999998246,360.0,313.56084247537433,313.54369051474464
37800.0,6811914.982987656,6.069298587002276e-05,51.59999999999807,360.0,313.88266151226986,313.865335116415
37810.0,6811910.688041932,6.036433113673279e-05,51.59999999999819,360.0,314.20448772616834,314.1869731734957
37820.0,6811906.392933601,6.003376033826943e-05,51.59999999999827,360.0,314.5263274146272,314.5085983815854
37830.0,6811902.0972787095,5.970125413001758e-05,51.59999999999837,360.0,314.8482096163531,314.83018169514696
37840.0,6811897.804508996,5.9367089989244933e-05,51.59999999999832,360.0,315.16987704264295,315.151980396075
37850.0,6811893.510610179,5.903096480758398e-05,51.599999999998346,360.0,315.491628280038,315.4736958909782
37860.0,6811889.216313901,5.869294691385235e-05,51.59999999999847,360.0,315.81340992387464,315.79538157769736
37870.0,6811884.921898248,5.835306870279984e-05,51.59999999999844,360.0,316.13520133263654,316.1170580909104
37880.0,6811880.627423671,5.801134562659813e-05,51.599999999998545,360.0,316.4569980651149,316.4387298650106
37890.0,6811876.332913442,5.7667790284941846e-05,51.5999999999986,360.0,316.77879843552614,316.7603985789454
37900.0,6811872.038379266,5.7322414430144225e-05,51.59999999999873,360.0,317.1006016084479,317.0820650613275
37910.0,6811867.743827625,5.6975229457165016e-05,51.5999999999986,360.0,317.42240713856216,317.40372975064497
37920.0,6811863.449262779,5.6626246648312956e-05,51.599999999998616,360.0,317.7442147387733,317.725392927199
37930.0,6811859.154687433,5.6275477216342166e-05,51.59999999999863,360.0,318.0660242381377,318.0470547551335
37940.0,6811854.86010367,5.5922932382822016e-05,51.5999999999987,360.0,318.38783551119815,318.3687153530958
37950.0,6811850.565512709,5.5568623357060665e-05,51.599999999998694,360.0,318.70964849674647,318.69037477551865
37960.0,6811846.270915643,5.52125613920044e-05,51.59999999999869,360.0,319.0314631436397,319.01203306674466
37970.0,6811841.976313405,5.4854757784687546e-05,51.59999999999875,360.0,319.35327941268525,319.33369025922445
37980.0,6811837.6817066595,5.449522386656481e-05,51.59999999999882,360.0,319.675097283015,319.65534636703353
37990.0,6811833.387095912,5.413397101236627e-05,51.59999999999881,360.0,319.99691674542174,319.97700139265953
38000.0,6811829.092481607,5.3771010643290174e-05,51.59999999999871,360.0,320.31873779848877,320.2986553307885
38010.0,6811824.797864121,5.340635422880906e-05,51.599999999998715,360.0,320.6405604480544,320.6203081688389
38020.0,6811820.503243752,5.3040013288236966e-05,51.59999999999864,360.0,320.9623847034702,320.9419598907562
38030.0,6811816.208620821,5.2671999394664773e-05,51.59999999999863,360.0,321.2842105735012,321.26361048108606
38040.0,6811811.913995628,5.230232417132894e-05,51.599999999998616,360.0,321.6060380705611,321.5852599207496
38050.0,6811807.619368315,5.193099928286884e-05,51.599999999998694,360.0,321.9278672169106,321.9069081808101
38060.0,6811803.3247390315,5.155803644700876e-05,51.59999999999875,360.0,322.2496980385023,322.2285552286779
38070.0,6811799.030108051,5.1183447441696623e-05,51.59999999999885,360.0,322.57153055140856,322.55020104166533
38080.0,6811794.73547541,5.080724407616815e-05,51.59999999999877,360.0,322.8933647935758,322.87184557520607
38090.0,6811790.440841339,5.0429438229282426e-05,51.59999999999873,360.0,323.21520078560457,323.1934888021283
38100.0,6811786.146205917,5.005004181826528e-05,51.599999999998744,360.0,323.5370385604029,323.51513068295174
38110.0,6811781.851569336,4.9669066815463916e-05,51.5999999999989,360.0,323.858878148106,323.8367711809923
38120.0,6811777.556931608,4.928652523187957e-05,51.5999999999989,360.0,324.1807195918038,324.15841024664434
38130.0,6811773.262292957,4.89024291485413e-05,51.599999999998985,360.0,324.5025629192207,324.48004784569906
38140.0,6811768.967653367,4.851679066679023e-05,51.599999999998985,360.0,324.8244081755065,324.8016839265218
38150.0,6811764.673013005,4.8129621960469034e-05,51.599999999999014,360.0,325.14625539924356,325.1233184440857
38160.0,6811760.378371884,4.77409352330867e-05,51.59999999999907,360.0,325.46810463527254,325.4449513471284
38170.0,6811756.083730098,4.735074274935692e-05,51.599999999999056,360.0,325.78995593292024,325.7665825799331
38180.0,6811751.789087758,4.6959056816468606e-05,51.599999999999085,360.0,326.11180933663144,326.0882120916747
38190.0,6811747.494444933,4.6565889787209264e-05,51.59999999999899,360.0,326.43366489371283,326.4098398287015
38200.0,6811743.199801717,4.617125406422367e-05,51.59999999999896,360.0,326.75552265432964,326.73146573455296
38210.0,6811738.90515817,4.5775162095639525e-05,51.59999999999888,360.0,327.07738267881615,327.053089742609
38220.0,6811734.610514299,4.537762636569234e-05,51.599999999999014,360.0,327.3992450275447,327.3747117862372
38230.0,6811730.315870195,4.4978659416361666e-05,51.599999999999085,360.0,327.72110975880923,327.69633180093336
38240.0,6811726.021225959,4.457827383380472e-05,51.59999999999914,360.0,328.0429769298226,328.0179497232961
38250.0,6811721.726581635,4.4176482244242815e-05,51.59999999999917,360.0,328.36484660595227,328.33956548179304
38260.0,6811717.431937223,4.377329731457267e-05,51.59999999999919,360.0,328.6867188616024,328.6611789959255
38270.0,6811713.137292833,4.336873176561478e-05,51.59999999999919,360.0,329.008593763295,328.98279019306403
38280.0,6811708.8426485,4.296279835203735e-05,51.599999999999234,360.0,329.33047138797025,329.304398990226
38290.0,6811704.548004298,4.255550988046797e-05,51.599999999999135,360.0,329.65235181024104,329.6260053067901
38300.0,6811700.253360235,4.214687919200259e-05,51.59999999999911,360.0,329.9742351150655,329.9476090518048
38310.0,6811695.958716356,4.173691917421891e-05,51.59999999999896,360.0,330.2961213909686,330.26921013080477
38320.0,6811691.664072746,4.1325642755182366e-05,51.59999999999907,360.0,330.6180107201623,330.5908084556748
38330.0,6811687.369429395,4.0913062903236906e-05,51.599999999999,360.0,330.9399032061542,330.9124039170613
38340.0,6811683.074786438,4.0499192637207374e-05,51.59999999999899,360.0,331.26179893924865,331.23399641882685
38350.0,6811678.780143821,4.008404500074066e-05,51.59999999999907,360.0,331.5836980269724,331.55558584764617
38360.0,6811674.485501627,3.966763309058067e-05,51.599999999999106,360.0,331.9056005733086,331.8771720938006
38370.0,6811670.190859925,3.9249970040563476e-05,51.59999999999911,360.0,332.22750668403717,332.19875504582797
38380.0,6811665.896218688,3.8831069017168094e-05,51.59999999999911,360.0,332.5494164914869,332.52033456573554
38390.0,6811661.601577989,3.841094323297395e-05,51.59999999999907,360.0,332.8713301144102,332.8419105291452
38400.0,6811657.306937844,3.798960593573488e-05,51.59999999999907,360.0,333.1932476793077,333.1634828039906
38410.0,6811653.012298292,3.7567070413302353e-05,51.59999999999911,360.0,333.51516933575334,333.4850512351737
38420.0,6811648.71765935,3.7143349988398255e-05,51.59999999999912,360.0,333.83709521402454,333.8066156869532
38430.0,6811644.423021111,3.671845802944202e-05,51.599999999999234,360.0,334.15902546789687,334.12817600009686
38440.0,6811640.128383591,3.6292407935853944e-05,51.599999999999305,360.0,334.4809602570038,334.4497320095999
38450.0,6811635.833746783,3.586521313805634e-05,51.59999999999933,360.0,334.8028997465878,334.77128354486314
38460.0,6811631.539110681,3.543688710329513e-05,51.5999999999992,360.0,335.1248441220099,335.0928304152507
38470.0,6811627.244475381,3.500744334764742e-05,51.59999999999916,360.0,335.44679355985494,335.41437243892386
38480.0,6811622.94984086,3.457689540446836e-05,51.599999999999135,360.0,335.76874825733216,335.73590941348823
38490.0,6811618.6552071925,3.41452568604349e-05,51.59999999999912,360.0,336.09070842522436,336.0574411230211
38500.0,6811614.3605743665,3.371254132135524e-05,51.59999999999921,360.0,336.41267427428085,336.3789673516656
38510.0,6811610.065942408,3.327876243361713e-05,51.599999999999255,360.0,336.7346460356504,336.7004878632586
38520.0,6811605.7713113725,3.284393387984917e-05,51.59999999999937,360.0,337.0566239550473,337.02200240708964
38530.0,6811601.476681218,3.240806936481682e-05,51.599999999999255,360.0,337.3786082873316,337.3435107233431
38540.0,6811597.182051989,3.19711826378629e-05,51.599999999999255,360.0,337.7005993037243,337.6650125359294
38550.0,6811592.887423643,3.1533287467938604e-05,51.599999999999284,360.0,338.02259729985036,337.9865075444015
38560.0,6811588.5927962335,3.1094397665978865e-05,51.59999999999923,360.0,338.3446025769214,338.30799544276806
38570.0,6811584.298169839,3.065452707697645e-05,51.5999999999992,360.0,338.666615448387,338.62947591286513
38580.0,6811580.003544388,3.0213689567233972e-05,51.59999999999918,360.0,338.98863627217787,338.9509485921057
38590.0,6811575.708919909,2.977189903773222e-05,51.59999999999912,360.0,339.3106654105557,339.27241311361047
38600.0,6811571.414296439,2.9329169419884893e-05,51.599999999999056,360.0,339.6327032432044,339.5938690931454
38610.0,6811567.119673984,2.8885514677295874e-05,51.59999999999907,360.0,339.95475018815694,339.91531610818276
38620.0,6811562.825052481,2.844094878926472e-05,51.59999999999903,360.0,340.2768066961125,340.2367537036003
38630.0,6811558.530431955,2.7995485779579108e-05,51.59999999999908,360.0,340.5988732336109,340.558181408487
38640.0,6811554.235812419,2.754913969180889e-05,51.59999999999904,360.0,340.9209503088971,340.87959871028363
38650.0,6811549.941193841,2.7101924595876292e-05,51.599999999999,360.0,341.24303844431125,341.20100508237863
38660.0,6811545.646576281,2.6653854598802414e-05,51.599999999998985,360.0,341.5651382199184,341.52239994051894
38670.0,6811541.351959626,2.6204943820855507e-05,51.599999999999,360.0,341.88725026279803,341.843782653486
38680.0,6811537.057343931,2.57552064244894e-05,51.599999999999135,360.0,342.20937523396776,342.1651525561973
38690.0,6811532.762729158,2.530465657775818e-05,51.5999999999991,360.0,342.5315138246795,342.48650895340097
38700.0,6811528.468115297,2.48533084910488e-05,51.59999999999916,360.0,342.85366681195507,342.80785106410013
38710.0,6811524.173502316,2.44011763909105e-05,51.59999999999918,360.0,343.17583501074023,343.12917806947326
38720.0,6811519.8788902685,2.394827453864026e-05,51.5999999999992,360.0,343.4980193002642,343.45048908646265
38730.0,6811515.584278968,2.3494617198759544e-05,51.599999999999156,360.0,343.8202206564321,343.7717831354244
38740.0,6811511.289668497,2.304021868474453e-05,51.59999999999918,360.0,344.1424401008285,344.0930591910636
38750.0,6811506.995058761,2.258509331068605e-05,51.59999999999919,360.0,344.46467875450264,344.4143161287207
38760.0,6811502.700449745,2.21292554266422e-05,51.59999999999925,360.0,344.7869378322074,344.73555273005064
38770.0,6811498.405841382,2.1672719400106562e-05,51.59999999999919,360.0,345.10921865400053,345.0567676715054
38780.0,6811494.111233605,2.1215499620405983e-05,51.59999999999919,360.0,345.43152266068864,345.3779595088487
38790.0,6811489.816626316,2.0757610491079935e-05,51.5999999999991,360.0,345.75385142270983,345.6991266682654
38800.0,6811485.52201955,2.0299066454839143e-05,51.599999999999014,360.0,346.07620663408807,346.0202674524556
38810.0,6811481.227413266,1.983988196910955e-05,51.59999999999899,360.0,346.3985901774719,346.34137997551744
38820.0,6811476.93280722,1.9380071482531328e-05,51.59999999999902,360.0,346.72100410876266,346.662462178396
38830.0,6811472.638201379,1.891964949782382e-05,51.5999999999991,360.0,347.04345069924904,346.9835117867067
38840.0,6811468.343595659,1.8458630515385093e-05,51.599999999999135,360.0,347.36593241659136,347.3045263297695
38850.0,6811464.048989974,1.799702906900994e-05,51.59999999999922,360.0,347.6884520168791,347.6255030485156
38860.0,6811459.754384183,1.7534859697060138e-05,51.59999999999927,360.0,348.0110125545307,347.9464388856552
38870.0,6811455.459778109,1.7072136952964152e-05,51.59999999999936,360.0,348.33361739233067,348.2673304755785
38880.0,6811451.165171698,1.6608875423204492e-05,51.599999999999376,360.0,348.65627029685953,348.58817404896234
38890.0,6811446.870564678,1.6145089685231876e-05,51.5999999999994,360.0,348.97897547884645,348.90896539239145
38900.0,6811442.575956979,1.5680794357268727e-05,51.59999999999954,360.0,349.30173762913165,349.2296998124127
38910.0,6811438.281348265,1.5216004045441578e-05,51.5999999999995,360.0,349.6245620540316,349.55037200018774
38920.0,6811433.986738457,1.4750733392935722e-05,51.59999999999961,360.0,349.9474546908231,349.8709760159641
38930.0,6811429.692127187,1.4284997034870371e-05,51.599999999999525,360.0,350.27042229719143,350.19150509967164
38940.0,6811425.397514266,1.3818809637176957e-05,51.59999999999956,360.0,350.59347254780414,350.5119515743057
38950.0,6811421.10289939,1.3352185864356961e-05,51.59999999999957,360.0,350.9166141801666,350.83230670012756
38960.0,6811416.808282167,1.2885140394584128e-05,51.59999999999961,360.0,351.23985724548334,351.15256042374335
38970.0,6811412.513662277,1.2417687917088575e-05,51.599999999999724,360.0,351.5632132863825,351.47270120043436
38980.0,6811408.21903929,1.1949843125824943e-05,51.59999999999976,360.0,351.8866956839786,351.79271564705437
38990.0,6811403.92441265,1.1481620712020315e-05,51.59999999999974,360.0,352.2103200242009,352.11258817570433
39000.0,6811399.629781894,1.1013035395756172e-05,51.59999999999969,360.0,352.53410454757875,352.4323005439762
39010.0,6811395.335146474,1.0544101893039822e-05,51.599999999999675,360.0,352.8580707642332,352.75183123995197
39020.0,6811391.040505673,1.0074834910215166e-05,51.599999999999696,360.0,353.1822442163074,353.0711547197308
39030.0,6811386.745858571,9.605249147351628e-06,51.599999999999675,360.0,353.5066554751151,353.39024041035367
39040.0,6811382.451204308,9.135359325420565e-06,51.59999999999966,360.0,353.8313414459967,353.7090514048951
39050.0,6811378.156541859,8.66518015009839e-06,51.59999999999932,360.0,354.1563470478429,354.02754278294003
39060.0,6811373.86186988,8.194726304582876e-06,51.599999999999255,360.0,354.48172757674524,354.34565924696454
39070.0,6811369.567186932,7.724012471126502e-06,51.599999999999234,360.0,354.80755184371253,354.66333198460956
39080.0,6811365.272491348,7.253053314574001e-06,51.59999999999918,360.0,355.13390658654646,354.9804742567644
39090.0,6811360.977780842,6.781863449606535e-06,51.59999999999904,360.0,355.4609027543845,355.29697511311247
39100.0,6811356.683052976,6.310457471219045e-06,51.599999999999056,360.0,355.78868447811715,355.6126904215956
39110.0,6811352.388304413,5.8388498991905805e-06,51.59999999999902,360.0,356.11744263162683,355.9274293073016
39120.0,6811348.09353118,5.367055187512263e-06,51.599999999999014,360.0,356.4474352673349,356.2409337168054
39130.0,6811343.798728229,4.895087685987555e-06,51.59999999999899,360.0,356.7790201667749,356.5528458676653
39140.0,6811339.503888817,4.4229615799904495e-06,51.59999999999903,360.0,357.112708091336,356.86265499766233
39150.0,6811335.209004021,3.950690835018502e-06,51.59999999999899,360.0,357.449254350738,357.1696057963291
39160.0,6811330.9140614495,3.478289081174109e-06,51.59999999999895,360.0,357.78982501809224,357.4725321898528
39170.0,6811326.6190431975,3.0057694009184175e-06,51.599999999999,360.0,358.13632007802363,357.76953419304164
39180.0,6811322.323922418,2.53314401419262e-06,51.59999999999912,360.0,358.4920585459611,358.0572927899138
39190.0,6811318.028655141,2.060423514405848e-06,51.59999999999905,360.0,358.86340736759416,358.3294410343417
39200.0,6811313.733162912,1.5876153365007854e-06,51.599999999999085,360.0,359.26432242142374,358.5720230474466
39210.0,6811309.437282858,1.1147195960250108e-06,51.59999999999912,360.0,359.73245447124805,358.74738806513005
39220.0,6811305.140573622,6.417150252268731e-07,51.599999999999,360.0,0.4165319917632291,358.7068076124909
39230.0,6811300.840628178,1.685036627214855e-07,51.5999999999991,360.0,3.1384392823238985,356.6283973900147
39240.0,6811296.567717027,3.0236000138587705e-07,51.599999999998985,360.0,178.39379561047156,182.0165381300992
39250.0,6811292.27728004,7.746290154032329e-07,51.59999999999907,360.0,179.82143178318606,181.2323990257819
39260.0,6811287.984893024,1.2471586778590083e-06,51.59999999999905,360.0,180.4114756796513,181.28585219795397
39270.0,6811283.691861996,1.7197326390880092e-06,51.59999999999904,360.0,180.85412547364825,181.4866994730059
39280.0,6811279.39850687,2.192292812445454e-06,51.59999999999907,360.0,181.24467675285265,181.7396452635183
39290.0,6811275.104956678,2.664807769261094e-06,51.59999999999902,360.0,181.6108412555048,182.01697783153563
39300.0,6811270.811276639,3.1372545104561297e-06,51.599999999998985,360.0,181.96363676263056,182.30767939644917
39310.0,6811266.517504247,3.60961356973851e-06,51.59999999999887,360.0,182.30831254415807,182.60650068879215
39320.0,6811262.223663176,4.081867210175271e-06,51.59999999999875,360.0,182.64768764638347,182.91062266281935
39330.0,6811257.929769186,4.5539986644326316e-06,51.59999999999873,360.0,182.98341142016264,183.21839596828653
39340.0,6811253.635833316,5.025991743201408e-06,51.59999999999866,360.0,183.31651317938744,183.52879129201756
39350.0,6811249.341863665,5.497830613699377e-06,51.599999999998644,360.0,183.64766853814842,183.84113302068673
39360.0,6811245.047866406,5.969499678290426e-06,51.59999999999859,360.0,183.97733932017059,184.15495933142634
39370.0,6811240.753846162,6.440983526158842e-06,51.599999999998516,360.0,184.30585194502493,184.46994380560002
39380.0,6811236.459806637,6.91226686179849e-06,51.59999999999844,360.0,184.63344365037034,184.78584920653205
39390.0,6811232.165750791,7.383334485250762e-06,51.599999999998516,360.0,184.96029100014195,185.10249897138502
39400.0,6811227.87168108,7.854171255323246e-06,51.59999999999851,360.0,185.28652814214018,185.4197589535135
39410.0,6811223.5775993895,8.324762110629237e-06,51.59999999999855,360.0,185.61225880954706,185.73752542095275
39420.0,6811219.283507421,8.795092015505107e-06,51.59999999999851,360.0,185.93756445896543,186.05571691841436
39430.0,6811214.989406575,9.265145978192889e-06,51.59999999999855,360.0,186.26250998744348,186.3742685502375
39440.0,6811210.695298018,9.73490904464324e-06,51.599999999998495,360.0,186.58714769158763,186.69312802127277
39450.0,6811206.401182715,1.0204366288003334e-05,51.59999999999852,360.0,186.911520238695,187.0122526657564
39460.0,6811202.107061571,1.0673502800245086e-05,51.59999999999859,360.0,187.2356627377941,187.33160737624746
39470.0,6811197.812935327,1.114230370854256e-05,51.59999999999857,360.0,187.55960434556846,187.65116299777952
39480.0,6811193.518804648,1.1610754147996964e-05,51.599999999998516,360.0,187.8833695272751,187.97089506681664
39490.0,6811189.224670145,1.207883927832074e-05,51.59999999999855,360.0,188.20697889698417,188.2907829711392
39500.0,6811184.93053231,1.2546544284352468e-05,51.59999999999848,360.0,188.5304499909799,188.610809176346
39510.0,6811180.636391622,1.3013854363074806e-05,51.59999999999844,360.0,188.85379781272852,188.9309586809583
39520.0,6811176.342248453,1.3480754734760245e-05,51.599999999998396,360.0,189.17703525146754,189.25121859778383
39530.0,6811172.048103118,1.3947230636607406e-05,51.599999999998246,360.0,189.5001734845523,189.5715777515963
39540.0,6811167.75395596,1.4413267324221215e-05,51.59999999999825,360.0,189.8232222197371,189.89202643683984
39550.0,6811163.459807318,1.4878850061922346e-05,51.59999999999817,360.0,190.14618992485757,190.212556187949
39560.0,6811159.165657428,1.534396413716848e-05,51.599999999998246,360.0,190.46908405883826,190.5331595483276
39570.0,6811154.871506494,1.580859486116221e-05,51.59999999999822,360.0,190.79191117245009,190.8538299696222
39580.0,6811150.577354729,1.627272755859149e-05,51.599999999998204,360.0,191.1146770644475,191.174561655568
39590.0,6811146.2832022365,1.6736347576872666e-05,51.5999999999982,360.0,191.4373869000336,191.4953494435204
39600.0,6811141.989049377,1.7199440259684716e-05,51.59999999999845,360.0,191.76004524011026,191.81618877520737
39610.0,6811137.69489615,1.7661990999043066e-05,51.599999999998516,360.0,192.08265621527767,192.13707552271373
39620.0,6811133.400742817,1.8123985183276073e-05,51.59999999999859,360.0,192.40522347907404,192.45800603527206
39630.0,6811129.106589419,1.8585408234783915e-05,51.59999999999866,360.0,192.72775034721374,192.7789770000165
39640.0,6811124.812436106,1.904624558290759e-05,51.59999999999882,360.0,193.05023981369993,193.09998542583523
39650.0,6811120.51828298,1.9506482686854905e-05,51.59999999999892,360.0,193.37269457013915,193.4210286241105
39660.0,6811116.224130125,1.9966105020824758e-05,51.59999999999894,360.0,193.6951170541039,193.74210416031067
39670.0,6811111.929977562,2.0425098086486753e-05,51.599999999998886,360.0,194.01750950088936,194.06320980224876
39680.0,6811107.635825513,2.088344738975196e-05,51.59999999999877,360.0,194.33987389935257,194.38434356426177
39690.0,6811103.341673959,2.134113846941132e-05,51.599999999998836,360.0,194.66221212558935,194.70550357349575
39700.0,6811099.047522999,2.1798156886039316e-05,51.59999999999878,360.0,194.98452584477394,195.02668816808992
39710.0,6811094.753372677,2.2254488220428397e-05,51.59999999999891,360.0,195.30681661709806,195.34789579124353
39720.0,6811090.459223025,2.2710118076862155e-05,51.59999999999885,360.0,195.62908585442418,195.66912503454196
39730.0,6811086.165074032,2.3165032087705058e-05,51.599999999998865,360.0,195.95133486670915,195.9903745915492
39740.0,6811081.870925864,2.3619215888337703e-05,51.59999999999882,360.0,196.27356484906574,196.31164327073907
39750.0,6811077.576778506,2.4072655156074526e-05,51.59999999999877,360.0,196.59577691610906,196.63292996112406
39760.0,6811073.282631961,2.452533558953672e-05,51.599999999998815,360.0,196.91797207961278,196.9542336546557
39770.0,6811068.988486297,2.4977242905400507e-05,51.59999999999884,360.0,197.24015130786248,197.27555338683692
39780.0,6811064.69434154,2.5428362848911996e-05,51.59999999999882,360.0,197.56231546527636,197.5968882970848
39790.0,6811060.400197674,2.5878681194102057e-05,51.59999999999885,360.0,197.88446538233438,197.91823755879673
39800.0,6811056.106054776,2.6328183733724347e-05,51.59999999999875,360.0,198.20660180253313,198.23960043246643
39810.0,6811051.811912785,2.6776856292197003e-05,51.59999999999872,360.0,198.52872543611682,198.56097621187084
39820.0,6811047.517771784,2.7224684715286964e-05,51.59999999999869,360.0,198.85083694801915,198.88236423617144
39830.0,6811043.223631711,2.767165488154584e-05,51.59999999999863,360.0,199.1729369580578,199.20376388969802
39840.0,6811038.9294926105,2.8117752689656627e-05,51.599999999998595,360.0,199.4950260357746,199.52517460711167
39850.0,6811034.635354518,2.8562964069908986e-05,51.59999999999855,360.0,199.81710471012033,199.84659586375147
39860.0,6811030.341217361,2.9007274987894548e-05,51.59999999999852,360.0,200.13917349567535,200.16802714935457
39870.0,6811026.047081215,2.945067142217233e-05,51.59999999999851,360.0,200.46123285243883,200.48946800830282
39880.0,6811021.75294604,2.989313938794386e-05,51.599999999998495,360.0,200.7832832348921,200.81091799059223
39890.0,6811017.458811805,3.0334664941938355e-05,51.59999999999845,360.0,201.10532505557032,201.13237668818218
39900.0,6811013.164678498,3.077523415291954e-05,51.59999999999851,360.0,201.42735871086788,201.4538437092439
39910.0,6811008.87054613,3.1214833128852666e-05,51.59999999999846,360.0,201.7493845657128,201.77531869347425
39920.0,6811004.576414699,3.165344800575864e-05,51.59999999999843,360.0,202.07140295730713,202.09680130834374
39930.0,6811000.282284201,3.2091064946826645e-05,51.59999999999847,360.0,202.39341422218087,202.41829122204464
39940.0,6810995.988154603,3.252767015722561e-05,51.59999999999847,360.0,202.7154186678118,202.73978813191314
39950.0,6810991.694025909,3.296324986282338e-05,51.59999999999852,360.0,203.03741658292904,203.0612917540392
39960.0,6810987.39989806,3.3397790332066765e-05,51.5999999999986,360.0,203.35940825701965,203.3828018038544
39970.0,6810983.105771046,3.383127785860713e-05,51.59999999999866,360.0,203.68139394904875,203.704318027324
39980.0,6810978.811644874,3.426369877417833e-05,51.59999999999871,360.0,204.00337389585226,204.02584019262875
39990.0,6810974.51751951,3.46950394421968e-05,51.59999999999871,360.0,204.3253483359884,204.3473680662523
40000.0,6810970.223394936,3.512528626023548e-05,51.599999999998715,360.0,204.6473174887102,204.66890143405703
40010.0,6810965.929271099,3.555442566092028e-05,51.59999999999873,360.0,204.96928157422604,204.99044008099077
40020.0,6810961.635147988,3.598244411270873e-05,51.59999999999875,360.0,205.291240786816,205.31198381798384
40030.0,6810957.341025521,3.640932812182519e-05,51.599999999998786,360.0,205.61319532927465,205.6335324474974
40040.0,6810953.04690375,3.683506422105728e-05,51.599999999998694,360.0,205.93514536734267,205.9550858090758
40050.0,6810948.7527826205,3.725963898669287e-05,51.59999999999869,360.0,206.25709107836843,206.27664373074404
40060.0,6810944.458662066,3.7683039033666624e-05,51.59999999999849,360.0,206.57903263052887,206.59820604972032
40070.0,6810940.164542083,3.810525100761586e-05,51.59999999999852,360.0,206.9009701841234,206.91977261115616
40080.0,6810935.870422656,3.852626159211264e-05,51.59999999999858,360.0,207.22290387802212,207.24134328167784
40090.0,6810931.576303695,3.8946057519057154e-05,51.59999999999861,360.0,207.5448338665737,207.56291791245846
40100.0,6810927.282185208,3.9364625544582514e-05,51.5999999999986,360.0,207.86676028388356,207.88449637498513
40110.0,6810922.988067084,3.978195247747705e-05,51.59999999999869,360.0,208.1886832624965,208.2060785423365
40120.0,6810918.693949389,4.0198025147645234e-05,51.59999999999869,360.0,208.51060291713665,208.5276643054731
40130.0,6810914.399832052,4.0612830437910586e-05,51.599999999998715,360.0,208.83251937196832,208.849253545937
40140.0,6810910.10571495,4.1026355277132966e-05,51.59999999999877,360.0,209.15443275579247,209.17084614066934
40150.0,6810905.811598119,4.143858661676359e-05,51.59999999999871,360.0,209.47634315915937,209.4924420049305
40160.0,6810901.517481425,4.1849511469131444e-05,51.599999999998644,360.0,209.79825070080085,209.81404102581266
40170.0,6810897.223364904,4.225911686755773e-05,51.599999999998666,360.0,210.12015547567373,210.13564311423684
40180.0,6810892.929248478,4.26673898984748e-05,51.59999999999867,360.0,210.44205758024054,210.45724817965333
40190.0,6810888.6351320725,4.307431769167172e-05,51.599999999998595,360.0,210.76395711293043,210.77885612960603
40200.0,6810884.34101565,4.3479887414167786e-05,51.599999999998545,360.0,211.08585415979772,211.10046688401823
40210.0,6810880.046899175,4.3884086276970745e-05,51.599999999998616,360.0,211.40774881159535,211.4220803581556
40220.0,6810875.752782543,4.428690153999699e-05,51.599999999998545,360.0,211.72964114540255,211.74369648100324
40230.0,6810871.458665733,4.4688320497072325e-05,51.59999999999851,360.0,212.05153124686285,212.0653151729958
40240.0,6810867.164548632,4.508833049706576e-05,51.59999999999849,360.0,212.37341918995907,212.38693636632578
40250.0,6810862.870431235,4.548691892189349e-05,51.59999999999861,360.0,212.6953050517973,212.70855999003157
40260.0,6810858.576313442,4.588407320695117e-05,51.59999999999863,360.0,213.017188903608,213.03018597906325
40270.0,6810854.28219517,4.6279780833081754e-05,51.599999999998644,360.0,213.33907081301757,213.35181427204105
40280.0,6810849.988076355,4.667402932161774e-05,51.599999999998616,360.0,213.66095084948722,213.6734448057675
40290.0,6810845.6939569125,4.7066806245577285e-05,51.59999999999855,360.0,213.98282907834852,213.99507752119538
40300.0,6810841.3998367945,4.745809921708446e-05,51.599999999998595,360.0,214.30470556102156,214.31671236323953
40310.0,6810837.1057158755,4.784789590338145e-05,51.59999999999858,360.0,214.62658036128045,214.63834927445586
40320.0,6810832.811594098,4.8236184013483254e-05,51.59999999999856,360.0,214.94845353782873,214.9599882025385
40330.0,6810828.517471298,4.86229513140608e-05,51.59999999999848,360.0,215.27032515123966,215.2816290933048
40340.0,6810824.223347401,4.900818560829075e-05,51.5999999999984,360.0,215.59219525693928,215.60327189776015
40350.0,6810819.92922235,4.939187474983943e-05,51.59999999999851,360.0,215.91406390378472,215.92491657351223
40360.0,6810815.635095939,4.977400665193701e-05,51.599999999998516,360.0,216.23593115824167,216.24656306057125
40370.0,6810811.340968079,5.0154569266499955e-05,51.59999999999851,360.0,216.55779706586327,216.56821131988974
40380.0,6810807.046838651,5.053355059739079e-05,51.59999999999847,360.0,216.8796616786604,216.88986130598093
40390.0,6810802.752707477,5.091093870499794e-05,51.59999999999856,360.0,217.20152505260677,217.21151296944066
40400.0,6810798.458574417,5.1286721694435824e-05,51.59999999999856,360.0,217.52338723602853,217.53316626851256
40410.0,6810794.1644392805,5.166088772863578e-05,51.59999999999851,360.0,217.8452482816672,217.85482115703323
40420.0,6810789.870301895,5.203342501295311e-05,51.59999999999851,360.0,218.16710823428147,218.17647759686417
40430.0,6810785.576161933,5.240432182733123e-05,51.59999999999859,360.0,218.48896716076274,218.49813552774341
40440.0,6810781.282019208,5.277356648220137e-05,51.59999999999864,360.0,218.81082510315693,218.81979491427327
40450.0,6810776.987873493,5.314114734780743e-05,51.5999999999986,360.0,219.13268210883118,219.14145571575105
40460.0,6810772.69372438,5.350705285976524e-05,51.599999999998545,360.0,219.45453824074323,219.4631178759261
40470.0,6810768.399571583,5.387127149788953e-05,51.599999999998595,360.0,219.77639355144746,219.7847813489436
40480.0,6810764.105414576,5.423379181473889e-05,51.59999999999863,360.0,220.09824810646862,220.1064460759697
40490.0,6810759.8112528445,5.459460241494319e-05,51.599999999998666,360.0,220.42010197328688,220.42811199626783
40500.0,6810755.517085809,5.495369196076673e-05,51.599999999998644,360.0,220.74195521836668,220.74977905010115
40510.0,6810751.222912685,5.5311049184811436e-05,51.59999999999863,360.0,221.0638079248628,221.07144716108365
40520.0,6810746.928732487,5.566666289304674e-05,51.59999999999864,360.0,221.3856601894156,221.3931162393364
40530.0,6810742.634544023,5.602052196146842e-05,51.59999999999876,360.0,221.70751212365337,221.7147861800026
40540.0,6810738.340345833,5.637261534066477e-05,51.599999999998666,360.0,222.02936385439708,222.03645686305063
40550.0,6810734.04613566,5.672293210325074e-05,51.59999999999852,360.0,222.35121556937574,222.35812810754945
40560.0,6810729.75191078,5.707146141171781e-05,51.59999999999857,360.0,222.67306748451043,222.67979970438176
40570.0,6810725.457666945,5.741819260809321e-05,51.59999999999855,360.0,222.99491993056347,223.00147132958003
40580.0,6810721.163397829,5.7763115252293964e-05,51.599999999998644,360.0,223.3167733863777,223.32314251113806
40590.0,6810716.869093114,5.810621927695167e-05,51.5999999999988,360.0,223.6386286243895,223.64481248342847
40600.0,6810712.574733889,5.8447495347511264e-05,51.59999999999878,360.0,223.96048704916706,223.96647984868798
40610.0,6810708.28027984,5.878693586346414e-05,51.59999999999864,360.0,224.28235164355766,224.28814163094003
40620.0,6810703.9856150625,5.912453920060507e-05,51.59999999999852,360.0,224.60423100160142,224.6097892429616
40630.0,6810699.6899145795,5.946035913286695e-05,51.599999999998374,360.0,224.92618660229732,224.93136121256842
40640.0,6810695.396627212,5.979411654805352e-05,51.5999999999983,360.0,225.24795980417503,225.25311618808593
40650.0,6810691.103070494,6.012600882287786e-05,51.59999999999827,360.0,225.56975362741076,225.57485115618243
40660.0,6810686.80925528,6.045602501673553e-05,51.59999999999836,360.0,225.89156657775837,225.8965676179156
40670.0,6810682.515344452,6.0784142099191964e-05,51.59999999999841,360.0,226.21338632886147,226.21827790648385
40680.0,6810678.221382716,6.111034626871626e-05,51.59999999999854,360.0,226.53520948986687,226.5399854195805
40690.0,6810673.927388927,6.143462577528171e-05,51.59999999999852,360.0,226.85703462607194,226.86169159873407
40700.0,6810669.6333728265,6.17569696376348e-05,51.599999999998346,360.0,227.1788610000076,227.1833971882283
40710.0,6810665.339339998,6.207736725776873e-05,51.5999999999984,360.0,227.50068819352012,227.50510261303475
40720.0,6810661.045294112,6.239580824338016e-05,51.59999999999827,360.0,227.82251593409316,227.82680815248804
40730.0,6810656.75123759,6.271228236093259e-05,51.599999999998225,360.0,228.14434404583483,228.1485139892883
40740.0,6810652.457172031,6.30267795012266e-05,51.599999999998396,360.0,228.466172414476,228.470220244502
40750.0,6810648.163098669,6.333928964574326e-05,51.59999999999852,360.0,228.78800095536576,228.7919270095651
40760.0,6810643.869018475,6.36498028534659e-05,51.59999999999849,360.0,229.10982960242836,229.11363435734955
40770.0,6810639.574932042,6.395830928364782e-05,51.599999999998495,360.0,229.4316583211755,229.43534232910622
40780.0,6810635.280840002,6.426479914924875e-05,51.599999999998396,360.0,229.75348707212316,229.757050971069
40790.0,6810630.9867427945,6.456926274560922e-05,51.59999999999826,360.0,230.07531583048603,230.07876031477988
40800.0,6810626.69264073,6.487169043887779e-05,51.59999999999823,360.0,230.39714458399445,230.40047037925189
40810.0,6810622.398534051,6.517207266402275e-05,51.59999999999825,360.0,230.7189733218289,230.72218118202966
40820.0,6810618.104422963,6.547039992496942e-05,51.59999999999832,360.0,231.04080203845248,231.04389273536103
40830.0,6810613.810307718,6.576666278731473e-05,51.59999999999827,360.0,231.36263072217514,231.3656050576224
40840.0,6810609.516188393,6.606085189614355e-05,51.599999999998246,360.0,231.68445937852843,231.68731814996002
40850.0,6810605.222065195,6.635295794622697e-05,51.59999999999831,360.0,232.0062879994301,232.00903202709884
40860.0,6810600.927938161,6.664297171234536e-05,51.599999999998374,360.0,232.3281165907023,232.33074668987794
40870.0,6810596.633807352,6.693088403682643e-05,51.599999999998396,360.0,232.64994515675156,232.65246214049935
40880.0,6810592.339672886,6.721668582129536e-05,51.59999999999836,360.0,232.97177369611165,232.97417838706596
40890.0,6810588.045534844,6.750036804113219e-05,51.59999999999847,360.0,233.29360221173883,233.29589543316916
40900.0,6810583.751393173,6.778192173851166e-05,51.59999999999847,360.0,233.61543071559626,233.6176132734233
40910.0,6810579.457247941,6.80613380256179e-05,51.59999999999847,360.0,233.9372592101831,233.93933191187637
40920.0,6810575.163099127,6.83386080773455e-05,51.59999999999841,360.0,234.25908770578317,234.2610513447475
40930.0,6810570.868946839,6.86137231352839e-05,51.59999999999836,360.0,234.58091620012175,234.58277158082592
40940.0,6810566.57479107,6.888667451410806e-05,51.59999999999844,360.0,234.9027447037188,234.90449261605374
40950.0,6810562.280631815,6.91574535968209e-05,51.59999999999852,360.0,235.22457322225748,235.2262144511781
40960.0,6810557.986469042,6.942605183393345e-05,51.599999999998495,360.0,235.54640176644298,235.5479370819474
40970.0,6810553.692302791,6.969246074184794e-05,51.59999999999861,360.0,235.8682303393717,235.86966051164475
40980.0,6810549.398132992,6.995667191304311e-05,51.599999999998545,360.0,236.19005895619142,236.19138473148013
40990.0,6810545.103959753,7.02186769988404e-05,51.599999999998516,360.0,236.5118876125952,236.51310975210154
41000.0,6810540.809783009,7.047846773256438e-05,51.599999999998595,360.0,236.83371632098374,236.8348355674208
41010.0,6810536.515602788,7.073603590632865e-05,51.59999999999852,360.0,237.15554508553734,237.15656217952628
41020.0,6810532.221419022,7.099137339123984e-05,51.59999999999843,360.0,237.47737391789622,237.47828958302551
41030.0,6810527.92723172,7.124447212681275e-05,51.59999999999844,360.0,237.79920282500848,237.80001777717257
41040.0,6810523.633040909,7.149532411366031e-05,51.59999999999849,360.0,238.12103181182144,238.12174676323386
41050.0,6810519.3388465345,7.174392143570461e-05,51.59999999999867,360.0,238.44286088474456,238.44347654094486
41060.0,6810515.0446485095,7.199025624797785e-05,51.599999999998765,360.0,238.76469005929795,238.76520710088798
41070.0,6810510.750446887,7.223432076727993e-05,51.599999999998765,360.0,239.08651933641713,239.0869384482162
41080.0,6810506.45624168,7.247610728427977e-05,51.59999999999872,360.0,239.4083487200649,239.40867058501027
41090.0,6810502.162032789,7.271560816911094e-05,51.59999999999873,360.0,239.7301782246586,239.7304035028607
41100.0,6810497.86782021,7.295281585762216e-05,51.59999999999869,360.0,240.05200785574377,240.0521372021998
41110.0,6810493.573603981,7.318772285705616e-05,51.599999999998815,360.0,240.3738376155822,240.3738716867002
41120.0,6810489.279384021,7.34203217482618e-05,51.59999999999887,360.0,240.69566751618893,240.695606950244
41130.0,6810484.985160347,7.365060518880266e-05,51.5999999999989,360.0,241.01749756127205,241.01734299499043
41140.0,6810480.690932907,7.387856590521802e-05,51.599999999998985,360.0,241.33932775918106,241.3390798183834
41150.0,6810476.396701666,7.41041966997947e-05,51.59999999999898,360.0,241.66115811790084,241.6608174182366
41160.0,6810472.102466678,7.432749044001452e-05,51.599999999999056,360.0,241.98298863818306,241.98255579952408
41170.0,6810467.808227859,7.454844007936689e-05,51.59999999999912,360.0,242.30481933295994,242.30429495501332
41180.0,6810463.513985253,7.4767038631452e-05,51.599999999999135,360.0,242.62665020095835,242.62603489161722
41190.0,6810459.219738703,7.49832792042653e-05,51.59999999999905,360.0,242.94848126066958,242.94777559647048
41200.0,6810454.925488371,7.519715495378818e-05,51.59999999999907,360.0,243.27031250459402,243.26951708262337
41210.0,6810450.631234072,7.540865913268647e-05,51.59999999999903,360.0,243.59214395115893,243.5912593371484
41220.0,6810446.336975903,7.561778505457218e-05,51.599999999999,360.0,243.91397559489792,243.91300237101146
41230.0,6810442.042713823,7.582452611528176e-05,51.59999999999907,360.0,244.2358074459957,244.23474617946005
41240.0,6810437.748447756,7.602887578543965e-05,51.59999999999911,360.0,244.55763951349877,244.55649075879674
41250.0,6810433.4541777065,7.623082760854479e-05,51.599999999999085,360.0,244.87947180240926,244.87823610936942
41260.0,6810429.159903675,7.64303752003481e-05,51.599999999999135,360.0,245.20130431531732,245.19998223386958
41270.0,6810424.8656256255,7.662751226311653e-05,51.59999999999912,360.0,245.52313705855462,245.5217291312028
41280.0,6810420.571343549,7.682223255930106e-05,51.599999999999135,360.0,245.84497003713142,245.84347680154053
41290.0,6810416.2770574475,7.701452994015258e-05,51.59999999999918,360.0,246.16680325850135,246.16522524254785
41300.0,6810411.982767302,7.720439833535392e-05,51.59999999999921,360.0,246.48863672147107,246.48697446050954
41310.0,6810407.688473129,7.739183173420945e-05,51.599999999999135,360.0,246.81047043450477,246.8087244520075
41320.0,6810403.39417488,7.75768242232162e-05,51.5999999999992,360.0,247.13230440060258,247.1304752190066
41330.0,6810399.099872527,7.775936994864602e-05,51.59999999999932,360.0,247.45413862862523,247.4522267575715
41340.0,6810394.805566089,7.793946314507798e-05,51.59999999999929,360.0,247.7759731192144,247.77397907193
41350.0,6810390.511255507,7.81170981219565e-05,51.599999999999305,360.0,248.0978078812488,248.09573215802288
41360.0,6810386.2169408845,7.829226925441927e-05,51.59999999999939,360.0,248.41964291066122,248.41748602468965
41370.0,6810381.922622111,7.846497101236254e-05,51.59999999999936,360.0,248.74147821850246,248.73924066558715
41380.0,6810377.628299174,7.863519794120548e-05,51.59999999999932,360.0,249.0633138087298,249.06099608139152
41390.0,6810373.333972152,7.880294465327013e-05,51.59999999999928,360.0,249.38514968227685,249.3827522757781
41400.0,6810369.03964096,7.896820584473585e-05,51.59999999999932,360.0,249.70698584620754,249.70450924623034
41410.0,6810364.745305623,7.913097629706456e-05,51.59999999999921,360.0,250.02882230052145,250.02626699721515
41420.0,6810360.450966165,7.929125086290532e-05,51.5999999999992,360.0,250.35065904641954,250.3480255319642
41430.0,6810356.156622582,7.94490244680133e-05,51.59999999999927,360.0,250.67249608963346,250.6697848491001
41440.0,6810351.862274903,7.960429212100298e-05,51.59999999999928,360.0,250.99433343239144,250.99154495069732
41450.0,6810347.567923066,7.975704892232606e-05,51.59999999999943,360.0,251.31617107835197,251.31330583733737
41460.0,6810343.273567147,7.990729003414884e-05,51.59999999999939,360.0,251.63800902730887,251.6350675134384
41470.0,6810338.979207142,8.005501070367726e-05,51.59999999999933,360.0,251.9598472847295,251.95682997763092
41480.0,6810334.684843009,8.020020626140638e-05,51.599999999999376,360.0,252.2816858536081,252.27859323099366
41490.0,6810330.390474842,8.034287211118002e-05,51.599999999999426,360.0,252.603524730742,252.60035728071904
41500.0,6810326.09610266,8.048300373837946e-05,51.59999999999945,360.0,252.92536391929644,252.92212212758446
41510.0,6810321.801726432,8.062059671910579e-05,51.599999999999575,360.0,253.24720342159094,253.24388777313234
41520.0,6810317.50734628,8.075564668473168e-05,51.59999999999958,360.0,253.56904323397896,253.5656542248353
41530.0,6810313.212962107,8.088814937389123e-05,51.599999999999575,360.0,253.89088336508257,253.88742147780866
41540.0,6810308.918574015,8.101810058628404e-05,51.59999999999972,360.0,254.21272381113536,254.20918953951087
41550.0,6810304.624182021,8.11454962122038e-05,51.599999999999696,360.0,254.53456457302585,254.53095841265397
41560.0,6810300.329786168,8.127033221838358e-05,51.59999999999969,360.0,254.8564056504589,254.85272810108285
41570.0,6810296.035386541,8.13926046498263e-05,51.59999999999972,360.0,255.17824704181825,255.17449860992818
41580.0,6810291.740983122,8.151230963993008e-05,51.59999999999974,360.0,255.50008874692566,255.4962699427582
41590.0,6810287.446576018,8.162944339423633e-05,51.599999999999646,360.0,255.82193076529165,255.81804210342148
41600.0,6810283.152165298,8.174400220694484e-05,51.59999999999967,360.0,256.14377308935684,256.13981510277495
41610.0,6810278.85775106,8.185598244608994e-05,51.599999999999675,360.0,256.4656157188368,256.46158894430226
41620.0,6810274.563333329,8.19653805690897e-05,51.599999999999575,360.0,256.78745865052065,256.78336363437785
41630.0,6810270.268912198,8.207219310577093e-05,51.59999999999956,360.0,257.1093018844815,257.10513917602213
41640.0,6810265.97448773,8.217641667565837e-05,51.59999999999947,360.0,257.43114541484414,257.42691557809053
41650.0,6810261.680060085,8.227804797401746e-05,51.59999999999952,360.0,257.752989233964,257.7486928511915
41660.0,6810257.385629277,8.237708378002927e-05,51.599999999999525,360.0,258.07483334232836,258.0704709977193
41670.0,6810253.0911955545,8.247352095182432e-05,51.59999999999951,360.0,258.396677725968,258.3922500344278
41680.0,6810248.796759,8.256735643434979e-05,51.599999999999646,360.0,258.7185223793984,258.7140299695394
41690.0,6810244.502319767,8.265858725262976e-05,51.599999999999575,360.0,259.04036729278045,259.03581081557365
41700.0,6810240.207878073,8.274721050777743e-05,51.59999999999962,360.0,259.36221245433427,259.35759258689154
41710.0,6810235.913433978,8.283322339225052e-05,51.59999999999967,360.0,259.6840578616764,259.67937528840264
41720.0,6810231.618987784,8.291662317528499e-05,51.59999999999969,360.0,260.0059034942568,260.00115894309994
41730.0,6810227.3245396875,8.299740721181848e-05,51.599999999999675,360.0,260.3277493398814,260.3229435655607
41740.0,6810223.030089964,8.307557293237613e-05,51.59999999999967,360.0,260.6495953793808,260.6447291772424
41750.0,6810218.735638895,8.315111785599855e-05,51.5999999999998,360.0,260.9714415968905,260.96651579627644
41760.0,6810214.441186735,8.32240395836693e-05,51.59999999999985,360.0,261.2932879730609,261.2883034441542
41770.0,6810210.146733872,8.329433579790385e-05,51.59999999999992,360.0,261.61513448075596,261.6100921500924
41780.0,6810205.852280693,8.336200426203794e-05,51.600000000000016,360.0,261.9369810958786,261.93188194021263
41790.0,6810201.5578276245,8.342704282333373e-05,51.60000000000021,360.0,262.258827788811,262.2536728460674
41800.0,6810197.263375272,8.348944941003546e-05,51.60000000000016,360.0,262.5806745157493,262.57546491333943
41810.0,6810192.968924061,8.354922203740923e-05,51.60000000000011,360.0,262.90252124738936,262.8972581731141
41820.0,6810188.674474691,8.360635880258092e-05,51.599999999999994,360.0,263.22436793095216,263.21905267989086
41830.0,6810184.380027965,8.366085787913987e-05,51.600000000000044,360.0,263.5462145111705,263.5408484905893
41840.0,6810180.085584685,8.37127175306547e-05,51.600000000000044,360.0,263.86806092987166,263.86264566495083
41850.0,6810175.791145943,8.376193609748185e-05,51.600000000000065,360.0,264.18990710876994,264.1844442827503
41860.0,6810171.496712903,8.380851200624181e-05,51.60000000000011,360.0,264.5117529616414,264.5062444316404
41870.0,6810167.202286974,8.385244376673492e-05,51.60000000000017,360.0,264.8335983856948,264.828046215745
41880.0,6810162.907869791,8.389372996881878e-05,51.600000000000286,360.0,265.15544326016004,265.1498497571128
41890.0,6810158.613463395,8.39323692850768e-05,51.600000000000286,360.0,265.47728743508367,265.47165520688065
41900.0,6810154.319070293,8.396836047112134e-05,51.600000000000435,360.0,265.7991307270602,265.7934627495874
41910.0,6810150.024693548,8.40017023630953e-05,51.6000000000003,360.0,266.12097290577924,266.1152726165746
41920.0,6810145.730336951,8.403239388069752e-05,51.600000000000286,360.0,266.44281368989215,266.4370850901643
41930.0,6810141.436005583,8.406043402202785e-05,51.60000000000023,360.0,266.7646527022509,266.7589005484032
41940.0,6810137.141706068,8.408582186629618e-05,51.60000000000023,360.0,267.0864894479558,267.08071948697483
41950.0,6810132.84744718,8.410855657254211e-05,51.60000000000031,360.0,267.4083232709924,267.4025425626406
41960.0,6810128.553241406,8.412863737509342e-05,51.60000000000038,360.0,267.73015323952217,267.72437070792057
41970.0,6810124.259106905,8.414606358435153e-05,51.600000000000435,360.0,268.0519779934215,268.04620528350324
41980.0,6810119.96507177,8.416083457925458e-05,51.60000000000058,360.0,268.37379543136956,268.3680483912308
41990.0,6810115.671182591,8.417294980112186e-05,51.60000000000068,360.0,268.69560206328435,268.68990352159847
42000.0,6810111.377526552,8.41824087349593e-05,51.60000000000075,360.0,269.01739135541317,269.01177720873324
42010.0,6810107.084296504,8.418921086848049e-05,51.60000000000083,360.0,269.339148860851,269.33368389980814
42020.0,6810102.792091354,8.419335556198155e-05,51.60000000000087,360.0,269.6608296938546,269.6556684807788
42030.0,6810098.508673966,8.419484103375211e-05,51.60000000000084,360.0,269.9818520680952,269.97831273808725
42040.0,6810094.226214671,8.419365545328773e-05,51.60000000000094,360.0,270.30280277898044,270.30102987637713
42050.0,6810089.9286416955,8.418981628549086e-05,51.60000000000069,360.0,270.6248863387243,270.6226153834012
42060.0,6810085.632255614,8.418332209958368e-05,51.60000000000068,360.0,270.9468810979625,270.94429090840885
42070.0,6810081.336339818,8.417417261719537e-05,51.60000000000076,360.0,271.26884076347733,271.2660027444517
42080.0,6810077.040676255,8.416236789461603e-05,51.60000000000076,360.0,271.59078168123403,271.5877345452994
42090.0,6810072.74516905,8.414790816140025e-05,51.600000000000755,360.0,271.9127110361235,271.90947912570806
42100.0,6810068.449767423,8.413079377646454e-05,51.60000000000078,360.0,272.23463264065094,272.2312326727909
42110.0,6810064.154441294,8.411102520591604e-05,51.6000000000007,360.0,272.5565487496186,272.5529929312312
42120.0,6810059.859171199,8.408860301335594e-05,51.60000000000065,360.0,272.87846082228293,272.8747584412058
42130.0,6810055.5639439095,8.406352785728369e-05,51.60000000000069,360.0,273.2003698559222,273.19652820479916
42140.0,6810051.268750097,8.403580048721294e-05,51.60000000000072,360.0,273.52227655030583,273.51830152152485
42150.0,6810046.973582839,8.400542174055718e-05,51.600000000000726,360.0,273.8441814272267,273.84007786879215
42160.0,6810042.678436904,8.397239254397431e-05,51.600000000000755,360.0,274.1660848802784,274.1618568521361
42170.0,6810038.383308166,8.393671390723348e-05,51.60000000000069,360.0,274.4879872225869,274.4836381574805
42180.0,6810034.088193386,8.389838693004213e-05,51.600000000000485,360.0,274.8098887006578,274.8054215372979
42190.0,6810029.793090082,8.38574127940541e-05,51.60000000000051,360.0,275.13178950203536,275.1272068029378
42200.0,6810025.497995997,8.381379276735482e-05,51.600000000000556,360.0,275.4536897967294,275.44899378321816
42210.0,6810021.202909442,8.376752820336081e-05,51.60000000000044,360.0,275.7755897163256,275.77078234530984
42220.0,6810016.9078289615,8.371862053831298e-05,51.60000000000053,360.0,276.09748937026234,276.0925723784228
42230.0,6810012.612753356,8.366707129651176e-05,51.600000000000534,360.0,276.41938885608255,276.414363783634
42240.0,6810008.317681498,8.361288208048644e-05,51.600000000000534,360.0,276.74128825548456,276.73615647776586
42250.0,6810004.022612581,8.355605458087198e-05,51.60000000000052,360.0,277.0631876352766,277.0579503924421
42260.0,6809999.727545775,8.349659057115089e-05,51.60000000000066,360.0,277.3850870576325,277.3797454638845
42270.0,6809995.432480359,8.343449190784002e-05,51.600000000000655,360.0,277.70698658008075,277.70154163284775
42280.0,6809991.137415709,8.336976052992155e-05,51.60000000000057,360.0,278.02888625349664,278.0233388466696
42290.0,6809986.842351422,8.330239846753449e-05,51.60000000000069,360.0,278.3507861114078,278.34513706999513
42300.0,6809982.547286997,8.323240782411609e-05,51.60000000000068,360.0,278.6726861934476,278.66693626125254
42310.0,6809978.25222197,8.315979078954333e-05,51.60000000000065,360.0,278.99458653783245,278.9887363802215
42320.0,6809973.957156076,8.308454964081616e-05,51.60000000000068,360.0,279.3164871671003,279.31053740231204
42330.0,6809969.662088863,8.300668673138291e-05,51.600000000000556,360.0,279.63838811568166,279.63233929093457
42340.0,6809965.367020126,8.292620450161501e-05,51.600000000000406,360.0,279.96028940348884,279.95414202396364
42350.0,6809961.071949592,8.284310547757408e-05,51.6000000000005,360.0,280.2821910561102,280.2759455735241
42360.0,6809956.776877001,8.275739226248719e-05,51.60000000000048,360.0,280.60409309414734,280.5977499166561
42370.0,6809952.481802223,8.266906754624052e-05,51.600000000000556,360.0,280.92599552999354,280.919555038528
42380.0,6809948.1867250195,8.257813410014877e-05,51.6000000000006,360.0,281.2478983854455,281.2413609148313
42390.0,6809943.891645207,8.248459477802499e-05,51.600000000000655,360.0,281.56980167746514,281.5631675260422
42400.0,6809939.596562558,8.238845251081346e-05,51.60000000000072,360.0,281.8917054247257,281.8849748508283
42410.0,6809935.301477033,8.228971032531528e-05,51.60000000000067,360.0,282.2136096384108,282.2067828752864
42420.0,6809931.006388436,8.218837131280047e-05,51.60000000000081,360.0,282.53551433112756,282.5285915840287
42430.0,6809926.71129673,8.208443866479359e-05,51.60000000000088,360.0,282.8574195110795,282.8504009659875
42440.0,6809922.416201727,8.197791563961708e-05,51.60000000000084,360.0,283.17932519474164,283.17221100176454
42450.0,6809918.121103351,8.186880558699931e-05,51.600000000000925,360.0,283.50123139225457,283.4940216782083
42460.0,6809913.826001564,8.175711193307312e-05,51.60000000000095,360.0,283.823138107516,283.81583298836614
42470.0,6809909.530896248,8.164283819050146e-05,51.60000000000096,360.0,284.1450453556059,284.1376449140183
42480.0,6809905.235787353,8.152598794820294e-05,51.60000000000096,360.0,284.4669531429907,284.4594574454921
42490.0,6809900.9406747725,8.140656488035091e-05,51.60000000000077,360.0,284.7888614803281,284.7812705688516
42500.0,6809896.64555849,8.128457274339296e-05,51.60000000000067,360.0,285.110770373457,285.10308427493857
42510.0,6809892.350438417,8.116001537072138e-05,51.600000000000634,360.0,285.43267983306225,285.4248985496478
42520.0,6809888.055314545,8.103289667891117e-05,51.60000000000063,360.0,285.754589862094,285.7467133865587
42530.0,6809883.760186737,8.090322066414979e-05,51.60000000000058,360.0,286.0765004757228,286.0685287669743
42540.0,6809879.4650550485,8.077099140809001e-05,51.60000000000066,360.0,286.3984116724088,286.3903446888304
42550.0,6809875.169919371,8.063621306561836e-05,51.60000000000069,360.0,286.72032346452727,286.7121611360837
42560.0,6809870.874779731,8.049888987982478e-05,51.600000000000804,360.0,287.0422358537977,287.0339781032802
42570.0,6809866.579636065,8.03590261706429e-05,51.600000000000726,360.0,287.3641488503995,287.35579557643337
42580.0,6809862.284488335,8.021662633568177e-05,51.60000000000075,360.0,287.68606246074023,287.6776135452913
42590.0,6809857.98933662,8.007169486179266e-05,51.60000000000069,360.0,288.0079766809917,287.99943200973735
42600.0,6809853.694180755,7.992423630273251e-05,51.60000000000059,360.0,288.3298915277974,288.32125094915403
42610.0,6809849.39902077,7.977425529907516e-05,51.60000000000058,360.0,288.6518070043279,288.643070356311
42620.0,6809845.103856687,7.962175657551552e-05,51.600000000000584,360.0,288.973723110806,288.96489022688786
42630.0,6809840.808688501,7.946674493062054e-05,51.6000000000006,360.0,289.29563985579574,289.2867105481453
42640.0,6809836.513516149,7.93092252413472e-05,51.60000000000058,360.0,289.6175572456615,289.6085313094861
42650.0,6809832.218339701,7.91492024709549e-05,51.60000000000058,360.0,289.9394752810945,289.93035250592703
42660.0,6809827.923159066,7.898668165198988e-05,51.600000000000556,360.0,290.2613939712423,290.2521741239649
42670.0,6809823.62797429,7.882166790426248e-05,51.600000000000485,360.0,290.58331331943896,290.5739961558483
42680.0,6809819.332785374,7.865416642684108e-05,51.60000000000053,360.0,290.9052333293545,290.8958185934376
42690.0,6809815.037592314,7.848418248526578e-05,51.60000000000047,360.0,291.2271540064191,291.21764142679285
42700.0,6809810.742395072,7.831172143403777e-05,51.60000000000048,360.0,291.54907535685044,291.5394646451017
42710.0,6809806.447193715,7.813678870804278e-05,51.600000000000534,360.0,291.8709973808135,291.86128824354097
42720.0,6809802.151988227,7.795938981324222e-05,51.60000000000052,360.0,292.1929200832285,292.18311221251207
42730.0,6809797.85677861,7.777953034057434e-05,51.60000000000046,360.0,292.5148434732213,292.50493653814067
42740.0,6809793.561564843,7.759721594924341e-05,51.60000000000049,360.0,292.8367675526655,292.8267612137305
42750.0,6809789.266347018,7.741245238896415e-05,51.60000000000051,360.0,293.15869232297183,293.14858623301353
42760.0,6809784.97112503,7.72252454735798e-05,51.600000000000435,360.0,293.48061779713737,293.47041157807985
42770.0,6809780.675898951,7.703560110144196e-05,51.6000000000005,360.0,293.80254397215583,293.79223724695123
42780.0,6809776.380668757,7.684352524116202e-05,51.60000000000051,360.0,294.1244708562317,294.11406322640994
42790.0,6809772.085434537,7.664902395355929e-05,51.60000000000055,360.0,294.44639845094025,294.4358895098101
42800.0,6809767.7901962325,7.64521033596333e-05,51.60000000000051,360.0,294.768326762309,294.7577160859945
42810.0,6809763.494953893,7.625276966433143e-05,51.60000000000048,360.0,295.09025579385,295.0795429462746
42820.0,6809759.199707498,7.605102914848357e-05,51.600000000000435,360.0,295.4121855521057,295.4013700788932
42830.0,6809754.904457053,7.58468881652889e-05,51.60000000000047,360.0,295.7341160436961,295.72319747194234
42840.0,6809750.609202624,7.564035315492303e-05,51.6000000000005,360.0,296.05604727044124,296.0450251182799
42850.0,6809746.313944213,7.543143062339669e-05,51.60000000000047,360.0,296.3779792362827,296.3668530086054
42860.0,6809742.018681805,7.522012714778288e-05,51.60000000000052,360.0,296.6999119493535,296.6886811293431
42870.0,6809737.723415439,7.500644939024169e-05,51.60000000000051,360.0,297.0218454120287,297.0105094726542
42880.0,6809733.428145175,7.479040408864185e-05,51.60000000000039,360.0,297.3437796286041,297.33233802874884
42890.0,6809729.132870963,7.457199804323898e-05,51.6000000000005,360.0,297.6657146065692,297.65416678456415
42900.0,6809724.837592851,7.435123814170122e-05,51.600000000000435,360.0,297.987650351012,297.9759957294189
42910.0,6809720.542310842,7.412813134079785e-05,51.60000000000051,360.0,298.3095868673349,298.2978248522722
42920.0,6809716.247025018,7.390268467951461e-05,51.60000000000043,360.0,298.6315241569369,298.61965414602093
42930.0,6809711.951735298,7.367490525152917e-05,51.6000000000004,360.0,298.9534622328407,298.94148359193247
42940.0,6809707.656441717,7.344480023823414e-05,51.60000000000044,360.0,299.27540109931596,299.26331317995226
42950.0,6809703.361144355,7.32123768999248e-05,51.6000000000004,360.0,299.59734075706984,299.585142903565
42960.0,6809699.06584322,7.297764255929165e-05,51.60000000000035,360.0,299.9192812147002,299.9069727483179
42970.0,6809694.770538287,7.274060461345683e-05,51.60000000000035,360.0,300.241222479452,300.22880270106043
42980.0,6809690.475229545,7.250127053347208e-05,51.60000000000032,360.0,300.5631645611141,300.55063274609074
42990.0,6809686.179917,7.22596478609696e-05,51.60000000000031,360.0,300.8851074671468,300.8724628699822
43000.0,6809681.884600776,7.201574422087731e-05,51.60000000000028,360.0,301.20705119542663,301.19429306884024
43010.0,6809677.589280819,7.176956729958509e-05,51.60000000000021,360.0,301.5289957599064,301.51612332266996
43020.0,6809673.293957108,7.152112485371547e-05,51.60000000000024,360.0,301.8509411682509,301.8379536177243
43030.0,6809668.9986296985,7.12704247180278e-05,51.60000000000016,360.0,302.1728874268402,302.1597839415219
43040.0,6809664.703298649,7.101747479797863e-05,51.60000000000025,360.0,302.4948345402607,302.48161428331633
43050.0,6809660.4079638515,7.076228305899078e-05,51.600000000000286,360.0,302.8167825239476,302.8034446214941
43060.0,6809656.1126253875,7.050485755770488e-05,51.60000000000032,360.0,303.1387313822833,303.12527494545327
43070.0,6809651.817283238,7.0245206401016e-05,51.60000000000034,360.0,303.4606811257951,303.4471052384285
43080.0,6809647.521937383,6.99833377759238e-05,51.60000000000037,360.0,303.7826317649786,303.76893548365734
43090.0,6809643.226587879,6.971925994718384e-05,51.60000000000034,360.0,304.1045833063904,304.0907656682693
43100.0,6809638.931234681,6.94529812275992e-05,51.60000000000031,360.0,304.426535762785,304.4125957731718
43110.0,6809634.635877811,6.918451001727388e-05,51.600000000000435,360.0,304.74848914351736,304.73442578264167
43120.0,6809630.340517163,6.891385477517728e-05,51.60000000000043,360.0,305.07044346578255,305.05625567309875
43130.0,6809626.045152799,6.864102403720031e-05,51.60000000000046,360.0,305.39239873740206,305.37808543030457
43140.0,6809621.749784671,6.836602640393002e-05,51.600000000000456,360.0,305.7143549717025,305.69991503448097
43150.0,6809617.454412737,6.8088870543832e-05,51.60000000000048,360.0,306.0363121840705,306.0217444637768
43160.0,6809613.159036986,6.780956519332099e-05,51.60000000000049,360.0,306.3582703858425,306.34357370035497
43170.0,6809608.8636573665,6.752811915532719e-05,51.60000000000042,360.0,306.68022959372985,306.66540272097797
43180.0,6809604.5682738405,6.724454130206422e-05,51.6000000000004,360.0,307.0021898238335,306.9872315030049
43190.0,6809600.272886304,6.695884056762929e-05,51.60000000000051,360.0,307.32415109569087,307.3090600203425
43200.0,6809595.9774946105,6.667102595158826e-05,51.60000000000039,360.0,307.6461134323176,307.63088824338826
43210.0,6809591.682098733,6.638110652780684e-05,51.60000000000046,360.0,307.9680768515693,307.9527161476736
43220.0,6809587.386698565,6.608909142789534e-05,51.60000000000049,360.0,308.2900413744447,308.2745437055742
43230.0,6809583.091293979,6.579498985617161e-05,51.60000000000051,360.0,308.61200702438174,308.5963708870137
43240.0,6809578.7958847545,6.549881106749882e-05,51.6000000000007,360.0,308.93397383300027,308.9181976537253
43250.0,6809574.5004706895,6.520056439194353e-05,51.60000000000072,360.0,309.25594182943206,309.24002396986793
43260.0,6809570.205051467,6.490025920745213e-05,51.60000000000067,360.0,309.5779110554968,309.5618497869427
43270.0,6809565.909626859,6.459790497031717e-05,51.60000000000066,360.0,309.89988154346804,309.88367506596586
43280.0,6809561.61419645,6.429351118358354e-05,51.60000000000068,360.0,310.22185334313446,310.2054997504265
43290.0,6809557.318759814,6.398708741480316e-05,51.60000000000069,360.0,310.54382650373384,310.5273237843278
43300.0,6809553.023316346,6.367864328485981e-05,51.60000000000082,360.0,310.865801089808,310.84914709639935
43310.0,6809548.727865275,6.336818846636692e-05,51.60000000000086,360.0,311.18777717700607,311.1709696042212
43320.0,6809544.432405713,6.305573268135496e-05,51.600000000000904,360.0,311.50975485539203,311.49279121096015
43330.0,6809540.136936398,6.274128569214732e-05,51.60000000000099,360.0,311.83173424087926,311.8146117939055
43340.0,6809535.841455731,6.242485729467656e-05,51.60000000000094,360.0,312.1537154782175,312.1364312015219
43350.0,6809531.5459614815,6.210645730078974e-05,51.60000000000104,360.0,312.47569875979593,312.4582492345973
43360.0,6809527.250450411,6.1786095507806e-05,51.60000000000095,360.0,312.7976843582818,312.7800656136705
43370.0,6809522.954917942,6.146378167215409e-05,51.600000000001046,360.0,313.11967264910055,313.10187995650176
43380.0,6809518.6593567,6.113952539144775e-05,51.60000000000114,360.0,313.44166422688437,313.42369166163854
43390.0,6809514.3637540685,6.081333593035312e-05,51.60000000000122,360.0,313.7636600826322,313.7454997312289
43400.0,6809510.068086071,6.048522173397161e-05,51.60000000000112,360.0,314.08566207598994,314.06730229882254
43410.0,6809505.772296961,6.01551888478575e-05,51.600000000001096,360.0,314.407674482155,314.38909508236014
43420.0,6809501.476194503,5.982323279758747e-05,51.600000000001074,360.0,314.72971189650895,314.7108634796409
43430.0,6809497.179890521,5.9489373133121385e-05,51.600000000001074,360.0,315.05176671256703,315.03261509030517
43440.0,6809492.885936518,5.915381792665707e-05,51.6000000000012,360.0,315.37364562844556,315.35454320938766
43450.0,6809488.590966114,5.881631585260966e-05,51.600000000001224,360.0,315.6956012751179,315.67639519908084
43460.0,6809484.295826134,5.847694367512775e-05,51.600000000001195,360.0,316.01757052165027,315.998234183475
43470.0,6809480.000611935,5.8135719573099495e-05,51.600000000001195,360.0,316.3395463351872,316.32006718858275
43480.0,6809475.705355665,5.7792656839627256e-05,51.60000000000108,360.0,316.6615263738048,316.64189654949706
43490.0,6809471.410071904,5.744776744566799e-05,51.60000000000102,360.0,316.9835095964255,316.96372330046734
43500.0,6809467.114768749,5.710106291419184e-05,51.60000000000122,360.0,317.3054954362643,317.2855480014397
43510.0,6809462.819450995,5.675255456263263e-05,51.600000000001245,360.0,317.62748357276644,317.60737096616214
43520.0,6809458.524121837,5.640225364054312e-05,51.60000000000137,360.0,317.9494738036058,317.9291923901239
43530.0,6809454.228783511,5.605017137805286e-05,51.600000000001494,360.0,318.27146599359344,318.251012401717
43540.0,6809449.933437543,5.569631900453229e-05,51.60000000000154,360.0,318.59346006363137,318.57283107325014
43550.0,6809445.638085195,5.534070778567365e-05,51.60000000000156,360.0,318.9154559517242,318.89464845990227
43560.0,6809441.342727372,5.498334901561928e-05,51.60000000000141,360.0,319.2374536215127,319.2164645912639
43570.0,6809437.047364714,5.46242540187415e-05,51.60000000000134,360.0,319.5594530622362,319.5382794713057
43580.0,6809432.751997905,5.4263434182297177e-05,51.60000000000128,360.0,319.8814542540517,319.8600931131151
43590.0,6809428.45662738,5.390090092508663e-05,51.60000000000116,360.0,320.20345720141245,320.1819055054982
43600.0,6809424.161253566,5.3536665721211606e-05,51.6000000000012,360.0,320.525461907757,320.5037166382744
43610.0,6809419.865876823,5.3170740091003904e-05,51.60000000000123,360.0,320.84746838297207,320.8255264948277
43620.0,6809415.57049739,5.280313560319167e-05,51.600000000001224,360.0,321.16947664216406,321.1473350533536
43630.0,6809411.275115516,5.243386387540273e-05,51.60000000000111,360.0,321.49148670953696,321.469142282954
43640.0,6809406.979731516,5.206293658382718e-05,51.60000000000115,360.0,321.8134985984318,321.79094816361584
43650.0,6809402.684345535,5.1690365446090986e-05,51.60000000000119,360.0,322.13551234056575,322.1127526569526
43660.0,6809398.388957692,5.131616222759106e-05,51.60000000000137,360.0,322.4575279693481,322.4345557229165
43670.0,6809394.0935681565,5.094033875046376e-05,51.60000000000137,360.0,322.7795455129925,322.75635732666586
43680.0,6809389.798177157,5.056290689383112e-05,51.60000000000139,360.0,323.1015649971643,323.07815743594875
43690.0,6809385.502784818,5.0183878577308254e-05,51.60000000000141,360.0,323.4235864596912,323.39995600633665
43700.0,6809381.207391184,4.9803265764513224e-05,51.60000000000128,360.0,323.74560994634425,323.72175298551156
43710.0,6809376.911996445,4.942108048127866e-05,51.60000000000144,360.0,324.0676354906266,324.0435483334164
43720.0,6809372.616600689,4.9037334795192056e-05,51.60000000000152,360.0,324.38966313703224,324.36534199904924
43730.0,6809368.321203988,4.8652040825296324e-05,51.60000000000158,360.0,324.7116929321386,324.68713392936223
43740.0,6809364.025806432,4.82652107340952e-05,51.60000000000156,360.0,325.03372492269375,325.0089240711187
43750.0,6809359.730408176,4.787685674325002e-05,51.60000000000155,360.0,325.355759151049,325.330712375526
43760.0,6809355.435009231,4.74869911077992e-05,51.600000000001614,360.0,325.6777956823661,325.6524987710088
43770.0,6809351.139609688,4.7095626138855515e-05,51.600000000001614,360.0,325.999834566285,325.974283201536
43780.0,6809346.844209586,4.6702774189025246e-05,51.60000000000158,360.0,326.32187585693856,326.2960656066207
43790.0,6809342.548809037,4.6308447668055245e-05,51.60000000000161,360.0,326.64391961544015,326.61784591882673
43800.0,6809338.253408159,4.5912659029103286e-05,51.60000000000153,360.0,326.9659658969697,326.93962407666385
43810.0,6809333.958006962,4.5515420761601376e-05,51.60000000000145,360.0,327.2880147718108,327.2614000035873
43820.0,6809329.662605502,4.511674540798914e-05,51.600000000001494,360.0,327.61006631319896,327.5831736201037
43830.0,6809325.367203905,4.4716645563828695e-05,51.600000000001494,360.0,327.9321205827821,327.90494485836257
43840.0,6809321.071802158,4.431513385054113e-05,51.60000000000141,360.0,328.2541776577064,328.22671363503974
43850.0,6809316.7764003035,4.391222294296817e-05,51.60000000000148,360.0,328.5762376213462,328.5484798606316
43860.0,6809312.480998479,4.350792557106974e-05,51.60000000000151,360.0,328.8983005481462,328.87024345456337
43870.0,6809308.185596691,4.3102254494453406e-05,51.600000000001614,360.0,329.22036652133636,329.19200432756065
43880.0,6809303.890194994,4.269522251915195e-05,51.600000000001586,360.0,329.54243563298854,329.51376238149095
43890.0,6809299.594793436,4.228684249697093e-05,51.60000000000157,360.0,329.8645079751205,329.83551751835006
43900.0,6809295.299392065,4.18771273193811e-05,51.600000000001614,360.0,330.1865836408579,330.15726963905894
43910.0,6809291.003990932,4.14660899227452e-05,51.600000000001685,360.0,330.5086627333031,330.47901863456724
43920.0,6809286.708590052,4.1053743277879615e-05,51.6000000000017,360.0,330.83074536054204,330.8007643909136
43930.0,6809282.413189459,4.064010040395441e-05,51.60000000000167,360.0,331.15283163122416,331.1225067935978
43940.0,6809278.117789279,4.022517436855314e-05,51.60000000000164,360.0,331.47492166246474,331.4442457197079
43950.0,6809273.82238953,3.980897826644791e-05,51.60000000000175,360.0,331.79701557129493,331.76598104643244
43960.0,6809269.526990186,3.939152523029724e-05,51.60000000000178,360.0,332.1191134905823,332.0877126351863
43970.0,6809265.231591349,3.897282844572785e-05,51.600000000001785,360.0,332.4412155454841,332.4094403551444
43980.0,6809260.936193089,3.855290113519358e-05,51.60000000000178,360.0,332.76332187144857,332.731164065201
43990.0,6809256.640795306,3.8131756540969416e-05,51.600000000001806,360.0,333.085432630714,333.05288359753865
44000.0,6809252.345398124,3.7709407968424343e-05,51.60000000000172,360.0,333.40754797084,333.37459879904367
44010.0,6809248.05000154,3.728586874417348e-05,51.600000000001764,360.0,333.72966805617494,333.6963094998573
44020.0,6809243.75460562,3.686115224370675e-05,51.60000000000172,360.0,334.0517930523854,334.0180155288798
44030.0,6809239.4592104005,3.643527187405024e-05,51.60000000000176,360.0,334.3739231360249,334.33971670411336
44040.0,6809235.163815897,3.600824108283905e-05,51.600000000001764,360.0,334.69605849908004,334.6614128282281
44050.0,6809230.868422114,3.558007334409815e-05,51.60000000000174,360.0,335.0181993421622,334.9831036952929
44060.0,6809226.573029126,3.515078217829522e-05,51.60000000000175,360.0,335.3403458650608,335.30478910024914
44070.0,6809222.27763694,3.47203811387963e-05,51.60000000000174,360.0,335.66249829261227,335.6264688130323
44080.0,6809217.982245542,3.428888380931449e-05,51.600000000001764,360.0,335.98465685387515,335.94814259943706
44090.0,6809213.686855,3.385630380963173e-05,51.600000000001714,360.0,336.30682178507845,336.26981021812065
44100.0,6809209.391465318,3.342265479896053e-05,51.60000000000173,360.0,336.62899335895594,336.59147139126435
44110.0,6809205.096076526,3.2987950464692656e-05,51.600000000001685,360.0,336.9511718427981,336.9131258465652
44120.0,6809200.800688584,3.255220452466591e-05,51.60000000000175,360.0,337.27335752379423,337.23477329188944
44130.0,6809196.505301566,3.211543074053457e-05,51.600000000001785,360.0,337.595550709029,337.55641341522795
44140.0,6809192.2099155625,3.1677642907249886e-05,51.600000000001856,360.0,337.9177517096216,337.87804590062643
44150.0,6809187.914530448,3.123885482791004e-05,51.60000000000182,360.0,338.23996087896126,338.19967038987727
44160.0,6809183.619146321,3.079908036303411e-05,51.600000000001906,360.0,338.56217856535085,338.52128652993986
44170.0,6809179.323763149,3.035833339031871e-05,51.60000000000193,360.0,338.8844051674676,338.84289391746063
44180.0,6809175.028380931,2.991662782275407e-05,51.6000000000019,360.0,339.2066410915996,339.1644921415116
44190.0,6809170.732999699,2.9473977601348632e-05,51.600000000001835,360.0,339.5288867739289,339.4860807613308
44200.0,6809166.437619436,2.9030396701783177e-05,51.600000000001906,360.0,339.8511426789212,339.8076593079424
44210.0,6809162.142240142,2.8585899122172052e-05,51.60000000000187,360.0,340.1734092953664,340.1292272880932
44220.0,6809157.846861891,2.814049889687165e-05,51.60000000000184,360.0,340.4956871395311,340.4507841811255
44230.0,6809153.551484652,2.7694210086425805e-05,51.600000000001835,360.0,340.8179767769,340.77232941719257
44240.0,6809149.25610833,2.7247046765741787e-05,51.60000000000174,360.0,341.1402788188545,341.09386238064855
44250.0,6809144.960732999,2.6799023056170788e-05,51.60000000000175,360.0,341.46259389560953,341.41538243705463
44260.0,6809140.665358572,2.635015309291545e-05,51.60000000000164,360.0,341.78492270346777,341.73688888593796
44270.0,6809136.369985194,2.5900451059109974e-05,51.600000000001764,360.0,342.10726596516105,342.0583810004696
44280.0,6809132.07461268,2.5449931128464168e-05,51.60000000000168,360.0,342.4296244858847,342.37985797142056
44290.0,6809127.779241117,2.4998607528449996e-05,51.60000000000156,360.0,342.75199909992887,342.7013189605234
44300.0,6809123.483870481,2.4546494505742962e-05,51.60000000000162,360.0,343.074390724883,343.0227630462875
44310.0,6809119.18850074,2.4093606326657947e-05,51.60000000000164,360.0,343.39680035418627,343.34418923140777
44320.0,6809114.893131815,2.3639957280843734e-05,51.60000000000181,360.0,343.7192290529512,343.6655964469846
44330.0,6809110.597763669,2.3185561680965562e-05,51.6000000000019,360.0,344.04167796402226,343.98698354646365
44340.0,6809106.302396283,2.273043386810769e-05,51.60000000000193,360.0,344.3641483263892,344.3083492871984
44350.0,6809102.007029611,2.2274588204294144e-05,51.6000000000019,360.0,344.6866414990383,344.6296923066141
44360.0,6809097.711663587,2.181803907084213e-05,51.60000000000187,360.0,345.0091589398772,344.951011143275
44370.0,6809093.416298148,2.1360800871652275e-05,51.60000000000193,360.0,345.3317022515685,345.27230419104444
44380.0,6809089.120933325,2.090288804444176e-05,51.600000000001955,360.0,345.65427316154273,345.5935697191211
44390.0,6809084.825568998,2.044431502960988e-05,51.600000000001934,360.0,345.97687356545015,345.91480582852125
44400.0,6809080.53020512,1.998509629767385e-05,51.60000000000202,360.0,346.2995055373831,346.2360104418922
44410.0,6809076.234841563,1.9525246327926485e-05,51.60000000000197,360.0,346.62217135420616,346.5571812791767
44420.0,6809071.939478206,1.906477962848075e-05,51.60000000000188,360.0,346.9448735206825,346.878315832494
44430.0,6809067.644114995,1.8603710723343613e-05,51.6000000000019,360.0,347.267614774234,347.19941136137527
44440.0,6809063.348751911,1.8142054168296012e-05,51.60000000000191,360.0,347.5903981480314,347.5204648296498
44450.0,6809059.053388741,1.767982451346845e-05,51.60000000000196,360.0,347.91322700867363,347.84147286781115
44460.0,6809054.758025373,1.7217036332179135e-05,51.600000000001906,360.0,348.23610506707513,348.16243176209156
44470.0,6809050.462661653,1.6753704223533915e-05,51.60000000000211,360.0,348.55903648878325,348.4833373441909
44480.0,6809046.167297419,1.6289842790010563e-05,51.60000000000222,360.0,348.88202587954476,348.80418500562973
44490.0,6809041.871932519,1.5825466661632048e-05,51.60000000000231,360.0,349.2050784157161,349.12496956743064
44500.0,6809037.576566633,1.536059046293846e-05,51.600000000002254,360.0,349.528199922624,349.44568520171595
44510.0,6809033.281199715,1.4895228861137773e-05,51.60000000000219,360.0,349.85139691333416,349.76632539291575
44520.0,6809028.985831492,1.4429396517981483e-05,51.60000000000216,360.0,350.17467679552163,350.0868827309309
44530.0,6809024.690461703,1.3963108107320476e-05,51.60000000000217,360.0,350.49804794616495,350.4073488364342
44540.0,6809020.395090023,1.3496378316708451e-05,51.60000000000223,360.0,350.82151994653924,350.72771412588435
44550.0,6809016.099716065,1.3029221837056322e-05,51.60000000000231,360.0,351.14510374621347,351.0479676475003
44560.0,6809011.80433957,1.256165338918568e-05,51.600000000002225,360.0,351.4688119408154,351.3680968035356
44570.0,6809007.508960143,1.2093687688889699e-05,51.60000000000217,360.0,351.7926590810534,351.6880870412232
44580.0,6809003.213577256,1.1625339452976036e-05,51.60000000000219,360.0,352.11666210495093,352.0079214205454
44590.0,6808998.91819044,1.115662341286249e-05,51.60000000000211,360.0,352.4408407853458,352.32758016676644
44600.0,6808994.622799086,1.0687554301938794e-05,51.60000000000202,360.0,352.7652184180918,352.64703998218897
44610.0,6808990.327402589,1.0218146864627325e-05,51.60000000000184,360.0,353.08982258747574,352.96627328078705
44620.0,6808986.032000029,9.748415819144802e-06,51.6000000000019,360.0,353.4146862337048,353.2852471206504
44630.0,6808981.73659062,9.278375911553846e-06,51.6000000000019,360.0,353.73984899429956,353.60392186263584
44640.0,6808977.441173324,8.808041868662521e-06,51.60000000000188,360.0,354.0653590160696,353.9222493584123
44650.0,6808973.145746951,8.337428413722783e-06,51.60000000000193,360.0,354.39127536259184,354.24017054294154
44660.0,6808968.850310069,7.86655024914901e-06,51.600000000001764,360.0,354.71767129568366,354.55761215301413
44670.0,6808964.554861037,7.395422069677593e-06,51.600000000001785,360.0,355.0446388029241,354.8744821997394
44680.0,6808960.259397858,6.924058538678946e-06,51.60000000000182,360.0,355.37229498084986,355.1906635853451
44690.0,6808955.963918071,6.452474276540274e-06,51.600000000001735,360.0,355.7007912623609,355.50600487577486
44700.0,6808951.668418642,5.980683858869217e-06,51.600000000001735,360.0,356.0303269938438,355.8203067235542
44710.0,6808947.372895819,5.50870178903714e-06,51.60000000000182,360.0,356.36116994259845,356.1333013603819
44720.0,6808943.077345001,5.036542494563013e-06,51.60000000000174,360.0,356.69368846474407,356.4446204291894
44730.0,6808938.7817599345,4.564220240744947e-06,51.60000000000191,360.0,357.02840364912754,356.7537428402839
44740.0,6808934.486132401,4.091749106006609e-06,51.600000000001785,360.0,357.3660775563623,357.059906532271
44750.0,6808930.190451235,3.6191428810243677e-06,51.600000000001856,360.0,357.7078707336256,357.3619509572688
44760.0,6808925.894700452,3.1464149052181214e-06,51.600000000001785,360.0,358.0556418558303,357.6580174397554
44770.0,6808921.5988563625,2.6735777935589676e-06,51.600000000001636,360.0,358.4125654444071,357.9449314577326
44780.0,6808917.3028813545,2.200642884262428e-06,51.60000000000151,360.0,358.78454674897614,358.21678776109934
44790.0,6808913.006710055,1.7276190875613553e-06,51.60000000000153,360.0,359.1839621862052,358.46120993281124
44800.0,6808908.7102139145,1.254510119930829e-06,51.60000000000153,360.0,359.64186785456013,358.64714187407674
44810.0,6808904.413077171,7.813062318178826e-07,51.60000000000168,360.0,0.26459951850733565,358.6682478201761
44820.0,6808900.114042929,3.0795613828034496e-07,51.6000000000017,360.0,1.8128688369076562,357.7638161120966
44830.0,6808895.835220733,1.638476544399885e-07,51.600000000001685,360.0,176.3046155095973,183.9159070499118
44840.0,6808891.545804599,6.359914858931207e-07,51.60000000000158,360.0,179.4538700997978,181.41049007038526
44850.0,6808887.252992625,1.108718570293134e-06,51.60000000000148,360.0,180.1938943867859,181.31430339429286
44860.0,6808882.95934461,1.5815268787858578e-06,51.600000000001444,360.0,180.68402225596313,181.4680131363934
44870.0,6808878.665309236,2.0543356851243988e-06,51.60000000000138,360.0,181.0967530827741,181.6991199214561
44880.0,6808874.371050315,2.5271078935171594e-06,51.600000000001366,360.0,181.47552093498132,181.96418968200751
44890.0,6808870.076646165,2.9998184270210798e-06,51.600000000001366,360.0,181.83638176251068,182.24716646849828
44900.0,6808865.782140507,3.47244685377197e-06,51.60000000000137,360.0,182.18664848231663,182.54073736442166
44910.0,6808861.487560232,3.944974929644723e-06,51.60000000000126,360.0,182.53012900236703,182.8410944623297
44920.0,6808857.192923005,4.417385587551743e-06,51.60000000000133,360.0,182.86900145852158,183.14605962698025
44930.0,6808852.898241011,4.88966244047968e-06,51.60000000000115,360.0,183.20460187642124,183.45429683339566
44940.0,6808848.60352313,5.361789519228741e-06,51.60000000000117,360.0,183.53779528951316,183.76494104888891
44950.0,6808844.308776006,5.833751134427961e-06,51.600000000001195,360.0,183.86916644916667,184.07740752292003
44960.0,6808840.01400461,6.305531798583759e-06,51.60000000000117,360.0,184.19912488139335,184.39128673038724
44970.0,6808835.7192129865,6.7771161495431445e-06,51.600000000001174,360.0,184.5279659101182,184.70628334835453
44980.0,6808831.424404253,7.248488932031506e-06,51.600000000001195,360.0,184.85590792313337,185.02217899007988
44990.0,6808827.129580894,7.71963497629124e-06,51.60000000000112,360.0,185.1831158486143,185.33880872852504
45000.0,6808822.834745115,8.190539155851349e-06,51.600000000001195,360.0,185.50971659396845,185.65604565750138
45010.0,6808818.539898513,8.661186418344224e-06,51.60000000000111,360.0,185.83580942025725,185.9737905172351
45020.0,6808814.245042605,9.131561727967866e-06,51.600000000001074,360.0,186.16147304855622,186.29196458799512
45030.0,6808809.950178748,9.601650085924237e-06,51.60000000000094,360.0,186.48677071847735,186.6105046316208
45040.0,6808805.655307862,1.0071436542731372e-05,51.60000000000077,360.0,186.81175385327222,186.92935922637704
45050.0,6808801.360430907,1.054090616012924e-05,51.60000000000077,360.0,187.13646464481204,187.24848618195986
45060.0,6808797.065548694,1.1010044023169641e-05,51.60000000000078,360.0,187.46093807204437,187.56785052112107
45070.0,6808792.770661857,1.1478835248883665e-05,51.600000000000755,360.0,187.78520337791826,187.88742300261796
45080.0,6808788.475771006,1.194726496924179e-05,51.600000000000776,360.0,188.10928517091403,188.20717901979864
45090.0,6808784.180876705,1.2415318332046096e-05,51.6000000000007,360.0,188.43320433914812,188.52709768642234
45100.0,6808779.885979433,1.2882980506535325e-05,51.600000000000556,360.0,188.7569787155069,188.8471611715606
45110.0,6808775.591079521,1.3350236693683792e-05,51.60000000000049,360.0,189.08062360193205,189.16735417530663
45120.0,6808771.296177333,1.3817072097490745e-05,51.60000000000037,360.0,189.40415224711484,189.48766345109257
45130.0,6808767.001273294,1.4283471935177134e-05,51.60000000000031,360.0,189.72757611856426,189.80807753357766
45140.0,6808762.7063676985,1.4749421448358475e-05,51.60000000000025,360.0,190.05090524174716,190.1285863995365
45150.0,6808758.411460725,1.5214905906956243e-05,51.60000000000021,360.0,190.37414841612457,190.44918125183756
45160.0,6808754.116552668,1.567991058216226e-05,51.600000000000364,360.0,190.69731335945542,190.76985437512445
45170.0,6808749.821643723,1.6144420773780463e-05,51.60000000000037,360.0,191.02040689361328,191.090598949981
45180.0,6808745.526734124,1.6608421790238666e-05,51.6000000000002,360.0,191.34343508575168,191.411408911799
45190.0,6808741.23182401,1.7071898966677638e-05,51.60000000000023,360.0,191.66640332248286,191.73227887658618
45200.0,6808736.9369135145,1.7534837656534534e-05,51.60000000000028,360.0,191.98931643210602,192.0532040187106
45210.0,6808732.642002866,1.7997223219620597e-05,51.6000000000004,360.0,192.31217870890654,192.37418004664522
45220.0,6808728.34709212,1.845904105136606e-05,51.60000000000024,360.0,192.63499404312898,192.69520307297066
45230.0,6808724.05218142,1.8920276556073017e-05,51.60000000000023,360.0,192.95776592297054,193.01626961238327
45240.0,6808719.757270829,1.9380915166484828e-05,51.60000000000022,360.0,193.28049750253004,193.33737651373596
45250.0,6808715.462360554,1.984094231907144e-05,51.60000000000022,360.0,193.60319161797517,193.65852094390286
45260.0,6808711.167450514,2.0300343494822808e-05,51.60000000000032,360.0,193.92585089851036,193.97970027679105
45270.0,6808706.8725409545,2.0759104167523347e-05,51.600000000000264,360.0,194.24847767980083,194.300912179873
45280.0,6808702.5776318535,2.1217209854210944e-05,51.60000000000028,360.0,194.57107412646178,194.6221544918014
45290.0,6808698.282723345,2.1674646076546303e-05,51.600000000000264,360.0,194.89364219441632,194.94342525995012
45300.0,6808693.987815485,2.213139838932967e-05,51.60000000000038,360.0,195.21618367827486,195.2647226930801
45310.0,6808689.6929082535,2.2587452372803593e-05,51.60000000000031,360.0,195.53870024662746,195.58604512604018
45320.0,6808685.398001737,2.3042793618981947e-05,51.60000000000043,360.0,195.86119341659392,195.90739104520193
45330.0,6808681.103096027,2.3497407746084593e-05,51.600000000000456,360.0,196.18366457043038,196.22875907189814
45340.0,6808676.808191084,2.3951280401422016e-05,51.60000000000043,360.0,196.50611500874103,196.55014790913927
45350.0,6808672.51328697,2.440439724981133e-05,51.600000000000435,360.0,196.82854592792773,196.8715563642342
45360.0,6808668.218383697,2.485674398496133e-05,51.60000000000046,360.0,197.1509584290851,197.19298333986325
45370.0,6808663.923481302,2.5308306322265902e-05,51.60000000000035,360.0,197.473353523604,197.5144278284394
45380.0,6808659.628579858,2.5759069995209534e-05,51.600000000000406,360.0,197.79573215961872,197.83588888574906
45390.0,6808655.333679311,2.6209020782755927e-05,51.60000000000035,360.0,198.11809522197888,198.15736563087313
45400.0,6808651.038779677,2.6658144472596492e-05,51.600000000000406,360.0,198.4404435334396,198.47885724508345
45410.0,6808646.743880997,2.7106426883940798e-05,51.60000000000037,360.0,198.76277785221671,198.80036297424567
45420.0,6808642.448983259,2.7553853864486704e-05,51.600000000000286,360.0,199.08509889312265,199.12188210770873
45430.0,6808638.1540865535,2.800041127812545e-05,51.600000000000286,360.0,199.40740732220243,199.44341398358804
45440.0,6808633.85919081,2.844608503431752e-05,51.60000000000017,360.0,199.7297037598362,199.76495798581144
45450.0,6808629.564296066,2.8890861056976096e-05,51.6000000000002,360.0,200.05198878729027,200.08651353740956
45460.0,6808625.26940227,2.9334725309258614e-05,51.60000000000016,360.0,200.37426295324272,200.4080800940861
45470.0,6808620.9745094115,2.977766377774645e-05,51.600000000000165,360.0,200.69652677592003,200.72965714207177
45480.0,6808616.679617524,3.0219662476418876e-05,51.60000000000021,360.0,201.01878072136483,201.05124421980216
45490.0,6808612.384726588,3.0660707451164674e-05,51.60000000000024,360.0,201.34102525347532,201.37284086794728
45500.0,6808608.089836581,3.1100784779124664e-05,51.60000000000011,360.0,201.6632607937096,201.69444666966055
45510.0,6808603.794947561,3.1539880561772855e-05,51.60000000000011,360.0,201.9854877424138,202.01606122926282
45520.0,6808599.500059479,3.1977980939435314e-05,51.60000000000011,360.0,202.30770648245002,202.33768416863467
45530.0,6808595.205172268,3.2415072085350934e-05,51.600000000000115,360.0,202.62991737247125,202.65931513388182
45540.0,6808590.910285995,3.2851140192007906e-05,51.60000000000008,360.0,202.95212073735325,202.98095380499757
45550.0,6808586.615400553,3.32861715058702e-05,51.60000000000007,360.0,203.27431690644136,203.30259985749817
45560.0,6808582.320515939,3.372015229072398e-05,51.599999999999994,360.0,203.59650617716142,203.62425299891396
45570.0,6808578.025632188,3.4153068838252376e-05,51.60000000000002,360.0,203.9186888357598,203.94591294799133
45580.0,6808573.730749305,3.458490748475103e-05,51.600000000000016,360.0,204.24086513901258,204.2675794529993
45590.0,6808569.435867131,3.501565460649391e-05,51.600000000000016,360.0,204.56303536811453,204.58925223784823
45600.0,6808565.140985709,3.544529660176249e-05,51.599999999999994,360.0,204.8851997532902,204.91093107747832
45610.0,6808560.846105034,3.5873819903490526e-05,51.600000000000016,360.0,205.20735852529774,205.23261574632542
45620.0,6808556.551225064,3.630121098624216e-05,51.600000000000044,360.0,205.52951190731412,205.5543060264512
45630.0,6808552.256345829,3.672745635284945e-05,51.60000000000003,360.0,205.85166010253235,205.8760017199777
45640.0,6808547.961467181,3.71525425584841e-05,51.60000000000001,360.0,206.1738033203019,206.19770262289103
45650.0,6808543.666589129,3.757645618028196e-05,51.59999999999993,360.0,206.495941745927,206.51940855529392
45660.0,6808539.371711676,3.7999183834515244e-05,51.59999999999994,360.0,206.81807555585095,206.84111934619315
45670.0,6808535.076834743,3.8420712182409564e-05,51.59999999999994,360.0,207.140204927558,207.16283482358557
45680.0,6808530.78195835,3.884102790901116e-05,51.59999999999993,360.0,207.4623300202152,207.48455483384421
45690.0,6808526.487082351,3.926011776081632e-05,51.59999999999995,360.0,207.7844510021399,207.8062792142352
45700.0,6808522.192206769,3.967796850140048e-05,51.599999999999895,360.0,208.10656801301909,208.1280078306941
45710.0,6808517.897331635,4.0094566932898325e-05,51.59999999999993,360.0,208.4286811888578,208.44974055288176
45720.0,6808513.602456809,4.050989991317912e-05,51.599999999999966,360.0,208.75079068086634,208.77147723529333
45730.0,6808509.307582269,4.0923954332660424e-05,51.59999999999993,360.0,209.0728966192784,209.09321775346916
45740.0,6808505.012707973,4.1336717120074286e-05,51.59999999999983,360.0,209.39499912423784,209.41496199304086
45750.0,6808500.717833926,4.174817524290954e-05,51.599999999999866,360.0,209.71709831541392,209.73670984017403
45760.0,6808496.422960004,4.2158315718890056e-05,51.59999999999981,360.0,210.03919431614491,210.05846117741393
45770.0,6808492.128086177,4.25671256003705e-05,51.59999999999966,360.0,210.3612872315518,210.38021590553663
45780.0,6808487.833212344,4.2974591988757276e-05,51.599999999999675,360.0,210.68337717893164,210.70197391321983
45790.0,6808483.538338554,4.338070201301014e-05,51.599999999999746,360.0,211.0054642511844,211.02373511356117
45800.0,6808479.243464737,4.3785442853786955e-05,51.59999999999982,360.0,211.32754854327814,211.34549941758414
45810.0,6808474.948590767,4.418880174247577e-05,51.59999999999982,360.0,211.64963015864166,211.66726672795167
45820.0,6808470.653716632,4.4590765945938604e-05,51.599999999999724,360.0,211.97170918243845,211.9890369655718
45830.0,6808466.358842245,4.49913227772121e-05,51.599999999999675,360.0,212.2937857103446,212.31081004092283
45840.0,6808462.063967606,4.539045958796977e-05,51.5999999999997,360.0,212.6158598121189,212.6325858904074
45850.0,6808457.7690925365,4.5788163791323857e-05,51.599999999999746,360.0,212.93793159225697,212.95436441573196
45860.0,6808453.474217015,4.618442282867927e-05,51.59999999999978,360.0,213.26000111819891,213.2761455556834
45870.0,6808449.179340932,4.657922419948999e-05,51.59999999999979,360.0,213.58206847519813,213.5979292312791
45880.0,6808444.884464289,4.697255543147276e-05,51.59999999999984,360.0,213.90413372032322,213.9197153917448
45890.0,6808440.589586934,4.736440412185497e-05,51.59999999999999,360.0,214.226196939712,214.24150395726227
45900.0,6808436.294708842,4.775475789612392e-05,51.599999999999895,360.0,214.54825819355,214.56329487399915
45910.0,6808431.999829881,4.8143604439975396e-05,51.59999999999986,360.0,214.8703175541346,214.88508807604418
45920.0,6808427.704949982,4.853093147844428e-05,51.59999999999992,360.0,215.19237508673427,215.2068835045127
45930.0,6808423.410069029,4.8916726791123945e-05,51.599999999999966,360.0,215.51443085407556,215.52868110315418
45940.0,6808419.115186918,4.930097820406481e-05,51.60000000000009,360.0,215.83648491752598,215.85048081703604
45950.0,6808414.820303446,4.9683673598367086e-05,51.60000000000011,360.0,216.1585373447243,216.17228258502212
45960.0,6808410.52541858,5.006480089289098e-05,51.60000000000003,360.0,216.48058819268013,216.49408635658833
45970.0,6808406.230532127,5.044434806631976e-05,51.599999999999994,360.0,216.80263752204843,216.81589207763005
45980.0,6808401.935644016,5.0822303138247017e-05,51.599999999999866,360.0,217.12468538284983,217.13769970467973
45990.0,6808397.640754045,5.119865418962409e-05,51.59999999999984,360.0,217.44673183502596,217.45950918437623
46000.0,6808393.34586204,5.157338935078388e-05,51.59999999999983,360.0,217.7687769377006,217.78132046419995
46010.0,6808389.050967796,5.1946496801837984e-05,51.599999999999845,360.0,218.09082074301375,218.1031334986193
46020.0,6808384.756071119,5.2317964777004096e-05,51.59999999999992,360.0,218.41286331149152,218.42494823375762
46030.0,6808380.461171771,5.2687781563634583e-05,51.59999999999987,360.0,218.7349046963631,218.7467646230263
46040.0,6808376.166269421,5.3055935510596974e-05,51.59999999999995,360.0,219.05694496075273,219.06858260998217
46050.0,6808371.871363791,5.342241501276505e-05,51.60000000000001,360.0,219.37898416006956,219.39040214591148
46060.0,6808367.576454399,5.378720853371616e-05,51.59999999999992,360.0,219.70102236489595,219.71222316694048
46070.0,6808363.281541076,5.4150304567216074e-05,51.599999999999895,360.0,220.02305961979476,220.03404563521522
46080.0,6808358.986623108,5.4511691703556554e-05,51.59999999999988,360.0,220.3450960093827,220.35586947287368
46090.0,6808354.691699989,5.487135857057427e-05,51.59999999999988,360.0,220.66713160286747,220.67769461744732
46100.0,6808350.396770955,5.522929386809569e-05,51.599999999999866,360.0,220.98916648395652,220.99952099199191
46110.0,6808346.101835115,5.558548636431535e-05,51.599999999999895,360.0,221.31120074747645,221.32134850845642
46120.0,6808341.806891365,5.5939924897568825e-05,51.59999999999995,360.0,221.63323450042012,221.64317706661762
46130.0,6808337.511938161,5.6292598395600434e-05,51.59999999999999,360.0,221.95526788015565,221.96500653590778
46140.0,6808333.216973559,5.6643495876064555e-05,51.60000000000008,360.0,222.2773010553866,222.28683675444157
46150.0,6808328.921994919,5.699260646509998e-05,51.60000000000008,360.0,222.59933424124128,222.6086675138973
46160.0,6808324.626998436,5.733991943837994e-05,51.600000000000065,360.0,222.92136773696876,222.93049852183643
46170.0,6808320.331978318,5.768542428684771e-05,51.59999999999999,360.0,223.24340198967653,223.2523293379695
46180.0,6808316.036925422,5.802911081863054e-05,51.59999999999997,360.0,223.56543768507888,223.5741592834333
46190.0,6808311.741823327,5.83709694753918e-05,51.59999999999996,360.0,223.88747604970558,223.8959871385225
46200.0,6808307.446638651,5.87109920852271e-05,51.60000000000005,360.0,224.20951955844674,224.21781043518885
46210.0,6808303.151283225,5.904917482467433e-05,51.600000000000136,360.0,224.53157474772925,224.53962264383915
46220.0,6808298.85531876,5.93855412864502e-05,51.600000000000115,360.0,224.85367424185637,224.86139114703124
46230.0,6808294.560477028,5.971994621458978e-05,51.6000000000003,360.0,225.17568762517416,225.1832463672584
46240.0,6808290.266298576,6.005241370511639e-05,51.600000000000264,360.0,225.4976515732231,225.5051516358132
46250.0,6808285.971759954,6.038301332908789e-05,51.60000000000023,360.0,225.81964222366528,225.82703082189184
46260.0,6808281.677107342,6.071171555421688e-05,51.60000000000025,360.0,226.14164096437239,226.14890254446547
46270.0,6808277.382397324,6.103850562364149e-05,51.60000000000013,360.0,226.46364350205732,226.47077110366155
46280.0,6808273.087652141,6.136337149999503e-05,51.600000000000044,360.0,226.78564814908628,226.79263819395447
46290.0,6808268.79288289,6.168630207087854e-05,51.59999999999991,360.0,227.10765406913035,227.11450465850436
46300.0,6808264.498096052,6.200728663633685e-05,51.59999999999994,360.0,227.42966077480324,227.43637099153952
46310.0,6808260.203295459,6.232631476141173e-05,51.59999999999978,360.0,227.75166798182184,227.7582374841738
46320.0,6808255.90848366,6.26433761738997e-05,51.59999999999978,360.0,228.07367550710637,228.08010432628458
46330.0,6808251.61366258,6.29584607097101e-05,51.599999999999746,360.0,228.39568321313237,228.40197166221674
46340.0,6808247.31883343,6.327155832443604e-05,51.59999999999982,360.0,228.71769102031678,228.72383957834535
46350.0,6808243.023997205,6.35826590500116e-05,51.59999999999986,360.0,229.03969886364123,229.04570814650666
46360.0,6808238.729154702,6.389175299616095e-05,51.59999999999987,360.0,229.36170669165324,229.36757742492557
46370.0,6808234.434306528,6.41988303501463e-05,51.59999999999983,360.0,229.6837144703224,229.68944745438904
46380.0,6808230.139453017,6.450388138610822e-05,51.59999999999992,360.0,230.00572218524204,230.01131825608815
46390.0,6808225.844594595,6.480689643227166e-05,51.59999999999992,360.0,230.327729814778,230.3331898583947
46400.0,6808221.549731513,6.510786589747456e-05,51.599999999999966,360.0,230.6497373513883,230.65506227560388
46410.0,6808217.25486401,6.540678025266667e-05,51.600000000000044,360.0,230.97174478689544,230.9769355226005
46420.0,6808212.95999224,6.570363003857133e-05,51.59999999999985,360.0,231.29375212060728,231.2988096067898
46430.0,6808208.66511637,6.599840586563483e-05,51.59999999999972,360.0,231.6157593495576,231.6206845378248
46440.0,6808204.370236618,6.629109840545492e-05,51.59999999999966,360.0,231.9377664694749,231.94256032664126
46450.0,6808200.075353016,6.658169840427916e-05,51.59999999999975,360.0,232.25977348620825,232.26443697406643
46460.0,6808195.780465591,6.687019667565524e-05,51.599999999999895,360.0,232.5817804110831,232.58631447540128
46470.0,6808191.485574597,6.715658408244276e-05,51.5999999999999,360.0,232.90378723025455,232.9081928511084
46480.0,6808187.190679914,6.744085158509966e-05,51.59999999999992,360.0,233.22579396410433,233.23007208740427
46490.0,6808182.895781602,6.772299019691546e-05,51.599999999999966,360.0,233.54780061943183,233.55195218406766
46500.0,6808178.600879736,6.800299099651628e-05,51.60000000000005,360.0,233.86980719815338,233.87383314574606
46510.0,6808174.305974326,6.828084512858001e-05,51.59999999999999,360.0,234.19181370889186,234.19571497034596
46520.0,6808170.0110653965,6.855654381297103e-05,51.60000000000001,360.0,234.51382016018337,234.51759765583537
46530.0,6808165.71615298,6.883007833627058e-05,51.60000000000002,360.0,234.83582655780017,234.83948120293843
46540.0,6808161.421237082,6.910144005131535e-05,51.600000000000016,360.0,235.1578329092003,235.16136561065878
46550.0,6808157.126317717,6.937062037972152e-05,51.600000000000016,360.0,235.47983922080317,235.48325087900648
46560.0,6808152.831394833,6.963761081586524e-05,51.600000000000136,360.0,235.80184550712985,235.8051369998678
46570.0,6808148.536468491,6.990240291614084e-05,51.60000000000011,360.0,236.12385177086605,236.12702397694568
46580.0,6808144.241538592,7.016498831925245e-05,51.60000000000011,360.0,236.44585802661393,236.44891180197843
46590.0,6808139.946605222,7.042535871939175e-05,51.600000000000065,360.0,236.76786427659755,236.77080047906685
46600.0,6808135.651668309,7.068350588993395e-05,51.600000000000065,360.0,237.08987053273995,237.09269000259377
46610.0,6808131.35672787,7.093942166971684e-05,51.600000000000044,360.0,237.41187680385383,237.4145803700011
46620.0,6808127.061783888,7.119309797032804e-05,51.600000000000044,360.0,237.73388309658483,237.73647158088866
46630.0,6808122.766836337,7.14445267720851e-05,51.59999999999994,360.0,238.055889420327,238.05836363204472
46640.0,6808118.471885157,7.169370013478537e-05,51.5999999999999,360.0,238.37789578604435,238.3802565186784
46650.0,6808114.176930523,7.194061016509889e-05,51.599999999999994,360.0,238.69990218868,238.70215025197894
46660.0,6808109.881972233,7.218524907387295e-05,51.600000000000065,360.0,239.02190865023493,239.02404481604535
46670.0,6808105.587010348,7.242760911710071e-05,51.600000000000065,360.0,239.34391517268108,239.34594021495735
46680.0,6808101.292044786,7.266768264202292e-05,51.60000000000007,360.0,239.66592176848067,239.6678364422917
46690.0,6808096.997075567,7.290546205623215e-05,51.600000000000136,360.0,239.987928441958,239.98973349970206
46700.0,6808092.702102595,7.314093985044546e-05,51.600000000000186,360.0,240.3099352080597,240.3116313782141
46710.0,6808088.40712597,7.337410856890237e-05,51.60000000000024,360.0,240.63194206346427,240.63353008703962
46720.0,6808084.112145656,7.360496084177859e-05,51.60000000000026,360.0,240.95394901923035,240.95542962100518
46730.0,6808079.817161538,7.38334893794201e-05,51.60000000000032,360.0,241.2759560886498,241.27732997265022
46740.0,6808075.522173651,7.405968695043069e-05,51.600000000000335,360.0,241.59796327490037,241.59923114459767
46750.0,6808071.227181998,7.428354640011991e-05,51.60000000000032,360.0,241.9199705844839,241.92113313609502
46760.0,6808066.932186508,7.450506065524346e-05,51.60000000000023,360.0,242.24197802760744,242.24303594265425
46770.0,6808062.637187193,7.472422271291556e-05,51.60000000000021,360.0,242.56398560814895,242.56493956604615
46780.0,6808058.342184015,7.494102564049218e-05,51.60000000000017,360.0,242.88599333600408,242.8868440020187
46790.0,6808054.047176994,7.515546258271968e-05,51.60000000000014,360.0,243.2080012142846,243.20874925302937
46800.0,6808049.752166064,7.536752675954608e-05,51.600000000000136,360.0,243.53000925340328,243.5306553141909
46810.0,6808045.457151208,7.557721146453407e-05,51.6000000000001,360.0,243.85201745985194,243.8525621845261
46820.0,6808041.162132443,7.578451006467578e-05,51.60000000000009,360.0,244.17402583746198,244.1744698656317
46830.0,6808036.867109717,7.598941600763658e-05,51.59999999999997,360.0,244.49603439569495,244.4963783534465
46840.0,6808032.572083011,7.619192281206198e-05,51.599999999999966,360.0,244.81804313979353,244.81828764806775
46850.0,6808028.277052324,7.639202407442622e-05,51.599999999999994,360.0,245.1400520751415,245.14019774942128
46860.0,6808023.98201766,7.658971346397936e-05,51.600000000000044,360.0,245.4620612045129,245.46210865998208
46870.0,6808019.686978953,7.678498472925718e-05,51.59999999999999,360.0,245.78407053950136,245.7840203733586
46880.0,6808015.391936249,7.69778316889009e-05,51.59999999999987,360.0,246.10608008111527,246.10593289368285
46890.0,6808011.096889484,7.716824824654657e-05,51.599999999999866,360.0,246.42808983900065,246.42784621642357
46900.0,6808006.801838613,7.735622838488468e-05,51.599999999999795,360.0,246.7500998189002,246.74976034088442
46910.0,6808002.506783691,7.754176614777187e-05,51.5999999999998,360.0,247.07211002171968,247.07167527115035
46920.0,6807998.21172465,7.772485567109983e-05,51.59999999999983,360.0,247.39412045865532,247.3935910009728
46930.0,6807993.916661527,7.790549115755962e-05,51.59999999999981,360.0,247.716131131068,247.71550753386097
46940.0,6807989.621594271,7.808366689207094e-05,51.59999999999975,360.0,248.03814204683758,248.03742486679567
46950.0,6807985.326522972,7.825937723589942e-05,51.599999999999724,360.0,248.36015320104042,248.35934300947454
46960.0,6807981.031447529,7.843261663675656e-05,51.599999999999795,360.0,248.6821646066861,248.68126195361572
46970.0,6807976.736368032,7.860337959565381e-05,51.59999999999987,360.0,249.00417626443996,249.00318170321648
46980.0,6807972.441284351,7.877166072998869e-05,51.59999999999991,360.0,249.32618818376315,249.32510225343813
46990.0,6807968.146196504,7.893745470645975e-05,51.59999999999987,360.0,249.64820036666865,249.64702360681142
47000.0,6807963.851104546,7.910075627483213e-05,51.59999999999982,360.0,249.9702128139826,249.96894576701703
47010.0,6807959.55600848,7.926156026664372e-05,51.5999999999997,360.0,250.29222553114778,250.29086873305346
47020.0,6807955.260908232,7.9419861592375e-05,51.59999999999981,360.0,250.61423852466874,250.6127925027833
47030.0,6807950.9658038495,7.957565524222929e-05,51.599999999999866,360.0,250.936251796412,250.9347170786781
47040.0,6807946.670695363,7.9728936284464e-05,51.59999999999987,360.0,251.25826534805694,251.25664246331507
47050.0,6807942.375582822,7.987969985872914e-05,51.59999999999987,360.0,251.58027917833542,251.57856866216056
47060.0,6807938.080466184,8.00279411997177e-05,51.59999999999993,360.0,251.90229329359562,251.90049567299565
47070.0,6807933.785345414,8.017365560864886e-05,51.59999999999987,360.0,252.22430770142023,252.22242349234256
47080.0,6807929.490220616,8.031683847677154e-05,51.599999999999895,360.0,252.5463223960437,252.54435212996796
47090.0,6807925.195091796,8.04574852611756e-05,51.59999999999999,360.0,252.86833738247793,252.86628158480545
47100.0,6807920.899958859,8.059559151782864e-05,51.60000000000011,360.0,253.19035266949427,253.18821185198124
47110.0,6807916.604821944,8.073115286327812e-05,51.60000000000011,360.0,253.51236825159975,253.5101429408264
47120.0,6807912.309681131,8.086416500578223e-05,51.60000000000011,360.0,253.83438412465634,253.83207485922674
47130.0,6807908.014536314,8.099462373465773e-05,51.600000000000044,360.0,254.1564003011496,254.15400759839497
47140.0,6807903.7193875965,8.112252491537857e-05,51.600000000000115,360.0,254.4784167737775,254.47594116927598
47150.0,6807899.424235024,8.124786449480535e-05,51.60000000000016,360.0,254.80043354537744,254.79787557259465
47160.0,6807895.129078618,8.137063850114485e-05,51.60000000000023,360.0,255.12245061563118,255.11981081217618
47170.0,6807890.833918457,8.149084304183755e-05,51.600000000000165,360.0,255.44446798196446,255.44174689402834
47180.0,6807886.538754585,8.160847430649306e-05,51.6000000000002,360.0,255.76648564534872,255.763683820556
47190.0,6807882.243587063,8.172352856523655e-05,51.60000000000025,360.0,256.088503604726,256.085621596115
47200.0,6807877.9484159425,8.183600217306496e-05,51.60000000000028,360.0,256.41052185676745,256.4075602272672
47210.0,6807873.653241374,8.194589156029936e-05,51.60000000000017,360.0,256.73254039602153,256.7294997226246
47220.0,6807869.358063367,8.205319324609752e-05,51.600000000000286,360.0,257.05455922387216,257.0514400839237
47230.0,6807865.062882034,8.215790382381299e-05,51.60000000000024,360.0,257.3765783366104,257.3733813178731
47240.0,6807860.767697479,8.226001997095664e-05,51.60000000000021,360.0,257.6985977272164,257.69532343445627
47250.0,6807856.4725098265,8.235953844938236e-05,51.600000000000165,360.0,258.020617388074,258.0172664441967
47260.0,6807852.177319151,8.245645610394164e-05,51.60000000000016,360.0,258.342637317125,258.3392103519684
47270.0,6807847.882125649,8.255076985248259e-05,51.60000000000005,360.0,258.66465750592334,258.66115516897287
47280.0,6807843.58692941,8.264247670533829e-05,51.59999999999999,360.0,258.98667794794534,258.98310090438423
47290.0,6807839.291730592,8.273157375008582e-05,51.59999999999993,360.0,259.3086986335548,259.3050475704789
47300.0,6807834.996529452,8.281805815419448e-05,51.59999999999986,360.0,259.63071954841934,259.6269951841215
47310.0,6807830.70132617,8.290192717351136e-05,51.59999999999984,360.0,259.9527406809012,259.9489437594008
47320.0,6807826.4061209895,8.298317814181853e-05,51.59999999999979,360.0,260.2747620151487,260.2708933145712
47330.0,6807822.1109140385,8.306180847754894e-05,51.59999999999986,360.0,260.5967835443447,260.5928438587629
47340.0,6807817.815705736,8.313781567736314e-05,51.599999999999795,360.0,260.91880524145046,260.91479542127047
47350.0,6807813.52049624,8.321119732876113e-05,51.59999999999979,360.0,261.24082709480973,261.2367480159182
47360.0,6807809.225286027,8.328195109154915e-05,51.599999999999746,360.0,261.5628490742643,261.55870167498057
47370.0,6807804.930075441,8.335007471813613e-05,51.59999999999969,360.0,261.88487115358345,261.88065642671364
47380.0,6807800.634864877,8.341556603880272e-05,51.599999999999646,360.0,262.2068933082686,262.202612297568
47390.0,6807796.339654894,8.347842296317511e-05,51.59999999999964,360.0,262.52891549943473,262.5245693283178
47400.0,6807792.044446024,8.353864349154789e-05,51.599999999999696,360.0,262.8509376880486,262.846527559796
47410.0,6807787.749238891,8.35962257019429e-05,51.59999999999972,360.0,263.1729598304473,263.16848703740226
47420.0,6807783.45403431,8.365116775555786e-05,51.59999999999991,360.0,263.49498187046447,263.49044781896123
47430.0,6807779.158833017,8.370346789789459e-05,51.59999999999984,360.0,263.8170037539877,263.8124099601655
47440.0,6807774.863636115,8.375312445525079e-05,51.59999999999982,360.0,264.1390254008123,264.134373542736
47450.0,6807770.568444597,8.380013584072236e-05,51.59999999999982,360.0,264.4610467380094,264.4563386410288
47460.0,6807766.27326003,8.384450054400069e-05,51.599999999999774,360.0,264.7830676541947,264.77830536778987
47470.0,6807761.97808391,8.388621714378822e-05,51.5999999999999,360.0,265.10508803719483,265.1002738364736
47480.0,6807757.682918277,8.392528429658522e-05,51.59999999999986,360.0,265.42710773830885,265.4222441969988
47490.0,6807753.387765497,8.396170074292363e-05,51.5999999999998,360.0,265.749126582069,265.74421662595404
47500.0,6807749.092628559,8.399546530613956e-05,51.59999999999976,360.0,266.07114434751594,266.0661913453552
47510.0,6807744.797511235,8.402657688983619e-05,51.599999999999724,360.0,266.3931607538714,266.3881686369624
47520.0,6807740.502418262,8.40550344792393e-05,51.59999999999967,360.0,266.71517544959283,266.71014885322177
47530.0,6807736.207355978,8.408083714014697e-05,51.59999999999973,360.0,267.0371879610722,267.03213246856274
47540.0,6807731.912332874,8.410398401789556e-05,51.599999999999845,360.0,267.35919765627597,267.3541201157711
47550.0,6807727.617360646,8.412447433485073e-05,51.59999999999981,360.0,267.6812036585096,267.6761126722233
47560.0,6807723.322456524,8.414230738854182e-05,51.59999999999992,360.0,268.0032046801375,267.9981114261436
47570.0,6807719.02764667,8.415748254792274e-05,51.59999999999995,360.0,268.3251987606192,268.320118338591
47580.0,6807714.732974154,8.416999924419843e-05,51.59999999999999,360.0,268.64718267777823,268.6421366321844
47590.0,6807710.43851765,8.417985695694538e-05,51.60000000000005,360.0,268.9691505329097,268.9641722060054
47600.0,6807706.144446131,8.41870551780228e-05,51.60000000000002,360.0,269.2910896600147,269.2862377263334
47610.0,6807701.851249078,8.419159330344418e-05,51.59999999999997,360.0,269.612963365237,269.608369887245
47620.0,6807697.562547364,8.419347000009616e-05,51.60000000000007,360.0,269.9345001821316,269.9308401553265
47630.0,6807693.2870906275,8.419267256344565e-05,51.59999999999996,360.0,270.25504412679993,270.2543045145227
47640.0,6807688.988410393,8.418921673173024e-05,51.600000000000016,360.0,270.57732935401225,270.57602881005334
47650.0,6807684.691161754,8.418310321313886e-05,51.59999999999999,360.0,270.89950740076546,270.89786150480705
47660.0,6807680.394438321,8.417433164245566e-05,51.599999999999966,360.0,271.2216462252927,271.2197346404058
47670.0,6807676.097988149,8.416290204136814e-05,51.59999999999993,360.0,271.5437647179161,271.54162932625115
47680.0,6807671.801704571,8.414881462027962e-05,51.59999999999986,360.0,271.8658708810309,271.86353755964063
47690.0,6807667.505532458,8.413206971986398e-05,51.59999999999996,360.0,272.18796884708047,272.1854552077224
47700.0,6807663.2094392665,8.411266779279111e-05,51.599999999999966,360.0,272.51006106079757,272.50737982528887
47710.0,6807658.913404523,8.409060939100926e-05,51.59999999999991,360.0,272.8321490604902,272.8293098734619
47720.0,6807654.617414247,8.40658951606327e-05,51.6000000000001,360.0,273.15423389609924,273.15124430169004
47730.0,6807650.321458593,8.403852583911727e-05,51.60000000000011,360.0,273.4763163090203,273.47318236784247
47740.0,6807646.025530427,8.400850225449845e-05,51.600000000000286,360.0,273.7983968381354,273.79512353224936
47750.0,6807641.729624188,8.397582531995217e-05,51.600000000000286,360.0,274.12047590145096,274.1170673760793
47760.0,6807637.43373568,8.394049603555134e-05,51.6000000000002,360.0,274.44255381622224,274.4390135810995
47770.0,6807633.137861585,8.390251549106928e-05,51.60000000000019,360.0,274.7646308363102,274.76096189243106
47780.0,6807628.841999235,8.386188485813672e-05,51.60000000000013,360.0,275.0867071627589,275.08291210795886
47790.0,6807624.546146476,8.381860539667534e-05,51.60000000000017,360.0,275.40878296231523,275.40486405974787
47800.0,6807620.250301497,8.377267844902994e-05,51.60000000000023,360.0,275.7308583712987,275.72681761026166
47810.0,6807615.95446278,8.372410544304221e-05,51.60000000000016,360.0,276.0529335089004,276.04877263897606
47820.0,6807611.658629041,8.367288789217312e-05,51.60000000000007,360.0,276.37500847318074,276.37072904644657
47830.0,6807607.362799236,8.361902739125432e-05,51.600000000000065,360.0,276.6970833443577,276.69268675097067
47840.0,6807603.066972453,8.356252562233428e-05,51.60000000000016,360.0,277.019158194568,277.0146456788728
47850.0,6807598.771147846,8.350338435111398e-05,51.60000000000011,360.0,277.3412330932103,277.33660575912927
47860.0,6807594.475324745,8.344160542505959e-05,51.60000000000016,360.0,277.66330808935305,277.6585669409916
47870.0,6807590.17950256,8.337719077648009e-05,51.60000000000023,360.0,277.9853832323756,277.98052917329636
47880.0,6807585.883680734,8.331014242280436e-05,51.60000000000017,360.0,278.3074585667523,278.30249240973103
47890.0,6807581.587858806,8.324046246259973e-05,51.600000000000286,360.0,278.6295341298939,278.624456610972
47900.0,6807577.292036365,8.316815308152723e-05,51.6000000000002,360.0,278.95160995732925,278.9464217394892
47910.0,6807572.996213085,8.309321654421074e-05,51.60000000000024,360.0,279.2736860776294,279.2683877646535
47920.0,6807568.700388548,8.301565519931614e-05,51.60000000000014,360.0,279.5957625229909,279.59035465213753
47930.0,6807564.404562549,8.293547148179194e-05,51.60000000000034,360.0,279.9178393140634,279.9123223790533
47940.0,6807560.108734755,8.285266790783684e-05,51.600000000000406,360.0,280.2399164773907,280.2342909166078
47950.0,6807555.812904988,8.276724707632366e-05,51.60000000000043,360.0,280.56199403065216,280.5562602447423
47960.0,6807551.517072949,8.26792116701869e-05,51.60000000000032,360.0,280.88407199999324,280.87823033488485
47970.0,6807547.221238523,8.258856445362706e-05,51.60000000000025,360.0,281.2061503969576,281.2002011730015
47980.0,6807542.925401483,8.249530827133778e-05,51.60000000000046,360.0,281.52822924175894,281.5221727363009
47990.0,6807538.629561696,8.239944605721273e-05,51.60000000000047,360.0,281.85030854964924,281.8441450068833
48000.0,6807534.333719045,8.230098082196147e-05,51.60000000000061,360.0,282.17238833016586,282.1661179725222
48010.0,6807530.037873344,8.219991566135717e-05,51.600000000000605,360.0,282.4944686022986,282.48809161141446
48020.0,6807525.742024523,8.209625375151501e-05,51.60000000000046,360.0,282.81654937447934,282.8100659122886
48030.0,6807521.446172396,8.198999835211424e-05,51.600000000000406,360.0,283.1386306670879,283.1320408518353
48040.0,6807517.15031697,8.188115280709984e-05,51.60000000000038,360.0,283.46071248248745,283.45401642470716
48050.0,6807512.854458142,8.176972054014939e-05,51.60000000000031,360.0,283.78279483041865,283.7759926180802
48060.0,6807508.558595755,8.16557050520994e-05,51.600000000000286,360.0,284.1048777269749,284.0979694127479
48070.0,6807504.262729713,8.153910993136312e-05,51.6000000000003,360.0,284.4269611814697,284.41994679618284
48080.0,6807499.966860066,8.141993885381322e-05,51.60000000000023,360.0,284.7490452000847,284.7419247589401
48090.0,6807495.670986633,8.129819555985259e-05,51.600000000000165,360.0,285.07112979322073,285.0639032872807
48100.0,6807491.375109513,8.117388388930306e-05,51.6000000000003,360.0,285.39321496080237,285.38588237788355
48110.0,6807487.079228497,8.104700774895432e-05,51.6000000000002,360.0,285.7153007237444,285.7078620063604
48120.0,6807482.783343642,8.091757113820742e-05,51.600000000000286,360.0,286.0373870803574,286.0298421708703
48130.0,6807478.487454827,8.07855781263525e-05,51.60000000000034,360.0,286.35947404344546,286.35182285501224
48140.0,6807474.191562081,8.065103287458204e-05,51.60000000000034,360.0,286.6815616170591,286.6738040510645
48150.0,6807469.89566535,8.0513939617675e-05,51.600000000000286,360.0,287.0036498071384,286.99578574935435
48160.0,6807465.599764659,8.037430267446476e-05,51.60000000000024,360.0,287.3257386186245,287.3177679411528
48170.0,6807461.303859884,8.023212643918726e-05,51.600000000000286,360.0,287.64782806189254,287.63975061221055
48180.0,6807457.007951072,8.00874153967882e-05,51.600000000000264,360.0,287.96991814145974,287.961733754092
48190.0,6807452.712038121,7.994017409823981e-05,51.60000000000034,360.0,288.29200886627393,288.28371735386565
48200.0,6807448.416121153,7.979040718828444e-05,51.60000000000042,360.0,288.6141002355631,288.60570140825445
48210.0,6807444.120200015,7.963811937990017e-05,51.60000000000037,360.0,288.93619226170904,288.92768590077225
48220.0,6807439.824274772,7.948331547515943e-05,51.6000000000003,360.0,289.2582849478148,289.2496708241465
48230.0,6807435.528345374,7.932600034836423e-05,51.60000000000032,360.0,289.5803782991325,289.5716561688768
48240.0,6807431.232411824,7.916617896001393e-05,51.60000000000024,360.0,289.9024723242317,289.89364192211144
48250.0,6807426.936474147,7.900385634899577e-05,51.600000000000364,360.0,290.22456702352923,290.2156280790864
48260.0,6807422.640532302,7.883903762519047e-05,51.600000000000406,360.0,290.5466624049915,290.5376146274135
48270.0,6807418.344586326,7.867172798852041e-05,51.60000000000038,360.0,290.8687584718934,290.8596015593558
48280.0,6807414.048636239,7.850193270920514e-05,51.6000000000004,360.0,291.1908552276381,291.18158886697114
48290.0,6807409.752681937,7.832965713879386e-05,51.60000000000039,360.0,291.5129526850259,291.50357653288864
48300.0,6807405.456723569,7.815490670953976e-05,51.600000000000435,360.0,291.83505083780796,291.8255645586954
48310.0,6807401.160761006,7.797768693227318e-05,51.60000000000046,360.0,292.1571497029712,292.14755292272207
48320.0,6807396.864794295,7.779800339329075e-05,51.600000000000435,360.0,292.4792492806962,292.4695416200231
48330.0,6807392.568823484,7.761586175698624e-05,51.60000000000043,360.0,292.80134957305614,292.7915306437262
48340.0,6807388.272848548,7.743126776528843e-05,51.60000000000047,360.0,293.1234505882435,293.11351998076856
48350.0,6807383.976869489,7.724422724193711e-05,51.60000000000053,360.0,293.44555233289344,293.4355096195889
48360.0,6807379.680886302,7.70547460788166e-05,51.60000000000049,360.0,293.767654810264,293.757499551964
48370.0,6807375.384899072,7.686283026114239e-05,51.60000000000051,360.0,294.0897580233042,294.0794897699271
48380.0,6807371.088907715,7.666848583009845e-05,51.60000000000051,360.0,294.41186198183357,294.4014802585743
48390.0,6807366.792912304,7.647171892057007e-05,51.60000000000048,360.0,294.7339666878787,294.72347101074735
48400.0,6807362.496912812,7.627253573171987e-05,51.6000000000004,360.0,295.05607214736284,295.0454620153566
48410.0,6807358.200909264,7.607094255538774e-05,51.600000000000335,360.0,295.3781783682298,295.3674532592097
48420.0,6807353.904901687,7.586694574212166e-05,51.600000000000314,360.0,295.7002853530583,295.68944473446095
48430.0,6807349.608890211,7.566055173694529e-05,51.60000000000039,360.0,296.0223931006597,296.0114364369926
48440.0,6807345.312874692,7.545176704220123e-05,51.60000000000035,360.0,296.3445016268479,296.33342834557965
48450.0,6807341.016855212,7.524059824613337e-05,51.60000000000044,360.0,296.66661093183006,296.6554204546159
48460.0,6807336.7208317,7.502705200304321e-05,51.60000000000039,360.0,296.98872102816915,296.9774127460534
48470.0,6807332.424804306,7.48111350565807e-05,51.600000000000406,360.0,297.31083191221916,297.29940521802723
48480.0,6807328.128772928,7.459285421781632e-05,51.600000000000335,360.0,297.63294359826165,297.62139785069525
48490.0,6807323.83273767,7.437221637545874e-05,51.600000000000314,360.0,297.9550560861625,297.94339063858763
48500.0,6807319.536698565,7.414922848683703e-05,51.60000000000052,360.0,298.2771693809294,298.2653835710506
48510.0,6807315.240655535,7.392389758761471e-05,51.60000000000046,360.0,298.599283497001,298.58737662794897
48520.0,6807310.944608621,7.369623078654129e-05,51.600000000000406,360.0,298.92139843740483,298.90936980052925
48530.0,6807306.648557877,7.346623526795309e-05,51.60000000000037,360.0,299.2435142060794,299.23136307905696
48540.0,6807302.352503318,7.323391829022334e-05,51.60000000000032,360.0,299.5656308116633,299.5533564491023
48550.0,6807298.056444964,7.299928718368648e-05,51.6000000000003,360.0,299.8877482607738,299.8753498981539
48560.0,6807293.760382845,7.276234935414753e-05,51.600000000000286,360.0,300.20986655846093,300.1973434152901
48570.0,6807289.464316916,7.252311227377735e-05,51.60000000000019,360.0,300.53198571660954,300.51933698267675
48580.0,6807285.168247218,7.228158349087758e-05,51.60000000000025,360.0,300.8541057406933,300.84133058887477
48590.0,6807280.872173749,7.203777062512063e-05,51.600000000000335,360.0,301.1762266410373,301.16332421753674
48600.0,6807276.576096582,7.179168137992037e-05,51.60000000000023,360.0,301.4983484214862,301.485317858777
48610.0,6807272.280015718,7.154332351577048e-05,51.600000000000286,360.0,301.8204710914627,301.8073114970851
48620.0,6807267.983931109,7.129270486907749e-05,51.6000000000003,360.0,302.1425946631972,302.12930511410923
48630.0,6807263.68784278,7.103983334794929e-05,51.60000000000026,360.0,302.4647191436678,302.45129869672434
48640.0,6807259.391750765,7.078471693623029e-05,51.600000000000264,360.0,302.7868445417963,302.77329222981507
48650.0,6807255.09565504,7.052736368520727e-05,51.60000000000023,360.0,303.1089708680335,303.0952856967121
48660.0,6807250.799555655,7.026778171649019e-05,51.600000000000286,360.0,303.4310981309143,303.41727908263175
48670.0,6807246.503452659,7.000597922391274e-05,51.600000000000335,360.0,303.7532263359364,303.739272375786
48680.0,6807242.207345976,6.974196446897056e-05,51.6000000000003,360.0,304.07535550062096,304.0612655523401
48690.0,6807237.911235499,6.947574577179235e-05,51.60000000000035,360.0,304.3974856439982,304.3832585869213
48700.0,6807233.615121355,6.920733154739535e-05,51.60000000000032,360.0,304.71961676794933,304.7052514712794
48710.0,6807229.3190034665,6.893673026059683e-05,51.600000000000406,360.0,305.0417488901362,305.02724418134846
48720.0,6807225.022881872,6.86639504538222e-05,51.60000000000037,360.0,305.3638820185374,305.34923670273594
48730.0,6807220.72675652,6.838900073260294e-05,51.60000000000039,360.0,305.68601616911894,305.671229013011
48740.0,6807216.430627307,6.811188977291645e-05,51.600000000000286,360.0,306.0081513644934,305.9932210830807
48750.0,6807212.134494352,6.78326263245829e-05,51.6000000000003,360.0,306.3302876064219,306.31521290468663
48760.0,6807207.838357519,6.755121919517414e-05,51.600000000000286,360.0,306.6524249207381,306.6372044454687
48770.0,6807203.542216746,6.726767726310673e-05,51.60000000000035,360.0,306.9745633230283,306.9591956832889
48780.0,6807199.246072016,6.698200947712413e-05,51.600000000000264,360.0,307.2967028299443,307.2811865949162
48790.0,6807194.949923131,6.669422483821063e-05,51.60000000000021,360.0,307.61884347182325,307.6031771434332
48800.0,6807190.653770115,6.640433243692637e-05,51.600000000000186,360.0,307.9409852602958,307.9251673105792
48810.0,6807186.357612799,6.61123414097482e-05,51.60000000000025,360.0,308.2631282232513,308.2471570618452
48820.0,6807182.0614509825,6.581826095589846e-05,51.60000000000024,360.0,308.58527239221644,308.56914635904053
48830.0,6807177.765284599,6.55221003607587e-05,51.60000000000026,360.0,308.9074177880771,308.891135174616
48840.0,6807173.46911333,6.522386894952386e-05,51.600000000000186,360.0,309.2295644507326,309.2131234619689
48850.0,6807169.172936984,6.492357612034907e-05,51.6000000000002,360.0,309.55171241424125,309.53511118035715
48860.0,6807164.87675529,6.462123133560564e-05,51.6000000000002,360.0,309.8738617158882,309.8570982857594
48870.0,6807160.580567754,6.431684410488027e-05,51.60000000000017,360.0,310.196012411048,310.1790847160622
48880.0,6807156.284374061,6.40104240130244e-05,51.600000000000165,360.0,310.51816454422567,310.50107042003674
48890.0,6807151.988173562,6.370198068707451e-05,51.600000000000044,360.0,310.84031818380123,310.8230553225129
48900.0,6807147.691965545,6.339152381242408e-05,51.59999999999993,360.0,311.1624734045536,311.1450393419556
48910.0,6807143.395749156,6.307906312655083e-05,51.59999999999988,360.0,311.4846302944121,311.4670223836552
48920.0,6807139.099523129,6.276460840043937e-05,51.599999999999774,360.0,311.8067889717634,311.7890043224233
48930.0,6807134.803285877,6.244816944251007e-05,51.599999999999774,360.0,312.1289495815355,312.1109850065168
48940.0,6807130.50703521,6.212975607693373e-05,51.59999999999962,360.0,312.45111231591466,312.43296423693437
48950.0,6807126.210768022,6.180937812231847e-05,51.5999999999995,360.0,312.7732774404128,312.75494174136657
48960.0,6807121.914479787,6.148704535032507e-05,51.59999999999949,360.0,313.0954453281026,313.0769171399056
48970.0,6807117.618163467,6.116276740037563e-05,51.59999999999974,360.0,313.41761654756203,313.39888985713776
48980.0,6807113.321806995,6.083655358603816e-05,51.59999999999981,360.0,313.7397920527515,313.72085893225034
48990.0,6807109.025387563,6.05084124534031e-05,51.59999999999983,360.0,314.06197361762025,314.0428225844739
49000.0,6807104.728853355,6.017835036388065e-05,51.59999999999973,360.0,314.38416522261906,314.3647768264986
49010.0,6807100.432032895,5.9846364461299644e-05,51.599999999999774,360.0,314.7063799029866,314.686708616234
49020.0,6807096.134249599,5.951241290386436e-05,51.59999999999962,360.0,315.0286691657793,315.0085664397735
49030.0,6807091.840020191,5.917685706365301e-05,51.59999999999972,360.0,315.3506925649277,315.3306907363394
49040.0,6807087.544313824,5.8839315706649364e-05,51.59999999999972,360.0,315.6728273030131,315.6527042964948
49050.0,6807083.248423991,5.8499900462654483e-05,51.5999999999996,360.0,315.9949767956528,315.97470369777653
49060.0,6807078.952456273,5.81586303241688e-05,51.599999999999596,360.0,316.31713325124076,316.2966967249328
49070.0,6807074.656444803,5.781551875344387e-05,51.59999999999962,360.0,316.63929418200115,316.618685858895
49080.0,6807070.360405139,5.747057781337681e-05,51.59999999999955,360.0,316.9614584761912,316.940672204561
49090.0,6807066.064345595,5.7123819056546655e-05,51.599999999999696,360.0,317.2836255543874,317.26265633452215
49100.0,6807061.768271172,5.677525382767802e-05,51.599999999999575,360.0,317.60579508749584,317.58463857103817
49110.0,6807057.47218517,5.6424893402091416e-05,51.59999999999947,360.0,317.9279668623389,317.9066191204488
49120.0,6807053.176089883,5.607274902538264e-05,51.59999999999933,360.0,318.25014074805176,318.228598106798
49130.0,6807048.879986862,5.57188319439074e-05,51.599999999999255,360.0,318.5723166641448,318.55057560378077
49140.0,6807044.583877318,5.5363153433486e-05,51.59999999999933,360.0,318.89449455592205,318.8725516592797
49150.0,6807040.28776226,5.5005724809279645e-05,51.599999999999454,360.0,319.21667438600537,319.1945263038753
49160.0,6807035.9916424,5.464655741825712e-05,51.599999999999426,360.0,319.53885613748935,319.5164995476848
49170.0,6807031.695518278,5.42856626472359e-05,51.59999999999936,360.0,319.8610398083397,319.83847138596485
49180.0,6807027.399390433,5.3923051939039406e-05,51.599999999999405,360.0,320.1832253989808,320.1604418115427
49190.0,6807023.103259276,5.3558736780572585e-05,51.59999999999941,360.0,320.5054129161142,320.4824108109597
49200.0,6807018.807125101,5.3192728704520006e-05,51.59999999999932,360.0,320.82760237700194,320.8043783602156
49210.0,6807014.510988313,5.282503930342118e-05,51.599999999999305,360.0,321.14979379572736,321.12634443852664
49220.0,6807010.214849118,5.245568020947735e-05,51.599999999999255,360.0,321.4719871965527,321.4483090149066
49230.0,6807005.918707581,5.208466309035451e-05,51.59999999999919,360.0,321.7941826224271,321.7702720397399
49240.0,6807001.622564137,5.171199970578288e-05,51.599999999999234,360.0,322.11638008687316,322.09223349280984
49250.0,6806997.326418829,5.1337701830096365e-05,51.59999999999923,360.0,322.43857962952796,322.4141933278439
49260.0,6806993.03027189,5.09617813055309e-05,51.59999999999919,360.0,322.7607812823897,322.73615150620117
49270.0,6806988.7341234395,5.058425001610298e-05,51.59999999999932,360.0,323.08298508806325,323.05810797865774
49280.0,6806984.437973638,5.020511990169824e-05,51.59999999999932,360.0,323.4051910855318,323.38006269963944
49290.0,6806980.141822567,4.982440294579039e-05,51.59999999999929,360.0,323.7273993167684,323.70201562062005
49300.0,6806975.845670312,4.9442111180108616e-05,51.59999999999922,360.0,324.04960983472887,324.02396668207604
49310.0,6806971.549517048,4.9058256697461895e-05,51.59999999999921,360.0,324.37182268269794,324.34591583419126
49320.0,6806967.253362825,4.867285162693696e-05,51.59999999999922,360.0,324.69403791540617,324.6678630157422
49330.0,6806962.95720778,4.828590815511925e-05,51.59999999999922,360.0,325.01625558055275,324.9898081725446
49340.0,6806958.661051936,4.789743850782922e-05,51.5999999999992,360.0,325.3384757422997,325.3117512339874
49350.0,6806954.364895424,4.7507454968130015e-05,51.5999999999992,360.0,325.66069845594023,325.63369213835193
49360.0,6806950.068738301,4.711596986066637e-05,51.599999999999234,360.0,325.98292378782395,325.95563081290277
49370.0,6806945.772580697,4.672299556210207e-05,51.59999999999939,360.0,326.3051517936113,326.2775671955989
49380.0,6806941.476422597,4.6328544487028795e-05,51.59999999999954,360.0,326.62738254866895,326.5995012047208
49390.0,6806937.180264179,4.59326291119091e-05,51.59999999999946,360.0,326.9496161132366,326.9214327737089
49400.0,6806932.884105415,4.553526194275264e-05,51.5999999999995,360.0,327.27185256997893,327.2433618136444
49410.0,6806928.587946403,4.513645554181766e-05,51.599999999999525,360.0,327.5940919920677,327.56528824509365
49420.0,6806924.291787213,4.473622251212623e-05,51.5999999999995,360.0,327.91633445739063,327.8872119839305
49430.0,6806919.995627935,4.4334575507099265e-05,51.599999999999426,360.0,328.23858004843817,328.20913294149534
49440.0,6806915.699468581,4.393152721562039e-05,51.59999999999949,360.0,328.56082885685197,328.5310510199863
49450.0,6806911.403309164,4.352709037399676e-05,51.59999999999948,360.0,328.8830809776695,328.85296611824987
49460.0,6806907.107149767,4.31212777644113e-05,51.59999999999955,360.0,329.2053365058066,329.1748781352946
49470.0,6806902.810990531,4.2714102221928165e-05,51.59999999999949,360.0,329.5275955240955,329.49678698222897
49480.0,6806898.51483138,4.230557660387376e-05,51.599999999999405,360.0,329.84985815605785,329.81869252951964
49490.0,6806894.218672493,4.189571383264026e-05,51.59999999999944,360.0,330.1721244993713,330.14059467352814
49500.0,6806889.922513815,4.1484526852568745e-05,51.59999999999945,360.0,330.49439467195646,330.46249329037846
49510.0,6806885.626355396,4.107202865682173e-05,51.599999999999376,360.0,330.8166687950513,330.78438825294876
49520.0,6806881.330197238,4.065823227959287e-05,51.5999999999994,360.0,331.13894699648665,331.10627942755
49530.0,6806877.034039486,4.0243150808187804e-05,51.59999999999948,360.0,331.46122939874755,331.4281666858733
49540.0,6806872.737882105,3.982679735311389e-05,51.59999999999943,360.0,331.7835161388887,331.75004988509454
49550.0,6806868.44172523,3.940918508090604e-05,51.59999999999944,360.0,332.10580735911657,332.07192887726694
49560.0,6806864.145568808,3.899032718086323e-05,51.59999999999952,360.0,332.42810321766495,332.39380349846886
49570.0,6806859.849412907,3.8570236891513985e-05,51.59999999999944,360.0,332.7504038625371,332.7156735950481
49580.0,6806855.553257565,3.8148927491494144e-05,51.59999999999944,360.0,333.0727094634519,333.03753899168777
49590.0,6806851.257102768,3.772641228924262e-05,51.59999999999948,360.0,333.3950201920905,333.35939951112687
49600.0,6806846.960948596,3.730270464182703e-05,51.59999999999944,360.0,333.7173362294296,333.68125496689004
49610.0,6806842.664795068,3.6877817938391144e-05,51.59999999999949,360.0,334.03965777567225,334.00310515330216
49620.0,6806838.3686422715,3.645176561122519e-05,51.59999999999948,360.0,334.36198502021085,334.3249498755595
49630.0,6806834.072490175,3.602456111975829e-05,51.599999999999454,360.0,334.6843181754166,334.6467889158937
49640.0,6806829.776338826,3.5596217963286725e-05,51.59999999999947,360.0,335.0066574648571,334.96862204545175
49650.0,6806825.48018828,3.5166749683601915e-05,51.599999999999405,360.0,335.3290031192965,335.29044902816116
49660.0,6806821.18403849,3.473616984536014e-05,51.59999999999937,360.0,335.6513553974496,335.61226960007906
49670.0,6806816.887889504,3.430449205871958e-05,51.599999999999426,360.0,335.97371455172254,335.93408350363075
49680.0,6806812.591741354,3.387172996044866e-05,51.59999999999946,360.0,336.29608085442146,336.25589046137605
49690.0,6806808.295594139,3.3437897240647047e-05,51.59999999999949,360.0,336.61845458673173,336.5776901870711
49700.0,6806803.999447767,3.300300759525767e-05,51.5999999999995,360.0,336.94083607070735,336.8994823536252
49710.0,6806799.703302282,3.2567074769663824e-05,51.59999999999951,360.0,337.26322562651006,337.22126663590336
49720.0,6806795.407157703,3.21301125389009e-05,51.599999999999525,360.0,337.5856235946551,337.54304268848267
49730.0,6806791.111014066,3.169213471343438e-05,51.59999999999952,360.0,337.9080303348691,337.86481014677537
49740.0,6806786.814871359,3.1253155130322346e-05,51.5999999999994,360.0,338.23044623502096,338.1865686180976
49750.0,6806782.5187296495,3.081318766782285e-05,51.59999999999931,360.0,338.55287169511683,338.5083176976853
49760.0,6806778.222588846,3.0372246216427085e-05,51.59999999999936,360.0,338.87530715392774,338.83005694207225
49770.0,6806773.926448994,2.9930344713156372e-05,51.599999999999376,360.0,339.19775307064197,339.15178588743123
49780.0,6806769.63031015,2.948749713245195e-05,51.59999999999947,360.0,339.52020994199216,339.47350403246236
49790.0,6806765.33417227,2.9043717454757696e-05,51.5999999999995,360.0,339.8426782730228,339.79521086757717
49800.0,6806761.038035441,2.8599019713091326e-05,51.59999999999956,360.0,340.165158609054,340.11690584298964
49810.0,6806756.741899582,2.8153417953065416e-05,51.599999999999596,360.0,340.48765156106845,340.43858834329575
49820.0,6806752.445764677,2.7706926250161838e-05,51.59999999999957,360.0,340.8101577558849,340.76025773734284
49830.0,6806748.149630749,2.7259558715571368e-05,51.599999999999525,360.0,341.1326778560008,341.0819133583513
49840.0,6806743.853497794,2.681132948665007e-05,51.59999999999961,360.0,341.4552125888615,341.40355447462343
49850.0,6806739.557365819,2.6362252723578666e-05,51.59999999999955,360.0,341.7777627291025,341.72518030736455
49860.0,6806735.261234812,2.5912342618811928e-05,51.59999999999955,360.0,342.1003290910002,342.0467900382035
49870.0,6806730.965104736,2.5461613381763566e-05,51.599999999999575,360.0,342.4229125754857,342.3683827621417
49880.0,6806726.66897554,2.501007925188447e-05,51.5999999999996,360.0,342.7455141335517,342.68995752421176
49890.0,6806722.372847256,2.4557754500844115e-05,51.599999999999696,360.0,343.06813478739286,343.0115132983124
49900.0,6806718.076719894,2.4104653415827083e-05,51.599999999999625,360.0,343.3907756321896,343.3330489853875
49910.0,6806713.780593352,2.3650790311495143e-05,51.5999999999996,360.0,343.71343788755945,343.65456336203556
49920.0,6806709.484467624,2.3196179521993875e-05,51.59999999999962,360.0,344.0361228256801,343.9760551523348
49930.0,6806705.188342638,2.27408354111145e-05,51.59999999999968,360.0,344.35883185416714,344.297522945031
49940.0,6806700.89221836,2.228477236059761e-05,51.599999999999675,360.0,344.6815664887971,344.6189652207298
49950.0,6806696.596094786,2.1828004781369428e-05,51.59999999999966,360.0,345.00432836135155,344.94038034412154
49960.0,6806692.29997187,2.1370547098064484e-05,51.59999999999976,360.0,345.3271192619613,345.2617665216144
49970.0,6806688.00384948,2.091241375376049e-05,51.59999999999986,360.0,345.6499411469455,345.5831217935031
49980.0,6806683.707727599,2.0453619225837417e-05,51.59999999999999,360.0,345.97279614466163,345.90444402807407
49990.0,6806679.411606112,1.9994178000278862e-05,51.59999999999994,360.0,346.2956865857332,346.2257308914474
50000.0,6806675.115484938,1.953410458372679e-05,51.59999999999987,360.0,346.6186150223208,346.5469798282576
50010.0,6806670.819364082,1.907341351381596e-05,51.59999999999999,360.0,346.9415842484798,346.86818804133225
50020.0,6806666.52324337,1.8612119331861938e-05,51.60000000000005,360.0,347.2645973592175,347.189352432592
50030.0,6806662.227122705,1.8150236600958034e-05,51.60000000000023,360.0,347.5876577536814,347.5104695999229
50040.0,6806657.931001892,1.7687779901956233e-05,51.60000000000023,360.0,347.91076922867865,347.8315357435807
50050.0,6806653.634880952,1.7224763844423947e-05,51.60000000000011,360.0,348.23393593074104,348.1525467141927
50060.0,6806649.338759677,1.6761203039665106e-05,51.60000000000014,360.0,348.5571625271153,348.47349784171035
50070.0,6806645.042637936,1.629711212028851e-05,51.60000000000019,360.0,348.8804541976684,348.79438394357186
50080.0,6806640.746515433,1.5832505723149796e-05,51.600000000000115,360.0,349.2038167692104,349.1151991903252
50090.0,6806636.450392076,1.5367398516278395e-05,51.60000000000002,360.0,349.52725674488255,349.435937076259
50100.0,6806632.1542676035,1.490180517173517e-05,51.59999999999994,360.0,349.8507814713983,349.75659025217
50110.0,6806627.858141808,1.4435740380721312e-05,51.599999999999724,360.0,350.17439924403305,350.07715042033936
50120.0,6806623.562014418,1.3969218840915793e-05,51.5999999999997,360.0,350.4981194897535,350.39760815147355
50130.0,6806619.265885152,1.3502255265001889e-05,51.599999999999746,360.0,350.82195295176086,350.7179527000771
50140.0,6806614.969753732,1.3034864379337613e-05,51.59999999999976,360.0,351.14591190650646,351.03817178749273
50150.0,6806610.673619772,1.2567060911196695e-05,51.59999999999976,360.0,351.47001049762474,351.3582512679569
50160.0,6806606.3774828585,1.2098859600934202e-05,51.5999999999998,360.0,351.7942650760538,351.6781747884554
50170.0,6806602.0813425025,1.1630275194781966e-05,51.60000000000009,360.0,352.11869465084675,351.9979233379656
50180.0,6806597.785198155,1.1161322435017647e-05,51.60000000000005,360.0,352.4433214159776,352.3174747205956
50190.0,6806593.489049272,1.0692016091571628e-05,51.600000000000016,360.0,352.76817152659345,352.6368027793642
50200.0,6806589.19289524,1.0222370921792541e-05,51.60000000000009,360.0,353.09327593269046,352.9558765624947
50210.0,6806584.896735213,9.752401684637647e-06,51.60000000000013,360.0,353.41867162993043,353.27465907265406
50220.0,6806580.600568332,9.282123138273233e-06,51.600000000000264,360.0,353.7444031052956,353.5931058212392
50230.0,6806576.304393525,8.811550032432536e-06,51.60000000000034,360.0,354.0705244238342,353.9111627416607
50240.0,6806572.008209661,8.340697122504584e-06,51.600000000000286,360.0,354.3971018959281,354.22876352206896
50250.0,6806567.712015348,7.869579138816682e-06,51.60000000000023,360.0,354.7242177462948,354.5458259363563
50260.0,6806563.41580886,7.398210791625025e-06,51.60000000000013,360.0,355.05197525801793,354.8622467001294
50270.0,6806559.119588211,6.926606772284909e-06,51.60000000000016,360.0,355.38050590365896,355.1778943395925
50280.0,6806554.823350884,6.4547817237399005e-06,51.60000000000011,360.0,355.7099797003336,355.4925988364545
50290.0,6806550.527094001,5.982750263384202e-06,51.60000000000021,360.0,356.0406204549895,355.80613638269773
50300.0,6806546.230813815,5.510526925818557e-06,51.60000000000023,360.0,356.37272882284225,356.11820632208475
50310.0,6806541.934505505,5.038126149819483e-06,51.60000000000017,360.0,356.70671843482364,356.428395022755
50320.0,6806537.638162965,4.565562248638454e-06,51.600000000000065,360.0,357.04317441859024,356.7361173561871
50330.0,6806533.341778002,4.092849345518341e-06,51.60000000000005,360.0,357.382952566494,357.0405175292636
50340.0,6806529.045339484,3.620001292240519e-06,51.6000000000002,360.0,357.72735628128544,357.3402921385185
50350.0,6806524.748831355,3.147031485369397e-06,51.600000000000165,360.0,358.07847325168416,357.63335349459334
50360.0,6806520.452229973,2.6739526460127496e-06,51.60000000000005,360.0,358.43986967633396,357.91613539830524
50370.0,6806516.155497582,2.20077626851258e-06,51.60000000000017,360.0,358.818180707596,358.18200269683007
50380.0,6806511.858569027,1.727511606542359e-06,51.60000000000009,360.0,359.2273164783816,358.41704525684264
50390.0,6806507.561315579,1.25416315746304e-06,51.60000000000021,360.0,359.7021977905235,358.5863422761987
50400.0,6806503.263421456,7.80723833628099e-07,51.6000000000002,360.0,0.3624966672588616,358.5702217314188
50410.0,6806498.963628451,3.071614477532426e-07,51.60000000000024,360.0,2.066569004838208,357.5103277260853
50420.0,6806494.684220519,1.650071864355899e-07,51.600000000000406,360.0,175.86722673924007,184.35384832412285
50430.0,6806490.394038463,6.373275237688986e-07,51.60000000000022,360.0,179.3360629918995,181.5291904040967
50440.0,6806486.100467237,1.110287279180388e-06,51.60000000000013,360.0,180.12606447617168,181.38336725270767
50450.0,6806481.806060778,1.583334180252031e-06,51.600000000000136,360.0,180.63657535355105,181.51703470861642
50460.0,6806477.511267313,2.0563833339542384e-06,51.60000000000021,360.0,181.06042866834778,181.737359727702
50470.0,6806473.2162503665,2.529396587189245e-06,51.60000000000008,360.0,181.44623644232254,181.9957302885242
50480.0,6806468.921088388,3.0023484344681773e-06,51.60000000000024,360.0,181.81197888103088,182.27416618589763
50490.0,6806464.625824941,3.4752182534899576e-06,51.60000000000017,360.0,182.16584810964218,182.56447529510154
50500.0,6806460.3304869225,3.947987684158583e-06,51.60000000000023,360.0,182.51211081760678,182.8623909272074
50510.0,6806456.035091963,4.420639581294734e-06,51.60000000000031,360.0,182.85320796447584,183.1654721232758
50520.0,6806451.739652249,4.893157503987158e-06,51.600000000000264,360.0,183.19063695448773,183.47222147973525
50530.0,6806447.44417671,5.365525437249925e-06,51.60000000000023,360.0,183.52536735930755,183.78166942569857
50540.0,6806443.148671936,5.837727654223353e-06,51.60000000000023,360.0,183.8580547157287,184.0931604251917
50550.0,6806438.853142918,6.309748632914677e-06,51.60000000000025,360.0,184.18915809039865,184.406235412474
50560.0,6806434.557593651,6.781572983620419e-06,51.60000000000026,360.0,184.51900861110778,184.72056326074323
50570.0,6806430.262027276,7.253185421424538e-06,51.60000000000028,360.0,184.8478510895066,185.03589915941882
50580.0,6806425.9664463485,7.724570742820583e-06,51.600000000000364,360.0,185.17587045159343,185.3520581836312
50590.0,6806421.670852941,8.19571380418111e-06,51.60000000000035,360.0,185.5032089999407,185.66889803202284
50600.0,6806417.375248826,8.666599513451867e-06,51.60000000000035,360.0,185.82997799129566,185.98630744914857
50610.0,6806413.07963539,9.137212824813817e-06,51.600000000000406,360.0,186.1562657210197,186.3041981410021
50620.0,6806408.784014001,9.60753870845044e-06,51.60000000000043,360.0,186.4821430982858,186.62249919985777
50630.0,6806404.488385573,1.0077562196414199e-05,51.60000000000049,360.0,186.80766776684968,186.94115298347194
50640.0,6806400.1927510435,1.0547268320209134e-05,51.60000000000046,360.0,187.13288707373817,187.26011214640835
50650.0,6806395.897111238,1.1016642147427549e-05,51.6000000000006,360.0,187.4578402000314,187.5793375092535
50660.0,6806391.601466823,1.148566876363162e-05,51.60000000000054,360.0,187.78255995981706,187.89879625965548
50670.0,6806387.305818557,1.1954333263862625e-05,51.600000000000556,360.0,188.1070739288221,188.21846082370982
50680.0,6806383.010166725,1.242262080152363e-05,51.60000000000061,360.0,188.4314055452589,188.5383077650934
50690.0,6806378.7145118555,1.2890516519456216e-05,51.600000000000605,360.0,188.75557479368504,188.85831710120294
50700.0,6806374.418854427,1.3358005576462848e-05,51.600000000000634,360.0,189.0795988441875,189.1784716639882
50710.0,6806370.123194768,1.3825073155206045e-05,51.60000000000075,360.0,189.40349254455725,189.49875660778173
50720.0,6806365.827533242,1.4291704455947182e-05,51.600000000000804,360.0,189.7272687717924,189.8191590577712
50730.0,6806361.531870035,1.4757884710711074e-05,51.60000000000082,360.0,190.05093876671089,190.1396677753793
50740.0,6806357.236205547,1.5223599141835745e-05,51.60000000000097,360.0,190.37451237610563,190.46027291616096
50750.0,6806352.940539963,1.5688833014891976e-05,51.6000000000009,360.0,190.6979982446753,190.7809658378163
50760.0,6806348.644873506,1.6153571594819886e-05,51.60000000000094,360.0,191.02140405194038,191.1017388632878
50770.0,6806344.349206388,1.6617800175192653e-05,51.60000000000102,360.0,191.344736580949,191.4225852120649
50780.0,6806340.053538772,1.7081504064057266e-05,51.60000000000096,360.0,191.66800189291652,191.74349882557283
50790.0,6806335.757870747,1.7544668598469032e-05,51.60000000000094,360.0,191.9912053784039,192.064474315912
50800.0,6806331.462202516,1.8007279116649937e-05,51.6000000000009,360.0,192.3143518759929,192.38550684727667
50810.0,6806327.166534216,1.8469320980300525e-05,51.60000000000102,360.0,192.6374457379841,192.70659207019003
50820.0,6806322.870865992,1.8930779577046014e-05,51.60000000000106,360.0,192.9604908590973,193.02772609285208
50830.0,6806318.575197893,1.9391640312901606e-05,51.60000000000085,360.0,193.28349079271212,193.34890536483272
50840.0,6806314.279530078,1.9851888607212932e-05,51.60000000000072,360.0,193.6064487275456,193.67012670044036
50850.0,6806309.983862613,2.031150990791564e-05,51.60000000000072,360.0,193.92936758412347,193.99138718227758
50860.0,6806305.688195532,2.077048968450118e-05,51.60000000000072,360.0,194.25225000323695,194.312684172714
50870.0,6806301.392529028,2.122881341164568e-05,51.60000000000077,360.0,194.5750983926622,194.63401526722538
50880.0,6806297.096862995,2.168646661197811e-05,51.60000000000078,360.0,194.89791496983122,194.95537825168094
50890.0,6806292.801197564,2.2143434807389042e-05,51.600000000000826,360.0,195.22070175544314,195.2767711087615
50900.0,6806288.505532797,2.2599703552328905e-05,51.60000000000073,360.0,195.54346059160332,195.59819199982473
50910.0,6806284.209868823,2.3055258412512145e-05,51.60000000000069,360.0,195.86619316748246,195.9196392392037
50920.0,6806279.914205606,2.351008499200673e-05,51.60000000000071,360.0,196.18890107067557,196.24111124287876
50930.0,6806275.618543216,2.396416890812102e-05,51.600000000000804,360.0,196.51158574069726,196.56260657499158
50940.0,6806271.322881542,2.4417495822223296e-05,51.60000000000079,360.0,196.8342485260042,196.88412389076404
50950.0,6806267.027220862,2.4870051380153534e-05,51.60000000000084,360.0,197.1568906346446,197.2056619859312
50960.0,6806262.7315610405,2.5321821292629042e-05,51.60000000000093,360.0,197.47951322461327,197.52721970634772
50970.0,6806258.435902141,2.5772791274303248e-05,51.60000000000099,360.0,197.80211736243083,197.8487959893775
50980.0,6806254.140244169,2.6222947069472627e-05,51.60000000000102,360.0,198.12470403296265,198.1703898541276
50990.0,6806249.84458709,2.6672274456096923e-05,51.60000000000095,360.0,198.44727415922617,198.49200038161
51000.0,6806245.548930995,2.7120759221598297e-05,51.60000000000104,360.0,198.76982859202695,198.8136267250843
51010.0,6806241.253275877,2.756838719741487e-05,51.60000000000099,360.0,199.09236812879664,199.13526809129468
51020.0,6806236.957621669,2.801514423619041e-05,51.6000000000009,360.0,199.41489352726992,199.45692372671394
51030.0,6806232.6619684445,2.8461016215589873e-05,51.60000000000093,360.0,199.7374054712966,199.77859295176802
51040.0,6806228.366316189,2.8905989043943026e-05,51.60000000000096,360.0,200.05990461666804,200.10027511498956
51050.0,6806224.070664918,2.9350048654411526e-05,51.60000000000095,360.0,200.3823915747074,200.42196960944116
51060.0,6806219.77501462,2.9793181014708408e-05,51.60000000000085,360.0,200.70486692350184,200.74367586149603
51070.0,6806215.479365304,3.0235372118721224e-05,51.60000000000086,360.0,201.02733119127612,201.06539334743337
51080.0,6806211.183716934,3.0676607993781733e-05,51.600000000000875,360.0,201.349784893093,201.38712155675273
51090.0,6806206.888069536,3.1116874689587536e-05,51.60000000000084,360.0,201.67222851168,201.70886001136307
51100.0,6806202.5924230665,3.1556158300094964e-05,51.60000000000086,360.0,201.99466248214128,202.03060828083144
51110.0,6806198.296777477,3.1994444940313474e-05,51.6000000000009,360.0,202.31708724553357,202.35236592882518
51120.0,6806194.001132807,3.243172075743672e-05,51.6000000000009,360.0,202.63950319386785,202.67413256814845
51130.0,6806189.705489048,3.286797193047893e-05,51.60000000000093,360.0,202.96191069958135,202.99590783119442
51140.0,6806185.409846151,3.3303184676804566e-05,51.60000000000086,360.0,203.284310118433,203.31769136709056
51150.0,6806181.114204117,3.373734523772692e-05,51.60000000000082,360.0,203.60670179682302,203.63948283442906
51160.0,6806176.818562911,3.417043989924108e-05,51.60000000000081,360.0,203.92908604512945,203.9612819278138
51170.0,6806172.522922495,3.4602454975503085e-05,51.60000000000076,360.0,204.25146317444168,204.28308834121694
51180.0,6806168.227282886,3.5033376808715735e-05,51.60000000000078,360.0,204.5738334631919,204.60490180131353
51190.0,6806163.93164404,3.546319178141908e-05,51.60000000000076,360.0,204.89619719693516,204.92672202771877
51200.0,6806159.6360059045,3.589188631721651e-05,51.600000000000705,360.0,205.21855462495174,205.2485487763599
51210.0,6806155.340368493,3.6319446861414126e-05,51.60000000000071,360.0,205.54090599735505,205.57038180238993
51220.0,6806151.0447317455,3.674585990890809e-05,51.60000000000072,360.0,205.86325154817473,205.89222087709535
51230.0,6806146.749095627,3.717111198205422e-05,51.60000000000067,360.0,206.18559149600873,206.2140657872342
51240.0,6806142.453460151,3.759518963942598e-05,51.60000000000075,360.0,206.5079260553789,206.5359163236872
51250.0,6806138.15782523,3.8018079486006645e-05,51.60000000000064,360.0,206.83025542475932,206.85777229345246
51260.0,6806133.862190774,3.843976816165531e-05,51.60000000000055,360.0,207.15257980664936,207.17963349949216
51270.0,6806129.566556903,3.886024232891285e-05,51.60000000000052,360.0,207.47489937359492,207.50149977483585
51280.0,6806125.270923482,3.9279488708692216e-05,51.600000000000634,360.0,207.7972143123035,207.82337093835702
51290.0,6806120.975290497,3.969749405181647e-05,51.60000000000064,360.0,208.11952477974066,208.14524683873967
51300.0,6806116.679657852,4.0114245153179816e-05,51.60000000000069,360.0,208.44183094705963,208.4671273105078
51310.0,6806112.38402555,4.052972884039889e-05,51.600000000000534,360.0,208.76413295910956,208.78901221453168
51320.0,6806108.08839355,4.0943931984552084e-05,51.60000000000051,360.0,209.08643096735008,209.11090140510672
51330.0,6806103.792761815,4.1356841495570364e-05,51.60000000000053,360.0,209.4087251083419,209.43279475148736
51340.0,6806099.497130266,4.1768444328959514e-05,51.60000000000052,360.0,209.73101552464755,209.75469211695577
51350.0,6806095.201498866,4.217872747870039e-05,51.60000000000058,360.0,210.05330234005712,210.07659338359585
51360.0,6806090.905867561,4.258767797916252e-05,51.600000000000485,360.0,210.3755856821544,210.3984984297668
51370.0,6806086.610236333,4.299528290695598e-05,51.60000000000053,360.0,210.6978656628477,210.72040714951797
51380.0,6806082.314605085,4.340152938614186e-05,51.600000000000584,360.0,211.02014240515834,211.0423194258252
51390.0,6806078.018973814,4.380640457459789e-05,51.60000000000067,360.0,211.34241601230525,211.36423516150685
51400.0,6806073.723342318,4.420989569412127e-05,51.60000000000066,360.0,211.664686604208,211.68615424271837
51410.0,6806069.427710649,4.461198998409621e-05,51.6000000000006,360.0,211.98695427277536,212.00807658366313
51420.0,6806065.132078787,4.501267473509502e-05,51.60000000000057,360.0,212.30921910950158,212.33000209899964
51430.0,6806060.836446574,4.541193729661401e-05,51.60000000000064,360.0,212.6314812219742,212.65193068731173
51440.0,6806056.540814022,4.580976504573534e-05,51.600000000000755,360.0,212.95374069325493,212.97386227174212
51450.0,6806052.245181025,4.6206145417769546e-05,51.60000000000084,360.0,213.2759976146104,213.29579676727428
51460.0,6806047.949547409,4.6601065894497964e-05,51.60000000000069,360.0,213.59825207551822,213.61773409070506
51470.0,6806043.653913176,4.699451399412108e-05,51.60000000000066,360.0,213.9205041582209,213.93967416608976
51480.0,6806039.358278335,4.738647727731206e-05,51.60000000000061,360.0,214.24275393159644,214.26161693089537
51490.0,6806035.062642652,4.777694337611451e-05,51.600000000000726,360.0,214.56500148365325,214.58356230348363
51500.0,6806030.7670061365,4.816589994248293e-05,51.60000000000082,360.0,214.88724688318646,214.90551022144516
51510.0,6806026.4713686695,4.855333469075687e-05,51.60000000000085,360.0,215.2094902035632,215.22746061782274
51520.0,6806022.175730112,4.893923538650855e-05,51.60000000000083,360.0,215.53173152046605,215.5494134233949
51530.0,6806017.880090399,4.932358983744145e-05,51.6000000000009,360.0,215.85397089939073,215.8713685791346
51540.0,6806013.584449325,4.970638590614643e-05,51.60000000000082,360.0,216.1762084098157,216.19332602207018
51550.0,6806009.28880684,5.008761149886259e-05,51.60000000000088,360.0,216.49844411704012,216.51528569341872
51560.0,6806004.993162823,5.046725457210672e-05,51.60000000000075,360.0,216.82067808379412,216.83724753698533
51570.0,6806000.69751705,5.084530314186398e-05,51.60000000000065,360.0,217.14291037518,217.15921149424105
51580.0,6805996.401869462,5.1221745263032666e-05,51.60000000000054,360.0,217.4651410527564,217.48117751021607
51590.0,6805992.10621978,5.159656905741066e-05,51.60000000000061,360.0,217.78737018317236,217.8031455248693
51600.0,6805987.810567877,5.1969762685791614e-05,51.60000000000053,360.0,218.10959782102174,218.12511549025345
51610.0,6805983.514913532,5.2341314365942334e-05,51.60000000000048,360.0,218.43182403106243,218.4470873482423
51620.0,6805979.219256461,5.2711212376806724e-05,51.60000000000042,360.0,218.75404887378005,218.76906104502606
51630.0,6805974.923596397,5.3079445045272835e-05,51.60000000000051,360.0,219.07627241441412,219.09103652205016
51640.0,6805970.627933069,5.3446000750229654e-05,51.60000000000053,360.0,219.3984947116144,219.4130137273705
51650.0,6805966.332266059,5.3810867936413456e-05,51.60000000000052,360.0,219.72071583391886,219.7349925991608
51660.0,6805962.03659485,5.417403511212476e-05,51.60000000000034,360.0,220.0429358594759,220.05697306601425
51670.0,6805957.740919095,5.4535490823325e-05,51.600000000000435,360.0,220.36515485028144,220.37895507267038
51680.0,6805953.445238093,5.489522369917811e-05,51.60000000000057,360.0,220.68737289314097,220.70093853909833
51690.0,6805949.1495511485,5.525322241977894e-05,51.600000000000584,360.0,221.00959006902133,221.02292339110235
51700.0,6805944.853857278,5.5609475745996826e-05,51.600000000000556,360.0,221.3318064834209,221.3449095299571
51710.0,6805940.558155332,5.596397250599675e-05,51.60000000000047,360.0,221.65402224943477,221.66689684936097
51720.0,6805936.262443905,5.631670160437359e-05,51.6000000000005,360.0,221.97623750189558,221.98888522129752
51730.0,6805931.966720921,5.666765205421179e-05,51.60000000000051,360.0,222.2984524186554,222.31087447472885
51740.0,6805927.670983659,5.7016812976335026e-05,51.600000000000456,360.0,222.62066722564404,222.6328643905502
51750.0,6805923.375228195,5.7364173642516844e-05,51.600000000000485,360.0,222.9428822350521,222.95485466340588
51760.0,6805919.0794486,5.7709723541224174e-05,51.60000000000035,360.0,223.2650979068377,223.27684484015126
51770.0,6805914.783635246,5.8053452504238264e-05,51.60000000000035,360.0,223.5873149639159,223.59883420472764
51780.0,6805910.487771138,5.839535100789319e-05,51.600000000000406,360.0,223.90953467976442,223.92082149051433
51790.0,6805906.191820643,5.8735411042923656e-05,51.60000000000057,360.0,224.23175969821528,224.24280406050977
51800.0,6805901.895687395,5.9073629421233085e-05,51.600000000000534,360.0,224.55399717384583,224.56477476699928
51810.0,6805897.598843332,5.941003673961072e-05,51.600000000000456,360.0,224.87628644523002,224.88669427825187
51820.0,6805893.303117737,5.974448012676884e-05,51.60000000000048,360.0,225.1984896589223,225.2087004545884
51830.0,6805889.008128287,6.0076977660321994e-05,51.60000000000037,360.0,225.5206377557593,225.53076236202324
51840.0,6805884.712819581,6.0407601374975065e-05,51.60000000000047,360.0,225.84280936766956,225.85280137548682
51850.0,6805880.417403734,6.073632436806728e-05,51.60000000000051,360.0,226.16498844838551,226.17483354809102
51860.0,6805876.1219329685,6.106313220748965e-05,51.6000000000007,360.0,226.4871710356753,226.49686284893338
51870.0,6805871.826428097,6.138801295722302e-05,51.60000000000058,360.0,226.80935555456514,226.8188908598135
51880.0,6805867.530899857,6.171095551652105e-05,51.60000000000065,360.0,227.13154119453998,227.14091839812656
51890.0,6805863.235354221,6.203194921407938e-05,51.600000000000776,360.0,227.4537275092854,227.4629459170107
51900.0,6805858.939795063,6.23509836016442e-05,51.60000000000085,360.0,227.77591421523564,227.7849737068585
51910.0,6805854.6442249995,6.266804839392494e-05,51.60000000000088,360.0,228.09810112715456,228.10700195974403
51920.0,6805850.348645701,6.298313343064264e-05,51.60000000000079,360.0,228.42028812644068,228.42903080110185
51930.0,6805846.053058389,6.329622865615002e-05,51.60000000000063,360.0,228.74247513379117,228.75106031702805
51940.0,6805841.757464148,6.360732408788137e-05,51.600000000000634,360.0,229.0646620805735,229.07309058297966
51950.0,6805837.461863661,6.391640983176652e-05,51.600000000000755,360.0,229.38684892633364,229.3951216461807
51960.0,6805833.166257452,6.422347607271181e-05,51.60000000000078,360.0,229.70903564429156,229.71715354020975
51970.0,6805828.870646039,6.452851306185911e-05,51.60000000000087,360.0,230.03122220840993,230.0391862978749
51980.0,6805824.57502966,6.483151113109298e-05,51.6000000000009,360.0,230.35340861269205,230.36121993192
51990.0,6805820.279408638,6.513246067124205e-05,51.60000000000088,360.0,230.6755948440846,230.6832544621622
52000.0,6805815.983783227,6.543135214621744e-05,51.60000000000101,360.0,230.99778089794964,231.00528989994808
52010.0,6805811.688153641,6.572817608420878e-05,51.60000000000105,360.0,231.31996676843355,231.32732625785857
52020.0,6805807.392519988,6.602292308833389e-05,51.600000000001046,360.0,231.6421524614535,231.6493635366643
52030.0,6805803.09688238,6.631558382817179e-05,51.60000000000114,360.0,231.9643379789708,231.9714017411051
52040.0,6805798.801240925,6.660614903425577e-05,51.60000000000106,360.0,232.28652332441126,232.2934408744263
52050.0,6805794.505595739,6.689460950695644e-05,51.600000000001096,360.0,232.60870850012446,232.61548094091074
52060.0,6805790.209946868,6.718095611793234e-05,51.60000000000106,360.0,232.93089351421096,232.93752193908438
52070.0,6805785.914294306,6.746517981032439e-05,51.60000000000102,360.0,233.2530783785818,233.25956386365084
52080.0,6805781.6186381765,6.774727158283279e-05,51.600000000001025,360.0,233.5752630943868,233.58160672005053
52090.0,6805777.322978491,6.80272225082923e-05,51.60000000000095,360.0,233.897447670963,233.90365050549184
52100.0,6805773.0273152655,6.830502373234258e-05,51.60000000000097,360.0,234.21963211801625,234.22569521682098
52110.0,6805768.731648462,6.858066646443106e-05,51.60000000000092,360.0,234.54181644935682,234.54774084675762
52120.0,6805764.435978181,6.885414197953586e-05,51.6000000000009,360.0,234.86400066680648,234.86978739996275
52130.0,6805760.140304397,6.912544162409252e-05,51.60000000000088,360.0,235.1861847830592,235.19183487020186
52140.0,6805755.844627102,6.93945568169897e-05,51.60000000000099,360.0,235.50836880611217,235.5138832559341
52150.0,6805751.5489463685,6.966147903647334e-05,51.60000000000096,360.0,235.83055274142762,235.8359325581143
52160.0,6805747.253262176,6.992619983925634e-05,51.60000000000099,360.0,236.15273660014694,236.15798277198107
52170.0,6805742.957574439,7.018871085145097e-05,51.60000000000097,360.0,236.47492039661395,236.48003388954777
52180.0,6805738.6618831875,7.044900376738922e-05,51.60000000000098,360.0,236.79710413669952,236.80208591129832
52190.0,6805734.366188398,7.07070703533628e-05,51.60000000000096,360.0,237.1192878333233,237.12413883057778
52200.0,6805730.070490097,7.096290244004855e-05,51.60000000000102,360.0,237.44147149204915,237.44619264812204
52210.0,6805725.774788228,7.121649193397158e-05,51.600000000001074,360.0,237.7636551251421,237.7682473578877
52220.0,6805721.479082799,7.146783081022052e-05,51.60000000000106,360.0,238.0858387402234,238.09030295847336
52230.0,6805717.183373829,7.17169111120591e-05,51.600000000001046,360.0,238.40802234328734,238.41235945004107
52240.0,6805712.887661285,7.196372496084162e-05,51.600000000000996,360.0,238.73020594708214,238.7344168259858
52250.0,6805708.591945141,7.220826454776878e-05,51.600000000000996,360.0,239.05238955873858,239.05647508528423
52260.0,6805704.296225327,7.245052213374404e-05,51.60000000000097,360.0,239.37457319273867,239.37853421953406
52270.0,6805700.0005018525,7.269049005807167e-05,51.600000000001074,360.0,239.69675685318165,239.70059423065175
52280.0,6805695.704774745,7.292816071720081e-05,51.60000000000117,360.0,240.01894054973084,240.02265511497768
52290.0,6805691.409043952,7.316352659456508e-05,51.60000000000117,360.0,240.34112428887408,240.34471687196344
52300.0,6805687.11330939,7.339658024388088e-05,51.60000000000123,360.0,240.6633080859912,240.66677949218473
52310.0,6805682.817571113,7.362731428422594e-05,51.60000000000123,360.0,240.98549194448748,240.98884297809235
52320.0,6805678.521829145,7.385572141189218e-05,51.60000000000117,360.0,241.30767586773948,241.3109073321439
52330.0,6805674.226083306,7.40817944116711e-05,51.60000000000122,360.0,241.62985987759845,241.6329725382909
52340.0,6805669.93033371,7.430552611397773e-05,51.600000000001195,360.0,241.9520439700316,241.9550386063397
52350.0,6805665.634580294,7.452690944097967e-05,51.60000000000123,360.0,242.27422815959622,242.2771055274347
52360.0,6805661.338823103,7.474593738265555e-05,51.600000000001245,360.0,242.5964124470437,242.59917330649722
52370.0,6805657.043062045,7.496260301141252e-05,51.60000000000128,360.0,242.91859684454943,242.9212419369701
52380.0,6805652.747297105,7.51768994679387e-05,51.60000000000119,360.0,243.24078136025918,243.24331141631396
52390.0,6805648.451528216,7.538881997117266e-05,51.60000000000108,360.0,243.56296600589332,243.56538173832524
52400.0,6805644.155755426,7.559835780815298e-05,51.600000000001096,360.0,243.88515078175567,243.88745290821217
52410.0,6805639.859978726,7.580550634508966e-05,51.60000000000104,360.0,244.20733569576637,244.20952492348457
52420.0,6805635.564198057,7.601025902793452e-05,51.60000000000114,360.0,244.52952075722308,244.53159778025804
52430.0,6805631.268413422,7.621260937154852e-05,51.600000000001174,360.0,244.85170597293725,244.85367147706012
52440.0,6805626.972624818,7.64125509693667e-05,51.6000000000012,360.0,245.17389134761788,245.1757460144967
52450.0,6805622.676832137,7.66100774950562e-05,51.60000000000126,360.0,245.49607689354687,245.49782138553448
52460.0,6805618.38103548,7.680518268958417e-05,51.60000000000126,360.0,245.81826260848274,245.81989759761615
52470.0,6805614.085234792,7.699786037269919e-05,51.60000000000129,360.0,246.1404485051233,246.14197464321276
52480.0,6805609.789430035,7.718810444875789e-05,51.60000000000134,360.0,246.46263458760578,246.46405252327074
52490.0,6805605.493621204,7.737590889076447e-05,51.600000000001295,360.0,246.78482086308034,246.78613123569627
52500.0,6805601.197808312,7.756126775192153e-05,51.60000000000137,360.0,247.1070073353668,247.10821078167407
52510.0,6805596.90199129,7.774417516172556e-05,51.60000000000125,360.0,247.42919401583632,247.43029115476318
52520.0,6805592.606170209,7.792462532246926e-05,51.60000000000126,360.0,247.7513809021609,247.75237236220383
52530.0,6805588.310344986,7.81026125261558e-05,51.600000000001316,360.0,248.07356800507483,248.0744543980882
52540.0,6805584.014515631,7.827813113141588e-05,51.60000000000129,360.0,248.39575532946571,248.39653726229747
52550.0,6805579.718682175,7.845117557798473e-05,51.600000000001316,360.0,248.7179428778872,248.7186209570317
52560.0,6805575.422844573,7.862174038571033e-05,51.60000000000128,360.0,249.0401306569664,249.04070548031137
52570.0,6805571.127002818,7.878982015277642e-05,51.60000000000139,360.0,249.36231867229324,249.36279083117887
52580.0,6805566.831156997,7.895540954608345e-05,51.60000000000145,360.0,249.68450692291208,249.68487701512322
52590.0,6805562.535307012,7.911850333010611e-05,51.60000000000145,360.0,250.00669541842248,250.00696402705861
52600.0,6805558.239452873,7.927909633051745e-05,51.600000000001494,360.0,250.32888416401047,250.32905186624313
52610.0,6805553.94359462,7.943718346133161e-05,51.60000000000146,360.0,250.6510731587094,250.65114053800133
52620.0,6805549.647732234,7.959275970469006e-05,51.60000000000146,360.0,250.97326241204496,250.9732300371544
52630.0,6805545.351865695,7.974582014171221e-05,51.60000000000148,360.0,251.2954519279634,251.29532036400244
52640.0,6805541.05599506,7.989635991064058e-05,51.60000000000145,360.0,251.6176417056385,251.6174115235689
52650.0,6805536.760120313,8.004437425138334e-05,51.600000000001465,360.0,251.93983174915053,251.9395035159219
52660.0,6805532.464241535,8.018985846304083e-05,51.60000000000154,360.0,252.26202205668017,252.26159634695148
52670.0,6805528.168358647,8.033280793615831e-05,51.60000000000143,360.0,252.58421263879902,252.58369001011084
52680.0,6805523.872471727,8.047321814033976e-05,51.600000000001316,0.0,252.90640349544503,252.90578450942147
52690.0,6805519.5765807815,8.061108462085204e-05,51.600000000001316,360.0,253.228594627449,253.22787984792302
52700.0,6805515.280685859,8.074640300947405e-05,51.60000000000129,0.0,253.55078603468743,253.54997602956013
52710.0,6805510.984786939,8.087916901345557e-05,51.60000000000131,0.0,253.87297772445302,253.87207305081918
52720.0,6805506.6888841195,8.10093784210801e-05,51.60000000000131,0.0,254.1951696925009,254.19417091964397
52730.0,6805502.392977331,8.11370271062559e-05,51.60000000000129,0.0,254.51736194715113,254.51626963131895
52740.0,6805498.097066712,8.126211101712631e-05,51.60000000000108,0.0,254.83955448176837,254.83836919606986
52750.0,6805493.801152235,8.138462618519756e-05,51.600000000001096,0.0,255.16174730252848,255.16046961120725
52760.0,6805489.505234073,8.150456872178345e-05,51.600000000001224,0.0,255.48394039972456,255.48257088987822
52770.0,6805485.209312244,8.162193481890377e-05,51.60000000000115,0.0,255.80613377648984,255.80467303231595
52780.0,6805480.913386704,8.173672076293137e-05,51.6000000000012,0.0,256.12832743576286,256.1267760388711
52790.0,6805476.6174576,8.184892290209728e-05,51.6000000000012,0.0,256.45052137398415,256.44887991633794
52800.0,6805472.321525014,8.195853767683276e-05,51.600000000001245,0.0,256.77271558737795,256.770984671669
52810.0,6805468.025588986,8.206556160838327e-05,51.60000000000127,0.0,257.09491007494057,257.093090308954
52820.0,6805463.729649714,8.216999128960474e-05,51.60000000000138,0.0,257.4171048295019,257.41519683838555
52830.0,6805459.4337072,8.227182341486318e-05,51.60000000000135,0.0,257.73929985024506,257.7373042637282
52840.0,6805455.137761574,8.237105474821462e-05,51.60000000000134,0.0,258.06149512959877,258.05941259544835
52850.0,6805450.841812937,8.246768213599294e-05,51.600000000001394,0.0,258.3836906661388,258.3815218377807
52860.0,6805446.545861498,8.256170250686022e-05,51.60000000000132,0.0,258.7058864455488,258.7036320077736
52870.0,6805442.249907402,8.26531128728201e-05,51.60000000000126,0.0,259.02808246165495,259.02574311430027
52880.0,6805437.953950714,8.274191032741561e-05,51.600000000001295,0.0,259.350278713455,259.3478551609628
52890.0,6805433.657991667,8.282809204889777e-05,51.60000000000126,0.0,259.6724751870481,259.66996816417753
52900.0,6805429.362030536,8.291165529585124e-05,51.60000000000131,0.0,259.9946718625849,259.9920821462819
52910.0,6805425.066067489,8.299259741166144e-05,51.60000000000126,0.0,260.31686873159765,260.31419711809633
52920.0,6805420.770102843,8.307091581650919e-05,51.600000000001394,0.0,260.63906577544435,260.63631310060765
52930.0,6805416.474136741,8.314660802246965e-05,51.6000000000014,0.0,260.9612629834807,260.9584301066784
52940.0,6805412.178169611,8.321967161746965e-05,51.60000000000117,0.0,261.28346032865664,261.2805481655544
52950.0,6805407.882201787,8.329010427236032e-05,51.60000000000123,0.0,261.6056577900047,261.60266730028354
52960.0,6805403.586233636,8.335790374513805e-05,51.60000000000117,0.0,261.9278553400858,261.9247875403231
52970.0,6805399.290265585,8.342306787377914e-05,51.600000000001074,0.0,262.25005295264447,262.2469089138901
52980.0,6805394.994298165,8.348559458212249e-05,51.600000000001195,0.0,262.57225058777846,262.56903146274414
52990.0,6805390.698331899,8.35454818722646e-05,51.60000000000116,0.0,262.8944482118743,262.89115522230867
53000.0,6805386.402367568,8.360272783057762e-05,51.6000000000011,0.0,263.2166457700917,263.2132802491542
53010.0,6805382.106405807,8.365733062988991e-05,51.60000000000127,0.0,263.53884321550123,263.5354065918732
53020.0,6805377.810447518,8.370928852304017e-05,51.60000000000129,0.0,263.8610404867873,263.8575343133338
53030.0,6805373.514493659,8.375859984676362e-05,51.60000000000117,0.0,264.1832375119665,264.1796634870358
53040.0,6805369.218545517,8.380526301976256e-05,51.600000000001224,0.0,264.5054341998274,264.50179420560096
53050.0,6805364.92260443,8.384927654522108e-05,51.60000000000123,0.0,264.82763045173147,264.8239265690195
53060.0,6805360.6266720565,8.389063900874381e-05,51.60000000000134,0.0,265.149826145177,265.1460607010728
53070.0,6805356.330750447,8.39293490774372e-05,51.600000000001465,0.0,265.4720211312829,265.4681967518358
53080.0,6805352.034842118,8.396540550056421e-05,51.60000000000137,0.0,265.7942152251553,265.7903349073279
53090.0,6805347.738950106,8.399880711277159e-05,51.60000000000137,0.0,266.116408197976,266.1124753974126
53100.0,6805343.443078366,8.402955282610551e-05,51.60000000000126,0.0,266.43859976116164,266.4346185116543
53110.0,6805339.147231751,8.405764163753293e-05,51.60000000000129,0.0,266.7607895499853,266.7567646156669
53120.0,6805334.851416948,8.408307262131067e-05,51.60000000000126,0.0,267.0829770684749,267.0789142062437
53130.0,6805330.555642868,8.410584493226929e-05,51.600000000001096,0.0,267.4051616512058,267.4010679495367
53140.0,6805326.259921769,8.41259578047698e-05,51.60000000000102,0.0,267.7273423798218,267.723226764572
53150.0,6805321.964271948,8.414341054490335e-05,51.600000000000996,0.0,268.04951788450614,268.04539202176085
53160.0,6805317.668721354,8.415820253039463e-05,51.60000000000087,0.0,268.37168607660277,268.367565810257
53170.0,6805313.373316749,8.41703332006001e-05,51.60000000000097,0.0,268.69384344660074,268.6897516400021
53180.0,6805309.078145182,8.417980203878152e-05,51.6000000000011,0.0,269.01598347205436,269.0119560338075
53190.0,6805304.783399668,8.418660853218937e-05,51.60000000000106,0.0,269.33809167954274,269.33419346536687
53200.0,6805300.489679822,8.419075203987794e-05,51.60000000000112,0.0,269.66012310046784,269.6565089034956
53210.0,6805296.204828064,8.419223078382282e-05,51.60000000000104,0.0,269.9814895487873,269.9794905343553
53220.0,6805291.923271266,8.419103147255242e-05,51.60000000000102,0.0,270.30260901877165,270.30272036371025
53230.0,6805287.624188158,8.418717289835072e-05,51.6000000000011,0.0,270.62504311957514,270.62463678236594
53240.0,6805283.326289058,8.418065376469529e-05,51.60000000000095,0.0,270.9473885722221,270.9466430692117
53250.0,6805279.028859476,8.417147379326595e-05,51.60000000000114,0.0,271.26969896433434,271.2686856364399
53260.0,6805274.731681795,8.415963304145894e-05,51.6000000000012,0.0,271.59199062343833,271.59074815626656
53270.0,6805270.434660142,8.414513174040819e-05,51.60000000000126,0.0,271.914270740479,271.91282343739135
53280.0,6805266.1377439955,8.412797025060485e-05,51.60000000000129,0.0,272.2365431080916,272.2349076867758
53290.0,6805261.8409031285,8.410814904062456e-05,51.60000000000132,0.0,272.55880999838394,272.5569986318146
53300.0,6805257.544118222,8.408566867826564e-05,51.60000000000137,0.0,272.8810728623683,272.87909482093096
53310.0,6805253.2473761495,8.406052982479954e-05,51.6000000000014,0.0,273.20333268697465,273.2011952665505
53320.0,6805248.950667531,8.403273323335939e-05,51.60000000000137,0.0,273.5255901785182,273.5232992616254
53330.0,6805244.653985342,8.400227974524402e-05,51.60000000000134,0.0,273.84784586971085,273.8454062726364
53340.0,6805240.3573243655,8.396917028931144e-05,51.60000000000133,0.0,274.1701001511024,274.1675159081781
53350.0,6805236.060680619,8.393340588366549e-05,51.6000000000012,0.0,274.49235332849406,274.4896278614908
53360.0,6805231.764050832,8.389498762950389e-05,51.60000000000127,0.0,274.8146056474262,274.81174188600994
53370.0,6805227.467432506,8.385391671628597e-05,51.60000000000135,0.0,275.1368572989252,275.13385778959133
53380.0,6805223.170823447,8.38101944179168e-05,51.600000000001394,0.0,275.459108453117,275.4559754009307
53390.0,6805218.874221901,8.376382209253561e-05,51.60000000000135,0.0,275.7813592424823,275.7780945862938
53400.0,6805214.577626458,8.371480118594948e-05,51.600000000001316,0.0,276.1036097803411,276.10021523102125
53410.0,6805210.281035707,8.366313322274969e-05,51.60000000000131,0.0,276.4258601724451,276.4223372279499
53420.0,6805205.98444875,8.360881981865326e-05,51.6000000000012,0.0,276.74811048933503,276.74446050507186
53430.0,6805201.687864673,8.355186266947431e-05,51.60000000000115,0.0,277.0703608030419,277.06658498877925
53440.0,6805197.391282681,8.349226355567237e-05,51.600000000001074,0.0,277.39261117671776,277.3887106142951
53450.0,6805193.0947021125,8.343002434425123e-05,51.60000000000113,0.0,277.71486166519423,277.710837325066
53460.0,6805188.798122383,8.336514698376064e-05,51.60000000000111,0.0,278.0371123134943,278.0329650742961
53470.0,6805184.501542915,8.329763350709323e-05,51.60000000000111,0.0,278.3593631699636,278.35509381178514
53480.0,6805180.204963303,8.322748603273391e-05,51.600000000001096,0.0,278.6816142677322,278.6772235024663
53490.0,6805175.908383137,8.315470675876457e-05,51.60000000000114,0.0,279.0038656424098,278.9993541087313
53500.0,6805171.611802072,8.307929797102639e-05,51.60000000000114,0.0,279.3261173244129,279.32148559806444
53510.0,6805167.315219674,8.300126203414909e-05,51.60000000000108,0.0,279.6483693469268,279.6436179351402
53520.0,6805163.01863577,8.292060140208567e-05,51.60000000000117,0.0,279.97062172860285,279.9657510990854
53530.0,6805158.722050023,8.283731860500855e-05,51.60000000000128,0.0,280.29287449734727,280.2878850596947
53540.0,6805154.4254622,8.275141626064074e-05,51.60000000000108,0.0,280.61512767402826,280.6100197937038
53550.0,6805150.128872129,8.26628970729005e-05,51.600000000001195,0.0,280.93738127877407,280.9321552785613
53560.0,6805145.832279651,8.257176382453993e-05,51.60000000000114,0.0,281.25963532399845,281.25429149933433
53570.0,6805141.53568448,8.247801937502973e-05,51.600000000001074,0.0,281.5818898340458,281.57642842908626
53580.0,6805137.239086563,8.238166667898012e-05,51.60000000000088,0.0,281.90414482057696,281.89856605351
53590.0,6805132.942485737,8.22827087657958e-05,51.60000000000082,0.0,282.22640029778483,282.2207043556664
53600.0,6805128.645881838,8.218114875137399e-05,51.60000000000081,0.0,282.548656282308,282.5428433161139
53610.0,6805124.349274771,8.207698982754426e-05,51.60000000000077,0.0,282.8709127839782,282.86498292216373
53620.0,6805120.052664475,8.197023527859437e-05,51.60000000000069,0.0,283.19316981307384,283.1871231606001
53630.0,6805115.756050775,8.186088846010127e-05,51.600000000000776,0.0,283.51542738721565,283.5092640107693
53640.0,6805111.459433612,8.174895281852523e-05,51.6000000000009,0.0,283.8376855136534,283.83140546235256
53650.0,6805107.162812938,8.163443187808745e-05,51.60000000000101,0.0,284.15994419914557,284.15354750545276
53660.0,6805102.866188627,8.151732924544692e-05,51.60000000000094,0.0,284.48220346023544,284.4756901203041
53670.0,6805098.569560662,8.139764861126673e-05,51.60000000000094,0.0,284.8044633025096,284.7978332980383
53680.0,6805094.272928889,8.127539374316551e-05,51.60000000000087,0.0,285.12672374110537,285.11997702016356
53690.0,6805089.97629339,8.11505684961183e-05,51.600000000000875,0.0,285.4489847748661,285.4421212844039
53700.0,6805085.679654056,8.10231768017031e-05,51.60000000000085,0.0,285.7712464163399,285.76426607473695
53710.0,6805081.383010838,8.089322267396752e-05,51.60000000000088,0.0,286.0935086722182,286.08641138092236
53720.0,6805077.086363686,8.076071021125047e-05,51.60000000000088,0.0,286.41577155092705,286.4085571909148
53730.0,6805072.789712566,8.062564358434891e-05,51.60000000000084,0.0,286.73803506057277,286.7307034929233
53740.0,6805068.493057493,8.048802706143743e-05,51.600000000000904,0.0,287.06029920641146,287.05285027794247
53750.0,6805064.196398369,8.034786497336693e-05,51.60000000000096,0.0,287.38256399889855,287.3749975316964
53760.0,6805059.899735152,8.020516173812949e-05,51.60000000000098,0.0,287.70482944613525,287.69714524221246
53770.0,6805055.603067948,8.005992186299046e-05,51.60000000000104,360.0,288.0270955459794,288.0192934076984
53780.0,6805051.306396635,7.991214992124331e-05,51.600000000001025,360.0,288.34936231088267,288.341442011698
53790.0,6805047.009721211,7.976185057477118e-05,51.60000000000098,360.0,288.67162974785833,288.66359104311107
53800.0,6805042.713041644,7.960902856511202e-05,51.60000000000096,360.0,288.99389786264095,288.98574049209645
53810.0,6805038.4163579885,7.94536887132929e-05,51.60000000000099,360.0,289.31616665742257,289.3078903522789
53820.0,6805034.119670191,7.92958359179182e-05,51.60000000000105,360.0,289.6384361411743,289.6300406104232
53830.0,6805029.82297821,7.913547515742464e-05,51.60000000000101,360.0,289.9607063235404,289.9521912525812
53840.0,6805025.526282144,7.897261149533676e-05,51.60000000000102,360.0,290.2829772014777,290.27434227743214
53850.0,6805021.22958191,7.880725006493025e-05,51.60000000000099,360.0,290.60524878833434,290.59649366718514
53860.0,6805016.9328775,7.863939608380192e-05,51.60000000000088,360.0,290.92752108803995,290.91864541342784
53870.0,6805012.6361689335,7.84690548484031e-05,51.60000000000097,360.0,291.2497941042653,291.2407975079481
53880.0,6805008.339456271,7.82962317388919e-05,51.60000000000108,360.0,291.5720678402282,291.5629499429203
53890.0,6805004.042739435,7.812093220417846e-05,51.60000000000114,360.0,291.8943423083465,291.8851027012712
53900.0,6804999.746018463,7.794316177842896e-05,51.60000000000123,360.0,292.2166175110645,292.2072557758268
53910.0,6804995.449293314,7.776292606732382e-05,51.600000000001224,360.0,292.53889345538227,292.5294091548398
53920.0,6804991.152564049,7.758023076649791e-05,51.600000000001245,360.0,292.8611701449623,292.85156282979875
53930.0,6804986.855830626,7.739508163930752e-05,51.60000000000129,360.0,293.18344758795814,293.17371678766034
53940.0,6804982.559093082,7.720748453073619e-05,51.6000000000012,360.0,293.50572578972213,293.49587101814785
53950.0,6804978.262351447,7.701744536491717e-05,51.600000000001195,360.0,293.8280047543589,293.8180255121665
53960.0,6804973.965605731,7.68249701356683e-05,51.600000000001174,360.0,294.15028448590306,294.14018026064235
53970.0,6804969.668855912,7.663006491966574e-05,51.60000000000116,360.0,294.47256499441033,294.462335248416
53980.0,6804965.37210203,7.643273587200046e-05,51.60000000000113,360.0,294.7948462821867,294.78449046804235
53990.0,6804961.075344107,7.623298922331956e-05,51.60000000000126,360.0,295.1171283549653,295.1066459086003
54000.0,6804956.778582165,7.603083128456766e-05,51.60000000000131,360.0,295.43941121904857,295.42880155853027
54010.0,6804952.4818161735,7.582626843351709e-05,51.60000000000126,360.0,295.761694884759,295.75095740221644
54020.0,6804948.185046204,7.561930713514774e-05,51.600000000001224,360.0,296.0839793527135,296.0731134336959
54030.0,6804943.888272222,7.540995391627209e-05,51.60000000000122,360.0,296.40626463185805,296.3952696386231
54040.0,6804939.591494248,7.519821539086539e-05,51.6000000000012,360.0,296.72855072849126,296.7174260052777
54050.0,6804935.29471232,7.498409824335063e-05,51.600000000001316,360.0,297.0508376481734,297.03958252260486
54060.0,6804930.997926445,7.476760923905765e-05,51.60000000000137,360.0,297.37312539763076,297.3617391783246
54070.0,6804926.701136718,7.454875521953972e-05,51.600000000001465,360.0,297.6954139782249,297.6838959655126
54080.0,6804922.404343014,7.432754308630995e-05,51.60000000000154,360.0,298.0177034072678,298.00605286124477
54090.0,6804918.107545367,7.410397982683538e-05,51.60000000000153,360.0,298.33999369101275,298.3282098535899
54100.0,6804913.810743833,7.387807250882818e-05,51.60000000000137,360.0,298.6622848333712,298.6503669329284
54110.0,6804909.513938529,7.364982826753998e-05,51.60000000000144,360.0,298.9845768340985,298.9725240937578
54120.0,6804905.217129384,7.341925431106477e-05,51.60000000000138,360.0,299.3068697089612,299.29468131450346
54130.0,6804900.920316396,7.318635791741782e-05,51.60000000000145,360.0,299.62916346351125,299.6168385837808
54140.0,6804896.623499617,7.295114644739959e-05,51.6000000000014,360.0,299.95145810393007,299.9389958895305
54150.0,6804892.326679021,7.271362732998265e-05,51.60000000000126,360.0,300.2737536415704,300.2611532145147
54160.0,6804888.029854674,7.247380807097425e-05,51.600000000001245,360.0,300.5960500835564,300.5833105456225
54170.0,6804883.7330265045,7.223169623648056e-05,51.60000000000126,360.0,300.91834744353054,300.9054678632385
54180.0,6804879.4361946285,7.198729948540493e-05,51.60000000000114,360.0,301.2406457209735,301.2276251618372
54190.0,6804875.139359011,7.174062553338053e-05,51.60000000000127,360.0,301.56294492986467,301.5497824213876
54200.0,6804870.842519653,7.149168217015551e-05,51.600000000001316,360.0,301.8852450793486,301.87193962663764
54210.0,6804866.545676641,7.12404772701739e-05,51.60000000000128,360.0,302.2075461757778,302.194096765096
54220.0,6804862.248829854,7.098701876143268e-05,51.60000000000114,360.0,302.52984823716787,302.51625381257736
54230.0,6804857.951979436,7.073131465379977e-05,51.600000000001174,360.0,302.85215126572206,302.8384107606704
54240.0,6804853.655125335,7.047337302462761e-05,51.60000000000111,360.0,303.1744552728089,303.1605675917793
54250.0,6804849.358267508,7.021320202125315e-05,51.600000000001074,360.0,303.496760277183,303.4827242808782
54260.0,6804845.0614059735,6.995080986108678e-05,51.60000000000113,360.0,303.81906628819337,303.804880812327
54270.0,6804840.764540761,6.96862048416586e-05,51.60000000000101,360.0,304.1413733126092,304.1270371730163
54280.0,6804836.46767188,6.941939531667365e-05,51.60000000000108,360.0,304.46368136480226,304.44919334221584
54290.0,6804832.17079929,6.915038971744511e-05,51.60000000000111,360.0,304.78599045962443,304.7713492986928
54300.0,6804827.873923057,6.88791965457686e-05,51.600000000001096,360.0,305.10830060687067,305.09350502622254
54310.0,6804823.5770429745,6.860582435656272e-05,51.60000000000106,360.0,305.4306118320483,305.4156604928669
54320.0,6804819.280159187,6.833028179906637e-05,51.600000000001074,360.0,305.75292414018725,305.7378156871197
54330.0,6804814.98327157,6.805257756694076e-05,51.60000000000102,360.0,306.0752375532954,306.05997058047865
54340.0,6804810.686380061,6.777272043492932e-05,51.60000000000106,360.0,306.3975520915833,306.382125146217
54350.0,6804806.389484677,6.749071924285996e-05,51.60000000000106,360.0,306.7198677681376,306.7042793647026
54360.0,6804802.092585359,6.720658289908492e-05,51.600000000001224,360.0,307.0421846022495,307.0264332101019
54370.0,6804797.795681984,6.69203203764755e-05,51.6000000000011,360.0,307.3645026171122,307.3485866526167
54380.0,6804793.498774494,6.663194071473391e-05,51.60000000000096,360.0,307.68682183474994,307.67073966360863
54390.0,6804789.201862776,6.634145301943117e-05,51.600000000000875,360.0,308.00914227886443,307.99289221275666
54400.0,6804784.904946797,6.604886646403317e-05,51.600000000000904,360.0,308.33146397002855,308.3150442728298
54410.0,6804780.608026358,6.57541902845e-05,51.60000000000092,360.0,308.6537869390548,308.63719580635654
54420.0,6804776.311101175,6.545743377205036e-05,51.600000000000925,360.0,308.9761112257377,308.959346766859
54430.0,6804772.014171172,6.515860629636366e-05,51.60000000000102,360.0,309.2984368549385,309.2814971227704
54440.0,6804767.717235997,6.485771728051643e-05,51.60000000000092,360.0,309.62076387131196,309.6036468227035
54450.0,6804763.420295357,6.455477620734752e-05,51.60000000000098,360.0,309.9430923191831,309.92579581560955
54460.0,6804759.123348843,6.424979262485613e-05,51.60000000000104,360.0,310.26542224750085,310.2479440458016
54470.0,6804754.826396072,6.394277614081783e-05,51.60000000000113,360.0,310.58775370643434,310.5700914563409
54480.0,6804750.529436342,6.363373640826765e-05,51.600000000001096,360.0,310.91008677159283,310.8922379648445
54490.0,6804746.232468905,6.332268313909281e-05,51.6000000000011,360.0,311.2324215226851,311.214383484814
54500.0,6804741.9354928145,6.300962609130073e-05,51.60000000000116,360.0,311.5547580564638,311.536527912708
54510.0,6804737.638506737,6.269457506285169e-05,51.600000000001046,360.0,311.87709649702236,311.85867111761456
54520.0,6804733.341509044,6.237753988335398e-05,51.60000000000088,360.0,312.19943699921834,312.18081293786776
54530.0,6804729.044497375,6.205853039823458e-05,51.60000000000072,360.0,312.5217797684537,312.50295316122475
54540.0,6804724.747468348,6.173755643460401e-05,51.60000000000068,360.0,312.84412509170204,312.825091493897
54550.0,6804720.450416972,6.141462775509313e-05,51.600000000000755,360.0,313.1664733823016,313.14722751570844
54560.0,6804716.1533352975,6.108975395854231e-05,51.60000000000072,360.0,313.4888252807907,313.4693605792538
54570.0,6804711.856209728,6.076294427119171e-05,51.60000000000069,360.0,313.8111818608547,313.7914896040259
54580.0,6804707.55901339,6.0434206953285676e-05,51.60000000000071,360.0,314.13354520939623,314.1136124962461
54590.0,6804703.261681461,6.010354738751288e-05,51.60000000000072,360.0,314.45592029749605,314.4357242779759
54600.0,6804698.96396637,5.977095683328671e-05,51.600000000000605,360.0,314.77832591491136,314.75780615258685
54610.0,6804694.666194892,5.9436471664375774e-05,51.60000000000063,360.0,315.1007384120983,315.0798817627973
54620.0,6804690.370304889,5.910025236744853e-05,51.60000000000055,360.0,315.4230104130846,315.4020984776924
54630.0,6804686.07378092,5.876211373993614e-05,51.600000000000605,360.0,315.74533085591156,315.724267352372
54640.0,6804681.777111144,5.842210464036479e-05,51.60000000000075,360.0,316.06766339492776,316.04642472561983
54650.0,6804677.480374015,5.808024197462452e-05,51.60000000000081,360.0,316.39000225342716,316.3685763672825
54660.0,6804673.18359759,5.7736538759778155e-05,51.60000000000067,360.0,316.71234539625596,316.69072430566996
54670.0,6804668.886795256,5.739100691599302e-05,51.60000000000071,360.0,317.0346918770288,317.0128694803074
54680.0,6804664.589974306,5.704365794864032e-05,51.60000000000061,360.0,317.35704119179053,317.33501238830945
54690.0,6804660.2931393925,5.669450320668349e-05,51.60000000000076,360.0,317.67939303865063,317.6571533246986
54700.0,6804655.9962934395,5.6343553962328814e-05,51.60000000000083,360.0,318.00174723969417,317.97929246057635
54710.0,6804651.699438539,5.599082147794337e-05,51.60000000000081,360.0,318.3241036789439,318.30142990507534
54720.0,6804647.40257629,5.563631703451782e-05,51.60000000000079,360.0,318.64646227784175,318.623565729942
54730.0,6804643.105707743,5.5280051925207575e-05,51.60000000000064,360.0,318.968822994915,318.9456999698405
54740.0,6804638.808833902,5.4922037493704824e-05,51.60000000000075,360.0,319.2911858007241,319.2678326473975
54750.0,6804634.511955352,5.456228510733798e-05,51.60000000000071,360.0,319.61355069171555,319.5899637593705
54760.0,6804630.215072678,5.420080618907751e-05,51.60000000000078,360.0,319.9359176644861,319.91209330239224
54770.0,6804625.918186381,5.383761220901327e-05,51.6000000000009,360.0,320.2582867253663,320.234221263358
54780.0,6804621.6212968,5.347271467849351e-05,51.60000000000086,360.0,320.5806578916594,320.55634761821875
54790.0,6804617.324404296,5.310612516474278e-05,51.600000000000904,360.0,320.9030311829658,320.8784723406051
54800.0,6804613.027509188,5.2737855284792046e-05,51.60000000000097,360.0,321.22540662298917,321.2005954001268
54810.0,6804608.730611753,5.236791670789359e-05,51.60000000000104,360.0,321.5477842357878,321.52271676598207
54820.0,6804604.433712101,5.199632113880748e-05,51.600000000001074,360.0,321.8701640650086,321.8448363878408
54830.0,6804600.136810512,5.1623080351533936e-05,51.60000000000102,360.0,322.1925461379915,322.16695423169267
54840.0,6804595.839907122,5.124820615990064e-05,51.600000000000996,360.0,322.5149304993965,322.48907024621303
54850.0,6804591.543002085,5.0871710429069896e-05,51.60000000000098,360.0,322.8373171902585,322.8111843837265
54860.0,6804587.246095591,5.049360508309468e-05,51.600000000000925,360.0,323.1597062500047,323.13329659818885
54870.0,6804582.949187749,5.011390208545635e-05,51.60000000000094,360.0,323.4820977303628,323.4554068312745
54880.0,6804578.652278701,4.973261345562316e-05,51.60000000000094,360.0,323.804491680001,323.7775150277245
54890.0,6804574.355368468,4.934975125001732e-05,51.60000000000104,360.0,324.1268881618687,324.0996211180518
54900.0,6804570.058457282,4.896532760115341e-05,51.60000000000102,360.0,324.44928721669083,324.4217250550011
54910.0,6804565.76154521,4.857935466755912e-05,51.60000000000106,360.0,324.7716889084271,324.7438267681004
54920.0,6804561.464632231,4.8191844652548384e-05,51.60000000000101,360.0,325.0940933040285,325.0659261838938
54930.0,6804557.167718557,4.780280983245626e-05,51.600000000001025,360.0,325.41650045921205,325.3880232402467
54940.0,6804552.870804189,4.74122625050004e-05,51.60000000000108,360.0,325.7389104475776,325.71011785711016
54950.0,6804548.573889284,4.702021503853489e-05,51.60000000000105,360.0,326.0613233303356,326.0322099668633
54960.0,6804544.276973824,4.6626679826071316e-05,51.60000000000102,360.0,326.3837391912489,326.3542994793754
54970.0,6804539.9800579185,4.623166932389491e-05,51.60000000000086,360.0,326.7061581029949,326.6763863156417
54980.0,6804535.683141723,4.583519603924783e-05,51.60000000000086,360.0,327.02858013847936,326.9984703964212
54990.0,6804531.386225187,4.543727250421121e-05,51.60000000000083,360.0,327.35100538949,327.320551623639
55000.0,6804527.089308442,4.5037911313231674e-05,51.60000000000081,360.0,327.67343393722217,327.64262990986145
55010.0,6804522.792391506,4.463712510110643e-05,51.60000000000086,360.0,327.99586587646496,327.9647051540629
55020.0,6804518.495474454,4.42349265478665e-05,51.60000000000094,360.0,328.31830130064014,328.28677725664966
55030.0,6804514.198557399,4.383132838457249e-05,51.60000000000099,360.0,328.6407403023503,328.6088461188482
55040.0,6804509.901640324,4.342634337144181e-05,51.600000000001046,360.0,328.96318299163903,328.93091162449434
55050.0,6804505.604723307,4.301998432575288e-05,51.600000000001074,360.0,329.285629472149,329.25297366387696
55060.0,6804501.307806337,4.261226409634812e-05,51.60000000000099,360.0,329.6080798614729,329.5750321133489
55070.0,6804497.01088953,4.220319558968353e-05,51.60000000000096,360.0,329.93053427355267,329.8970868529483
55080.0,6804492.7139729485,4.1792791748841825e-05,51.600000000000904,360.0,330.2529928252726,330.21913775981795
55090.0,6804488.417056554,4.13810655497469e-05,51.60000000000088,360.0,330.5754556608143,330.5411846838443
55100.0,6804484.120140522,4.096803003023866e-05,51.60000000000092,360.0,330.897922895926,330.8632275033942
55110.0,6804479.823224756,4.05536982442855e-05,51.60000000000095,360.0,331.2203946922422,331.18526605095724
55120.0,6804475.526309406,4.0138083311827144e-05,51.600000000000996,360.0,331.54287117795064,331.50730019255735
55130.0,6804471.229394438,3.972119837071449e-05,51.60000000000095,360.0,331.8653525163767,331.8293297590601
55140.0,6804466.932479939,3.9303056615673886e-05,51.60000000000096,360.0,332.1878388619899,332.15135459027954
55150.0,6804462.635565955,3.888367127759944e-05,51.600000000000904,360.0,332.51033038757805,332.4733745077437
55160.0,6804458.338652484,3.846305561960169e-05,51.60000000000095,360.0,332.8328272765838,332.79538932235397
55170.0,6804454.041739583,3.804122295022762e-05,51.60000000000093,360.0,333.15532970568773,333.1173988518261
55180.0,6804449.744827281,3.7618186613174584e-05,51.600000000001046,360.0,333.47783787686296,333.43940288863456
55190.0,6804445.447915574,3.7193959990257976e-05,51.600000000001025,360.0,333.8003519939102,333.7614012234749
55200.0,6804441.15100452,3.67685565030888e-05,51.600000000001096,360.0,334.1228722763221,334.08339363138634
55210.0,6804436.854094215,3.6341989613001154e-05,51.60000000000106,360.0,334.4453989353291,334.4053798957024
55220.0,6804432.557184589,3.591427281062923e-05,51.600000000001025,360.0,334.7679322315319,334.72735975046413
55230.0,6804428.260275727,3.548541962695852e-05,51.60000000000105,360.0,335.09047239600756,335.04933295929254
55240.0,6804423.963367686,3.505544363974508e-05,51.600000000001025,360.0,335.4130197025096,335.3712992431457
55250.0,6804419.666460374,3.4624358432287695e-05,51.60000000000105,360.0,335.7355744294097,335.6932583184242
55260.0,6804415.3695539255,3.419217765379387e-05,51.60000000000105,360.0,336.0581368643013,336.0152098923635
55270.0,6804411.072648311,3.375891497072805e-05,51.60000000000102,360.0,336.38070732058,336.33715364645144
55280.0,6804406.775743576,3.3324584096223043e-05,51.60000000000097,360.0,336.70328613441137,336.6590892394447
55290.0,6804402.478839739,3.2889198767103095e-05,51.600000000001046,360.0,337.02587364218977,336.9810163299366
55300.0,6804398.181936765,3.2452772750589585e-05,51.600000000001096,360.0,337.348470213811,337.3029345430743
55310.0,6804393.885034703,3.201531985278111e-05,51.600000000001074,360.0,337.6710762287412,337.6248434944859
55320.0,6804389.588133574,3.1576853916640045e-05,51.60000000000111,360.0,337.99369209642083,337.94674276986154
55330.0,6804385.291233398,3.113738881108788e-05,51.600000000001046,360.0,338.3163182607854,338.2686319204629
55340.0,6804380.994334172,3.069693843734356e-05,51.60000000000106,360.0,338.6389551778664,338.59051048552317
55350.0,6804376.697435963,3.0255516732715686e-05,51.60000000000114,360.0,338.9616033317335,338.91237797627235
55360.0,6804372.400538724,2.9813137655819273e-05,51.60000000000112,360.0,339.2842632466408,339.23423386382603
55370.0,6804368.103642479,2.9369815199353428e-05,51.6000000000011,360.0,339.60693546936625,339.5560775968468
55380.0,6804363.806747222,2.8925563388131935e-05,51.600000000001074,360.0,339.92962058890396,339.87790858179426
55390.0,6804359.509852935,2.8480396273397314e-05,51.60000000000093,360.0,340.25231925147824,340.19972616799566
55400.0,6804355.21295961,2.8034327934628908e-05,51.60000000000095,360.0,340.5750321052186,340.5215297029336
55410.0,6804350.916067299,2.7587372483101802e-05,51.600000000001046,360.0,340.8977598606071,340.84331847177145
55420.0,6804346.619175957,2.7139544055012002e-05,51.60000000000093,360.0,341.220503290877,341.16509169700043
55430.0,6804342.322285631,2.669085681770553e-05,51.60000000000092,360.0,341.54326321017936,341.48684856025966
55440.0,6804338.025396278,2.6241324960728484e-05,51.60000000000096,360.0,341.86604048917775,341.8085881867027
55450.0,6804333.728507796,2.579096269753085e-05,51.60000000000098,360.0,342.18883606962527,342.13030963049556
55460.0,6804329.431620275,2.533978427786461e-05,51.600000000000925,360.0,342.51165096513574,342.45201187397964
55470.0,6804325.134733684,2.4887803970874813e-05,51.60000000000096,360.0,342.83448623341496,342.7736938554732
55480.0,6804320.837847968,2.44350360677656e-05,51.60000000000088,360.0,343.1573430672019,343.0953543783409
55490.0,6804316.540963077,2.3981494885556213e-05,51.60000000000081,360.0,343.48022271284145,343.41699219238217
55500.0,6804312.244079075,2.35271947753887e-05,51.60000000000085,360.0,343.803126512621,343.7386059515324
55510.0,6804307.947195857,2.3072150100151636e-05,51.600000000000755,360.0,344.12605595798294,344.06019416065095
55520.0,6804303.65031334,2.2616375243627395e-05,51.60000000000079,360.0,344.4490126284822,344.3817552364952
55530.0,6804299.35343155,2.2159884626719397e-05,51.600000000000705,360.0,344.7719982423509,344.70328745726243
55540.0,6804295.05655045,2.1702692683183625e-05,51.6000000000006,360.0,345.0950146733576,345.0247889456737
55550.0,6804290.7596699465,2.1244813866837837e-05,51.600000000000534,360.0,345.4180639572512,345.346257662515
55560.0,6804286.462789998,2.078626265508243e-05,51.600000000000584,360.0,345.7411483134574,345.6676913849781
55570.0,6804282.165910525,2.032705354693879e-05,51.6000000000007,360.0,346.0642701777516,345.98908767397717
55580.0,6804277.869031503,1.986720106416245e-05,51.60000000000076,360.0,346.3874321900815,346.3104438862985
55590.0,6804273.572152742,1.940671973531283e-05,51.60000000000092,360.0,346.7106372832086,346.63175708601074
55600.0,6804269.275274203,1.8945624119641214e-05,51.60000000000083,360.0,347.03388864844993,346.95302407867524
55610.0,6804264.978395775,1.848392879153995e-05,51.60000000000081,360.0,347.3571898194401,347.2742413276065
55620.0,6804260.681517385,1.8021648350895425e-05,51.6000000000009,360.0,347.68054468966386,347.5954049363566
55630.0,6804256.384638891,1.755879740469113e-05,51.600000000000904,360.0,348.0039575766068,347.91651058452936
55640.0,6804252.087760192,1.7095390581983102e-05,51.60000000000112,360.0,348.3274332606804,348.23755348887687
55650.0,6804247.790881066,1.663144251818287e-05,51.60000000000102,360.0,348.65097708499377,348.5585283035214
55660.0,6804243.494001366,1.616696787656098e-05,51.60000000000097,360.0,348.97459500389914,348.8794290714146
55670.0,6804239.19712097,1.5701981334732453e-05,51.600000000000875,360.0,349.29829367991186,349.2002491274262
55680.0,6804234.900239668,1.5236497579675721e-05,51.60000000000078,360.0,349.6220805996121,349.52098098240606
55690.0,6804230.603357141,1.477053130417239e-05,51.600000000000755,360.0,349.94596423131225,349.8416161655835
55700.0,6804226.306473299,1.4304097237458835e-05,51.60000000000078,360.0,350.2699541195052,350.16214513003985
55710.0,6804222.009587752,1.3837210095019523e-05,51.6000000000009,360.0,350.59406115428453,350.4825569833551
55720.0,6804217.712700236,1.336988461727699e-05,51.60000000000092,360.0,350.91829772666404,350.80283933224945
55730.0,6804213.415810426,1.2902135550855255e-05,51.60000000000096,360.0,351.2426780476513,351.1229779635345
55740.0,6804209.11891797,1.2433977657405615e-05,51.60000000000101,360.0,351.56721850783356,351.4429564845021
55750.0,6804204.822022423,1.1965425703572867e-05,51.60000000000087,360.0,351.89193805898606,351.76275594133824
55760.0,6804200.525123312,1.149649445908454e-05,51.60000000000086,360.0,352.2168587954545,352.0823542377
55770.0,6804196.228220099,1.1027198697840653e-05,51.60000000000095,360.0,352.542006559766,352.4017255291988
55780.0,6804191.9313121075,1.0557553199245512e-05,51.60000000000094,360.0,352.8674118591336,352.720839306794
55790.0,6804187.634398701,1.0087572752473182e-05,51.60000000000087,360.0,353.19311089846656,353.03965936382406
55800.0,6804183.337479062,9.617272141612686e-06,51.600000000000925,360.0,353.51914700743106,353.35814236895925
55810.0,6804179.0405523,9.146666148901916e-06,51.600000000000804,360.0,353.84557247053556,353.67623603608496
55820.0,6804174.7436173335,8.6757695534474e-06,51.600000000000556,360.0,354.17245096932794,353.9938766821424
55830.0,6804170.446672911,8.204597119710241e-06,51.60000000000049,360.0,354.4998608789344,354.3109859305518
55840.0,6804166.149717565,7.73316360243334e-06,51.600000000000556,360.0,354.8278997509131,354.6274662283867
55850.0,6804161.852749466,7.261483731531363e-06,51.600000000000705,360.0,355.1566905727084,354.94319458690967
55860.0,6804157.5557667,6.7895722343331525e-06,51.60000000000072,360.0,355.4863905833349,355.2580137658879
55870.0,6804153.258766368,6.317443745552861e-06,51.60000000000086,360.0,355.8172042037192,355.57171934326476
55880.0,6804148.961745444,5.845112898880317e-06,51.600000000000826,360.0,356.14940201691655,355.88404073490227
55890.0,6804144.664699955,5.372594236750057e-06,51.60000000000078,360.0,356.483349983676,356.19461197906537
55900.0,6804140.367624756,4.8999022039038146e-06,51.60000000000086,360.0,356.81955552222047,356.5029256566073
55910.0,6804136.070513105,4.427051095633562e-06,51.60000000000081,360.0,357.1587431574266,356.8082572418495
55920.0,6804131.773356096,3.954055014882941e-06,51.600000000000826,360.0,357.5019844808772,357.1095351424292
55930.0,6804127.476141435,3.4809277670446823e-06,51.60000000000088,360.0,357.8509342551167,357.40510459510705
55940.0,6804123.178851158,3.007682656886827e-06,51.60000000000082,360.0,358.2082896225705,357.69226845687007
55950.0,6804118.881458322,2.5343322417230476e-06,51.60000000000087,360.0,358.57876412353573,357.9663131868879
55960.0,6804114.583919133,2.0608877394655396e-06,51.60000000000096,360.0,358.97140519326973,358.2181913494326
55970.0,6804110.286155097,1.5873578253946835e-06,51.60000000000094,360.0,359.40606175172286,358.42805402418867
55980.0,6804105.988003086,1.1137458439568105e-06,51.60000000000096,360.0,359.93636169391135,358.5422733158547
55990.0,6804101.689021411,6.400432277642004e-07,51.60000000000084,360.0,0.7747850541910176,358.3483691898469
56000.0,6804097.386793992,1.6631101844900173e-07,51.60000000000097,360.0,4.559066673442403,355.2086068051395
56010.0,6804093.11162163,3.057085675348399e-07,51.60000000000095,360.0,177.66467647162403,182.7475162417193
56020.0,6804088.818899956,7.786164171232097e-07,51.600000000000925,360.0,179.53148133082837,181.52523061748764
56030.0,6804084.524236186,1.2518522755034876e-06,51.6000000000009,360.0,180.2311331029144,181.47009808069063
56040.0,6804080.228930229,1.7251442238064283e-06,51.6000000000009,360.0,180.72378084456616,181.62196957479225
56050.0,6804075.933300836,2.1984263375539753e-06,51.600000000000826,360.0,181.1430908572118,181.84717879862032
56060.0,6804071.637476881,2.6716648220881556e-06,51.60000000000092,360.0,181.5280326912568,182.10675620207155
56070.0,6804067.341523323,3.1448357121924305e-06,51.60000000000098,360.0,181.89412066644255,182.38518746581636
56080.0,6804063.045477585,3.617919038906273e-06,51.60000000000088,360.0,182.24875241932338,182.6750749537762
56090.0,6804058.749363288,4.090896761272067e-06,51.6000000000009,360.0,182.59590297918373,182.9724436372061
56100.0,6804054.453196136,4.563751908476728e-06,51.60000000000083,360.0,182.93789897152485,183.27496689123444
56110.0,6804050.156987221,5.036468127361403e-06,51.60000000000083,360.0,183.2761928152471,183.58119229767127
56120.0,6804045.860744577,5.509029466342523e-06,51.60000000000073,360.0,183.6117380723096,183.89016629534737
56130.0,6804041.564474363,5.981420217283034e-06,51.600000000000755,360.0,183.94518669480453,184.20123693301258
56140.0,6804037.268181204,6.453624873953181e-06,51.60000000000075,360.0,184.2769995311926,184.51394336314667
56150.0,6804032.971868829,6.925628047236431e-06,51.60000000000072,360.0,184.607511577747,184.8279505904804
56160.0,6804028.675540157,7.397414452624024e-06,51.60000000000065,360.0,184.9369721824345,185.1430092681441
56170.0,6804024.379197603,7.868968875588111e-06,51.60000000000067,360.0,185.2655707995841,185.45892994295838
56180.0,6804020.08284317,8.340276161371753e-06,51.600000000000605,360.0,185.59345392415304,185.77556612120196
56190.0,6804015.78647845,8.811321212077735e-06,51.6000000000006,360.0,185.92073663493687,186.09280272542546
56200.0,6804011.490104768,9.28208896571678e-06,51.60000000000057,360.0,186.24751059491683,186.41054809402172
56210.0,6804007.19372344,9.752564379056423e-06,51.60000000000052,360.0,186.57384969454264,186.72872833800488
56220.0,6804002.8973354455,1.022273245209649e-05,51.6000000000004,360.0,186.89981416866723,187.0472832240675
56230.0,6803998.6009416375,1.0692578209672282e-05,51.600000000000406,360.0,187.22545364269192,187.36616312840937
56240.0,6803994.304542739,1.1162086701806263e-05,51.60000000000035,360.0,187.55080933137216,187.68532683799552
56250.0,6803990.008139489,1.1631242993974017e-05,51.60000000000038,360.0,187.8759157404638,188.00473984882183
56260.0,6803985.711732366,1.2100032185994444e-05,51.60000000000038,360.0,188.20080204837745,188.3243729843136
56270.0,6803981.4153219,1.2568439386620589e-05,51.600000000000435,360.0,188.52549300125145,188.6442015002474
56280.0,6803977.118908578,1.303644971732678e-05,51.60000000000039,360.0,188.8500098024649,188.96420419525109
56290.0,6803972.822492787,1.3504048333031794e-05,51.60000000000046,360.0,189.1743706682129,189.2843628551683
56300.0,6803968.526074868,1.3971220400245106e-05,51.60000000000034,360.0,189.49859137733338,189.60466170330918
56310.0,6803964.229655107,1.4437951102329893e-05,51.600000000000286,360.0,189.82268565030884,189.92508702140935
56320.0,6803959.93323391,1.490422563167569e-05,51.60000000000023,360.0,190.1466654619295,190.245626836967
56330.0,6803955.636811383,1.5370029221896902e-05,51.6000000000001,360.0,190.47054133096313,190.56627063355
56340.0,6803951.340387902,1.58353470951405e-05,51.600000000000165,360.0,190.79432252107944,190.8870091499262
56350.0,6803947.043963562,1.6300164519218906e-05,51.600000000000044,360.0,191.1180172269057,191.20783419397594
56360.0,6803942.747538581,1.6764466762666913e-05,51.60000000000003,360.0,191.4416327226355,191.52873849406686
56370.0,6803938.451113152,1.722823911705978e-05,51.600000000000044,360.0,191.76517549756883,191.84971556353455
56380.0,6803934.154687488,1.7691466884986883e-05,51.60000000000003,360.0,192.08865134001553,192.17075961679225
56390.0,6803929.858261626,1.8154135405295486e-05,51.599999999999994,360.0,192.41206545098208,192.4918654556296
56400.0,6803925.561835743,1.861623002229216e-05,51.600000000000044,360.0,192.73542249565972,192.8130284176937
56410.0,6803921.265409923,1.9077736103895103e-05,51.60000000000011,360.0,193.05872669870735,193.1342442812617
56420.0,6803916.968984262,1.9538639043537923e-05,51.60000000000005,360.0,193.38198186497752,193.45550924447198
56430.0,6803912.672558898,1.9998924242008682e-05,51.60000000000005,360.0,193.7051914347145,193.77681987015032
56440.0,6803908.376133948,2.045857712565308e-05,51.600000000000186,360.0,194.02835854471533,194.09817302462935
56450.0,6803904.079709403,2.0917583149133064e-05,51.600000000000264,360.0,194.35148606491535,194.41956584118202
56460.0,6803899.783285377,2.13759277809991e-05,51.60000000000017,360.0,194.6745765858441,194.74099573254438
56470.0,6803895.486861911,2.1833596516438342e-05,51.60000000000011,360.0,194.9976324923504,195.06246031721003
56480.0,6803891.190439069,2.2290574866691266e-05,51.600000000000065,360.0,195.32065597483654,195.38395740816597
56490.0,6803886.894016925,2.27468483668462e-05,51.59999999999999,360.0,195.64364902672827,195.70548501548373
56500.0,6803882.597595555,2.3202402570892558e-05,51.600000000000065,360.0,195.9666134948463,196.02704129586505
56510.0,6803878.301174932,2.365722306935057e-05,51.600000000000044,360.0,196.28955107965177,196.34862455244607
56520.0,6803874.004755117,2.4111295466654663e-05,51.60000000000009,360.0,196.61246334410825,196.67023322594338
56530.0,6803869.708336181,2.4564605391515927e-05,51.600000000000186,360.0,196.935351727794,196.9918658805234
56540.0,6803865.41191808,2.5017138506512318e-05,51.60000000000024,360.0,197.25821758172185,197.31352116896292
56550.0,6803861.115500905,2.5468880482189458e-05,51.600000000000165,360.0,197.5810621356694,197.63519786534644
56560.0,6803856.8190846415,2.5919817028909674e-05,51.600000000000136,360.0,197.9038865499343,197.95689481330425
56570.0,6803852.522669335,2.636993387541841e-05,51.6000000000002,360.0,198.22669189131136,198.27861095003578
56580.0,6803848.226254952,2.6819216782153625e-05,51.60000000000014,360.0,198.54947916868142,198.6003452707031
56590.0,6803843.929841515,2.726765153146827e-05,51.60000000000011,360.0,198.87224929584343,198.92209686563777
56600.0,6803839.633429117,2.7715223929944325e-05,51.60000000000013,360.0,199.19500314462903,199.24386486716836
56610.0,6803835.337017604,2.816191982760099e-05,51.60000000000016,360.0,199.51774153809353,199.56564845648617
56620.0,6803831.040607087,2.8607725081984575e-05,51.6000000000001,360.0,199.84046522696786,199.88744688716784
56630.0,6803826.74419754,2.905262559356001e-05,51.60000000000008,360.0,200.16317491215585,200.20925946265547
56640.0,6803822.447788968,2.949660728110707e-05,51.60000000000009,360.0,200.48587128017382,200.5310855008544
56650.0,6803818.15138135,2.9939656103123737e-05,51.60000000000009,360.0,200.80855493626916,200.85292440098758
56660.0,6803813.854974689,3.0381758039252946e-05,51.60000000000003,360.0,201.13122647442697,201.17477557360726
56670.0,6803809.558569019,3.08228990995936e-05,51.60000000000003,360.0,201.45388644276744,201.49663847519315
56680.0,6803805.262164296,3.126306533161744e-05,51.60000000000003,360.0,201.77653536106664,201.81851259061534
56690.0,6803800.965760493,3.1702242810424005e-05,51.5999999999999,360.0,202.09917372311406,202.14039743077316
56700.0,6803796.669357579,3.2140417643809565e-05,51.59999999999988,360.0,202.42180199522636,202.46229253413236
56710.0,6803792.3729555765,3.25775759653748e-05,51.5999999999998,360.0,202.74442060443036,202.78419747848505
56720.0,6803788.076554483,3.301370394319025e-05,51.59999999999982,360.0,203.0670299619907,203.1061118574244
56730.0,6803783.780154234,3.344878778681465e-05,51.59999999999975,360.0,203.3896304606042,203.428035283185
56740.0,6803779.48375483,3.3882813727492416e-05,51.59999999999979,360.0,203.7122224657498,203.7499673952634
56750.0,6803775.187356265,3.431576803574549e-05,51.59999999999981,360.0,204.03480632196,204.0719078541793
56760.0,6803770.890958503,3.4747637014904236e-05,51.59999999999982,360.0,204.35738236865393,204.39385632557995
56770.0,6803766.594561504,3.5178407003978305e-05,51.5999999999998,360.0,204.67995091524472,204.71581250519216
56780.0,6803762.298165279,3.5608064375121575e-05,51.59999999999979,360.0,205.00251225665718,205.03777610327558
56790.0,6803758.00176977,3.603659553776706e-05,51.59999999999979,360.0,205.32506667631318,205.3597468416571
56800.0,6803753.705374952,3.646398693029973e-05,51.599999999999774,360.0,205.6476144488164,205.6817244510143
56810.0,6803749.408980788,3.689022503705425e-05,51.59999999999976,360.0,205.9701558250425,206.00370868581217
56820.0,6803745.11258722,3.731529637731433e-05,51.59999999999982,360.0,206.2926910499371,206.3256993064678
56830.0,6803740.8161943,3.773918749744649e-05,51.599999999999845,360.0,206.61522035192638,206.64769609000845
56840.0,6803736.51980189,3.816188499703185e-05,51.59999999999968,360.0,206.93774395815342,206.9696988147628
56850.0,6803732.223410035,3.85833754976544e-05,51.599999999999696,360.0,207.26026207176088,207.29170728311317
56860.0,6803727.927018693,3.900364566387261e-05,51.59999999999978,360.0,207.5827748936407,207.61372129974316
56870.0,6803723.630627763,3.9422682210310544e-05,51.599999999999774,360.0,207.90528262075173,207.93574067330735
56880.0,6803719.334237259,3.984047187496068e-05,51.59999999999981,360.0,208.2277854336315,208.2577652289291
56890.0,6803715.037847132,4.02570014445278e-05,51.59999999999982,360.0,208.55028350316775,208.57979480142163
56900.0,6803710.741457294,4.067225774507222e-05,51.59999999999982,360.0,208.87277700939148,208.90182921648992
56910.0,6803706.445067709,4.108622764064027e-05,51.5999999999998,360.0,209.195266107054,209.2238683251949
56920.0,6803702.148678396,4.149889803145491e-05,51.59999999999975,360.0,209.517750940839,209.54591198864838
56930.0,6803697.852289243,4.1910255869574176e-05,51.599999999999845,360.0,209.840231670617,209.8679600528699
56940.0,6803693.555900261,4.232028813692042e-05,51.59999999999988,360.0,210.16270843142095,210.1900123887314
56950.0,6803689.259511295,4.2728981872888396e-05,51.599999999999895,360.0,210.4851813621283,210.51206886329754
56960.0,6803684.963122408,4.313632413881661e-05,51.59999999999979,360.0,210.80765058761781,210.8341293576899
56970.0,6803680.666733475,4.3542302058566775e-05,51.59999999999982,360.0,211.13011624120332,211.1561937446036
56980.0,6803676.370344474,4.394690278628884e-05,51.59999999999979,360.0,211.4525784384736,211.47826191452188
56990.0,6803672.073955335,4.435011352519203e-05,51.59999999999974,360.0,211.77503729510516,211.8003337578606
57000.0,6803667.77756597,4.475192152367595e-05,51.59999999999973,360.0,212.09749292413153,212.12240916771026
57010.0,6803663.48117634,4.5152314068859106e-05,51.59999999999976,360.0,212.41994543120495,212.4444880446087
57020.0,6803659.184786327,4.5551278504033425e-05,51.59999999999969,360.0,212.74239492366934,212.76657028738313
57030.0,6803654.888395965,4.594880219967959e-05,51.599999999999675,360.0,213.0648414906976,213.08865581311102
57040.0,6803650.592005117,4.634487258858407e-05,51.59999999999963,360.0,213.38728523972105,213.41074452061272
57050.0,6803646.295613725,4.67394771411841e-05,51.59999999999964,360.0,213.70972625732733,213.73283632960937
57060.0,6803641.999221659,4.7132603380504586e-05,51.599999999999675,360.0,214.03216464267456,214.0549311472484
57070.0,6803637.702828917,4.7524238869914e-05,51.59999999999969,360.0,214.35460047345384,214.37702890221294
57080.0,6803633.406435403,4.791437122180652e-05,51.599999999999746,360.0,214.67703383338454,214.69912951717023
57090.0,6803629.11004096,4.83029881027574e-05,51.59999999999968,360.0,214.9994648089,215.02123291208272
57100.0,6803624.813645472,4.869007722623626e-05,51.59999999999976,360.0,215.32189348442222,215.34333900898096
57110.0,6803620.5172489,4.9075626343926886e-05,51.599999999999795,360.0,215.64431992917602,215.66544774511058
57120.0,6803616.220851106,4.945962326781743e-05,51.59999999999985,360.0,215.96674421995823,215.98755905014673
57130.0,6803611.924452003,4.984205585163617e-05,51.59999999999975,360.0,216.28916643095565,216.30967285644542
57140.0,6803607.628051345,5.022291201346309e-05,51.59999999999973,360.0,216.61158663959338,216.63178909308678
57150.0,6803603.331649084,5.060217970484431e-05,51.59999999999974,360.0,216.934004910843,216.95390770169627
57160.0,6803599.035245099,5.0979846933662485e-05,51.59999999999969,360.0,217.25642130990246,217.27602862364998
57170.0,6803594.738839164,5.135590176495015e-05,51.59999999999964,360.0,217.57883590827947,217.59815179405769
57180.0,6803590.442431138,5.1730332309577955e-05,51.59999999999956,360.0,217.90124877387953,217.92027715163508
57190.0,6803586.146020755,5.2103126741350575e-05,51.59999999999954,360.0,218.22365997562102,218.24240463410936
57200.0,6803581.849607822,5.247427327587617e-05,51.599999999999575,360.0,218.5460695799263,218.56453418171677
57210.0,6803577.553192051,5.284376018996645e-05,51.59999999999968,360.0,218.86847765369725,218.88666573424666
57220.0,6803573.256773232,5.321157580662907e-05,51.59999999999975,360.0,219.1908842575695,219.208799237767
57230.0,6803568.9603509465,5.357770852012477e-05,51.59999999999973,360.0,219.51328946775948,219.53093462278522
57240.0,6803564.66392479,5.394214677490092e-05,51.59999999999962,360.0,219.8356933559023,219.85307182438245
57250.0,6803560.3674943475,5.430487907165449e-05,51.59999999999958,360.0,220.15809599680995,220.17521077452616
57260.0,6803556.071059146,5.466589396719e-05,51.599999999999554,360.0,220.4804974653323,220.4973514051029
57270.0,6803551.774618441,5.502518009416815e-05,51.59999999999954,360.0,220.8028978511341,220.81949363324824
57280.0,6803547.4781714445,5.53827261465266e-05,51.59999999999964,360.0,221.1252972517886,221.14163736814353
57290.0,6803543.18171718,5.57385208844632e-05,51.59999999999973,360.0,221.4476957724984,221.46378251140874
57300.0,6803538.885254337,5.6092553152713654e-05,51.59999999999983,360.0,221.7700935425162,221.7859289405938
57310.0,6803534.588781296,5.644481187480945e-05,51.59999999999995,360.0,222.0924907135188,222.1080765108476
57320.0,6803530.292295798,5.67952860816911e-05,51.59999999999983,360.0,222.41488748166555,222.43022503283774
57330.0,6803525.995794813,5.714396492050823e-05,51.5999999999999,360.0,222.73728409646554,222.7523742638932
57340.0,6803521.699273664,5.7490837728361954e-05,51.600000000000016,360.0,223.0596809298987,223.0745238388617
57350.0,6803517.402725441,5.783589407064289e-05,51.59999999999999,360.0,223.38207851159726,223.39667323498034
57360.0,6803513.106138393,5.817912395802352e-05,51.59999999999994,360.0,223.7044777326048,223.71882156804256
57370.0,6803508.809490619,5.8520518251347085e-05,51.60000000000007,360.0,224.02688022595703,224.04096721188702
57380.0,6803504.512732717,5.8860070029817485e-05,51.599999999999994,360.0,224.34928966191623,224.36310650309747
57390.0,6803500.215707033,5.919778090482176e-05,51.60000000000003,360.0,224.67171775756017,224.68522773146
57400.0,6803495.915325209,5.9533881258512644e-05,51.600000000000016,360.0,224.99439562575813,225.00709979099318
57410.0,6803491.622297493,5.986752516104062e-05,51.59999999999987,360.0,225.31652036689644,225.32952558816154
57420.0,6803487.326376665,6.019950028462387e-05,51.59999999999981,360.0,225.63886206191893,225.6517350488947
57430.0,6803483.0302603245,6.0529586105710124e-05,51.599999999999696,360.0,225.96121781357056,225.97393107731526
57440.0,6803478.734062755,6.0857763320536475e-05,51.599999999999596,360.0,226.2835789611283,226.29612234100023
57450.0,6803474.437819863,6.118401876825393e-05,51.59999999999955,360.0,226.6059427828342,226.61831156858136
57460.0,6803470.141547699,6.150834088329309e-05,51.59999999999974,360.0,226.92830806475942,226.94049998085694
57470.0,6803465.845254789,6.183071874556858e-05,51.59999999999969,360.0,227.25067417021583,227.26268822134378
57480.0,6803461.548946158,6.215114176256375e-05,51.599999999999866,360.0,227.57304072717346,227.58487666893868
57490.0,6803457.252625093,6.246959953673485e-05,51.59999999999987,360.0,227.89540749763174,227.90706556847186
57500.0,6803452.956293785,6.27860818213983e-05,51.59999999999978,360.0,228.21777432965652,228.22925507872498
57510.0,6803448.659953673,6.310057848688385e-05,51.599999999999774,360.0,228.54014112880287,228.55144530097124
57520.0,6803444.36360605,6.34130794771924e-05,51.59999999999972,360.0,228.86250781009966,228.87363632699564
57530.0,6803440.0672517205,6.372357484052285e-05,51.59999999999982,360.0,229.18487432921415,229.19582820794884
57540.0,6803435.770891313,6.403205469491846e-05,51.59999999999987,360.0,229.50724065075212,229.51802098604276
57550.0,6803431.474525438,6.433850922616101e-05,51.5999999999999,360.0,229.82960674309393,229.84021469965057
57560.0,6803427.178154514,6.464292870292147e-05,51.59999999999994,360.0,230.15197258885098,230.1624093729623
57570.0,6803422.8817787245,6.494530346945682e-05,51.599999999999994,360.0,230.4743381898892,230.4846050108663
57580.0,6803418.585398421,6.524562392682968e-05,51.59999999999997,360.0,230.79670353218665,230.80680163414172
57590.0,6803414.289013793,6.554388054939813e-05,51.59999999999995,360.0,231.11906861602338,231.12899924923414
57600.0,6803409.99262497,6.584006388429181e-05,51.59999999999997,360.0,231.4414334456014,231.4511978586673
57610.0,6803405.696232162,6.613416453822045e-05,51.59999999999992,360.0,231.76379801876166,231.77339747130097
57620.0,6803401.399835407,6.642617319444378e-05,51.599999999999845,360.0,232.08616234566492,232.09559808366637
57630.0,6803397.103434871,6.671608059172168e-05,51.599999999999795,360.0,232.40852642642824,232.41779970231565
57640.0,6803392.807030587,6.700387754855988e-05,51.599999999999746,360.0,232.73089027181757,232.7400023231342
57650.0,6803388.510622674,6.728955494058269e-05,51.59999999999964,360.0,233.0532538853726,233.06220594921263
57660.0,6803384.214211073,6.757310372792093e-05,51.59999999999968,360.0,233.3756172836605,233.38441057057116
57670.0,6803379.917795896,6.785451492000836e-05,51.59999999999976,360.0,233.6979804702746,233.70661619023113
57680.0,6803375.621377168,6.813377960020176e-05,51.5999999999997,360.0,234.02034345586148,234.02882280410319
57690.0,6803371.3249548925,6.841088892751843e-05,51.59999999999957,360.0,234.34270625196805,234.35103040719306
57700.0,6803367.028529105,6.868583412234674e-05,51.59999999999961,360.0,234.66506886611415,234.67323899849072
57710.0,6803362.732099843,6.895860647375364e-05,51.59999999999966,360.0,234.98743130876656,234.99544857400676
57720.0,6803358.435667019,6.922919734770629e-05,51.599999999999724,360.0,235.30979359594176,235.3176591242265
57730.0,6803354.139230751,6.949759816554893e-05,51.59999999999978,360.0,235.6321557287151,235.63987065449382
57740.0,6803349.842790966,6.976380042952206e-05,51.5999999999997,360.0,235.95451772285983,235.96208315545812
57750.0,6803345.546347708,7.002779570220833e-05,51.599999999999596,360.0,236.27687958703,236.28429662486639
57760.0,6803341.249900946,7.028957562650175e-05,51.599999999999575,360.0,236.59924133488417,236.60651105539185
57770.0,6803336.953450684,7.054913191057618e-05,51.59999999999961,360.0,236.92160297400451,236.928726445786
57780.0,6803332.656996921,7.080645633215066e-05,51.599999999999575,360.0,237.24396451430744,237.25094279243746
57790.0,6803328.3605395695,7.106154074435506e-05,51.59999999999961,360.0,237.56632597305327,237.5731600843643
57800.0,6803324.06407865,7.131437706579959e-05,51.599999999999696,360.0,237.88868735596074,237.89537832207418
57810.0,6803319.767614259,7.156495728095707e-05,51.5999999999997,360.0,238.21104866679576,238.2175975080087
57820.0,6803315.471146181,7.18132734630719e-05,51.59999999999972,360.0,238.53340992935964,238.5398176245239
57830.0,6803311.174674505,7.205931774058598e-05,51.599999999999696,360.0,238.85577114855974,238.86203867285676
57840.0,6803306.878199216,7.230308231866868e-05,51.59999999999969,360.0,239.1781323321361,239.18426065137177
57850.0,6803302.581720334,7.254455947339162e-05,51.599999999999724,360.0,239.50049348595053,239.5064835602637
57860.0,6803298.285237781,7.278374155865426e-05,51.59999999999972,360.0,239.82285462451242,239.82870739104064
57870.0,6803293.988751546,7.302062099729237e-05,51.599999999999795,360.0,240.1452157593681,240.15093213815953
57880.0,6803289.692261565,7.325519028610639e-05,51.599999999999746,360.0,240.46757690154257,240.47315779654417
57890.0,6803285.395767904,7.348744198853279e-05,51.599999999999774,360.0,240.78993805282198,240.79538437032164
57900.0,6803281.09927051,7.371736875077938e-05,51.599999999999845,360.0,241.11229922755106,241.11761185101375
57910.0,6803276.80276933,7.394496328935037e-05,51.59999999999983,360.0,241.43466043436362,241.43984023582578
57920.0,6803272.506264402,7.41702183907168e-05,51.59999999999984,360.0,241.75702167843843,241.76206952536512
57930.0,6803268.209755631,7.439312692048822e-05,51.59999999999976,360.0,242.07938297695384,242.08429970820697
57940.0,6803263.913243032,7.461368181778914e-05,51.59999999999983,360.0,242.40174433270278,242.40653078726749
57950.0,6803259.61672663,7.483187608020986e-05,51.599999999999895,360.0,242.72410575148385,242.72876276240353
57960.0,6803255.320206351,7.504770280743886e-05,51.59999999999993,360.0,243.04646724834004,243.05099562420014
57970.0,6803251.023682141,7.526115516023855e-05,51.59999999999993,360.0,243.3688288314569,243.37322937005118
57980.0,6803246.727154067,7.547222636950279e-05,51.59999999999988,360.0,243.69119050215454,243.69546400415277
57990.0,6803242.430622049,7.568090974962118e-05,51.59999999999986,360.0,244.01355227438594,244.01769951803436
58000.0,6803238.134086068,7.588719868517263e-05,51.59999999999979,360.0,244.33591415516227,244.33993591013058
58010.0,6803233.837546107,7.609108664304773e-05,51.59999999999986,360.0,244.6582761517236,244.66217317857453
58020.0,6803229.541002178,7.629256715332809e-05,51.599999999999866,360.0,244.98063826975272,244.98441132305132
58030.0,6803225.244454224,7.649163383366235e-05,51.599999999999795,360.0,245.30300052040334,245.30665033768014
58040.0,6803220.947902288,7.668828037406402e-05,51.59999999999969,360.0,245.62536290646875,245.62889022490106
58050.0,6803216.651346306,7.688250054343666e-05,51.59999999999974,360.0,245.9477254368689,245.95113098100322
58060.0,6803212.354786261,7.70742881840509e-05,51.599999999999746,360.0,246.27008812144823,246.27337260128095
58070.0,6803208.058222146,7.72636372165518e-05,51.59999999999974,360.0,246.59245096436723,246.59561508665533
58080.0,6803203.761654013,7.745054163273779e-05,51.59999999999969,360.0,246.9148139674484,246.91785844035246
58090.0,6803199.465081785,7.76349955156487e-05,51.599999999999724,360.0,247.23717714298644,247.24010265505166
58100.0,6803195.168505445,7.781699301432752e-05,51.59999999999972,360.0,247.55954049652766,247.56234773014057
58110.0,6803190.8719249675,7.799652835610888e-05,51.599999999999696,360.0,247.88190403894276,247.8845936596294
58120.0,6803186.575340375,7.817359585541657e-05,51.59999999999974,360.0,248.20426776680205,248.20684045175307
58130.0,6803182.278751725,7.834818988551727e-05,51.599999999999625,360.0,248.52663168725533,248.52908810415897
58140.0,6803177.9821589,7.852030491839666e-05,51.599999999999596,360.0,248.84899580996222,248.85133661186933
58150.0,6803173.685561903,7.868993549385806e-05,51.59999999999954,360.0,249.17136014420595,249.1735859702665
58160.0,6803169.388960797,7.88570762353111e-05,51.59999999999962,360.0,249.493724685889,249.49583618804124
58170.0,6803165.092355544,7.902172183876709e-05,51.599999999999575,360.0,249.81608944568586,249.81808725905472
58180.0,6803160.795746149,7.91838670794703e-05,51.59999999999954,360.0,250.1384544272456,250.14033918415194
58190.0,6803156.499132623,7.934350681988909e-05,51.59999999999952,360.0,250.46081963476976,250.4625919635503
58200.0,6803152.202515034,7.95006359893837e-05,51.599999999999554,360.0,250.78318506818317,250.7848456016761
58210.0,6803147.905893297,7.965524960417013e-05,51.59999999999966,360.0,251.10555073775788,251.10710009257846
58220.0,6803143.609267374,7.980734276439264e-05,51.5999999999996,360.0,251.42791665236422,251.42935543161684
58230.0,6803139.312637346,7.995691064411703e-05,51.5999999999996,360.0,251.75028280781245,251.75161162715943
58240.0,6803135.016003227,8.010394849000616e-05,51.599999999999525,360.0,252.0726492106764,252.0738686767656
58250.0,6803130.719365067,8.024845163884376e-05,51.59999999999949,360.0,252.39501586003374,252.39612658540187
58260.0,6803126.422722757,8.039041551464063e-05,51.599999999999454,360.0,252.71738276637052,252.71838534658343
58270.0,6803122.126076475,8.052983559849568e-05,51.59999999999945,360.0,253.03974992293726,253.0406449710072
58280.0,6803117.829426157,8.066670747138184e-05,51.599999999999376,360.0,253.36211733869882,253.3629054535484
58290.0,6803113.532771898,8.080102678493193e-05,51.59999999999939,360.0,253.68448501140176,253.68516680029057
58300.0,6803109.236113642,8.093278927895356e-05,51.59999999999934,360.0,254.0068529488103,254.00742900718726
58310.0,6803104.939451482,8.106199076769319e-05,51.599999999999255,360.0,254.32922114743673,254.3296920814153
58320.0,6803100.642785407,8.118862715190849e-05,51.59999999999925,360.0,254.65158961269694,254.65195602117728
58330.0,6803096.346115494,8.131269440485245e-05,51.59999999999919,360.0,254.97395834471044,254.9742208298784
58340.0,6803092.049441802,8.143418859110984e-05,51.59999999999929,360.0,255.29632733915665,255.29648651531784
58350.0,6803087.752764337,8.155310585146043e-05,51.599999999999255,360.0,255.6186966021097,255.61875307483862
58360.0,6803083.456083249,8.166944240259974e-05,51.599999999999255,360.0,255.94106612563047,255.94102051972325
58370.0,6803079.159398527,8.178319455664865e-05,51.59999999999933,360.0,256.2634359153606,256.26328884760625
58380.0,6803074.862710256,8.18943586934237e-05,51.59999999999941,360.0,256.5858059674662,256.58555806551936
58390.0,6803070.566018525,8.200293128245471e-05,51.59999999999943,360.0,256.9081762794311,256.90782817912043
58400.0,6803066.269323396,8.21089088724765e-05,51.59999999999947,360.0,257.2305468510333,257.23009919169965
58410.0,6803061.972625033,8.221228809404235e-05,51.59999999999957,360.0,257.55291767547055,257.55237111306224
58420.0,6803057.6759234555,8.23130656605754e-05,51.59999999999969,360.0,257.87528875238496,257.87464394650374
58430.0,6803053.379218788,8.241123836907698e-05,51.599999999999675,360.0,258.19766007539016,258.19691770125826
58440.0,6803049.082511252,8.250680309486104e-05,51.59999999999969,360.0,258.5200316346923,258.51919238991985
58450.0,6803044.785800958,8.259975679735203e-05,51.59999999999973,360.0,258.84240342355565,258.84146802194385
58460.0,6803040.489088069,8.269009652318544e-05,51.599999999999795,360.0,259.16477543365113,259.16374460829456
58470.0,6803036.1923727365,8.277781939315628e-05,51.59999999999991,360.0,259.4871476576974,259.48602215885074
58480.0,6803031.895655115,8.286292261743045e-05,51.599999999999895,360.0,259.80952008815245,259.8083006836389
58490.0,6803027.598935433,8.294540348885482e-05,51.59999999999981,360.0,260.13189270943894,260.1305802006766
58500.0,6803023.302213961,8.302525937710433e-05,51.59999999999982,360.0,260.454265506021,260.4528607278522
58510.0,6803019.005490887,8.310248773937102e-05,51.59999999999997,360.0,260.7766384680522,260.77514227731416
58520.0,6803014.708766602,8.317708611380494e-05,51.60000000000001,360.0,261.0990115678808,261.0974248789155
58530.0,6803010.412041365,8.324905212124142e-05,51.59999999999999,360.0,261.4213847916723,261.41970854864485
58540.0,6803006.1153155845,8.331838346853007e-05,51.59999999999992,360.0,261.74375811209296,261.7419933158973
58550.0,6803001.81858972,8.338507794157746e-05,51.59999999999985,360.0,262.06613149691725,262.0642792149002
58560.0,6802997.521864157,8.344913341523762e-05,51.599999999999895,360.0,262.388504920017,262.38656627369176
58570.0,6802993.225139479,8.351054784014023e-05,51.59999999999982,360.0,262.7108783433392,262.70885453215953
58580.0,6802988.928416289,8.35693192526346e-05,51.59999999999988,360.0,263.0332517241557,263.03114403483073
58590.0,6802984.631695215,8.36254457777044e-05,51.599999999999866,360.0,263.3556250177384,263.3534348281019
58600.0,6802980.334977123,8.367892561695394e-05,51.59999999999983,360.0,263.6779981628402,263.6757269748546
58610.0,6802976.038262867,8.372975705785865e-05,51.5999999999999,360.0,264.0003710992806,263.99802053681026
58620.0,6802971.741553629,8.377793846974618e-05,51.59999999999997,360.0,264.32274374247334,264.3203156000295
58630.0,6802967.444850626,8.382346830627443e-05,51.600000000000016,360.0,264.6451160037654,264.6426122545603
58640.0,6802963.148155394,8.386634510382198e-05,51.59999999999993,360.0,264.9674877715365,264.964910613339
58650.0,6802958.851469761,8.390656748073147e-05,51.59999999999975,360.0,265.2898589100324,265.28721081337454
58660.0,6802954.554795897,8.394413414063863e-05,51.59999999999991,360.0,265.61222926191,265.60951301316464
58670.0,6802950.258136619,8.397904386658685e-05,51.59999999999994,360.0,265.9345986187397,265.93181742223237
58680.0,6802945.961495291,8.401129552450785e-05,51.59999999999978,360.0,266.25696673240185,266.25412428972163
58690.0,6802941.6648761965,8.404088806444424e-05,51.59999999999987,360.0,266.57933328215825,266.57643393728904
58700.0,6802937.368284895,8.406782051446827e-05,51.599999999999845,360.0,266.90169785826856,266.8987467755455
58710.0,6802933.071728962,8.409209198426434e-05,51.59999999999992,360.0,267.22405989378325,267.2210633722251
58720.0,6802928.775218726,8.411370166129408e-05,51.59999999999985,360.0,267.54641861788775,267.54338449885716
58730.0,6802924.478768642,8.41326488114662e-05,51.600000000000044,360.0,267.8687729473687,267.8657112392697
58740.0,6802920.182400616,8.414893277271587e-05,51.599999999999845,360.0,268.19112124301023,268.18804523325565
58750.0,6802915.886149426,8.416255295023993e-05,51.59999999999985,360.0,268.5134608981138,268.5103890879705
58760.0,6802911.590075664,8.417350880473777e-05,51.59999999999996,360.0,268.8357873706922,268.8327473458019
58770.0,6802907.294299814,8.418179982870149e-05,51.59999999999992,360.0,269.1580916258008,269.1551290420247
58780.0,6802902.99912288,8.418742548017426e-05,51.599999999999895,360.0,269.48035108177373,269.4775567585527
58790.0,6802898.70579981,8.419038491897451e-05,51.59999999999981,360.0,269.8024715853685,269.8001246487773
58800.0,6802894.433920846,8.419066996635078e-05,51.5999999999997,360.0,270.1229833154974,270.12430253389323
58810.0,6802890.131957448,8.418828469493177e-05,51.59999999999988,360.0,270.4457523764887,270.446224309574
58820.0,6802885.832810614,8.418323665911398e-05,51.59999999999967,360.0,270.76831026592885,270.7683584781771
58830.0,6802881.534404682,8.417552510241298e-05,51.59999999999958,360.0,271.09081272149257,271.09054930188444
58840.0,6802877.236346214,8.416514993268576e-05,51.599999999999625,360.0,271.4132892644352,271.4127672592379
58850.0,6802872.938488618,8.415211129428153e-05,51.599999999999675,360.0,271.73575089648006,271.73500134818613
58860.0,6802868.640761075,8.41364094807937e-05,51.599999999999696,360.0,272.0582029342131,272.05724625179596
58870.0,6802864.343123732,8.411804490292843e-05,51.59999999999955,360.0,272.38064837241984,272.37949897482036
58880.0,6802860.045552214,8.409701807533724e-05,51.59999999999956,360.0,272.70308904378226,272.7017576840397
58890.0,6802855.748030095,8.407332960854144e-05,51.59999999999958,360.0,273.0255261826726,273.02402114448756
58900.0,6802851.4505462395,8.404698020769935e-05,51.59999999999963,360.0,273.34796063014784,273.3462885144157
58910.0,6802847.153092404,8.401797066598725e-05,51.59999999999967,360.0,273.67039300663146,273.66855917265855
58920.0,6802842.855662606,8.398630186772388e-05,51.5999999999996,360.0,273.9928237656467,273.9908326648529
58930.0,6802838.558252111,8.395197478206237e-05,51.599999999999675,360.0,274.3152532666598,274.3131086306152
58940.0,6802834.26085733,8.391499046649419e-05,51.599999999999646,360.0,274.63768178066965,274.6353867979572
58950.0,6802829.963475249,8.387535006405899e-05,51.59999999999958,360.0,274.96010953814096,274.95766693533625
58960.0,6802825.666103533,8.383305480417286e-05,51.59999999999962,360.0,275.2825367170556,275.279948863651
58970.0,6802821.368740339,8.378810600262591e-05,51.599999999999596,360.0,275.60496346266615,275.60223243642037
58980.0,6802817.071383871,8.374050505655721e-05,51.59999999999967,360.0,275.92738991023515,275.9245175170941
58990.0,6802812.774032894,8.369025345075761e-05,51.59999999999961,360.0,276.2498161562749,276.2468040077888
59000.0,6802808.476686203,8.363735275523965e-05,51.59999999999963,360.0,276.57224229487673,276.5690918129541
59010.0,6802804.179342935,8.358180462470302e-05,51.59999999999969,360.0,276.8946683946353,276.89138086248823
59020.0,6802799.882002121,8.352361079626718e-05,51.59999999999973,360.0,277.21709453439155,277.2136710759627
59030.0,6802795.584663037,8.346277309207952e-05,51.59999999999966,360.0,277.5395207698285,277.53596239600483
59040.0,6802791.287325116,8.339929341995472e-05,51.59999999999954,360.0,277.8619471485664,277.8582547732596
59050.0,6802786.989987769,8.333317376992579e-05,51.599999999999625,360.0,278.1843737174354,278.1805481590514
59060.0,6802782.692650485,8.326441621806889e-05,51.59999999999967,360.0,278.50680052071795,278.5028425072352
59070.0,6802778.395312884,8.319302292111501e-05,51.59999999999972,360.0,278.8292275884055,278.82513778584075
59080.0,6802774.097974515,8.311899612143822e-05,51.5999999999997,360.0,279.15165496019864,279.1474339531179
59090.0,6802769.80063502,8.304233814377064e-05,51.599999999999675,360.0,279.47408266556454,279.46973097749833
59100.0,6802765.50329411,8.296305140063375e-05,51.599999999999625,360.0,279.7965107318123,279.7920288294713
59110.0,6802761.205951544,8.288113838346964e-05,51.59999999999973,360.0,280.11893918031984,280.1143274853864
59120.0,6802756.908607089,8.279660166894142e-05,51.599999999999696,360.0,280.44136803182965,280.43662692216674
59130.0,6802752.611260449,8.270944391728516e-05,51.59999999999976,360.0,280.76379731572274,280.75892710803714
59140.0,6802748.313911486,8.261966786961873e-05,51.59999999999986,360.0,281.0862270427751,281.0812280297234
59150.0,6802744.016559966,8.252727635400548e-05,51.59999999999974,360.0,281.4086572377038,281.40352965996556
59160.0,6802739.719205806,8.243227227930029e-05,51.599999999999774,360.0,281.73108790784687,281.72583198879505
59170.0,6802735.421848782,8.233465863552332e-05,51.599999999999675,360.0,282.0535190761529,282.0481349905597
59180.0,6802731.124488756,8.223443849510767e-05,51.59999999999963,360.0,282.37595075734936,282.3704386477742
59190.0,6802726.827125664,8.213161502012962e-05,51.59999999999979,360.0,282.6983829617727,282.6927429472705
59200.0,6802722.529759329,8.202619145039558e-05,51.5999999999997,360.0,283.02081570770895,283.0150478678441
59210.0,6802718.232389696,8.191817110416152e-05,51.59999999999966,360.0,283.3432490014962,283.3373534001947
59220.0,6802713.935016628,8.18075573863408e-05,51.59999999999978,360.0,283.66568285834575,283.6596595260454
59230.0,6802709.637640035,8.169435378493351e-05,51.59999999999985,360.0,283.9881172902071,283.98196623033664
59240.0,6802705.340259879,8.157856387155197e-05,51.599999999999895,360.0,284.31055230595007,284.30427350101354
59250.0,6802701.042876047,8.146019129155198e-05,51.599999999999845,360.0,284.6329879165077,284.6265813238948
59260.0,6802696.745488547,8.133923978277618e-05,51.599999999999866,360.0,284.95542412878285,284.9488896887388
59270.0,6802692.448097286,8.121571316031047e-05,51.59999999999995,360.0,285.2778609512429,285.27119858369326
59280.0,6802688.150702213,8.108961531857628e-05,51.59999999999994,360.0,285.60029839522474,285.5935079939867
59290.0,6802683.853303254,8.096095023610677e-05,51.59999999999997,360.0,285.9227364692819,285.91581790751366
59300.0,6802679.555900391,8.082972197050441e-05,51.59999999999993,360.0,286.2451751821679,286.2381283119552
59310.0,6802675.258493573,8.069593466286494e-05,51.59999999999993,360.0,286.5676145411351,286.5604391963987
59320.0,6802670.96108279,8.055959253647075e-05,51.59999999999992,360.0,286.8900545518937,286.882750551412
59330.0,6802666.663667994,8.04206998941877e-05,51.599999999999895,360.0,287.2124952237721,287.20506236387195
59340.0,6802662.366249161,8.027926111767943e-05,51.59999999999992,360.0,287.53493656542884,287.5273746212679
59350.0,6802658.068826248,8.013528067044909e-05,51.59999999999987,360.0,287.8573785834078,287.84968731316144
59360.0,6802653.771399249,7.99887630982518e-05,51.59999999999991,360.0,288.1798212831879,288.17200043009325
59370.0,6802649.4739681585,7.983971303167332e-05,51.59999999999992,360.0,288.5022646721646,288.4943139606228
59380.0,6802645.17653293,7.96881351704608e-05,51.59999999999992,360.0,288.82470875978174,288.8166278911999
59390.0,6802640.879093635,7.95340343066504e-05,51.59999999999999,360.0,289.14715354727855,289.1389422164276
59400.0,6802636.581650166,7.937741529935702e-05,51.59999999999994,360.0,289.46959904420174,289.46125692252957
59410.0,6802632.284202605,7.921828309994462e-05,51.59999999999994,360.0,289.7920452545258,289.78357200126425
59420.0,6802627.986750888,7.905664272977462e-05,51.59999999999999,360.0,290.1144921859631,290.1058874405539
59430.0,6802623.689295035,7.889249929520684e-05,51.59999999999994,360.0,290.4369398463675,290.4282032281537
59440.0,6802619.391834976,7.872585797532332e-05,51.59999999999986,360.0,290.7593882458924,290.75051934943855
59450.0,6802615.094370754,7.8556724039131e-05,51.599999999999845,360.0,291.0818373836981,291.0728358007442
59460.0,6802610.796902372,7.838510282962932e-05,51.599999999999866,360.0,291.4042872715005,291.395152565743
59470.0,6802606.499429829,7.821099976611827e-05,51.59999999999982,360.0,291.7267379118573,291.7174696372469
59480.0,6802602.201953108,7.803442034924634e-05,51.599999999999774,360.0,292.04918931505534,292.0397870002827
59490.0,6802597.90447226,7.78553701592909e-05,51.59999999999979,360.0,292.37164148243784,292.36210464874983
59500.0,6802593.606987282,7.767385485162644e-05,51.59999999999972,360.0,292.6940944203823,292.6844225714682
59510.0,6802589.309498212,7.748988016316016e-05,51.59999999999972,360.0,293.01654813278844,293.0067407596738
59520.0,6802585.012004989,7.730345190540145e-05,51.59999999999975,360.0,293.3390026333326,293.32905919476445
59530.0,6802580.714507675,7.711457597310029e-05,51.599999999999646,360.0,293.66145792501686,293.6513778687921
59540.0,6802576.417006244,7.692325832770983e-05,51.5999999999997,360.0,293.9839140137356,293.97369677081576
59550.0,6802572.119500732,7.672950502041292e-05,51.5999999999998,360.0,294.3063709042641,294.29601589101605
59560.0,6802567.821991151,7.653332217189697e-05,51.59999999999978,360.0,294.6288286054742,294.6183352153637
59570.0,6802563.524477476,7.633471598542822e-05,51.599999999999746,360.0,294.9512871259434,294.9406547301082
59580.0,6802559.226959845,7.61336927407128e-05,51.5999999999998,360.0,295.2737464603277,295.2629744353792
59590.0,6802554.929438096,7.593025878301238e-05,51.59999999999983,360.0,295.59620663271176,295.5852943017859
59600.0,6802550.631912315,7.572442054405213e-05,51.59999999999978,360.0,295.91866764141963,295.90761432570116
59610.0,6802546.334382545,7.551618453579179e-05,51.5999999999997,360.0,296.2411294929452,296.22993449524
59620.0,6802542.03684879,7.530555734158876e-05,51.59999999999978,360.0,296.56359219529554,296.55225479698294
59630.0,6802537.7393110255,7.509254561076914e-05,51.599999999999724,360.0,296.88605575639485,296.874575217535
59640.0,6802533.441769335,7.487715608334718e-05,51.5999999999998,360.0,297.2085201813359,297.19689574626886
59650.0,6802529.144223736,7.465939556974358e-05,51.5999999999999,360.0,297.5309854755019,297.51921637224535
59660.0,6802524.84667421,7.443927095103283e-05,51.599999999999994,360.0,297.8534516482929,297.8415370804574
59670.0,6802520.549120723,7.421678918696148e-05,51.600000000000044,360.0,298.17591871362373,298.1638578513416
59680.0,6802516.251563386,7.399195731548726e-05,51.60000000000009,360.0,298.49838667098544,298.4861786796978
59690.0,6802511.9540022,7.376478244684684e-05,51.60000000000002,360.0,298.8208555294466,298.80849955072324
59700.0,6802507.65643715,7.353527175826371e-05,51.600000000000044,360.0,299.1433253012469,299.13082044639833
59710.0,6802503.358868283,7.330343251207696e-05,51.600000000000136,360.0,299.4657959920891,299.45314135520425
59720.0,6802499.06129561,7.306927203230535e-05,51.60000000000019,360.0,299.78826761012493,299.77546226310915
59730.0,6802494.763719093,7.283279772503938e-05,51.600000000000286,360.0,300.1107401679636,300.0977831516078
59740.0,6802490.466138832,7.259401707132018e-05,51.600000000000314,360.0,300.43321366903194,300.4201040113266
59750.0,6802486.168554777,7.235293762213269e-05,51.60000000000023,360.0,300.7556881282779,300.74242482133207
59760.0,6802481.870966925,7.210956699714431e-05,51.60000000000009,360.0,301.0781635541385,301.064745567176
59770.0,6802477.573375392,7.186391289900162e-05,51.60000000000007,360.0,301.4006399507591,301.3870662386606
59780.0,6802473.275780085,7.161598308739998e-05,51.60000000000005,360.0,301.7231173372051,301.70938681060846
59790.0,6802468.978181061,7.136578540807613e-05,51.59999999999996,360.0,302.04559571828,302.0317072721052
59800.0,6802464.680578345,7.111332777280855e-05,51.59999999999999,360.0,302.36807510573084,302.3540276052257
59810.0,6802460.382971925,7.085861816880989e-05,51.59999999999979,360.0,302.69055551079606,302.67634779255644
59820.0,6802456.085361788,7.06016646446027e-05,51.599999999999774,360.0,303.013036946843,302.9986678144859
59830.0,6802451.787747936,7.034247533050477e-05,51.59999999999973,360.0,303.3355194275173,303.3209876511003
59840.0,6802447.4901304785,7.008105842599506e-05,51.59999999999976,360.0,303.6580029569879,303.64330729194785
59850.0,6802443.192509262,6.981742219635177e-05,51.59999999999964,360.0,303.9804875587694,303.9656267071916
59860.0,6802438.894884365,6.955157497661291e-05,51.59999999999962,360.0,304.3029732408684,304.2879458824624
59870.0,6802434.597255789,6.928352517746282e-05,51.59999999999963,360.0,304.62546001579875,304.61026479885845
59880.0,6802430.299623485,6.901328127481895e-05,51.59999999999964,360.0,304.9479479029123,304.9325834306438
59890.0,6802426.001987432,6.874085181464178e-05,51.59999999999963,360.0,305.27043691660185,305.2549017569443
59900.0,6802421.704347641,6.846624541624973e-05,51.599999999999554,360.0,305.5929270711649,305.577219757043
59910.0,6802417.406704089,6.818947075984534e-05,51.59999999999954,360.0,305.9154183833614,305.8995374076477
59920.0,6802413.109056656,6.791053658819521e-05,51.59999999999966,360.0,306.23791087815266,306.2218546772926
59930.0,6802408.811405387,6.762945173812777e-05,51.59999999999961,360.0,306.5604045665719,306.5441715484205
59940.0,6802404.513750211,6.734622508848858e-05,51.599999999999625,360.0,306.8828994710156,306.86648799205227
59950.0,6802400.216091062,6.706086559377438e-05,51.59999999999964,360.0,307.20539561410845,307.1888039789788
59960.0,6802395.9184278045,6.677338227444043e-05,51.59999999999955,360.0,307.5278930206766,307.51111947776616
59970.0,6802391.620760439,6.648378422176609e-05,51.599999999999596,360.0,307.85039170938643,307.8334344631181
59980.0,6802387.323088698,6.619208058077253e-05,51.59999999999963,360.0,308.1728917184899,308.155748890136
59990.0,6802383.025412632,6.589828058115561e-05,51.599999999999554,360.0,308.4953930627315,308.4780627374121
60000.0,6802378.727731971,6.560239349812707e-05,51.5999999999995,360.0,308.8178957822896,308.80037595806124
60010.0,6802374.430046517,6.530442867980693e-05,51.59999999999946,360.0,309.1403999111784,309.12268851139487
60020.0,6802370.132355999,6.500439552869912e-05,51.5999999999994,360.0,309.46290548982824,309.4450003502471
60030.0,6802365.834660171,6.470230352342248e-05,51.59999999999929,360.0,309.785412557602,309.76731142851617
60040.0,6802361.536958783,6.439816220034861e-05,51.59999999999925,360.0,310.1079211583914,310.08962169556474
60050.0,6802357.23925128,6.409198114101947e-05,51.599999999999284,360.0,310.4304313536995,310.41193108311006
60060.0,6802352.941537105,6.378376999284388e-05,51.59999999999919,360.0,310.7529432099849,310.7342395179285
60070.0,6802348.643815649,6.347353846024898e-05,51.599999999999106,360.0,311.0754567974932,311.05654692297736
60080.0,6802344.346086024,6.316129629278599e-05,51.599999999999156,360.0,311.3979722099686,311.3788531977089
60090.0,6802340.048347137,6.284705328769987e-05,51.59999999999919,360.0,311.72048955645056,311.70115822627383
60100.0,6802335.750597478,6.25308192735191e-05,51.59999999999917,360.0,312.0430089796989,312.0234618590861
60110.0,6802331.452835072,6.221260410696264e-05,51.599999999999234,360.0,312.36553066021924,312.34576390881574
60120.0,6802327.15505713,6.189241764619249e-05,51.59999999999918,360.0,312.68805484063154,312.6680641259937
60130.0,6802322.857259474,6.157026970219924e-05,51.59999999999941,360.0,313.01058187363003,312.99036215108083
60140.0,6802318.559435853,6.124616999142552e-05,51.59999999999944,360.0,313.333112270634,313.312657465799
60150.0,6802314.261575923,6.0920127976171164e-05,51.599999999999454,360.0,313.6556468594419,313.6349492354992
60160.0,6802309.963660719,6.059215251527376e-05,51.59999999999958,360.0,313.9781871257089,313.9572359676579
60170.0,6802305.665649256,6.0262250822727876e-05,51.59999999999961,360.0,314.30073623521895,314.2795144896294
60180.0,6802301.367423024,5.99304241613815e-05,51.599999999999525,360.0,314.62330323246493,314.601775750044
60190.0,6802297.06809733,5.9596614273551814e-05,51.59999999999943,360.0,314.9459549329455,314.92395292653305
60200.0,6802292.773530016,5.926128757181598e-05,51.59999999999957,360.0,315.2682504308278,315.24648691806226
60210.0,6802288.476407316,5.892388418478701e-05,51.59999999999963,360.0,315.59073778243305,315.56882966142655
60220.0,6802284.179033416,5.858459497863221e-05,51.599999999999625,360.0,315.91324515618174,315.89115298133083
60230.0,6802279.881565744,5.8243443027906154e-05,51.59999999999968,360.0,316.235760895664,316.21346852733075
60240.0,6802275.5840481445,5.790044257838546e-05,51.59999999999962,360.0,316.55828179486025,316.53577949856583
60250.0,6802271.286499228,5.7555605952906606e-05,51.59999999999985,360.0,316.8808065212217,316.8580872207164
60260.0,6802266.988928705,5.7208944833990674e-05,51.59999999999996,360.0,317.2033343981236,317.1803923635479
60270.0,6802262.691342155,5.686047063469739e-05,51.59999999999982,360.0,317.5258650558431,317.50269528993283
60280.0,6802258.393743389,5.651019468693577e-05,51.59999999999981,360.0,317.84839825504514,317.82499623233593
60290.0,6802254.096134784,5.615812826558102e-05,51.59999999999978,360.0,318.1709338610618,318.1472953185983
60300.0,6802249.798518034,5.580428265070893e-05,51.599999999999746,360.0,318.4934717899757,318.4695926258025
60310.0,6802245.500894524,5.544866915247295e-05,51.599999999999596,360.0,318.81601198142596,318.7918882074864
60320.0,6802241.203265269,5.509129910818158e-05,51.59999999999956,360.0,319.1385544039075,319.1141820883292
60330.0,6802236.905630935,5.4732183882878736e-05,51.59999999999949,360.0,319.461099050251,319.4364742686772
60340.0,6802232.6079923175,5.437133490799159e-05,51.59999999999951,360.0,319.78364590666376,319.75876475554446
60350.0,6802228.310349765,5.400876363238772e-05,51.599999999999426,360.0,320.10619499310127,320.08105352219593
60360.0,6802224.012703924,5.364448158479649e-05,51.59999999999943,360.0,320.42874631109606,320.4033405603025
60370.0,6802219.715054998,5.327850031292641e-05,51.599999999999454,360.0,320.7512998913117,320.72562583246764
60380.0,6802215.4174032705,5.2910831424381694e-05,51.599999999999426,360.0,321.0738557607648,321.04790930491663
60390.0,6802211.119749079,5.2541486584579524e-05,51.59999999999945,360.0,321.39641394763163,321.37019094274245
60400.0,6802206.822092583,5.2170477498202325e-05,51.59999999999944,360.0,321.7189744912211,321.69247069991565
60410.0,6802202.524434047,5.1797815928929014e-05,51.599999999999426,360.0,322.0415374260318,322.0147485352459
60420.0,6802198.226773687,5.142351369418928e-05,51.59999999999949,360.0,322.3641027938574,322.3370244002683
60430.0,6802193.9291115785,5.1047582647339644e-05,51.599999999999454,360.0,322.68667063955024,322.65929824349166
60440.0,6802189.631447886,5.067003470160171e-05,51.599999999999405,360.0,323.00924101632137,322.98157000504506
60450.0,6802185.333782801,5.029088182432562e-05,51.599999999999405,360.0,323.3318139729952,323.30383962947707
60460.0,6802181.036116483,4.991013603255094e-05,51.599999999999376,360.0,323.6543895564563,323.62610706332
60470.0,6802176.738449004,4.952780938339045e-05,51.59999999999943,360.0,323.9769678292266,323.9483722374826
60480.0,6802172.440780395,4.914391398410276e-05,51.5999999999995,360.0,324.29954885409285,324.2706350825986
60490.0,6802168.14311088,4.875846200545311e-05,51.599999999999426,360.0,324.62213268640886,324.59289553680446
60500.0,6802163.845440489,4.8371465651971356e-05,51.59999999999951,360.0,324.944719395382,324.9151535243833
60510.0,6802159.547769307,4.798293718226785e-05,51.59999999999941,360.0,325.2673090476951,325.23740897217766
60520.0,6802155.250097473,4.759288890660053e-05,51.599999999999405,360.0,325.5899017159658,325.5596618011208
60530.0,6802150.952424992,4.720133317525697e-05,51.59999999999947,360.0,325.9124974779362,325.88191192703323
60540.0,6802146.654751932,4.6808282389293654e-05,51.599999999999376,360.0,326.2350964172432,326.2041592598781
60550.0,6802142.35707846,4.6413749004215087e-05,51.59999999999941,360.0,326.55769860168505,326.5264037255072
60560.0,6802138.059404607,4.601774551719515e-05,51.59999999999945,360.0,326.88030412475456,326.84864522407446
60570.0,6802133.761730367,4.5620284459191953e-05,51.599999999999405,360.0,327.2029130794658,327.17088365626154
60580.0,6802129.464055927,4.5221378432038716e-05,51.59999999999931,360.0,327.52552554178266,327.4931189398319
60590.0,6802125.166381254,4.482104006079709e-05,51.59999999999928,360.0,327.84814162143414,327.8153509588046
60600.0,6802120.868706429,4.441928202891553e-05,51.59999999999919,360.0,328.170761418843,328.13757960653845
60610.0,6802116.571031575,4.401611706614785e-05,51.59999999999914,360.0,328.4933850334921,328.459804777385
60620.0,6802112.273356616,4.3611557927130954e-05,51.59999999999916,360.0,328.81601258699754,328.7820263435651
60630.0,6802107.97568168,4.3205617434109e-05,51.59999999999918,360.0,329.1386441814209,329.1042441969208
60640.0,6802103.678006841,4.279830844642431e-05,51.59999999999908,360.0,329.46127994445504,329.42645820367414
60650.0,6802099.380332138,4.238964386018226e-05,51.5999999999991,360.0,329.78391999719634,329.74866823668975
60660.0,6802095.08265764,4.197963662075395e-05,51.59999999999907,360.0,330.10656447123813,330.0708741583844
60670.0,6802090.784983298,4.1568299705358044e-05,51.59999999999891,360.0,330.42921350561875,330.39307582375244
60680.0,6802086.487309275,4.115564615219002e-05,51.599999999998865,360.0,330.75186724036234,330.71527308685666
60690.0,6802082.189635557,4.074168902104818e-05,51.599999999998886,360.0,331.0745258290185,331.0374657882471
60700.0,6802077.891962185,4.032644142795643e-05,51.59999999999892,360.0,331.39718942728246,331.3596537663825
60710.0,6802073.594289189,3.990991651801053e-05,51.599999999999156,360.0,331.71985820209676,331.6818368485249
60720.0,6802069.296616637,3.949212748529353e-05,51.59999999999919,360.0,332.0425323139712,332.0040148684063
60730.0,6802064.998944572,3.907308756482886e-05,51.59999999999919,360.0,332.3652119484772,332.32618763474113
60740.0,6802060.701272982,3.865281002278935e-05,51.599999999999135,360.0,332.6878973031583,332.64835494429616
60750.0,6802056.403601962,3.823130817183133e-05,51.59999999999917,360.0,333.0105885657193,332.9705166037528
60760.0,6802052.105931515,3.7808595359746286e-05,51.599999999999106,360.0,333.33328594910887,333.2926723945825
60770.0,6802047.808261706,3.73846849746733e-05,51.59999999999907,360.0,333.6559896647224,333.6148220998289
60780.0,6802043.510592558,3.6959590441607956e-05,51.59999999999916,360.0,333.97869994598625,333.9369654805643
60790.0,6802039.212924047,3.653332521798505e-05,51.59999999999914,360.0,334.30141703966467,334.25910228460236
60800.0,6802034.915256327,3.610590281347142e-05,51.599999999999156,360.0,334.6241411792981,334.5812322729848
60810.0,6802030.617589309,3.567733675753719e-05,51.5999999999991,360.0,334.9468726539781,334.9033551512779
60820.0,6802026.3199230535,3.524764061881339e-05,51.59999999999911,360.0,335.2696117271867,335.2254706506918
60830.0,6802022.022257524,3.481682800246998e-05,51.59999999999912,360.0,335.5923587113877,335.5475784535149
60840.0,6802017.724592845,3.4384912561136196e-05,51.599999999999106,360.0,335.9151139044042,335.86967825671087
60850.0,6802013.426929005,3.395190796905571e-05,51.599999999999106,360.0,336.23787763820087,336.19176972317047
60860.0,6802009.129266044,3.351782794104308e-05,51.5999999999991,360.0,336.5606502561687,336.51385250441297
60870.0,6802004.831603935,3.3082686221586945e-05,51.599999999999085,360.0,336.883432142442,336.8359262112332
60880.0,6802000.533942727,3.264649658829057e-05,51.5999999999991,360.0,337.20622366246965,337.15799047319126
60890.0,6801996.236282408,3.220927285524911e-05,51.599999999999156,360.0,337.5290252408776,337.4800448607311
60900.0,6801991.938623043,3.177102886984707e-05,51.59999999999921,360.0,337.85183729515893,337.8020889514662
60910.0,6801987.640964652,3.133177851069484e-05,51.5999999999992,360.0,338.17466029239887,338.12412227347824
60920.0,6801983.343307231,3.089153568703108e-05,51.59999999999916,360.0,338.49749471822116,338.4461443363603
60930.0,6801979.045650752,3.0450314334379192e-05,51.5999999999992,360.0,338.82034108896545,338.76815461905215
60940.0,6801974.747995227,3.0008128424730585e-05,51.59999999999921,360.0,339.14319995561556,339.0901525659027
60950.0,6801970.450340649,2.956499195986461e-05,51.59999999999919,360.0,339.46607190293315,339.4121375875542
60960.0,6801966.152687074,2.9120918981449328e-05,51.59999999999928,360.0,339.78895755302915,339.73410905733334
60970.0,6801961.855034519,2.8675923543876146e-05,51.59999999999931,360.0,340.1118575642097,340.05606631243705
60980.0,6801957.557382959,2.823001974116074e-05,51.59999999999936,360.0,340.4347726421452,340.3780086427869
60990.0,6801953.259732388,2.7783221687497842e-05,51.59999999999936,360.0,340.7577035266186,340.6999353041941
61000.0,6801948.962082786,2.7335543532651902e-05,51.59999999999935,360.0,341.08065103941414,341.0218454705826
61010.0,6801944.664434171,2.6886999453545885e-05,51.59999999999929,360.0,341.40361603850823,341.3437382797189
61020.0,6801940.366786551,2.6437603650865396e-05,51.599999999999284,360.0,341.72659943092054,341.6656128203837
61030.0,6801936.069139847,2.5987370351831722e-05,51.5999999999992,360.0,342.049602222791,341.9874680823077
61040.0,6801931.771494154,2.5536313819349617e-05,51.5999999999992,360.0,342.37262545444736,342.3093030210856
61050.0,6801927.4738493245,2.5084448319902587e-05,51.59999999999918,360.0,342.695670278756,342.6311164798661
61060.0,6801923.176205387,2.4631788165432125e-05,51.59999999999919,360.0,343.0187379125475,342.9529072378485
61070.0,6801918.878562311,2.4178347687174978e-05,51.59999999999918,360.0,343.34182967806225,343.27467396893064
61080.0,6801914.580920099,2.37241412456416e-05,51.59999999999921,360.0,343.66494699471474,343.59641524989405
61090.0,6801910.283278695,2.3269183213827394e-05,51.59999999999923,360.0,343.98809140519387,343.9181295342781
61100.0,6801905.985638042,2.2813487994958824e-05,51.59999999999927,360.0,344.3112645795765,344.23981514831866
61110.0,6801901.687998121,2.2357070016497004e-05,51.599999999999255,360.0,344.6344683163688,344.56147028989574
61120.0,6801897.390358916,2.1899943730923803e-05,51.59999999999944,360.0,344.95770457117794,344.8830929998624
61130.0,6801893.092720338,2.144212360141121e-05,51.59999999999939,360.0,345.28097547871255,345.2046811400015
61140.0,6801888.795082325,2.098362411750903e-05,51.599999999999376,360.0,345.60428334841475,345.52623239747425
61150.0,6801884.497444803,2.0524459793389583e-05,51.59999999999943,360.0,345.927630734051,345.8477442151405
61160.0,6801880.199807748,2.0064645165990577e-05,51.59999999999948,360.0,346.2510203951835,346.16921383015756
61170.0,6801875.902171029,1.9604194781043668e-05,51.59999999999951,360.0,346.5744553755059,346.4906381956174
61180.0,6801871.604534593,1.914312321550845e-05,51.59999999999951,360.0,346.89793900979265,346.8120139735892
61190.0,6801867.306898337,1.8681445058530095e-05,51.5999999999995,360.0,347.22147496992835,347.133337489104
61200.0,6801863.009262108,1.8219174911844085e-05,51.59999999999947,360.0,347.54506730639525,347.45460468869163
61210.0,6801858.711625857,1.7756327411317832e-05,51.599999999999554,360.0,347.8687204906227,347.77581109795403
61220.0,6801854.413989425,1.7292917194344613e-05,51.599999999999696,360.0,348.1924394983331,348.096951738322
61230.0,6801850.116352644,1.6828958918779243e-05,51.599999999999724,360.0,348.5162298507644,348.41802108574524
61240.0,6801845.818715379,1.6364467263536814e-05,51.599999999999774,360.0,348.84009772050956,348.739012964915
61250.0,6801841.521077483,1.5899456922880552e-05,51.59999999999981,360.0,349.1640499884851,349.05992049223227
61260.0,6801837.223438766,1.5433942598063675e-05,51.59999999999982,360.0,349.4880943837002,349.3807359361218
61270.0,6801832.925798998,1.496793901009876e-05,51.59999999999975,360.0,349.81223961668184,349.7014505835314
61280.0,6801828.628157924,1.4501460886931911e-05,51.59999999999972,360.0,350.13649553935903,350.02205458009166
61290.0,6801824.330515227,1.4034522971261408e-05,51.599999999999774,360.0,350.46087331936235,350.3425367558033
61300.0,6801820.032870767,1.356714003028725e-05,51.59999999999967,360.0,350.78538566063503,350.6628844044224
61310.0,6801815.735224135,1.309932682364887e-05,51.599999999999625,360.0,351.11004712802276,350.9830829589011
61320.0,6801811.437575003,1.2631098131866245e-05,51.599999999999596,360.0,351.4348744363566,351.30311570223495
61330.0,6801807.139922962,1.216246874000743e-05,51.59999999999961,360.0,351.7598869228862,351.622963295109
61340.0,6801802.842267536,1.1693453438017705e-05,51.59999999999951,360.0,352.0851070444631,351.94260327864924
61350.0,6801798.544608311,1.1224067034856576e-05,51.59999999999954,360.0,352.4105610131861,352.2620094388583
61360.0,6801794.246944519,1.0754324318058675e-05,51.599999999999554,360.0,352.7362797118473,352.5811508910651
61370.0,6801789.949275629,1.028424010475286e-05,51.59999999999955,360.0,353.0622996298603,352.89999114407993
61380.0,6801785.651600893,9.813829208411086e-06,51.59999999999941,360.0,353.38866433164736,353.2184866317728
61390.0,6801781.353919416,9.34310643098091e-06,51.59999999999944,360.0,353.71542620457456,353.53658496515214
61400.0,6801777.056230282,8.872086585997237e-06,51.599999999999575,360.0,354.0426487857744,353.85422260553594
61410.0,6801772.758532123,8.400784451467975e-06,51.599999999999554,360.0,354.37040996275306,354.17132166393486
61420.0,6801768.460823663,7.929214823477747e-06,51.59999999999946,360.0,354.69880619919957,354.4877856752601
61430.0,6801764.1631032815,7.457392468954122e-06,51.59999999999937,360.0,355.0279584325722,354.8034937007051
61440.0,6801759.865368973,6.985332131194161e-06,51.59999999999945,360.0,355.35802043022414,355.1182919716928
61450.0,6801755.567618434,6.513048527946321e-06,51.599999999999426,360.0,355.68919062306213,355.4319820561245
61460.0,6801751.269848698,6.040556325218925e-06,51.5999999999995,360.0,356.0217297173786,355.744303246624
61470.0,6801746.972056088,5.567870123276956e-06,51.59999999999947,360.0,356.35598710502416,356.05490615030794
61480.0,6801742.674235999,5.095004444979082e-06,51.59999999999941,360.0,356.6924420846065,356.3633114676211
61490.0,6801738.376382468,4.621973696194009e-06,51.5999999999994,360.0,357.0317704909143,356.66884336289814
61500.0,6801734.078487625,4.148792108453192e-06,51.59999999999933,360.0,357.3749568226749,356.97051733663324
61510.0,6801729.780540677,3.675473673579212e-06,51.59999999999937,360.0,357.72349329078145,357.26684117721146
61520.0,6801725.482526284,3.202031993889684e-06,51.599999999999405,360.0,358.0797553900078,357.55543938922466
61530.0,6801721.184421882,2.7284800893869783e-06,51.59999999999957,360.0,358.4477689739689,357.83228611848955
61540.0,6801716.886191789,2.2548299686321363e-06,51.599999999999525,360.0,358.83494466259685,358.0899707445846
61550.0,6801712.587775109,1.7810918786697508e-06,51.59999999999961,360.0,359.25658161506743,358.3131941079278
61560.0,6801708.289053638,1.307272593892321e-06,51.599999999999426,360.0,359.7501703106482,358.46446572893643
61570.0,6801703.989746487,8.333718829967678e-07,51.59999999999932,360.0,0.43852050732574216,358.4209758493627
61580.0,6801699.688825149,3.593901974279336e-07,51.59999999999932,360.0,2.092833551382947,357.4115231227537
61590.0,6801695.405419115,1.1409147842007327e-07,51.599999999999284,360.0,172.67937986748336,187.46983712434013
61600.0,6801691.115018756,5.863270903715709e-07,51.59999999999927,360.0,178.96237391719464,181.8317033925349
61610.0,6801686.820088418,1.0597270432030716e-06,51.59999999999921,360.0,179.9261937422352,181.5127438856719
61620.0,6801682.52422695,1.5332472854086992e-06,51.59999999999934,360.0,180.4939911360874,181.58980681041598
61630.0,6801678.227949801,2.0067800534267055e-06,51.59999999999918,360.0,180.94602888633332,181.78262937939346
61640.0,6801673.931436938,2.4802820074206466e-06,51.59999999999918,360.0,181.34859788739183,182.0249206984691
61650.0,6801669.63477256,2.9537258185908763e-06,51.5999999999992,360.0,181.72548652276245,182.29289238452102
61660.0,6801665.338002934,3.4270900300237155e-06,51.599999999999085,360.0,182.08733781477588,182.5759014156519
61670.0,6801661.04115634,3.900355829774806e-06,51.599999999999,360.0,182.4396273142583,182.86847224153632
61680.0,6801656.744251226,4.373505797923846e-06,51.59999999999902,360.0,182.78545981982398,183.1675000641906
61690.0,6801652.447300275,4.846523305776312e-06,51.599999999999014,360.0,183.12672714547668,183.4710930702695
61700.0,6801648.150312669,5.319392210416589e-06,51.59999999999908,360.0,183.46464777248667,183.77803277926773
61710.0,6801643.85329516,5.7920966824660575e-06,51.599999999999284,360.0,183.8000419584406,184.0874989343969
61720.0,6801639.556253053,6.264621099840605e-06,51.59999999999921,360.0,184.13348211740768,184.3989191225326
61730.0,6801635.25919025,6.736950009922243e-06,51.59999999999918,360.0,184.4653798875154,184.71188170650206
61740.0,6801630.962110004,7.2090680561140685e-06,51.59999999999922,360.0,184.79603885419314,185.02608310193588
61750.0,6801626.665014976,7.680959966789399e-06,51.59999999999917,360.0,185.12568781250593,185.34129451490008
61760.0,6801622.367907276,8.152610538856953e-06,51.59999999999905,360.0,185.45450249087983,185.65734021819586
61770.0,6801618.070788732,8.624004619961217e-06,51.59999999999888,360.0,185.7826200689499,185.97408303347058
61780.0,6801613.773660782,9.095127109613948e-06,51.59999999999885,360.0,186.11014921578112,186.291414293017
61790.0,6801609.476524644,9.565962941630026e-06,51.599999999998765,360.0,186.43717712945713,186.6092468002009
61800.0,6801605.179381423,1.0036497071667224e-05,51.59999999999882,360.0,186.76377458832474,186.92750977817337
61810.0,6801600.882232052,1.0506714487029087e-05,51.599999999998886,360.0,187.08999963749417,187.24614518342557
61820.0,6801596.58507732,1.0976600207774713e-05,51.59999999999876,360.0,187.41590033607156,187.56510495851023
61830.0,6801592.287917938,1.1446139267653557e-05,51.599999999998786,360.0,187.74151680935574,187.8843489798781
61840.0,6801587.990754529,1.1915316723608107e-05,51.59999999999882,360.0,188.06688282605987,188.20384348062174
61850.0,6801583.693587543,1.238411766446198e-05,51.59999999999894,360.0,188.39202700670873,188.52355984210314
61860.0,6801579.39641755,1.285252717636118e-05,51.59999999999894,360.0,188.71697378097045,188.84347363662613
61870.0,6801575.099244939,1.332053037765304e-05,51.59999999999887,360.0,189.04174411101133,189.16356390405957
61880.0,6801570.802070059,1.3788112410479004e-05,51.59999999999892,360.0,189.36635609755263,189.48381254578464
61890.0,6801566.504893206,1.4255258428662355e-05,51.599999999999056,360.0,189.69082544440113,189.80420386019924
61900.0,6801562.207714854,1.4721953584886134e-05,51.599999999999085,360.0,190.01516583033845,190.12472417075955
61910.0,6801557.910535132,1.5188183083217406e-05,51.59999999999907,360.0,190.3393892673489,190.4453614678301
61920.0,6801553.613354248,1.5653932134889153e-05,51.599999999999014,360.0,190.66350630012775,190.76610520910012
61930.0,6801549.316172515,1.611918595444258e-05,51.59999999999898,360.0,190.9875262488447,191.0869460768932
61940.0,6801545.018990067,1.6583929790549902e-05,51.59999999999899,360.0,191.31145737396432,191.40787581328073
61950.0,6801540.721807065,1.7048148908686146e-05,51.59999999999908,360.0,191.63530703977958,191.72888705658374
61960.0,6801536.424623695,1.7511828582183638e-05,51.59999999999904,360.0,191.95908180092536,192.04997325488046
61970.0,6801532.127440067,1.797495411286492e-05,51.5999999999991,360.0,192.28278753981485,192.37112852850598
61980.0,6801527.830256385,1.8437510812997298e-05,51.59999999999899,360.0,192.60642952504335,192.69234761170773
61990.0,6801523.533072753,1.8899484020596796e-05,51.59999999999892,360.0,192.93001250357892,193.0136257604005
62000.0,6801519.235889299,1.9360859089981083e-05,51.59999999999892,360.0,193.25354078006438,193.33495867292947
62010.0,6801514.938706076,1.982162140146839e-05,51.599999999998964,360.0,193.57701824894525,193.65634245788064
62020.0,6801510.641523202,2.0281756353359814e-05,51.59999999999905,360.0,193.9004484160942,193.97777361249817
62030.0,6801506.344340697,2.0741249364658476e-05,51.59999999999885,360.0,194.22383451307735,194.29924890842122
62040.0,6801502.047158698,2.1200085870186284e-05,51.59999999999887,360.0,194.54717945722476,194.6207654315307
62050.0,6801497.749977196,2.16582513396482e-05,51.599999999998786,360.0,194.87048592205974,194.9423205116497
62060.0,6801493.452796405,2.2115731238230643e-05,51.59999999999877,360.0,195.19375634200887,195.26391171772917
62070.0,6801489.155616232,2.2572511087744442e-05,51.5999999999987,360.0,195.51699297408265,195.58553679619533
62080.0,6801484.858436777,2.302857640950072e-05,51.599999999998744,360.0,195.84019788121222,195.9071936876557
62090.0,6801480.561258127,2.3483912751119754e-05,51.59999999999872,360.0,196.1633729516836,196.2288805073873
62100.0,6801476.264080249,2.3938505691872305e-05,51.599999999998744,360.0,196.48651994107357,196.55059550347426
62110.0,6801471.966903202,2.4392340830127094e-05,51.5999999999987,360.0,196.80964047209648,196.8723370569318
62120.0,6801467.669726985,2.484540379253143e-05,51.599999999998715,360.0,197.13273603984777,197.19410367644065
62130.0,6801463.372551653,2.5297680222268197e-05,51.59999999999861,360.0,197.45580802487058,197.51589398528833
62140.0,6801459.075377235,2.5749155794338348e-05,51.599999999998495,360.0,197.7788577102912,197.83770670427805
62150.0,6801454.778203799,2.6199816200348296e-05,51.5999999999984,360.0,198.1018862869694,198.15954064650933
62160.0,6801450.48103129,2.6649647173181742e-05,51.59999999999825,360.0,198.42489486852617,198.48139470240258
62170.0,6801446.183859699,2.7098634461443178e-05,51.59999999999829,360.0,198.7478845136072,198.80326781740987
62180.0,6801441.886689104,2.754676384369321e-05,51.59999999999825,360.0,199.07085615691182,199.12515906098915
62190.0,6801437.5895194765,2.7994021126461376e-05,51.59999999999837,360.0,199.3938107130994,199.44706752270244
62200.0,6801433.292350855,2.8440392141448652e-05,51.599999999998396,360.0,199.71674901692128,199.76899237206808
62210.0,6801428.995183156,2.8885862759588247e-05,51.599999999998346,360.0,200.03967186674794,200.09093281507026
62220.0,6801424.698016489,2.9330418858236895e-05,51.599999999998396,360.0,200.36257999960992,200.4128881190936
62230.0,6801420.400850747,2.9774046370457323e-05,51.59999999999836,360.0,200.6854741127007,200.73485759138845
62240.0,6801416.10368597,3.0216731239439914e-05,51.599999999998346,360.0,201.00835485294053,201.0568405895626
62250.0,6801411.806522175,3.0658459443647214e-05,51.59999999999836,360.0,201.3312228268064,201.37883651170498
62260.0,6801407.509359285,3.109921699822667e-05,51.599999999998374,360.0,201.65407862104573,201.70084477571186
62270.0,6801403.212197345,3.15389899397658e-05,51.59999999999836,360.0,201.97692276963463,202.0228648522992
62280.0,6801398.9150363635,3.197776433968973e-05,51.599999999998374,360.0,202.29975578053285,202.34489623826298
62290.0,6801394.617876263,3.241552630717928e-05,51.599999999998325,360.0,202.6225781471874,202.66693844496277
62300.0,6801390.320717104,3.285226197110853e-05,51.59999999999828,360.0,202.94539031273035,202.98899103410184
62310.0,6801386.023558851,3.328795750162444e-05,51.599999999998246,360.0,203.2681927119439,203.31105357585153
62320.0,6801381.726401413,3.372259910617335e-05,51.59999999999818,360.0,203.59098575766117,203.63312566231454
62330.0,6801377.429244791,3.415617301752866e-05,51.59999999999822,360.0,203.91376983765898,203.9552069107397
62340.0,6801373.132088988,3.458866550743397e-05,51.59999999999816,360.0,204.23654531222616,204.2772969659063
62350.0,6801368.834933936,3.502006287854595e-05,51.59999999999816,360.0,204.55931252981242,204.59939548450996
62360.0,6801364.537779617,3.545035147159746e-05,51.59999999999813,360.0,204.8820718175171,204.9215021446073
62370.0,6801360.240626047,3.58795176574828e-05,51.59999999999807,360.0,205.20482348622627,205.24361664056502
62380.0,6801355.943473208,3.6307547839141534e-05,51.59999999999817,360.0,205.5275678340383,205.56573867954557
62390.0,6801351.646321058,3.67344284663519e-05,51.59999999999813,360.0,205.85030513547107,205.88786799235194
62400.0,6801347.349169529,3.716014602568553e-05,51.59999999999813,360.0,206.17303566297792,206.21000431191646
62410.0,6801343.052018595,3.7584687034966256e-05,51.5999999999982,360.0,206.49575967638557,206.53214738383545
62420.0,6801338.754868296,3.800803804105056e-05,51.59999999999818,360.0,206.8184774042283,206.85429698503344
62430.0,6801334.457718491,3.8430185648328615e-05,51.59999999999809,360.0,207.14118909617844,207.17645287137015
62440.0,6801330.160569224,3.8851116483555404e-05,51.599999999998204,360.0,207.463894963613,207.49861483703037
62450.0,6801325.863420395,3.9270817218953196e-05,51.5999999999982,360.0,207.78659522625736,207.8207826678886
62460.0,6801321.566272017,3.968927456161084e-05,51.59999999999834,360.0,208.1092900818933,208.14295617180935
62470.0,6801317.269123969,4.0106475266876444e-05,51.59999999999829,360.0,208.43197972335733,208.46513516166087
62480.0,6801312.971976245,4.052240612161337e-05,51.59999999999827,360.0,208.7546643385367,208.787319455304
62490.0,6801308.674828868,4.093705394774544e-05,51.599999999998325,360.0,209.07734409755625,209.10950888838775
62500.0,6801304.377681717,4.13504056226777e-05,51.59999999999834,360.0,209.4000191710625,209.43170329608756
62510.0,6801300.080534749,4.176244805732275e-05,51.59999999999834,360.0,209.72268972341675,209.75390251991305
62520.0,6801295.7833878985,4.2173168205055256e-05,51.59999999999838,360.0,210.0453559139365,210.0761064064374
62530.0,6801291.486241183,4.258255305285657e-05,51.59999999999823,360.0,210.368017879666,210.3983148245733
62540.0,6801287.189094515,4.2990589643445446e-05,51.59999999999816,360.0,210.69067577268666,210.72052762820928
62550.0,6801282.891947893,4.339726504791986e-05,51.59999999999825,360.0,211.01332972667691,211.04274468969868
62560.0,6801278.594801168,4.380256640183662e-05,51.599999999998204,360.0,211.3359798739304,211.3649658827871
62570.0,6801274.297654363,4.4206480862634565e-05,51.59999999999825,360.0,211.65862633804917,211.68719108997112
62580.0,6801270.000507347,4.46089956458235e-05,51.59999999999823,360.0,211.98126924994477,212.00942018648348
62590.0,6801265.7033601,4.501009800316357e-05,51.59999999999828,360.0,212.30390872313663,212.3316530649599
62600.0,6801261.406212476,4.5409775240750005e-05,51.59999999999825,360.0,212.62654487487382,212.65388961435735
62610.0,6801257.109064502,4.580801469737749e-05,51.59999999999816,360.0,212.94917780359296,212.97612974245385
62620.0,6801252.811916045,4.620480376709387e-05,51.59999999999815,360.0,213.27180762587432,213.29837333892655
62630.0,6801248.514767103,4.660012988227143e-05,51.59999999999814,360.0,213.59443443524376,213.620620316551
62640.0,6801244.217617542,4.699398052952766e-05,51.599999999998,360.0,213.9170583357673,213.94287057758905
62650.0,6801239.920467249,4.738634324515534e-05,51.59999999999789,360.0,214.2396794238181,214.26512403203944
62660.0,6801235.623316156,4.7777205600479276e-05,51.59999999999781,360.0,214.56229778662015,214.58738059904314
62670.0,6801231.326164242,4.81665552193306e-05,51.599999999997905,360.0,214.8849135156218,214.90964019355872
62680.0,6801227.029011404,4.855437977215443e-05,51.59999999999801,360.0,215.20752669394187,215.23190273892334
62690.0,6801222.731857471,4.894066699040856e-05,51.599999999998055,360.0,215.53013740692052,215.5541681562609
62700.0,6801218.434702361,4.932540464333376e-05,51.599999999998026,360.0,215.85274573854474,215.87643636807044
62710.0,6801214.13754596,4.970858054974536e-05,51.599999999997905,360.0,216.17535176564633,216.1987073040431
62720.0,6801209.840388113,5.009018258549047e-05,51.59999999999786,360.0,216.49795556917104,216.5209808897824
62730.0,6801205.543228678,5.047019867377189e-05,51.59999999999792,360.0,216.82055722772145,216.843257053235
62740.0,6801201.246067525,5.0848616784641344e-05,51.599999999998055,360.0,217.14315681141863,217.1655357308886
62750.0,6801196.948904519,5.1225424941105576e-05,51.59999999999814,360.0,217.4657543923603,217.48781685725032
62760.0,6801192.651739454,5.1600611221658025e-05,51.599999999997976,360.0,217.7883500424563,217.8101003670297
62770.0,6801188.3545721285,5.1974163757477895e-05,51.59999999999793,360.0,218.11094383644877,218.13238619214133
62780.0,6801184.057402281,5.234607073320818e-05,51.599999999997834,360.0,218.43353584549473,218.45467426811587
62790.0,6801179.760229789,5.271632037942061e-05,51.599999999997856,360.0,218.75612613559133,218.77696453562749
62800.0,6801175.463054273,5.3084900995936146e-05,51.59999999999792,360.0,219.0787147838442,219.0992569242746
62810.0,6801171.165875418,5.345180093019078e-05,51.59999999999779,360.0,219.40130186172667,219.42155136930754
62820.0,6801166.868692853,5.381700858875074e-05,51.59999999999778,360.0,219.72388744586812,219.7438478008628
62830.0,6801162.571506188,5.418051242967376e-05,51.59999999999775,360.0,220.04647160820454,220.06614615372533
62840.0,6801158.274314886,5.454230098113942e-05,51.599999999997756,360.0,220.36905443346413,220.3884463499525
62850.0,6801153.977118307,5.4902362832949446e-05,51.599999999997856,360.0,220.6916360112187,220.71074830674675
62860.0,6801149.679915765,5.526068663140445e-05,51.59999999999776,360.0,221.01421643149473,221.0330519408843
62870.0,6801145.382706347,5.5617261096805065e-05,51.5999999999977,360.0,221.33679579971925,221.35535715374783
62880.0,6801141.08548884,5.597207502893047e-05,51.599999999997834,360.0,221.65937424395875,221.67766382408607
62890.0,6801136.788261761,5.632511730444407e-05,51.599999999997856,360.0,221.98195190843194,221.99997181449697
62900.0,6801132.491023062,5.6676376899887e-05,51.59999999999799,360.0,222.3045289748959,222.32228095006403
62910.0,6801128.193769914,5.70258429125195e-05,51.59999999999808,360.0,222.62710568641955,222.6445909945554
62920.0,6801123.896498472,5.7373504573411855e-05,51.59999999999813,360.0,222.94968235274223,222.9669016451002
62930.0,6801119.599202615,5.77193513534581e-05,51.59999999999801,360.0,223.2722594530941,223.28921242931847
62940.0,6801115.301872633,5.806337306272813e-05,51.599999999998126,360.0,223.59483772817103,223.61152261336377
62950.0,6801111.004490991,5.8405560183108905e-05,51.599999999998204,360.0,223.91741849177652,223.9338308903256
62960.0,6801106.707021192,5.874590474867254e-05,51.59999999999829,360.0,224.240004464767,224.25613454620583
62970.0,6801102.409362531,5.9084403878897894e-05,51.599999999998225,360.0,224.56260312951989,224.57842610549605
62980.0,6801098.110933159,5.94210923733874e-05,51.5999999999982,360.0,224.88525788577917,224.9006621753378
62990.0,6801093.814096364,5.975577548601034e-05,51.59999999999822,360.0,225.20779090396695,225.2230205921821
63000.0,6801089.517568334,6.008854162226723e-05,51.599999999998346,360.0,225.53030072688634,225.5454028200998
63010.0,6801085.220738333,6.041942822560019e-05,51.59999999999834,360.0,225.85283256852262,225.86776365199302
63020.0,6801080.923804314,6.074840945217264e-05,51.599999999998374,360.0,226.17537144364113,226.19011807996927
63030.0,6801076.626816467,6.107547099632722e-05,51.5999999999984,360.0,226.49791354676012,226.51246991638672
63040.0,6801072.329795061,6.140060092977472e-05,51.59999999999828,360.0,226.82045734476262,226.8348207012322
63050.0,6801068.032750547,6.17237881452788e-05,51.599999999998246,360.0,227.14300205383935,227.15717122518205
63060.0,6801063.735688952,6.204502193757412e-05,51.599999999998076,360.0,227.465547228141,227.47952194094242
63070.0,6801059.43861388,6.23642918494568e-05,51.59999999999802,360.0,227.78809260726123,227.80187311578712
63080.0,6801055.141527979,6.268158756240478e-05,51.59999999999793,360.0,228.11063800638624,228.12422494137525
63090.0,6801050.844432839,6.299689889800051e-05,51.59999999999782,360.0,228.43318331943408,228.44657753062774
63100.0,6801046.547329866,6.331021575604762e-05,51.59999999999775,360.0,228.75572845626206,228.76893098051877
63110.0,6801042.250219914,6.362152814216412e-05,51.59999999999768,360.0,229.07827336878537,229.0912853459662
63120.0,6801037.953103718,6.393082613272249e-05,51.599999999997635,360.0,229.40081801610563,229.41364067467038
63130.0,6801033.655981902,6.423809987833166e-05,51.599999999997635,360.0,229.7233623674815,229.73599700418782
63140.0,6801029.3588547865,6.454333961557321e-05,51.599999999997756,360.0,230.045906415159,230.0583543490683
63150.0,6801025.061722751,6.484653563796546e-05,51.599999999997685,360.0,230.36845014429636,230.38071273092015
63160.0,6801020.764586131,6.514767830994218e-05,51.5999999999977,360.0,230.69099354612518,230.70307216528445
63170.0,6801016.467445067,6.544675807888798e-05,51.59999999999765,360.0,231.01353662789148,231.02543265165372
63180.0,6801012.170299767,6.5743765446542e-05,51.599999999997664,360.0,231.3360793866989,231.347794199679
63190.0,6801007.87315046,6.603869098193391e-05,51.59999999999773,360.0,231.65862182079997,231.670156817823
63200.0,6801003.575997215,6.633152532858455e-05,51.599999999997685,360.0,231.98116393854357,231.99252050442493
63210.0,6800999.278840124,6.66222591997022e-05,51.59999999999778,360.0,232.30370574917387,232.31488525693703
63220.0,6800994.981679273,6.691088336912777e-05,51.59999999999779,360.0,232.6262472599032,232.63725107480963
63230.0,6800990.684514701,6.719738868607402e-05,51.5999999999978,360.0,232.94878848134536,232.95961795408797
63240.0,6800986.3873465005,6.748176605797865e-05,51.59999999999769,360.0,233.27132941963188,233.28198589525798
63250.0,6800982.090174671,6.776400647324822e-05,51.59999999999761,360.0,233.59387008845968,233.60435489123273
63260.0,6800977.792999305,6.804410097435486e-05,51.59999999999773,360.0,233.9164104960302,233.92672494038825
63270.0,6800973.495820389,6.832204068505458e-05,51.59999999999774,360.0,234.2389506530419,234.24909603858418
63280.0,6800969.198637981,6.85978167858069e-05,51.599999999997785,360.0,234.56149056940671,234.5714681824404
63290.0,6800964.901452004,6.887142053766797e-05,51.59999999999765,360.0,234.88403026383006,234.89384135978688
63300.0,6800960.604262609,6.914284325815605e-05,51.59999999999765,360.0,235.20656973555108,235.21621557785278
63310.0,6800956.307069684,6.941207634478408e-05,51.59999999999769,360.0,235.5291090055034,235.53859082216314
63320.0,6800952.009873283,6.96791112601291e-05,51.59999999999776,360.0,235.85164808132748,235.86096709152778
63330.0,6800947.7126733465,6.994393954080707e-05,51.59999999999786,360.0,236.17418697978317,236.18334437557772
63340.0,6800943.415469923,7.020655278477179e-05,51.599999999997834,360.0,236.49672570864905,236.50572267292057
63350.0,6800939.118262969,7.046694266853092e-05,51.599999999997756,360.0,236.81926427946937,236.82810197835792
63360.0,6800934.821052516,7.072510093169826e-05,51.59999999999768,360.0,237.14180270161128,237.15048228884203
63370.0,6800930.523838536,7.098101938830492e-05,51.59999999999769,360.0,237.46434098872498,237.47286359700914
63380.0,6800926.226620963,7.12346899328456e-05,51.599999999997664,360.0,237.7868791556476,237.7952458942771
63390.0,6800921.929399804,7.148610451534722e-05,51.599999999997685,360.0,238.10941721143575,238.1176291778177
63400.0,6800917.632175114,7.173525515862882e-05,51.599999999997756,360.0,238.43195516305107,238.44001344684128
63410.0,6800913.334946765,7.198213396958012e-05,51.599999999997856,360.0,238.7544930280716,238.76239868994676
63420.0,6800909.037714808,7.222673311579608e-05,51.59999999999785,360.0,239.07703081291396,239.0847849068262
63430.0,6800904.740479196,7.246904484023177e-05,51.59999999999789,360.0,239.39956853186078,239.4071720892754
63440.0,6800900.44323997,7.27090614610745e-05,51.59999999999799,360.0,239.72210618906283,239.72956023921049
63450.0,6800896.145997117,7.294677535918928e-05,51.59999999999798,360.0,240.0446437953124,240.05194935183425
63460.0,6800891.848750556,7.318217900450618e-05,51.59999999999802,360.0,240.36718136564468,240.37433941809155
63470.0,6800887.551500279,7.341526492458683e-05,51.59999999999787,360.0,240.68971890842798,240.69673043554025
63480.0,6800883.254246189,7.364602574049599e-05,51.59999999999779,360.0,241.01225644057376,241.01912239317178
63490.0,6800878.956988399,7.387445411983312e-05,51.59999999999778,360.0,241.33479396114225,241.34151529777625
63500.0,6800874.659726858,7.41005428190271e-05,51.59999999999778,360.0,241.65733148396367,241.66390914133834
63510.0,6800870.362461417,7.432428467850977e-05,51.59999999999785,360.0,241.97986902600832,241.98630391264192
63520.0,6800866.065192197,7.454567259402385e-05,51.59999999999793,360.0,242.30240658751165,242.30869961721052
63530.0,6800861.767919142,7.476469953746524e-05,51.599999999997955,360.0,242.6249441777878,242.63109625138807
63540.0,6800857.470642208,7.498135857129498e-05,51.59999999999808,360.0,242.9474818112661,242.95349380640428
63550.0,6800853.173361414,7.519564281328605e-05,51.59999999999802,360.0,243.2700194915309,243.27589228427388
63560.0,6800848.8760767365,7.540754546832809e-05,51.599999999997905,360.0,243.59255722827373,243.59829168084383
63570.0,6800844.578788091,7.561705982127771e-05,51.599999999997834,360.0,243.91509503470027,243.9206919884241
63580.0,6800840.28149551,7.582417922236316e-05,51.599999999997756,360.0,244.2376329155841,244.24309320768765
63590.0,6800835.984198966,7.602889709716174e-05,51.599999999997785,360.0,244.56017087955482,244.56549533542315
63600.0,6800831.686898457,7.623120695242159e-05,51.59999999999779,360.0,244.88270893508437,244.88789836853903
63610.0,6800827.389593905,7.643110237189347e-05,51.599999999997706,360.0,245.20524709368786,245.21030230082218
63620.0,6800823.092285374,7.662857700620846e-05,51.59999999999774,360.0,245.52778535741385,245.5327071354747
63630.0,6800818.794972831,7.68236245927974e-05,51.599999999997685,360.0,245.85032373607334,245.85511286792908
63640.0,6800814.497656234,7.70162389424465e-05,51.599999999997614,360.0,246.17286223830718,246.1775194946944
63650.0,6800810.200335587,7.720641394571536e-05,51.59999999999761,360.0,246.49540086910974,246.4999270158739
63660.0,6800805.903010847,7.73941435684176e-05,51.59999999999761,360.0,246.81793963907646,246.82233542595566
63670.0,6800801.605681991,7.757942185306474e-05,51.599999999997586,360.0,247.14047855576538,247.14474472237896
63680.0,6800797.308349075,7.776224291232549e-05,51.599999999997614,360.0,247.4630176206733,247.46715490859728
63690.0,6800793.011012023,7.794260094731964e-05,51.59999999999754,360.0,247.7855568457426,247.78956597757843
63700.0,6800788.713670866,7.812049023303619e-05,51.59999999999753,360.0,248.1080962352482,248.11197792988992
63710.0,6800784.416325568,7.829590512461917e-05,51.59999999999754,360.0,248.43063579547302,248.43439076403206
63720.0,6800780.1189761525,7.846884005268565e-05,51.59999999999768,360.0,248.75317553122144,248.7568044799558
63730.0,6800775.821622588,7.863928952750667e-05,51.599999999997614,360.0,249.07571545059199,249.07921907422158
63740.0,6800771.52426488,7.880724813663875e-05,51.599999999997564,360.0,249.39825556073097,249.40163454430996
63750.0,6800767.22690308,7.897271054582478e-05,51.59999999999764,360.0,249.72079586073605,249.7240508956816
63760.0,6800762.929537096,7.913567150695183e-05,51.599999999997706,360.0,250.04333636265844,250.0464681207895
63770.0,6800758.632166991,7.929612584049957e-05,51.5999999999977,360.0,250.36587706955527,250.368886221048
63780.0,6800754.3347927015,7.9454068456883e-05,51.5999999999977,360.0,250.68841798679645,250.6913051954505
63790.0,6800750.037414321,7.960949433289216e-05,51.59999999999779,360.0,251.01095911618597,251.01372504652684
63800.0,6800745.7400318105,7.976239853309648e-05,51.599999999997806,360.0,251.3335004667122,251.33614576955418
63810.0,6800741.442645139,7.991277620973524e-05,51.59999999999775,360.0,251.65604204358755,251.65856736352282
63820.0,6800737.145254372,8.00606225814273e-05,51.599999999997735,360.0,251.97858384622398,251.98098983316072
63830.0,6800732.847859527,8.020593294795729e-05,51.599999999997834,360.0,252.30112587959042,252.30341317759522
63840.0,6800728.550460611,8.034870269800225e-05,51.59999999999786,360.0,252.62366814698117,252.62583739752898
63850.0,6800724.253057665,8.048892729270995e-05,51.59999999999781,360.0,252.94621065103615,252.9482624943115
63860.0,6800719.955650658,8.062660227653306e-05,51.59999999999776,360.0,253.26875339836153,253.27068846521124
63870.0,6800715.658239647,8.076172327472705e-05,51.59999999999775,360.0,253.59129639000113,253.5931153130054
63880.0,6800711.360824646,8.089428599537581e-05,51.59999999999781,360.0,253.91383962683815,253.91554304058872
63890.0,6800707.063405796,8.102428622002885e-05,51.599999999997834,360.0,254.2363831064556,254.23797165407976
63900.0,6800702.765983009,8.11517198229283e-05,51.599999999997934,360.0,254.5589268372329,254.56040114872954
63910.0,6800698.4685563715,8.127658274693121e-05,51.59999999999786,360.0,254.8814708208933,254.88283152636967
63920.0,6800694.171125918,8.139887103099307e-05,51.599999999997806,360.0,255.20401505388972,255.2052627940629
63930.0,6800689.873691694,8.151858078146312e-05,51.59999999999792,360.0,255.52655954018414,255.52769495127075
63940.0,6800685.576253752,8.16357081912778e-05,51.599999999997856,360.0,255.84910428043204,255.85012800072084
63950.0,6800681.2788122175,8.175024953768166e-05,51.59999999999789,360.0,256.17164926800865,256.1725619523333
63960.0,6800676.981367169,8.186220117399543e-05,51.5999999999979,360.0,256.49419450261064,256.49499680964357
63970.0,6800672.683918515,8.197155954540422e-05,51.59999999999789,360.0,256.8167399945591,256.8174325654738
63980.0,6800668.386466584,8.207832116292336e-05,51.59999999999787,360.0,257.139285724931,257.1398692418514
63990.0,6800664.089011217,8.218248263866038e-05,51.59999999999768,360.0,257.461831708349,257.46230682718317
64000.0,6800659.791552734,8.228404065188372e-05,51.59999999999758,360.0,257.78437792448517,257.7847453447501
64010.0,6800655.49409114,8.238299197477092e-05,51.59999999999754,360.0,258.10692437605803,258.10718479471666
64020.0,6800651.196626574,8.247933345428795e-05,51.59999999999757,360.0,258.4294710592738,258.42962518368284
64030.0,6800646.899159237,8.257306201925185e-05,51.599999999997436,360.0,258.7520179624242,258.7520665261215
64040.0,6800642.601689156,8.266417469082433e-05,51.599999999997436,360.0,259.0745650874545,259.0745088227444
64050.0,6800638.304216671,8.275266856331666e-05,51.59999999999745,360.0,259.39711241038793,259.39695210013707
64060.0,6800634.00674181,8.283854081880387e-05,51.599999999997465,360.0,259.7196599351534,259.71939635688915
64070.0,6800629.709264836,8.292178871790423e-05,51.59999999999737,360.0,260.0422076463536,260.04184161085794
64080.0,6800625.411786026,8.300240960818377e-05,51.59999999999748,360.0,260.3647555265242,260.3642878818973
64090.0,6800621.114305541,8.308040092142895e-05,51.59999999999752,360.0,260.68730356647256,260.6867351815002
64100.0,6800616.816823741,8.315576016465296e-05,51.59999999999748,360.0,261.0098517445466,261.009183533573
64110.0,6800612.519340953,8.322848493560802e-05,51.5999999999974,360.0,261.33240003920594,261.3316329618084
64120.0,6800608.221857482,8.329857291226266e-05,51.59999999999749,360.0,261.65494843305737,261.6540834856834
64130.0,6800603.924373708,8.336602185948303e-05,51.599999999997564,360.0,261.97749689888224,261.9765351344446
64140.0,6800599.626890156,8.343082962110366e-05,51.59999999999764,360.0,262.3000454009386,262.298987945781
64150.0,6800595.329407339,8.349299412130162e-05,51.599999999997756,360.0,262.62259390802996,262.62144195275675
64160.0,6800591.031925808,8.355251337395621e-05,51.59999999999774,360.0,262.94514237964165,262.943897197669
64170.0,6800586.734446279,8.360938547458986e-05,51.599999999997976,360.0,263.26769076684764,263.2663537311683
64180.0,6800582.436969486,8.366360860132991e-05,51.599999999997955,360.0,263.5902390165894,263.5888116079685
64190.0,6800578.139496296,8.371518101652792e-05,51.599999999997976,360.0,263.9127870685327,263.9112708899583
64200.0,6800573.842027738,8.376410106638275e-05,51.59999999999799,360.0,264.2353348491515,264.2337316521655
64210.0,6800569.5445650695,8.381036717814241e-05,51.59999999999798,360.0,264.55788226756835,264.55619398687054
64220.0,6800565.247109832,8.385397786273836e-05,51.59999999999816,360.0,264.8804292128688,264.87865800634745
64230.0,6800560.949663617,8.389493171479473e-05,51.59999999999818,360.0,265.2029755671942,265.2011238297029
64240.0,6800556.652228549,8.393322741390509e-05,51.59999999999819,360.0,265.52552117592114,265.52359161277286
64250.0,6800552.35480726,8.396886372013368e-05,51.59999999999828,360.0,265.84806584398416,265.8460615517217
64260.0,6800548.057402967,8.400183947355539e-05,51.59999999999822,360.0,266.1706093372407,266.1685338817233
64270.0,6800543.760019632,8.403215360128294e-05,51.59999999999814,360.0,266.49315135894636,266.49100890048857
64280.0,6800539.462662525,8.40598051099952e-05,51.59999999999818,360.0,266.8156915174412,266.8134870005637
64290.0,6800535.165338569,8.408479308572108e-05,51.59999999999816,360.0,267.1382292956511,267.13596869981706
64300.0,6800530.86805723,8.410711669506217e-05,51.59999999999814,360.0,267.460763988355,267.4584547042038
64310.0,6800526.570831639,8.412677518142079e-05,51.599999999998225,360.0,267.78329461527716,267.780945994655
64320.0,6800522.273681453,8.414376786301205e-05,51.599999999998246,360.0,268.10581970256106,268.10344404560436
64330.0,6800517.97663729,8.415809412722342e-05,51.5999999999982,360.0,268.42833695693116,268.4259511508279
64340.0,6800513.679750956,8.416975342147519e-05,51.59999999999808,360.0,268.75084249185494,268.74847119726275
64350.0,6800509.383121513,8.417874523303142e-05,51.59999999999807,360.0,269.0733288769157,269.0710116156874
64360.0,6800505.086978782,8.418506903955991e-05,51.59999999999807,360.0,269.3957788668849,269.3935896515838
64370.0,6800500.79211326,8.418872413803366e-05,51.59999999999815,360.0,269.7181331317898,269.71626463511467
64380.0,6800496.5248937085,8.418970609267751e-05,51.59999999999816,360.0,270.0384125489474,270.0410156890803
64390.0,6800492.218737315,8.418800945384106e-05,51.59999999999819,360.0,270.3616145455658,270.36284538630395
64400.0,6800487.918477879,8.418364791978811e-05,51.59999999999815,360.0,270.6843740929527,270.6851187554277
64410.0,6800483.619178642,8.417662017492505e-05,51.59999999999811,360.0,271.0070617266243,271.00746526081434
64420.0,6800479.320291351,8.416692602858577e-05,51.5999999999982,360.0,271.3297185977,271.32984375114074
64430.0,6800475.021632624,8.415456557726363e-05,51.59999999999816,360.0,271.6523584751321,271.6522404571794
64440.0,6800470.723118263,8.413953908019695e-05,51.59999999999822,360.0,271.9749876834651,271.97464905403217
64450.0,6800466.424702582,8.412184692098486e-05,51.59999999999817,360.0,272.29760965305576,272.2970661109149
64460.0,6800462.126357962,8.410148958819393e-05,51.59999999999823,360.0,272.6202264612278,272.61948954998826
64470.0,6800457.828066449,8.407846767015177e-05,51.59999999999817,360.0,272.94283945988417,272.9419180187711
64480.0,6800453.529815722,8.405278184910858e-05,51.59999999999827,360.0,273.2654495781174,273.2643505874991
64490.0,6800449.231596945,8.402443289679554e-05,51.59999999999837,360.0,273.5880574820399,273.58678658932644
64500.0,6800444.933403538,8.399342167540117e-05,51.59999999999832,360.0,273.9106636699211,273.90922552517463
64510.0,6800440.635230585,8.395974913551152e-05,51.599999999998346,360.0,274.2332685144046,274.23166702148234
64520.0,6800436.337074174,8.39234163136754e-05,51.59999999999832,360.0,274.5558723122153,274.55411078057
64530.0,6800432.038931162,8.38844243321048e-05,51.599999999998495,360.0,274.87847530475824,274.8765565599773
64540.0,6800427.7407990815,8.384277440143668e-05,51.59999999999852,360.0,275.2010776787298,275.1990041718962
64550.0,6800423.442675955,8.379846781770722e-05,51.59999999999851,360.0,275.5236795913145,275.52145345792167
64560.0,6800419.144560002,8.375150596026041e-05,51.599999999998516,360.0,275.8462811776173,275.8439042817039
64570.0,6800414.846449814,8.37018902930907e-05,51.59999999999859,360.0,276.16888254271703,276.16635653678406
64580.0,6800410.548344303,8.364962236888459e-05,51.59999999999861,360.0,276.49148377641933,276.4888101319327
64590.0,6800406.250242355,8.359470382381928e-05,51.599999999998644,360.0,276.8140849684397,276.81126497593493
64600.0,6800401.952143118,8.353713637626328e-05,51.59999999999852,360.0,277.1366861843819,277.13372100159904
64610.0,6800397.654045769,8.347692182950381e-05,51.59999999999871,360.0,277.4592874894762,277.4561781420509
64620.0,6800393.355949702,8.34140620743012e-05,51.59999999999877,360.0,277.7818889358952,277.7786363433723
64630.0,6800389.0578542845,8.334855908052297e-05,51.59999999999881,360.0,278.1044905720717,278.1010955553463
64640.0,6800384.759759132,8.328041491026938e-05,51.599999999998936,360.0,278.4270924343118,278.4235557397662
64650.0,6800380.46166372,8.320963170404435e-05,51.59999999999899,360.0,278.7496945645919,278.7460168527078
64660.0,6800376.163567597,8.313621168410907e-05,51.599999999999135,360.0,279.07229699956537,279.0684788554982
64670.0,6800371.865470539,8.30601571612019e-05,51.599999999999056,360.0,279.39489976256465,279.39094172268716
64680.0,6800367.567372108,8.298147052853726e-05,51.59999999999919,360.0,279.717502892239,279.7134054134556
64690.0,6800363.269272068,8.290015426053801e-05,51.59999999999925,360.0,280.04010640656503,280.03586990758515
64700.0,6800358.971170171,8.281621091868437e-05,51.59999999999914,360.0,280.36271033192446,280.35833517636274
64710.0,6800354.673066184,8.272964314988979e-05,51.599999999999135,360.0,280.6853146889973,280.6808011967277
64720.0,6800350.3749599075,8.264045367760149e-05,51.59999999999904,360.0,281.007919498536,281.00326794544617
64730.0,6800346.076851083,8.254864531067219e-05,51.59999999999917,360.0,281.33052478262476,281.3257353978954
64740.0,6800341.778739666,8.245422094593708e-05,51.599999999999135,360.0,281.65313055057385,281.6482035421559
64750.0,6800337.480625406,8.235718355673032e-05,51.599999999999014,360.0,281.9757368243539,281.97067235357224
64760.0,6800333.182508164,8.225753620101448e-05,51.599999999999085,360.0,282.2983436199617,282.29314181338964
64770.0,6800328.884387873,8.21552820263916e-05,51.59999999999914,360.0,282.62095094720337,282.6156119089871
64780.0,6800324.586264346,8.205042425533724e-05,51.59999999999922,360.0,282.94355882628463,282.93808261725354
64790.0,6800320.288137538,8.194296619485977e-05,51.59999999999925,360.0,283.26616726216866,283.2605539302572
64800.0,6800315.99000732,8.18329112389118e-05,51.59999999999923,360.0,283.58877627306356,283.58302582676447
64810.0,6800311.691873652,8.172026285712555e-05,51.59999999999933,360.0,283.9113858643003,283.9054982983436
64820.0,6800307.393736427,8.160502460586952e-05,51.59999999999936,360.0,284.2339960504844,284.22797132719256
64830.0,6800303.095595592,8.148720012307843e-05,51.599999999999376,360.0,284.5566068407622,284.55044490094474
64840.0,6800298.797451034,8.136679312600323e-05,51.59999999999932,360.0,284.8792182482512,284.8729190031613
64850.0,6800294.499302727,8.124380741753375e-05,51.59999999999927,360.0,285.2018302803229,285.195393623086
64860.0,6800290.20115063,8.111824688222883e-05,51.59999999999925,360.0,285.524442944585,285.517868749676
64870.0,6800285.902994651,8.099011548351508e-05,51.59999999999922,360.0,285.8470562537213,285.8403443667222
64880.0,6800281.604834765,8.085941726545341e-05,51.599999999999255,360.0,286.1696702140204,286.16282046437885
64890.0,6800277.306670997,8.072615636271248e-05,51.59999999999933,360.0,286.49228483128365,286.48529703318593
64900.0,6800273.00850318,8.059033697789348e-05,51.59999999999932,360.0,286.8149001224281,286.8077740525071
64910.0,6800268.710331319,8.045196340277012e-05,51.59999999999919,360.0,287.1375160930813,287.13025151295443
64920.0,6800264.412155434,8.031104001151446e-05,51.599999999999135,360.0,287.4601327462988,287.45272940762453
64930.0,6800260.113975532,8.016757125670796e-05,51.59999999999919,360.0,287.7827500879761,287.77520772672193
64940.0,6800255.815791596,8.002156167641969e-05,51.59999999999923,360.0,288.10536812721136,288.0976864571681
64950.0,6800251.517603533,7.987301588184129e-05,51.59999999999916,360.0,288.42798687435857,288.4201655845942
64960.0,6800247.219411367,7.972193856521843e-05,51.59999999999916,360.0,288.7506063341055,288.74264510021294
64970.0,6800242.9212150425,7.956833449656331e-05,51.59999999999925,360.0,289.07322651626976,289.0651249900485
64980.0,6800238.623014625,7.941220854148212e-05,51.59999999999927,360.0,289.39584742456253,289.3876052461832
64990.0,6800234.324810049,7.925356563015383e-05,51.59999999999918,360.0,289.7184690680166,289.71008585528807
65000.0,6800230.026601306,7.909241077884792e-05,51.59999999999921,360.0,290.04109145391965,290.0325668057449
65010.0,6800225.728388428,7.892874908218074e-05,51.59999999999919,360.0,290.3637145850988,290.3550480903249
65020.0,6800221.430171367,7.876258570957293e-05,51.599999999999234,360.0,290.6863384736374,290.6775296924946
65030.0,6800217.131950191,7.859392592458993e-05,51.599999999999284,360.0,291.0089631202918,291.0000116069868
65040.0,6800212.833724795,7.842277505141483e-05,51.599999999999234,360.0,291.3315885396275,291.3224938146343
65050.0,6800208.535495218,7.824913850510344e-05,51.59999999999932,360.0,291.654214734809,291.6449763076661
65060.0,6800204.237261538,7.807302178239895e-05,51.599999999999255,360.0,291.976841710671,291.96745907655253
65070.0,6800199.939023674,7.789443044845869e-05,51.59999999999921,360.0,292.2994694760452,292.2899421077017
65080.0,6800195.640781705,7.771337015433702e-05,51.59999999999916,360.0,292.62209803605816,292.6124253912031
65090.0,6800191.342535647,7.75298466268534e-05,51.59999999999916,360.0,292.94472739515,292.93490891775207
65100.0,6800187.044285418,7.734386566520591e-05,51.59999999999904,360.0,293.2673575641674,293.25739267158826
65110.0,6800182.746031029,7.715543315443023e-05,51.5999999999991,360.0,293.589988551326,293.5798766395228
65120.0,6800178.447772581,7.69645550600146e-05,51.59999999999912,360.0,293.9126203594498,293.90236081373394
65130.0,6800174.149510018,7.677123741602347e-05,51.599999999999085,360.0,294.23525299771217,294.22484517995025
65140.0,6800169.851243374,7.657548634198741e-05,51.5999999999991,360.0,294.5578864712875,294.5473297278899
65150.0,6800165.552972639,7.637730802669481e-05,51.599999999999156,360.0,294.88052079083445,294.86981444172443
65160.0,6800161.254697867,7.617670874442037e-05,51.599999999999135,360.0,295.2031559584751,295.19229931409063
65170.0,6800156.95641905,7.597369484048021e-05,51.59999999999911,360.0,295.52579198444636,295.51478432948227
65180.0,6800152.658136224,7.576827274013002e-05,51.59999999999911,360.0,295.848428872937,295.83726947838414
65190.0,6800148.359849393,7.556044893838784e-05,51.59999999999912,360.0,296.1710666330093,296.1597547463649
65200.0,6800144.061558568,7.535023001680676e-05,51.5999999999992,360.0,296.4937052739398,296.482240118717
65210.0,6800139.763263735,7.513762262176557e-05,51.599999999999305,360.0,296.8163448051143,296.8047255805871
65220.0,6800135.464964955,7.492263348811143e-05,51.599999999999255,360.0,297.138985230551,297.1272111224498
65230.0,6800131.16666224,7.47052694177375e-05,51.59999999999936,360.0,297.4616265589813,297.44969672999457
65240.0,6800126.868355602,7.44855372924554e-05,51.59999999999939,360.0,297.7842687984781,297.7721823895471
65250.0,6800122.570045056,7.42634440612358e-05,51.59999999999949,360.0,298.1069119578907,298.0946680866169
65260.0,6800118.271730554,7.403899675229608e-05,51.59999999999946,360.0,298.42955604993733,298.41715380276406
65270.0,6800113.973412201,7.381220247484415e-05,51.59999999999944,360.0,298.752201076777,298.739639530107
65280.0,6800109.675090018,7.358306840568443e-05,51.599999999999454,360.0,299.0748470468461,299.0621252544352
65290.0,6800105.376763969,7.335160179943304e-05,51.59999999999945,360.0,299.3974939751002,299.38461095494785
65300.0,6800101.078434108,7.311780998361375e-05,51.59999999999944,360.0,299.72014186728404,299.70709662004384
65310.0,6800096.780100479,7.28817003543705e-05,51.59999999999941,360.0,300.04279072955694,300.02958223766257
65320.0,6800092.481762956,7.264328038135536e-05,51.5999999999994,360.0,300.3654405835222,300.35206778025497
65330.0,6800088.183421729,7.24025576240751e-05,51.59999999999933,360.0,300.68809142602646,300.6745532449869
65340.0,6800083.885076731,7.21595396941289e-05,51.59999999999932,360.0,301.01074327199996,300.9970386109119
65350.0,6800079.586728008,7.191423429051496e-05,51.59999999999932,360.0,301.33339613176355,301.3195238616494
65360.0,6800075.288375527,7.166664917215374e-05,51.59999999999934,360.0,301.6560500183789,301.6420089780391
65370.0,6800070.990019327,7.141679218122067e-05,51.59999999999931,360.0,301.9787049411202,301.96449394468533
65380.0,6800066.691659431,7.116467122837556e-05,51.59999999999936,360.0,302.3013609119026,302.286978743513
65390.0,6800062.393295784,7.091029429487845e-05,51.599999999999284,360.0,302.6240179466944,302.6094633523228
65400.0,6800058.094928437,7.065366943274e-05,51.59999999999928,360.0,302.9466760537994,302.93194775660436
65410.0,6800053.796557437,7.039480476804783e-05,51.59999999999929,360.0,303.2693352444758,303.2544319388321
65420.0,6800049.498182778,7.013370849948177e-05,51.599999999999284,360.0,303.5919955314527,303.5769158799692
65430.0,6800045.199804375,6.987038888448922e-05,51.59999999999925,360.0,303.9146569369294,303.899399551499
65440.0,6800040.9014223395,6.960485426898993e-05,51.59999999999921,360.0,304.2373194658238,304.2218829421371
65450.0,6800036.603036537,6.933711304935982e-05,51.599999999999305,360.0,304.55998314248893,304.5443660211501
65460.0,6800032.3046469875,6.906717370637508e-05,51.59999999999925,360.0,304.8826479793985,304.86684876964165
65470.0,6800028.006253754,6.879504478837488e-05,51.599999999999255,360.0,305.2053139890407,305.1893311686804
65480.0,6800023.707856758,6.852073491023647e-05,51.59999999999925,360.0,305.52798119010083,305.5118131931244
65490.0,6800019.409455984,6.824425275234137e-05,51.59999999999919,360.0,305.8506496023334,305.83429481670805
65500.0,6800015.1110513415,6.796560706160699e-05,51.599999999999234,360.0,306.1733192481577,306.1567760104991
65510.0,6800010.812642894,6.768480666970316e-05,51.59999999999919,360.0,306.4959901393913,306.47925675612646
65520.0,6800006.514230492,6.740186045783727e-05,51.59999999999914,360.0,306.8186623040529,306.80173701899605
65530.0,6800002.215814159,6.711677738580762e-05,51.59999999999911,360.0,307.1413357587349,307.1242167759226
65540.0,6799997.917393786,6.682956647264095e-05,51.599999999999305,360.0,307.4640105304821,307.4466959932618
65550.0,6799993.618969222,6.65402368043852e-05,51.599999999999376,360.0,307.7866866483763,307.7691746353088
65560.0,6799989.320540416,6.624879754171682e-05,51.59999999999939,360.0,308.1093641349373,308.0916526728328
65570.0,6799985.0221072035,6.595525789650496e-05,51.5999999999994,360.0,308.4320430238229,308.4141300655423
65580.0,6799980.723669508,6.565962716514736e-05,51.59999999999955,360.0,308.7547233403605,308.7366067814183
65590.0,6799976.425227054,6.536191468630136e-05,51.59999999999948,360.0,309.07740512587236,309.05908277240917
65600.0,6799972.12677965,6.50621298760244e-05,51.59999999999952,360.0,309.40008841778257,309.3815579943787
65610.0,6799967.828326918,6.476028220270231e-05,51.59999999999946,360.0,309.7227732654848,309.70403239118696
65620.0,6799963.529868648,6.445638120522547e-05,51.5999999999996,360.0,310.0454597101756,310.0265059148873
65630.0,6799959.231404355,6.415043647920868e-05,51.59999999999949,360.0,310.3681478090748,310.3489785014452
65640.0,6799954.932933579,6.384245767242809e-05,51.59999999999958,360.0,310.690837625427,310.6714500808692
65650.0,6799950.634455613,6.353245449252078e-05,51.59999999999956,360.0,311.0135292370756,310.9939205685196
65660.0,6799946.335969643,6.322043669596733e-05,51.599999999999554,360.0,311.33622273258004,311.3163898689811
65670.0,6799942.037474677,6.290641409135598e-05,51.59999999999966,360.0,311.6589182163607,311.6388578710411
65680.0,6799937.738969205,6.259039651124961e-05,51.599999999999646,360.0,311.9816158304998,311.9613244257927
65690.0,6799933.440451436,6.227239382926625e-05,51.59999999999961,360.0,312.304315744194,312.2837893571817
65700.0,6799929.141918649,6.195241590942655e-05,51.59999999999949,360.0,312.6270181983511,312.60625241745436
65710.0,6799924.843367153,6.163047261105013e-05,51.599999999999575,360.0,312.9497235060085,312.9287132867252
65720.0,6799920.544791107,6.130657368120794e-05,51.599999999999525,360.0,313.27243215199184,313.25117147330303
65730.0,6799916.246181113,6.098072865951265e-05,51.59999999999931,360.0,313.59514489302643,313.5736262135848
65740.0,6799911.9475203855,6.065294657760588e-05,51.59999999999946,360.0,313.9178630514182,313.8960761783923
65750.0,6799907.648774088,6.03232351323733e-05,51.5999999999995,360.0,314.2405893257966,314.2185186622407
65760.0,6799903.349848446,5.999159750703169e-05,51.59999999999941,360.0,314.5633308935784,314.54094648078615
65770.0,6799899.050243275,5.96580053547483e-05,51.5999999999995,360.0,314.8861256268715,314.8633217551043
65780.0,6799894.752814623,5.932269194569418e-05,51.59999999999951,360.0,315.208759264657,315.18585873926344
65790.0,6799890.455039618,5.898547014594734e-05,51.59999999999956,360.0,315.5314192045503,315.50837002878797
65800.0,6799886.156935448,5.86463524899253e-05,51.5999999999997,360.0,315.85410509464344,315.8308559687451
65810.0,6799881.858722593,5.8305366996939625e-05,51.59999999999993,360.0,316.1768005691171,316.1533329180227
65820.0,6799877.560454484,5.796252866858289e-05,51.600000000000065,360.0,316.4995017148933,316.4758047828218
65830.0,6799873.262152482,5.761785005071867e-05,51.6000000000001,360.0,316.8222069975464,316.7982730906989
65840.0,6799868.963827477,5.7271342924922583e-05,51.60000000000011,360.0,317.1449156579697,317.120738593876
65850.0,6799864.6654856885,5.6923018764691254e-05,51.600000000000115,360.0,317.467627277718,317.4432017039478
65860.0,6799860.367130972,5.657288891096113e-05,51.600000000000136,360.0,317.7903416186181,317.76566265221555
65870.0,6799856.068766058,5.622096467533939e-05,51.600000000000044,360.0,318.1130585223951,318.0881215901247
65880.0,6799851.770392767,5.586725735144193e-05,51.60000000000001,360.0,318.4357779022853,318.4105785975423
65890.0,6799847.472012417,5.551177825406486e-05,51.600000000000016,360.0,318.7584997040978,318.73303372186854
65900.0,6799843.173626194,5.515453874201944e-05,51.600000000000044,360.0,319.08122388509213,319.0554869989854
65910.0,6799838.875234822,5.479555019161975e-05,51.59999999999997,360.0,319.4039504406298,319.37793842671834
65920.0,6799834.576838985,5.443482403297229e-05,51.599999999999994,360.0,319.7266793698532,319.7003879991202
65930.0,6799830.278439268,5.407237174553317e-05,51.59999999999995,360.0,320.0494106740544,320.02283570807833
65940.0,6799825.980035983,5.370820483638622e-05,51.59999999999991,360.0,320.3721443849514,320.3452815151009
65950.0,6799821.6816296065,5.334233488504338e-05,51.59999999999986,360.0,320.69488051648227,320.6677253994797
65960.0,6799817.383220395,5.2974773505035046e-05,51.599999999999845,360.0,321.01761910505866,320.99016731805125
65970.0,6799813.084808661,5.2605532368331854e-05,51.599999999999966,360.0,321.340360182294,321.31260723245526
65980.0,6799808.786394565,5.223462318838664e-05,51.59999999999997,360.0,321.6631037890635,321.63504509510705
65990.0,6799804.487978375,5.18620577404969e-05,51.59999999999999,360.0,321.9858499710656,321.9574808535818
66000.0,6799800.189560355,5.1487847854072645e-05,51.600000000000016,360.0,322.30859876344374,322.27991446604267
66010.0,6799795.891140517,5.111200538682654e-05,51.59999999999991,360.0,322.6313502305239,322.6023458614714
66020.0,6799791.59271916,5.073454227219201e-05,51.59999999999985,360.0,322.9541044115991,322.924774993961
66030.0,6799787.294296357,5.0355470479721264e-05,51.5999999999999,360.0,323.27686136803817,323.24720179549314
66040.0,6799782.995872237,4.9974802030409133e-05,51.599999999999966,360.0,323.5996211619832,323.5696261973028
66050.0,6799778.69744695,4.959254900101928e-05,51.600000000000115,360.0,323.9223838514366,323.892048134811
66060.0,6799774.399020563,4.9208723512625754e-05,51.6000000000001,360.0,324.2451495021069,324.2144675357286
66070.0,6799770.100593233,4.882333773906817e-05,51.6000000000001,360.0,324.5679181802555,324.5368843272735
66080.0,6799765.802164992,4.8436403897799905e-05,51.600000000000016,360.0,324.89068996287494,324.85929842594675
66090.0,6799761.5037359325,4.804793425537874e-05,51.599999999999966,360.0,325.2134649219357,325.18170975323164
66100.0,6799757.205306206,4.76579411406362e-05,51.600000000000044,360.0,325.53624313481265,325.50411822531294
66110.0,6799752.90687583,4.726643691141835e-05,51.60000000000002,360.0,325.85902468268637,325.8265237546146
66120.0,6799748.608444921,4.687343398496923e-05,51.60000000000003,360.0,326.181809649939,326.1489262502944
66130.0,6799744.310013511,4.64789448193164e-05,51.60000000000005,360.0,326.5045981346661,326.4713256078494
66140.0,6799740.011581777,4.608298193065787e-05,51.60000000000017,360.0,326.82739021367155,326.793721744198
66150.0,6799735.71314968,4.56855578655219e-05,51.60000000000007,360.0,327.1501859880016,327.11611455186164
66160.0,6799731.414717263,4.5286685222077436e-05,51.60000000000011,360.0,327.47298556900967,327.438503913291
66170.0,6799727.116284656,4.488637665366353e-05,51.600000000000136,360.0,327.7957890512351,327.7608897276567
66180.0,6799722.81785191,4.448464485098324e-05,51.60000000000016,360.0,328.11859654583156,328.08327187757965
66190.0,6799718.519419068,4.408150255070312e-05,51.60000000000028,360.0,328.44140816920213,328.4056502404506
66200.0,6799714.220986171,4.367696253186723e-05,51.60000000000028,360.0,328.76422404476233,328.7280246866783
66210.0,6799709.922553251,4.3271037617987446e-05,51.60000000000023,360.0,329.08704429519145,329.0503950874815
66220.0,6799705.624120436,4.286374068680255e-05,51.60000000000024,360.0,329.40986904589175,329.3727613113598
66230.0,6799701.325687743,4.245508464938359e-05,51.60000000000023,360.0,329.7326984335947,329.6951232155533
66240.0,6799697.027255247,4.2045082462768874e-05,51.600000000000115,360.0,330.05553259922107,330.0174806530908
66250.0,6799692.728822909,4.163374711736707e-05,51.60000000000005,360.0,330.37837170046066,330.3398334603226
66260.0,6799688.430390893,4.122109166512141e-05,51.60000000000014,360.0,330.7012158796637,330.66218148897417
66270.0,6799684.131959183,4.080712918556533e-05,51.600000000000136,360.0,331.0240653064374,330.98452456349503
66280.0,6799679.833527809,4.039187279775742e-05,51.60000000000013,360.0,331.3469201524034,331.30686250642526
66290.0,6799675.535096771,3.997533566632014e-05,51.600000000000165,360.0,331.66978059899503,331.62919513050684
66300.0,6799671.236666193,3.955753100323447e-05,51.60000000000025,360.0,331.99264682554224,331.9515222506409
66310.0,6799666.938236041,3.9138472048643904e-05,51.60000000000023,360.0,332.3155190275576,332.2738436656213
66320.0,6799662.639806448,3.8718172096198916e-05,51.60000000000026,360.0,332.6383974111966,332.5961591635385
66330.0,6799658.341377397,3.829664446424925e-05,51.600000000000186,360.0,332.9612821848683,332.91846853034724
66340.0,6799654.042948891,3.7873902515700264e-05,51.60000000000022,360.0,333.2841735856385,333.24077152337685
66350.0,6799649.744520984,3.744995965297131e-05,51.60000000000023,360.0,333.60707183841987,333.5630679122164
66360.0,6799645.446093755,3.702482932156839e-05,51.60000000000017,360.0,333.9299771952967,333.88535743922
66370.0,6799641.14766717,3.6598524995327834e-05,51.60000000000011,360.0,334.2528899213612,334.207639833853
66380.0,6799636.849241324,3.6171060190966004e-05,51.60000000000011,360.0,334.5758102794928,334.5299148277866
66390.0,6799632.5508162035,3.574244846025018e-05,51.60000000000005,360.0,334.8987385696096,334.85218211573994
66400.0,6799628.2523918105,3.531270338755265e-05,51.60000000000005,360.0,335.221675092551,335.174441391594
66410.0,6799623.953968223,3.488183859710717e-05,51.60000000000007,360.0,335.5446201605468,335.4966923378137
66420.0,6799619.6555454135,3.4449867747644215e-05,51.600000000000044,360.0,335.86757412228627,335.8189346005146
66430.0,6799615.357123454,3.4016804537862025e-05,51.600000000000065,360.0,336.19053732429154,336.1411678280232
66440.0,6799611.058702376,3.3582662695359415e-05,51.600000000000044,360.0,336.5135101366398,336.46339164511045
66450.0,6799606.760282121,3.314745597776919e-05,51.600000000000065,360.0,336.8364929704317,336.78560563564145
66460.0,6799602.461862884,3.271119819591935e-05,51.60000000000011,360.0,337.159486221764,337.1078093984677
66470.0,6799598.163444522,3.227390316572133e-05,51.60000000000008,360.0,337.48249035251695,337.4300024667965
66480.0,6799593.865027083,3.183558475382344e-05,51.60000000000017,360.0,337.805505830479,337.7521843679021
66490.0,6799589.56661051,3.13962568468237e-05,51.60000000000007,360.0,338.1285331576508,338.0743545949434
66500.0,6799585.2681949325,3.0955933383987475e-05,51.60000000000005,360.0,338.4515728469619,338.3965126301954
66510.0,6799580.969780351,3.051462832359617e-05,51.599999999999994,360.0,338.77462546397106,338.7186579033722
66520.0,6799576.671366714,3.0072355642764393e-05,51.600000000000044,360.0,339.0976915906399,339.0407898278025
66530.0,6799572.372954026,2.9629129367937224e-05,51.60000000000005,360.0,339.42077187549376,339.3629077503508
66540.0,6799568.074542413,2.9184963555621353e-05,51.6000000000001,360.0,339.7438669649441,339.6850110200283
66550.0,6799563.776131749,2.8739872275163687e-05,51.600000000000016,360.0,340.0669775948504,340.0070988965191
66560.0,6799559.47772207,2.8293869636976473e-05,51.599999999999966,360.0,340.3901045177905,340.32917062272037
66570.0,6799555.17931341,2.7846969786214902e-05,51.59999999999999,360.0,340.7132485531938,340.65122537487997
66580.0,6799550.880905702,2.739918688025983e-05,51.599999999999994,360.0,341.03641057127857,340.9732622784286
66590.0,6799546.582498974,2.6950535111041054e-05,51.599999999999866,360.0,341.3595914886728,341.2952804124906
66600.0,6799542.284093242,2.650102870499733e-05,51.599999999999866,360.0,341.68279230389203,341.6172787742989
66610.0,6799537.985688433,2.6050681902009894e-05,51.59999999999981,360.0,342.00601408263327,341.9392562940356
66620.0,6799533.687284605,2.5599508988967947e-05,51.599999999999866,360.0,342.3292579690845,342.2612118234044
66630.0,6799529.388881692,2.5147524254122364e-05,51.59999999999987,360.0,342.6525251834893,342.583144138153
66640.0,6799525.090479675,2.4694742025570936e-05,51.599999999999966,360.0,342.9758170641253,342.9050518960897
66650.0,6799520.792078528,2.424117665314787e-05,51.599999999999994,360.0,343.2991350286679,343.2269336755772
66660.0,6799516.493678287,2.3786842519084137e-05,51.599999999999994,360.0,343.6224806018109,343.5487879481317
66670.0,6799512.195278792,2.333175400763346e-05,51.59999999999999,360.0,343.94585545173146,343.8706130417732
66680.0,6799507.8968800595,2.2875925545831244e-05,51.59999999999991,360.0,344.2692613794736,344.1924071518038
66690.0,6799503.598482147,2.2419371590311645e-05,51.59999999999994,360.0,344.5927003104785,344.5141683491237
66700.0,6799499.300084888,2.19621065959383e-05,51.60000000000007,360.0,344.9161743783468,344.8358944965684
66710.0,6799495.001688252,2.1504145050933944e-05,51.600000000000016,360.0,345.2396858594616,345.15758331425485
66720.0,6799490.703292207,2.104550147323342e-05,51.60000000000023,360.0,345.5632372652364,345.4792322873271
66730.0,6799486.404896695,2.058619039601564e-05,51.60000000000013,360.0,345.88683132137174,345.8008386867176
66740.0,6799482.106501639,2.0126226367046273e-05,51.60000000000011,360.0,346.210471008996,346.1223995280117
66750.0,6799477.808106913,1.966562395699891e-05,51.59999999999992,360.0,346.5341596081644,346.4439115279164
66760.0,6799473.509712476,1.9204397761607388e-05,51.59999999999996,360.0,346.8579007016098,346.7653711005127
66770.0,6799469.21131823,1.8742562392620986e-05,51.600000000000044,360.0,347.18169824551177,347.0867742865576
66780.0,6799464.912924045,1.8280132474530316e-05,51.60000000000011,360.0,347.50555659469205,347.4081167281679
66790.0,6799460.6145298015,1.781712265700714e-05,51.60000000000016,360.0,347.8294805657949,347.72939360577516
66800.0,6799456.316135421,1.735354760682043e-05,51.60000000000014,360.0,348.153475492804,348.0505995825087
66810.0,6799452.017740779,1.688942200743853e-05,51.60000000000011,360.0,348.47754732186894,348.37172870939287
66820.0,6799447.719345626,1.642476054520596e-05,51.60000000000001,360.0,348.80170267917345,348.6927743575527
66830.0,6799443.420949857,1.5959577940699754e-05,51.59999999999999,360.0,349.1259489614506,349.0137291275234
66840.0,6799439.1225532,1.5493888911414646e-05,51.59999999999997,360.0,349.4502944806551,349.3345847047528
66850.0,6799434.824155619,1.502770821389947e-05,51.59999999999992,360.0,349.77474855128645,349.6553317722117
66860.0,6799430.525756766,1.4561050588657764e-05,51.600000000000044,360.0,350.0993217430466,349.97595975776716
66870.0,6799426.227356397,1.4093930811165177e-05,51.60000000000001,360.0,350.42402604337656,350.29645667158974
66880.0,6799421.928954177,1.3626363650014682e-05,51.600000000000044,360.0,350.7488750739477,350.61680888971915
66890.0,6799417.6305499235,1.3158363905919741e-05,51.600000000000044,360.0,351.0738844076616,350.9370008369942
66900.0,6799413.332143133,1.2689946366529299e-05,51.59999999999999,360.0,351.3990719720147,351.257014583739
66910.0,6799409.0337335365,1.2221125850740177e-05,51.600000000000016,360.0,351.7244584311214,351.5768294637637
66920.0,6799404.735320615,1.1751917170595202e-05,51.59999999999995,360.0,352.0500678113302,351.8964214487086
66930.0,6799400.436903937,1.128233515305061e-05,51.599999999999994,360.0,352.37592812661103,352.21576252266834
66940.0,6799396.138482782,1.0812394613660902e-05,51.59999999999996,360.0,352.7020723303372,352.53481973038316
66950.0,6799391.840056676,1.0342110398250212e-05,51.5999999999999,360.0,353.0285393605446,352.8535541320326
66960.0,6799387.541624767,9.871497329332517e-06,51.59999999999997,360.0,353.3553756644622,353.17191927866503
66970.0,6799383.2431862345,9.400570246058293e-06,51.60000000000002,360.0,353.6826370185851,353.48985939217044
66980.0,6799378.9447400505,8.929343968789382e-06,51.59999999999992,360.0,354.0103910327047,353.8073068611739
66990.0,6799374.646285077,8.457833325394028e-06,51.59999999999994,360.0,354.3387204555803,354.1241789354198
67000.0,6799370.347820007,7.986053131544982e-06,51.59999999999999,360.0,354.66772764628683,354.44037325443037
67010.0,6799366.049343221,7.5140181826176815e-06,51.600000000000016,360.0,354.9975407876237,354.7557616340436
67020.0,6799361.750852768,7.041743249937864e-06,51.6000000000001,360.0,355.3283225383694,355.07018141423276
67030.0,6799357.452346308,6.569243078052964e-06,51.600000000000165,360.0,355.66028249498345,355.38342299735774
67040.0,6799353.153821009,6.09653237157431e-06,51.60000000000023,360.0,355.99369537963366,355.69521166015244
67050.0,6799348.855273394,5.623625779816988e-06,51.60000000000023,360.0,356.3289285167001,356.0051800771727
67060.0,6799344.556698835,5.150537862738243e-06,51.6000000000001,360.0,356.66648444197676,356.3128257116613
67070.0,6799340.258091654,4.6772830829859255e-06,51.60000000000007,360.0,357.0070693510169,356.61744236722393
67080.0,6799335.959444127,4.203875735582412e-06,51.599999999999866,360.0,357.35170795766663,356.9180053291978
67090.0,6799331.660745853,3.73032989783551e-06,51.59999999999988,360.0,357.7019458562173,357.2129690025591
67100.0,6799327.361982302,3.2566593171397357e-06,51.60000000000002,360.0,358.06022861693214,357.49988781642514
67110.0,6799323.063131809,2.782877196566255e-06,51.60000000000011,360.0,358.4306685123351,357.7746494976376
67120.0,6799318.764160686,2.3089958826663574e-06,51.600000000000165,360.0,358.82075570254915,358.0297638856475
67130.0,6799314.46501187,1.83502622759123e-06,51.60000000000013,360.0,359.24572303236005,358.2499981351969
67140.0,6799310.16557665,1.3609763510333596e-06,51.600000000000165,360.0,359.7420366656076,358.3988860821447
67150.0,6799305.8656040905,8.86849561616884e-07,51.60000000000025,360.0,0.4241822177512639,358.36194211074485
67160.0,6799301.564240357,4.1265611945147803e-07,51.600000000000136,360.0,1.9332555438819647,357.4980703657477
67170.0,6799297.276612297,6.258423136288729e-08,51.59999999999999,360.0,165.24636220658923,194.83016528440555
67180.0,6799292.987905647,5.337240042909647e-07,51.59999999999996,360.0,178.64553217610353,182.07619689652094
67190.0,6799288.6924006045,1.0073195187484702e-06,51.59999999999991,360.0,179.77500856628447,181.5919220882624
67200.0,6799284.395848287,1.4810710002010282e-06,51.59999999999999,360.0,180.38849032615033,181.62364191071214
67210.0,6799280.098847841,1.95484502594549e-06,51.59999999999999,360.0,180.86102043520157,181.79631338461644
67220.0,6799275.801598081,2.4285931411556672e-06,51.59999999999995,360.0,181.27507555988404,182.02745984375002
67230.0,6799271.504189813,2.9022863182671036e-06,51.600000000000044,360.0,181.65928812754348,182.28844886117125
67240.0,6799267.206672335,3.375902352421559e-06,51.6000000000002,360.0,182.0262202605142,182.56671831495385
67250.0,6799262.90907531,3.849422064552188e-06,51.600000000000286,360.0,182.38225093315188,182.85588923130157
67260.0,6799258.611417978,4.322827820774814e-06,51.60000000000022,360.0,182.73096336759897,183.15237838863928
67270.0,6799254.313713585,4.79610285000151e-06,51.60000000000043,360.0,183.07452542210976,183.4540179293712
67280.0,6799250.015971659,5.2692309024602235e-06,51.600000000000534,360.0,183.41432561682822,183.75941933408606
67290.0,6799245.718199234,5.742196077307509e-06,51.60000000000064,360.0,183.75129447676815,184.06765207862875
67300.0,6799241.420401613,6.214982699654535e-06,51.60000000000067,360.0,184.08607899340782,184.37806917240042
67310.0,6799237.1225829115,6.687575267171763e-06,51.6000000000006,360.0,184.41914296448516,184.6902068186145
67320.0,6799232.824746533,7.159958372834799e-06,51.60000000000066,360.0,184.75082754402075,185.00372386433403
67330.0,6799228.526895107,7.632116715215428e-06,51.60000000000064,360.0,185.08138928350422,185.3183637591855
67340.0,6799224.2290307805,8.104035061210626e-06,51.60000000000068,360.0,185.41102482035558,185.63392986696044
67350.0,6799219.931155365,8.575698227917187e-06,51.600000000000875,360.0,185.7398874026585,185.95026894083992
67360.0,6799215.633270381,9.047091079096027e-06,51.60000000000086,360.0,186.06809822635407,186.26725978625586
67370.0,6799211.335377086,9.51819851602425e-06,51.60000000000082,360.0,186.39575441910003,186.58480527698975
67380.0,6799207.037476695,9.989005459795905e-06,51.60000000000085,360.0,186.72293469816302,186.90282669725605
67390.0,6799202.739569986,1.0459496888284976e-05,51.60000000000092,360.0,187.04970358497488,187.22125952721552
67400.0,6799198.4416578775,1.0929657779972555e-05,51.60000000000106,360.0,187.37611441210893,187.54005043597488
67410.0,6799194.143741019,1.139947314856086e-05,51.60000000000106,360.0,187.70221168804596,187.85915491676323
67420.0,6799189.845820087,1.1868928019665546e-05,51.60000000000095,360.0,188.02803284021434,188.17853554402024
67430.0,6799185.547895603,1.2338007449696829e-05,51.60000000000082,360.0,188.3536095581562,188.4981606300165
67440.0,6799181.249968021,1.2806696512525817e-05,51.60000000000072,360.0,188.67896888223817,188.81800313639772
67450.0,6799176.952037732,1.3274980304022538e-05,51.60000000000078,360.0,189.00413397789433,189.13803989971558
67460.0,6799172.654105173,1.3742843930508406e-05,51.60000000000075,360.0,189.32912482983616,189.458250937383
67470.0,6799168.356170661,1.4210272516614944e-05,51.600000000000634,360.0,189.65395880256614,189.77861888709063
67480.0,6799164.058234447,1.467725121716011e-05,51.60000000000063,360.0,189.97865100642733,190.099128640739
67490.0,6799159.760296872,1.5143765183657338e-05,51.6000000000006,360.0,190.30321467658896,190.41976696550722
67500.0,6799155.462358207,1.560979959868696e-05,51.60000000000053,360.0,190.62766143867026,190.74052223816238
67510.0,6799151.164418606,1.6075339668869672e-05,51.600000000000456,360.0,190.9520015768641,191.0613841769563
67520.0,6799146.866478296,1.6540370605423097e-05,51.60000000000057,360.0,191.27624419255875,191.38234368308525
67530.0,6799142.5685374215,1.7004877649592434e-05,51.60000000000051,360.0,191.60039738690995,191.70339265801132
67540.0,6799138.270596138,1.7468846058442146e-05,51.60000000000049,360.0,191.92446838842093,192.02452387590583
67550.0,6799133.972654646,1.7932261098456526e-05,51.60000000000038,360.0,192.248463654862,192.3457308817765
67560.0,6799129.674713088,1.8395108063254785e-05,51.60000000000042,360.0,192.57238898968782,192.6670078749569
67570.0,6799125.376771559,1.8857372264021268e-05,51.6000000000005,360.0,192.8962496343786,192.98834961690304
67580.0,6799121.078830164,1.9319039035408118e-05,51.600000000000605,360.0,193.2200503051137,193.30975139441472
67590.0,6799116.780889003,1.9780093726700656e-05,51.600000000000705,360.0,193.5437952680457,193.63120894433476
67600.0,6799112.482948214,2.024052170894505e-05,51.600000000000804,360.0,193.8674884023295,193.95271839065586
67610.0,6799108.185007781,2.070030838320756e-05,51.60000000000085,360.0,194.19113324171116,194.27427620283092
67620.0,6799103.887067822,2.1159439157656958e-05,51.60000000000081,360.0,194.51473300027467,194.595879169955
67630.0,6799099.589128449,2.1617899468034346e-05,51.600000000000726,360.0,194.83829059910974,194.91752437432376
67640.0,6799095.291189631,2.207567477671881e-05,51.60000000000072,360.0,195.16180874047566,195.2392091170166
67650.0,6799090.993251474,2.2532750562381856e-05,51.60000000000057,360.0,195.48528987969678,195.56093094619985
67660.0,6799086.695314065,2.298911232160553e-05,51.60000000000058,360.0,195.80873627659878,195.88268760554448
67670.0,6799082.397377424,2.3444745583303407e-05,51.60000000000053,360.0,196.13215001653987,196.20447701327262
67680.0,6799078.099441569,2.3899635898377252e-05,51.60000000000057,360.0,196.45553302356822,196.52629724898338
67690.0,6799073.801506561,2.4353768841870193e-05,51.60000000000052,360.0,196.77888705752864,196.84814655657718
67700.0,6799069.503572433,2.480713000848057e-05,51.60000000000055,360.0,197.10221376836998,197.17002328985865
67710.0,6799065.205639153,2.5259705025829943e-05,51.60000000000063,360.0,197.42551468570892,197.49192592306272
67720.0,6799060.907706813,2.5711479542012797e-05,51.60000000000057,360.0,197.74879119579953,197.81385307384747
67730.0,6799056.609775363,2.616243923361578e-05,51.600000000000485,360.0,198.07204463097673,198.13580341385915
67740.0,6799052.311844892,2.6612569790546992e-05,51.60000000000043,360.0,198.39527619719343,198.45777574117912
67750.0,6799048.013915323,2.7061856954322506e-05,51.60000000000046,360.0,198.71848703071163,198.77976892362875
67760.0,6799043.715986768,2.751028646664073e-05,51.600000000000485,360.0,199.04167818468514,199.10178191223267
67770.0,6799039.418059154,2.7957844113810032e-05,51.6000000000005,360.0,199.36485066312156,199.42381370720042
67780.0,6799035.120132506,2.8404515707576728e-05,51.6000000000004,360.0,199.68800536438133,199.74586341446602
67790.0,6799030.822206824,2.8850287081354985e-05,51.60000000000034,360.0,200.01114316912467,200.06793015770603
67800.0,6799026.524282121,2.929514410346173e-05,51.60000000000044,360.0,200.33426488441705,200.39001313424407
67810.0,6799022.226358435,2.9739072665652437e-05,51.600000000000485,360.0,200.6573712515246,200.71211160731514
67820.0,6799017.928435673,3.018205870173853e-05,51.60000000000049,360.0,200.9804629986065,201.03422485324626
67830.0,6799013.630513895,3.062408815917362e-05,51.600000000000406,360.0,201.30354079148984,201.35635221080167
67840.0,6799009.332593077,3.106514702386169e-05,51.600000000000534,360.0,201.62660526980596,201.67849304497895
67850.0,6799005.034673184,3.1505221313842826e-05,51.6000000000005,360.0,201.94965702443866,202.00064676962762
67860.0,6799000.736754242,3.194429707721018e-05,51.60000000000047,360.0,202.27269659904863,202.32281284579983
67870.0,6798996.438836229,3.238236039499079e-05,51.600000000000556,360.0,202.59572452754563,202.64499074439644
67880.0,6798992.1409190735,3.2819397382283016e-05,51.60000000000051,360.0,202.91874131984872,202.96717996035835
67890.0,6798987.843002792,3.3255394178049575e-05,51.60000000000061,360.0,203.24174744422248,203.28938003036953
67900.0,6798983.545087383,3.369033696426961e-05,51.600000000000584,360.0,203.56474333808515,203.6115905219833
67910.0,6798979.247172793,3.412421194683624e-05,51.600000000000605,360.0,203.88772942874814,203.93381101286377
67920.0,6798974.94925902,3.4557005377049915e-05,51.60000000000065,360.0,204.2107061099141,204.25604111443428
67930.0,6798970.651346015,3.498870353267066e-05,51.60000000000065,360.0,204.5336737669879,204.5782804463984
67940.0,6798966.353433806,3.541929272512782e-05,51.600000000000605,360.0,204.85663274672072,204.90052866719944
67950.0,6798962.055522284,3.58487593122754e-05,51.600000000000556,360.0,205.1795834015003,205.22278542966387
67960.0,6798957.7576115215,3.6277089667210104e-05,51.600000000000605,360.0,205.5025260470404,205.54505042334475
67970.0,6798953.459701379,3.670427022149759e-05,51.60000000000055,360.0,205.82546100422218,205.86732333274819
67980.0,6798949.161791923,3.7130287428402e-05,51.60000000000054,360.0,206.14838855168708,206.1896038845624
67990.0,6798944.863883066,3.755512778530739e-05,51.60000000000059,360.0,206.4713089739525,206.51189179972678
68000.0,6798940.565974762,3.797877782383795e-05,51.600000000000534,360.0,206.7942225426281,206.8341868120976
68010.0,6798936.268067046,3.840122410910088e-05,51.600000000000485,360.0,207.11712949628838,207.15648868864224
68020.0,6798931.9701598,3.8822453256428065e-05,51.6000000000006,360.0,207.44003009206355,207.47879717778568
68030.0,6798927.672253001,3.924245191259959e-05,51.60000000000067,360.0,207.76292455245402,207.80111206261785
68040.0,6798923.374346652,3.966120675855424e-05,51.60000000000072,360.0,208.08581309714282,208.12343312912157
68050.0,6798919.076440705,4.0078704520832574e-05,51.60000000000072,360.0,208.40869593442554,208.44576017472218
68060.0,6798914.778535049,4.049493197107691e-05,51.60000000000078,360.0,208.7315732773335,208.76809299212064
68070.0,6798910.480629764,4.090987590326014e-05,51.600000000000755,360.0,209.0544453039624,209.0904314090136
68080.0,6798906.18272469,4.1323523176969396e-05,51.600000000000726,360.0,209.3773122103103,209.41277523523718
68090.0,6798901.88481982,4.173586067406177e-05,51.600000000000726,360.0,209.7001741690125,209.73512430399978
68100.0,6798897.586915099,4.2146875323316304e-05,51.60000000000072,360.0,210.02303134740117,210.05747845392398
68110.0,6798893.289010456,4.255655410105497e-05,51.600000000000655,360.0,210.3458839076809,210.37983752870684
68120.0,6798888.991105889,4.296488401296479e-05,51.60000000000065,360.0,210.66873201068745,210.70220137355076
68130.0,6798884.693201271,4.337185212415539e-05,51.600000000000584,360.0,210.99157580350897,211.02456984734613
68140.0,6798880.39529659,4.377744553070901e-05,51.60000000000054,360.0,211.31441543019702,211.3469428121478
68150.0,6798876.097391804,4.4181651374950894e-05,51.600000000000456,360.0,211.637251026529,211.66932013826195
68160.0,6798871.799486872,4.458445684180705e-05,51.600000000000286,360.0,211.96008271827338,211.99170170604836
68170.0,6798867.501581724,4.49858491653055e-05,51.60000000000024,360.0,212.28291064158128,212.31408738553912
68180.0,6798863.203676237,4.53858156266996e-05,51.600000000000286,360.0,212.60573492281912,212.63647705656706
68190.0,6798858.905770373,4.578434354508381e-05,51.600000000000165,360.0,212.92855567805225,212.95887060931503
68200.0,6798854.607864054,4.618142028975309e-05,51.60000000000016,360.0,213.2513730260468,213.28126793124275
68210.0,6798850.309957243,4.657703327210827e-05,51.60000000000019,360.0,213.57418706951609,213.60366892600425
68220.0,6798846.012049815,4.697116995950504e-05,51.60000000000022,360.0,213.89699792070155,213.92607348766904
68230.0,6798841.71414168,4.7363817858445444e-05,51.60000000000017,360.0,214.21980567799744,214.24848152418497
68240.0,6798837.4162328625,4.7754964514911e-05,51.60000000000021,360.0,214.54261044054925,214.57089294281351
68250.0,6798833.118323146,4.814459754265236e-05,51.600000000000165,360.0,214.8654123103087,214.89330764802085
68260.0,6798828.820412388,4.8532704599814335e-05,51.6000000000002,360.0,215.18821138694233,215.215725546597
68270.0,6798824.522500629,4.891927337407885e-05,51.60000000000022,360.0,215.51100775075497,215.53814656471533
68280.0,6798820.224587707,4.930429161697545e-05,51.60000000000028,360.0,215.83380149153314,215.86057061910086
68290.0,6798815.92667342,4.968774713845436e-05,51.60000000000025,360.0,216.15659270374275,216.18299762180314
68300.0,6798811.628757781,5.0069627774741314e-05,51.60000000000034,360.0,216.47938145940432,216.50542750733885
68310.0,6798807.330840507,5.0449921440915097e-05,51.60000000000044,360.0,216.80216785493107,216.82786018590355
68320.0,6798803.032921551,5.082861607656775e-05,51.600000000000335,360.0,217.12495195932325,217.1502955950314
68330.0,6798798.73500075,5.120569968760724e-05,51.6000000000004,360.0,217.44773385081268,217.4727336631605
68340.0,6798794.437077879,5.1581160332228816e-05,51.600000000000364,360.0,217.77051361345517,217.79517431287442
68350.0,6798790.139152789,5.195498611540926e-05,51.60000000000043,360.0,218.09329132004447,218.11761747804064
68360.0,6798785.841225196,5.232716520483826e-05,51.600000000000286,360.0,218.4160670489969,218.44006308691596
68370.0,6798781.543294857,5.269768581700474e-05,51.60000000000021,360.0,218.73884088092166,218.76251106557064
68380.0,6798777.245361604,5.3066536213707364e-05,51.600000000000136,360.0,219.06161288019283,219.08496135634462
68390.0,6798772.947425026,5.343370473004708e-05,51.60000000000019,360.0,219.38438313138198,219.4074138814275
68400.0,6798768.649484832,5.3799179743270545e-05,51.60000000000025,360.0,219.70715170539424,219.72986857667055
68410.0,6798764.351540482,5.416294970671682e-05,51.60000000000032,360.0,220.02991869608027,220.05232535495782
68420.0,6798760.053591583,5.452500311505806e-05,51.60000000000046,360.0,220.3526841788604,220.37478414767327
68430.0,6798755.755637379,5.4885328546188316e-05,51.60000000000049,360.0,220.67544825671283,220.6972448586109
68440.0,6798751.457677221,5.5243914622247574e-05,51.600000000000406,360.0,220.99821101920776,221.01970740501253
68450.0,6798747.159710179,5.560075004517908e-05,51.60000000000035,360.0,221.3209725790455,221.34217168101046
68460.0,6798742.861735105,5.5955823590605717e-05,51.60000000000024,360.0,221.64373306307937,221.66463756654264
68470.0,6798738.563750558,5.6309124109764884e-05,51.600000000000186,360.0,221.96649261433276,221.9871049254651
68480.0,6798734.2657544445,5.666064056441133e-05,51.600000000000165,360.0,222.28925142358977,222.30957357380257
68490.0,6798729.967744075,5.701036201967963e-05,51.60000000000005,360.0,222.61200972432002,222.63204328497181
68500.0,6798725.669715621,5.735827768817608e-05,51.600000000000044,360.0,222.93476783229477,222.95451375002685
68510.0,6798721.371663035,5.770437701315759e-05,51.599999999999895,360.0,223.25752622235342,223.27698450103384
68520.0,6798717.073576889,5.8048649762733714e-05,51.59999999999984,360.0,223.5802856167811,223.59945482256356
68530.0,6798712.77543992,5.83910863809701e-05,51.59999999999985,360.0,223.90304731563614,223.92192342144446
68540.0,6798708.477216884,5.87316787824227e-05,51.59999999999976,360.0,224.22581394801705,224.24438767545422
68550.0,6798704.17881195,5.907042368886649e-05,51.599999999999724,360.0,224.54859264025458,224.56684046514115
68560.0,6798699.879701945,5.940735131042647e-05,51.599999999999724,360.0,224.87142242293703,224.88924276682593
68570.0,6798695.582313289,5.9742261842603885e-05,51.59999999999966,360.0,225.194120772595,225.2117771108419
68580.0,6798691.285051623,6.007526793826496e-05,51.59999999999963,360.0,225.5168095511538,225.5343216421843
68590.0,6798686.98746969,6.040639433615737e-05,51.59999999999966,360.0,225.8395216281248,225.8568434981721
68600.0,6798682.689780484,6.073561400073348e-05,51.599999999999675,360.0,226.16224088003497,226.17935880922028
68610.0,6798678.392036204,6.106291244827515e-05,51.59999999999972,360.0,226.4849633480536,226.5018715410246
68620.0,6798674.094257907,6.138827767299799e-05,51.59999999999973,360.0,226.807687442823,226.82438328981831
68630.0,6798669.796456196,6.171169853492164e-05,51.5999999999996,360.0,227.13041236845683,227.1468948583586
68640.0,6798665.498637201,6.203316430466598e-05,51.59999999999957,360.0,227.45313767523047,227.46940670325966
68650.0,6798661.2008046275,6.235266450110013e-05,51.5999999999996,360.0,227.7758630989038,227.79191909561655
68660.0,6798656.902961069,6.267018878556156e-05,51.599999999999554,360.0,228.0985884567787,228.1144322249943
68670.0,6798652.605108412,6.298572694369622e-05,51.59999999999944,360.0,228.4213136239042,228.43694622320433
68680.0,6798648.307247738,6.329926887975275e-05,51.599999999999454,360.0,228.74403853558067,228.75946116179324
68690.0,6798644.009380123,6.361080456529063e-05,51.59999999999947,360.0,229.06676312922804,229.08197711017755
68700.0,6798639.71150616,6.39203240724391e-05,51.599999999999454,360.0,229.38948737848023,229.40449410151606
68710.0,6798635.413626551,6.422781752541465e-05,51.59999999999943,360.0,229.71221124658248,229.72701217942063
68720.0,6798631.115741714,6.453327513482231e-05,51.59999999999947,360.0,230.0349347204399,230.04953136377688
68730.0,6798626.817851947,6.483668718701943e-05,51.5999999999994,360.0,230.3576577938208,230.37205166760663
68740.0,6798622.519957523,6.513804403348611e-05,51.59999999999932,360.0,230.6803804644611,230.69457309992723
68750.0,6798618.222058757,6.543733608951896e-05,51.59999999999934,360.0,231.00310272633953,231.01709567356548
68760.0,6798613.924155688,6.573455385326522e-05,51.59999999999928,360.0,231.32582459298465,231.33961938171888
68770.0,6798609.626248609,6.602968787429336e-05,51.59999999999932,360.0,231.64854605838738,231.6621442370879
68780.0,6798605.328337644,6.632272877541087e-05,51.599999999999284,360.0,231.97126713000304,231.98467023897774
68790.0,6798601.0304227425,6.66136672604175e-05,51.599999999999255,360.0,232.29398782770264,232.30719737420094
68800.0,6798596.732504047,6.690249408710607e-05,51.599999999999376,360.0,232.61670815577324,232.62972564515098
68810.0,6798592.434581623,6.718920008600931e-05,51.59999999999945,360.0,232.93942812378285,232.95225504891087
68820.0,6798588.136655543,6.747377615031121e-05,51.59999999999944,360.0,233.2621477426519,233.2747855812242
68830.0,6798583.838725916,6.775621323915629e-05,51.59999999999947,360.0,233.58486701914396,233.59731724188313
68840.0,6798579.540792664,6.803650239639938e-05,51.59999999999945,360.0,233.90758597273498,233.91985001803823
68850.0,6798575.242855886,6.83146347195771e-05,51.599999999999454,360.0,234.2303046111345,234.24238390858082
68860.0,6798570.944915599,6.859060137743948e-05,51.59999999999937,360.0,234.55302294603212,234.5649189083408
68870.0,6798566.646971854,6.886439360866523e-05,51.59999999999932,360.0,234.8757409878651,234.88745501339764
68880.0,6798562.349024644,6.913600272752282e-05,51.59999999999941,360.0,235.19845875041406,235.20999221650789
68890.0,6798558.051073835,6.940542011738567e-05,51.59999999999951,360.0,235.52117625768372,235.53253050008786
68900.0,6798553.7531195255,6.967263722202332e-05,51.59999999999955,360.0,235.84389351249146,235.85506986777673
68910.0,6798549.455161733,6.993764555354899e-05,51.59999999999945,360.0,236.16661052751977,236.17761031332458
68920.0,6798545.157200441,7.02004367041853e-05,51.59999999999933,360.0,236.48932731614673,236.50015182972376
68930.0,6798540.859235664,7.04610023341245e-05,51.5999999999995,360.0,236.81204389095382,236.82269441076008
68940.0,6798536.561267306,7.07193341717751e-05,51.599999999999376,360.0,237.13476026910928,237.14523804563166
68950.0,6798532.263295379,7.097542402114669e-05,51.59999999999947,360.0,237.45747646322954,237.46778272798696
68960.0,6798527.965319916,7.122926374912667e-05,51.599999999999525,360.0,237.7801924786561,237.79032845871245
68970.0,6798523.667340967,7.148084528999977e-05,51.5999999999995,360.0,238.10290832493178,238.1128752345659
68980.0,6798519.369358451,7.173016066747079e-05,51.59999999999964,360.0,238.42562401935973,238.43542304437878
68990.0,6798515.071372273,7.197720196829713e-05,51.59999999999966,360.0,238.74833958001392,238.75797187629905
69000.0,6798510.773382462,7.222196134819331e-05,51.59999999999963,360.0,239.07105501402637,239.08052172930363
69010.0,6798506.475389035,7.246443103542232e-05,51.599999999999596,360.0,239.39377033080112,239.40307260007287
69020.0,6798502.177391945,7.270460333765081e-05,51.599999999999596,360.0,239.71648554343992,239.72562448159073
69030.0,6798497.879391193,7.294247062459623e-05,51.59999999999962,360.0,240.03920066356346,240.04817736822707
69040.0,6798493.5813867,7.317802534773782e-05,51.59999999999958,360.0,240.36191570479644,240.37073125233744
69050.0,6798489.283378486,7.341126002884961e-05,51.5999999999995,360.0,240.6846306762581,240.69328613075862
69060.0,6798484.985366589,7.364216725804723e-05,51.5999999999995,360.0,241.0073455841327,241.01584200319283
69070.0,6798480.687350959,7.387073970639908e-05,51.59999999999961,360.0,241.33006044185436,241.33839886210657
69080.0,6798476.389331482,7.409697012493009e-05,51.599999999999554,360.0,241.65277526389616,241.66095669882318
69090.0,6798472.091308206,7.432085132147818e-05,51.599999999999525,360.0,241.97549006034296,241.9835155090431
69100.0,6798467.793281097,7.454237619326323e-05,51.59999999999964,360.0,242.29820483910322,242.30607529062445
69110.0,6798463.495250157,7.476153770457741e-05,51.599999999999646,360.0,242.6209196082583,242.62863604115387
69120.0,6798459.19721536,7.497832889311618e-05,51.59999999999974,360.0,242.94363438027207,242.9511977537727
69130.0,6798454.899176681,7.519274287569249e-05,51.59999999999976,360.0,243.2663491636986,243.27376042559516
69140.0,6798450.601134039,7.540477284946014e-05,51.5999999999997,360.0,243.58906397262894,243.59632404809932
69150.0,6798446.303087536,7.561441206937882e-05,51.599999999999646,360.0,243.91177880855105,243.91888862528907
69160.0,6798442.005037041,7.582165388871092e-05,51.5999999999997,360.0,244.23449368948732,244.2414541446003
69170.0,6798437.706982591,7.602649172166433e-05,51.599999999999724,360.0,244.5572086181323,244.5640206087528
69180.0,6798433.408924152,7.622891906119996e-05,51.59999999999979,360.0,244.8799236048811,244.88658801274414
69190.0,6798429.11086168,7.642892948046179e-05,51.599999999999845,360.0,245.20263866148883,245.2091563501425
69200.0,6798424.8127952395,7.662651661965811e-05,51.5999999999998,360.0,245.52535379177732,245.53172562239163
69210.0,6798420.5147247715,7.682167420984717e-05,51.59999999999978,360.0,245.84806900459242,245.85429582586215
69220.0,6798416.2166501945,7.701439605470996e-05,51.5999999999997,360.0,246.1707843124194,246.17686695327689
69230.0,6798411.9185716035,7.720467602119852e-05,51.59999999999969,360.0,246.49349971808712,246.49943900689584
69240.0,6798407.620488904,7.739250807483765e-05,51.59999999999974,360.0,246.81621523480374,246.82201197857796
69250.0,6798403.32240217,7.757788624159996e-05,51.599999999999774,360.0,247.138930861117,247.14458587478381
69260.0,6798399.02431133,7.776080463505837e-05,51.599999999999845,360.0,247.46164661142691,247.46716068609277
69270.0,6798394.726216316,7.794125744343566e-05,51.59999999999982,360.0,247.7843624974869,247.78973640567153
69280.0,6798390.428117263,7.811923892718449e-05,51.59999999999981,360.0,248.10707851580088,248.1123130418658
69290.0,6798386.130014034,7.829474343936966e-05,51.59999999999999,360.0,248.42979467926168,248.43489058657016
69300.0,6798381.831906685,7.846776540416173e-05,51.60000000000016,360.0,248.75251099236007,248.75746904000962
69310.0,6798377.533795181,7.863829931333601e-05,51.60000000000019,360.0,249.0752274664311,249.08004839556153
69320.0,6798373.235679539,7.880633975009613e-05,51.600000000000314,360.0,249.39794410186911,249.40262865745018
69330.0,6798368.937559752,7.897188137708578e-05,51.60000000000028,360.0,249.72066090761666,249.72520982133815
69340.0,6798364.639435831,7.913491892920014e-05,51.60000000000034,360.0,250.04337788919455,250.04779188618406
69350.0,6798360.341307797,7.929544722341874e-05,51.600000000000335,360.0,250.36609505036844,250.37037485268223
69360.0,6798356.04317557,7.945346116211152e-05,51.600000000000286,360.0,250.68881240052656,250.69295871583722
69370.0,6798351.745039197,7.960895572047607e-05,51.60000000000032,360.0,251.0115299451908,251.01554347446117
69380.0,6798347.446898716,7.976192595253106e-05,51.60000000000024,360.0,251.33424768527053,251.3381291319206
69390.0,6798343.148754098,7.991236699681865e-05,51.600000000000286,360.0,251.65696562895042,251.6607156842371
69400.0,6798338.850605355,8.006027406682296e-05,51.60000000000031,360.0,251.9796837789332,251.983303132842
69410.0,6798334.552452563,8.020564246056425e-05,51.600000000000286,360.0,252.30240213680187,252.3058914802676
69420.0,6798330.254295676,8.034846755658377e-05,51.600000000000406,360.0,252.62512071038176,252.62848072273098
69430.0,6798325.956134767,8.048874481083586e-05,51.600000000000406,360.0,252.94783950018007,252.95107086366508
69440.0,6798321.65796984,8.062646975521652e-05,51.60000000000035,360.0,253.27055851274616,253.27366190039112
69450.0,6798317.359800897,8.076163801595172e-05,51.600000000000314,360.0,253.59327774974219,253.5962538351361
69460.0,6798313.061628014,8.089424529345235e-05,51.600000000000286,360.0,253.91599721269912,253.91884667009413
69470.0,6798308.763451081,8.102428736980344e-05,51.60000000000022,360.0,254.2387169124149,254.24144039818353
69480.0,6798304.465270301,8.115176010315855e-05,51.60000000000017,360.0,254.56143684042266,254.56403503151867
69490.0,6798300.167085653,8.127665943963786e-05,51.60000000000011,360.0,254.88415700310594,254.88663056727546
69500.0,6798295.868897159,8.139898140332258e-05,51.60000000000008,360.0,255.2068774031355,255.20922700633167
69510.0,6798291.570704935,8.151872209858643e-05,51.59999999999993,360.0,255.5295980380356,255.5318243545475
69520.0,6798287.272509032,8.163587771469903e-05,51.59999999999985,360.0,255.8523189082505,255.85442261487347
69530.0,6798282.974309449,8.175044452586009e-05,51.59999999999979,360.0,256.1750400166386,256.1770217877515
69540.0,6798278.676106346,8.18624188778401e-05,51.59999999999969,360.0,256.49776135767235,256.4996218819431
69550.0,6798274.377899729,8.197179721064597e-05,51.59999999999973,360.0,256.8204829341817,256.82222289779355
69560.0,6798270.079689737,8.207857603705029e-05,51.599999999999625,360.0,257.1432047415301,257.1448248430304
69570.0,6798265.781476436,8.218275195852735e-05,51.599999999999525,360.0,257.4659267782993,257.46742772209785
69580.0,6798261.483259984,8.228432165379208e-05,51.59999999999962,360.0,257.78864903661446,257.79003154584564
69590.0,6798257.185040337,8.238328188915884e-05,51.59999999999963,360.0,258.1113715276775,258.11263630595016
69600.0,6798252.886817758,8.247962950825028e-05,51.59999999999967,360.0,258.43409423327387,258.43524202344673
69610.0,6798248.588592365,8.257336144073922e-05,51.5999999999995,360.0,258.75681714835116,258.75784870611284
69620.0,6798244.290364291,8.26644746985206e-05,51.59999999999962,360.0,259.0795402681522,259.08045636140423
69630.0,6798239.992133774,8.275296637361666e-05,51.59999999999955,360.0,259.4022635803782,259.40306500422463
69640.0,6798235.693900917,8.283883364501306e-05,51.59999999999945,360.0,259.7249870810111,259.7256746410934
69650.0,6798231.395665923,8.292207377472085e-05,51.599999999999405,360.0,260.04771075844997,260.04828528609704
69660.0,6798227.097429133,8.300268410309793e-05,51.59999999999932,360.0,260.370434592091,260.3708969622203
69670.0,6798222.7991906805,8.308066205973533e-05,51.59999999999932,360.0,260.69315857502113,260.6935096786755
69680.0,6798218.500950947,8.315600515170712e-05,51.59999999999916,360.0,261.0158826838973,261.0161234610631
69690.0,6798214.202710218,8.322871097506536e-05,51.59999999999914,360.0,261.33860690192984,261.3387383283249
69700.0,6798209.904468799,8.329877720562547e-05,51.599999999999284,360.0,261.66133120941373,261.66135430229275
69710.0,6798205.606227087,8.336620160541306e-05,51.59999999999923,360.0,261.9840555772119,261.98397141408566
69720.0,6798201.307985656,8.343098201480206e-05,51.59999999999922,360.0,262.3067799715992,262.30658969936195
69730.0,6798197.009744859,8.349311636418082e-05,51.599999999999255,360.0,262.62950436781296,262.62920918479335
69740.0,6798192.711505383,8.355260266020065e-05,51.59999999999919,360.0,262.9522287207818,262.9518299172637
69750.0,6798188.413267913,8.360943899818632e-05,51.59999999999919,360.0,263.27495298067225,263.2744519482392
69760.0,6798184.115033215,8.366362355644605e-05,51.59999999999922,360.0,263.5976770948155,263.59707533208893
69770.0,6798179.816802187,8.3715154594869e-05,51.59999999999934,360.0,263.92040100070153,263.91970013289995
69780.0,6798175.518575773,8.376403046098022e-05,51.59999999999937,360.0,264.2431246292002,264.24232642129675
69790.0,6798171.220355371,8.381024958016651e-05,51.59999999999931,360.0,264.56584788164474,264.5649542973382
69800.0,6798166.922142308,8.385381046517388e-05,51.599999999999284,360.0,264.88857065937657,264.88758386105803
69810.0,6798162.623938403,8.389471170896445e-05,51.599999999999106,360.0,265.21129283308846,265.21021524298516
69820.0,6798158.3257457735,8.39329519925773e-05,51.59999999999923,360.0,265.5340142457692,265.53284860134454
69830.0,6798154.0275669,8.396853007341828e-05,51.5999999999992,360.0,265.8567347174057,265.8554841172753
69840.0,6798149.729405097,8.400144479708747e-05,51.59999999999917,360.0,266.179454000164,266.17812203963865
69850.0,6798145.431264492,8.403169508854039e-05,51.5999999999992,360.0,266.50217179073303,266.5007626727001
69860.0,6798141.133150279,8.405927995491675e-05,51.59999999999905,360.0,266.824887702432,266.8234064040299
69870.0,6798136.835069575,8.408419848352706e-05,51.599999999998985,360.0,267.1476012032267,267.1460537664511
69880.0,6798132.537031722,8.410644984250164e-05,51.59999999999892,360.0,267.47031159725066,267.4687054565795
69890.0,6798128.239050272,8.412603327751089e-05,51.5999999999989,360.0,267.79301787154503,267.79136248800114
69900.0,6798123.941145022,8.414294810609833e-05,51.599999999998836,360.0,268.1157185427262,268.114026344685
69910.0,6798119.643347024,8.415719371853027e-05,51.59999999999881,360.0,268.43841128345485,268.43669935445206
69920.0,6798115.345709157,8.416876956235274e-05,51.59999999999871,360.0,268.76109212723344,268.7593854842264
69930.0,6798111.048333197,8.41776751245956e-05,51.59999999999877,360.0,269.0837534360755,269.08209237237025
69940.0,6798106.7514567,8.418390988097385e-05,51.59999999999878,360.0,269.40637737637473,269.40483785270874
69950.0,6798102.455915902,8.418747311342845e-05,51.59999999999866,360.0,269.7289011672663,269.7276847063055
69960.0,6798098.18695939,8.41883598231536e-05,51.59999999999855,360.0,270.0494290587505,270.0525286832672
69970.0,6798093.880842881,8.418656591617634e-05,51.59999999999861,360.0,270.3727471974638,270.37458363699744
69980.0,6798089.579880967,8.41821042135822e-05,51.59999999999854,360.0,270.6956784610714,270.69702668976265
69990.0,6798085.279844067,8.41749735047738e-05,51.59999999999856,360.0,271.01854042634693,271.0195402646792
70000.0,6798080.980209328,8.416517361425695e-05,51.59999999999863,360.0,271.34137235589395,271.3420850989421
70010.0,6798076.68079898,8.415270464579701e-05,51.59999999999861,360.0,271.66418760066966,271.66464784131216
70020.0,6798072.381530893,8.413756686412804e-05,51.599999999998694,360.0,271.98699233140826,271.98722232066626
70030.0,6798068.082360293,8.411976065748386e-05,51.599999999998715,360.0,272.30978991280836,272.30980517192137
70040.0,6798063.783259933,8.409928652036784e-05,51.59999999999864,360.0,272.63258239670665,272.6323943427023
70050.0,6798059.484212156,8.407614504398488e-05,51.599999999998616,360.0,272.95537110895,272.954988506599
70060.0,6798055.185204812,8.405033691617952e-05,51.59999999999878,360.0,273.2781569705297,273.2775867419001
70070.0,6798050.886229122,8.402186291426613e-05,51.59999999999881,360.0,273.6009406429944,273.60018838635915
70080.0,6798046.587278575,8.399072390520596e-05,51.599999999998964,360.0,273.92372262023946,273.9227929452209
70090.0,6798042.288348288,8.395692084421816e-05,51.59999999999876,360.0,274.24650327248554,274.24540004739396
70100.0,6798037.9894343475,8.392045477249551e-05,51.59999999999872,360.0,274.5692828979108,274.5680093937205
70110.0,6798033.690533845,8.388132682134756e-05,51.599999999998715,360.0,274.8920617187333,274.8906207609466
70120.0,6798029.391644166,8.38395382033816e-05,51.599999999998815,360.0,275.2148399368122,275.2132339460766
70130.0,6798025.092763278,8.379509021932511e-05,51.59999999999876,360.0,275.5376177057093,275.5358487942928
70140.0,6798020.793889529,8.374798425703907e-05,51.599999999998694,360.0,275.86039515822034,275.8584651715535
70150.0,6798016.495021587,8.369822178800662e-05,51.599999999998786,360.0,276.1831723959545,276.1810829748835
70160.0,6798012.196158151,8.364580436825591e-05,51.59999999999887,360.0,276.50594952228624,276.50370209949284
70170.0,6798007.897298285,8.35907336418437e-05,51.599999999999,360.0,276.8287266115036,276.8263224695672
70180.0,6798003.5984410215,8.353301133247184e-05,51.59999999999904,360.0,277.1515037408133,277.14894400631636
70190.0,6797999.299585681,8.347263925184809e-05,51.599999999999014,360.0,277.47428096324643,277.47156665508004
70200.0,6797995.000731614,8.340961929714518e-05,51.59999999999895,360.0,277.79705833503954,277.7941903578418
70210.0,6797990.701878304,8.334395344986715e-05,51.59999999999898,360.0,278.1198358987971,278.1168150701766
70220.0,6797986.403025061,8.327564377178742e-05,51.599999999998715,360.0,278.44261371156347,278.4394407331847
70230.0,6797982.104171618,8.320469241514925e-05,51.599999999998644,360.0,278.7653917979319,278.76206732032654
70240.0,6797977.805317456,8.31311016084393e-05,51.599999999998644,360.0,279.0881701992886,279.08469478814516
70250.0,6797973.506462243,8.305487367072887e-05,51.59999999999866,360.0,279.41094894629884,279.4073231038795
70260.0,6797969.207605652,8.297601100045394e-05,51.599999999998666,360.0,279.73372806830145,279.7299522360278
70270.0,6797964.908747426,8.28945160850369e-05,51.59999999999859,360.0,280.0565075900806,280.05258215751667
70280.0,6797960.609887412,8.281039149590704e-05,51.59999999999863,360.0,280.3792875279045,280.3752128497498
70290.0,6797956.3110252675,8.272363988037511e-05,51.59999999999864,360.0,280.70206791322795,280.697844278866
70300.0,6797952.012160791,8.263426397765122e-05,51.59999999999861,360.0,281.0248487659694,281.020476422499
70310.0,6797947.7132938,8.254226660481773e-05,51.59999999999849,360.0,281.3476301022894,281.3431092619375
70320.0,6797943.4144241195,8.244765066342312e-05,51.59999999999846,360.0,281.6704119417106,281.6657427750048
70330.0,6797939.115551622,8.235041914004825e-05,51.59999999999828,360.0,281.9931942993087,281.9883769439653
70340.0,6797934.816676202,8.225057510269106e-05,51.599999999998325,360.0,282.31597718646634,282.31101175467546
70350.0,6797930.517797687,8.214812170493918e-05,51.59999999999834,360.0,282.63876062228474,282.6336471851685
70360.0,6797926.218915936,8.204306218021443e-05,51.59999999999838,360.0,282.96154462399704,282.95628321534633
70370.0,6797921.92003087,8.193539984630581e-05,51.59999999999823,360.0,283.28432920063597,283.27891983317767
70380.0,6797917.62114239,8.182513810339753e-05,51.59999999999837,360.0,283.6071143660519,283.60155702178565
70390.0,6797913.322250428,8.17122804358891e-05,51.59999999999838,360.0,283.92990013031294,283.92419476795504
70400.0,6797909.023354948,8.159683041085616e-05,51.59999999999845,360.0,284.2526865036662,284.24683305828825
70410.0,6797904.724455855,8.147879167787683e-05,51.59999999999852,360.0,284.57547349830605,284.56947187732584
70420.0,6797900.425553013,8.135816796103317e-05,51.59999999999847,360.0,284.89826112645557,284.892111209538
70430.0,6797896.126646351,8.12349630715111e-05,51.59999999999844,360.0,285.2210494020324,285.2147510376135
70440.0,6797891.827735893,8.110918090954238e-05,51.599999999998424,360.0,285.543838329104,285.5373913539975
70450.0,6797887.52882165,8.098082545206984e-05,51.59999999999852,360.0,285.86662791138565,285.86003215147974
70460.0,6797883.229903515,8.08499007555342e-05,51.59999999999852,360.0,286.18941816386916,286.18267341147896
70470.0,6797878.930981371,8.071641095642852e-05,51.599999999998545,360.0,286.5122091003936,286.50531511651536
70480.0,6797874.632055259,8.058036027470364e-05,51.599999999998545,360.0,286.8350007233568,286.8279572604412
70490.0,6797870.333125143,8.044175301947396e-05,51.599999999998516,360.0,287.15779304204403,287.15059983019495
70500.0,6797866.034191019,8.030059357193122e-05,51.59999999999851,360.0,287.4805860633972,287.4732428150084
70510.0,6797861.735252822,8.015688639718818e-05,51.59999999999859,360.0,287.80337979961206,287.79588619873607
70520.0,6797857.436310572,8.001063604279244e-05,51.599999999998644,360.0,288.12617425473144,288.1185299733653
70530.0,6797853.137364139,7.986184712903077e-05,51.5999999999986,360.0,288.4489694436442,288.4411741199758
70540.0,6797848.838413608,7.971052437032805e-05,51.59999999999867,360.0,288.7717653672751,288.7638186335521
70550.0,6797844.5394590115,7.955667255132006e-05,51.599999999998595,360.0,289.09456203108584,289.08646350446384
70560.0,6797840.2405002,7.940029653617901e-05,51.599999999998644,360.0,289.417359449491,289.4091087140421
70570.0,6797835.941537279,7.924140127950258e-05,51.59999999999875,360.0,289.7401576243165,289.73175425619075
70580.0,6797831.642570199,7.907999181292634e-05,51.59999999999881,360.0,290.0629565669723,290.05440011514224
70590.0,6797827.343598983,7.891607323858095e-05,51.599999999998786,360.0,290.3857562814967,290.3770462824248
70600.0,6797823.0446236115,7.874965074945656e-05,51.59999999999878,360.0,290.7085567767954,290.69969274471435
70610.0,6797818.745644058,7.858072960423741e-05,51.59999999999877,360.0,291.0313580600955,291.02233949022883
70620.0,6797814.446660321,7.840931515572534e-05,51.59999999999881,360.0,291.35416013934315,291.3449865064219
70630.0,6797810.147672446,7.823541283001082e-05,51.599999999998694,360.0,291.6769630210398,291.6676337821744
70640.0,6797805.848680386,7.805902813222771e-05,51.599999999998715,360.0,291.99976671341653,291.9902813045319
70650.0,6797801.549684182,7.788016664872431e-05,51.5999999999987,360.0,292.32257122233233,292.31292906290207
70660.0,6797797.250683816,7.769883403922406e-05,51.59999999999859,360.0,292.645376555619,292.63557704465836
70670.0,6797792.951679342,7.751503604982062e-05,51.599999999998595,360.0,292.96818271822616,292.95822523994025
70680.0,6797788.652670745,7.732877849823006e-05,51.59999999999861,360.0,293.2909897192097,293.28087363475896
70690.0,6797784.353658089,7.714006728479762e-05,51.59999999999859,360.0,293.61379756330683,293.60352221944026
70700.0,6797780.054641262,7.694890837852276e-05,51.599999999998644,360.0,293.9366062651378,293.92617097428604
70710.0,6797775.755620295,7.67553078356502e-05,51.59999999999872,360.0,294.2594158308018,294.24881988815133
70720.0,6797771.4565952225,7.65592717836424e-05,51.59999999999883,360.0,294.5822262657902,294.57146895042524
70730.0,6797767.157566119,7.636080644107346e-05,51.599999999998765,360.0,294.9050375759371,294.8941181500512
70740.0,6797762.85853299,7.615991808950928e-05,51.59999999999875,360.0,295.22784976792565,295.216767475118
70750.0,6797758.559495786,7.595661309172012e-05,51.59999999999873,360.0,295.5506628549603,295.5394169071235
70760.0,6797754.260454536,7.575089788727187e-05,51.59999999999882,360.0,295.87347684313215,295.86206643467744
70770.0,6797749.96140931,7.554277899163593e-05,51.59999999999891,360.0,296.196291735054,296.1847160497501
70780.0,6797745.662360016,7.533226299603114e-05,51.59999999999884,360.0,296.5191075491206,296.5073657284765
70790.0,6797741.363306766,7.511935657253087e-05,51.59999999999893,360.0,296.84192428764123,296.8300154630954
70800.0,6797737.064249593,7.490406646898858e-05,51.599999999998985,360.0,297.16474195685663,297.1526652418741
70810.0,6797732.765188479,7.468639950193478e-05,51.59999999999895,360.0,297.4875605673887,297.47531504856573
70820.0,6797728.4661234785,7.446636257085202e-05,51.59999999999902,360.0,297.8103801270374,297.79796486976534
70830.0,6797724.167054515,7.42439626423121e-05,51.59999999999896,360.0,298.1332006499987,298.12061468562257
70840.0,6797719.867981665,7.401920676546651e-05,51.59999999999895,360.0,298.45602214391204,298.44326448277536
70850.0,6797715.5689049065,7.379210205918727e-05,51.59999999999883,360.0,298.7788446185305,298.7659142457283
70860.0,6797711.269824305,7.356265572293875e-05,51.59999999999888,360.0,299.101668080949,299.0885639615804
70870.0,6797706.970739858,7.333087501999006e-05,51.59999999999894,360.0,299.4244925417968,299.41121361386445
70880.0,6797702.671651588,7.309676730076891e-05,51.59999999999891,360.0,299.74731801066974,299.7338631871254
70890.0,6797698.372559532,7.28603399853988e-05,51.599999999998936,360.0,300.0701444976684,300.0565126653306
70900.0,6797694.073463665,7.262160056343491e-05,51.59999999999895,360.0,300.3929720157838,300.3791620295304
70910.0,6797689.7743639555,7.23805565951288e-05,51.59999999999894,360.0,300.715800581072,300.70181125769716
70920.0,6797685.475260528,7.213721572771417e-05,51.599999999999,360.0,301.03863019433925,301.0244603429629
70930.0,6797681.176153331,7.18915856669545e-05,51.59999999999905,360.0,301.36146087301654,301.34710926185505
70940.0,6797676.87704245,7.164367420223554e-05,51.599999999999135,360.0,301.6842926241064,301.6697580012445
70950.0,6797672.577927829,7.139348918720127e-05,51.599999999999135,360.0,302.0071254623063,301.9924065402768
70960.0,6797668.278809466,7.114103855058551e-05,51.599999999999085,360.0,302.3299594041894,302.31505485622483
70970.0,6797663.979687422,7.088633029342024e-05,51.59999999999908,360.0,302.6527944577563,302.6377029348488
70980.0,6797659.6805616245,7.062937248781811e-05,51.59999999999903,360.0,302.97563064298674,302.9603507499351
70990.0,6797655.381432169,7.037017327676329e-05,51.599999999999085,360.0,303.29846796645666,303.2829982886487
71000.0,6797651.082299036,7.01087408771096e-05,51.59999999999911,360.0,303.62130644461223,303.6056455282182
71010.0,6797646.783162204,6.984508357512563e-05,51.599999999999085,360.0,303.9441460933108,303.92829244645026
71020.0,6797642.484021664,6.957920972360122e-05,51.59999999999912,360.0,304.2669869300131,304.2509390195086
71030.0,6797638.184877407,6.931112774949547e-05,51.59999999999916,360.0,304.58982897253657,304.5735852231743
71040.0,6797633.885729434,6.90408461485658e-05,51.599999999999135,360.0,304.91267223253055,304.8962310393734
71050.0,6797629.58657777,6.876837348921718e-05,51.59999999999929,360.0,305.2355167262347,305.2188764453775
71060.0,6797625.287422281,6.849371840138133e-05,51.599999999999255,360.0,305.5583624828778,305.54152140551963
71070.0,6797620.988263063,6.82168895956687e-05,51.59999999999929,360.0,305.8812095098547,305.86416590587953
71080.0,6797616.689099993,6.793789583931939e-05,51.59999999999921,360.0,306.2040578353843,306.1868099117023
71090.0,6797612.3899331,6.765674597480686e-05,51.59999999999929,360.0,306.52690747570244,306.50945340021667
71100.0,6797608.090762195,6.737344890509496e-05,51.59999999999925,360.0,306.8497584619587,306.83209633366494
71110.0,6797603.791587319,6.708801361070937e-05,51.599999999999234,360.0,307.17261081193965,307.1547386876664
71120.0,6797599.492408458,6.68004491394424e-05,51.59999999999919,360.0,307.4954645453563,307.47738043586156
71130.0,6797595.193225418,6.65107645944348e-05,51.599999999999135,360.0,307.81831969767154,307.8000215361979
71140.0,6797590.89403803,6.621896914564193e-05,51.5999999999991,360.0,308.1411763026961,308.12266194813435
71150.0,6797586.594846301,6.592507204242793e-05,51.59999999999921,360.0,308.4640343803568,308.4453016450719
71160.0,6797582.295650026,6.562908259173975e-05,51.599999999999305,360.0,308.78689396894964,308.7679405820193
71170.0,6797577.996448977,6.533101015658841e-05,51.59999999999929,360.0,309.10975510705595,309.09057871365854
71180.0,6797573.697242928,6.503086417190114e-05,51.59999999999919,360.0,309.43261783596733,309.4132159919699
71190.0,6797569.398031574,6.472865413335566e-05,51.599999999999106,360.0,309.75548220195384,309.73585236390943
71200.0,6797565.098814605,6.442438959572938e-05,51.59999999999907,360.0,310.078348253953,310.05848777378213
71210.0,6797560.799591598,6.41180801765479e-05,51.59999999999912,360.0,310.4012160507203,310.38112215604303
71220.0,6797556.500361954,6.380973554178613e-05,51.5999999999991,360.0,310.72408566380966,310.7037554323437
71230.0,6797552.2011250965,6.349936542699617e-05,51.599999999999106,360.0,311.046957163925,311.0263875251844
71240.0,6797547.901880168,6.318697960654942e-05,51.59999999999922,360.0,311.36983064630556,311.3490183324936
71250.0,6797543.602626086,6.287258790509291e-05,51.59999999999929,360.0,311.6927062228189,311.67164773553003
71260.0,6797539.3033613805,6.255620017888965e-05,51.59999999999922,360.0,312.01558403737045,311.9942755835978
71270.0,6797535.004084087,6.223782631405016e-05,51.599999999999135,360.0,312.33846427108796,312.3169016886923
71280.0,6797530.704791464,6.19174761934096e-05,51.59999999999912,360.0,312.66134716967446,312.6395257982412
71290.0,6797526.40547954,6.159515967485333e-05,51.59999999999918,360.0,312.98423307276965,312.9621475657335
71300.0,6797522.106142299,6.127088651905169e-05,51.59999999999925,360.0,313.3071224777769,313.28476648693936
71310.0,6797517.806769782,6.094466624389997e-05,51.59999999999927,360.0,313.6300161877462,313.6073817518819
71320.0,6797513.507343932,6.061650780311692e-05,51.59999999999922,360.0,313.95291562623777,313.9299919301364
71330.0,6797509.207826634,6.028641866169331e-05,51.59999999999927,360.0,314.27582374517726,314.25259406286784
71340.0,6797504.908110649,5.995440097926996e-05,51.599999999999234,360.0,314.59874874685465,314.5751799409066
71350.0,6797500.607517394,5.9620412528726696e-05,51.59999999999912,360.0,314.9217419738169,314.89769821479996
71360.0,6797496.308536645,5.928465832752899e-05,51.5999999999989,360.0,315.24461703380655,315.22033526997075
71370.0,6797492.00993716,5.894705188647727e-05,51.59999999999895,360.0,315.56746423036356,315.5430007959323
71380.0,6797487.711058126,5.860755270320929e-05,51.59999999999887,360.0,315.89033382488765,315.8656445243567
71390.0,6797483.412079476,5.826618565518197e-05,51.599999999999056,360.0,316.2132124744837,316.18827979130896
71400.0,6797479.1130488645,5.792296531667251e-05,51.59999999999899,360.0,316.53609669684175,316.51091007220384
71410.0,6797474.813985845,5.75779041140992e-05,51.599999999999135,360.0,316.8589850954303,316.83353675664665
71420.0,6797470.514900632,5.7231013800508663e-05,51.599999999999156,360.0,317.18187696237476,317.1561605456427
71430.0,6797466.215799117,5.688230584534347e-05,51.599999999999135,360.0,317.50477191099907,317.47878181900535
71440.0,6797461.916685061,5.653179160909231e-05,51.599999999999135,360.0,317.82766970902566,317.80140080213397
71450.0,6797457.617561029,5.6179482414458294e-05,51.59999999999902,360.0,318.1505702140972,318.1240176305056
71460.0,6797453.318428707,5.5825389566148933e-05,51.59999999999907,360.0,318.473473356249,318.4466323672463
71470.0,6797449.0192895755,5.546952441703193e-05,51.59999999999903,360.0,318.7963790722306,318.76924506874894
71480.0,6797444.720144634,5.511189833526266e-05,51.59999999999899,360.0,319.1192873370801,319.09185575314456
71490.0,6797440.420994642,5.4752522723718104e-05,51.59999999999902,360.0,319.4421981477057,319.4144644166853
71500.0,6797436.121840197,5.439140903180458e-05,51.59999999999899,360.0,319.76511151164465,319.73707104501483
71510.0,6797431.822681909,5.4028568762109924e-05,51.59999999999903,360.0,320.08802743809696,320.0596756221316
71520.0,6797427.523520157,5.366401345445483e-05,51.59999999999904,360.0,320.4109459542831,320.382278114021
71530.0,6797423.224355313,5.329775470299589e-05,51.59999999999902,360.0,320.73386708910397,320.7048784850047
71540.0,6797418.925187746,5.2929804155517025e-05,51.59999999999907,360.0,321.05679087317503,321.0274766976787
71550.0,6797414.6260175835,5.2560173493756374e-05,51.59999999999918,360.0,321.379717361505,321.3500726902931
71560.0,6797410.326845201,5.218887447367682e-05,51.599999999999156,360.0,321.70264658522,321.6726664250103
71570.0,6797406.027670736,5.181591888591374e-05,51.599999999999156,360.0,322.02557859327953,321.99525784611706
71580.0,6797401.72849439,5.1441318576772057e-05,51.59999999999919,360.0,322.3485134427228,322.3178468898758
71590.0,6797397.429316348,5.106508544434852e-05,51.59999999999922,360.0,322.67145118634187,322.64043349684897
71600.0,6797393.130136723,5.068723143347601e-05,51.59999999999903,360.0,322.9943918837969,322.96301760068684
71610.0,6797388.8309556255,5.030776853816393e-05,51.59999999999896,360.0,323.31733560447975,323.28559912535843
71620.0,6797384.531773228,4.9926708813408666e-05,51.599999999998936,360.0,323.6402824098999,323.608178002733
71630.0,6797380.232589671,4.954406435728044e-05,51.59999999999888,360.0,323.96323236397916,323.9307541623146
71640.0,6797375.93340502,4.9159847314312106e-05,51.59999999999891,360.0,324.28618554517135,324.25332751907274
71650.0,6797371.634219425,4.877406988595283e-05,51.599999999998936,360.0,324.60914202305435,324.57589799687054
71660.0,6797367.335032954,4.838674431641697e-05,51.59999999999889,360.0,324.9321018838003,324.8984655029889
71670.0,6797363.03584572,4.799788290393978e-05,51.59999999999884,360.0,325.25506520198405,325.2210299563969
71680.0,6797358.736657729,4.7607497982909364e-05,51.59999999999899,360.0,325.5780320777632,325.5435912504184
71690.0,6797354.437469181,4.721560195746536e-05,51.599999999999,360.0,325.90100258415606,325.86614930561643
71700.0,6797350.138280134,4.682220726458549e-05,51.59999999999902,360.0,326.22397682023825,326.1887040164866
71710.0,6797345.839090581,4.642732638087871e-05,51.599999999999056,360.0,326.5469548903956,326.51125527227657
71720.0,6797341.539900658,4.603097184898589e-05,51.59999999999914,360.0,326.86993689212346,326.83380296911076
71730.0,6797337.240710354,4.56331562415048e-05,51.59999999999922,360.0,327.1929229377166,327.15634698835385
71740.0,6797332.941519817,4.523389219522882e-05,51.59999999999921,360.0,327.5159131326942,327.47888721821056
71750.0,6797328.642329132,4.4833192381205925e-05,51.59999999999927,360.0,327.8389075873791,327.8014235420543
71760.0,6797324.34313828,4.443106951199367e-05,51.59999999999917,360.0,328.161906432404,328.1239558230583
71770.0,6797320.043947267,4.402753634540003e-05,51.599999999999135,360.0,328.48490979957745,328.4464839231873
71780.0,6797315.744756253,4.3622605695583604e-05,51.59999999999916,360.0,328.8079178087488,328.7690077164577
71790.0,6797311.445565223,4.321629041173689e-05,51.59999999999914,360.0,329.1309306044223,329.091527052198
71800.0,6797307.146374305,4.280860339471687e-05,51.59999999999922,360.0,329.45394832487915,329.41404178605455
71810.0,6797302.847183535,4.2399557584199425e-05,51.59999999999911,360.0,329.7769711203363,329.73655176172315
71820.0,6797298.547992931,4.198916595910151e-05,51.5999999999992,360.0,330.09999914822174,330.05905681580657
71830.0,6797294.248802558,4.1577441544612944e-05,51.59999999999931,360.0,330.4230325755934,330.38155677521536
71840.0,6797289.949612487,4.116439740983919e-05,51.59999999999931,360.0,330.7460715677603,330.7040514687451
71850.0,6797285.650422664,4.0750046655352075e-05,51.599999999999376,360.0,331.0691163103402,331.0265407048205
71860.0,6797281.351233197,4.0334402440215515e-05,51.59999999999929,360.0,331.3921669887711,331.3490242921976
71870.0,6797277.052044177,3.991747795732022e-05,51.59999999999935,360.0,331.71522379313217,331.6715020349596
71880.0,6797272.752855525,3.949928642924841e-05,51.599999999999305,360.0,332.03828693837403,331.99397371235483
71890.0,6797268.453667358,3.907984113591885e-05,51.599999999999284,360.0,332.36135663678465,332.3164391063663
71900.0,6797264.154479672,3.86591553817003e-05,51.59999999999932,360.0,332.68443311251406,332.6388979871672
71910.0,6797259.855292601,3.823724253038998e-05,51.59999999999923,360.0,333.00751659503874,332.9613501195836
71920.0,6797255.556106094,3.7814115961859805e-05,51.599999999999255,360.0,333.3306073406485,333.28379524177274
71930.0,6797251.256920218,3.7389789109449324e-05,51.59999999999929,360.0,333.6537056059342,333.60623309155324
71940.0,6797246.957734975,3.696427543629355e-05,51.59999999999934,360.0,333.97681167039315,333.928663383944
71950.0,6797242.658550429,3.653758844987789e-05,51.59999999999936,360.0,334.2999258141342,334.2510858333769
71960.0,6797238.359366566,3.610974168541503e-05,51.599999999999305,360.0,334.62304834151627,334.5735001300617
71970.0,6797234.060183449,3.56807487264879e-05,51.59999999999931,360.0,334.9461795717781,334.8959059493774
71980.0,6797229.761001096,3.525062318609952e-05,51.59999999999935,360.0,335.26931983898413,335.2183029519397
71990.0,6797225.461819517,3.4819378713757314e-05,51.59999999999933,360.0,335.59246949889905,335.54069077671664
72000.0,6797221.162638772,3.438702899705049e-05,51.59999999999931,360.0,335.915628917591,335.86306905244294
72010.0,6797216.8634588765,3.395358775747094e-05,51.599999999999284,360.0,336.2387984863846,336.185437382614
72020.0,6797212.56427985,3.351906875000736e-05,51.599999999999305,360.0,336.5619786219191,336.5077953454518
72030.0,6797208.265101696,3.308348576265868e-05,51.59999999999932,360.0,336.8851697604543,336.83014249962315
72040.0,6797203.965924427,3.2646852617666043e-05,51.599999999999284,360.0,337.2083723717929,337.1524783703556
72050.0,6797199.666748037,3.2209183167863936e-05,51.59999999999925,360.0,337.5315869322806,337.4748024763375
72060.0,6797195.367572609,3.177049130942555e-05,51.599999999999234,360.0,337.8548139597958,337.7971142947868
72070.0,6797191.068398157,3.133079096372061e-05,51.59999999999932,360.0,338.17805401100173,338.11941326415536
72080.0,6797186.769224585,3.0890096075305315e-05,51.59999999999922,360.0,338.50130766770377,338.44169879789536
72090.0,6797182.470052056,3.0448420640257876e-05,51.599999999999135,360.0,338.82457552952593,338.7639702916106
72100.0,6797178.170880509,3.0005778671770216e-05,51.59999999999911,360.0,339.1478582673165,339.086227069799
72110.0,6797173.871709892,2.956218420297986e-05,51.59999999999904,360.0,339.4711565721193,339.4084684367528
72120.0,6797169.572540283,2.9117651326250823e-05,51.59999999999912,360.0,339.79447118769775,339.7306936441766
72130.0,6797165.273371667,2.867219414265034e-05,51.599999999999135,360.0,340.1178029068509,340.05290189475267
72140.0,6797160.974204017,2.8225826781260298e-05,51.599999999999056,360.0,340.4411525612644,340.37509235237235
72150.0,6797156.675037411,2.7778563414764276e-05,51.59999999999903,360.0,340.7645210458822,340.69726411769557
72160.0,6797152.375871805,2.7330418234736602e-05,51.59999999999902,360.0,341.0879093241684,341.01941622292003
72170.0,6797148.076707115,2.6881405451627054e-05,51.59999999999899,360.0,341.4113184335584,341.34154762634444
72180.0,6797143.777543434,2.643153931943623e-05,51.599999999998985,360.0,341.73474945299995,341.66365724480534
72190.0,6797139.47838065,2.598083411069615e-05,51.599999999999014,360.0,342.058203586097,341.985743870591
72200.0,6797135.179218875,2.5529304130366445e-05,51.59999999999907,360.0,342.3816820731482,342.3078062592947
72210.0,6797130.880057973,2.5076963694293804e-05,51.5999999999992,360.0,342.7051862800576,342.629843040982
72220.0,6797126.580898005,2.462382716392813e-05,51.59999999999927,360.0,343.02871766762934,342.9518527509271
72230.0,6797122.281738891,2.4169908911906634e-05,51.599999999999376,360.0,343.3522778228693,343.2738337982149
72240.0,6797117.98258058,2.3715223332666517e-05,51.59999999999943,360.0,343.6758684368731,343.5957844879315
72250.0,6797113.68342315,2.325978486368514e-05,51.599999999999376,360.0,343.99949134016686,343.91770298577796
72260.0,6797109.3842664845,2.2803607947339885e-05,51.59999999999936,360.0,344.3231485247524,344.2395872960675
72270.0,6797105.085110538,2.2346707054403422e-05,51.59999999999932,360.0,344.6468421532777,344.56143525253003
72280.0,6797100.785955285,2.188909667869169e-05,51.59999999999936,360.0,344.9705745559293,344.8832445213964
72290.0,6797096.486800631,2.1430791335789458e-05,51.59999999999939,360.0,345.29434828856415,345.20501254331606
72300.0,6797092.187646571,2.0971805564515602e-05,51.599999999999454,360.0,345.6181661127367,345.526736553316
72310.0,6797087.888493031,2.0512153922886945e-05,51.59999999999944,360.0,345.9420310566597,345.84841351980083
72320.0,6797083.5893398775,2.0051850987469973e-05,51.59999999999947,360.0,346.2659464509729,346.17004010886365
72330.0,6797079.290187116,1.959091136053978e-05,51.599999999999454,360.0,346.5899158976088,346.4916127153276
72340.0,6797074.9910345785,1.9129349655072175e-05,51.59999999999958,360.0,346.9139434051831,346.8131273274331
72350.0,6797070.691882281,1.866718051792307e-05,51.5999999999996,360.0,347.23803334579463,347.1345795699754
72360.0,6797066.392730011,1.8204418593295355e-05,51.599999999999575,360.0,347.5621905682631,347.4559645911183
72370.0,6797062.093577665,1.774107855441854e-05,51.59999999999946,360.0,347.88642043371095,347.77727702680835
72380.0,6797057.794425126,1.727717509752036e-05,51.59999999999954,360.0,348.2107288875203,348.09851092879046
72390.0,6797053.495272222,1.68127229232576e-05,51.59999999999941,360.0,348.53512253657556,348.41965968735883
72400.0,6797049.196118874,1.6347736761437318e-05,51.59999999999934,360.0,348.8596087480618,348.7407159325749
72410.0,6797044.896964869,1.5882231349224267e-05,51.59999999999933,360.0,349.18419576791354,349.06167141588264
72420.0,6797040.597809998,1.541622143193148e-05,51.59999999999911,360.0,349.5088928523791,349.3825168784073
72430.0,6797036.298654064,1.4949721779732113e-05,51.599999999999056,360.0,349.8337104300541,349.70324188906164
72440.0,6797031.999496871,1.448274717781442e-05,51.59999999999907,360.0,350.1586602861233,350.023834660172
72450.0,6797027.700338202,1.4015312423046945e-05,51.599999999999135,360.0,350.48375578523815,350.34428182477075
72460.0,6797023.401177602,1.3547432299746728e-05,51.599999999999255,360.0,350.8090121834005,350.66456812451804
72470.0,6797019.102014826,1.3079121633934583e-05,51.59999999999928,360.0,351.13444692294667,350.98467611485904
72480.0,6797014.802849551,1.2610395253245548e-05,51.59999999999934,360.0,351.46008004781135,351.30458574967184
72490.0,6797010.503681318,1.2141267987722236e-05,51.59999999999937,360.0,351.7859347518511,351.6242738330601
72500.0,6797006.204509712,1.1671754678075473e-05,51.59999999999937,360.0,352.11203796770417,351.94371343036687
72510.0,6797001.9053341355,1.120187016682739e-05,51.599999999999596,360.0,352.43842120103545,352.262873034019
72520.0,6796997.606154133,1.0731629318886609e-05,51.599999999999625,360.0,352.7651214867905,352.58171560717255
72530.0,6796993.306968924,1.026104698068521e-05,51.59999999999968,360.0,353.0921827184718,352.90019725455977
72540.0,6796989.007777821,9.790138013939173e-06,51.5999999999997,360.0,353.4196572483358,353.2182656222104
72550.0,6796984.708579965,9.31891727932397e-06,51.59999999999985,360.0,353.74760808729576,353.5358576975968
72560.0,6796980.409374316,8.847399626735507e-06,51.599999999999895,360.0,354.0761117437704,353.85289697073796
72570.0,6796976.110159679,8.37559990434347e-06,51.59999999999995,360.0,354.40526202661414,354.1692896312903
72580.0,6796971.810934604,7.9035329398666e-06,51.59999999999999,360.0,354.73517522903506,354.4849193846468
72590.0,6796967.511697492,7.431213561810625e-06,51.600000000000016,360.0,355.0659973205799,354.7996402599327
72600.0,6796963.212446278,6.958656561070131e-06,51.6000000000001,360.0,355.39791401731753,355.1132665398203
72610.0,6796958.913178623,6.485876710496062e-06,51.600000000000044,360.0,355.7311653309986,355.42555821145
72620.0,6796954.613891624,6.012888739263367e-06,51.60000000000001,360.0,356.0660669380588,355.73619959719736
72630.0,6796950.314581473,5.539707304479976e-06,51.599999999999994,360.0,356.4030426140371,356.0447669205288
72640.0,6796946.015243512,5.066346999115679e-06,51.59999999999999,360.0,356.7426747570792,356.350677782358
72650.0,6796941.715871642,4.592822295176219e-06,51.59999999999996,360.0,357.0857862828601,356.6531092661583
72660.0,6796937.416457841,4.119147516850172e-06,51.59999999999987,360.0,357.4335790726558,356.95085948985064
72670.0,6796933.116991054,3.6453367557650292e-06,51.59999999999981,360.0,357.7878805169768,357.24210106219704
72680.0,6796928.817455637,3.171403768782868e-06,51.59999999999978,360.0,358.15161127932794,357.52391331907825
72690.0,6796924.51782826,2.697361774785821e-06,51.599999999999795,360.0,358.52974658036834,357.7913210392629
72700.0,6796920.218072139,2.223223162566332e-06,51.599999999999696,360.0,358.93150829623914,358.03510234613907
72710.0,6796915.918123857,1.7489989123344236e-06,51.5999999999995,360.0,359.3761249958723,358.23602867039426
72720.0,6796911.617858939,1.2746976213534952e-06,51.59999999999928,360.0,359.9114571669994,358.3462395239264
72730.0,6796907.316975704,8.003256182828029e-07,51.59999999999949,360.0,0.698891831720625,358.2043478843939
72740.0,6796903.014312153,3.259375283740742e-07,51.59999999999952,360.0,2.840221344193187,356.70856139748815
72750.0,6796898.730989896,1.481013741081659e-07,51.599999999999554,360.0,173.33290043220592,186.86142533531125
72760.0,6796894.438186349,6.208989670530344e-07,51.59999999999958,360.0,178.8100469523272,182.02982184128982
72770.0,6796890.141637212,1.0947702457663861e-06,51.59999999999961,360.0,179.8299125905572,181.65549922950817
72780.0,6796885.844219684,1.568767131315867e-06,51.59999999999945,360.0,180.42867860500274,181.70227624195726
72790.0,6796881.546405147,2.042777944338342e-06,51.599999999999376,360.0,180.89939755993183,181.87710031461498
72800.0,6796877.24836295,2.5167579393859702e-06,51.59999999999949,360.0,181.31440771901873,182.10763318410454
72810.0,6796872.950173534,2.9906791654996738e-06,51.59999999999937,360.0,181.70019431237645,182.36738962068003
72820.0,6796868.651881438,3.464519843849782e-06,51.59999999999939,360.0,182.06875033308197,182.64437663168798
72830.0,6796864.35351389,3.938260980153289e-06,51.59999999999936,360.0,182.4262960315234,182.93237396731803
72840.0,6796860.055088859,4.411885020005831e-06,51.59999999999936,360.0,182.77637914216606,183.22783389367916
72850.0,6796855.756618807,4.885375226577174e-06,51.5999999999994,360.0,183.12117097719712,183.5285850992783
72860.0,6796851.458112665,5.358715375535426e-06,51.59999999999947,360.0,183.46207492994367,183.8332241915077
72870.0,6796847.159577087,5.831889562877337e-06,51.599999999999426,360.0,183.80003839926158,184.14080377240555
72880.0,6796842.861017183,6.3048821078169505e-06,51.59999999999937,360.0,184.13572406313742,184.45066116488258
72890.0,6796838.562436904,6.777677493368564e-06,51.599999999999454,360.0,184.4696093696333,184.7623189218661
72900.0,6796834.26383941,7.250260310864668e-06,51.59999999999947,360.0,184.80204703967584,185.07542432347708
72910.0,6796829.965227342,7.722615231713293e-06,51.599999999999454,360.0,185.13330328515593,185.38971115897334
72920.0,6796825.6666027205,8.194727007836771e-06,51.59999999999945,360.0,185.4635828303167,185.7049747053714
72930.0,6796821.367967315,8.666580439491205e-06,51.59999999999955,360.0,185.7930456481947,186.021054990895
72940.0,6796817.069322639,9.138160364727314e-06,51.599999999999554,360.0,186.1218186018839,186.3378251538318
72950.0,6796812.770669917,9.609451668075107e-06,51.5999999999995,360.0,186.45000355216945,186.6551833348537
72960.0,6796808.472010227,1.0080439259926618e-05,51.599999999999405,360.0,186.77768326022428,186.97304677434107
72970.0,6796804.173344423,1.0551108087227842e-05,51.59999999999947,360.0,187.10492564502013,187.29134755485921
72980.0,6796799.874673336,1.1021443114877089e-05,51.59999999999944,360.0,187.43178696773174,187.6100294169528
72990.0,6796795.575997633,1.1491429331846181e-05,51.599999999999426,360.0,187.75831424714087,187.9290453435974
73000.0,6796791.277317938,1.1961051751406911e-05,51.59999999999939,360.0,188.08454706049815,188.24835575934796
73010.0,6796786.978634715,1.2430295409962019e-05,51.599999999999284,360.0,188.4105189806434,188.56792709330753
73020.0,6796782.679948494,1.2899145353322933e-05,51.59999999999944,360.0,188.73625863829557,188.88773071668948
73030.0,6796778.381259683,1.3367586655004023e-05,51.599999999999454,360.0,189.06179064558623,189.20774201943624
73040.0,6796774.082568658,1.383560440128965e-05,51.5999999999994,360.0,189.3871362509961,189.52793975517167
73050.0,6796769.783875716,1.4303183702511514e-05,51.59999999999927,360.0,189.71231390164414,189.84830547899847
73060.0,6796765.485181203,1.477030968204905e-05,51.5999999999992,360.0,190.03733968356704,190.16882310712495
73070.0,6796761.186485313,1.5236967489387198e-05,51.599999999999106,360.0,190.36222770161976,190.48947853706943
73080.0,6796756.887788423,1.5703142270242145e-05,51.59999999999914,360.0,190.6869903459383,190.81025938110903
73090.0,6796752.589090608,1.616881922096648e-05,51.599999999999106,360.0,191.01163858438056,191.13115467386936
73100.0,6796748.290392187,1.66339835250223e-05,51.59999999999899,360.0,191.33618212972328,191.4521547051547
73110.0,6796743.9916932015,1.7098620415601636e-05,51.59999999999896,360.0,191.66062963653152,191.7732508230017
73120.0,6796739.692993962,1.756271510926236e-05,51.59999999999895,360.0,191.98498882395174,192.09443531099723
73130.0,6796735.39429443,1.80262528783189e-05,51.59999999999878,360.0,192.3092666138913,192.41570125001908
73140.0,6796731.095594856,1.8489218984104516e-05,51.59999999999873,360.0,192.63346921102612,192.7370424382579
73150.0,6796726.796895312,1.8951598725488867e-05,51.59999999999869,360.0,192.95760221921012,193.05845327473818
73160.0,6796722.498195915,1.941337741570821e-05,51.599999999998744,360.0,193.28167069050872,193.37992871040464
73170.0,6796718.199496797,1.9874540381435623e-05,51.599999999998744,360.0,193.60567920244475,193.70146417077672
73180.0,6796713.900798008,2.033507298065496e-05,51.59999999999869,360.0,193.92963191072883,194.023055503297
73190.0,6796709.602099664,2.0794960584765062e-05,51.5999999999986,360.0,194.25353259381933,194.34469893268033
73200.0,6796705.303401798,2.125418859202466e-05,51.59999999999861,360.0,194.5773847090123,194.66639100492395
73210.0,6796701.00470447,2.1712742421585823e-05,51.59999999999861,360.0,194.90119139500538,194.98812858467198
73220.0,6796696.706007795,2.217060750699183e-05,51.59999999999856,360.0,195.2249555388405,195.30990878824403
73230.0,6796692.407311814,2.2627769312618908e-05,51.599999999998644,360.0,195.54867978059838,195.63172897906614
73240.0,6796688.108616547,2.308421332500449e-05,51.59999999999855,360.0,195.87236655816602,195.95358672276936
73250.0,6796683.809922064,2.353992505161935e-05,51.59999999999854,360.0,196.1960181021652,196.27547979235925
73260.0,6796679.511228304,2.3994890029759658e-05,51.59999999999852,360.0,196.51963649654365,196.5974061075169
73270.0,6796675.21253545,2.4449093806715656e-05,51.599999999998495,360.0,196.843223624135,196.91936378918658
73280.0,6796670.913843461,2.490252196566194e-05,51.59999999999845,360.0,197.16678125938543,197.24135106670334
73290.0,6796666.615152332,2.5355160119018993e-05,51.59999999999844,360.0,197.49031103453322,197.56336631169313
73300.0,6796662.316462112,2.580699389155615e-05,51.5999999999984,360.0,197.8138144676417,197.8854080100179
73310.0,6796658.017772885,2.6258008937630263e-05,51.59999999999845,360.0,198.13729295758782,198.20747476682382
73320.0,6796653.71908457,2.6708190947859072e-05,51.59999999999845,360.0,198.46074782342126,198.5295652670821
73330.0,6796649.4203971615,2.7157525633896212e-05,51.59999999999855,360.0,198.7841802907721,198.8516782893219
73340.0,6796645.121710774,2.760599872261451e-05,51.599999999998545,360.0,199.1075914901948,199.17381270713614
73350.0,6796640.823025332,2.805359598925674e-05,51.59999999999854,360.0,199.43098249075615,199.49596745572302
73360.0,6796636.524340821,2.85003032267714e-05,51.59999999999858,360.0,199.754354286303,199.81814154552777
73370.0,6796632.225657333,2.8946106249587914e-05,51.59999999999858,360.0,200.07770780316554,200.14033405456155
73380.0,6796627.926974768,2.9390990914598786e-05,51.599999999998616,360.0,200.40104391891808,200.462544109699
73390.0,6796623.628293165,2.9834943100762323e-05,51.599999999998616,360.0,200.72436345464922,200.7847708943278
73400.0,6796619.329612553,3.027794871259632e-05,51.59999999999856,360.0,201.04766717107088,201.10701365230648
73410.0,6796615.030932915,3.07199936924908e-05,51.59999999999855,360.0,201.37095578437513,201.42927167202896
73420.0,6796610.732254252,3.116106400732218e-05,51.59999999999857,360.0,201.69422997891002,201.75154427379087
73430.0,6796606.433576518,3.160114566360626e-05,51.59999999999855,360.0,202.01749039954495,202.0738308174173
73440.0,6796602.134899727,3.204022469167017e-05,51.599999999998616,360.0,202.34073764218147,202.39613071181284
73450.0,6796597.836223839,3.247828715758876e-05,51.59999999999856,360.0,202.66397228720854,202.71844338142006
73460.0,6796593.537548805,3.29153191620175e-05,51.59999999999851,360.0,202.98719487405768,203.04076829166863
73470.0,6796589.238874623,3.335130683564152e-05,51.59999999999847,360.0,203.31040589680342,203.36310495343608
73480.0,6796584.940201291,3.378623633769636e-05,51.599999999998495,360.0,203.63360584603578,203.68545288114757
73490.0,6796580.641528913,3.422009385260253e-05,51.59999999999849,360.0,203.95679515769072,204.00781164387104
73500.0,6796576.342857314,3.4652865627563884e-05,51.599999999998545,360.0,204.27997428452667,204.33018079393307
73510.0,6796572.04418642,3.5084537933362085e-05,51.59999999999859,360.0,204.60314363589282,204.65255992713904
73520.0,6796567.745516273,3.55150970645256e-05,51.59999999999861,360.0,204.92630358938388,204.97494867111962
73530.0,6796563.446846939,3.594452934955115e-05,51.59999999999856,360.0,205.24945450327493,205.29734667285
73540.0,6796559.148178285,3.637282116662589e-05,51.5999999999986,360.0,205.5725967433876,205.61975357181205
73550.0,6796554.8495103195,3.6799958921654326e-05,51.59999999999863,360.0,205.89573064210157,205.9421690409546
73560.0,6796550.550842954,3.7225929068375926e-05,51.599999999998644,360.0,206.21885650891093,206.26459277619367
73570.0,6796546.252176205,3.765071808156452e-05,51.59999999999861,360.0,206.54197464653328,206.5870244802691
73580.0,6796541.953509986,3.8074312485789464e-05,51.599999999998595,360.0,206.86508534736777,206.90946386626956
73590.0,6796537.654844331,3.8496698831894925e-05,51.59999999999861,360.0,207.188188876768,207.2319106743779
73600.0,6796533.356179179,3.8917863718620355e-05,51.59999999999864,360.0,207.51128550365758,207.55436464128275
73610.0,6796529.0575143965,3.9337793788813624e-05,51.59999999999861,360.0,207.83437548047246,207.87682552014138
73620.0,6796524.758850131,3.975647570055456e-05,51.599999999998495,360.0,208.15745902508584,208.19929309876855
73630.0,6796520.460186248,4.0173896175540566e-05,51.59999999999861,360.0,208.48053638058067,208.52176713981768
73640.0,6796516.161522615,4.0590041977319084e-05,51.599999999998495,360.0,208.80360776236438,208.8442474336511
73650.0,6796511.862859332,4.100489988433717e-05,51.59999999999846,360.0,209.12667337660267,209.16673377989693
73660.0,6796507.56419626,4.141845674278675e-05,51.599999999998424,360.0,209.44973342345415,209.48922598424596
73670.0,6796503.265533386,4.183069942574888e-05,51.5999999999984,360.0,209.77278809757286,209.8117238579379
73680.0,6796498.966870678,4.224161484791011e-05,51.59999999999847,360.0,210.09583757238374,210.1342272334657
73690.0,6796494.668208033,4.2651189977682825e-05,51.599999999998396,360.0,210.41888203540066,210.4567359292871
73700.0,6796490.369545469,4.305941181157759e-05,51.5999999999983,360.0,210.74192164006124,210.77924979795236
73710.0,6796486.070882922,4.346626739472861e-05,51.599999999998346,360.0,211.06495655640532,211.10176867551
73720.0,6796481.772220243,4.387174382904264e-05,51.59999999999826,360.0,211.38798694299626,211.42429240948042
73730.0,6796477.473557417,4.427582824105407e-05,51.599999999998246,360.0,211.71101294834068,211.74682085743714
73740.0,6796473.174894406,4.4678507806852884e-05,51.59999999999816,360.0,212.03403471118764,212.06935388682794
73750.0,6796468.876231147,4.507976974876755e-05,51.5999999999982,360.0,212.3570523749248,212.3918913604075
73760.0,6796464.577567561,4.547960133859809e-05,51.59999999999817,360.0,212.68006607078922,212.714433153177
73770.0,6796460.278903639,4.587798988057944e-05,51.59999999999822,360.0,213.00307592146544,213.03697914872237
73780.0,6796455.98023915,4.627492275040648e-05,51.59999999999817,360.0,213.32608206395383,213.35952921630934
73790.0,6796451.681574128,4.667038734513399e-05,51.59999999999818,360.0,213.64908460695827,213.6820832535576
73800.0,6796447.382908493,4.706437111561342e-05,51.59999999999818,360.0,213.97208366979683,214.0046411475317
73810.0,6796443.084242124,4.745686156550553e-05,51.59999999999814,360.0,214.2950793637087,214.32720279333077
73820.0,6796438.785575012,4.784784623498626e-05,51.59999999999823,360.0,214.61807179113416,214.64976809494092
73830.0,6796434.486906995,4.823731272499948e-05,51.599999999998204,360.0,214.941061063723,214.97233694715024
73840.0,6796430.188237988,4.86252486806293e-05,51.599999999998204,360.0,215.26404727697144,215.29490926091844
73850.0,6796425.889567935,4.9011641789078874e-05,51.599999999998204,360.0,215.58703053028322,215.617484943376
73860.0,6796421.59089668,4.939647979921125e-05,51.5999999999982,360.0,215.9100109173384,215.94006390732514
73870.0,6796417.29222403,4.977975050775491e-05,51.59999999999813,360.0,216.232988541087,216.26264605633924
73880.0,6796412.993549938,5.016144175080627e-05,51.599999999997976,360.0,216.55596348033268,216.58523131820738
73890.0,6796408.694874288,5.0541541420899036e-05,51.59999999999799,360.0,216.8789358285727,216.90781960600154
73900.0,6796404.3961968385,5.0920037471005865e-05,51.599999999998104,360.0,217.20190567743444,217.2304108347529
73910.0,6796400.097517493,5.129691789139825e-05,51.59999999999822,360.0,217.5248731021489,217.55300493583033
73920.0,6796395.798836036,5.167217073639833e-05,51.5999999999983,360.0,217.8478381962463,217.87560182237718
73930.0,6796391.500152342,5.204578409972068e-05,51.5999999999982,360.0,218.17080102708147,218.19820143370396
73940.0,6796387.2014661,5.2417746146613594e-05,51.59999999999827,360.0,218.49376168818108,218.52080368300267
73950.0,6796382.902777064,5.278804508758749e-05,51.599999999998325,360.0,218.8167202582499,218.84340849824682
73960.0,6796378.604084981,5.315666918623026e-05,51.599999999998346,360.0,219.13967681692176,219.1660158065463
73970.0,6796374.305389489,5.352360677083648e-05,51.59999999999843,360.0,219.46263145345878,219.48862552539615
73980.0,6796370.006690246,5.38888462156387e-05,51.599999999998346,360.0,219.785584241931,219.81123758746648
73990.0,6796365.7079867795,5.4252375964352276e-05,51.599999999998374,360.0,220.10853527986976,220.1338519020517
74000.0,6796361.409278518,5.461418451997761e-05,51.59999999999838,360.0,220.43148465577406,220.4564683874058
74010.0,6796357.110564877,5.4974260442336974e-05,51.59999999999844,360.0,220.75443246338713,220.77908695660827
74020.0,6796352.811845144,5.5332592357068295e-05,51.599999999998694,360.0,221.0773788050771,221.1017075140797
74030.0,6796348.513118233,5.568916897192021e-05,51.599999999998744,360.0,221.4003238054566,221.4243299420747
74040.0,6796344.214382919,5.6043979066321016e-05,51.59999999999877,360.0,221.72326760276667,221.746954109172
74050.0,6796339.915637643,5.639701149774339e-05,51.59999999999892,360.0,222.04621035047526,222.06957986875727
74060.0,6796335.616880259,5.67482552274345e-05,51.599999999999085,360.0,222.3691522470336,222.39220702923225
74070.0,6796331.318107755,5.709769934333603e-05,51.599999999999014,360.0,222.69209355308885,222.71483533682624
74080.0,6796327.019315742,5.744533309902315e-05,51.59999999999888,360.0,223.01503462890437,223.03746443817195
74090.0,6796322.720497727,5.779114597027457e-05,51.59999999999881,360.0,223.33797598498063,223.360093829608
74100.0,6796318.421642645,5.8135127854139193e-05,51.59999999999873,360.0,223.66091846889904,223.68272267046927
74110.0,6796314.122730367,5.847726941445596e-05,51.599999999999014,360.0,223.98386359338696,224.00534945491313
74120.0,6796309.823716621,5.8817563274842394e-05,51.599999999999,360.0,224.30681466187872,224.32797088638546
74130.0,6796305.5244681435,5.915600909363251e-05,51.59999999999885,360.0,224.62978159744404,224.65057704869778
74140.0,6796301.223691274,5.949269729071963e-05,51.59999999999877,360.0,224.95286115540185,224.97307119345416
74150.0,6796296.927176384,5.982716500482317e-05,51.59999999999872,360.0,225.27561904248262,225.29588762082616
74160.0,6796292.629024393,6.015986127216983e-05,51.59999999999881,360.0,225.59849968080403,225.6185819155918
74170.0,6796288.3306479845,6.0490665697891754e-05,51.59999999999871,360.0,225.92139624823187,225.9412609067801
74180.0,6796284.03218347,6.081955720679959e-05,51.599999999998715,360.0,226.24429841872458,226.26393492734766
74190.0,6796279.73367092,6.114652225124793e-05,51.59999999999873,360.0,226.56720315347394,226.58660702296712
74200.0,6796275.435127722,6.147154910911066e-05,51.59999999999873,360.0,226.8901091452504,226.90927850776316
74210.0,6796271.136562996,6.179462675383141e-05,51.599999999998715,360.0,227.2130157139496,227.2319500687601
74220.0,6796266.837982088,6.211574451870489e-05,51.599999999998886,360.0,227.53592247362937,227.5546220987505
74230.0,6796262.539388426,6.243489194034716e-05,51.59999999999885,360.0,227.85882918003375,227.877294848874
74240.0,6796258.240784364,6.275205870450076e-05,51.59999999999878,360.0,228.1817356752157,228.199968483946
74250.0,6796253.942171427,6.306723461995622e-05,51.599999999998765,360.0,228.504641862287,228.5226431077201
74260.0,6796249.643550805,6.33804095865509e-05,51.59999999999881,360.0,228.82754767088966,228.84531879742926
74270.0,6796245.34492342,6.369157358714207e-05,51.59999999999884,360.0,229.15045305195284,229.16799560896973
74280.0,6796241.046289924,6.400071669051196e-05,51.59999999999898,360.0,229.47335797663092,229.49067357801943
74290.0,6796236.747650872,6.430782903430833e-05,51.59999999999899,360.0,229.7962624230108,229.8133527332907
74300.0,6796232.449006643,6.461290083522107e-05,51.599999999999056,360.0,230.11916638067189,230.13603309204058
74310.0,6796228.150357577,6.491592237775672e-05,51.599999999999156,360.0,230.44206984394245,230.45871466674396
74320.0,6796223.851703939,6.521688401517559e-05,51.599999999999085,360.0,230.7649728123378,230.78139746465567
74330.0,6796219.553045956,6.551577617066344e-05,51.59999999999912,360.0,231.08787528652044,231.10408149187143
74340.0,6796215.254383763,6.581258933953683e-05,51.59999999999905,360.0,231.41077727661855,231.4267667450357
74350.0,6796210.955717547,6.610731407998778e-05,51.599999999999135,360.0,231.733678786053,231.7494532274789
74360.0,6796206.657047363,6.639994102366132e-05,51.59999999999904,360.0,232.0565798281309,232.07214093257693
74370.0,6796202.358373392,6.669046086413662e-05,51.59999999999912,360.0,232.37948040776305,232.39482986215395
74380.0,6796198.05969563,6.697886436912911e-05,51.59999999999903,360.0,232.702380541311,232.7175200065024
74390.0,6796193.761014247,6.726514236685409e-05,51.59999999999917,360.0,233.0252802341029,233.04021136693504
74400.0,6796189.462329173,6.754928576362537e-05,51.5999999999991,360.0,233.3481795070188,233.36290392926264
74410.0,6796185.163640517,6.783128552510284e-05,51.599999999999085,360.0,233.67107836758746,233.68559769255697
74420.0,6796180.864948378,6.811113268729413e-05,51.59999999999919,360.0,233.9939768256618,234.0082926535753
74430.0,6796176.566252611,6.838881836526536e-05,51.599999999999255,360.0,234.31687490784418,234.33098879228373
74440.0,6796172.267553316,6.866433372982683e-05,51.5999999999992,360.0,234.63977262115375,234.65368610819695
74450.0,6796167.9688505335,6.893767002646912e-05,51.59999999999919,360.0,234.9626699760504,234.97638459739855
74460.0,6796163.670144253,6.920881856913612e-05,51.59999999999925,360.0,235.28556699016283,235.2990842487579
74470.0,6796159.37143446,6.947777074434575e-05,51.599999999999234,360.0,235.60846367812184,235.62178505412592
74480.0,6796155.072721183,6.974451800517956e-05,51.599999999999234,360.0,235.93136004977606,235.9444870101094
74490.0,6796150.7740043765,7.000905187376025e-05,51.59999999999928,360.0,236.25425612685197,236.2671901013721
74500.0,6796146.475284112,7.027136394146952e-05,51.59999999999927,360.0,236.57715191392714,236.5898943297362
74510.0,6796142.176560345,7.053144587810642e-05,51.599999999999284,360.0,236.90004742945837,236.91259968309774
74520.0,6796137.877832964,7.078928942757223e-05,51.59999999999936,360.0,237.2229426933666,237.2353061478897
74530.0,6796133.5791020775,7.10448863790174e-05,51.599999999999255,360.0,237.54583771288148,237.55801372316097
74540.0,6796129.280367623,7.129822862522157e-05,51.59999999999935,360.0,237.8687325027843,237.8807224004228
74550.0,6796124.98162962,7.154930810765576e-05,51.59999999999933,360.0,238.19162707344995,238.2034321755161
74560.0,6796120.682887997,7.179811685049177e-05,51.599999999999376,360.0,238.51452144302849,238.52614303648738
74570.0,6796116.38414276,7.204464694636878e-05,51.599999999999255,360.0,238.83741562362212,238.84885497738583
74580.0,6796112.085393912,7.228889056175366e-05,51.59999999999923,360.0,239.1603096239478,239.17156799563517
74590.0,6796107.786641407,7.253083993457336e-05,51.59999999999919,360.0,239.4832034601567,239.49428208117166
74600.0,6796103.487885267,7.277048737393655e-05,51.59999999999918,360.0,239.80609714232725,239.8169972299935
74610.0,6796099.189125379,7.30078252725567e-05,51.59999999999925,360.0,240.12899068978038,240.13971342882064
74620.0,6796094.890361837,7.324284607731357e-05,51.59999999999932,360.0,240.45188410578422,240.46243068034386
74630.0,6796090.591594481,7.347554232950227e-05,51.599999999999255,360.0,240.7747774123197,240.78514896849043
74640.0,6796086.292823437,7.370590662315322e-05,51.59999999999929,360.0,241.09767061022103,241.10786829837946
74650.0,6796081.994048667,7.393393163597727e-05,51.59999999999929,360.0,241.42056371096325,241.43058866434092
74660.0,6796077.695270065,7.415961012737703e-05,51.59999999999927,360.0,241.74345673418765,241.75331005260523
74670.0,6796073.396487664,7.438293492030351e-05,51.59999999999932,360.0,242.06634968781907,242.0760324609874
74680.0,6796069.097701418,7.46038989198339e-05,51.59999999999937,360.0,242.38924258382133,242.39875588326134
74690.0,6796064.798911331,7.482249509979052e-05,51.59999999999948,360.0,242.71213543183,242.72148031552362
74700.0,6796060.5001173215,7.503871651288217e-05,51.5999999999995,360.0,243.03502824600315,243.04420574923105
74710.0,6796056.201319381,7.525255629037511e-05,51.599999999999525,360.0,243.357921035704,243.36693218061507
74720.0,6796051.902517543,7.546400762588848e-05,51.59999999999955,360.0,243.68081380884288,243.68965960731913
74730.0,6796047.603711816,7.567306379514415e-05,51.59999999999952,360.0,244.0037065722192,244.01238802807785
74740.0,6796043.304902193,7.58797181514318e-05,51.59999999999952,360.0,244.32659933636222,244.3351174378348
74750.0,6796039.006088497,7.608396413968277e-05,51.59999999999956,360.0,244.64949212093117,244.65784782230784
74760.0,6796034.707270848,7.628579525405046e-05,51.599999999999575,360.0,244.9723849263808,244.9805791864255
74770.0,6796030.408449185,7.648520508278014e-05,51.59999999999958,360.0,245.29527776210836,245.30331152612288
74780.0,6796026.109623487,7.668218727684913e-05,51.599999999999575,360.0,245.61817064310947,245.62604483166942
74790.0,6796021.810793747,7.687673557893407e-05,51.59999999999956,360.0,245.94106357548435,245.94877910214842
74800.0,6796017.511959995,7.706884379900841e-05,51.599999999999575,360.0,246.2639565652257,246.2715143367541
74810.0,6796013.213122116,7.72585058316094e-05,51.59999999999963,360.0,246.5868496275439,246.5942505254012
74820.0,6796008.9142801855,7.744571564278364e-05,51.59999999999962,360.0,246.90974276400593,246.91698767155893
74830.0,6796004.615434119,7.763046728476374e-05,51.59999999999963,360.0,247.23263598782268,247.23972576706632
74840.0,6796000.316584002,7.781275486863884e-05,51.59999999999957,360.0,247.55552930194693,247.5624648138901
74850.0,6795996.017729749,7.799257260821225e-05,51.599999999999675,360.0,247.8784227171061,247.88520480620681
74860.0,6795991.718871423,7.816991477206318e-05,51.59999999999976,360.0,248.20131623931516,248.20794574282132
74870.0,6795987.420008918,7.834477573079969e-05,51.599999999999774,360.0,248.5242098812081,248.53068761594395
74880.0,6795983.121142275,7.851714991547808e-05,51.5999999999998,360.0,248.84710364578288,248.85343042727095
74890.0,6795978.822271493,7.868703184441605e-05,51.599999999999746,360.0,249.1699975422283,249.17617417229482
74900.0,6795974.5233965665,7.885441611303367e-05,51.59999999999979,360.0,249.49289157454402,249.49891885163072
74910.0,6795970.224517449,7.901929739837877e-05,51.599999999999795,360.0,249.8157857528103,249.82166445977742
74920.0,6795965.925634187,7.918167044738852e-05,51.5999999999997,360.0,250.1386800834964,250.1444109947782
74930.0,6795961.6267468035,7.934153009618969e-05,51.59999999999972,360.0,250.4615745690217,250.46715845861223
74940.0,6795957.327855286,7.949887125402382e-05,51.59999999999963,360.0,250.78446921725276,250.7899068478047
74950.0,6795953.028959618,7.965368892441989e-05,51.59999999999961,360.0,251.10736403339334,251.11265616149922
74960.0,6795948.730059795,7.980597817344934e-05,51.59999999999967,360.0,251.43025902507316,251.43540639632758
74970.0,6795944.431155875,7.995573415034162e-05,51.59999999999967,360.0,251.7531541963921,251.75815755237832
74980.0,6795940.132247847,8.010295209557157e-05,51.59999999999962,360.0,252.07604955115778,252.08090962997113
74990.0,6795935.833335781,8.024762731296638e-05,51.59999999999963,360.0,252.39894509130355,252.4036626312604
75000.0,6795931.534419644,8.038975520003023e-05,51.5999999999997,360.0,252.72184082538143,252.72641655172887
75010.0,6795927.235499445,8.052933123247087e-05,51.5999999999997,360.0,253.0447367583085,253.04917139036823
75020.0,6795922.936575178,8.066635096931577e-05,51.5999999999997,360.0,253.36763289451616,253.37192714664644
75030.0,6795918.637646908,8.080081004563086e-05,51.59999999999974,360.0,253.69052923581688,253.6946838226029
75040.0,6795914.338714711,8.093270417604658e-05,51.59999999999969,360.0,254.01342578421335,254.0174414199398
75050.0,6795910.039778559,8.106202916405257e-05,51.59999999999972,360.0,254.3363225444983,254.3401999375456
75060.0,6795905.740838516,8.118878088684632e-05,51.59999999999967,360.0,254.65921951794476,254.6629593778417
75070.0,6795901.441894629,8.131295530746403e-05,51.599999999999625,360.0,254.98211670568503,254.98571974320265
75080.0,6795897.1429469595,8.143454846869977e-05,51.59999999999955,360.0,255.30501411035465,255.3084810344982
75090.0,6795892.84399552,8.155355649880365e-05,51.59999999999952,360.0,255.62791173392296,255.6312432531845
75100.0,6795888.545040409,8.166997560461746e-05,51.599999999999646,360.0,255.95080957617338,255.95400640282892
75110.0,6795884.246081658,8.178380207526809e-05,51.59999999999969,360.0,256.2737076389865,256.27677048485566
75120.0,6795879.947119376,8.189503228047583e-05,51.59999999999967,360.0,256.5966059186639,256.59953550614097
75130.0,6795875.648153609,8.200366267626268e-05,51.5999999999996,360.0,256.9195044191695,256.9223014659241
75140.0,6795871.349184461,8.210968979789644e-05,51.59999999999962,360.0,257.2424031373779,257.2450683703781
75150.0,6795867.050212058,8.221311026356814e-05,51.599999999999596,360.0,257.5653020661836,257.56783622961456
75160.0,6795862.75123646,8.231392077811227e-05,51.59999999999955,360.0,257.88820120732237,257.89060504486923
75170.0,6795858.452257823,8.241211812299577e-05,51.59999999999956,360.0,258.21110055279956,258.21337482697066
75180.0,6795854.153276323,8.250769916463011e-05,51.59999999999961,360.0,258.53400009661124,258.5361455847529
75190.0,6795849.854291988,8.260066085418491e-05,51.59999999999955,360.0,258.85689984060537,258.8589173190817
75200.0,6795845.555305049,8.269100022512325e-05,51.59999999999949,360.0,259.17979977137134,259.18169004602834
75210.0,6795841.2563157175,8.277871439251453e-05,51.59999999999955,360.0,259.5026998778467,259.504463779233
75220.0,6795836.9573241,8.286380055742728e-05,51.59999999999951,360.0,259.82560015660397,259.82723852463437
75230.0,6795832.658330419,8.294625600000796e-05,51.599999999999554,360.0,260.14850059619846,260.1500142961358
75240.0,6795828.359334969,8.302607808583736e-05,51.599999999999554,360.0,260.4714011816607,260.4727911110733
75250.0,6795824.060337955,8.310326426190086e-05,51.599999999999525,360.0,260.7943018993986,260.7955689853037
75260.0,6795819.761339684,8.31778120654609e-05,51.59999999999945,360.0,261.1172027308506,261.1183479396408
75270.0,6795815.462340502,8.324971910951586e-05,51.599999999999376,360.0,261.44010365651314,261.4411279957098
75280.0,6795811.163340846,8.331898309285589e-05,51.599999999999255,360.0,261.76300464561655,261.7639091863522
75290.0,6795806.864341097,8.338560179889475e-05,51.59999999999936,360.0,262.08590567551727,262.08669153623674
75300.0,6795802.565341744,8.344957309400685e-05,51.59999999999952,360.0,262.4088067143317,262.40947507913955
75310.0,6795798.266343293,8.351089492978842e-05,51.5999999999995,360.0,262.7317077267876,262.7322598522357
75320.0,6795793.967346286,8.356956534122931e-05,51.59999999999933,360.0,263.0546086783389,263.05504589179554
75330.0,6795789.668351525,8.362558244288384e-05,51.59999999999931,360.0,263.3775095143257,263.3778332541952
75340.0,6795785.369359761,8.367894443912575e-05,51.59999999999932,360.0,263.70041017983175,263.70062199599073
75350.0,6795781.070371948,8.372964961539834e-05,51.599999999999234,360.0,264.02331060830244,264.0234121852325
75360.0,6795776.771389252,8.377769633894464e-05,51.59999999999931,360.0,264.34621071801183,264.3462039051529
75370.0,6795772.472412896,8.38230830623606e-05,51.599999999999405,360.0,264.66911042065124,264.66899724543464
75380.0,6795768.173444486,8.386580832277208e-05,51.59999999999937,360.0,264.99200959934,264.99179232429225
75390.0,6795763.8744857805,8.390587073722388e-05,51.59999999999932,360.0,265.31490812887273,265.31458926819397
75400.0,6795759.57553921,8.394326901031085e-05,51.59999999999928,360.0,265.6378058277113,265.6373882598411
75410.0,6795755.276607508,8.3978001925991e-05,51.59999999999921,360.0,265.9607024988312,265.9601894973079
75420.0,6795750.977693973,8.401006835595335e-05,51.59999999999925,360.0,266.28359789399167,266.2829932298629
75430.0,6795746.6788032735,8.403946724693507e-05,51.59999999999928,360.0,266.6064916717374,266.6057997998917
75440.0,6795742.379940973,8.406619763394831e-05,51.599999999999255,360.0,266.92938341501025,266.9286096253361
75450.0,6795738.081114952,8.409025862739656e-05,51.59999999999932,360.0,267.2522725382345,267.25142329254953
75460.0,6795733.782335667,8.411164942051923e-05,51.59999999999932,360.0,267.5751582590264,267.57424158460265
75470.0,6795729.483618439,8.413036928058297e-05,51.59999999999933,360.0,267.8980394338308,267.8970656456931
75480.0,6795725.184985997,8.414641755031108e-05,51.59999999999933,360.0,268.2209143562772,268.2198971827298
75490.0,6795720.886475057,8.415979363795419e-05,51.59999999999936,360.0,268.5437802746725,268.542738947873
75500.0,6795716.588150122,8.41704970069382e-05,51.59999999999939,360.0,268.8666323478358,268.8655957827181
75510.0,6795712.290141917,8.41785271484486e-05,51.5999999999995,360.0,269.1894607600865,269.1884775032373
75520.0,6795707.992788041,8.418388350755313e-05,51.599999999999575,360.0,269.51224015753286,269.51140946356105
75530.0,6795703.697646417,8.418656516435258e-05,51.59999999999969,360.0,269.8348535326802,269.83450867133865
75540.0,6795699.421830646,8.418656275516701e-05,51.59999999999967,360.0,270.15601545951694,270.15906055268385
75550.0,6795695.118234265,8.418388352224613e-05,51.59999999999974,360.0,270.4792641713177,270.48152687433384
75560.0,6795690.816930064,8.417853302881375e-05,51.59999999999994,360.0,270.8023408668523,270.8041664374368
75570.0,6795686.516299139,8.417051064638083e-05,51.5999999999999,360.0,271.1253671499275,271.1268576380419
75580.0,6795682.215993657,8.415981631671695e-05,51.5999999999999,360.0,271.44836914863686,271.44957434781065
75590.0,6795677.915879054,8.41464502044505e-05,51.59999999999996,360.0,271.7713569783492,271.7723064510753
75600.0,6795673.615888999,8.413041261820383e-05,51.59999999999988,360.0,272.09433562258937,272.09504896391445
75610.0,6795669.315985968,8.411170398351313e-05,51.59999999999976,360.0,272.4173079063496,272.4177990608795
75620.0,6795665.016146621,8.409032482929614e-05,51.599999999999795,360.0,272.7402755861237,272.7405549849301
75630.0,6795660.7163553415,8.406627578121781e-05,51.599999999999845,360.0,273.06323984062925,273.0633155567398
75640.0,6795656.416601203,8.403955755715034e-05,51.59999999999995,360.0,273.3862014943994,273.38607995111414
75650.0,6795652.116876376,8.401017096536355e-05,51.59999999999985,360.0,273.7091611381748,273.7088475764921
75660.0,6795647.8171749385,8.397811690561766e-05,51.59999999999991,360.0,274.0321192238952,274.03161798011786
75670.0,6795643.517492381,8.394339636300663e-05,51.599999999999795,360.0,274.35507609329443,274.3543908193196
75680.0,6795639.217825054,8.39060104107113e-05,51.59999999999976,360.0,274.67803202637515,274.6771658130967
75690.0,6795634.918170212,8.386596020866629e-05,51.59999999999972,360.0,275.00098723138416,274.99994275208815
75700.0,6795630.618525461,8.382324700321245e-05,51.599999999999746,360.0,275.32394189600274,275.3227214475091
75710.0,6795626.318889013,8.377787212695199e-05,51.59999999999974,360.0,275.64689615801194,275.64550176031247
75720.0,6795622.019259178,8.372983699663098e-05,51.59999999999992,360.0,275.96985014727335,275.96828355932274
75730.0,6795617.719634685,8.36791431164981e-05,51.60000000000001,360.0,276.29280396640036,276.2910667405341
75740.0,6795613.420014367,8.362579207399896e-05,51.59999999999999,360.0,276.61575770812146,276.61385120978224
75750.0,6795609.120397298,8.356978554242395e-05,51.60000000000008,360.0,276.9387114456466,276.93663689229254
75760.0,6795604.820782615,8.351112527943556e-05,51.59999999999996,360.0,277.26166524874816,277.25942371671215
75770.0,6795600.521169623,8.344981313071782e-05,51.59999999999984,360.0,277.58461917444475,277.5822116242879
75780.0,6795596.221557651,8.338585102196075e-05,51.59999999999993,360.0,277.9075732795927,277.90500055644014
75790.0,6795591.921946201,8.331924096793688e-05,51.599999999999994,360.0,278.23052760521614,278.2277904702939
75800.0,6795587.622334657,8.324998505815394e-05,51.600000000000044,360.0,278.55348220055293,278.55058131469076
75810.0,6795583.322722757,8.3178085482445e-05,51.600000000000016,360.0,278.87643709383605,278.87337305940156
75820.0,6795579.023110057,8.310354450217297e-05,51.60000000000007,360.0,279.1993923208813,279.19616566653025
75830.0,6795574.723496209,8.302636446920718e-05,51.60000000000017,360.0,279.52234791428634,279.5189591013929
75840.0,6795570.42388097,8.294654781746769e-05,51.60000000000011,360.0,279.84530389883497,279.84175333693776
75850.0,6795566.124263943,8.286409705968617e-05,51.60000000000011,360.0,280.1682603041462,280.1645483412817
75860.0,6795561.824645003,8.277901480541692e-05,51.6000000000001,360.0,280.4912171515993,280.48734409072284
75870.0,6795557.525023909,8.269130373691123e-05,51.600000000000286,360.0,280.81417446181325,280.8101405621945
75880.0,6795553.225400381,8.26009666200596e-05,51.600000000000456,360.0,281.1371322612157,281.13293772672046
75890.0,6795548.925774291,8.25080063091566e-05,51.60000000000037,360.0,281.4600905645486,281.4557355669952
75900.0,6795544.626145448,8.241242573982622e-05,51.600000000000364,360.0,281.78304939009894,281.77853406209715
75910.0,6795540.326513792,8.231422793515098e-05,51.60000000000031,360.0,282.10600875029957,282.1013331968858
75920.0,6795536.026879116,8.221341599526472e-05,51.60000000000044,360.0,282.4289686658622,282.42413294784427
75930.0,6795531.727241305,8.210999310778487e-05,51.60000000000042,360.0,282.7519291504879,282.74693329840494
75940.0,6795527.427600232,8.200396254027461e-05,51.60000000000038,360.0,283.0748902213978,283.0697342284057
75950.0,6795523.127955807,8.18953276446624e-05,51.60000000000025,360.0,283.397851888556,283.3925357248895
75960.0,6795518.82830792,8.178409185421748e-05,51.60000000000013,360.0,283.7208141651876,283.71533777155145
75970.0,6795514.528656529,8.167025869020836e-05,51.60000000000013,360.0,284.04377706123995,284.0381403553353
75980.0,6795510.229001574,8.155383175258781e-05,51.60000000000019,360.0,284.36674058938195,284.3609434603141
75990.0,6795505.929342942,8.143481472315378e-05,51.60000000000001,360.0,284.68970476279554,284.68374707003676
76000.0,6795501.6296805525,8.131321136489631e-05,51.60000000000002,360.0,285.0126695917806,285.00655117086393
76010.0,6795497.3300144095,8.118902553218002e-05,51.600000000000065,360.0,285.33563508602816,285.3293557496852
76020.0,6795493.030344431,8.106226114857059e-05,51.600000000000065,360.0,285.6586012542063,285.6521607943411
76030.0,6795488.730670562,8.093292222690022e-05,51.60000000000011,360.0,285.9815681084527,285.97496628913603
76040.0,6795484.430992815,8.080101286453038e-05,51.60000000000005,360.0,286.304535654339,286.2977722249023
76050.0,6795480.131311073,8.066653723070577e-05,51.60000000000011,360.0,286.62750390650444,286.62057858330866
76060.0,6795475.831625352,8.052949958497585e-05,51.60000000000016,360.0,286.9504728708563,286.9433853546984
76070.0,6795471.531935651,8.038990427059191e-05,51.60000000000024,360.0,287.2734425540453,287.26619252862093
76080.0,6795467.232241841,8.024775569959827e-05,51.60000000000019,360.0,287.5964129722958,287.5890000849101
76090.0,6795462.932543982,8.010305837930695e-05,51.600000000000044,360.0,287.91938412710584,287.9118080181672
76100.0,6795458.632842027,7.995581688764698e-05,51.600000000000016,360.0,288.2423560295856,288.2346163132901
76110.0,6795454.333135953,7.980603589116176e-05,51.60000000000001,360.0,288.5653286891353,288.5574249567946
76120.0,6795450.033425761,7.965372013004322e-05,51.599999999999994,360.0,288.8883021106203,288.88023393968103
76130.0,6795445.733711396,7.949887442794206e-05,51.59999999999999,360.0,289.21127630734856,289.203043244464
76140.0,6795441.433992915,7.934150369466748e-05,51.60000000000003,360.0,289.53425128131346,289.5258528648539
76150.0,6795437.134270243,7.918161291157991e-05,51.60000000000011,360.0,289.85722704762446,289.8486627814444
76160.0,6795432.834543398,7.901920714805332e-05,51.59999999999999,360.0,290.1802036108931,290.17147298524634
76170.0,6795428.534812441,7.885429155287958e-05,51.59999999999995,360.0,290.5031809742442,290.49428346873157
76180.0,6795424.235077295,7.868687134063117e-05,51.59999999999988,360.0,290.8261591511508,290.8170942138508
76190.0,6795419.935337977,7.851695182435003e-05,51.59999999999983,360.0,291.14913814754266,291.1399052101704
76200.0,6795415.635594502,7.834453838242818e-05,51.599999999999795,360.0,291.4721179679672,291.4627164485177
76210.0,6795411.335846876,7.816963648837297e-05,51.59999999999984,360.0,291.79509862602436,291.78552791063305
76220.0,6795407.036095113,7.799225167711188e-05,51.59999999999978,360.0,292.11808012451723,292.1083395889717
76230.0,6795402.736339184,7.781238957731859e-05,51.59999999999986,360.0,292.44106247629776,292.4311514658991
76240.0,6795398.43657912,7.763005588331359e-05,51.59999999999982,360.0,292.7640456861519,292.7539635318046
76250.0,6795394.1368149165,7.744525637766246e-05,51.59999999999979,360.0,293.08702976428924,293.0767757715327
76260.0,6795389.837046619,7.725799691807711e-05,51.599999999999746,360.0,293.4100147146443,293.39958817624364
76270.0,6795385.537274142,7.706828343689512e-05,51.59999999999975,360.0,293.733000551742,293.722400726407
76280.0,6795381.237497559,7.687612195009477e-05,51.59999999999976,360.0,294.05598728041247,294.0452134121246
76290.0,6795376.937716902,7.668151855109247e-05,51.599999999999774,360.0,294.37897490563427,294.36802622329486
76300.0,6795372.637932096,7.648447940418879e-05,51.59999999999978,360.0,294.701963444582,294.6908391376078
76310.0,6795368.33814329,7.628501076738409e-05,51.59999999999987,360.0,295.0249528945663,295.013652152509
76320.0,6795364.038350404,7.608311895648875e-05,51.59999999999987,360.0,295.34794327055425,295.33646524777026
76330.0,6795359.738553482,7.587881037748623e-05,51.59999999999988,360.0,295.67093458233774,295.65927840829903
76340.0,6795355.438752523,7.56720915088188e-05,51.59999999999992,360.0,295.9939268368934,295.98209162173254
76350.0,6795351.138947528,7.546296889872859e-05,51.59999999999995,360.0,296.3169200440632,296.3049048728568
76360.0,6795346.839138588,7.525144918901072e-05,51.599999999999866,360.0,296.63991420920075,296.6277181508067
76370.0,6795342.539325653,7.50375390834415e-05,51.599999999999895,360.0,296.96290934501775,296.9505314373932
76380.0,6795338.239508769,7.482124536812855e-05,51.59999999999992,360.0,297.28590546082535,297.2733447177492
76390.0,6795333.939687941,7.460257490082931e-05,51.59999999999985,360.0,297.6089025643495,297.59615797856054
76400.0,6795329.6398632135,7.438153461546096e-05,51.59999999999983,360.0,297.93190066582036,297.9189712039115
76410.0,6795325.3400345715,7.415813152311544e-05,51.59999999999992,360.0,298.2548997770047,298.2417843763775
76420.0,6795321.040202034,7.39323727098542e-05,51.59999999999993,360.0,298.5778999076765,298.5645974804426
76430.0,6795316.7403655695,7.370426533426068e-05,51.59999999999992,360.0,298.900901070815,298.8874104973519
76440.0,6795312.440525341,7.347381663930692e-05,51.60000000000002,360.0,299.2239032667916,299.2102234208872
76450.0,6795308.140681192,7.324103392445946e-05,51.599999999999966,360.0,299.5469065209848,299.53303621984776
76460.0,6795303.840833283,7.300592458205592e-05,51.600000000000016,360.0,299.86991083295794,299.85584888874627
76470.0,6795299.540981499,7.276849606285238e-05,51.59999999999992,360.0,300.19291622409787,300.17866140022545
76480.0,6795295.241125962,7.252875590766683e-05,51.599999999999795,360.0,300.515922697464,300.50147374530997
76490.0,6795290.941266643,7.228671171368113e-05,51.599999999999845,360.0,300.838930269128,300.8242859018596
76500.0,6795286.641403537,7.204237116023021e-05,51.59999999999987,360.0,301.161938952665,301.1470978502563
76510.0,6795282.341536685,7.179574200088352e-05,51.59999999999995,360.0,301.4849487602167,301.4699095722841
76520.0,6795278.041666129,7.154683206146149e-05,51.59999999999992,360.0,301.80795970088684,301.79272105268376
76530.0,6795273.741791874,7.129564923980443e-05,51.599999999999966,360.0,302.13097178958594,302.115532270367
76540.0,6795269.441913939,7.104220150335594e-05,51.6000000000001,360.0,302.4539850403353,302.4383432051353
76550.0,6795265.142032254,7.078649689358599e-05,51.600000000000115,360.0,302.7769994721558,302.7611538317209
76560.0,6795260.842146913,7.052854352222477e-05,51.600000000000136,360.0,303.10001509271194,303.0839641361963
76570.0,6795256.542257811,7.026834957052923e-05,51.60000000000014,360.0,303.42303192593175,303.40677408835273
76580.0,6795252.242365028,7.000592329448606e-05,51.60000000000023,360.0,303.74604998282314,303.7295836708107
76590.0,6795247.94246854,6.974127302038651e-05,51.60000000000016,360.0,304.0690692823556,304.05239285829487
76600.0,6795243.642568307,6.947440714235072e-05,51.600000000000115,360.0,304.3920898414491,304.3752016274192
76610.0,6795239.342664366,6.920533412879279e-05,51.600000000000115,360.0,304.7151116772768,304.69800995465016
76620.0,6795235.042756744,6.893406252229306e-05,51.60000000000009,360.0,305.03813480169765,305.0208178216425
76630.0,6795230.742845329,6.866060091875488e-05,51.60000000000003,360.0,305.361159244941,305.34362519172015
76640.0,6795226.442930164,6.83849579991661e-05,51.600000000000044,360.0,305.68418502061735,305.66643204476514
76650.0,6795222.143011216,6.810714250920632e-05,51.600000000000044,360.0,306.00721215014846,305.98923835279635
76660.0,6795217.843088425,6.782716325979166e-05,51.60000000000011,360.0,306.3302406566067,306.31204408621767
76670.0,6795213.543161756,6.754502913033568e-05,51.60000000000011,360.0,306.6532705645394,306.6348492138887
76680.0,6795209.243231111,6.726074906962334e-05,51.60000000000005,360.0,306.976301899253,306.95765370389876
76690.0,6795204.943296432,6.697433209372585e-05,51.599999999999966,360.0,307.2993346870124,307.2804575233584
76700.0,6795200.64335768,6.668578728801308e-05,51.60000000000008,360.0,307.6223689524776,307.6032606409813
76710.0,6795196.343414735,6.639512380126708e-05,51.59999999999999,360.0,307.94540472658014,307.9260630191548
76720.0,6795192.043467429,6.610235084554814e-05,51.60000000000002,360.0,308.26844204557005,308.2488646149531
76730.0,6795187.743515673,6.580747770632923e-05,51.599999999999994,360.0,308.59148093770585,308.5716653933939
76740.0,6795183.443559276,6.55105137289898e-05,51.600000000000016,360.0,308.91452144153266,308.8944653092098
76750.0,6795179.143598022,6.521146831873601e-05,51.59999999999995,360.0,309.2375635993908,309.21726431333775
76760.0,6795174.843631673,6.491035095182291e-05,51.5999999999999,360.0,309.56060745417534,309.5400623561234
76770.0,6795170.543659902,6.460717115881322e-05,51.59999999999995,360.0,309.8836530574752,309.86285937917415
76780.0,6795166.243682344,6.43019385363638e-05,51.60000000000003,360.0,310.20670046318514,310.1856553218676
76790.0,6795161.943698603,6.399466274462944e-05,51.6000000000001,360.0,310.5297497291424,310.5084501195219
76800.0,6795157.643707953,6.368535348071105e-05,51.60000000000008,360.0,310.8528009408883,310.83124367977973
76810.0,6795153.3437098,6.337402051703307e-05,51.60000000000011,360.0,311.17585417360465,311.15403592065934
76820.0,6795149.043703167,6.306067366256823e-05,51.600000000000044,360.0,311.4989095322384,311.4768267303471
76830.0,6795144.743686752,6.274532276639161e-05,51.60000000000016,360.0,311.8219671489097,311.7996159698698
76840.0,6795140.44365898,6.242797771764907e-05,51.59999999999996,360.0,312.1450271783852,312.1224034776177
76850.0,6795136.143617629,6.210864842201357e-05,51.60000000000011,360.0,312.4680898255632,312.44518904182934
76860.0,6795131.843559572,6.178734477640846e-05,51.60000000000023,360.0,312.7911553674452,312.7679723786441
76870.0,6795127.54348025,6.14640766318202e-05,51.600000000000406,360.0,313.114224192407,313.0907530927886
76880.0,6795123.243372067,6.113885366934833e-05,51.60000000000038,360.0,313.43729692298535,313.4135305548182
76890.0,6795118.943222703,6.081168526460899e-05,51.60000000000031,360.0,313.76037454652794,313.73630377051524
76900.0,6795114.643008295,6.048257996328534e-05,51.60000000000021,360.0,314.0834589338347,314.05907086217877
76910.0,6795110.342673647,6.015154394591552e-05,51.600000000000186,360.0,314.4065543396889,314.3818275681304
76920.0,6795106.042028824,5.981857298064929e-05,51.60000000000019,360.0,314.7296752372181,314.70455940831795
76930.0,6795101.742499411,5.948378918440079e-05,51.60000000000023,360.0,315.0527151686049,315.02737283366844
76940.0,6795097.444028754,5.91471971617041e-05,51.6000000000001,360.0,315.37567548969145,315.3502664814465
76950.0,6795093.14451253,5.880864414632974e-05,51.60000000000005,360.0,315.6987155969452,315.6730809482632
76960.0,6795088.844825587,5.846820932720672e-05,51.60000000000005,360.0,316.0217701327512,315.995881584825
76970.0,6795084.545064195,5.812591107246785e-05,51.60000000000009,360.0,316.34483199744585,316.3186754839118
76980.0,6795080.245260485,5.7781762781310494e-05,51.6000000000001,360.0,316.6678988619596,316.6414649676828
76990.0,6795075.945429272,5.743577655153021e-05,51.60000000000007,360.0,316.99096968047104,316.9642510750559
77000.0,6795071.6455786135,5.70879640066247e-05,51.59999999999997,360.0,317.3140439087888,317.2870343433316
77010.0,6795067.345713423,5.673833657912992e-05,51.6000000000001,360.0,317.63712123478916,317.60981507776387
77020.0,6795063.045836831,5.638690562278278e-05,51.600000000000044,360.0,317.9602014745653,317.93259345533073
77030.0,6795058.745950988,5.603368246418696e-05,51.60000000000002,360.0,318.28328452582207,318.25536957152946
77040.0,6795054.446057628,5.5678678457454535e-05,51.600000000000165,360.0,318.606370310195,318.5781434978016
77050.0,6795050.146157805,5.532190495983737e-05,51.60000000000019,360.0,318.9294588031126,318.90091525189644
77060.0,6795045.846252461,5.496337337627886e-05,51.60000000000023,360.0,319.25254998799824,319.2236848435242
77070.0,6795041.546342378,5.460309515279547e-05,51.60000000000025,360.0,319.57564386451673,319.5464522661988
77080.0,6795037.246428085,5.424108177343284e-05,51.60000000000019,360.0,319.8987404481142,319.86921749762604
77090.0,6795032.946510061,5.3877344770235316e-05,51.600000000000364,360.0,320.2218397644964,320.1919805052722
77100.0,6795028.646588795,5.351189573285262e-05,51.600000000000264,360.0,320.54494183681373,320.5147412592521
77110.0,6795024.346664582,5.314474629159655e-05,51.60000000000034,360.0,320.8680467022884,320.8374997155145
77120.0,6795020.046737659,5.277590812359602e-05,51.60000000000028,360.0,321.19115440756593,321.16025582065157
77130.0,6795015.746808301,5.2405392962347324e-05,51.60000000000034,360.0,321.51426499971194,321.4830095208307
77140.0,6795011.446876746,5.203321259491332e-05,51.60000000000035,360.0,321.8373785259721,321.805760762098
77150.0,6795007.146943245,5.165937885942518e-05,51.600000000000335,360.0,322.16049503766294,322.1285094863918
77160.0,6795002.847007902,5.12839036361317e-05,51.60000000000028,360.0,322.4836145970648,322.4512556247099
77170.0,6794998.54707089,5.09067988622751e-05,51.600000000000286,360.0,322.80673726964744,322.77399910494927
77180.0,6794994.247132413,5.0528076531105205e-05,51.60000000000023,360.0,323.129863112927,323.09673986287015
77190.0,6794989.947192585,5.0147748677315726e-05,51.600000000000044,360.0,323.45299219818907,323.41947782061055
77200.0,6794985.647251503,4.9765827388054705e-05,51.60000000000008,360.0,323.7761246024736,323.74221289449554
77210.0,6794981.347309235,4.938232479607567e-05,51.60000000000008,360.0,324.09926040542837,324.0649449982378
77220.0,6794977.047365972,4.899725309863685e-05,51.59999999999999,360.0,324.4223996772778,324.38767405507724
77230.0,6794972.747421797,4.861062453030124e-05,51.599999999999966,360.0,324.7455425029943,324.71039997349436
77240.0,6794968.447476777,4.822245137348069e-05,51.599999999999966,360.0,325.06868897282936,325.0331226567026
77250.0,6794964.147531042,4.783274596893219e-05,51.59999999999999,360.0,325.39183917420473,325.35584201074545
77260.0,6794959.847584577,4.744152069161683e-05,51.59999999999995,360.0,325.7149932073361,325.67855792898416
77270.0,6794955.547637573,4.704878798147805e-05,51.59999999999987,360.0,326.0381511645956,326.0012703125646
77280.0,6794951.247690022,4.66545603093454e-05,51.59999999999992,360.0,326.3613131567359,326.32397904433185
77290.0,6794946.947742037,4.6258850207984456e-05,51.59999999999988,360.0,326.68447928662795,326.64668401503747
77300.0,6794942.647793764,4.586167025641414e-05,51.59999999999991,360.0,327.0076496568212,326.96938511576764
77310.0,6794938.347845122,4.5463033059160154e-05,51.599999999999966,360.0,327.3308243988598,327.29208220865564
77320.0,6794934.047896308,4.5062951295759095e-05,51.600000000000065,360.0,327.65400362323044,327.6147751769055
77330.0,6794929.747947289,4.4661437668938504e-05,51.599999999999966,360.0,327.9771874622979,327.93746388192403
77340.0,6794925.447998102,4.425850493537387e-05,51.59999999999993,360.0,328.30037605433597,328.2601481791679
77350.0,6794921.148048868,4.38541659015042e-05,51.59999999999994,360.0,328.62356953463296,328.582827927188
77360.0,6794916.848099661,4.344843341634197e-05,51.59999999999992,360.0,328.9467680394267,328.9055029835686
77370.0,6794912.548150486,4.3041320366299736e-05,51.599999999999895,360.0,329.2699717237312,329.22817318715516
77380.0,6794908.24820145,4.263283969207447e-05,51.59999999999994,360.0,329.59318074566835,329.5508383737747
77390.0,6794903.948252473,4.222300435855992e-05,51.59999999999994,360.0,329.91639527788635,329.87349836469434
77400.0,6794899.64830372,4.1811827398212996e-05,51.59999999999996,360.0,330.2396154765723,330.1961529977423
77410.0,6794895.348355161,4.139932186873758e-05,51.60000000000001,360.0,330.5628415374912,330.5188020711387
77420.0,6794891.0484069735,4.098550088576811e-05,51.59999999999999,360.0,330.8860736267331,330.841445412906
77430.0,6794886.748459087,4.057037758799811e-05,51.59999999999996,360.0,331.209311955288,331.1640828061516
77440.0,6794882.448511524,4.0153965161966475e-05,51.600000000000016,360.0,331.53255672565075,331.486714042493
77450.0,6794878.148564403,3.973627684306698e-05,51.6000000000002,360.0,331.855808155194,331.80933889875314
77460.0,6794873.848617749,3.931732590198617e-05,51.600000000000165,360.0,332.1790664585474,332.1319571545375
77470.0,6794869.548671586,3.8897125647302754e-05,51.600000000000165,360.0,332.50233187971645,332.4545685601165
77480.0,6794865.24872595,3.847568942850519e-05,51.60000000000011,360.0,332.82560466217654,332.77717286632316
77490.0,6794860.948780879,3.805303063479795e-05,51.6000000000001,360.0,333.14888506832153,333.09976980515694
77500.0,6794856.648836376,3.7629162692017e-05,51.600000000000165,360.0,333.472173368521,333.42235910059816
77510.0,6794852.348892519,3.720409906961842e-05,51.60000000000017,360.0,333.7954698480851,333.74494046184583
77520.0,6794848.048949358,3.67778532742703e-05,51.600000000000136,360.0,334.11877480230174,334.0675135881016
77530.0,6794843.749006899,3.63504388472668e-05,51.60000000000017,360.0,334.44208855547987,334.3900781495936
77540.0,6794839.449065157,3.592186936213591e-05,51.60000000000031,360.0,334.76541143024923,334.71263381827544
77550.0,6794835.149124098,3.549215842916677e-05,51.60000000000028,360.0,335.0887437820907,335.03518023332964
77560.0,6794830.849183855,3.506131971149756e-05,51.60000000000026,360.0,335.41208597055964,335.3577170298783
77570.0,6794826.549244426,3.462936689254682e-05,51.600000000000264,360.0,335.73543838801817,335.6802438103081
77580.0,6794822.2493058145,3.419631369508438e-05,51.60000000000031,360.0,336.05880144415005,336.00276015970906
77590.0,6794817.949368003,3.3762173872245804e-05,51.600000000000264,360.0,336.38217557455255,336.3252656373825
77600.0,6794813.649431103,3.332696122428147e-05,51.600000000000364,360.0,336.7055612231216,336.64775979430937
77610.0,6794809.349495097,3.289068957448354e-05,51.600000000000406,360.0,337.02895887008617,336.97024214518575
77620.0,6794805.049559962,3.245337277451356e-05,51.60000000000038,360.0,337.3523690282635,337.29271217223675
77630.0,6794800.749625832,3.201502473444558e-05,51.60000000000042,360.0,337.6757922275762,337.6151693405455
77640.0,6794796.44969261,3.157565936726e-05,51.60000000000047,360.0,337.99922905440434,337.9376130588793
77650.0,6794792.149760335,3.113529062934287e-05,51.60000000000046,360.0,338.3226801007415,338.26004273040184
77660.0,6794787.849828941,3.0693932506458186e-05,51.6000000000005,360.0,338.6461460141164,338.5824577028139
77670.0,6794783.5498986365,3.025159903501758e-05,51.60000000000049,360.0,338.9696274515822,338.9048573143735
77680.0,6794779.249969273,2.9808304250470338e-05,51.60000000000039,360.0,339.29312514894343,339.227240824563
77690.0,6794774.950040847,2.9364062238568586e-05,51.60000000000035,360.0,339.6166398855577,339.549607449472
77700.0,6794770.650113435,2.891888711705971e-05,51.6000000000004,360.0,339.94017246296045,339.8719563830073
77710.0,6794766.35018703,2.847279302454637e-05,51.600000000000406,360.0,340.26372376079104,340.1942867409962
77720.0,6794762.050261608,2.80257941263362e-05,51.60000000000042,360.0,340.5872946988505,340.5165975992674
77730.0,6794757.750337224,2.757790462937487e-05,51.60000000000038,360.0,340.91088626448857,340.8388879660575
77740.0,6794753.450413779,2.7129138756251136e-05,51.600000000000485,360.0,341.23449953133496,341.16115676344236
77750.0,6794749.15049129,2.6679510759775525e-05,51.60000000000052,360.0,341.5581356400602,341.4834028465385
77760.0,6794744.8505698005,2.6229034923650573e-05,51.600000000000534,360.0,341.88179579109084,341.8056250106705
77770.0,6794740.550649247,2.577772555565638e-05,51.60000000000059,360.0,342.2054812912471,342.1278219449457
77780.0,6794736.250729633,2.5325596990856854e-05,51.60000000000063,360.0,342.52919353822756,342.4499922475985
77790.0,6794731.950810966,2.4872663589477962e-05,51.600000000000655,360.0,342.85293404129385,342.7721344053988
77800.0,6794727.650893177,2.4418939736327887e-05,51.60000000000068,360.0,343.17670442403204,343.09424679080496
77810.0,6794723.350976259,2.3964439843076725e-05,51.600000000000655,360.0,343.5005064215668,343.416327664781
77820.0,6794719.051060139,2.3509178339980755e-05,51.600000000000804,360.0,343.8243419434141,343.7383751140703
77830.0,6794714.7511448385,2.3053169690127012e-05,51.60000000000076,360.0,344.14821301469857,344.06038710979806
77840.0,6794710.45123026,2.2596428368091197e-05,51.600000000000705,360.0,344.47212184936717,344.38236143431106
77850.0,6794706.151316386,2.213896888678744e-05,51.60000000000072,360.0,344.79607085315735,344.7042956783017
77860.0,6794701.851403181,2.168080576672508e-05,51.600000000000584,360.0,345.12006261353343,345.02618725072983
77870.0,6794697.551490563,2.1221953559364894e-05,51.600000000000534,360.0,345.4440999872332,345.3480332914281
77880.0,6794693.2515785,2.0762426835653965e-05,51.600000000000406,360.0,345.7681860562022,345.6698307150344
77890.0,6794688.951666889,2.0302240182413983e-05,51.60000000000042,360.0,346.0923242111424,345.99157612752316
77900.0,6794684.651755714,1.984140821750891e-05,51.600000000000534,360.0,346.41651814486,346.3132658327809
77910.0,6794680.351844825,1.9379945565665333e-05,51.60000000000043,360.0,346.74077192521594,346.6348957597694
77920.0,6794676.051934196,1.891786688047261e-05,51.60000000000044,360.0,347.06509000976155,346.9564614478039
77930.0,6794671.752023664,1.8455186825776406e-05,51.60000000000042,360.0,347.3894773245681,347.27795796777326
77940.0,6794667.452113135,1.799192009066201e-05,51.600000000000435,360.0,347.7139393049963,347.5993798812859
77950.0,6794663.152202518,1.7528081383025985e-05,51.60000000000047,360.0,348.0384819752488,347.9207211612714
77960.0,6794658.8522916315,1.7063685419126013e-05,51.60000000000043,360.0,348.3631120244168,348.2419751157451
77970.0,6794654.5523803765,1.6598746941633117e-05,51.60000000000031,360.0,348.6878368997422,348.56313429470663
77980.0,6794650.252468567,1.6133280696941683e-05,51.60000000000022,360.0,349.012664913194,348.8841903834611
77990.0,6794645.9525559535,1.566730145228985e-05,51.60000000000034,360.0,349.3376054051238,349.2051340390317
78000.0,6794641.652642384,1.5200823990174136e-05,51.600000000000364,360.0,349.6626688386343,349.52595479575854
78010.0,6794637.352727725,1.4733863118650798e-05,51.60000000000035,360.0,349.9878670358379,349.8466408290689
78020.0,6794633.052811552,1.4266433629782327e-05,51.60000000000026,360.0,350.31321340603097,350.16717872720767
78030.0,6794628.752893705,1.3798550353358315e-05,51.60000000000017,360.0,350.6387231600848,350.487553276952
78040.0,6794624.452973904,1.333022812919283e-05,51.60000000000023,360.0,350.9644136820168,350.8077470920291
78050.0,6794620.153051754,1.2861481791150238e-05,51.600000000000314,360.0,351.2903049195596,351.12774022252
78060.0,6794615.853126903,1.2392326195089927e-05,51.60000000000032,360.0,351.61641985044054,351.447509688554
78070.0,6794611.553198951,1.1922776206363897e-05,51.6000000000004,360.0,351.942785116593,351.7670288461546
78080.0,6794607.253267355,1.1452846687403712e-05,51.60000000000035,360.0,352.2694317583349,352.0862666530802
78090.0,6794602.953331566,1.0982552510334851e-05,51.600000000000335,360.0,352.596396154747,352.40518672828335
78100.0,6794598.653391048,1.0511908565799234e-05,51.60000000000025,360.0,352.9237212514385,352.72374612434805
78110.0,6794594.353445029,1.0040929727552055e-05,51.600000000000364,360.0,353.2514581008596,353.0418937870653
78120.0,6794590.053492653,9.569630874945193e-06,51.6000000000004,360.0,353.57966786352483,353.35956855424945
78130.0,6794585.75353302,9.098026889330902e-06,51.60000000000038,360.0,353.9084244089659,353.6766965547735
78140.0,6794581.453565018,8.626132646512743e-06,51.6000000000002,360.0,354.2378178823856,353.9931876419375
78150.0,6794577.153587462,8.153963024643437e-06,51.60000000000026,360.0,354.56795933605525,354.3089307620005
78160.0,6794572.8535987185,7.681532868135753e-06,51.60000000000028,360.0,354.8989873026029,354.6237873809444
78170.0,6794568.55359703,7.208857017661777e-06,51.600000000000314,360.0,355.231076691541,354.937582588004
78180.0,6794564.253580154,6.735950278151317e-06,51.60000000000035,360.0,355.5644516883429,355.2500921964803
78190.0,6794559.953545556,6.2628274415951875e-06,51.60000000000026,360.0,355.8994043930383,355.5610241051696
78200.0,6794555.653489916,5.7895032374695815e-06,51.60000000000028,360.0,356.23632259994287,355.8699905187067
78210.0,6794551.35340903,5.3159923192949295e-06,51.60000000000023,360.0,356.57573253030745,356.17646521486745
78220.0,6794547.05329764,4.842309276058571e-06,51.59999999999999,360.0,356.9183666374186,356.4797157394813
78230.0,6794542.753148891,4.368468562773877e-06,51.600000000000044,360.0,357.2652755363153,356.77869147663574
78240.0,6794538.452953377,3.894484453067382e-06,51.60000000000003,360.0,357.6180219178404,357.0718297347192
78250.0,6794534.152698142,3.420370970817273e-06,51.59999999999987,360.0,357.97903568698706,357.35670060809247
78260.0,6794529.8523645075,2.9461417643843424e-06,51.59999999999991,360.0,358.3523124555179,357.62930848438003
78270.0,6794525.551923578,2.471809863118152e-06,51.59999999999984,360.0,358.74491680129074,357.88258878521026
78280.0,6794521.251328319,1.997387391546376e-06,51.59999999999978,360.0,359.1706287347646,358.1027614996961
78290.0,6794516.95049284,1.5228849791772257e-06,51.599999999999774,360.0,359.6604105590141,358.25886432438614
78300.0,6794512.6492339615,1.0483116712278907e-06,51.59999999999982,360.0,0.3013160921837228,358.2638434408288
78310.0,6794508.347026733,5.736857569760171e-07,51.59999999999973,360.0,1.4686454947951286,357.74239868827084
78320.0,6794504.040212206,9.985212899189385e-08,51.59999999999982,360.0,10.702948602482607,349.1539802309746
78330.0,6794499.764810249,3.74201303630853e-07,51.59999999999984,360.0,177.39077150856127,183.11204197556316
78340.0,6794495.46856874,8.480563291487449e-07,51.599999999999845,360.0,179.3124921045527,181.83620603055192
78350.0,6794491.170745425,1.3222462826220923e-06,51.59999999999992,360.0,180.0880762866772,181.70650649982142
78360.0,6794486.872348419,1.796496903543685e-06,51.59999999999999,360.0,180.62475081435477,181.81571662411628
78370.0,6794482.573652955,2.2707383526434286e-06,51.59999999999988,360.0,181.07217509581406,182.01417699544405
78380.0,6794478.274774811,2.744935239951098e-06,51.60000000000005,360.0,181.47660293464884,182.2556338105645
78390.0,6794473.97577376,3.2190628125555757e-06,51.60000000000023,360.0,181.85703516034442,182.52108624041233
78400.0,6794469.676684524,3.6931006642212756e-06,51.60000000000023,360.0,182.22271434170113,182.8012917166783
78410.0,6794465.377529327,4.1670304604872015e-06,51.600000000000335,360.0,182.57867637128848,183.09121434733038
78420.0,6794461.078323233,4.640834998298008e-06,51.600000000000364,360.0,182.9278992411058,183.38787614105146
78430.0,6794456.779076674,5.114497767889133e-06,51.600000000000364,360.0,183.27225683521385,183.6894032144667
78440.0,6794452.479797448,5.588002658338059e-06,51.60000000000035,360.0,183.612987181928,183.99455754008926
78450.0,6794448.180491352,6.061333847561798e-06,51.60000000000047,360.0,183.9509410965131,184.30248830351064
78460.0,6794443.8811628865,6.534475699546118e-06,51.60000000000058,360.0,184.28672259218018,184.61259149246342
78470.0,6794439.581815722,7.007412712568973e-06,51.60000000000047,360.0,184.6207722873681,184.92442648954986
78480.0,6794435.282452714,7.480129489603504e-06,51.60000000000049,360.0,184.95341918558992,185.23766429236892
78490.0,6794430.983076091,7.952610723348588e-06,51.600000000000485,360.0,185.28491391934534,185.55205426962442
78500.0,6794426.6836879,8.4248411498273e-06,51.60000000000038,360.0,185.6154507519694,185.86740215919082
78510.0,6794422.38428965,8.896805572181025e-06,51.60000000000043,360.0,185.94518260428703,186.183555041628
78520.0,6794418.084882743,9.368488822881711e-06,51.60000000000037,360.0,186.2742314803653,186.50039091426487
78530.0,6794413.785468292,9.839875775821875e-06,51.600000000000335,360.0,186.6026959152623,186.81781124352764
78540.0,6794409.486047264,1.0310951337820581e-05,51.600000000000165,360.0,186.9306563691026,187.13573557088654
78550.0,6794405.186620624,1.0781700422526948e-05,51.600000000000115,360.0,187.25817915309815,187.45409758672287
78560.0,6794400.887189051,1.1252107994214962e-05,51.599999999999994,360.0,187.58531944817355,187.77284211185756
78570.0,6794396.587753131,1.172215902977966e-05,51.599999999999966,360.0,187.91212354441532,188.09192285802013
78580.0,6794392.288313489,1.2191838526801016e-05,51.6000000000001,360.0,188.23863053502825,188.4113007338401
78590.0,6794387.988870522,1.2661131508776992e-05,51.60000000000007,360.0,188.56487368266048,188.73094247858927
78600.0,6794383.689424868,1.3130022996830526e-05,51.60000000000002,360.0,188.8908814384814,189.0508196431617
78610.0,6794379.389976739,1.3598498062628024e-05,51.60000000000011,360.0,189.21667836427073,189.37090766787568
78620.0,6794375.0905265715,1.4066541773140182e-05,51.60000000000009,360.0,189.54228566551743,189.69118534935697
78630.0,6794370.791074676,1.4534139221494578e-05,51.60000000000013,360.0,189.8677218166678,190.01163421543615
78640.0,6794366.491621364,1.5001275514806459e-05,51.60000000000019,360.0,190.19300295643788,190.3322381296873
78650.0,6794362.192166742,1.5467935794476813e-05,51.600000000000165,360.0,190.51814328433295,190.65298289498747
78660.0,6794357.8927111775,1.5934105196156992e-05,51.60000000000022,360.0,190.8431552832589,190.97385603092343
78670.0,6794353.593254828,1.6399768885639646e-05,51.60000000000008,360.0,191.16805002964665,191.29484646355857
78680.0,6794349.293797906,1.6864912049531283e-05,51.59999999999995,360.0,191.49283734288696,191.61594437611458
78690.0,6794344.994340556,1.732951988829985e-05,51.59999999999979,360.0,191.8175259875412,191.937141006723
78700.0,6794340.694882903,1.7793577626591876e-05,51.599999999999774,360.0,192.14212380029022,192.25842852144734
78710.0,6794336.395425137,1.8257070503151265e-05,51.59999999999978,360.0,192.4666377947269,192.57979990950528
78720.0,6794332.09596741,1.8719983767986305e-05,51.59999999999982,360.0,192.79107430304614,192.90124884159516
78730.0,6794327.7965097735,1.918230270966573e-05,51.59999999999985,360.0,193.1154390171748,193.22276962871499
78740.0,6794323.497052285,1.9644012633582166e-05,51.59999999999991,360.0,193.43973710302478,193.54435710802954
78750.0,6794319.197595094,2.0105098855572672e-05,51.59999999999995,360.0,193.7639732249734,193.8660066182496
78760.0,6794314.898138347,2.0565546706292284e-05,51.59999999999991,360.0,194.08815163219907,194.18771391336176
78770.0,6794310.598682018,2.1025341556537427e-05,51.59999999999983,360.0,194.41227620053243,194.50947512077346
78780.0,6794306.29922625,2.1484468789186604e-05,51.599999999999866,360.0,194.73635044594536,194.8312867278016
78790.0,6794301.999771164,2.194291380004501e-05,51.600000000000044,360.0,195.06037760405934,195.15314550225395
78800.0,6794297.700316645,2.2400662030604022e-05,51.59999999999997,360.0,195.38436064489707,195.47504847751003
78810.0,6794293.400862822,2.2857698928854986e-05,51.59999999999994,360.0,195.70830227107675,195.79699295447224
78820.0,6794289.101409736,2.331400996524492e-05,51.59999999999991,360.0,196.0322049972892,196.1189764220027
78830.0,6794284.801957422,2.376958064358583e-05,51.59999999999981,360.0,196.35607110939156,196.44099659791414
78840.0,6794280.502505961,2.4224396474515857e-05,51.59999999999985,360.0,196.67990273906824,196.76305135419614
78850.0,6794276.2030553995,2.467844300510736e-05,51.59999999999986,360.0,197.00370185217466,197.08513872880636
78860.0,6794271.9036057,2.5131705811401895e-05,51.59999999999986,360.0,197.32747026132228,197.40725691296828
78870.0,6794267.604156863,2.5584170493853645e-05,51.59999999999983,360.0,197.65120966081753,197.72940421626708
78880.0,6794263.304708975,2.603582266428571e-05,51.5999999999999,360.0,197.97492161836752,198.05157907497616
78890.0,6794259.005262005,2.648664797754632e-05,51.599999999999866,360.0,198.29860758096245,198.3737800461285
78900.0,6794254.70581602,2.693663210385247e-05,51.59999999999988,360.0,198.6222689012498,198.69600578118857
78910.0,6794250.406370978,2.738576074779097e-05,51.59999999999995,360.0,198.94590685122668,199.0182550122812
78920.0,6794246.106926877,2.7834019639001347e-05,51.59999999999994,360.0,199.26952260532025,199.34052656922674
78930.0,6794241.807483757,2.8281394534106115e-05,51.59999999999992,360.0,199.5931172616033,199.66281935822647
78940.0,6794237.508041594,2.872787121749251e-05,51.59999999999995,360.0,199.9166918540232,199.985132349696
78950.0,6794233.208600483,2.9173435495695122e-05,51.59999999999982,360.0,200.24024733528373,200.3074645952949
78960.0,6794228.909160265,2.961807322241098e-05,51.59999999999986,360.0,200.56378464018314,200.62981516469682
78970.0,6794224.609721072,3.0061770264035923e-05,51.599999999999895,360.0,200.88730458871794,200.95218324246284
78980.0,6794220.310282853,3.0504512524036725e-05,51.59999999999995,360.0,201.2108079909693,201.2745680230219
78990.0,6794216.0108456155,3.0946285933145635e-05,51.599999999999966,360.0,201.53429558883613,201.59696876916107
79000.0,6794211.711409244,3.1387076465182706e-05,51.60000000000003,360.0,201.85776810988145,201.91938475802766
79010.0,6794207.411973834,3.1826870111207616e-05,51.60000000000001,360.0,202.1812261899934,202.24181535844136
79020.0,6794203.112539318,3.226565289759483e-05,51.600000000000044,360.0,202.50467047950892,202.56425992489065
79030.0,6794198.813105711,3.270341088595014e-05,51.60000000000007,360.0,202.82810155417877,202.8867178864878
79040.0,6794194.513672956,3.3140130167563954e-05,51.60000000000008,360.0,203.15151998887757,203.2091886732706
79050.0,6794190.214241113,3.357579686331576e-05,51.60000000000011,360.0,203.47492629790398,203.53167177594227
79060.0,6794185.91481012,3.401039713585815e-05,51.60000000000014,360.0,203.79832098263014,203.85416669810508
79070.0,6794181.61537993,3.444391718141348e-05,51.60000000000016,360.0,204.1217045282932,204.17667295965094
79080.0,6794177.3159505045,3.487634322665776e-05,51.600000000000136,360.0,204.44507737990742,204.49919012065
79090.0,6794173.0165218515,3.530766152991271e-05,51.60000000000023,360.0,204.76843996301344,204.82171776078283
79100.0,6794168.717093953,3.573785839015618e-05,51.60000000000021,360.0,205.09179267537468,205.14425548751313
79110.0,6794164.417666838,3.616692013505826e-05,51.60000000000021,360.0,205.4151358995382,205.466802923569
79120.0,6794160.118240332,3.6594833146587265e-05,51.60000000000016,360.0,205.7384700108946,205.78935969892197
79130.0,6794155.818814505,3.702158382194557e-05,51.6000000000001,360.0,206.06179535449124,206.11192547387137
79140.0,6794151.519389259,3.744715861048822e-05,51.600000000000044,360.0,206.38511226068712,206.43449992352657
79150.0,6794147.219964637,3.787154398448598e-05,51.60000000000016,360.0,206.70842103851078,206.7570827443451
79160.0,6794142.920540539,3.829472646957991e-05,51.60000000000017,360.0,207.03172199236516,207.07967363741608
79170.0,6794138.621117001,3.871669261433464e-05,51.60000000000016,360.0,207.35501539624968,207.4022723343236
79180.0,6794134.321693922,3.9137429021054144e-05,51.60000000000017,360.0,207.6783015342271,207.72487855661421
79190.0,6794130.022271247,3.955692232301276e-05,51.60000000000013,360.0,208.00158067402216,208.04749204225075
79200.0,6794125.722848984,3.997515919334704e-05,51.60000000000014,360.0,208.32485305235988,208.37011256022478
79210.0,6794121.423427095,4.039212634222699e-05,51.6000000000001,360.0,208.64811891002415,208.6927398754653
79220.0,6794117.124005485,4.080781053106781e-05,51.600000000000044,360.0,208.9713784743023,209.0153737665253
79230.0,6794112.824584231,4.122219854289838e-05,51.600000000000065,360.0,209.29463195888422,209.3380140255559
79240.0,6794108.525163117,4.1635277229083714e-05,51.60000000000009,360.0,209.61787958237198,209.66066043980254
79250.0,6794104.225742172,4.2047033460393214e-05,51.6000000000001,360.0,209.94112154180087,209.98331281815908
79260.0,6794099.926321336,4.2457454158752466e-05,51.60000000000013,360.0,210.26435802530276,210.3059709784647
79270.0,6794095.626900558,4.28665262861903e-05,51.60000000000007,360.0,210.58758921798122,210.6286347416127
79280.0,6794091.327479821,4.327423684667708e-05,51.60000000000001,360.0,210.91081529311725,210.95130394035755
79290.0,6794087.028058965,4.3680572895342455e-05,51.59999999999996,360.0,211.23403643130686,211.27397840014584
79300.0,6794082.728638045,4.408552151707109e-05,51.59999999999992,360.0,211.5572527793967,211.59665798024096
79310.0,6794078.429216967,4.448906985159378e-05,51.5999999999999,0.0,211.88046449942843,211.91934252477714
79320.0,6794074.129795688,4.4891205078096114e-05,51.599999999999845,0.0,212.20367174267224,212.24203188867136
79330.0,6794069.830374073,4.529191443072948e-05,51.59999999999984,0.0,212.52687465970615,212.56472592759346
79340.0,6794065.530952115,4.56911851747127e-05,51.599999999999895,0.0,212.8500733832816,212.88742451496546
79350.0,6794061.23152973,4.6089004629080985e-05,51.59999999999988,0.0,213.17326805013485,213.21012752036617
79360.0,6794056.93210684,4.6485360158862525e-05,51.59999999999981,0.0,213.49645878586355,213.5328348245347
79370.0,6794052.632683337,4.688023917723977e-05,51.599999999999895,0.0,213.81964572456727,213.85554629967598
79380.0,6794048.333259202,4.727362913576449e-05,51.599999999999774,0.0,214.1428289776161,214.17826184083253
79390.0,6794044.033834277,4.766551754732684e-05,51.59999999999974,0.0,214.46600867004378,214.5009813293536
79400.0,6794039.734408483,4.8055891966895696e-05,51.59999999999973,0.0,214.7891849142487,214.82370465927985
79410.0,6794035.434981747,4.8444739990648854e-05,51.59999999999966,0.0,215.11235781670334,215.1464317306152
79420.0,6794031.135554024,4.883204926602595e-05,51.599999999999675,0.0,215.4355274807661,215.4691624464617
79430.0,6794026.8361251075,4.92178075024046e-05,51.59999999999967,0.0,215.75869401371975,215.79189670608773
79440.0,6794022.536695013,4.960200243718001e-05,51.59999999999981,0.0,216.08185751002605,216.1146344215465
79450.0,6794018.23726347,4.9984621883655135e-05,51.59999999999979,0.0,216.4050180755705,216.43737549355674
79460.0,6794013.937830361,5.036565369366332e-05,51.59999999999976,0.0,216.72817580627168,216.76011983275853
79470.0,6794009.6383955935,5.074508576409152e-05,51.59999999999982,360.0,217.0513307892552,217.08286735864817
79480.0,6794005.338958992,5.112290604894408e-05,51.59999999999994,360.0,217.37448311596836,217.40561798642617
79490.0,6794001.039520392,5.149910255473345e-05,51.599999999999895,360.0,217.6976328750895,217.7283716340669
79500.0,6793996.740079619,5.187366333972153e-05,51.5999999999999,360.0,218.02078015242336,218.05112822241324
79510.0,6793992.440636422,5.224657652064937e-05,51.599999999999895,360.0,218.34392504148957,218.37388766466248
79520.0,6793988.141190563,5.261783026508432e-05,51.59999999999999,360.0,218.6670676261239,218.69664988369885
79530.0,6793983.841741792,5.2987412793381867e-05,51.60000000000011,360.0,218.99020799065565,219.01941480191755
79540.0,6793979.542289686,5.335531239356876e-05,51.600000000000186,360.0,219.3133462291205,219.34218233204578
79550.0,6793975.242834023,5.37215173905605e-05,51.60000000000014,360.0,219.63648242075072,219.66495240161882
79560.0,6793970.943374364,5.4086016179408165e-05,51.600000000000186,360.0,219.95961665520755,219.98772492773656
79570.0,6793966.643910229,5.444879721566246e-05,51.600000000000264,360.0,220.28274902773927,220.31049982196822
79580.0,6793962.344440926,5.4809849023622535e-05,51.60000000000032,360.0,220.60587964235734,220.63327698710683
79590.0,6793958.044965825,5.516916017850421e-05,51.60000000000024,360.0,220.92900859798527,220.95605633104762
79600.0,6793953.745484065,5.552671932920835e-05,51.6000000000001,360.0,221.2521360090788,221.2788377461775
79610.0,6793949.445994573,5.588251519685758e-05,51.60000000000013,360.0,221.57526200471523,221.6016211102777
79620.0,6793945.146495881,5.623653659022513e-05,51.60000000000014,360.0,221.8983867396148,221.92440627546512
79630.0,6793940.846986126,5.6588772404883354e-05,51.6000000000002,360.0,222.2215103945473,222.24719306784544
79640.0,6793936.547462708,5.6939211651729466e-05,51.60000000000023,360.0,222.54463320214555,222.56998126165882
79650.0,6793932.247921952,5.728784348721935e-05,51.60000000000001,360.0,222.8677554775754,222.89277054859284
79660.0,6793927.94835857,5.7634657247475835e-05,51.599999999999895,360.0,223.1908776443383,223.21556051206937
79670.0,6793923.648763832,5.7979642600517253e-05,51.599999999999966,360.0,223.51400038154173,223.53835047987494
79680.0,6793919.34912262,5.832278977718725e-05,51.59999999999992,360.0,223.8371248390862,223.8611393090066
79690.0,6793915.049404695,5.8664090254405186e-05,51.59999999999975,360.0,224.16025328235943,224.18392474096677
79700.0,6793910.749533502,5.900353920376339e-05,51.59999999999969,360.0,224.4833914159635,224.50670107805706
79710.0,6793906.449174855,5.934115203208977e-05,51.5999999999998,360.0,224.80656416943725,224.8294433976492
79720.0,6793902.149312336,5.9676841600693435e-05,51.5999999999997,360.0,225.12969689664047,225.15222635278704
79730.0,6793897.8506948985,6.0010537641691546e-05,51.59999999999986,360.0,225.45273554315375,225.4751040048107
79740.0,6793893.551630262,6.034236189775236e-05,51.59999999999995,360.0,225.7758068774558,225.79794959216585
79750.0,6793889.252439592,6.067227886084354e-05,51.60000000000001,360.0,226.09888659840794,226.12078742288827
79760.0,6793884.9531874135,6.10002730429828e-05,51.60000000000001,360.0,226.42196981274944,226.4436223971428
79770.0,6793880.653898322,6.132633211650826e-05,51.59999999999994,360.0,226.7450546631053,226.76645637920498
79780.0,6793876.35458427,6.165044479356174e-05,51.600000000000016,360.0,227.06814025518256,227.0892902702948
79790.0,6793872.055251901,6.1972600260098e-05,51.600000000000044,360.0,227.39122610327198,227.41212456299513
79800.0,6793867.755905436,6.229278795261169e-05,51.59999999999997,360.0,227.71431190740796,227.7349595641334
79810.0,6793863.456547531,6.261099748739395e-05,51.599999999999795,360.0,228.0373974861471,228.0577954620794
79820.0,6793859.15718015,6.292721859465755e-05,51.599999999999696,360.0,228.3604827108055,228.38063239235922
79830.0,6793854.857804641,6.324144112014708e-05,51.5999999999997,360.0,228.68356750209637,228.7034704411506
79840.0,6793850.558421956,6.355365500127419e-05,51.59999999999975,360.0,229.00665180971671,229.02630966561324
79850.0,6793846.259032908,6.386385024826935e-05,51.599999999999596,360.0,229.32973559340508,229.34915011284943
79860.0,6793841.959638041,6.417201695612457e-05,51.59999999999943,360.0,229.65281883243915,229.67199181041192
79870.0,6793837.660237837,6.447814529139708e-05,51.599999999999454,360.0,229.97590151343343,229.9948347785191
79880.0,6793833.360832645,6.478222549347268e-05,51.59999999999931,360.0,230.2989836302527,230.31767903015972
79890.0,6793829.06142279,6.508424786948508e-05,51.599999999999284,360.0,230.62206518051983,230.640524574436
79900.0,6793824.762008479,6.538420279987232e-05,51.599999999999305,360.0,230.94514616770135,230.9633714147331
79910.0,6793820.4625900015,6.568208072121183e-05,51.599999999999234,360.0,231.26822658962098,231.28621955995692
79920.0,6793816.163167353,6.597787216424682e-05,51.5999999999992,360.0,231.59130646712498,231.60906899602924
79930.0,6793811.863740672,6.627156771111487e-05,51.59999999999911,360.0,231.91438580948017,231.93191972042612
79940.0,6793807.56431017,6.656315800587763e-05,51.599999999999,360.0,232.23746461882118,232.25477173774377
79950.0,6793803.264875869,6.685263377613939e-05,51.59999999999893,360.0,232.5605429134706,232.5776250363513
79960.0,6793798.965437975,6.713998579825928e-05,51.5999999999991,360.0,232.8836206957568,232.90047962058307
79970.0,6793794.665996319,6.742520494661523e-05,51.59999999999898,360.0,233.20669799572835,233.2233354670614
79980.0,6793790.366551014,6.770828214254623e-05,51.59999999999892,360.0,233.52977482423458,233.54619257159843
79990.0,6793786.067102149,6.798920837686497e-05,51.59999999999882,360.0,233.8528511900636,233.86905093200548
80000.0,6793781.767649819,6.826797470576872e-05,51.59999999999882,360.0,234.17592710501754,234.19191054306106
80010.0,6793777.46819389,6.854457227228886e-05,51.5999999999988,360.0,234.49900259330443,234.51477138716442
80020.0,6793773.168734441,6.88189922753082e-05,51.599999999998744,360.0,234.82207766501887,234.83763346074062
80030.0,6793768.869271466,6.909122598511455e-05,51.5999999999987,360.0,235.14515233862159,235.1604967518541
80040.0,6793764.569805014,6.936126473913636e-05,51.599999999998765,360.0,235.46822662537187,235.4833612557432
80050.0,6793760.270335117,6.962909994707925e-05,51.59999999999872,360.0,235.7913005363907,235.80622696777544
80060.0,6793755.970861666,6.989472309315685e-05,51.59999999999861,360.0,236.11437409589013,236.12909387015148
80070.0,6793751.67138468,7.015812573215444e-05,51.59999999999861,360.0,236.43744731787726,236.45196195530397
80080.0,6793747.371904187,7.041929947655439e-05,51.599999999998545,360.0,236.76052021358754,236.77483121833004
80090.0,6793743.072420163,7.067823602433864e-05,51.59999999999855,360.0,237.08359279987388,237.0977016488128
80100.0,6793738.772932602,7.093492713531294e-05,51.59999999999852,360.0,237.4066650901751,237.42057323955447
80110.0,6793734.473441487,7.118936464499047e-05,51.599999999998495,360.0,237.72973709907558,237.74344598230982
80120.0,6793730.173946825,7.144154046031886e-05,51.599999999998595,360.0,238.05280884047167,238.06631986942796
80130.0,6793725.874448532,7.169144656615022e-05,51.5999999999986,360.0,238.37588033301304,238.38919488848413
80140.0,6793721.574946658,7.193907500326784e-05,51.59999999999859,360.0,238.69895158371236,238.7120710386331
80150.0,6793717.275441167,7.218441789746957e-05,51.59999999999869,360.0,239.02202261063545,239.03494830800716
80160.0,6793712.975932011,7.242746744490855e-05,51.59999999999863,360.0,239.3450934269133,239.35782668954565
80170.0,6793708.676419204,7.266821591257276e-05,51.5999999999986,360.0,239.66816404405293,239.680706177859
80180.0,6793704.376902713,7.290665564104552e-05,51.59999999999856,360.0,239.99123447698503,240.00358676406924
80190.0,6793700.077382528,7.31427790444596e-05,51.59999999999849,360.0,240.31430473904007,240.3264684407986
80200.0,6793695.777858618,7.337657861399748e-05,51.5999999999984,360.0,240.63737484219632,240.649351202093
80210.0,6793691.478331015,7.360804690504176e-05,51.59999999999837,360.0,240.96044479386165,240.97223504642403
80220.0,6793687.178799577,7.383717655981017e-05,51.59999999999834,360.0,241.28351461825866,241.2951199554993
80230.0,6793682.879264395,7.406396028367904e-05,51.5999999999984,360.0,241.60658431808267,241.61800593245977
80240.0,6793678.579725377,7.428839086301073e-05,51.59999999999838,360.0,241.92965391038385,241.94089296606995
80250.0,6793674.280182537,7.451046115471286e-05,51.59999999999831,360.0,242.25272340466267,242.26378105254634
80260.0,6793669.980635851,7.473016409426255e-05,51.59999999999826,360.0,242.5757928138989,242.5866701846781
80270.0,6793665.681085322,7.494749268591606e-05,51.59999999999827,360.0,242.89886214658432,242.909560359621
80280.0,6793661.3815309,7.516244002118847e-05,51.599999999998325,360.0,243.2219314155634,243.23245157016459
80290.0,6793657.081972535,7.537499925724909e-05,51.59999999999827,360.0,243.54500063482772,243.5553438078958
80300.0,6793652.782410235,7.558516362834418e-05,51.59999999999819,360.0,243.86806981325145,243.8782370694832
80310.0,6793648.482844016,7.579292644553308e-05,51.5999999999982,360.0,244.1911389587717,244.2011313524922
80320.0,6793644.18327378,7.599828110135727e-05,51.599999999998225,360.0,244.51420808757763,244.52402664617304
80330.0,6793639.883699517,7.620122105737127e-05,51.59999999999814,360.0,244.8372772098126,244.84692294575393
80340.0,6793635.584121324,7.640173984974077e-05,51.599999999998104,360.0,245.16034632805406,245.169820254029
80350.0,6793631.284539119,7.659983109680382e-05,51.599999999998126,360.0,245.48341545358338,245.49271856500894
80360.0,6793626.984952847,7.679548849693192e-05,51.599999999998076,360.0,245.8064846040559,245.81561786629482
80370.0,6793622.685362574,7.698870581644594e-05,51.59999999999805,360.0,246.1295537802471,246.13851816228558
80380.0,6793618.385768244,7.717947690676722e-05,51.599999999998104,360.0,246.45262299267853,246.46141944758534
80390.0,6793614.0861697905,7.736779570177886e-05,51.59999999999804,360.0,246.77569225523567,246.78432171342573
80400.0,6793609.786567262,7.755365619958006e-05,51.599999999998,360.0,247.09876157139652,247.10722496137072
80410.0,6793605.486960623,7.773705248140268e-05,51.599999999998,360.0,247.4218309553901,247.43012918220197
80420.0,6793601.187349851,7.79179787115414e-05,51.599999999997976,360.0,247.74490041324015,247.75303437477925
80430.0,6793596.887734953,7.809642912630164e-05,51.599999999998104,360.0,248.06796995366136,248.07594053528166
80440.0,6793592.588115934,7.827239804475994e-05,51.59999999999809,360.0,248.3910395833697,248.39884766179273
80450.0,6793588.288492788,7.844587986324533e-05,51.59999999999809,360.0,248.7141093109249,248.72175575054106
80460.0,6793583.988865454,7.86168690590398e-05,51.59999999999807,360.0,249.0371791466425,249.04466479589794
80470.0,6793579.689233999,7.878536018351287e-05,51.599999999998026,360.0,249.36024909158135,249.36757480145914
80480.0,6793575.389598392,7.895134786788331e-05,51.59999999999807,360.0,249.6833191583748,249.69048575918757
80490.0,6793571.089958622,7.911482682960763e-05,51.599999999998026,360.0,250.006389353031,250.01339766761893
80500.0,6793566.790314693,7.927579186121182e-05,51.59999999999801,360.0,250.32945968174886,250.33631052500655
80510.0,6793562.490666615,7.943423783446561e-05,51.59999999999802,360.0,250.6525301491934,250.6592243311187
80520.0,6793558.191014466,7.959015969549815e-05,51.59999999999801,360.0,250.97560076020892,250.98213908544793
80530.0,6793553.891358149,7.974355248056569e-05,51.59999999999796,360.0,251.29867152666037,251.30505478045004
80540.0,6793549.5916977,7.989441130827652e-05,51.599999999998,360.0,251.62174245116827,251.62797141769963
80550.0,6793545.292033118,8.004273136806095e-05,51.599999999998104,360.0,251.94481354151785,251.9508889936072
80560.0,6793540.992364436,8.018850792998289e-05,51.59999999999813,360.0,252.2678848020622,252.27380750790655
80570.0,6793536.692691685,8.033173634793972e-05,51.59999999999816,360.0,252.59095623558667,252.59672696185575
80580.0,6793532.393014814,8.047241206359601e-05,51.59999999999818,360.0,252.91402785227046,252.9196473492466
80590.0,6793528.093333957,8.061053058797211e-05,51.5999999999984,0.0,253.2370996458666,253.2425686803
80600.0,6793523.7936491035,8.074608752232436e-05,51.59999999999851,0.0,253.56017162659546,253.56549094860083
80610.0,6793519.493960275,8.087907853748563e-05,51.599999999998424,360.0,253.88324379955452,253.88841415287484
80620.0,6793515.194267472,8.100949940005687e-05,51.599999999998396,0.0,254.2063161673751,254.21133829418352
80630.0,6793510.894570773,8.113734594834486e-05,51.5999999999984,0.0,254.5293887327263,254.53426337350132
80640.0,6793506.594870214,8.126261410433814e-05,51.59999999999852,0.0,254.85246149681385,254.85718939322982
80650.0,6793502.29516578,8.138529987785827e-05,51.59999999999845,0.0,255.1755344663857,255.18011635016344
80660.0,6793497.995457576,8.15053993544165e-05,51.59999999999856,0.0,255.49860763871533,255.50304425047918
80670.0,6793493.6957456805,8.162290869727837e-05,51.59999999999845,0.0,255.82168101610503,255.82597309524652
80680.0,6793489.396030148,8.17378241644882e-05,51.599999999998545,0.0,256.14475459820704,256.14890288813285
80690.0,6793485.096311017,8.185014208432756e-05,51.59999999999847,0.0,256.467828388706,256.47183362869566
80700.0,6793480.7965884255,8.195985887438973e-05,51.599999999998374,0.0,256.79090238167566,256.7947653260694
80710.0,6793476.4968624115,8.206697103408662e-05,51.599999999998346,0.0,257.11397657829974,257.1176979821657
80720.0,6793472.197133027,8.217147514059298e-05,51.599999999998424,0.0,257.4370509842064,257.4406315944186
80730.0,6793467.897400481,8.227336786180157e-05,51.59999999999838,0.0,257.7601255843216,257.76356618084753
80740.0,6793463.597664828,8.237264594144809e-05,51.59999999999829,0.0,258.0832003810733,258.0865017419397
80750.0,6793459.297926207,8.246930620983856e-05,51.59999999999816,0.0,258.40627537149857,258.40943828352533
80760.0,6793454.998184741,8.256334558154488e-05,51.599999999998104,0.0,258.7293505492172,258.73237581469596
80770.0,6793450.698440564,8.265476104947642e-05,51.59999999999819,0.0,259.05242591139904,259.05531434099896
80780.0,6793446.398693884,8.274354968907323e-05,51.59999999999816,0.0,259.3755014481808,259.3782538748982
80790.0,6793442.098944876,8.282970866924453e-05,51.59999999999822,0.0,259.6985771480031,259.7011944304916
80800.0,6793437.799193758,8.291323523031661e-05,51.59999999999825,0.0,260.02165300171066,260.02413601945256
80810.0,6793433.499440749,8.299412670414205e-05,51.59999999999827,0.0,260.3447289958152,260.3470786576175
80820.0,6793429.199686063,8.30723805032079e-05,51.5999999999982,0.0,260.6678051208259,260.6700223568497
80830.0,6793424.899930085,8.314799412017964e-05,51.59999999999813,0.0,260.9908813522782,260.9929671437957
80840.0,6793420.600173063,8.322096513606267e-05,51.599999999998104,0.0,261.3139576768926,261.3159130339704
80850.0,6793416.300415327,8.329129121754155e-05,51.599999999998026,0.0,261.63703407376755,261.63886005037506
80860.0,6793412.000657312,8.335897010630804e-05,51.599999999998104,0.0,261.960110517208,261.96180822074257
80870.0,6793407.700899443,8.342399963652628e-05,51.59999999999809,0.0,262.28318697945934,262.28475757475746
80880.0,6793403.401142302,8.348637772164314e-05,51.599999999997934,0.0,262.6062634191691,262.60770815564655
80890.0,6793399.101386431,8.354610236109702e-05,51.59999999999787,0.0,262.92933980371123,262.9306599978508
80900.0,6793394.801632536,8.360317163620841e-05,51.599999999997834,0.0,263.2524160816944,263.25361315449715
80910.0,6793390.5018813,8.365758371470594e-05,51.59999999999775,0.0,263.57549220931367,263.5765676710471
80920.0,6793386.202133649,8.370933684612834e-05,51.59999999999772,0.0,263.89856812179437,263.89952361387805
80930.0,6793381.902390621,8.375842936475567e-05,51.59999999999784,0.0,264.22164374309267,264.22248106050694
80940.0,6793377.602653484,8.380485968706554e-05,51.59999999999779,0.0,264.5447189861583,264.5454400994041
80950.0,6793373.302923627,8.384862631747545e-05,51.599999999997834,0.0,264.86779374768383,264.86840083525254
80960.0,6793369.003202831,8.388972783885007e-05,51.59999999999773,0.0,265.19086790250736,265.1913633944752
80970.0,6793364.703493131,8.392816292109525e-05,51.59999999999775,0.0,265.51394129907123,265.5143279298362
80980.0,6793360.403797121,8.396393031591673e-05,51.599999999997706,0.0,265.837013748734,265.837294631096
80990.0,6793356.104117943,8.399702885897591e-05,51.59999999999775,0.0,266.16008501996873,266.1602637307958
81000.0,6793351.804459687,8.402745746736785e-05,51.5999999999978,0.0,266.48315480878637,266.4832355339144
81010.0,6793347.504827549,8.405521514111659e-05,51.59999999999793,0.0,266.8062227306515,266.8062104258913
81020.0,6793343.205228461,8.408030096058167e-05,51.59999999999779,0.0,267.12928826844865,267.1291889246086
81030.0,6793338.905671723,8.410271408657148e-05,51.5999999999978,0.0,267.4523507285628,267.4521717244515
81040.0,6793334.606170535,8.412245375686515e-05,51.59999999999781,0.0,267.7754091244211,267.7751598126242
81050.0,6793330.306744414,8.413951928605136e-05,51.59999999999774,0.0,268.09846199304997,268.09815465272357
81060.0,6793326.007423728,8.415391005731624e-05,51.59999999999772,0.0,268.4215070590228,268.42115852062454
81070.0,6793321.708259987,8.416562551459599e-05,51.59999999999774,0.0,268.74454045573515,268.74417528339444
81080.0,6793317.409351438,8.417466514258123e-05,51.59999999999768,0.0,269.0675548044514,269.06721232011154
81090.0,6793313.110925254,8.418102841782853e-05,51.5999999999977,0.0,269.3905330421491,269.3902866940447
81100.0,6793308.813758179,8.418471464131479e-05,51.59999999999775,0.0,269.71341680819853,269.7134567660235
81110.0,6793304.544574479,8.418571959142401e-05,51.59999999999776,0.0,270.0341980780505,270.0387305607324
81120.0,6793300.235873216,8.418403725726508e-05,51.59999999999787,0.0,270.35794879488344,270.3610361349794
81130.0,6793295.933325584,8.417968172901139e-05,51.59999999999787,0.0,270.6812372875238,270.6838051599097
81140.0,6793291.631747629,8.417265164474994e-05,51.599999999997806,0.0,271.0044530751072,271.0066481162887
81150.0,6793287.33058409,8.416294681027662e-05,51.59999999999773,0.0,271.32763788658434,271.32952327496605
81160.0,6793283.029650041,8.415056732105793e-05,51.599999999997664,0.0,271.65080561997354,271.65241673761534
81170.0,6793278.728860763,8.413551343747848e-05,51.599999999997706,0.0,271.9739626474969,271.97532213167676
81180.0,6793274.428170384,8.411778554369699e-05,51.599999999997785,0.0,272.2971124187003,272.2982360071786
81190.0,6793270.127551177,8.409738413223673e-05,51.599999999997834,0.0,272.62025702049925,272.6211562766633
81200.0,6793265.826985199,8.407430979475178e-05,51.59999999999781,0.0,272.94339780911105,272.94408158335125
81210.0,6793261.526460023,8.404856321592327e-05,51.5999999999979,0.0,273.26653572305946,273.2670109880501
81220.0,6793257.22596686,8.402014517343837e-05,51.59999999999784,0.0,273.5896714259758,273.58994382638315
81230.0,6793252.925499052,8.398905653267553e-05,51.599999999997785,0.0,273.912805420868,273.9128795945129
81240.0,6793248.625051639,8.39552982504839e-05,51.59999999999784,0.0,274.2359380883921,274.23581791088696
81250.0,6793244.324620779,8.391887136948729e-05,51.5999999999979,0.0,274.5590697223503,274.55875848072077
81260.0,6793240.024203343,8.387977701970649e-05,51.5999999999978,0.0,274.88220056200606,274.8817010636798
81270.0,6793235.723796831,8.383801641663645e-05,51.59999999999778,0.0,275.2053307994747,275.2046454665635
81280.0,6793231.423399241,8.379359086406776e-05,51.59999999999788,0.0,275.52846059031043,275.52759153259274
81290.0,6793227.123008798,8.374650174994546e-05,51.59999999999793,0.0,275.8515900745453,275.85053912044907
81300.0,6793222.822624177,8.369675054914456e-05,51.59999999999798,0.0,276.174719355504,276.1734881254583
81310.0,6793218.522244137,8.364433882056385e-05,51.59999999999791,0.0,276.49784853097003,276.4964384483745
81320.0,6793214.221867655,8.358926820991194e-05,51.59999999999799,0.0,276.82097768280016,276.81939000581445
81330.0,6793209.921493847,8.353154044640308e-05,51.59999999999787,0.0,277.14410688342576,277.142342723787
81340.0,6793205.621122016,8.347115734755254e-05,51.59999999999791,0.0,277.46723619070633,277.4652965427582
81350.0,6793201.320751414,8.340812081144407e-05,51.59999999999807,0.0,277.79036566424037,277.7882514014029
81360.0,6793197.020381492,8.334243282255381e-05,51.59999999999816,0.0,278.11349535040415,278.1112072515269
81370.0,6793192.720011765,8.327409545274555e-05,51.59999999999801,0.0,278.4366252938627,278.43416404656966
81380.0,6793188.419641752,8.320311085502734e-05,51.59999999999804,0.0,278.75975553415145,278.75712174500353
81390.0,6793184.11927108,8.312948126758737e-05,51.59999999999799,0.0,279.082886105524,279.0800803105839
81400.0,6793179.818899397,8.305320901522576e-05,51.599999999997905,0.0,279.40601704074163,279.4030397083856
81410.0,6793175.518526369,8.297429650332822e-05,51.59999999999788,0.0,279.729148367909,279.72599990815934
81420.0,6793171.218151709,8.28927462246435e-05,51.59999999999797,0.0,280.0522801154844,280.04896087918684
81430.0,6793166.917775138,8.280856075425329e-05,51.59999999999794,0.0,280.3754123098603,280.37192259268477
81440.0,6793162.617396499,8.272174275370707e-05,51.5999999999977,0.0,280.69854496812854,280.6948850291713
81450.0,6793158.317015514,8.263229496371967e-05,51.5999999999977,0.0,281.02167811732164,281.01784815914283
81460.0,6793154.016632031,8.254022021348818e-05,51.599999999997706,0.0,281.3448117742242,281.34081196326764
81470.0,6793149.716245875,8.244552141356e-05,51.59999999999749,0.0,281.667945957417,281.6637764203217
81480.0,6793145.415856888,8.234820155829748e-05,51.59999999999756,0.0,281.99108068660894,281.9867415079116
81490.0,6793141.115464915,8.224826372529935e-05,51.59999999999751,0.0,282.31421597772317,282.30970720734456
81500.0,6793136.815069907,8.21457110800971e-05,51.599999999997515,0.0,282.6373518405423,282.63267350596584
81510.0,6793132.514671684,8.204054686263026e-05,51.59999999999763,0.0,282.9604882930487,282.9556403829025
81520.0,6793128.214270142,8.193277440225363e-05,51.599999999997586,0.0,283.2836253512628,283.27860781914154
81530.0,6793123.913865098,8.182239710835444e-05,51.599999999997614,0.0,283.60676303491255,283.6015757918968
81540.0,6793119.613456616,8.170941847857322e-05,51.5999999999976,0.0,283.9299013437275,283.92454429836084
81550.0,6793115.313044623,8.159384209192266e-05,51.59999999999761,0.0,284.25304029225,284.247513320744
81560.0,6793111.012628939,8.147567160380164e-05,51.59999999999753,0.0,284.57617989791584,284.57048283835735
81570.0,6793106.712209575,8.13549107567087e-05,51.59999999999752,0.0,284.8993201682533,284.89345284033914
81580.0,6793102.411786412,8.123156337744204e-05,51.59999999999751,0.0,285.2224611176252,285.2164233089536
81590.0,6793098.111359443,8.110563337001859e-05,51.59999999999758,0.0,285.54560275184923,285.53939423489993
81600.0,6793093.810928577,8.097712472520418e-05,51.59999999999758,0.0,285.8687450858006,285.8623655997812
81610.0,6793089.5104937935,8.084604151361156e-05,51.59999999999751,0.0,286.19188812749996,286.1853373919692
81620.0,6793085.210055097,8.071238789627114e-05,51.599999999997486,0.0,286.5150318843531,286.5083096003969
81630.0,6793080.909612415,8.057616810170975e-05,51.59999999999749,0.0,286.8381763681233,286.8312822095554
81640.0,6793076.609165666,8.043738644192031e-05,51.599999999997436,0.0,287.16132159345847,287.15425520099325
81650.0,6793072.308714912,8.029604732326226e-05,51.599999999997316,0.0,287.4844675601179,287.47722857111125
81660.0,6793068.008260102,8.015215522286786e-05,51.59999999999735,0.0,287.80761427918463,287.8002023048806
81670.0,6793063.707801212,8.000571469952107e-05,51.59999999999741,0.0,288.130761759818,288.123176389168
81680.0,6793059.407338191,7.985673040072852e-05,51.599999999997344,0.0,288.4539100149478,288.4461508069566
81690.0,6793055.106871071,7.970520705089232e-05,51.59999999999734,0.0,288.7770590497162,288.76912554902896
81700.0,6793050.806399822,7.955114945153718e-05,51.59999999999729,0.0,289.10020887189995,289.0921006033956
81710.0,6793046.505924412,7.939456249034695e-05,51.59999999999723,0.0,289.4233594951282,289.4150759521793
81720.0,6793042.205444891,7.923545113495826e-05,51.59999999999734,0.0,289.7465109194718,289.73805159101846
81730.0,6793037.904961193,7.907382042336711e-05,51.599999999997394,0.0,290.06966316032054,290.06102750017374
81740.0,6793033.604473312,7.890967548623127e-05,51.5999999999974,0.0,290.39281622491757,290.38400366796117
81750.0,6793029.303981196,7.874302152712771e-05,51.59999999999741,0.0,290.71597012574307,290.7069800774275
81760.0,6793025.0034850165,7.857386384123584e-05,51.599999999997486,0.0,291.039124858741,291.02995672806924
81770.0,6793020.702984622,7.840220778104653e-05,51.599999999997564,0.0,291.3622804419761,291.3529335972139
81780.0,6793016.402480029,7.822805880216649e-05,51.599999999997515,0.0,291.6854368837662,291.6759106719216
81790.0,6793012.101971275,7.805142242212926e-05,51.599999999997586,0.0,292.0085941900835,291.99888794150223
81800.0,6793007.801458396,7.787230425267053e-05,51.599999999997586,0.0,292.33175236627864,292.32186539576924
81810.0,6793003.500941346,7.769070997318739e-05,51.59999999999749,0.0,292.6549114260686,292.64484301623156
81820.0,6792999.20042015,7.750664534534066e-05,51.59999999999748,0.0,292.9780713761053,292.96782079134624
81830.0,6792994.899894867,7.732011621526115e-05,51.59999999999752,0.0,293.30123222128196,293.29079871125293
81840.0,6792990.599365421,7.713112849271604e-05,51.59999999999748,0.0,293.6243939755041,293.6137767570672
81850.0,6792986.298831909,7.693968818111701e-05,51.59999999999751,0.0,293.94755664235987,293.93675492017104
81860.0,6792981.99829425,7.674580135192908e-05,51.599999999997515,0.0,294.2707202371024,294.2597331801854
81870.0,6792977.6977525195,7.654947416391266e-05,51.59999999999753,0.0,294.5938847631408,294.58271152854695
81880.0,6792973.39720672,7.63507128446968e-05,51.599999999997515,0.0,294.91705023147944,294.9056899490818
81890.0,6792969.096656831,7.61495237044341e-05,51.59999999999749,0.0,295.2402166519841,295.22866842661335
81900.0,6792964.796102917,7.594591312875709e-05,51.599999999997564,0.0,295.563384034597,295.5516469459135
81910.0,6792960.4955449365,7.573988757604336e-05,51.59999999999755,0.0,295.88655238773134,295.87462549321924
81920.0,6792956.194982957,7.553145359758958e-05,51.59999999999756,0.0,296.2097217209615,296.19760405355447
81930.0,6792951.894416962,7.532061780192347e-05,51.59999999999746,0.0,296.5328920445325,296.5205826112175
81940.0,6792947.593847008,7.510738688191595e-05,51.599999999997586,0.0,296.85606336443743,296.843561154692
81950.0,6792943.293273042,7.489176760631572e-05,51.59999999999749,0.0,297.17923569672695,297.1665396623989
81960.0,6792938.992695085,7.46737668212969e-05,51.59999999999743,0.0,297.5024090515577,297.4895181186042
81970.0,6792934.692113286,7.445339145694871e-05,51.599999999997344,0.0,297.8255834291835,297.8124965173959
81980.0,6792930.391527564,7.423064849677952e-05,51.59999999999738,0.0,298.148758847293,298.1354748353973
81990.0,6792926.09093792,7.400554502071337e-05,51.59999999999749,0.0,298.47193531910136,298.45845305367044
82000.0,6792921.790344424,7.377808817562126e-05,51.599999999997614,0.0,298.79511285151506,298.7814311595236
82010.0,6792917.489747049,7.354828518157576e-05,51.59999999999751,0.0,299.11829145706537,299.1044091346365
82020.0,6792913.189145827,7.331614333658735e-05,51.599999999997586,0.0,299.44147114995553,299.4273869589077
82030.0,6792908.888540785,7.30816700143651e-05,51.599999999997614,0.0,299.76465193811003,299.7503646185374
82040.0,6792904.587931948,7.284487266174615e-05,51.59999999999761,0.0,300.087833834639,300.0733420945003
82050.0,6792900.287319291,7.260575879419602e-05,51.599999999997586,0.0,300.4110168537502,300.3963193665743
82060.0,6792895.986702819,7.236433600473444e-05,51.599999999997486,0.0,300.7342010096599,300.71929641454943
82070.0,6792891.686082584,7.21206119629215e-05,51.59999999999741,0.0,301.0573863144214,301.0422732202918
82080.0,6792887.385458633,7.187459441277013e-05,51.59999999999724,0.0,301.3805727756026,301.36524977015034
82090.0,6792883.084830945,7.162629115938413e-05,51.599999999997365,0.0,301.70376041255474,301.68822603868574
82100.0,6792878.784199522,7.137571009138264e-05,51.59999999999753,0.0,302.02694923911497,302.0112020058681
82110.0,6792874.483564392,7.112285916909302e-05,51.59999999999749,0.0,302.35013926869146,302.33417765208605
82120.0,6792870.182925502,7.086774641651856e-05,51.59999999999753,0.0,302.67333052112036,302.6571529512569
82130.0,6792865.882282923,7.061037994301003e-05,51.59999999999754,0.0,302.99652300792195,302.98012788561675
82140.0,6792861.581636669,7.03507679203511e-05,51.599999999997515,0.0,303.3197167428303,303.3031024351241
82150.0,6792857.2809867365,7.008891859437855e-05,51.59999999999763,0.0,303.64291174414603,303.62607657512086
82160.0,6792852.980333099,6.98248402826874e-05,51.5999999999977,0.0,303.966108030462,303.94905028069076
82170.0,6792848.679675683,6.955854136071444e-05,51.599999999997735,0.0,304.28930562488705,304.27202352230995
82180.0,6792844.379014514,6.929003029730836e-05,51.59999999999756,0.0,304.6125045448642,304.5949962761262
82190.0,6792840.078349709,6.901931562378004e-05,51.599999999997436,0.0,304.93570479948926,304.91796852658393
82200.0,6792835.777681156,6.874640592910917e-05,51.59999999999749,0.0,305.25890641550143,305.2409402404719
82210.0,6792831.477008847,6.847130988504749e-05,51.599999999997394,0.0,305.58210941122854,305.56391139296494
82220.0,6792827.176332724,6.819403622434375e-05,51.599999999997365,0.0,305.9053138142037,305.88688194997223
82230.0,6792822.875652776,6.791459375496627e-05,51.59999999999732,0.0,306.2285196432863,306.2098518860967
82240.0,6792818.574968985,6.763299135167834e-05,51.599999999997316,0.0,306.5517269207038,306.53282117252695
82250.0,6792814.274281296,6.734923795435122e-05,51.599999999997394,0.0,306.87493567405676,306.8557897750592
82260.0,6792809.97358951,6.706334256126553e-05,51.599999999997436,0.0,307.19814593936525,307.17875765103605
82270.0,6792805.672893638,6.677531426019462e-05,51.59999999999737,0.0,307.5213577363653,307.50172477411394
82280.0,6792801.372193605,6.648516219336248e-05,51.59999999999742,0.0,307.8445710952924,307.8246911073302
82290.0,6792797.071489326,6.619289557372619e-05,51.59999999999732,0.0,308.16778604626086,308.14765661391584
82300.0,6792792.77078064,6.589852367272862e-05,51.59999999999735,0.0,308.4910026266276,308.4706212497865
82310.0,6792788.470067346,6.560205582946021e-05,51.59999999999737,0.0,308.81422087583235,308.79358496878433
82320.0,6792784.169349311,6.530350145188533e-05,51.59999999999741,0.0,309.13744082937916,309.1165477286544
82330.0,6792779.868626196,6.500287000076582e-05,51.599999999997486,0.0,309.4606625410894,309.4395094687921
82340.0,6792775.567897793,6.470017101059724e-05,51.599999999997436,0.0,309.78388605234926,309.7624701410729
82350.0,6792771.267163702,6.439541407315154e-05,51.59999999999741,0.0,310.10711142304643,310.0854296787809
82360.0,6792766.966423502,6.408860883901433e-05,51.59999999999737,0.0,310.43033871329305,310.4083880150496
82370.0,6792762.665676695,6.377976501610885e-05,51.59999999999735,0.0,310.7535679929238,310.7313450731341
82380.0,6792758.3649224965,6.346889236039578e-05,51.599999999997294,0.0,311.0767993523454,311.05430075585986
82390.0,6792754.064160146,6.315600069412682e-05,51.59999999999731,0.0,311.40003288156316,311.3772549663724
82400.0,6792749.763388482,6.28410998694579e-05,51.59999999999725,0.0,311.72326870371256,311.7002075746598
82410.0,6792745.462606012,6.252419977943479e-05,51.59999999999723,0.0,312.04650696943844,312.0231584232354
82420.0,6792741.161810756,6.220531034534578e-05,51.599999999997216,0.0,312.3697478649007,312.34610731904337
82430.0,6792736.86099981,6.188444148019753e-05,51.599999999997394,0.0,312.6929916502536,312.66905399504026
82440.0,6792732.56016913,6.15616030700392e-05,51.59999999999734,0.0,313.0162386774378,312.9919980924207
82450.0,6792728.259312341,6.123680488276438e-05,51.59999999999726,0.0,313.339489478904,313.3149390718081
82460.0,6792723.958418876,6.091005643350214e-05,51.59999999999724,0.0,313.6627449051674,313.6378760757993
82470.0,6792719.6574695585,6.0581366623044384e-05,51.59999999999729,0.0,313.9860064740651,313.96080757966934
82480.0,6792715.35642255,6.0250742664348856e-05,51.599999999997,0.0,314.30927742880823,314.2837303332639
82490.0,6792711.05515553,5.991818557958193e-05,51.59999999999705,0.0,314.632567125474,314.6066349736243
82500.0,6792706.752697189,5.958363033358252e-05,51.59999999999707,0.0,314.9559490208213,314.92944803705836
82510.0,6792702.453832619,5.924746073142643e-05,51.59999999999704,0.0,315.27906302885367,315.25252960263686
82520.0,6792698.153665624,5.890930459415321e-05,51.59999999999694,0.0,315.6022757496244,315.57551306340105
82530.0,6792693.853255571,5.8569255797850445e-05,51.59999999999696,0.0,315.92550839832,315.8984771972458
82540.0,6792689.552753427,5.822733699976018e-05,51.599999999997024,0.0,316.2487497922799,316.2214331799204
82550.0,6792685.252202065,5.788356244178666e-05,51.59999999999716,0.0,316.5719968074374,316.54438412859895
82560.0,6792680.951619761,5.753794449370668e-05,51.59999999999708,0.0,316.89524814424936,316.8673313358909
82570.0,6792676.651016001,5.719049489031947e-05,51.599999999997195,0.0,317.2185031569283,317.1902754406772
82580.0,6792672.350396353,5.68412251171451e-05,51.599999999997166,0.0,317.54176148747246,317.51321679407863
82590.0,6792668.049764492,5.649014657189515e-05,51.59999999999725,0.0,317.86502291458163,317.8361556104922
82600.0,6792663.749122834,5.61372706005253e-05,51.599999999997216,0.0,318.18828732099087,318.1590920003077
82610.0,6792659.448473148,5.578260856389944e-05,51.59999999999712,0.0,318.5115546264303,318.4820260368778
82620.0,6792655.147816677,5.542617183323127e-05,51.599999999997,0.0,318.8348247973731,318.8049577469273
82630.0,6792650.847154535,5.5067971829785455e-05,51.59999999999706,0.0,319.1580978079597,319.12788714941047
82640.0,6792646.546487397,5.470801999176564e-05,51.59999999999713,0.0,319.4813736680712,319.45081422757784
82650.0,6792642.245815946,5.434632781703076e-05,51.59999999999711,0.0,319.8046523850481,319.77373896726743
82660.0,6792637.945140575,5.3982906833865906e-05,51.59999999999713,0.0,320.1279339947374,320.09666132581214
82670.0,6792633.64446184,5.361776864152569e-05,51.599999999996996,0.0,320.45121851550056,320.41958127804327
82680.0,6792629.343780026,5.325092486681236e-05,51.599999999996854,0.0,320.7745059959982,320.7424987684909
82690.0,6792625.043095507,5.2882387203995496e-05,51.59999999999677,0.0,321.09779647175725,321.0654137548593
82700.0,6792620.742408423,5.251216737708085e-05,51.59999999999669,0.0,321.4210900043189,321.38832616880103
82710.0,6792616.441719158,5.214027718665557e-05,51.59999999999684,0.0,321.74438663840584,321.7112359588863
82720.0,6792612.14102777,5.1766728460208034e-05,51.59999999999684,0.0,322.06768643972174,322.03414305262027
82730.0,6792607.840334601,5.139153310199867e-05,51.59999999999693,0.0,322.3909894588707,322.3570473927346
82740.0,6792603.539639705,5.1014703042106136e-05,51.599999999996896,0.0,322.7142957718663,322.6799488965096
82750.0,6792599.238943258,5.06362502747438e-05,51.59999999999681,0.0,323.0376054477979,323.0028474881316
82760.0,6792594.9382454585,5.025618684692377e-05,51.599999999996754,0.0,323.3609185519058,323.3257430957396
82770.0,6792590.63754638,4.987452484659015e-05,51.59999999999682,0.0,323.6842351684227,323.6486356284578
82780.0,6792586.3368461635,4.949127642029297e-05,51.59999999999684,0.0,324.00755537618795,323.9715250008372
82790.0,6792582.036144816,4.910645374899149e-05,51.59999999999684,0.0,324.33087926816495,324.2944111133235
82800.0,6792577.735442499,4.872006908407688e-05,51.599999999996896,0.0,324.65420692777235,324.6172938758906
82810.0,6792573.434739327,4.8332134715896625e-05,51.59999999999687,0.0,324.97753844704823,324.9401731900032
82820.0,6792569.134035359,4.794266298476477e-05,51.599999999996754,0.0,325.30087392197424,325.2630489531566
82830.0,6792564.83333071,4.755166628110261e-05,51.599999999996754,0.0,325.6242134573831,325.58592105400203
82840.0,6792560.5326254675,4.715915703983683e-05,51.599999999996825,0.0,325.94755715285726,325.9087893865318
82850.0,6792556.231919698,4.6765147750111804e-05,51.59999999999687,0.0,326.27090511547425,326.2316538372099
82860.0,6792551.931213456,4.636965094180939e-05,51.599999999996875,0.0,326.5942574659464,326.5545142789072
82870.0,6792547.630506836,4.597267919352684e-05,51.59999999999687,0.0,326.91761431808044,326.8773705914399
82880.0,6792543.329799869,4.557424513343028e-05,51.59999999999676,0.0,327.24097580219404,327.2002226381911
82890.0,6792539.029092658,4.517436143741879e-05,51.59999999999669,0.0,327.564342043689,327.52307028741797
82900.0,6792534.72838526,4.47730408200924e-05,51.59999999999681,0.0,327.8877131798548,327.8459133955275
82910.0,6792530.4276777785,4.437029605261477e-05,51.599999999996825,0.0,328.21108934215346,328.16875182484745
82920.0,6792526.126970224,4.3966139940869547e-05,51.599999999996754,0.0,328.53447068201996,328.4915854176956
82930.0,6792521.826262615,4.356058533464966e-05,51.59999999999681,0.0,328.85785735999974,328.81441400736566
82940.0,6792517.525555052,4.315364513778119e-05,51.59999999999689,0.0,329.18124952948733,329.1372374343215
82950.0,6792513.224847529,4.274533228892591e-05,51.599999999996925,0.0,329.50464736250376,329.46005552042715
82960.0,6792508.924140172,4.233565978095455e-05,51.599999999996854,0.0,329.8280510257156,329.7828680929631
82970.0,6792504.623433027,4.192464064108436e-05,51.59999999999676,0.0,330.15146069877585,330.1056749662057
82980.0,6792500.322726092,4.1512287938120224e-05,51.599999999996754,0.0,330.4748765806841,330.42847593518746
82990.0,6792496.022019436,4.109861479093694e-05,51.599999999996804,0.0,330.7982988691051,330.7512707962742
83000.0,6792491.721313091,4.068363435508537e-05,51.599999999996705,0.0,331.1217277649187,331.07405934268235
83010.0,6792487.4206070965,4.02673598269065e-05,51.5999999999967,0.0,331.44516349262125,331.39684134404376
83020.0,6792483.119901481,3.984980444523761e-05,51.59999999999676,0.0,331.76860627489634,331.7196165718312
83030.0,6792478.819196325,3.9430981493681726e-05,51.59999999999682,0.0,332.0920563537262,332.0423847782774
83040.0,6792474.5184916435,3.901090429035276e-05,51.59999999999677,0.0,332.4155139777524,332.3651457089989
83050.0,6792470.217787467,3.858958619505596e-05,51.59999999999673,0.0,332.73897941141985,332.6878990938248
83060.0,6792465.917083863,3.81670406098822e-05,51.59999999999678,0.0,333.06245292365605,333.01064465820264
83070.0,6792461.616380818,3.774328096986395e-05,51.59999999999688,0.0,333.38593480635353,333.33338210458965
83080.0,6792457.315678439,3.7318320758973206e-05,51.59999999999689,0.0,333.70942535181734,333.6561111351296
83090.0,6792453.0149766775,3.689217348478888e-05,51.59999999999684,0.0,334.03292488603427,333.97883141829885
83100.0,6792448.714275655,3.64648527065331e-05,51.599999999996825,360.0,334.35643373516257,334.3015426224778
83110.0,6792444.413575302,3.603637200961744e-05,51.59999999999678,360.0,334.67995226570474,334.62424437573816
83120.0,6792440.112875697,3.560674502283447e-05,51.59999999999672,360.0,335.0034808383401,334.9469363120081
83130.0,6792435.812176891,3.5175985410002574e-05,51.59999999999673,360.0,335.32701983233,335.26961804673465
83140.0,6792431.511478853,3.474410686762887e-05,51.59999999999682,0.0,335.65056966614696,335.59228915611754
83150.0,6792427.210781633,3.43111231339012e-05,51.59999999999682,0.0,335.97413077200287,335.9149492027616
83160.0,6792422.910085283,3.387704797809019e-05,51.599999999996776,0.0,336.29770359377557,336.2375977375937
83170.0,6792418.609389787,3.344189520365362e-05,51.59999999999679,0.0,336.62128862660745,336.56023426037143
83180.0,6792414.308695203,3.3005678653144146e-05,51.599999999996804,0.0,336.9448863704444,336.8828582660662
83190.0,6792410.008001512,3.256841219326972e-05,51.599999999996896,0.0,337.2684973606339,337.2054692142887
83200.0,6792405.707308722,3.213010973245912e-05,51.599999999996896,0.0,337.59212217070495,337.52806652655045
83210.0,6792401.406616852,3.169078520954156e-05,51.599999999996996,0.0,337.91576140537705,337.85064959322864
83220.0,6792397.1059259605,3.125045259751526e-05,51.599999999996996,0.0,338.23941569079835,338.1732177833492
83230.0,6792392.805235995,3.080912589304669e-05,51.599999999996946,0.0,338.56308570875916,338.4957704102757
83240.0,6792388.504547018,3.0366819137941356e-05,51.599999999996925,360.0,338.8867721669906,338.8183067615566
83250.0,6792384.203858999,2.9923546391974195e-05,51.59999999999691,0.0,339.2104758377383,339.1408260602748
83260.0,6792379.9031719575,2.947932175480514e-05,51.599999999996946,0.0,339.53419753294196,339.46332748987805
83270.0,6792375.6024859315,2.903415935094386e-05,51.599999999996925,360.0,339.85793810299555,339.78581019536267
83280.0,6792371.301800871,2.8588073334152723e-05,51.599999999996925,0.0,340.1816984696809,340.10827325045005
83290.0,6792367.00111682,2.814107789387045e-05,51.599999999996925,0.0,340.50547961321985,340.43071567047866
83300.0,6792362.700433746,2.769318724351479e-05,51.59999999999696,360.0,340.8292825869524,340.7531363977338
83310.0,6792358.399751683,2.7244415625244574e-05,51.59999999999698,360.0,341.1531084958813,341.0755343228632
83320.0,6792354.099070593,2.6794777306517297e-05,51.59999999999689,360.0,341.4769585314607,341.39790825013387
83330.0,6792349.798390451,2.6344286583182756e-05,51.59999999999688,360.0,341.80083398246563,341.72025688661404
83340.0,6792345.4977112925,2.5892957782507055e-05,51.59999999999684,360.0,342.1247362155775,342.0425788614096
83350.0,6792341.197033072,2.544080525706162e-05,51.599999999996875,360.0,342.4486667139293,342.3648726873502
83360.0,6792336.896355772,2.498784338100871e-05,51.59999999999684,360.0,342.7726270555022,342.6871367824242
83370.0,6792332.5956794,2.4534086557071737e-05,51.59999999999684,360.0,343.09661894449454,343.00936943847455
83380.0,6792328.295003862,2.4079549205894617e-05,51.59999999999683,360.0,343.4206442164074,343.3315688161027
83390.0,6792323.994329179,2.362424578275127e-05,51.599999999996854,360.0,343.74470485342556,343.653732929324
83400.0,6792319.693655254,2.3168190759696043e-05,51.599999999996875,360.0,344.0688030135252,343.97585961638276
83410.0,6792315.392982151,2.271139864385585e-05,51.59999999999688,360.0,344.39294100395693,344.29794656633635
83420.0,6792311.092309775,2.2253883952279983e-05,51.59999999999687,360.0,344.7171213506908,344.6199912495826
83430.0,6792306.791637946,2.1795661213388184e-05,51.59999999999687,360.0,345.04134679646825,344.9419909198491
83440.0,6792302.490966819,2.133674501803437e-05,51.59999999999688,360.0,345.36562030160115,345.26394261328574
83450.0,6792298.190296265,2.0877149945136043e-05,51.5999999999969,360.0,345.6899451124538,345.58584308011336
83460.0,6792293.889626211,2.041689060132644e-05,51.59999999999689,360.0,346.01432477011326,345.90768877593496
83470.0,6792289.588956542,1.995598161335694e-05,51.59999999999677,360.0,346.3387631672065,346.2294758047815
83480.0,6792285.288287182,1.9494437627752416e-05,51.59999999999669,0.0,346.6632645502371,346.55119991693323
83490.0,6792280.987618095,1.9032273321858903e-05,51.59999999999666,360.0,346.98783358869855,346.87285643974764
83500.0,6792276.686949169,1.8569503380666826e-05,51.59999999999671,0.0,347.3124754311408,347.19444022159007
83510.0,6792272.386280268,1.810614250571379e-05,51.59999999999652,0.0,347.63719575557167,347.51594558143853
83520.0,6792268.085611282,1.76422054213582e-05,51.599999999996456,0.0,347.96200086332,347.8373662150622
83530.0,6792263.784942126,1.7177706872333072e-05,51.59999999999634,0.0,348.28689772765307,348.15869514627934
83540.0,6792259.484272601,1.6712661612943585e-05,51.59999999999635,0.0,348.61189413213475,348.4799245887312
83550.0,6792255.183602485,1.624708440506165e-05,51.59999999999637,0.0,348.93699874841803,348.80104586803947
83560.0,6792250.882931799,1.5780990060446578e-05,51.59999999999653,0.0,349.262221280904,349.12204927714333
83570.0,6792246.582260128,1.5314393357748107e-05,51.59999999999653,0.0,349.58757264675336,349.4429238962986
83580.0,6792242.28158733,1.4847309119675639e-05,51.59999999999655,0.0,349.9130651504322,349.76365741853635
83590.0,6792237.980913242,1.4379752185717074e-05,51.599999999996584,0.0,350.23871270097527,350.0842359323938
83600.0,6792233.680237549,1.3911737391165982e-05,51.599999999996605,0.0,350.56453111018163,350.40464362367504
83610.0,6792229.379559894,1.344327958743956e-05,51.599999999996676,360.0,350.8905384215979,350.7248624465679
83620.0,6792225.078879995,1.2974393643758555e-05,51.59999999999687,360.0,351.21675530495594,351.0448717291204
83630.0,6792220.77819748,1.2505094429890644e-05,51.59999999999693,360.0,351.54320553856087,351.3646476908795
83640.0,6792216.477511962,1.2035396837511462e-05,51.59999999999697,360.0,351.869916664427,351.6841627876955
83650.0,6792212.176822941,1.1565315753317649e-05,51.59999999999689,360.0,352.19692073000505,352.0033849701974
83660.0,6792207.876129794,1.1094866061239054e-05,51.59999999999684,360.0,352.5242552497952,352.32227672193955
83670.0,6792203.575432038,1.0624062679329299e-05,51.59999999999705,360.0,352.8519644328377,352.640793832054
83680.0,6792199.274728986,1.0152920515841524e-05,51.59999999999701,360.0,353.180100732009,352.9588838458959
83690.0,6792194.974019767,9.681454462838877e-06,51.59999999999707,360.0,353.50872688552397,353.2764840235485
83700.0,6792190.673303564,9.209679440531245e-06,51.59999999999712,360.0,353.8379185320877,353.5935187246688
83710.0,6792186.372579353,8.737610354205419e-06,51.59999999999723,360.0,354.167767725584,353.9098958938327
83720.0,6792182.071845711,8.265262080466827e-06,51.599999999997394,360.0,354.49838767067166,354.2255023249366
83730.0,6792177.771101386,7.792649522813783e-06,51.59999999999737,360.0,354.82991906869,354.5401973152339
83740.0,6792173.470344554,7.319787544570866e-06,51.59999999999731,360.0,355.16253915995765,354.8538036230815
83750.0,6792169.169573109,6.846690990235966e-06,51.599999999997216,360.0,355.49647426697095,355.1660949247883
83760.0,6792164.868784559,6.3733746811762995e-06,51.59999999999717,360.0,355.8320181111939,355.47677749768974
83770.0,6792160.567975742,5.899853390574465e-06,51.59999999999723,360.0,356.1695589051428,355.7854631282073
83780.0,6792156.267142756,5.4261418366272924e-06,51.59999999999713,360.0,356.5096206843037,356.0916277798257
83790.0,6792151.966280718,4.952254667885259e-06,51.59999999999712,360.0,356.8529283573979,356.3945465428989
83800.0,6792147.66538305,4.478206410581143e-06,51.5999999999972,360.0,357.200514224542,356.6931871164816
83810.0,6792143.36444106,4.004011448580747e-06,51.599999999997344,360.0,357.5539001407594,356.9860276447718
83820.0,6792139.063442695,3.529683936066539e-06,51.59999999999737,360.0,357.9154267828598,357.27072745023605
83830.0,6792134.7623707745,3.055237725443252e-06,51.599999999997394,360.0,358.2888899028413,357.54349078027366
83840.0,6792130.461199403,2.5806861926746296e-06,51.59999999999728,360.0,358.6808789754576,357.79772815960973
83850.0,6792126.159886903,2.106042013173577e-06,51.59999999999732,360.0,359.1039270337596,358.0209065547123
83860.0,6792121.858359194,1.6313168315468742e-06,51.59999999999737,360.0,359.5851626654428,358.18589737749033
83870.0,6792117.556465011,1.1565215400200235e-06,51.59999999999745,360.0,0.1962826422648459,358.2210038559122
83880.0,6792113.253807388,6.816747570836179e-07,51.599999999997564,360.0,1.2088535244602265,357.854659429485
83890.0,6792108.9484506305,2.0706066764851377e-07,51.59999999999753,360.0,5.388654273662979,354.3210851364358
83900.0,6792104.667860696,2.672117286765695e-07,51.599999999997436,360.0,175.88950617834143,184.46645968819746
83910.0,6792100.371733336,7.409999901485224e-07,51.599999999997614,360.0,178.95559609202095,182.0465962312745
83920.0,6792096.073364504,1.2153859789885228e-06,51.59999999999754,360.0,179.88195620418256,181.7664625762574
83930.0,6792091.77430499,1.6898690516112789e-06,51.5999999999974,360.0,180.4696649268364,181.82498031129538
83940.0,6792087.474905423,2.164356564907368e-06,51.59999999999737,360.0,180.94139192468626,181.99947977192235
83950.0,6792083.175303705,2.638807293359755e-06,51.59999999999737,360.0,181.3596931138073,182.22740504241435
83960.0,6792078.875568236,3.1131943353286564e-06,51.599999999997394,360.0,181.74899374155845,182.48433087574134
83970.0,6792074.575738271,3.587496264394e-06,51.599999999997436,360.0,182.12079902986983,182.7587520504867
83980.0,6792070.275838113,4.061694243038028e-06,51.599999999997465,360.0,182.48123911968582,183.04453842626558
83990.0,6792065.975884067,4.535770767262175e-06,51.599999999997586,360.0,182.83387970261225,183.33812431209674
84000.0,6792061.675887479,5.00970911921925e-06,51.59999999999757,360.0,183.18093605698027,183.63729443032557
84010.0,6792057.375856665,5.483493057751885e-06,51.59999999999764,360.0,183.52385704799818,183.94059991652918
84020.0,6792053.075797802,5.957106656814952e-06,51.599999999997635,360.0,183.8636302164523,184.2470532308259
84030.0,6792048.775715739,6.430534201258167e-06,51.59999999999756,360.0,184.20095178791425,184.5559581485437
84040.0,6792044.475614157,6.903760138307201e-06,51.59999999999752,360.0,184.53632678403667,184.866809649068
84050.0,6792040.17549612,7.376769010950677e-06,51.59999999999756,360.0,184.870130415526,185.17923252274142
84060.0,6792035.875364006,7.849545469650694e-06,51.59999999999758,360.0,185.20264726185923,185.49294219129936
84070.0,6792031.5752198845,8.322074207160776e-06,51.599999999997586,360.0,185.53409709982682,185.80771887917226
84080.0,6792027.275065405,8.79433998666426e-06,51.599999999997614,360.0,185.86465233971393,186.1233901774304
84090.0,6792022.974901966,9.26632760704111e-06,51.59999999999769,360.0,186.19445016420647,186.4398189047565
84100.0,6792018.674730786,9.73802190502412e-06,51.599999999997785,360.0,186.5236010444911,186.75689459144377
84110.0,6792014.374552835,1.0209407757148067e-05,51.59999999999775,360.0,186.85219497554246,187.07452724406107
84120.0,6792010.074369073,1.0680470051725653e-05,51.599999999997706,360.0,187.18030598340428,187.39264283820728
84130.0,6792005.774180145,1.1151193723686327e-05,51.59999999999773,360.0,187.5079955608241,187.71117988284806
84140.0,6792001.473986793,1.162156371510287e-05,51.59999999999796,360.0,187.83531515061546,188.0300869369303
84150.0,6791997.173789623,1.20915649891655e-05,51.599999999997905,360.0,188.16230816497824,188.34932059013155
84160.0,6791992.873589031,1.25611825503426e-05,51.599999999998,360.0,188.489011484001,188.66884396425817
84170.0,6791988.573385591,1.3030401392021237e-05,51.59999999999802,360.0,188.81545662606672,188.98862554294953
84180.0,6791984.2731797015,1.3499206543126183e-05,51.59999999999811,360.0,189.14167070862928,189.30863821081357
84190.0,6791979.972971627,1.3967583059786047e-05,51.599999999998104,360.0,189.46767716673577,189.62885853498844
84200.0,6791975.672761781,1.4435515997727365e-05,51.59999999999808,360.0,189.79349638061169,189.94926613744892
84210.0,6791971.372550396,1.4902990446951606e-05,51.59999999999798,360.0,190.1191461423883,190.2698432283891
84220.0,6791967.072337744,1.5369991505322488e-05,51.599999999997976,360.0,190.4446420703308,190.5905741918993
84230.0,6791962.772124066,1.5836504291063978e-05,51.59999999999814,360.0,190.76999790534867,190.91144528949133
84240.0,6791958.471909609,1.6302513940766983e-05,51.59999999999814,360.0,191.09522579455924,191.23244437660907
84250.0,6791954.171694464,1.6768005617994167e-05,51.59999999999813,360.0,191.42033655181316,191.5535606419874
84260.0,6791949.871478898,1.723296449009243e-05,51.59999999999822,360.0,191.74533976702475,191.8747844983477
84270.0,6791945.57126306,1.7697375750554044e-05,51.59999999999814,360.0,192.07024403424933,192.19610735442646
84280.0,6791941.271047004,1.816122461957453e-05,51.599999999998204,0.0,192.3950570589983,192.517521507456
84290.0,6791936.970830953,1.8624496322379706e-05,51.59999999999813,360.0,192.71978575815675,192.83902004348263
84300.0,6791932.67061496,1.9087176113754516e-05,51.59999999999809,360.0,193.04443637430563,193.1605967228223
84310.0,6791928.370399164,1.9549249263646984e-05,51.59999999999816,360.0,193.36901454429724,193.48224591171123
84320.0,6791924.070183675,2.001070106553743e-05,51.599999999998076,360.0,193.69352536441014,193.80396251691676
84330.0,6791919.769968527,2.0471516833358074e-05,51.59999999999805,360.0,194.01797349459505,194.12574188164766
84340.0,6791915.46975385,2.0931681901645803e-05,51.599999999998026,360.0,194.3423631352396,194.44757980878427
84350.0,6791911.169539704,2.139118162590633e-05,51.599999999998,360.0,194.66669815668658,194.76947243121924
84360.0,6791906.869326101,2.185000138514929e-05,51.59999999999797,360.0,194.9909820837494,195.09141622756684
84370.0,6791902.5691131465,2.2308126579934292e-05,51.59999999999797,360.0,195.31521813262322,195.41340798501832
84380.0,6791898.268900838,2.276554263677604e-05,51.599999999998,360.0,195.6394092740988,195.73544473631253
84390.0,6791893.968689292,2.3222234993583277e-05,51.599999999998,360.0,195.96355822444613,196.05752376877095
84400.0,6791889.668478555,2.367818912286121e-05,51.59999999999796,360.0,196.28766748996915,196.37964257967207
84410.0,6791885.368268637,2.413339051957894e-05,51.59999999999796,360.0,196.6117393810224,196.70179886239262
84420.0,6791881.068059558,2.4587824701701356e-05,51.59999999999793,360.0,196.93577604511069,197.02399047318585
84430.0,6791876.76785133,2.5041477216684138e-05,51.59999999999789,360.0,197.25977944870445,197.34621544942644
84440.0,6791872.467644026,2.549433362380928e-05,51.59999999999787,360.0,197.58375143968973,197.6684719471056
84450.0,6791868.167437611,2.594637952377857e-05,51.59999999999787,360.0,197.90769372047868,197.9907582677899
84460.0,6791863.867232158,2.6397600533935722e-05,51.599999999997834,360.0,198.2316078488416,198.31307285772118
84470.0,6791859.567027672,2.6847982298550632e-05,51.599999999997856,360.0,198.5554953133592,198.63541423244288
84480.0,6791855.266824162,2.7297510493251048e-05,51.59999999999791,360.0,198.87935748747157,198.95778102262304
84490.0,6791850.966621565,2.7746170825900332e-05,51.59999999999797,360.0,199.20319565840114,199.28017194526424
84500.0,6791846.666419949,2.8193949018630922e-05,51.59999999999804,360.0,199.52701100385897,199.60258582694314
84510.0,6791842.366219324,2.86408308267984e-05,51.59999999999807,360.0,199.85080465076345,199.92502154507838
84520.0,6791838.066019652,2.908680204279369e-05,51.599999999998055,360.0,200.17457764232708,200.24747806083613
84530.0,6791833.765820982,2.9531848474215223e-05,51.599999999998076,360.0,200.49833096534036,200.56995439190922
84540.0,6791829.465623243,2.997595597593589e-05,51.59999999999804,360.0,200.82206554223703,200.89244962033789
84550.0,6791825.165426545,3.0419110410317643e-05,51.59999999999804,360.0,201.1457822178812,201.2149629058676
84560.0,6791820.865230792,3.0861297689327956e-05,51.599999999998104,360.0,201.46948182354507,201.5374934218298
84570.0,6791816.565035937,3.1302503752571686e-05,51.59999999999805,360.0,201.79316512908736,201.86004040308416
84580.0,6791812.264842045,3.174271456005761e-05,51.59999999999804,360.0,202.11683284775614,202.18260314114434
84590.0,6791807.964649098,3.21819161120885e-05,51.599999999997976,360.0,202.44048565435736,202.50518096600905
84600.0,6791803.664457045,3.262009444441512e-05,51.59999999999802,360.0,202.76412419160857,202.8277732397998
84610.0,6791799.364265849,3.305723562383602e-05,51.59999999999796,360.0,203.08774906828128,203.15037935862938
84620.0,6791795.064075555,3.349332574001948e-05,51.59999999999793,360.0,203.41136085146812,203.47299876040853
84630.0,6791790.763886044,3.3928350933984134e-05,51.599999999997955,360.0,203.73496009583462,203.7956308955073
84640.0,6791786.463697371,3.436229736203088e-05,51.59999999999794,360.0,204.05854730477353,204.11827526559637
84650.0,6791782.16350955,3.479515122050092e-05,51.59999999999794,360.0,204.38212295775048,204.44093139634796
84660.0,6791777.863322505,3.5226898750083075e-05,51.59999999999785,360.0,204.7056875206758,204.76359882702403
84670.0,6791773.563136169,3.565752622113204e-05,51.59999999999787,360.0,205.02924143831729,205.08627711809504
84680.0,6791769.26295057,3.6087019936280656e-05,51.59999999999788,360.0,205.35278512159846,205.40896586392034
84690.0,6791764.962765665,3.6515366233981494e-05,51.59999999999784,360.0,205.6763189630308,205.73166467735115
84700.0,6791760.662581417,3.694255149650142e-05,51.599999999997806,360.0,205.99984333583137,206.05437319051165
84710.0,6791756.362397816,3.73685621336214e-05,51.59999999999778,360.0,206.32335859208897,206.37709105678542
84720.0,6791752.062214817,3.779338460028216e-05,51.59999999999781,360.0,206.64686508054584,206.69981793289122
84730.0,6791747.762032332,3.8217005390540516e-05,51.59999999999775,360.0,206.97036312742614,207.0225534981103
84740.0,6791743.461850406,3.863941102478801e-05,51.59999999999785,360.0,207.2938530361479,207.3452974546254
84750.0,6791739.161668944,3.9060588076763876e-05,51.59999999999789,360.0,207.6173351056033,207.66804950917393
84760.0,6791734.86148793,3.948052315036723e-05,51.59999999999794,360.0,207.94080960734104,207.99080939582964
84770.0,6791730.561307321,3.989920289188348e-05,51.59999999999801,360.0,208.26427681539363,208.31357684630785
84780.0,6791726.261127055,4.03166139884887e-05,51.599999999998076,360.0,208.58773698969236,208.63635160644552
84790.0,6791721.9609471,4.073274316554032e-05,51.59999999999816,360.0,208.91119037656685,208.959133435662
84800.0,6791717.660767437,4.1147577186721355e-05,51.59999999999815,360.0,209.2346372034633,209.28192211238934
84810.0,6791713.360588012,4.156110285979953e-05,51.599999999998104,360.0,209.5580776956568,209.604717417185
84820.0,6791709.060408771,4.197330703880607e-05,51.599999999998246,360.0,209.8815120721932,209.92751913698183
84830.0,6791704.760229644,4.238417661615724e-05,51.5999999999984,360.0,210.20494054134596,210.25032706943233
84840.0,6791700.460050574,4.279369852585195e-05,51.59999999999836,360.0,210.528363297087,210.5731410266151
84850.0,6791696.15987148,4.3201859748815796e-05,51.5999999999984,360.0,210.8517805331487,210.8959608207746
84860.0,6791691.859692352,4.3608647300580276e-05,51.599999999998346,360.0,211.1751924321803,211.21878627535037
84870.0,6791687.55951322,4.401404823804841e-05,51.5999999999984,360.0,211.49859916367907,211.54161722697987
84880.0,6791683.259333856,4.4418049686846746e-05,51.59999999999849,360.0,211.8220009022865,211.86445350718083
84890.0,6791678.959154286,4.4820638792254066e-05,51.59999999999852,360.0,212.14539780511038,212.18729496501192
84900.0,6791674.658974437,4.5221802753012826e-05,51.599999999998495,360.0,212.46879002774028,212.51014145110008
84910.0,6791670.358794243,4.562152881207882e-05,51.5999999999986,360.0,212.7921777242581,212.83299281761987
84920.0,6791666.058613595,4.601980426333776e-05,51.5999999999986,360.0,213.11556104031706,213.1558489252205
84930.0,6791661.758432474,4.641661643866935e-05,51.599999999998694,360.0,213.43894011357858,213.47870964252164
84940.0,6791657.458250778,4.6811952725150646e-05,51.59999999999881,360.0,213.76231507775816,213.80157484218554
84950.0,6791653.158068451,4.72058005466273e-05,51.599999999998666,360.0,214.08568605877758,214.12444440466427
84960.0,6791648.857885345,4.759814738883464e-05,51.599999999998666,360.0,214.40905319060124,214.44731820240312
84970.0,6791644.557701461,4.798898076907481e-05,51.59999999999873,360.0,214.73241658968107,214.77019612541685
84980.0,6791640.25751662,4.837828827002437e-05,51.59999999999864,360.0,215.05577637482241,215.09307806134856
84990.0,6791635.957330753,4.8766057511244025e-05,51.59999999999864,360.0,215.37913265895892,215.41596390375025
85000.0,6791631.65714375,4.9152276165657576e-05,51.59999999999866,360.0,215.70248555553192,215.73885354572835
85010.0,6791627.35695556,4.9536931948327796e-05,51.599999999998644,360.0,216.02583516383262,216.06174689449628
85020.0,6791623.056765943,4.992001264514463e-05,51.599999999998644,360.0,216.3491815981251,216.3846438424107
85030.0,6791618.756574805,5.030150607409705e-05,51.59999999999866,360.0,216.67252495864528,216.7075442958165
85040.0,6791614.456382028,5.06814001096104e-05,51.5999999999987,360.0,216.9958653430274,217.03044816369123
85050.0,6791610.156187408,5.105968268133038e-05,51.59999999999871,360.0,217.31920284786878,217.3533553561016
85060.0,6791605.8559908215,5.1436341764776066e-05,51.59999999999877,360.0,217.64253756730142,217.6762657855429
85070.0,6791601.555792048,5.181136539317576e-05,51.59999999999876,360.0,217.96586959794286,217.99917936209945
85080.0,6791597.2555909185,5.2184741647958555e-05,51.599999999998765,360.0,218.28919902425437,218.32209600802472
85090.0,6791592.955387149,5.255645867529469e-05,51.59999999999871,360.0,218.6125259470301,218.6450156292544
85100.0,6791588.65518047,5.2926504669565186e-05,51.59999999999878,360.0,218.9358504548047,218.96793814395028
85110.0,6791584.354970694,5.329486787040115e-05,51.599999999998715,360.0,219.2591726265001,219.2908634800011
85120.0,6791580.054757323,5.3661536600915754e-05,51.599999999998836,360.0,219.5824925705684,219.61379153570402
85130.0,6791575.754540065,5.4026499218457006e-05,51.599999999998964,360.0,219.9058103715773,219.93672223328687
85140.0,6791571.454318353,5.438974415694104e-05,51.599999999999014,360.0,220.2291261310689,220.25965547799865
85150.0,6791567.1540917,5.475125989489264e-05,51.59999999999894,360.0,220.5524399453325,220.58259118039635
85160.0,6791562.853859346,5.511103499449658e-05,51.599999999999014,360.0,220.87575192895738,220.90552923268277
85170.0,6791558.553620443,5.5469058074381696e-05,51.599999999999,360.0,221.19906219741915,221.22846952626634
85180.0,6791554.253373913,5.582531783052499e-05,51.59999999999903,360.0,221.5223708845363,221.55141193415082
85190.0,6791549.953118434,5.617980303346214e-05,51.599999999999014,360.0,221.84567813837805,221.87435631515788
85200.0,6791545.652852261,5.6532502541332204e-05,51.599999999998836,360.0,222.16898413311358,222.1973025019827
85210.0,6791541.352572881,5.688340533621213e-05,51.599999999999,360.0,222.4922891049063,222.52025026538556
85220.0,6791537.052276892,5.723250051840083e-05,51.59999999999896,360.0,222.8155933429046,222.84319932302822
85230.0,6791532.75195923,5.757977738498837e-05,51.59999999999891,360.0,223.13889726338505,223.16614926559714
85240.0,6791528.451611896,5.7925225522674136e-05,51.59999999999873,360.0,223.46220149887293,223.48909946745283
85250.0,6791524.1512210695,5.8268835030755654e-05,51.59999999999877,360.0,223.78550710210843,223.81204888275366
85260.0,6791519.85075992,5.8610597090427926e-05,51.599999999998786,360.0,224.10881608800048,224.1349955035338
85270.0,6791515.550163611,5.895050593358088e-05,51.59999999999863,360.0,224.43213329883298,224.45793449440376
85280.0,6791511.249183924,5.9288570217247456e-05,51.59999999999854,360.0,224.75547724845188,224.78084734843605
85290.0,6791506.948202679,5.962474976889151e-05,51.599999999998516,360.0,225.07881846568932,225.10376354371212
85300.0,6791502.649041188,5.9958890593069565e-05,51.59999999999845,360.0,225.40202212699995,225.42681791069424
85310.0,6791498.349250781,6.029117342028837e-05,51.59999999999838,360.0,225.72527210379576,225.74982658493929
85320.0,6791494.04931499,6.062155005647974e-05,51.59999999999834,360.0,226.04853182629827,226.07282614307078
85330.0,6791489.749311763,6.0950003945650356e-05,51.59999999999841,360.0,226.37179538539996,226.39582250116547
85340.0,6791485.449268993,6.127652247880196e-05,51.599999999998516,360.0,226.69506067426775,226.71881777295258
85350.0,6791481.149199907,6.160109424375716e-05,51.5999999999984,360.0,227.0183267040336,227.0418129542376
85360.0,6791476.849111688,6.192370835958682e-05,51.599999999998346,360.0,227.34159294902668,227.3648085775562
85370.0,6791472.5490087615,6.224435421848516e-05,51.599999999998325,360.0,227.664859094305,227.68780496478763
85380.0,6791468.2488941355,6.256302138484671e-05,51.599999999998424,360.0,227.98812493387288,228.01080232880082
85390.0,6791463.948769791,6.287969956487293e-05,51.59999999999861,360.0,228.3113903405862,228.33380080364122
85400.0,6791459.648637053,6.319437858036186e-05,51.599999999998644,360.0,228.63465523911802,228.65680047151758
85410.0,6791455.348497033,6.350704832854027e-05,51.599999999998616,360.0,228.95791956760036,228.9798014011358
85420.0,6791451.04835057,6.381769879808087e-05,51.599999999998644,360.0,229.2811832876677,229.30280363778076
85430.0,6791446.748198196,6.412632005657649e-05,51.59999999999867,360.0,229.60444638103303,229.62580720654833
85440.0,6791442.44804046,6.44329022387565e-05,51.599999999998694,360.0,229.9277088284869,229.94881213347264
85450.0,6791438.147877636,6.473743556793143e-05,51.599999999998715,360.0,230.25097063380593,230.27181842164302
85460.0,6791433.847710163,6.503991031391028e-05,51.59999999999871,360.0,230.57423178590724,230.59482608890892
85470.0,6791429.547538141,6.534031684218779e-05,51.59999999999871,360.0,230.89749229980472,230.9178351271051
85480.0,6791425.247361886,6.563864556767539e-05,51.59999999999872,360.0,231.22075217336337,231.24084554514323
85490.0,6791420.947181511,6.593488698440373e-05,51.59999999999883,360.0,231.54401142009561,231.56385733626075
85500.0,6791416.64699712,6.622903165173834e-05,51.59999999999878,360.0,231.86727005138218,231.88687049584254
85510.0,6791412.346808848,6.652107019829334e-05,51.59999999999884,360.0,232.19052808029585,232.2098850175048
85520.0,6791408.046616802,6.681099331886857e-05,51.59999999999884,360.0,232.51378551693074,232.53290089790917
85530.0,6791403.7464210205,6.709879177842181e-05,51.599999999998815,360.0,232.83704237872263,232.85591812630392
85540.0,6791399.446221503,6.73844564157037e-05,51.599999999998836,360.0,233.16029868574546,233.17893668929023
85550.0,6791395.146018439,6.766797812251576e-05,51.59999999999891,360.0,233.48355444181456,233.50195658971018
85560.0,6791390.84581173,6.794934787960176e-05,51.59999999999887,360.0,233.80680967380152,233.82497780733289
85570.0,6791386.545601516,6.822855671701775e-05,51.599999999998886,360.0,234.13006438870508,234.14800034174243
85580.0,6791382.245387759,6.850559574991943e-05,51.599999999999014,360.0,234.45331860884525,234.47102417723016
85590.0,6791377.945170464,6.87804561536667e-05,51.59999999999892,360.0,234.77657234951002,234.79404930504384
85600.0,6791373.644949669,6.905312917365562e-05,51.59999999999891,360.0,235.09982562519474,235.1170757172593
85610.0,6791369.344725379,6.932360612892583e-05,51.59999999999893,360.0,235.4230784537439,235.44010340253195
85620.0,6791365.044497572,6.95918784072537e-05,51.59999999999891,360.0,235.74633085360463,235.76313234885944
85630.0,6791360.7442662185,6.98579374682656e-05,51.599999999998936,360.0,236.06958283957107,236.08616254794043
85640.0,6791356.444031378,7.012177483379583e-05,51.599999999998836,360.0,236.3928344258257,236.40919399201067
85650.0,6791352.143793038,7.038338210653827e-05,51.59999999999881,360.0,236.71608562914884,236.7322266706756
85660.0,6791347.843551163,7.064275095695726e-05,51.599999999998744,360.0,237.0393364667751,237.0552605730763
85670.0,6791343.543305739,7.089987312637593e-05,51.599999999998694,360.0,237.36258695368636,237.37829569057362
85680.0,6791339.24305677,7.115474042819492e-05,51.599999999998694,360.0,237.68583710546824,237.7013320138609
85690.0,6791334.942804262,7.140734473951405e-05,51.59999999999866,360.0,238.00908693466133,238.02436953670207
85700.0,6791330.642548135,7.165767802154139e-05,51.599999999998644,360.0,238.33233646157376,238.3474082450035
85710.0,6791326.342288403,7.190573230282473e-05,51.59999999999863,360.0,238.65558569979078,238.67044813139395
85720.0,6791322.042025049,7.215149968306835e-05,51.59999999999855,360.0,238.97883466229155,238.9934891890668
85730.0,6791317.741758046,7.239497233738022e-05,51.59999999999854,360.0,239.30208336567793,239.31653140754693
85740.0,6791313.441487412,7.263614251048138e-05,51.59999999999856,360.0,239.62533182151986,239.6395747813366
85750.0,6791309.141213103,7.287500252020291e-05,51.59999999999852,360.0,239.94858004561888,239.96261930074363
85760.0,6791304.84093507,7.311154476273095e-05,51.59999999999845,360.0,240.27182805366843,240.285664956066
85770.0,6791300.540653349,7.334576170080806e-05,51.599999999998495,360.0,240.59507585549153,240.6087117434778
85780.0,6791296.240367858,7.357764588150022e-05,51.5999999999987,360.0,240.91832346835514,240.93175965161885
85790.0,6791291.940078598,7.380718991339358e-05,51.59999999999873,360.0,241.24157090532083,241.25480867337706
85800.0,6791287.639785551,7.403438648838211e-05,51.59999999999877,360.0,241.56481817759112,241.57785880337633
85810.0,6791283.339488638,7.425922837159432e-05,51.59999999999871,360.0,241.88806530403173,241.90091002858642
85820.0,6791279.039187988,7.448170839242142e-05,51.59999999999864,360.0,242.21131228505865,242.22396235435286
85830.0,6791274.738883434,7.470181947282306e-05,51.59999999999864,360.0,242.53455914464257,242.54701576246237
85840.0,6791270.4385750275,7.491955459997439e-05,51.599999999998715,360.0,242.85780588810502,242.8700702532446
85850.0,6791266.138262699,7.513490683531591e-05,51.59999999999852,360.0,243.1810525323006,243.19312581552796
85860.0,6791261.837946497,7.534786931604734e-05,51.59999999999845,360.0,243.50429908414557,243.51618244796833
85870.0,6791257.53762636,7.55584352649038e-05,51.599999999998495,360.0,243.8275455586057,243.8392401411488
85880.0,6791253.237302278,7.57665979693838e-05,51.59999999999846,360.0,244.15079196536564,244.1622988909184
85890.0,6791248.936974222,7.597235079584114e-05,51.59999999999848,360.0,244.4740383178432,244.48535868930875
85900.0,6791244.63664216,7.617568719228313e-05,51.59999999999846,360.0,244.79728462576486,244.8084195320231
85910.0,6791240.336306105,7.637660068003933e-05,51.59999999999841,360.0,245.12053089957678,245.13148141392995
85920.0,6791236.035965996,7.657508485609602e-05,51.59999999999847,360.0,245.44377715155582,245.45454432808546
85930.0,6791231.735621871,7.677113339608307e-05,51.5999999999984,360.0,245.7670233889565,245.77760827247968
85940.0,6791227.435273669,7.696474005441924e-05,51.5999999999984,360.0,246.0902696248218,246.10067323929144
85950.0,6791223.134921437,7.715589865555914e-05,51.5999999999984,360.0,246.41351586433225,246.4237392284773
85960.0,6791218.8345651245,7.734460311093948e-05,51.59999999999828,360.0,246.73676212265957,246.74680623000816
85970.0,6791214.534204693,7.75308474050191e-05,51.59999999999816,360.0,247.06000840912924,247.06987423958117
85980.0,6791210.23384016,7.771462560126893e-05,51.599999999998225,360.0,247.38325473061806,247.39294325536383
85990.0,6791205.933471556,7.789593184310665e-05,51.59999999999828,360.0,247.7065010933332,247.7160132760433
86000.0,6791201.6330987755,7.807476035599037e-05,51.59999999999828,360.0,248.02974751262596,248.03908429117237
86010.0,6791197.332721883,7.825110543349179e-05,51.599999999998246,360.0,248.35299399304466,248.3621563010251
86020.0,6791193.032340858,7.842496145605872e-05,51.59999999999828,360.0,248.67624054386883,248.68522930113573
86030.0,6791188.731955663,7.859632288511181e-05,51.59999999999843,360.0,248.99948717427523,249.00830328700812
86040.0,6791184.431566322,7.876518425217814e-05,51.59999999999845,360.0,249.32273389190485,249.33137825566502
86050.0,6791180.13117286,7.893154017458564e-05,51.59999999999841,360.0,249.64598070211918,249.65445420637377
86060.0,6791175.830775257,7.909538534547616e-05,51.599999999998424,360.0,249.96922761482492,249.97753113376467
86070.0,6791171.5303734895,7.925671454456746e-05,51.59999999999847,360.0,250.29247463738633,250.30060903497517
86080.0,6791167.2299675355,7.941552262816823e-05,51.59999999999852,360.0,250.61572177826852,250.6236879059124
86090.0,6791162.929557421,7.957180453216389e-05,51.59999999999858,360.0,250.9389690438691,250.94676774461078
86100.0,6791158.629143237,7.972555526274565e-05,51.599999999998595,360.0,251.26221643502964,251.2698485545002
86110.0,6791154.328724848,7.987676992605454e-05,51.599999999998644,360.0,251.5854639682154,251.59293032339093
86120.0,6791150.028302341,8.002544369639676e-05,51.599999999998545,360.0,251.90871164509528,251.916013053793
86130.0,6791145.727875757,8.017157183137796e-05,51.59999999999859,360.0,252.23195946536785,252.2390967501094
86140.0,6791141.427445095,8.031514966162135e-05,51.59999999999848,360.0,252.55520744074138,252.56218140467644
86150.0,6791137.127010351,8.0456172614633e-05,51.59999999999848,360.0,252.87845557539845,252.88526701733406
86160.0,6791132.826571566,8.059463618775286e-05,51.59999999999849,360.0,253.20170387343498,253.2083535878842
86170.0,6791128.526128772,8.073053596614815e-05,51.59999999999848,360.0,253.52495233938794,253.53144111566738
86180.0,6791124.22568202,8.086386760306617e-05,51.59999999999844,360.0,253.8482009746254,253.8545296031205
86190.0,6791119.925231291,8.099462685135974e-05,51.59999999999843,360.0,254.171449787714,254.17761904543255
86200.0,6791115.624776646,8.112280953341943e-05,51.59999999999834,360.0,254.49469878188904,254.5007094430069
86210.0,6791111.32431808,8.124841156401745e-05,51.59999999999828,360.0,254.8179479608893,254.82380079573375
86220.0,6791107.023855693,8.137142892775263e-05,51.59999999999817,360.0,255.14119732558726,255.14689310626528
86230.0,6791102.723389527,8.149185769921906e-05,51.59999999999823,360.0,255.46444687561996,255.46998637842722
86240.0,6791098.422919651,8.160969402932572e-05,51.5999999999983,360.0,255.78769661573256,255.79308061088796
86250.0,6791094.122446161,8.172493415525232e-05,51.59999999999848,360.0,256.1109465431788,256.116175809718
86260.0,6791089.821969087,8.183757439778405e-05,51.59999999999847,360.0,256.43419666082076,256.43927197530707
86270.0,6791085.521488469,8.194761115930873e-05,51.5999999999983,360.0,256.7574469729188,256.7623691066021
86280.0,6791081.221004361,8.205504092468425e-05,51.59999999999845,360.0,257.0806974810991,257.0854672051176
86290.0,6791076.920516968,8.215986025707377e-05,51.59999999999834,360.0,257.40394817548406,257.4085662837687
86300.0,6791072.620026381,8.226206580976333e-05,51.59999999999845,360.0,257.72719905348185,257.7316663481191
86310.0,6791068.319532688,8.236165431137211e-05,51.599999999998346,360.0,258.05045011739855,258.05476739878867
86320.0,6791064.019035985,8.245862258326745e-05,51.59999999999827,360.0,258.3737013637919,258.3778694420743
86330.0,6791059.71853644,8.255296752271832e-05,51.599999999998104,360.0,258.6969527845443,258.7009724888643
86340.0,6791055.418034145,8.264468611438757e-05,51.59999999999801,360.0,259.02020437782875,259.0240765436773
86350.0,6791051.117529351,8.273377542284995e-05,51.599999999998026,360.0,259.3434561313716,259.34718162141036
86360.0,6791046.817022169,8.28202325977425e-05,51.599999999998026,360.0,259.66670804285656,259.670287726967
86370.0,6791042.516512865,8.29040548706415e-05,51.59999999999789,360.0,259.9899600975997,259.9933948774639
86380.0,6791038.216001613,8.298523955909083e-05,51.59999999999798,360.0,260.31321228670834,260.31650308425554
86390.0,6791033.915488797,8.306378405969514e-05,51.59999999999796,360.0,260.6364645896027,260.639612370201
86400.0,6791029.61504406,8.313968465749227e-05,51.599999999997806,360.0,260.9597117733644,260.9627279705423
